product,family,direction,delivery_start_utc,delivery_end_utc,window_hours,contracted_mw,clearing_price_gbp_per_mw_per_hour,energy_guard_hours,bm_required,raw_forecast_price_gbp_per_mw_per_hour,prior_same_window_price_gbp_per_mw_per_hour,capacity_selection_acceptance_prior,standalone_wholesale_opportunity_cost_gbp,opportunity_cost_bid_gbp_per_mw_per_hour,predicted_acceptance_ratio_at_bid_time,acceptance_lookup_level,acceptance_lookup_orders,opportunity_cost_bid_feasible,realised_clearing_price_gbp_per_mw_per_hour,realised_system_cleared_volume_mw,price_eligible_after_auction,acceptance_calibrated_expected_accepted_mw,acceptance_calibrated_availability_payment_gbp,settlement_date,scenario
PSR,Slow Reserve,upward,2026-04-30 23:00:00+00:00,2026-04-30T23:30:00+00:00,0.5,25.0,1.0082928659353234,1.0,False,1.860796208393929,2.46,0.5418609847693051,0.0,0.0,0.55535754449506,standalone_parent:product_margin_quantity,40443,True,1.79,1797,True,13.8839386123765,12.426125058076968,2026-05-01,non_bm
PSR,Slow Reserve,upward,2026-04-30 23:30:00+00:00,2026-05-01T00:00:00+00:00,0.5,25.0,1.0181365643370737,1.0,False,1.8789626730009743,2.46,0.5418609847693051,0.0,0.0,0.55535754449506,standalone_parent:product_margin_quantity,40443,True,1.79,1797,True,13.8839386123765,12.426125058076968,2026-05-01,non_bm
PSR,Slow Reserve,upward,2026-05-01 00:00:00+00:00,2026-05-01T00:30:00+00:00,0.5,25.0,0.9089031113560287,1.0,False,1.6773732320716728,1.92,0.5418609847693051,0.0,0.0,0.651420115892579,standalone_parent:product_margin_quantity,11247,True,10.49,1800,True,16.285502897314473,85.4174626964144,2026-05-01,non_bm
PSR,Slow Reserve,upward,2026-05-01 00:30:00+00:00,2026-05-01T01:00:00+00:00,0.5,25.0,1.261469136727846,1.0,False,2.3280309381656457,1.92,0.5418609847693051,0.0,0.0,0.651420115892579,standalone_parent:product_margin_quantity,11247,True,0.77,1817,True,16.285502897314473,6.269918615466072,2026-05-01,non_bm
PSR,Slow Reserve,upward,2026-05-01 01:00:00+00:00,2026-05-01T01:30:00+00:00,0.5,25.0,1.2547561880490694,1.0,False,2.3156422464763287,1.92,0.5418609847693051,0.0,0.0,0.651420115892579,standalone_parent:product_margin_quantity,11247,True,0.77,1817,True,16.285502897314473,6.269918615466072,2026-05-01,non_bm
PSR,Slow Reserve,upward,2026-05-01 01:30:00+00:00,2026-05-01T02:00:00+00:00,0.5,25.0,1.2862398643705972,1.0,False,2.3737451127215,1.92,0.5418609847693051,0.0,0.0,0.651420115892579,standalone_parent:product_margin_quantity,11247,True,0.77,1817,True,16.285502897314473,6.269918615466072,2026-05-01,non_bm
DRL,Dynamic Regulation,upward,2026-05-01 02:00:00+00:00,2026-05-01T06:00:00+00:00,4.0,25.0,4.208935681671559,1.0,False,14.274210776668934,14.0,0.294862934807648,185.7114721989824,1.857114721989824,0.4781843929077178,standalone_parent:product_margin_quantity,466,True,16.3,480,True,11.954609822692944,779.44056043958,2026-05-01,non_bm
NQR,Quick Reserve,downward,2026-05-01 06:00:00+00:00,2026-05-01T06:30:00+00:00,0.5,25.0,0.0711644038857405,1.0,False,0.8094755778543454,0.0,0.0879142074605562,0.0,0.0,0.4126759714306841,standalone_parent:product_margin_quantity,707,True,0.45,300,True,10.316899285767102,2.3213023392975978,2026-05-01,non_bm
NQR,Quick Reserve,downward,2026-05-01 06:30:00+00:00,2026-05-01T07:00:00+00:00,0.5,25.0,0.0788432067152541,1.0,False,0.8968198541814537,0.0,0.0879142074605562,0.0,0.0,0.4126759714306841,standalone_parent:product_margin_quantity,707,True,0.0,344,True,10.316899285767102,0.0,2026-05-01,non_bm
NQR,Quick Reserve,downward,2026-05-01 07:00:00+00:00,2026-05-01T07:30:00+00:00,0.5,25.0,0.0481394773907214,1.0,False,0.5475733534004705,0.0,0.0879142074605562,0.0,0.0,0.4126759714306841,standalone_parent:product_margin_quantity,707,True,0.0,350,True,10.316899285767102,0.0,2026-05-01,non_bm
NQR,Quick Reserve,downward,2026-05-01 07:30:00+00:00,2026-05-01T08:00:00+00:00,0.5,25.0,0.0474079096778828,1.0,False,0.5392519712943205,0.0,0.0879142074605562,0.0,0.0,0.4126759714306841,standalone_parent:product_margin_quantity,707,True,0.0,350,True,10.316899285767102,0.0,2026-05-01,non_bm
PQR,Quick Reserve,upward,2026-05-01 08:00:00+00:00,2026-05-01T08:30:00+00:00,0.5,25.0,2.0497990449618,1.0,False,8.866113460115113,9.09,0.2311947680551323,0.0,0.0,0.5989761163562776,standalone_parent:product_margin_quantity,1552,True,5.71,498,True,14.97440290890694,42.75192030492931,2026-05-01,non_bm
NQR,Quick Reserve,downward,2026-05-01 08:30:00+00:00,2026-05-01T09:00:00+00:00,0.5,1.0,0.0711248220650943,1.0,False,0.8090253454995356,0.0,0.0879142074605562,0.0,0.0,0.3772274695177137,standalone_parent:product_margin,1250,True,1.2,300,True,0.3772274695177137,0.2263364817106282,2026-05-01,non_bm
PQR,Quick Reserve,upward,2026-05-01 08:30:00+00:00,2026-05-01T09:00:00+00:00,0.5,24.0,1.824567779738918,1.0,False,7.8919077411986205,6.73,0.2311947680551323,0.0,0.0,0.5989761163562776,standalone_parent:product_margin_quantity,1552,True,4.32,486,True,14.375426792550662,31.050921871909438,2026-05-01,non_bm
PQR,Quick Reserve,upward,2026-05-01 09:00:00+00:00,2026-05-01T09:30:00+00:00,0.5,25.0,1.7111220344006188,1.0,False,7.401214347517469,9.0,0.2311947680551323,0.923205905603936,0.0738564724483148,0.5989761163562776,standalone_parent:product_margin_quantity,1552,True,1.27,500,True,14.97440290890694,9.508745847155906,2026-05-01,non_bm
PQR,Quick Reserve,upward,2026-05-01 09:30:00+00:00,2026-05-01T10:00:00+00:00,0.5,25.0,1.5758284847859976,1.0,False,6.816021392016166,7.89,0.2311947680551323,0.0,0.0,0.5989761163562776,standalone_parent:product_margin_quantity,1552,True,1.27,500,True,14.97440290890694,9.508745847155906,2026-05-01,non_bm
DRL,Dynamic Regulation,upward,2026-05-01 10:00:00+00:00,2026-05-01T14:00:00+00:00,4.0,25.0,3.0622111336688573,1.0,False,10.385201977544147,2.6,0.294862934807648,0.0,0.0,0.2332019370971083,standalone_parent:product_margin_quantity,129,True,21.51,480,True,5.83004842742771,501.6173666958802,2026-05-01,non_bm
DRL,Dynamic Regulation,upward,2026-05-01 14:00:00+00:00,2026-05-01T18:00:00+00:00,4.0,25.0,4.733768667327237,1.0,False,16.054132644427764,19.25,0.294862934807648,121.45584722835702,1.21455847228357,0.4781843929077178,standalone_parent:product_margin_quantity,466,True,17.98,480,True,11.954609822692944,859.7755384480765,2026-05-01,non_bm
NQR,Quick Reserve,downward,2026-05-01 18:00:00+00:00,2026-05-01T18:30:00+00:00,0.5,20.0,0.1575642838655865,1.0,False,1.7922505180551114,3.83,0.0879142074605562,0.0,0.0,0.313575299926706,standalone_parent:product_margin_quantity,318,True,0.29,300,True,6.271505998534121,0.9093683697874474,2026-05-01,non_bm
NQR,Quick Reserve,downward,2026-05-01 18:30:00+00:00,2026-05-01T19:00:00+00:00,0.5,25.0,0.1331203317812555,1.0,False,1.5142072666807758,1.19,0.0879142074605562,0.0,0.0,0.3660242464560623,standalone_parent:product_margin_quantity,268,True,1.0,300,True,9.150606161401557,4.575303080700778,2026-05-01,non_bm
NQR,Quick Reserve,downward,2026-05-01 19:00:00+00:00,2026-05-01T19:30:00+00:00,0.5,25.0,0.1097451773150865,1.0,False,1.2483212951026716,1.19,0.0879142074605562,0.0,0.0,0.3660242464560623,standalone_parent:product_margin_quantity,268,True,1.0,300,True,9.150606161401557,4.575303080700778,2026-05-01,non_bm
NQR,Quick Reserve,downward,2026-05-01 19:30:00+00:00,2026-05-01T20:00:00+00:00,0.5,25.0,0.0877687710207765,1.0,False,0.9983457003824436,1.19,0.0879142074605562,0.0,0.0,0.3660242464560623,standalone_parent:product_margin_quantity,268,True,0.0,300,True,9.150606161401557,0.0,2026-05-01,non_bm
NQR,Quick Reserve,downward,2026-05-01 20:00:00+00:00,2026-05-01T20:30:00+00:00,0.5,25.0,0.1065949805399672,1.0,False,1.2124886707053844,1.93,0.0879142074605562,0.0,0.0,0.3660242464560623,standalone_parent:product_margin_quantity,268,True,1.0,300,True,9.150606161401557,4.575303080700778,2026-05-01,non_bm
NQR,Quick Reserve,downward,2026-05-01 20:30:00+00:00,2026-05-01T21:00:00+00:00,0.5,12.0,0.0985288378624574,1.0,False,1.1207385098325946,1.93,0.0879142074605562,0.0,0.0,0.3660242464560623,standalone_parent:product_margin_quantity,268,True,0.5,300,True,4.392290957472747,1.0980727393681868,2026-05-01,non_bm
PSR,Slow Reserve,upward,2026-05-01 20:30:00+00:00,2026-05-01T21:00:00+00:00,0.5,12.0,2.631180063148679,1.0,False,4.855821210801682,4.92,0.5418609847693051,0.0,0.0,0.55535754449506,standalone_parent:product_margin_quantity,40443,True,4.91,1797,True,6.66429053394072,16.360833260824467,2026-05-01,non_bm
PSR,Slow Reserve,upward,2026-05-01 21:00:00+00:00,2026-05-01T21:30:00+00:00,0.5,25.0,2.6308192332061275,1.0,False,4.855155302104261,4.92,0.5418609847693051,0.0,0.0,0.55535754449506,standalone_parent:product_margin_quantity,40443,True,4.91,1797,True,13.8839386123765,34.08506929338431,2026-05-01,non_bm
PSR,Slow Reserve,upward,2026-05-01 21:30:00+00:00,2026-05-01T22:00:00+00:00,0.5,25.0,2.6327483524558257,1.0,False,4.858715475846091,4.92,0.5418609847693051,0.0,0.0,0.55535754449506,standalone_parent:product_margin_quantity,40443,True,4.91,1797,True,13.8839386123765,34.08506929338431,2026-05-01,non_bm
PSR,Slow Reserve,upward,2026-05-01 22:00:00+00:00,2026-05-01T22:30:00+00:00,0.5,25.0,2.2348884976721286,1.0,False,4.12446837932726,2.27,0.5418609847693051,0.0,0.0,0.55535754449506,standalone_parent:product_margin_quantity,40443,True,12.4,1786,True,13.8839386123765,86.0804193967343,2026-05-01,non_bm
PSR,Slow Reserve,upward,2026-05-01 22:30:00+00:00,2026-05-01T23:00:00+00:00,0.5,25.0,1.59637311906733,1.0,False,2.946093488806873,1.79,0.5418609847693051,0.0,0.0,0.651420115892579,standalone_parent:product_margin_quantity,11247,True,0.23,1806,True,16.285502897314473,1.8728328331911643,2026-05-01,non_bm
PSR,Slow Reserve,upward,2026-04-30 23:00:00+00:00,2026-04-30T23:30:00+00:00,0.5,25.0,1.0082928659353234,1.0,False,1.860796208393929,2.46,0.5418609847693051,0.0,0.0,0.55535754449506,standalone_parent:product_margin_quantity,40443,True,1.79,1797,True,13.8839386123765,12.426125058076968,2026-05-01,bm_eligible
PSR,Slow Reserve,upward,2026-04-30 23:30:00+00:00,2026-05-01T00:00:00+00:00,0.5,25.0,1.0181365643370737,1.0,False,1.8789626730009743,2.46,0.5418609847693051,0.0,0.0,0.55535754449506,standalone_parent:product_margin_quantity,40443,True,1.79,1797,True,13.8839386123765,12.426125058076968,2026-05-01,bm_eligible
PSR,Slow Reserve,upward,2026-05-01 00:00:00+00:00,2026-05-01T00:30:00+00:00,0.5,25.0,0.9089031113560287,1.0,False,1.6773732320716728,1.92,0.5418609847693051,0.0,0.0,0.651420115892579,standalone_parent:product_margin_quantity,11247,True,10.49,1800,True,16.285502897314473,85.4174626964144,2026-05-01,bm_eligible
PSR,Slow Reserve,upward,2026-05-01 00:30:00+00:00,2026-05-01T01:00:00+00:00,0.5,25.0,1.261469136727846,1.0,False,2.3280309381656457,1.92,0.5418609847693051,0.0,0.0,0.651420115892579,standalone_parent:product_margin_quantity,11247,True,0.77,1817,True,16.285502897314473,6.269918615466072,2026-05-01,bm_eligible
PSR,Slow Reserve,upward,2026-05-01 01:00:00+00:00,2026-05-01T01:30:00+00:00,0.5,25.0,1.2547561880490694,1.0,False,2.3156422464763287,1.92,0.5418609847693051,0.0,0.0,0.651420115892579,standalone_parent:product_margin_quantity,11247,True,0.77,1817,True,16.285502897314473,6.269918615466072,2026-05-01,bm_eligible
PSR,Slow Reserve,upward,2026-05-01 01:30:00+00:00,2026-05-01T02:00:00+00:00,0.5,25.0,1.2862398643705972,1.0,False,2.3737451127215,1.92,0.5418609847693051,0.0,0.0,0.651420115892579,standalone_parent:product_margin_quantity,11247,True,0.77,1817,True,16.285502897314473,6.269918615466072,2026-05-01,bm_eligible
DRL,Dynamic Regulation,upward,2026-05-01 02:00:00+00:00,2026-05-01T06:00:00+00:00,4.0,25.0,4.208935681671559,1.0,False,14.274210776668934,14.0,0.294862934807648,185.7114721989824,1.857114721989824,0.4781843929077178,standalone_parent:product_margin_quantity,466,True,16.3,480,True,11.954609822692944,779.44056043958,2026-05-01,bm_eligible
NQR,Quick Reserve,downward,2026-05-01 06:00:00+00:00,2026-05-01T06:30:00+00:00,0.5,25.0,0.0711644038857405,1.0,False,0.8094755778543454,0.0,0.0879142074605562,0.0,0.0,0.4126759714306841,standalone_parent:product_margin_quantity,707,True,0.45,300,True,10.316899285767102,2.3213023392975978,2026-05-01,bm_eligible
NQR,Quick Reserve,downward,2026-05-01 06:30:00+00:00,2026-05-01T07:00:00+00:00,0.5,25.0,0.0788432067152541,1.0,False,0.8968198541814537,0.0,0.0879142074605562,0.0,0.0,0.4126759714306841,standalone_parent:product_margin_quantity,707,True,0.0,344,True,10.316899285767102,0.0,2026-05-01,bm_eligible
NQR,Quick Reserve,downward,2026-05-01 07:00:00+00:00,2026-05-01T07:30:00+00:00,0.5,25.0,0.0481394773907214,1.0,False,0.5475733534004705,0.0,0.0879142074605562,0.0,0.0,0.4126759714306841,standalone_parent:product_margin_quantity,707,True,0.0,350,True,10.316899285767102,0.0,2026-05-01,bm_eligible
NQR,Quick Reserve,downward,2026-05-01 07:30:00+00:00,2026-05-01T08:00:00+00:00,0.5,25.0,0.0474079096778828,1.0,False,0.5392519712943205,0.0,0.0879142074605562,0.0,0.0,0.4126759714306841,standalone_parent:product_margin_quantity,707,True,0.0,350,True,10.316899285767102,0.0,2026-05-01,bm_eligible
PQR,Quick Reserve,upward,2026-05-01 08:00:00+00:00,2026-05-01T08:30:00+00:00,0.5,25.0,2.0497990449618,1.0,False,8.866113460115113,9.09,0.2311947680551323,0.0,0.0,0.5989761163562776,standalone_parent:product_margin_quantity,1552,True,5.71,498,True,14.97440290890694,42.75192030492931,2026-05-01,bm_eligible
NQR,Quick Reserve,downward,2026-05-01 08:30:00+00:00,2026-05-01T09:00:00+00:00,0.5,1.0,0.0711248220650943,1.0,False,0.8090253454995356,0.0,0.0879142074605562,0.0,0.0,0.3772274695177137,standalone_parent:product_margin,1250,True,1.2,300,True,0.3772274695177137,0.2263364817106282,2026-05-01,bm_eligible
PQR,Quick Reserve,upward,2026-05-01 08:30:00+00:00,2026-05-01T09:00:00+00:00,0.5,24.0,1.824567779738918,1.0,False,7.8919077411986205,6.73,0.2311947680551323,0.0,0.0,0.5989761163562776,standalone_parent:product_margin_quantity,1552,True,4.32,486,True,14.375426792550662,31.050921871909438,2026-05-01,bm_eligible
PQR,Quick Reserve,upward,2026-05-01 09:00:00+00:00,2026-05-01T09:30:00+00:00,0.5,25.0,1.7111220344006188,1.0,False,7.401214347517469,9.0,0.2311947680551323,0.923205905603936,0.0738564724483148,0.5989761163562776,standalone_parent:product_margin_quantity,1552,True,1.27,500,True,14.97440290890694,9.508745847155906,2026-05-01,bm_eligible
PQR,Quick Reserve,upward,2026-05-01 09:30:00+00:00,2026-05-01T10:00:00+00:00,0.5,25.0,1.5758284847859976,1.0,False,6.816021392016166,7.89,0.2311947680551323,0.0,0.0,0.5989761163562776,standalone_parent:product_margin_quantity,1552,True,1.27,500,True,14.97440290890694,9.508745847155906,2026-05-01,bm_eligible
DRL,Dynamic Regulation,upward,2026-05-01 10:00:00+00:00,2026-05-01T14:00:00+00:00,4.0,25.0,3.0622111336688573,1.0,False,10.385201977544147,2.6,0.294862934807648,0.0,0.0,0.2332019370971083,standalone_parent:product_margin_quantity,129,True,21.51,480,True,5.83004842742771,501.6173666958802,2026-05-01,bm_eligible
DRL,Dynamic Regulation,upward,2026-05-01 14:00:00+00:00,2026-05-01T18:00:00+00:00,4.0,25.0,4.733768667327237,1.0,False,16.054132644427764,19.25,0.294862934807648,121.45584722835702,1.21455847228357,0.4781843929077178,standalone_parent:product_margin_quantity,466,True,17.98,480,True,11.954609822692944,859.7755384480765,2026-05-01,bm_eligible
NQR,Quick Reserve,downward,2026-05-01 18:00:00+00:00,2026-05-01T18:30:00+00:00,0.5,20.0,0.1575642838655865,1.0,False,1.7922505180551114,3.83,0.0879142074605562,0.0,0.0,0.313575299926706,standalone_parent:product_margin_quantity,318,True,0.29,300,True,6.271505998534121,0.9093683697874474,2026-05-01,bm_eligible
NQR,Quick Reserve,downward,2026-05-01 18:30:00+00:00,2026-05-01T19:00:00+00:00,0.5,25.0,0.1331203317812555,1.0,False,1.5142072666807758,1.19,0.0879142074605562,0.0,0.0,0.3660242464560623,standalone_parent:product_margin_quantity,268,True,1.0,300,True,9.150606161401557,4.575303080700778,2026-05-01,bm_eligible
NQR,Quick Reserve,downward,2026-05-01 19:00:00+00:00,2026-05-01T19:30:00+00:00,0.5,25.0,0.1097451773150865,1.0,False,1.2483212951026716,1.19,0.0879142074605562,0.0,0.0,0.3660242464560623,standalone_parent:product_margin_quantity,268,True,1.0,300,True,9.150606161401557,4.575303080700778,2026-05-01,bm_eligible
NQR,Quick Reserve,downward,2026-05-01 19:30:00+00:00,2026-05-01T20:00:00+00:00,0.5,25.0,0.0877687710207765,1.0,False,0.9983457003824436,1.19,0.0879142074605562,0.0,0.0,0.3660242464560623,standalone_parent:product_margin_quantity,268,True,0.0,300,True,9.150606161401557,0.0,2026-05-01,bm_eligible
NQR,Quick Reserve,downward,2026-05-01 20:00:00+00:00,2026-05-01T20:30:00+00:00,0.5,25.0,0.1065949805399672,1.0,False,1.2124886707053844,1.93,0.0879142074605562,0.0,0.0,0.3660242464560623,standalone_parent:product_margin_quantity,268,True,1.0,300,True,9.150606161401557,4.575303080700778,2026-05-01,bm_eligible
NQR,Quick Reserve,downward,2026-05-01 20:30:00+00:00,2026-05-01T21:00:00+00:00,0.5,12.0,0.0985288378624574,1.0,False,1.1207385098325946,1.93,0.0879142074605562,0.0,0.0,0.3660242464560623,standalone_parent:product_margin_quantity,268,True,0.5,300,True,4.392290957472747,1.0980727393681868,2026-05-01,bm_eligible
PSR,Slow Reserve,upward,2026-05-01 20:30:00+00:00,2026-05-01T21:00:00+00:00,0.5,12.0,2.631180063148679,1.0,False,4.855821210801682,4.92,0.5418609847693051,0.0,0.0,0.55535754449506,standalone_parent:product_margin_quantity,40443,True,4.91,1797,True,6.66429053394072,16.360833260824467,2026-05-01,bm_eligible
PSR,Slow Reserve,upward,2026-05-01 21:00:00+00:00,2026-05-01T21:30:00+00:00,0.5,25.0,2.6308192332061275,1.0,False,4.855155302104261,4.92,0.5418609847693051,0.0,0.0,0.55535754449506,standalone_parent:product_margin_quantity,40443,True,4.91,1797,True,13.8839386123765,34.08506929338431,2026-05-01,bm_eligible
PSR,Slow Reserve,upward,2026-05-01 21:30:00+00:00,2026-05-01T22:00:00+00:00,0.5,25.0,2.6327483524558257,1.0,False,4.858715475846091,4.92,0.5418609847693051,0.0,0.0,0.55535754449506,standalone_parent:product_margin_quantity,40443,True,4.91,1797,True,13.8839386123765,34.08506929338431,2026-05-01,bm_eligible
PSR,Slow Reserve,upward,2026-05-01 22:00:00+00:00,2026-05-01T22:30:00+00:00,0.5,25.0,2.2348884976721286,1.0,False,4.12446837932726,2.27,0.5418609847693051,0.0,0.0,0.55535754449506,standalone_parent:product_margin_quantity,40443,True,12.4,1786,True,13.8839386123765,86.0804193967343,2026-05-01,bm_eligible
PSR,Slow Reserve,upward,2026-05-01 22:30:00+00:00,2026-05-01T23:00:00+00:00,0.5,25.0,1.59637311906733,1.0,False,2.946093488806873,1.79,0.5418609847693051,0.0,0.0,0.651420115892579,standalone_parent:product_margin_quantity,11247,True,0.23,1806,True,16.285502897314473,1.8728328331911643,2026-05-01,bm_eligible
PSR,Slow Reserve,upward,2026-05-01 23:00:00+00:00,2026-05-01T23:30:00+00:00,0.5,25.0,1.520496666775614,1.0,False,2.8060641188679765,1.79,0.5418609847693051,0.0,0.0,0.651420115892579,standalone_parent:product_margin_quantity,11247,True,0.23,1806,True,16.285502897314473,1.8728328331911643,2026-05-02,non_bm
PSR,Slow Reserve,upward,2026-05-01 23:30:00+00:00,2026-05-02T00:00:00+00:00,0.5,25.0,1.5285603123438347,1.0,False,2.820945510580749,1.79,0.5418609847693051,0.0,0.0,0.651420115892579,standalone_parent:product_margin_quantity,11247,True,0.23,1806,True,16.285502897314473,1.8728328331911643,2026-05-02,non_bm
PSR,Slow Reserve,upward,2026-05-02 00:00:00+00:00,2026-05-02T00:30:00+00:00,0.5,25.0,1.289612459119054,1.0,False,2.3799692086487845,10.49,0.5418609847693051,0.0,0.0,0.6255222176279748,standalone_parent:product_margin_quantity,1325,True,1.0,1800,True,15.63805544069937,7.819027720349685,2026-05-02,non_bm
PSR,Slow Reserve,upward,2026-05-02 00:30:00+00:00,2026-05-02T01:00:00+00:00,0.5,25.0,2.3233084409967235,1.0,False,4.287646659015064,0.77,0.5418609847693051,0.0,0.0,0.6641209477482147,standalone_parent:product_margin_quantity,5151,True,1.0,1800,True,16.603023693705367,8.301511846852684,2026-05-02,non_bm
PSR,Slow Reserve,upward,2026-05-02 01:00:00+00:00,2026-05-02T01:30:00+00:00,0.5,25.0,2.3133565456074368,1.0,False,4.26928051775556,0.77,0.5418609847693051,0.0,0.0,0.6641209477482147,standalone_parent:product_margin_quantity,5151,True,1.0,1800,True,16.603023693705367,8.301511846852684,2026-05-02,non_bm
PSR,Slow Reserve,upward,2026-05-02 01:30:00+00:00,2026-05-02T02:00:00+00:00,0.5,25.0,2.343166595883433,1.0,False,4.324294720870198,0.77,0.5418609847693051,0.0,0.0,0.6641209477482147,standalone_parent:product_margin_quantity,5151,True,1.0,1800,True,16.603023693705367,8.301511846852684,2026-05-02,non_bm
DRL,Dynamic Regulation,upward,2026-05-02 02:00:00+00:00,2026-05-02T06:00:00+00:00,4.0,25.0,4.241758678998375,1.0,False,14.38552689494683,16.3,0.294862934807648,161.8149109951114,1.618149109951114,0.4781843929077178,standalone_parent:product_margin_quantity,466,True,16.65,480,True,11.954609822692944,796.17701419135,2026-05-02,non_bm
NQR,Quick Reserve,downward,2026-05-02 06:00:00+00:00,2026-05-02T06:30:00+00:00,0.5,25.0,0.0386799262954405,1.0,False,0.4399735539081638,0.45,0.0879142074605562,0.0,0.0,0.4126759714306841,standalone_parent:product_margin_quantity,707,True,0.0,311,True,10.316899285767102,0.0,2026-05-02,non_bm
NQR,Quick Reserve,downward,2026-05-02 06:30:00+00:00,2026-05-02T07:00:00+00:00,0.5,25.0,0.0401842526637362,1.0,False,0.4570848537964175,0.0,0.0879142074605562,0.0,0.0,0.4126759714306841,standalone_parent:product_margin_quantity,707,True,0.0,306,True,10.316899285767102,0.0,2026-05-02,non_bm
NQR,Quick Reserve,downward,2026-05-02 07:00:00+00:00,2026-05-02T07:30:00+00:00,0.5,25.0,0.0158887949393379,1.0,False,0.1807306850427628,0.0,0.0879142074605562,0.0,0.0,0.4126759714306841,standalone_parent:product_margin_quantity,707,True,0.0,300,True,10.316899285767102,0.0,2026-05-02,non_bm
NQR,Quick Reserve,downward,2026-05-02 07:30:00+00:00,2026-05-02T08:00:00+00:00,0.5,25.0,0.0117037537591711,1.0,False,0.1331269893369866,0.0,0.0879142074605562,0.0,0.0,0.4126759714306841,standalone_parent:product_margin_quantity,707,True,0.0,300,True,10.316899285767102,0.0,2026-05-02,non_bm
PQR,Quick Reserve,upward,2026-05-02 08:00:00+00:00,2026-05-02T08:30:00+00:00,0.5,25.0,1.6046592499560168,1.0,False,6.940724755386154,5.71,0.2311947680551323,0.0,0.0,0.5989761163562776,standalone_parent:product_margin_quantity,1552,True,5.0,500,True,14.97440290890694,37.43600727226735,2026-05-02,non_bm
PQR,Quick Reserve,upward,2026-05-02 08:30:00+00:00,2026-05-02T09:00:00+00:00,0.5,25.0,1.4554692729963037,1.0,False,6.295424785085197,4.32,0.2311947680551323,0.6986380515327255,0.055891044122618,0.411784385725345,standalone_parent:product_margin_quantity,1491,True,6.89,500,True,10.294609643133624,35.464930220595335,2026-05-02,non_bm
PQR,Quick Reserve,upward,2026-05-02 09:00:00+00:00,2026-05-02T09:30:00+00:00,0.5,25.0,1.1881634381850494,1.0,False,5.13923151540225,1.27,0.2311947680551323,0.0,0.0,0.443938059081164,standalone_parent:product_margin_quantity,600,True,4.95,500,True,11.0984514770291,27.468667405647025,2026-05-02,non_bm
PQR,Quick Reserve,upward,2026-05-02 09:30:00+00:00,2026-05-02T10:00:00+00:00,0.5,25.0,1.171719869175211,1.0,False,5.068107202563489,1.27,0.2311947680551323,0.0,0.0,0.443938059081164,standalone_parent:product_margin_quantity,600,True,2.89,500,True,11.0984514770291,16.037262384307052,2026-05-02,non_bm
DRL,Dynamic Regulation,upward,2026-05-02 10:00:00+00:00,2026-05-02T14:00:00+00:00,4.0,25.0,4.496496922119787,1.0,False,15.24944776478281,21.51,0.294862934807648,0.0,0.0,0.4781843929077178,standalone_parent:product_margin_quantity,466,True,14.25,480,True,11.954609822692944,681.4127598934979,2026-05-02,non_bm
DRL,Dynamic Regulation,upward,2026-05-02 14:00:00+00:00,2026-05-02T18:00:00+00:00,4.0,25.0,4.573247225317063,1.0,False,15.509739222735446,17.98,0.294862934807648,131.1746196882341,1.311746196882341,0.4781843929077178,standalone_parent:product_margin_quantity,466,True,17.28,480,True,11.954609822692944,826.3026309445364,2026-05-02,non_bm
NQR,Quick Reserve,downward,2026-05-02 18:00:00+00:00,2026-05-02T18:30:00+00:00,0.5,18.0,0.1249991355638459,1.0,False,1.4218308868896794,0.29,0.0879142074605562,0.0,0.0,0.4126759714306841,standalone_parent:product_margin_quantity,707,True,0.78,300,True,7.428167485752313,2.8969853194434023,2026-05-02,non_bm
NQR,Quick Reserve,downward,2026-05-02 18:30:00+00:00,2026-05-02T19:00:00+00:00,0.5,25.0,0.1006317753667109,1.0,False,1.1446588472274015,1.0,0.0879142074605562,0.0,0.0,0.3660242464560623,standalone_parent:product_margin_quantity,268,True,0.5,307,True,9.150606161401557,2.287651540350389,2026-05-02,non_bm
NQR,Quick Reserve,downward,2026-05-02 19:00:00+00:00,2026-05-02T19:30:00+00:00,0.5,25.0,0.089539570675853,1.0,False,1.0184880608293718,1.0,0.0879142074605562,0.0,0.0,0.3660242464560623,standalone_parent:product_margin_quantity,268,True,0.0,306,True,9.150606161401557,0.0,2026-05-02,non_bm
NQR,Quick Reserve,downward,2026-05-02 19:30:00+00:00,2026-05-02T20:00:00+00:00,0.5,25.0,0.0595357721572141,1.0,False,0.6772030810142442,0.0,0.0879142074605562,0.0,0.0,0.4126759714306841,standalone_parent:product_margin_quantity,707,True,0.0,300,True,10.316899285767102,0.0,2026-05-02,non_bm
NQR,Quick Reserve,downward,2026-05-02 20:00:00+00:00,2026-05-02T20:30:00+00:00,0.5,25.0,0.0802994613571536,1.0,False,0.9133843513652892,1.0,0.0879142074605562,0.0,0.0,0.3660242464560623,standalone_parent:product_margin_quantity,268,True,0.0,313,True,9.150606161401557,0.0,2026-05-02,non_bm
NQR,Quick Reserve,downward,2026-05-02 20:30:00+00:00,2026-05-02T21:00:00+00:00,0.5,15.0,0.0710796934374171,1.0,False,0.8085120197359217,0.5,0.0879142074605562,0.0,0.0,0.4719198038459597,standalone_parent:product_margin_quantity,203,True,0.0,313,True,7.078797057689396,0.0,2026-05-02,non_bm
PSR,Slow Reserve,upward,2026-05-02 20:30:00+00:00,2026-05-02T21:00:00+00:00,0.5,9.0,1.8994301189333749,1.0,False,3.505382694681457,4.91,0.5418609847693051,0.0,0.0,0.604472941715319,standalone_parent:product_margin_quantity,3995,True,3.25,1800,True,5.44025647543787,8.84041677258654,2026-05-02,non_bm
PSR,Slow Reserve,upward,2026-05-02 21:00:00+00:00,2026-05-02T21:30:00+00:00,0.5,25.0,1.897734613986888,1.0,False,3.502253654218784,4.91,0.5418609847693051,0.0,0.0,0.55535754449506,standalone_parent:product_margin_quantity,40443,True,3.25,1800,True,13.8839386123765,22.561400245111813,2026-05-02,non_bm
PQR,Quick Reserve,upward,2026-05-02 21:30:00+00:00,2026-05-02T22:00:00+00:00,0.5,25.0,1.9373973763197871,1.0,False,8.37993607129458,9.9,0.2311947680551323,0.0,0.0,0.5989761163562776,standalone_parent:product_margin_quantity,1552,True,11.22,500,True,14.97440290890694,84.00640031896793,2026-05-02,non_bm
PSR,Slow Reserve,upward,2026-05-02 22:00:00+00:00,2026-05-02T22:30:00+00:00,0.5,25.0,2.42717053902962,1.0,False,4.479323308473624,12.4,0.5418609847693051,0.0,0.0,0.6255222176279748,standalone_parent:product_margin_quantity,1325,True,2.4,1801,True,15.63805544069937,18.765666528839244,2026-05-02,non_bm
PSR,Slow Reserve,upward,2026-05-02 22:30:00+00:00,2026-05-02T23:00:00+00:00,0.5,25.0,1.2530391822798697,1.0,False,2.31247352642181,0.23,0.5418609847693051,0.0,0.0,0.5589569329700954,standalone_parent:product_margin_quantity,4616,True,2.32,1801,True,13.973923324252386,16.209751056132767,2026-05-02,non_bm
PSR,Slow Reserve,upward,2026-05-01 23:00:00+00:00,2026-05-01T23:30:00+00:00,0.5,25.0,1.520496666775614,1.0,False,2.8060641188679765,1.79,0.5418609847693051,0.0,0.0,0.651420115892579,standalone_parent:product_margin_quantity,11247,True,0.23,1806,True,16.285502897314473,1.8728328331911643,2026-05-02,bm_eligible
PSR,Slow Reserve,upward,2026-05-01 23:30:00+00:00,2026-05-02T00:00:00+00:00,0.5,25.0,1.5285603123438347,1.0,False,2.820945510580749,1.79,0.5418609847693051,0.0,0.0,0.651420115892579,standalone_parent:product_margin_quantity,11247,True,0.23,1806,True,16.285502897314473,1.8728328331911643,2026-05-02,bm_eligible
PSR,Slow Reserve,upward,2026-05-02 00:00:00+00:00,2026-05-02T00:30:00+00:00,0.5,25.0,1.289612459119054,1.0,False,2.3799692086487845,10.49,0.5418609847693051,0.0,0.0,0.6255222176279748,standalone_parent:product_margin_quantity,1325,True,1.0,1800,True,15.63805544069937,7.819027720349685,2026-05-02,bm_eligible
PSR,Slow Reserve,upward,2026-05-02 00:30:00+00:00,2026-05-02T01:00:00+00:00,0.5,25.0,2.3233084409967235,1.0,False,4.287646659015064,0.77,0.5418609847693051,0.0,0.0,0.6641209477482147,standalone_parent:product_margin_quantity,5151,True,1.0,1800,True,16.603023693705367,8.301511846852684,2026-05-02,bm_eligible
PSR,Slow Reserve,upward,2026-05-02 01:00:00+00:00,2026-05-02T01:30:00+00:00,0.5,25.0,2.3133565456074368,1.0,False,4.26928051775556,0.77,0.5418609847693051,0.0,0.0,0.6641209477482147,standalone_parent:product_margin_quantity,5151,True,1.0,1800,True,16.603023693705367,8.301511846852684,2026-05-02,bm_eligible
PSR,Slow Reserve,upward,2026-05-02 01:30:00+00:00,2026-05-02T02:00:00+00:00,0.5,25.0,2.343166595883433,1.0,False,4.324294720870198,0.77,0.5418609847693051,0.0,0.0,0.6641209477482147,standalone_parent:product_margin_quantity,5151,True,1.0,1800,True,16.603023693705367,8.301511846852684,2026-05-02,bm_eligible
DRL,Dynamic Regulation,upward,2026-05-02 02:00:00+00:00,2026-05-02T06:00:00+00:00,4.0,25.0,4.241758678998375,1.0,False,14.38552689494683,16.3,0.294862934807648,161.8149109951114,1.618149109951114,0.4781843929077178,standalone_parent:product_margin_quantity,466,True,16.65,480,True,11.954609822692944,796.17701419135,2026-05-02,bm_eligible
NQR,Quick Reserve,downward,2026-05-02 06:00:00+00:00,2026-05-02T06:30:00+00:00,0.5,25.0,0.0386799262954405,1.0,False,0.4399735539081638,0.45,0.0879142074605562,0.0,0.0,0.4126759714306841,standalone_parent:product_margin_quantity,707,True,0.0,311,True,10.316899285767102,0.0,2026-05-02,bm_eligible
NQR,Quick Reserve,downward,2026-05-02 06:30:00+00:00,2026-05-02T07:00:00+00:00,0.5,25.0,0.0401842526637362,1.0,False,0.4570848537964175,0.0,0.0879142074605562,0.0,0.0,0.4126759714306841,standalone_parent:product_margin_quantity,707,True,0.0,306,True,10.316899285767102,0.0,2026-05-02,bm_eligible
NBR,Balancing Reserve,downward,2026-05-02 07:00:00+00:00,2026-05-02T07:30:00+00:00,0.5,25.0,0.0300227349326739,0.5,True,0.137975911826303,0.0,0.2175940317065589,0.0,0.0,0.2175940317065589,nonlooped_parent:product,3217,True,0.0,4,True,0.8703761268262357,0.0,2026-05-02,bm_eligible
NBR,Balancing Reserve,downward,2026-05-02 07:30:00+00:00,2026-05-02T08:00:00+00:00,0.5,25.0,0.0287544480090565,0.5,True,0.1321472274930498,0.0,0.2175940317065589,0.0,0.0,0.2175940317065589,nonlooped_parent:product,3217,True,0.0,4,True,0.8703761268262357,0.0,2026-05-02,bm_eligible
PBR,Balancing Reserve,upward,2026-05-02 08:00:00+00:00,2026-05-02T08:30:00+00:00,0.5,25.0,1.7250806655655786,0.5,True,3.3461585115952066,4.91,0.5155406295271961,0.0,0.0,0.5988766951675288,standalone_parent:product_margin_quantity,2107,True,6.17,599,True,14.971917379188222,46.18836511479567,2026-05-02,bm_eligible
PBR,Balancing Reserve,upward,2026-05-02 08:30:00+00:00,2026-05-02T09:00:00+00:00,0.5,25.0,1.5603526021298846,0.5,True,3.026633620634107,4.59,0.5155406295271961,0.6986380515327255,0.055891044122618,0.5988766951675288,standalone_parent:product_margin_quantity,2107,True,6.61,600,True,14.971917379188222,49.48218693821708,2026-05-02,bm_eligible
PBR,Balancing Reserve,upward,2026-05-02 09:00:00+00:00,2026-05-02T09:30:00+00:00,0.5,25.0,1.66997676783087,0.5,True,3.23927285685012,4.22,0.5155406295271961,0.0,0.0,0.5988766951675288,standalone_parent:product_margin_quantity,2107,True,6.49,600,True,14.971917379188222,48.58387189546578,2026-05-02,bm_eligible
PBR,Balancing Reserve,upward,2026-05-02 09:30:00+00:00,2026-05-02T10:00:00+00:00,0.5,25.0,1.7935635723386685,0.5,True,3.478995581751822,6.94,0.5155406295271961,0.0,0.0,0.5678368013834959,standalone_parent:product_margin_quantity,728,True,5.77,600,True,14.195920034587395,40.95522929978464,2026-05-02,bm_eligible
DRL,Dynamic Regulation,upward,2026-05-02 10:00:00+00:00,2026-05-02T14:00:00+00:00,4.0,25.0,4.496496922119787,1.0,False,15.24944776478281,21.51,0.294862934807648,0.0,0.0,0.4781843929077178,standalone_parent:product_margin_quantity,466,True,14.25,480,True,11.954609822692944,681.4127598934979,2026-05-02,bm_eligible
DRL,Dynamic Regulation,upward,2026-05-02 14:00:00+00:00,2026-05-02T18:00:00+00:00,4.0,25.0,4.573247225317063,1.0,False,15.509739222735446,17.98,0.294862934807648,131.1746196882341,1.311746196882341,0.4781843929077178,standalone_parent:product_margin_quantity,466,True,17.28,480,True,11.954609822692944,826.3026309445364,2026-05-02,bm_eligible
NBR,Balancing Reserve,downward,2026-05-02 18:00:00+00:00,2026-05-02T18:30:00+00:00,0.5,1.0,0.0229424133232706,0.5,True,0.1054367766585169,0.0,0.2175940317065589,0.0,0.0,0.2175940317065589,nonlooped_parent:product,3217,True,0.0,0,True,0.0,0.0,2026-05-02,bm_eligible
NQR,Quick Reserve,downward,2026-05-02 18:00:00+00:00,2026-05-02T18:30:00+00:00,0.5,18.0,0.1249991355638459,1.0,False,1.4218308868896794,0.29,0.0879142074605562,0.0,0.0,0.4126759714306841,standalone_parent:product_margin_quantity,707,True,0.78,300,True,7.428167485752313,2.8969853194434023,2026-05-02,bm_eligible
NQR,Quick Reserve,downward,2026-05-02 18:30:00+00:00,2026-05-02T19:00:00+00:00,0.5,25.0,0.1006317753667109,1.0,False,1.1446588472274015,1.0,0.0879142074605562,0.0,0.0,0.3660242464560623,standalone_parent:product_margin_quantity,268,True,0.5,307,True,9.150606161401557,2.287651540350389,2026-05-02,bm_eligible
NQR,Quick Reserve,downward,2026-05-02 19:00:00+00:00,2026-05-02T19:30:00+00:00,0.5,25.0,0.089539570675853,1.0,False,1.0184880608293718,1.0,0.0879142074605562,0.0,0.0,0.3660242464560623,standalone_parent:product_margin_quantity,268,True,0.0,306,True,9.150606161401557,0.0,2026-05-02,bm_eligible
NQR,Quick Reserve,downward,2026-05-02 19:30:00+00:00,2026-05-02T20:00:00+00:00,0.5,25.0,0.0595357721572141,1.0,False,0.6772030810142442,0.0,0.0879142074605562,0.0,0.0,0.4126759714306841,standalone_parent:product_margin_quantity,707,True,0.0,300,True,10.316899285767102,0.0,2026-05-02,bm_eligible
NQR,Quick Reserve,downward,2026-05-02 20:00:00+00:00,2026-05-02T20:30:00+00:00,0.5,25.0,0.0802994613571536,1.0,False,0.9133843513652892,1.0,0.0879142074605562,0.0,0.0,0.3660242464560623,standalone_parent:product_margin_quantity,268,True,0.0,313,True,9.150606161401557,0.0,2026-05-02,bm_eligible
NQR,Quick Reserve,downward,2026-05-02 20:30:00+00:00,2026-05-02T21:00:00+00:00,0.5,15.0,0.0710796934374171,1.0,False,0.8085120197359217,0.5,0.0879142074605562,0.0,0.0,0.4719198038459597,standalone_parent:product_margin_quantity,203,True,0.0,313,True,7.078797057689396,0.0,2026-05-02,bm_eligible
PSR,Slow Reserve,upward,2026-05-02 20:30:00+00:00,2026-05-02T21:00:00+00:00,0.5,9.0,1.8994301189333749,1.0,False,3.505382694681457,4.91,0.5418609847693051,0.0,0.0,0.604472941715319,standalone_parent:product_margin_quantity,3995,True,3.25,1800,True,5.44025647543787,8.84041677258654,2026-05-02,bm_eligible
PSR,Slow Reserve,upward,2026-05-02 21:00:00+00:00,2026-05-02T21:30:00+00:00,0.5,25.0,1.897734613986888,1.0,False,3.502253654218784,4.91,0.5418609847693051,0.0,0.0,0.55535754449506,standalone_parent:product_margin_quantity,40443,True,3.25,1800,True,13.8839386123765,22.561400245111813,2026-05-02,bm_eligible
PQR,Quick Reserve,upward,2026-05-02 21:30:00+00:00,2026-05-02T22:00:00+00:00,0.5,25.0,1.9373973763197871,1.0,False,8.37993607129458,9.9,0.2311947680551323,0.0,0.0,0.5989761163562776,standalone_parent:product_margin_quantity,1552,True,11.22,500,True,14.97440290890694,84.00640031896793,2026-05-02,bm_eligible
PSR,Slow Reserve,upward,2026-05-02 22:00:00+00:00,2026-05-02T22:30:00+00:00,0.5,25.0,2.42717053902962,1.0,False,4.479323308473624,12.4,0.5418609847693051,0.0,0.0,0.6255222176279748,standalone_parent:product_margin_quantity,1325,True,2.4,1801,True,15.63805544069937,18.765666528839244,2026-05-02,bm_eligible
PSR,Slow Reserve,upward,2026-05-02 22:30:00+00:00,2026-05-02T23:00:00+00:00,0.5,25.0,1.2530391822798697,1.0,False,2.31247352642181,0.23,0.5418609847693051,0.0,0.0,0.5589569329700954,standalone_parent:product_margin_quantity,4616,True,2.32,1801,True,13.973923324252386,16.209751056132767,2026-05-02,bm_eligible
PSR,Slow Reserve,upward,2026-05-02 23:00:00+00:00,2026-05-02T23:30:00+00:00,0.5,25.0,0.8750249248469577,1.0,False,1.6148513169286318,0.23,0.5418609847693051,0.0,0.0,0.5589569329700954,standalone_parent:product_margin_quantity,4616,True,2.32,1801,True,13.973923324252386,16.209751056132767,2026-05-03,non_bm
PSR,Slow Reserve,upward,2026-05-02 23:30:00+00:00,2026-05-03T00:00:00+00:00,0.5,25.0,0.8640419516742922,1.0,False,1.5945823300826028,0.23,0.5418609847693051,0.0,0.0,0.5589569329700954,standalone_parent:product_margin_quantity,4616,True,2.32,1801,True,13.973923324252386,16.209751056132767,2026-05-03,non_bm
PSR,Slow Reserve,upward,2026-05-03 00:00:00+00:00,2026-05-03T00:30:00+00:00,0.5,25.0,0.9594504242433656,1.0,False,1.770657883131865,1.0,0.5418609847693051,0.0,0.0,0.651420115892579,standalone_parent:product_margin_quantity,11247,True,6.4,1800,True,16.285502897314473,52.11360927140632,2026-05-03,non_bm
PSR,Slow Reserve,upward,2026-05-03 00:30:00+00:00,2026-05-03T01:00:00+00:00,0.5,25.0,1.194737217162822,1.0,False,2.204877728318964,1.0,0.5418609847693051,0.0,0.0,0.651420115892579,standalone_parent:product_margin_quantity,11247,True,6.4,1800,True,16.285502897314473,52.11360927140632,2026-05-03,non_bm
PSR,Slow Reserve,upward,2026-05-03 01:00:00+00:00,2026-05-03T01:30:00+00:00,0.5,25.0,1.1857984346845167,1.0,False,2.1883812786214256,1.0,0.5418609847693051,0.0,0.0,0.651420115892579,standalone_parent:product_margin_quantity,11247,True,6.4,1800,True,16.285502897314473,52.11360927140632,2026-05-03,non_bm
PSR,Slow Reserve,upward,2026-05-03 01:30:00+00:00,2026-05-03T02:00:00+00:00,0.5,25.0,1.2173440287240886,1.0,False,2.24659841350705,1.0,0.5418609847693051,0.0,0.0,0.651420115892579,standalone_parent:product_margin_quantity,11247,True,6.4,1800,True,16.285502897314473,52.11360927140632,2026-05-03,non_bm
DRL,Dynamic Regulation,upward,2026-05-03 02:00:00+00:00,2026-05-03T06:00:00+00:00,4.0,25.0,4.449245718781368,1.0,False,15.089199738460872,16.65,0.294862934807648,101.42828188126714,1.0142828188126711,0.4781843929077178,standalone_parent:product_margin_quantity,466,True,16.06,480,True,11.954609822692944,767.9641350097947,2026-05-03,non_bm
DRL,Dynamic Regulation,upward,2026-05-03 06:00:00+00:00,2026-05-03T10:00:00+00:00,4.0,7.0,5.225564113143117,1.0,False,17.722010793089275,21.01,0.294862934807648,91.72173097664016,3.275776106308577,0.379093333467851,standalone_parent:product_margin_quantity,498,True,12.65,480,True,2.6536533342749573,134.27485871431284,2026-05-03,non_bm
NQR,Quick Reserve,downward,2026-05-03 06:00:00+00:00,2026-05-03T06:30:00+00:00,0.5,18.0,0.0251285658898508,1.0,False,0.2858305456615195,0.0,0.0879142074605562,0.0,0.0,0.4126759714306841,standalone_parent:product_margin_quantity,707,True,4.04,300,True,7.428167485752313,15.004898321219672,2026-05-03,non_bm
NQR,Quick Reserve,downward,2026-05-03 06:30:00+00:00,2026-05-03T07:00:00+00:00,0.5,18.0,0.0255603159949724,1.0,False,0.2907415847027952,0.0,0.0879142074605562,0.0,0.0,0.4126759714306841,standalone_parent:product_margin_quantity,707,True,5.41,300,True,7.428167485752313,20.093193048960007,2026-05-03,non_bm
NQR,Quick Reserve,downward,2026-05-03 07:00:00+00:00,2026-05-03T07:30:00+00:00,0.5,18.0,0.0031237449888842,1.0,False,0.0355317425830835,0.0,0.0879142074605562,0.0,0.0,0.4126759714306841,standalone_parent:product_margin_quantity,707,True,4.77,300,True,7.428167485752313,17.716179453519267,2026-05-03,non_bm
NQR,Quick Reserve,downward,2026-05-03 07:30:00+00:00,2026-05-03T08:00:00+00:00,0.5,18.0,0.0112742135364138,1.0,False,0.12824108710156,0.0,0.0879142074605562,0.0,0.0,0.4126759714306841,standalone_parent:product_margin_quantity,707,True,4.19,300,True,7.428167485752313,15.562010882651098,2026-05-03,non_bm
PQR,Quick Reserve,upward,2026-05-03 08:00:00+00:00,2026-05-03T08:30:00+00:00,0.5,18.0,1.5439136930634991,1.0,False,6.677978511586936,5.0,0.2311947680551323,0.0,0.0,0.5989761163562776,standalone_parent:product_margin_quantity,1552,True,1.33,500,True,10.781570094412997,7.169744112784644,2026-05-03,non_bm
PQR,Quick Reserve,upward,2026-05-03 08:30:00+00:00,2026-05-03T09:00:00+00:00,0.5,18.0,1.5239644477590046,1.0,False,6.591690895857944,6.89,0.2311947680551323,0.0,0.0,0.5989761163562776,standalone_parent:product_margin_quantity,1552,True,1.51,500,True,10.781570094412997,8.140085421281812,2026-05-03,non_bm
PQR,Quick Reserve,upward,2026-05-03 09:00:00+00:00,2026-05-03T09:30:00+00:00,0.5,18.0,1.2684354682084291,1.0,False,5.486436734182277,4.95,0.2311947680551323,0.0,0.0,0.411784385725345,standalone_parent:product_margin_quantity,1491,True,1.9,500,True,7.4121189430562096,7.041512995903399,2026-05-03,non_bm
PQR,Quick Reserve,upward,2026-05-03 09:30:00+00:00,2026-05-03T10:00:00+00:00,0.5,18.0,1.1129778222811897,1.0,False,4.814026855554885,2.89,0.2311947680551323,0.0,0.0,0.411784385725345,standalone_parent:product_margin_quantity,1491,True,2.42,500,True,7.4121189430562096,8.968663921098013,2026-05-03,non_bm
DRL,Dynamic Regulation,upward,2026-05-03 10:00:00+00:00,2026-05-03T14:00:00+00:00,4.0,25.0,4.196342566954847,1.0,False,14.231502408711712,14.25,0.294862934807648,0.0,0.0,0.4781843929077178,standalone_parent:product_margin_quantity,466,True,13.27,480,True,11.954609822692944,634.5506893885415,2026-05-03,non_bm
DRL,Dynamic Regulation,upward,2026-05-03 14:00:00+00:00,2026-05-03T18:00:00+00:00,4.0,25.0,4.740433957273313,1.0,False,16.076737350408948,17.28,0.294862934807648,137.80516355460168,1.3780516355460168,0.4781843929077178,standalone_parent:product_margin_quantity,466,True,12.92,480,True,11.954609822692944,617.8142356367714,2026-05-03,non_bm
NQR,Quick Reserve,downward,2026-05-03 18:00:00+00:00,2026-05-03T18:30:00+00:00,0.5,19.0,0.1150722235428699,1.0,False,1.3089149850380948,0.78,0.0879142074605562,0.0,0.0,0.4719198038459597,standalone_parent:product_margin_quantity,203,True,0.0,300,True,8.966476273073235,0.0,2026-05-03,non_bm
NQR,Quick Reserve,downward,2026-05-03 18:30:00+00:00,2026-05-03T19:00:00+00:00,0.5,25.0,0.1009706709302495,1.0,False,1.148513691322887,0.5,0.0879142074605562,0.0,0.0,0.4719198038459597,standalone_parent:product_margin_quantity,203,True,0.0,300,True,11.797995096148991,0.0,2026-05-03,non_bm
NQR,Quick Reserve,downward,2026-05-03 19:00:00+00:00,2026-05-03T19:30:00+00:00,0.5,25.0,0.0890649836751155,1.0,False,1.013089763848188,0.0,0.0879142074605562,0.0,0.0,0.4126759714306841,standalone_parent:product_margin_quantity,707,True,0.0,305,True,10.316899285767102,0.0,2026-05-03,non_bm
NQR,Quick Reserve,downward,2026-05-03 19:30:00+00:00,2026-05-03T20:00:00+00:00,0.5,25.0,0.0667968320710765,1.0,False,0.7597956462389277,0.0,0.0879142074605562,0.0,0.0,0.4126759714306841,standalone_parent:product_margin_quantity,707,True,0.0,300,True,10.316899285767102,0.0,2026-05-03,non_bm
NQR,Quick Reserve,downward,2026-05-03 20:00:00+00:00,2026-05-03T20:30:00+00:00,0.5,25.0,0.0823138217903684,1.0,False,0.9362971488686792,0.0,0.0879142074605562,0.0,0.0,0.4126759714306841,standalone_parent:product_margin_quantity,707,True,1.72,300,True,10.316899285767102,8.872533385759708,2026-05-03,non_bm
PQR,Quick Reserve,upward,2026-05-03 20:30:00+00:00,2026-05-03T21:00:00+00:00,0.5,25.0,2.0487307004354416,1.0,False,8.8614924882162,11.23,0.2311947680551323,0.0,0.0,0.5860966956151924,standalone_parent:product_margin_quantity,816,True,4.08,500,True,14.65241739037981,29.890931476374814,2026-05-03,non_bm
PSR,Slow Reserve,upward,2026-05-03 21:00:00+00:00,2026-05-03T21:30:00+00:00,0.5,25.0,2.004701028715788,1.0,False,3.699659294660752,3.25,0.5418609847693051,0.0,0.0,0.55535754449506,standalone_parent:product_margin_quantity,40443,True,2.89,1799,True,13.8839386123765,20.062291294884044,2026-05-03,non_bm
PQR,Quick Reserve,upward,2026-05-03 21:30:00+00:00,2026-05-03T22:00:00+00:00,0.5,25.0,2.063815845282868,1.0,False,8.92674113105672,11.22,0.2311947680551323,0.0,0.0,0.5860966956151924,standalone_parent:product_margin_quantity,816,True,3.59,500,True,14.65241739037981,26.30108921573176,2026-05-03,non_bm
PSR,Slow Reserve,upward,2026-05-03 22:00:00+00:00,2026-05-03T22:30:00+00:00,0.5,25.0,1.9241487345009176,1.0,False,3.551000696830231,2.4,0.5418609847693051,0.0,0.0,0.55535754449506,standalone_parent:product_margin_quantity,40443,True,2.47,1800,True,13.8839386123765,17.14666418628498,2026-05-03,non_bm
PSR,Slow Reserve,upward,2026-05-03 22:30:00+00:00,2026-05-03T23:00:00+00:00,0.5,25.0,1.0188513823561556,1.0,False,1.880281863788232,2.32,0.5418609847693051,0.0,0.0,0.55535754449506,standalone_parent:product_margin_quantity,40443,True,2.32,1800,True,13.8839386123765,16.10536879035674,2026-05-03,non_bm
PSR,Slow Reserve,upward,2026-05-02 23:00:00+00:00,2026-05-02T23:30:00+00:00,0.5,25.0,0.8750249248469577,1.0,False,1.6148513169286318,0.23,0.5418609847693051,0.0,0.0,0.5589569329700954,standalone_parent:product_margin_quantity,4616,True,2.32,1801,True,13.973923324252386,16.209751056132767,2026-05-03,bm_eligible
PSR,Slow Reserve,upward,2026-05-02 23:30:00+00:00,2026-05-03T00:00:00+00:00,0.5,25.0,0.8640419516742922,1.0,False,1.5945823300826028,0.23,0.5418609847693051,0.0,0.0,0.5589569329700954,standalone_parent:product_margin_quantity,4616,True,2.32,1801,True,13.973923324252386,16.209751056132767,2026-05-03,bm_eligible
PSR,Slow Reserve,upward,2026-05-03 00:00:00+00:00,2026-05-03T00:30:00+00:00,0.5,25.0,0.9594504242433656,1.0,False,1.770657883131865,1.0,0.5418609847693051,0.0,0.0,0.651420115892579,standalone_parent:product_margin_quantity,11247,True,6.4,1800,True,16.285502897314473,52.11360927140632,2026-05-03,bm_eligible
PSR,Slow Reserve,upward,2026-05-03 00:30:00+00:00,2026-05-03T01:00:00+00:00,0.5,25.0,1.194737217162822,1.0,False,2.204877728318964,1.0,0.5418609847693051,0.0,0.0,0.651420115892579,standalone_parent:product_margin_quantity,11247,True,6.4,1800,True,16.285502897314473,52.11360927140632,2026-05-03,bm_eligible
PSR,Slow Reserve,upward,2026-05-03 01:00:00+00:00,2026-05-03T01:30:00+00:00,0.5,25.0,1.1857984346845167,1.0,False,2.1883812786214256,1.0,0.5418609847693051,0.0,0.0,0.651420115892579,standalone_parent:product_margin_quantity,11247,True,6.4,1800,True,16.285502897314473,52.11360927140632,2026-05-03,bm_eligible
PSR,Slow Reserve,upward,2026-05-03 01:30:00+00:00,2026-05-03T02:00:00+00:00,0.5,25.0,1.2173440287240886,1.0,False,2.24659841350705,1.0,0.5418609847693051,0.0,0.0,0.651420115892579,standalone_parent:product_margin_quantity,11247,True,6.4,1800,True,16.285502897314473,52.11360927140632,2026-05-03,bm_eligible
DRL,Dynamic Regulation,upward,2026-05-03 02:00:00+00:00,2026-05-03T06:00:00+00:00,4.0,25.0,4.449245718781368,1.0,False,15.089199738460872,16.65,0.294862934807648,101.42828188126714,1.0142828188126711,0.4781843929077178,standalone_parent:product_margin_quantity,466,True,16.06,480,True,11.954609822692944,767.9641350097947,2026-05-03,bm_eligible
DRL,Dynamic Regulation,upward,2026-05-03 06:00:00+00:00,2026-05-03T10:00:00+00:00,4.0,7.0,5.225564113143117,1.0,False,17.722010793089275,21.01,0.294862934807648,91.72173097664016,3.275776106308577,0.379093333467851,standalone_parent:product_margin_quantity,498,True,12.65,480,True,2.6536533342749573,134.27485871431284,2026-05-03,bm_eligible
NBR,Balancing Reserve,downward,2026-05-03 06:00:00+00:00,2026-05-03T06:30:00+00:00,0.5,18.0,0.0254192883426232,0.5,True,0.1168197865688843,0.0,0.2175940317065589,0.0,0.0,0.2175940317065589,nonlooped_parent:product,3217,True,0.0,10,True,2.175940317065589,0.0,2026-05-03,bm_eligible
NBR,Balancing Reserve,downward,2026-05-03 06:30:00+00:00,2026-05-03T07:00:00+00:00,0.5,18.0,0.0268757339424131,0.5,True,0.1235131944182046,0.0,0.2175940317065589,0.0,0.0,0.2175940317065589,nonlooped_parent:product,3217,True,0.0,10,True,2.175940317065589,0.0,2026-05-03,bm_eligible
NBR,Balancing Reserve,downward,2026-05-03 07:00:00+00:00,2026-05-03T07:30:00+00:00,0.5,18.0,0.026566672670522,0.5,True,0.1220928371158135,0.0,0.2175940317065589,0.0,0.0,0.2175940317065589,nonlooped_parent:product,3217,True,0.0,10,True,2.175940317065589,0.0,2026-05-03,bm_eligible
NBR,Balancing Reserve,downward,2026-05-03 07:30:00+00:00,2026-05-03T08:00:00+00:00,0.5,18.0,0.0253588414291498,0.5,True,0.1165419898251073,0.0,0.2175940317065589,0.0,0.0,0.2175940317065589,nonlooped_parent:product,3217,True,0.0,10,True,2.175940317065589,0.0,2026-05-03,bm_eligible
PBR,Balancing Reserve,upward,2026-05-03 08:00:00+00:00,2026-05-03T08:30:00+00:00,0.5,18.0,2.294089796202427,0.5,True,4.449871968978165,6.17,0.5155406295271961,0.0,0.0,0.5678368013834959,standalone_parent:product_margin_quantity,728,True,3.05,599,True,10.221062424902929,15.587120197976963,2026-05-03,bm_eligible
PBR,Balancing Reserve,upward,2026-05-03 08:30:00+00:00,2026-05-03T09:00:00+00:00,0.5,18.0,2.245382139553528,0.5,True,4.355393175534535,6.61,0.5155406295271961,0.0,0.0,0.5678368013834959,standalone_parent:product_margin_quantity,728,True,3.05,599,True,10.221062424902929,15.587120197976963,2026-05-03,bm_eligible
PBR,Balancing Reserve,upward,2026-05-03 09:00:00+00:00,2026-05-03T09:30:00+00:00,0.5,18.0,2.060206297630599,0.5,True,3.996205496975127,6.49,0.5155406295271961,0.0,0.0,0.5678368013834959,standalone_parent:product_margin_quantity,728,True,3.05,599,True,10.221062424902929,15.587120197976963,2026-05-03,bm_eligible
PBR,Balancing Reserve,upward,2026-05-03 09:30:00+00:00,2026-05-03T10:00:00+00:00,0.5,18.0,2.029400531374938,0.5,True,3.936451203149803,5.77,0.5155406295271961,0.0,0.0,0.5678368013834959,standalone_parent:product_margin_quantity,728,True,2.27,600,True,10.221062424902929,11.60090585226482,2026-05-03,bm_eligible
DRL,Dynamic Regulation,upward,2026-05-03 10:00:00+00:00,2026-05-03T14:00:00+00:00,4.0,25.0,4.196342566954847,1.0,False,14.231502408711712,14.25,0.294862934807648,0.0,0.0,0.4781843929077178,standalone_parent:product_margin_quantity,466,True,13.27,480,True,11.954609822692944,634.5506893885415,2026-05-03,bm_eligible
DRL,Dynamic Regulation,upward,2026-05-03 14:00:00+00:00,2026-05-03T18:00:00+00:00,4.0,25.0,4.740433957273313,1.0,False,16.076737350408948,17.28,0.294862934807648,137.80516355460168,1.3780516355460168,0.4781843929077178,standalone_parent:product_margin_quantity,466,True,12.92,480,True,11.954609822692944,617.8142356367714,2026-05-03,bm_eligible
NBR,Balancing Reserve,downward,2026-05-03 18:00:00+00:00,2026-05-03T18:30:00+00:00,0.5,1.0,0.0118123843594954,0.5,True,0.0542863435492812,0.0,0.2175940317065589,0.0,0.0,0.2175940317065589,nonlooped_parent:product,3217,True,0.0,10,True,0.2175940317065589,0.0,2026-05-03,bm_eligible
NQR,Quick Reserve,downward,2026-05-03 18:00:00+00:00,2026-05-03T18:30:00+00:00,0.5,19.0,0.1150722235428699,1.0,False,1.3089149850380948,0.78,0.0879142074605562,0.0,0.0,0.4719198038459597,standalone_parent:product_margin_quantity,203,True,0.0,300,True,8.966476273073235,0.0,2026-05-03,bm_eligible
NQR,Quick Reserve,downward,2026-05-03 18:30:00+00:00,2026-05-03T19:00:00+00:00,0.5,25.0,0.1009706709302495,1.0,False,1.148513691322887,0.5,0.0879142074605562,0.0,0.0,0.4719198038459597,standalone_parent:product_margin_quantity,203,True,0.0,300,True,11.797995096148991,0.0,2026-05-03,bm_eligible
NQR,Quick Reserve,downward,2026-05-03 19:00:00+00:00,2026-05-03T19:30:00+00:00,0.5,25.0,0.0890649836751155,1.0,False,1.013089763848188,0.0,0.0879142074605562,0.0,0.0,0.4126759714306841,standalone_parent:product_margin_quantity,707,True,0.0,305,True,10.316899285767102,0.0,2026-05-03,bm_eligible
NQR,Quick Reserve,downward,2026-05-03 19:30:00+00:00,2026-05-03T20:00:00+00:00,0.5,25.0,0.0667968320710765,1.0,False,0.7597956462389277,0.0,0.0879142074605562,0.0,0.0,0.4126759714306841,standalone_parent:product_margin_quantity,707,True,0.0,300,True,10.316899285767102,0.0,2026-05-03,bm_eligible
NQR,Quick Reserve,downward,2026-05-03 20:00:00+00:00,2026-05-03T20:30:00+00:00,0.5,25.0,0.0823138217903684,1.0,False,0.9362971488686792,0.0,0.0879142074605562,0.0,0.0,0.4126759714306841,standalone_parent:product_margin_quantity,707,True,1.72,300,True,10.316899285767102,8.872533385759708,2026-05-03,bm_eligible
PQR,Quick Reserve,upward,2026-05-03 20:30:00+00:00,2026-05-03T21:00:00+00:00,0.5,25.0,2.0487307004354416,1.0,False,8.8614924882162,11.23,0.2311947680551323,0.0,0.0,0.5860966956151924,standalone_parent:product_margin_quantity,816,True,4.08,500,True,14.65241739037981,29.890931476374814,2026-05-03,bm_eligible
PSR,Slow Reserve,upward,2026-05-03 21:00:00+00:00,2026-05-03T21:30:00+00:00,0.5,25.0,2.004701028715788,1.0,False,3.699659294660752,3.25,0.5418609847693051,0.0,0.0,0.55535754449506,standalone_parent:product_margin_quantity,40443,True,2.89,1799,True,13.8839386123765,20.062291294884044,2026-05-03,bm_eligible
PQR,Quick Reserve,upward,2026-05-03 21:30:00+00:00,2026-05-03T22:00:00+00:00,0.5,25.0,2.063815845282868,1.0,False,8.92674113105672,11.22,0.2311947680551323,0.0,0.0,0.5860966956151924,standalone_parent:product_margin_quantity,816,True,3.59,500,True,14.65241739037981,26.30108921573176,2026-05-03,bm_eligible
PSR,Slow Reserve,upward,2026-05-03 22:00:00+00:00,2026-05-03T22:30:00+00:00,0.5,25.0,1.9241487345009176,1.0,False,3.551000696830231,2.4,0.5418609847693051,0.0,0.0,0.55535754449506,standalone_parent:product_margin_quantity,40443,True,2.47,1800,True,13.8839386123765,17.14666418628498,2026-05-03,bm_eligible
PSR,Slow Reserve,upward,2026-05-03 22:30:00+00:00,2026-05-03T23:00:00+00:00,0.5,25.0,1.0188513823561556,1.0,False,1.880281863788232,2.32,0.5418609847693051,0.0,0.0,0.55535754449506,standalone_parent:product_margin_quantity,40443,True,2.32,1800,True,13.8839386123765,16.10536879035674,2026-05-03,bm_eligible
PSR,Slow Reserve,upward,2026-05-03 23:00:00+00:00,2026-05-03T23:30:00+00:00,0.5,25.0,1.0822925058873845,1.0,False,1.9973619365641644,2.32,0.5418609847693051,0.0,0.0,0.55535754449506,standalone_parent:product_margin_quantity,40443,True,2.32,1800,True,13.8839386123765,16.10536879035674,2026-05-04,non_bm
PSR,Slow Reserve,upward,2026-05-03 23:30:00+00:00,2026-05-04T00:00:00+00:00,0.5,25.0,1.084660537825738,1.0,False,2.001732120070478,2.32,0.5418609847693051,0.0,0.0,0.55535754449506,standalone_parent:product_margin_quantity,40443,True,2.32,1800,True,13.8839386123765,16.10536879035674,2026-05-04,non_bm
PSR,Slow Reserve,upward,2026-05-04 00:00:00+00:00,2026-05-04T00:30:00+00:00,0.5,25.0,1.0564022306189855,1.0,False,1.949581646054004,6.4,0.5418609847693051,0.0,0.0,0.5418191976625076,standalone_parent:product_margin_quantity,19955,True,2.32,1800,True,13.545479941562691,15.71275673221272,2026-05-04,non_bm
PSR,Slow Reserve,upward,2026-05-04 00:30:00+00:00,2026-05-04T01:00:00+00:00,0.5,25.0,1.3116925047003176,1.0,False,2.420717751544273,6.4,0.5418609847693051,0.0,0.0,0.5418191976625076,standalone_parent:product_margin_quantity,19955,True,2.3,1800,True,13.545479941562691,15.577301932797091,2026-05-04,non_bm
PSR,Slow Reserve,upward,2026-05-04 01:00:00+00:00,2026-05-04T01:30:00+00:00,0.5,25.0,1.2994595847596226,1.0,False,2.398141998196939,6.4,0.5418609847693051,0.0,0.0,0.5418191976625076,standalone_parent:product_margin_quantity,19955,True,2.3,1800,True,13.545479941562691,15.577301932797091,2026-05-04,non_bm
PSR,Slow Reserve,upward,2026-05-04 01:30:00+00:00,2026-05-04T02:00:00+00:00,0.5,25.0,1.3280245549369845,1.0,False,2.450858416208698,6.4,0.5418609847693051,0.0,0.0,0.5418191976625076,standalone_parent:product_margin_quantity,19955,True,2.27,1800,True,13.545479941562691,15.374119733673655,2026-05-04,non_bm
DRL,Dynamic Regulation,upward,2026-05-04 02:00:00+00:00,2026-05-04T06:00:00+00:00,4.0,25.0,4.745931106803898,1.0,False,16.095380417684154,16.06,0.294862934807648,92.31044224652352,0.923104422465235,0.4781843929077178,standalone_parent:product_margin_quantity,466,True,17.72,480,True,11.954609822692944,847.3427442324759,2026-05-04,non_bm
DRL,Dynamic Regulation,upward,2026-05-04 06:00:00+00:00,2026-05-04T10:00:00+00:00,4.0,6.0,4.939794513144364,1.0,False,16.7528499855935,12.65,0.294862934807648,74.23771366647998,3.0932380694366657,0.2813264788099762,standalone_parent:product_margin_quantity,269,True,16.19,480,True,1.6879588728598571,109.31221660640436,2026-05-04,non_bm
NQR,Quick Reserve,downward,2026-05-04 06:00:00+00:00,2026-05-04T06:30:00+00:00,0.5,19.0,0.0675283473751642,1.0,False,0.7681164322099092,4.04,0.0879142074605562,0.0,0.0,0.313575299926706,standalone_parent:product_margin_quantity,318,True,0.0,312,True,5.957930698607415,0.0,2026-05-04,non_bm
NQR,Quick Reserve,downward,2026-05-04 06:30:00+00:00,2026-05-04T07:00:00+00:00,0.5,19.0,0.0688085929071087,1.0,False,0.7826788740372884,5.41,0.0879142074605562,0.0,0.0,0.4280873563995256,standalone_parent:product_margin_quantity,313,True,0.08,300,True,8.133659771590988,0.3253463908636395,2026-05-04,non_bm
NQR,Quick Reserve,downward,2026-05-04 07:00:00+00:00,2026-05-04T07:30:00+00:00,0.5,19.0,0.0506525307991461,1.0,False,0.5761586467337714,4.77,0.0879142074605562,0.0,0.0,0.313575299926706,standalone_parent:product_margin_quantity,318,True,0.0,300,True,5.957930698607415,0.0,2026-05-04,non_bm
NQR,Quick Reserve,downward,2026-05-04 07:30:00+00:00,2026-05-04T08:00:00+00:00,0.5,19.0,0.0562952031307293,1.0,False,0.64034249704164,4.19,0.0879142074605562,0.0,0.0,0.313575299926706,standalone_parent:product_margin_quantity,318,True,0.0,300,True,5.957930698607415,0.0,2026-05-04,non_bm
PQR,Quick Reserve,upward,2026-05-04 08:00:00+00:00,2026-05-04T08:30:00+00:00,0.5,19.0,1.4906545676709009,1.0,False,6.447613759648007,1.33,0.2311947680551323,0.0,0.0,0.443938059081164,standalone_parent:product_margin_quantity,600,True,4.73,500,True,8.434823122542117,19.948356684812108,2026-05-04,non_bm
PQR,Quick Reserve,upward,2026-05-04 08:30:00+00:00,2026-05-04T09:00:00+00:00,0.5,19.0,1.402838579247856,1.0,False,6.067778224606386,1.51,0.2311947680551323,0.0,0.0,0.443938059081164,standalone_parent:product_margin_quantity,600,True,4.48,500,True,8.434823122542117,18.894003794494346,2026-05-04,non_bm
PQR,Quick Reserve,upward,2026-05-04 09:00:00+00:00,2026-05-04T09:30:00+00:00,0.5,19.0,1.2227409792112072,1.0,False,5.288791738226636,1.9,0.2311947680551323,0.0,0.0,0.443938059081164,standalone_parent:product_margin_quantity,600,True,4.22,500,True,8.434823122542117,17.797476788563866,2026-05-04,non_bm
PQR,Quick Reserve,upward,2026-05-04 09:30:00+00:00,2026-05-04T10:00:00+00:00,0.5,19.0,1.1695247940763462,1.0,False,5.058612718249114,2.42,0.2311947680551323,0.0,0.0,0.411784385725345,standalone_parent:product_margin_quantity,1491,True,1.91,500,True,7.823903328781554,7.471827678986384,2026-05-04,non_bm
DRL,Dynamic Regulation,upward,2026-05-04 10:00:00+00:00,2026-05-04T14:00:00+00:00,4.0,25.0,4.456658182634311,1.0,False,15.114338414699644,13.27,0.294862934807648,0.0,0.0,0.4781843929077178,standalone_parent:product_margin_quantity,466,True,12.5,479,True,11.954609822692944,597.7304911346472,2026-05-04,non_bm
DRL,Dynamic Regulation,upward,2026-05-04 14:00:00+00:00,2026-05-04T18:00:00+00:00,4.0,25.0,5.0075186239613165,1.0,False,16.982529958293807,12.92,0.294862934807648,170.481238073673,1.70481238073673,0.4781843929077178,standalone_parent:product_margin_quantity,466,True,20.8,480,True,11.954609822692944,994.623537248053,2026-05-04,non_bm
NQR,Quick Reserve,downward,2026-05-04 18:00:00+00:00,2026-05-04T18:30:00+00:00,0.5,18.0,0.1342061077422434,1.0,False,1.526557670470459,0.0,0.0879142074605562,0.0,0.0,0.4126759714306841,standalone_parent:product_margin_quantity,707,True,0.5,312,True,7.428167485752313,1.8570418714380783,2026-05-04,non_bm
NQR,Quick Reserve,downward,2026-05-04 18:30:00+00:00,2026-05-04T19:00:00+00:00,0.5,25.0,0.1227903960559828,1.0,False,1.3967070807192812,0.0,0.0879142074605562,0.0,0.0,0.4126759714306841,standalone_parent:product_margin_quantity,707,True,1.0,300,True,10.316899285767102,5.158449642883551,2026-05-04,non_bm
NQR,Quick Reserve,downward,2026-05-04 19:00:00+00:00,2026-05-04T19:30:00+00:00,0.5,25.0,0.1102961116443937,1.0,False,1.254588022008608,0.0,0.0879142074605562,0.0,0.0,0.4126759714306841,standalone_parent:product_margin_quantity,707,True,1.0,307,True,10.316899285767102,5.158449642883551,2026-05-04,non_bm
NQR,Quick Reserve,downward,2026-05-04 19:30:00+00:00,2026-05-04T20:00:00+00:00,0.5,25.0,0.0988597211711611,1.0,False,1.124502216726639,0.0,0.0879142074605562,0.0,0.0,0.4126759714306841,standalone_parent:product_margin_quantity,707,True,1.27,300,True,10.316899285767102,6.551231046462109,2026-05-04,non_bm
NQR,Quick Reserve,downward,2026-05-04 20:00:00+00:00,2026-05-04T20:30:00+00:00,0.5,25.0,0.111993421493057,1.0,False,1.273894456061658,1.72,0.0879142074605562,0.0,0.0,0.3660242464560623,standalone_parent:product_margin_quantity,268,True,1.0,300,True,9.150606161401557,4.575303080700778,2026-05-04,non_bm
NQR,Quick Reserve,downward,2026-05-04 20:30:00+00:00,2026-05-04T21:00:00+00:00,0.5,15.0,0.1016560944610583,1.0,False,1.1563101960131703,0.5,0.0879142074605562,0.0,0.0,0.4719198038459597,standalone_parent:product_margin_quantity,203,True,1.0,300,True,7.078797057689396,3.539398528844698,2026-05-04,non_bm
PSR,Slow Reserve,upward,2026-05-04 20:30:00+00:00,2026-05-04T21:00:00+00:00,0.5,9.0,1.99329764357708,1.0,False,3.678614440981976,2.89,0.5418609847693051,0.0,0.0,0.604472941715319,standalone_parent:product_margin_quantity,3995,True,5.96,1801,True,5.44025647543787,16.211964296804855,2026-05-04,non_bm
PSR,Slow Reserve,upward,2026-05-04 21:00:00+00:00,2026-05-04T21:30:00+00:00,0.5,25.0,1.9895183521511703,1.0,False,3.6716397896744657,2.89,0.5418609847693051,0.0,0.0,0.55535754449506,standalone_parent:product_margin_quantity,40443,True,5.96,1801,True,13.8839386123765,41.37413706488197,2026-05-04,non_bm
PSR,Slow Reserve,upward,2026-05-04 21:30:00+00:00,2026-05-04T22:00:00+00:00,0.5,25.0,1.9876920053037104,1.0,False,3.668269281557449,2.89,0.5418609847693051,0.0,0.0,0.55535754449506,standalone_parent:product_margin_quantity,40443,True,5.96,1801,True,13.8839386123765,41.37413706488197,2026-05-04,non_bm
PSR,Slow Reserve,upward,2026-05-04 22:00:00+00:00,2026-05-04T22:30:00+00:00,0.5,25.0,1.8887321864745603,1.0,False,3.485639748133333,2.47,0.5418609847693051,0.0,0.0,0.55535754449506,standalone_parent:product_margin_quantity,40443,True,4.18,1806,True,13.8839386123765,29.017431699866883,2026-05-04,non_bm
PSR,Slow Reserve,upward,2026-05-04 22:30:00+00:00,2026-05-04T23:00:00+00:00,0.5,25.0,1.0339760116088603,1.0,False,1.9081942429368133,2.32,0.5418609847693051,0.0,0.0,0.55535754449506,standalone_parent:product_margin_quantity,40443,True,4.18,1806,True,13.8839386123765,29.017431699866883,2026-05-04,non_bm
PSR,Slow Reserve,upward,2026-05-03 23:00:00+00:00,2026-05-03T23:30:00+00:00,0.5,25.0,1.0822925058873845,1.0,False,1.9973619365641644,2.32,0.5418609847693051,0.0,0.0,0.55535754449506,standalone_parent:product_margin_quantity,40443,True,2.32,1800,True,13.8839386123765,16.10536879035674,2026-05-04,bm_eligible
PSR,Slow Reserve,upward,2026-05-03 23:30:00+00:00,2026-05-04T00:00:00+00:00,0.5,25.0,1.084660537825738,1.0,False,2.001732120070478,2.32,0.5418609847693051,0.0,0.0,0.55535754449506,standalone_parent:product_margin_quantity,40443,True,2.32,1800,True,13.8839386123765,16.10536879035674,2026-05-04,bm_eligible
PSR,Slow Reserve,upward,2026-05-04 00:00:00+00:00,2026-05-04T00:30:00+00:00,0.5,25.0,1.0564022306189855,1.0,False,1.949581646054004,6.4,0.5418609847693051,0.0,0.0,0.5418191976625076,standalone_parent:product_margin_quantity,19955,True,2.32,1800,True,13.545479941562691,15.71275673221272,2026-05-04,bm_eligible
PSR,Slow Reserve,upward,2026-05-04 00:30:00+00:00,2026-05-04T01:00:00+00:00,0.5,25.0,1.3116925047003176,1.0,False,2.420717751544273,6.4,0.5418609847693051,0.0,0.0,0.5418191976625076,standalone_parent:product_margin_quantity,19955,True,2.3,1800,True,13.545479941562691,15.577301932797091,2026-05-04,bm_eligible
PSR,Slow Reserve,upward,2026-05-04 01:00:00+00:00,2026-05-04T01:30:00+00:00,0.5,25.0,1.2994595847596226,1.0,False,2.398141998196939,6.4,0.5418609847693051,0.0,0.0,0.5418191976625076,standalone_parent:product_margin_quantity,19955,True,2.3,1800,True,13.545479941562691,15.577301932797091,2026-05-04,bm_eligible
PSR,Slow Reserve,upward,2026-05-04 01:30:00+00:00,2026-05-04T02:00:00+00:00,0.5,25.0,1.3280245549369845,1.0,False,2.450858416208698,6.4,0.5418609847693051,0.0,0.0,0.5418191976625076,standalone_parent:product_margin_quantity,19955,True,2.27,1800,True,13.545479941562691,15.374119733673655,2026-05-04,bm_eligible
DRL,Dynamic Regulation,upward,2026-05-04 02:00:00+00:00,2026-05-04T06:00:00+00:00,4.0,25.0,4.745931106803898,1.0,False,16.095380417684154,16.06,0.294862934807648,92.31044224652352,0.923104422465235,0.4781843929077178,standalone_parent:product_margin_quantity,466,True,17.72,480,True,11.954609822692944,847.3427442324759,2026-05-04,bm_eligible
DRL,Dynamic Regulation,upward,2026-05-04 06:00:00+00:00,2026-05-04T10:00:00+00:00,4.0,1.0,4.939794513144364,1.0,False,16.7528499855935,12.65,0.294862934807648,11.590828430798863,2.8977071076997163,0.3975199414729477,standalone_parent:product_margin,860,True,16.19,480,True,0.3975199414729477,25.743391409788096,2026-05-04,bm_eligible
NQR,Quick Reserve,downward,2026-05-04 06:00:00+00:00,2026-05-04T06:30:00+00:00,0.5,24.0,0.0675283473751642,1.0,False,0.7681164322099092,4.04,0.0879142074605562,0.0,0.0,0.313575299926706,standalone_parent:product_margin_quantity,318,True,0.0,312,True,7.525807198240944,0.0,2026-05-04,bm_eligible
NQR,Quick Reserve,downward,2026-05-04 06:30:00+00:00,2026-05-04T07:00:00+00:00,0.5,24.0,0.0688085929071087,1.0,False,0.7826788740372884,5.41,0.0879142074605562,0.0,0.0,0.4280873563995256,standalone_parent:product_margin_quantity,313,True,0.08,300,True,10.274096553588617,0.4109638621435447,2026-05-04,bm_eligible
NQR,Quick Reserve,downward,2026-05-04 07:00:00+00:00,2026-05-04T07:30:00+00:00,0.5,24.0,0.0506525307991461,1.0,False,0.5761586467337714,4.77,0.0879142074605562,0.0,0.0,0.313575299926706,standalone_parent:product_margin_quantity,318,True,0.0,300,True,7.525807198240944,0.0,2026-05-04,bm_eligible
NQR,Quick Reserve,downward,2026-05-04 07:30:00+00:00,2026-05-04T08:00:00+00:00,0.5,24.0,0.0562952031307293,1.0,False,0.64034249704164,4.19,0.0879142074605562,0.0,0.0,0.313575299926706,standalone_parent:product_margin_quantity,318,True,0.0,300,True,7.525807198240944,0.0,2026-05-04,bm_eligible
PBR,Balancing Reserve,upward,2026-05-04 08:00:00+00:00,2026-05-04T08:30:00+00:00,0.5,24.0,2.294318593646916,0.5,True,4.45031576997344,3.05,0.5155406295271961,0.0,0.0,0.5988766951675288,standalone_parent:product_margin_quantity,2107,True,5.71,599,True,14.373040684020692,41.03503115287908,2026-05-04,bm_eligible
PBR,Balancing Reserve,upward,2026-05-04 08:30:00+00:00,2026-05-04T09:00:00+00:00,0.5,24.0,2.1375676420840413,0.5,True,4.146264173290107,3.05,0.5155406295271961,0.0,0.0,0.5988766951675288,standalone_parent:product_margin_quantity,2107,True,12.1,600,True,14.373040684020692,86.95689613832519,2026-05-04,bm_eligible
PBR,Balancing Reserve,upward,2026-05-04 09:00:00+00:00,2026-05-04T09:30:00+00:00,0.5,24.0,2.001166678017576,0.5,True,3.8816856779122375,3.05,0.5155406295271961,0.0,0.0,0.5988766951675288,standalone_parent:product_margin_quantity,2107,True,6.2,590,True,14.373040684020692,44.55642612046415,2026-05-04,bm_eligible
PBR,Balancing Reserve,upward,2026-05-04 09:30:00+00:00,2026-05-04T10:00:00+00:00,0.5,24.0,2.0997607153472004,0.5,True,4.072929649158588,2.27,0.5155406295271961,0.0,0.0,0.5988766951675288,standalone_parent:product_margin_quantity,2107,True,4.06,600,True,14.373040684020692,29.177272588562,2026-05-04,bm_eligible
DRL,Dynamic Regulation,upward,2026-05-04 10:00:00+00:00,2026-05-04T14:00:00+00:00,4.0,25.0,4.456658182634311,1.0,False,15.114338414699644,13.27,0.294862934807648,0.0,0.0,0.4781843929077178,standalone_parent:product_margin_quantity,466,True,12.5,479,True,11.954609822692944,597.7304911346472,2026-05-04,bm_eligible
DRL,Dynamic Regulation,upward,2026-05-04 14:00:00+00:00,2026-05-04T18:00:00+00:00,4.0,25.0,5.0075186239613165,1.0,False,16.982529958293807,12.92,0.294862934807648,170.481238073673,1.70481238073673,0.4781843929077178,standalone_parent:product_margin_quantity,466,True,20.8,480,True,11.954609822692944,994.623537248053,2026-05-04,bm_eligible
NBR,Balancing Reserve,downward,2026-05-04 18:00:00+00:00,2026-05-04T18:30:00+00:00,0.5,1.0,0.0448276306084192,0.5,True,0.2060149823818352,0.0,0.2175940317065589,0.0,0.0,0.2175940317065589,nonlooped_parent:product,3217,True,0.0,10,True,0.2175940317065589,0.0,2026-05-04,bm_eligible
NQR,Quick Reserve,downward,2026-05-04 18:00:00+00:00,2026-05-04T18:30:00+00:00,0.5,18.0,0.1342061077422434,1.0,False,1.526557670470459,0.0,0.0879142074605562,0.0,0.0,0.4126759714306841,standalone_parent:product_margin_quantity,707,True,0.5,312,True,7.428167485752313,1.8570418714380783,2026-05-04,bm_eligible
NQR,Quick Reserve,downward,2026-05-04 18:30:00+00:00,2026-05-04T19:00:00+00:00,0.5,25.0,0.1227903960559828,1.0,False,1.3967070807192812,0.0,0.0879142074605562,0.0,0.0,0.4126759714306841,standalone_parent:product_margin_quantity,707,True,1.0,300,True,10.316899285767102,5.158449642883551,2026-05-04,bm_eligible
NQR,Quick Reserve,downward,2026-05-04 19:00:00+00:00,2026-05-04T19:30:00+00:00,0.5,25.0,0.1102961116443937,1.0,False,1.254588022008608,0.0,0.0879142074605562,0.0,0.0,0.4126759714306841,standalone_parent:product_margin_quantity,707,True,1.0,307,True,10.316899285767102,5.158449642883551,2026-05-04,bm_eligible
NQR,Quick Reserve,downward,2026-05-04 19:30:00+00:00,2026-05-04T20:00:00+00:00,0.5,25.0,0.0988597211711611,1.0,False,1.124502216726639,0.0,0.0879142074605562,0.0,0.0,0.4126759714306841,standalone_parent:product_margin_quantity,707,True,1.27,300,True,10.316899285767102,6.551231046462109,2026-05-04,bm_eligible
NQR,Quick Reserve,downward,2026-05-04 20:00:00+00:00,2026-05-04T20:30:00+00:00,0.5,25.0,0.111993421493057,1.0,False,1.273894456061658,1.72,0.0879142074605562,0.0,0.0,0.3660242464560623,standalone_parent:product_margin_quantity,268,True,1.0,300,True,9.150606161401557,4.575303080700778,2026-05-04,bm_eligible
PBR,Balancing Reserve,upward,2026-05-04 20:30:00+00:00,2026-05-04T21:00:00+00:00,0.5,25.0,3.322137273588513,0.5,True,6.443987308304401,7.09,0.5155406295271961,0.0,0.0,0.5678368013834959,standalone_parent:product_margin_quantity,728,True,16.1,400,True,14.195920034587395,114.27715627842856,2026-05-04,bm_eligible
PBR,Balancing Reserve,upward,2026-05-04 21:00:00+00:00,2026-05-04T21:30:00+00:00,0.5,25.0,2.125875976084399,0.5,True,4.123585716287863,2.68,0.5155406295271961,0.0,0.0,0.5988766951675288,standalone_parent:product_margin_quantity,2107,True,3.6,400,True,14.971917379188222,26.9494512825388,2026-05-04,bm_eligible
PBR,Balancing Reserve,upward,2026-05-04 21:30:00+00:00,2026-05-04T22:00:00+00:00,0.5,25.0,2.1421971932003308,0.5,True,4.155244166041668,4.42,0.5155406295271961,0.0,0.0,0.5988766951675288,standalone_parent:product_margin_quantity,2107,True,5.77,400,True,14.971917379188222,43.193981638958014,2026-05-04,bm_eligible
PSR,Slow Reserve,upward,2026-05-04 22:00:00+00:00,2026-05-04T22:30:00+00:00,0.5,25.0,1.8887321864745603,1.0,False,3.485639748133333,2.47,0.5418609847693051,0.0,0.0,0.55535754449506,standalone_parent:product_margin_quantity,40443,True,4.18,1806,True,13.8839386123765,29.017431699866883,2026-05-04,bm_eligible
PSR,Slow Reserve,upward,2026-05-04 22:30:00+00:00,2026-05-04T23:00:00+00:00,0.5,25.0,1.0339760116088603,1.0,False,1.9081942429368133,2.32,0.5418609847693051,0.0,0.0,0.55535754449506,standalone_parent:product_margin_quantity,40443,True,4.18,1806,True,13.8839386123765,29.017431699866883,2026-05-04,bm_eligible
PSR,Slow Reserve,upward,2026-05-04 23:00:00+00:00,2026-05-04T23:30:00+00:00,0.5,25.0,1.344669421970453,1.0,False,2.4815763817041376,2.32,0.5418609847693051,0.0,0.0,0.55535754449506,standalone_parent:product_margin_quantity,40443,True,4.18,1806,True,13.8839386123765,29.017431699866883,2026-05-05,non_bm
PSR,Slow Reserve,upward,2026-05-04 23:30:00+00:00,2026-05-05T00:00:00+00:00,0.5,25.0,1.3384400571558697,1.0,False,2.470080140067114,2.32,0.5418609847693051,0.0,0.0,0.55535754449506,standalone_parent:product_margin_quantity,40443,True,4.18,1806,True,13.8839386123765,29.017431699866883,2026-05-05,non_bm
PSR,Slow Reserve,upward,2026-05-05 00:00:00+00:00,2026-05-05T00:30:00+00:00,0.5,25.0,1.2027820399178024,1.0,False,2.219724382684392,2.32,0.5418609847693051,0.0,0.0,0.55535754449506,standalone_parent:product_margin_quantity,40443,True,0.82,1829,True,13.8839386123765,5.692414831074365,2026-05-05,non_bm
PSR,Slow Reserve,upward,2026-05-05 00:30:00+00:00,2026-05-05T01:00:00+00:00,0.5,25.0,1.49576954444769,1.0,False,2.760430417562739,2.3,0.5418609847693051,0.0,0.0,0.55535754449506,standalone_parent:product_margin_quantity,40443,True,0.82,1829,True,13.8839386123765,5.692414831074365,2026-05-05,non_bm
PSR,Slow Reserve,upward,2026-05-05 01:00:00+00:00,2026-05-05T01:30:00+00:00,0.5,25.0,1.4664577323715269,1.0,False,2.7063357089565407,2.3,0.5418609847693051,0.0,0.0,0.55535754449506,standalone_parent:product_margin_quantity,40443,True,0.82,1829,True,13.8839386123765,5.692414831074365,2026-05-05,non_bm
PSR,Slow Reserve,upward,2026-05-05 01:30:00+00:00,2026-05-05T02:00:00+00:00,0.5,25.0,1.479564647368551,1.0,False,2.730524413006907,2.27,0.5418609847693051,0.0,0.0,0.55535754449506,standalone_parent:product_margin_quantity,40443,True,0.82,1829,True,13.8839386123765,5.692414831074365,2026-05-05,non_bm
DRL,Dynamic Regulation,upward,2026-05-05 02:00:00+00:00,2026-05-05T06:00:00+00:00,4.0,25.0,5.089470793869831,1.0,False,17.260463059522603,17.72,0.294862934807648,85.40250701168861,0.8540250701168861,0.4781843929077178,standalone_parent:product_margin_quantity,466,True,19.35,480,True,11.954609822692944,925.286800276434,2026-05-05,non_bm
DRL,Dynamic Regulation,upward,2026-05-05 06:00:00+00:00,2026-05-05T10:00:00+00:00,4.0,6.0,5.401541121229797,1.0,False,18.31882031817074,16.19,0.294862934807648,69.14484234636393,2.881035097765164,0.379093333467851,standalone_parent:product_margin_quantity,498,True,17.39,480,True,2.2745600008071065,158.21839365614233,2026-05-05,non_bm
NQR,Quick Reserve,downward,2026-05-05 06:00:00+00:00,2026-05-05T06:30:00+00:00,0.5,19.0,0.0897290341792465,1.0,False,1.0206431562214169,0.0,0.0879142074605562,0.0,0.0,0.4126759714306841,standalone_parent:product_margin_quantity,707,True,0.26,330,True,7.840843457182998,1.0193096494337897,2026-05-05,non_bm
NQR,Quick Reserve,downward,2026-05-05 06:30:00+00:00,2026-05-05T07:00:00+00:00,0.5,19.0,0.0936964957197942,1.0,False,1.0657719431962378,0.08,0.0879142074605562,0.0,0.0,0.4126759714306841,standalone_parent:product_margin_quantity,707,True,0.0,315,True,7.840843457182998,0.0,2026-05-05,non_bm
NQR,Quick Reserve,downward,2026-05-05 07:00:00+00:00,2026-05-05T07:30:00+00:00,0.5,19.0,0.0751075795257971,1.0,False,0.8543281193713199,0.0,0.0879142074605562,0.0,0.0,0.4126759714306841,standalone_parent:product_margin_quantity,707,True,0.0,323,True,7.840843457182998,0.0,2026-05-05,non_bm
NQR,Quick Reserve,downward,2026-05-05 07:30:00+00:00,2026-05-05T08:00:00+00:00,0.5,19.0,0.0804765954453915,1.0,False,0.9153992030411952,0.0,0.0879142074605562,0.0,0.0,0.4126759714306841,standalone_parent:product_margin_quantity,707,True,0.0,350,True,7.840843457182998,0.0,2026-05-05,non_bm
PQR,Quick Reserve,upward,2026-05-05 08:00:00+00:00,2026-05-05T08:30:00+00:00,0.5,19.0,1.6437659451720068,1.0,False,7.109875188784648,4.73,0.2311947680551323,0.0,0.0,0.411784385725345,standalone_parent:product_margin_quantity,1491,True,8.55,500,True,7.823903328781554,33.44718673054115,2026-05-05,non_bm
PQR,Quick Reserve,upward,2026-05-05 08:30:00+00:00,2026-05-05T09:00:00+00:00,0.5,19.0,1.549656380751569,1.0,False,6.70281768825334,4.48,0.2311947680551323,0.0,0.0,0.411784385725345,standalone_parent:product_margin_quantity,1491,True,5.62,500,True,7.823903328781554,21.98516835387617,2026-05-05,non_bm
PQR,Quick Reserve,upward,2026-05-05 09:00:00+00:00,2026-05-05T09:30:00+00:00,0.5,19.0,1.383413125134299,1.0,False,5.983756192979249,4.22,0.2311947680551323,0.0,0.0,0.411784385725345,standalone_parent:product_margin_quantity,1491,True,4.34,500,True,7.823903328781554,16.977870223455973,2026-05-05,non_bm
PQR,Quick Reserve,upward,2026-05-05 09:30:00+00:00,2026-05-05T10:00:00+00:00,0.5,19.0,1.2262931125617262,1.0,False,5.304155984487053,1.91,0.2311947680551323,0.0,0.0,0.443938059081164,standalone_parent:product_margin_quantity,600,True,4.11,500,True,8.434823122542117,17.33356151682405,2026-05-05,non_bm
DRL,Dynamic Regulation,upward,2026-05-05 10:00:00+00:00,2026-05-05T14:00:00+00:00,4.0,25.0,4.617115311422573,1.0,False,15.65851372412921,12.5,0.294862934807648,0.0,0.0,0.4781843929077178,standalone_parent:product_margin_quantity,466,True,12.6,480,True,11.954609822692944,602.5123350637244,2026-05-05,non_bm
DRL,Dynamic Regulation,upward,2026-05-05 14:00:00+00:00,2026-05-05T18:00:00+00:00,4.0,25.0,5.820177782737686,1.0,False,19.73858730848773,20.8,0.294862934807648,137.61269429805725,1.3761269429805725,0.4781843929077178,standalone_parent:product_margin_quantity,466,True,16.77,480,True,11.954609822692944,801.9152269062427,2026-05-05,non_bm
NQR,Quick Reserve,downward,2026-05-05 18:00:00+00:00,2026-05-05T18:30:00+00:00,0.5,25.0,0.1539447627642018,1.0,False,1.7510794581555087,0.5,0.0879142074605562,0.0,0.0,0.4719198038459597,standalone_parent:product_margin_quantity,203,True,0.0,300,True,11.797995096148991,0.0,2026-05-05,non_bm
NQR,Quick Reserve,downward,2026-05-05 18:30:00+00:00,2026-05-05T19:00:00+00:00,0.5,25.0,0.1465888461674895,1.0,False,1.6674079241771964,1.0,0.0879142074605562,0.0,0.0,0.3660242464560623,standalone_parent:product_margin_quantity,268,True,0.0,302,True,9.150606161401557,0.0,2026-05-05,non_bm
NQR,Quick Reserve,downward,2026-05-05 19:00:00+00:00,2026-05-05T19:30:00+00:00,0.5,25.0,0.1328228650593493,1.0,False,1.5108236642972848,1.0,0.0879142074605562,0.0,0.0,0.3660242464560623,standalone_parent:product_margin_quantity,268,True,0.0,308,True,9.150606161401557,0.0,2026-05-05,non_bm
NQR,Quick Reserve,downward,2026-05-05 19:30:00+00:00,2026-05-05T20:00:00+00:00,0.5,25.0,0.1246051498368044,1.0,False,1.417349407292445,1.27,0.0879142074605562,0.0,0.0,0.3660242464560623,standalone_parent:product_margin_quantity,268,True,0.0,332,True,9.150606161401557,0.0,2026-05-05,non_bm
NQR,Quick Reserve,downward,2026-05-05 20:00:00+00:00,2026-05-05T20:30:00+00:00,0.5,25.0,0.1399501955907448,1.0,False,1.5918950944707675,1.0,0.0879142074605562,0.0,0.0,0.3660242464560623,standalone_parent:product_margin_quantity,268,True,0.0,306,True,9.150606161401557,0.0,2026-05-05,non_bm
PSR,Slow Reserve,upward,2026-05-05 20:30:00+00:00,2026-05-05T21:00:00+00:00,0.5,25.0,2.349281123809404,1.0,False,4.335579031971825,5.96,0.5418609847693051,0.0,0.0,0.5418191976625076,standalone_parent:product_margin_quantity,19955,True,5.6,1807,True,13.545479941562691,37.927343836375535,2026-05-05,non_bm
PSR,Slow Reserve,upward,2026-05-05 21:00:00+00:00,2026-05-05T21:30:00+00:00,0.5,25.0,2.3395397538966107,1.0,False,4.317601413751277,5.96,0.5418609847693051,0.0,0.0,0.5418191976625076,standalone_parent:product_margin_quantity,19955,True,5.6,1807,True,13.545479941562691,37.927343836375535,2026-05-05,non_bm
PSR,Slow Reserve,upward,2026-05-05 21:30:00+00:00,2026-05-05T22:00:00+00:00,0.5,25.0,2.3310054824578312,1.0,False,4.301851485857108,5.96,0.5418609847693051,0.0,0.0,0.5418191976625076,standalone_parent:product_margin_quantity,19955,True,5.6,1807,True,13.545479941562691,37.927343836375535,2026-05-05,non_bm
PSR,Slow Reserve,upward,2026-05-05 22:00:00+00:00,2026-05-05T22:30:00+00:00,0.5,25.0,3.150424575253709,1.0,False,5.814082696127289,4.18,0.5418609847693051,0.0,0.0,0.55535754449506,standalone_parent:product_margin_quantity,40443,True,2.32,1800,True,13.8839386123765,16.10536879035674,2026-05-05,non_bm
PSR,Slow Reserve,upward,2026-05-05 22:30:00+00:00,2026-05-05T23:00:00+00:00,0.5,25.0,1.2682530562694727,1.0,False,2.34055060599985,4.18,0.5418609847693051,0.0,0.0,0.55535754449506,standalone_parent:product_margin_quantity,40443,True,2.32,1800,True,13.8839386123765,16.10536879035674,2026-05-05,non_bm
PSR,Slow Reserve,upward,2026-05-04 23:00:00+00:00,2026-05-04T23:30:00+00:00,0.5,25.0,1.344669421970453,1.0,False,2.4815763817041376,2.32,0.5418609847693051,0.0,0.0,0.55535754449506,standalone_parent:product_margin_quantity,40443,True,4.18,1806,True,13.8839386123765,29.017431699866883,2026-05-05,bm_eligible
PSR,Slow Reserve,upward,2026-05-04 23:30:00+00:00,2026-05-05T00:00:00+00:00,0.5,25.0,1.3384400571558697,1.0,False,2.470080140067114,2.32,0.5418609847693051,0.0,0.0,0.55535754449506,standalone_parent:product_margin_quantity,40443,True,4.18,1806,True,13.8839386123765,29.017431699866883,2026-05-05,bm_eligible
PSR,Slow Reserve,upward,2026-05-05 00:00:00+00:00,2026-05-05T00:30:00+00:00,0.5,25.0,1.2027820399178024,1.0,False,2.219724382684392,2.32,0.5418609847693051,0.0,0.0,0.55535754449506,standalone_parent:product_margin_quantity,40443,True,0.82,1829,True,13.8839386123765,5.692414831074365,2026-05-05,bm_eligible
PSR,Slow Reserve,upward,2026-05-05 00:30:00+00:00,2026-05-05T01:00:00+00:00,0.5,25.0,1.49576954444769,1.0,False,2.760430417562739,2.3,0.5418609847693051,0.0,0.0,0.55535754449506,standalone_parent:product_margin_quantity,40443,True,0.82,1829,True,13.8839386123765,5.692414831074365,2026-05-05,bm_eligible
PSR,Slow Reserve,upward,2026-05-05 01:00:00+00:00,2026-05-05T01:30:00+00:00,0.5,25.0,1.4664577323715269,1.0,False,2.7063357089565407,2.3,0.5418609847693051,0.0,0.0,0.55535754449506,standalone_parent:product_margin_quantity,40443,True,0.82,1829,True,13.8839386123765,5.692414831074365,2026-05-05,bm_eligible
PSR,Slow Reserve,upward,2026-05-05 01:30:00+00:00,2026-05-05T02:00:00+00:00,0.5,25.0,1.479564647368551,1.0,False,2.730524413006907,2.27,0.5418609847693051,0.0,0.0,0.55535754449506,standalone_parent:product_margin_quantity,40443,True,0.82,1829,True,13.8839386123765,5.692414831074365,2026-05-05,bm_eligible
DRL,Dynamic Regulation,upward,2026-05-05 02:00:00+00:00,2026-05-05T06:00:00+00:00,4.0,25.0,5.089470793869831,1.0,False,17.260463059522603,17.72,0.294862934807648,85.40250701168861,0.8540250701168861,0.4781843929077178,standalone_parent:product_margin_quantity,466,True,19.35,480,True,11.954609822692944,925.286800276434,2026-05-05,bm_eligible
DRL,Dynamic Regulation,upward,2026-05-05 06:00:00+00:00,2026-05-05T10:00:00+00:00,4.0,1.0,5.401541121229797,1.0,False,18.31882031817074,16.19,0.294862934807648,11.402932897141,2.85073322428525,0.4738983688433393,standalone_parent:product_margin,1454,True,17.39,480,True,0.4738983688433393,32.964370536742685,2026-05-05,bm_eligible
NQR,Quick Reserve,downward,2026-05-05 06:00:00+00:00,2026-05-05T06:30:00+00:00,0.5,24.0,0.0897290341792465,1.0,False,1.0206431562214169,0.0,0.0879142074605562,0.0,0.0,0.4126759714306841,standalone_parent:product_margin_quantity,707,True,0.26,330,True,9.904223314336418,1.2875490308637343,2026-05-05,bm_eligible
NQR,Quick Reserve,downward,2026-05-05 06:30:00+00:00,2026-05-05T07:00:00+00:00,0.5,24.0,0.0936964957197942,1.0,False,1.0657719431962378,0.08,0.0879142074605562,0.0,0.0,0.4126759714306841,standalone_parent:product_margin_quantity,707,True,0.0,315,True,9.904223314336418,0.0,2026-05-05,bm_eligible
NQR,Quick Reserve,downward,2026-05-05 07:00:00+00:00,2026-05-05T07:30:00+00:00,0.5,24.0,0.0751075795257971,1.0,False,0.8543281193713199,0.0,0.0879142074605562,0.0,0.0,0.4126759714306841,standalone_parent:product_margin_quantity,707,True,0.0,323,True,9.904223314336418,0.0,2026-05-05,bm_eligible
NQR,Quick Reserve,downward,2026-05-05 07:30:00+00:00,2026-05-05T08:00:00+00:00,0.5,24.0,0.0804765954453915,1.0,False,0.9153992030411952,0.0,0.0879142074605562,0.0,0.0,0.4126759714306841,standalone_parent:product_margin_quantity,707,True,0.0,350,True,9.904223314336418,0.0,2026-05-05,bm_eligible
PBR,Balancing Reserve,upward,2026-05-05 08:00:00+00:00,2026-05-05T08:30:00+00:00,0.5,24.0,3.051787018550918,0.5,True,5.919585855628336,5.71,0.5155406295271961,0.0,0.0,0.5678368013834959,standalone_parent:product_margin_quantity,728,True,8.25,600,True,13.628083233203904,56.215843336966095,2026-05-05,bm_eligible
PBR,Balancing Reserve,upward,2026-05-05 08:30:00+00:00,2026-05-05T09:00:00+00:00,0.5,24.0,3.676970262118604,0.5,True,7.132260876297498,12.1,0.5155406295271961,0.0,0.0,0.6387379380185993,standalone_parent:product_margin_quantity,507,True,7.87,595,True,15.329710512446384,60.32241086647653,2026-05-05,bm_eligible
PBR,Balancing Reserve,upward,2026-05-05 09:00:00+00:00,2026-05-05T09:30:00+00:00,0.5,24.0,2.790098801504461,0.5,True,5.411986256181727,6.2,0.5155406295271961,0.0,0.0,0.5678368013834959,standalone_parent:product_margin_quantity,728,True,7.1,585,True,13.628083233203904,48.37969547787385,2026-05-05,bm_eligible
PBR,Balancing Reserve,upward,2026-05-05 09:30:00+00:00,2026-05-05T10:00:00+00:00,0.5,24.0,2.6223660762445538,0.5,True,5.086633188638369,4.06,0.5155406295271961,0.0,0.0,0.5988766951675288,standalone_parent:product_margin_quantity,2107,True,6.99,594,True,14.373040684020692,50.23377719065232,2026-05-05,bm_eligible
DRL,Dynamic Regulation,upward,2026-05-05 10:00:00+00:00,2026-05-05T14:00:00+00:00,4.0,25.0,4.617115311422573,1.0,False,15.65851372412921,12.5,0.294862934807648,0.0,0.0,0.4781843929077178,standalone_parent:product_margin_quantity,466,True,12.6,480,True,11.954609822692944,602.5123350637244,2026-05-05,bm_eligible
DRL,Dynamic Regulation,upward,2026-05-05 14:00:00+00:00,2026-05-05T18:00:00+00:00,4.0,25.0,5.820177782737686,1.0,False,19.73858730848773,20.8,0.294862934807648,137.61269429805725,1.3761269429805725,0.4781843929077178,standalone_parent:product_margin_quantity,466,True,16.77,480,True,11.954609822692944,801.9152269062427,2026-05-05,bm_eligible
NQR,Quick Reserve,downward,2026-05-05 18:00:00+00:00,2026-05-05T18:30:00+00:00,0.5,25.0,0.1539447627642018,1.0,False,1.7510794581555087,0.5,0.0879142074605562,0.0,0.0,0.4719198038459597,standalone_parent:product_margin_quantity,203,True,0.0,300,True,11.797995096148991,0.0,2026-05-05,bm_eligible
NQR,Quick Reserve,downward,2026-05-05 18:30:00+00:00,2026-05-05T19:00:00+00:00,0.5,25.0,0.1465888461674895,1.0,False,1.6674079241771964,1.0,0.0879142074605562,0.0,0.0,0.3660242464560623,standalone_parent:product_margin_quantity,268,True,0.0,302,True,9.150606161401557,0.0,2026-05-05,bm_eligible
NQR,Quick Reserve,downward,2026-05-05 19:00:00+00:00,2026-05-05T19:30:00+00:00,0.5,25.0,0.1328228650593493,1.0,False,1.5108236642972848,1.0,0.0879142074605562,0.0,0.0,0.3660242464560623,standalone_parent:product_margin_quantity,268,True,0.0,308,True,9.150606161401557,0.0,2026-05-05,bm_eligible
NQR,Quick Reserve,downward,2026-05-05 19:30:00+00:00,2026-05-05T20:00:00+00:00,0.5,25.0,0.1246051498368044,1.0,False,1.417349407292445,1.27,0.0879142074605562,0.0,0.0,0.3660242464560623,standalone_parent:product_margin_quantity,268,True,0.0,332,True,9.150606161401557,0.0,2026-05-05,bm_eligible
NQR,Quick Reserve,downward,2026-05-05 20:00:00+00:00,2026-05-05T20:30:00+00:00,0.5,25.0,0.1399501955907448,1.0,False,1.5918950944707675,1.0,0.0879142074605562,0.0,0.0,0.3660242464560623,standalone_parent:product_margin_quantity,268,True,0.0,306,True,9.150606161401557,0.0,2026-05-05,bm_eligible
PBR,Balancing Reserve,upward,2026-05-05 20:30:00+00:00,2026-05-05T21:00:00+00:00,0.5,25.0,4.234521845655333,0.5,True,8.213749999760108,16.1,0.5155406295271961,0.0,0.0,0.6387379380185993,standalone_parent:product_margin_quantity,507,True,3.71,400,True,15.968448450464985,29.621471875612546,2026-05-05,bm_eligible
PBR,Balancing Reserve,upward,2026-05-05 21:00:00+00:00,2026-05-05T21:30:00+00:00,0.5,25.0,2.64876469382866,0.5,True,5.137838886253932,3.6,0.5155406295271961,0.0,0.0,0.5988766951675288,standalone_parent:product_margin_quantity,2107,True,3.71,400,True,14.971917379188222,27.772906738394152,2026-05-05,bm_eligible
PBR,Balancing Reserve,upward,2026-05-05 21:30:00+00:00,2026-05-05T22:00:00+00:00,0.5,25.0,2.687971212967593,0.5,True,5.213888215624711,5.77,0.5155406295271961,0.0,0.0,0.5678368013834959,standalone_parent:product_margin_quantity,728,True,3.71,400,True,14.195920034587395,26.333431664159622,2026-05-05,bm_eligible
PSR,Slow Reserve,upward,2026-05-05 22:00:00+00:00,2026-05-05T22:30:00+00:00,0.5,25.0,3.150424575253709,1.0,False,5.814082696127289,4.18,0.5418609847693051,0.0,0.0,0.55535754449506,standalone_parent:product_margin_quantity,40443,True,2.32,1800,True,13.8839386123765,16.10536879035674,2026-05-05,bm_eligible
PSR,Slow Reserve,upward,2026-05-05 22:30:00+00:00,2026-05-05T23:00:00+00:00,0.5,25.0,1.2682530562694727,1.0,False,2.34055060599985,4.18,0.5418609847693051,0.0,0.0,0.55535754449506,standalone_parent:product_margin_quantity,40443,True,2.32,1800,True,13.8839386123765,16.10536879035674,2026-05-05,bm_eligible
PSR,Slow Reserve,upward,2026-05-05 23:00:00+00:00,2026-05-05T23:30:00+00:00,0.5,25.0,1.3638416245333405,1.0,False,2.5169585241756978,4.18,0.5418609847693051,3.637978807091713e-12,2.9103830456733704e-13,0.55535754449506,standalone_parent:product_margin_quantity,40443,True,2.32,1800,True,13.8839386123765,16.10536879035674,2026-05-06,non_bm
PSR,Slow Reserve,upward,2026-05-05 23:30:00+00:00,2026-05-06T00:00:00+00:00,0.5,25.0,1.354036361109393,1.0,False,2.498862991004728,4.18,0.5418609847693051,3.637978807091713e-12,2.9103830456733704e-13,0.55535754449506,standalone_parent:product_margin_quantity,40443,True,2.32,1800,True,13.8839386123765,16.10536879035674,2026-05-06,non_bm
PSR,Slow Reserve,upward,2026-05-06 00:00:00+00:00,2026-05-06T00:30:00+00:00,0.5,25.0,1.1666519268803168,1.0,False,2.1530465556161302,0.82,0.5418609847693051,3.637978807091713e-12,2.9103830456733704e-13,0.6641209477482147,standalone_parent:product_margin_quantity,5151,True,1.73,1800,True,16.603023693705367,14.361615495055142,2026-05-06,non_bm
PSR,Slow Reserve,upward,2026-05-06 00:30:00+00:00,2026-05-06T01:00:00+00:00,0.5,25.0,1.4435072004064482,1.0,False,2.663980690584348,0.82,0.5418609847693051,3.637978807091713e-12,2.9103830456733704e-13,0.6641209477482147,standalone_parent:product_margin_quantity,5151,True,1.73,1800,True,16.603023693705367,14.361615495055142,2026-05-06,non_bm
PSR,Slow Reserve,upward,2026-05-06 01:00:00+00:00,2026-05-06T01:30:00+00:00,0.5,25.0,1.4202074362089274,1.0,False,2.6209811669935497,0.82,0.5418609847693051,3.637978807091713e-12,2.9103830456733704e-13,0.6641209477482147,standalone_parent:product_margin_quantity,5151,True,1.73,1800,True,16.603023693705367,14.361615495055142,2026-05-06,non_bm
PSR,Slow Reserve,upward,2026-05-06 01:30:00+00:00,2026-05-06T02:00:00+00:00,0.5,25.0,1.4301626082012238,1.0,False,2.6393533551970143,0.82,0.5418609847693051,0.0,0.0,0.6641209477482147,standalone_parent:product_margin_quantity,5151,True,1.73,1800,True,16.603023693705367,14.361615495055142,2026-05-06,non_bm
DRL,Dynamic Regulation,upward,2026-05-06 02:00:00+00:00,2026-05-06T06:00:00+00:00,4.0,25.0,5.206157402484331,1.0,False,17.656194753269126,19.35,0.294862934807648,74.92742737509025,0.7492742737509025,0.4781843929077178,standalone_parent:product_margin_quantity,466,True,17.62,479,True,11.954609822692944,842.5609003033987,2026-05-06,non_bm
DRL,Dynamic Regulation,upward,2026-05-06 06:00:00+00:00,2026-05-06T10:00:00+00:00,4.0,7.0,5.4740157967462615,1.0,False,18.564611385684,17.39,0.294862934807648,76.72974315583997,2.7403479698514275,0.379093333467851,standalone_parent:product_margin_quantity,498,True,16.51,480,True,2.6536533342749573,175.2472661955182,2026-05-06,non_bm
NQR,Quick Reserve,downward,2026-05-06 06:00:00+00:00,2026-05-06T06:30:00+00:00,0.5,18.0,0.0823352105346472,1.0,False,0.9365404399691352,0.26,0.0879142074605562,0.0,0.0,0.4126759714306841,standalone_parent:product_margin_quantity,707,True,0.74,300,True,7.428167485752313,2.748421969728356,2026-05-06,non_bm
NQR,Quick Reserve,downward,2026-05-06 06:30:00+00:00,2026-05-06T07:00:00+00:00,0.5,18.0,0.0863601909409164,1.0,False,0.9823234882673878,0.0,0.0879142074605562,0.0,0.0,0.4126759714306841,standalone_parent:product_margin_quantity,707,True,1.0,300,True,7.428167485752313,3.7140837428761566,2026-05-06,non_bm
NQR,Quick Reserve,downward,2026-05-06 07:00:00+00:00,2026-05-06T07:30:00+00:00,0.5,18.0,0.0663580149316121,1.0,False,0.754804221620088,0.0,0.0879142074605562,0.0,0.0,0.4126759714306841,standalone_parent:product_margin_quantity,707,True,0.9,300,True,7.428167485752313,3.342675368588541,2026-05-06,non_bm
NQR,Quick Reserve,downward,2026-05-06 07:30:00+00:00,2026-05-06T08:00:00+00:00,0.5,18.0,0.0657172584070033,1.0,False,0.7475157918757118,0.0,0.0879142074605562,0.0,0.0,0.4126759714306841,standalone_parent:product_margin_quantity,707,True,0.0,300,True,7.428167485752313,0.0,2026-05-06,non_bm
PQR,Quick Reserve,upward,2026-05-06 08:00:00+00:00,2026-05-06T08:30:00+00:00,0.5,18.0,1.7838379282155912,1.0,False,7.715736576660786,8.55,0.2311947680551323,0.0,0.0,0.5989761163562776,standalone_parent:product_margin_quantity,1552,True,1.51,500,True,10.781570094412997,8.140085421281812,2026-05-06,non_bm
PQR,Quick Reserve,upward,2026-05-06 08:30:00+00:00,2026-05-06T09:00:00+00:00,0.5,18.0,1.503010748455826,1.0,False,6.501058657596471,5.62,0.2311947680551323,0.0,0.0,0.5989761163562776,standalone_parent:product_margin_quantity,1552,True,2.75,500,True,10.781570094412997,14.824658879817871,2026-05-06,non_bm
PQR,Quick Reserve,upward,2026-05-06 09:00:00+00:00,2026-05-06T09:30:00+00:00,0.5,18.0,1.287674434907376,1.0,False,5.569652141091308,4.34,0.2311947680551323,0.0,0.0,0.411784385725345,standalone_parent:product_margin_quantity,1491,True,3.06,500,True,7.4121189430562096,11.340541982876,2026-05-06,non_bm
PQR,Quick Reserve,upward,2026-05-06 09:30:00+00:00,2026-05-06T10:00:00+00:00,0.5,18.0,1.1896580677320676,1.0,False,5.145696322368218,4.11,0.2311947680551323,0.0,0.0,0.411784385725345,standalone_parent:product_margin_quantity,1491,True,4.15,490,True,7.4121189430562096,15.380146806841635,2026-05-06,non_bm
DRL,Dynamic Regulation,upward,2026-05-06 10:00:00+00:00,2026-05-06T14:00:00+00:00,4.0,25.0,4.542609926747764,1.0,False,15.405835696884406,12.6,0.294862934807648,0.0,0.0,0.4781843929077178,standalone_parent:product_margin_quantity,466,True,15.25,480,True,11.954609822692944,729.2311991842696,2026-05-06,non_bm
DRL,Dynamic Regulation,upward,2026-05-06 14:00:00+00:00,2026-05-06T18:00:00+00:00,4.0,25.0,5.485244790887824,1.0,False,18.60269346659691,16.77,0.294862934807648,200.9317243157193,2.009317243157193,0.4781843929077178,standalone_parent:product_margin_quantity,466,True,16.22,480,True,11.954609822692944,775.6150852963182,2026-05-06,non_bm
NQR,Quick Reserve,downward,2026-05-06 18:00:00+00:00,2026-05-06T18:30:00+00:00,0.5,19.0,0.1534229048831195,1.0,False,1.7451434678741145,0.0,0.0879142074605562,0.0,0.0,0.4126759714306841,standalone_parent:product_margin_quantity,707,True,1.8,300,True,7.840843457182998,7.056759111464698,2026-05-06,non_bm
NQR,Quick Reserve,downward,2026-05-06 18:30:00+00:00,2026-05-06T19:00:00+00:00,0.5,25.0,0.1502816338417797,1.0,False,1.709412371250748,0.0,0.0879142074605562,0.0,0.0,0.4126759714306841,standalone_parent:product_margin_quantity,707,True,0.5,300,True,10.316899285767102,2.5792248214417755,2026-05-06,non_bm
NQR,Quick Reserve,downward,2026-05-06 19:00:00+00:00,2026-05-06T19:30:00+00:00,0.5,25.0,0.131191629083405,1.0,False,1.492268802426112,0.0,0.0879142074605562,0.0,0.0,0.4126759714306841,standalone_parent:product_margin_quantity,707,True,0.96,300,True,10.316899285767102,4.952111657168209,2026-05-06,non_bm
NQR,Quick Reserve,downward,2026-05-06 19:30:00+00:00,2026-05-06T20:00:00+00:00,0.5,25.0,0.1275321873758514,1.0,False,1.4506436565792875,0.0,0.0879142074605562,0.0,0.0,0.4126759714306841,standalone_parent:product_margin_quantity,707,True,0.0,300,True,10.316899285767102,0.0,2026-05-06,non_bm
NQR,Quick Reserve,downward,2026-05-06 20:00:00+00:00,2026-05-06T20:30:00+00:00,0.5,25.0,0.1350517598893595,1.0,False,1.536176731729648,0.0,0.0879142074605562,0.0,0.0,0.4126759714306841,standalone_parent:product_margin_quantity,707,True,1.4,300,True,10.316899285767102,7.22182950003697,2026-05-06,non_bm
PSR,Slow Reserve,upward,2026-05-06 20:30:00+00:00,2026-05-06T21:00:00+00:00,0.5,25.0,2.565295869890117,1.0,False,4.734232472895757,5.6,0.5418609847693051,0.0,0.0,0.5418191976625076,standalone_parent:product_margin_quantity,19955,True,8.0,1810,True,13.545479941562691,54.181919766250765,2026-05-06,non_bm
PSR,Slow Reserve,upward,2026-05-06 21:00:00+00:00,2026-05-06T21:30:00+00:00,0.5,25.0,2.553206039514228,1.0,False,4.711920790165847,5.6,0.5418609847693051,0.0,0.0,0.5418191976625076,standalone_parent:product_margin_quantity,19955,True,8.0,1810,True,13.545479941562691,54.181919766250765,2026-05-06,non_bm
PSR,Slow Reserve,upward,2026-05-06 21:30:00+00:00,2026-05-06T22:00:00+00:00,0.5,25.0,2.5419596332621848,1.0,False,4.691165639733986,5.6,0.5418609847693051,0.0,0.0,0.5418191976625076,standalone_parent:product_margin_quantity,19955,True,8.0,1810,True,13.545479941562691,54.181919766250765,2026-05-06,non_bm
PSR,Slow Reserve,upward,2026-05-06 22:00:00+00:00,2026-05-06T22:30:00+00:00,0.5,25.0,2.52810405169107,1.0,False,4.665595277665911,2.32,0.5418609847693051,0.0,0.0,0.55535754449506,standalone_parent:product_margin_quantity,40443,True,5.0,1797,True,13.8839386123765,34.70984653094125,2026-05-06,non_bm
PSR,Slow Reserve,upward,2026-05-06 22:30:00+00:00,2026-05-06T23:00:00+00:00,0.5,25.0,1.4533174209158055,1.0,False,2.682085372015756,2.32,0.5418609847693051,0.0,0.0,0.55535754449506,standalone_parent:product_margin_quantity,40443,True,2.54,1797,True,13.8839386123765,17.632602037718154,2026-05-06,non_bm
PSR,Slow Reserve,upward,2026-05-05 23:00:00+00:00,2026-05-05T23:30:00+00:00,0.5,25.0,1.3638416245333405,1.0,False,2.5169585241756978,4.18,0.5418609847693051,3.637978807091713e-12,2.9103830456733704e-13,0.55535754449506,standalone_parent:product_margin_quantity,40443,True,2.32,1800,True,13.8839386123765,16.10536879035674,2026-05-06,bm_eligible
PBR,Balancing Reserve,upward,2026-05-05 23:30:00+00:00,2026-05-06T00:00:00+00:00,0.5,25.0,1.6001532985725575,0.5,True,3.103835482452786,8.46,0.5155406295271961,3.637978807091713e-12,2.9103830456733704e-13,0.5678368013834959,standalone_parent:product_margin_quantity,728,True,0.0,258,True,14.195920034587395,0.0,2026-05-06,bm_eligible
PBR,Balancing Reserve,upward,2026-05-06 00:00:00+00:00,2026-05-06T00:30:00+00:00,0.5,25.0,1.2968618865616766,0.5,True,2.515537694383142,5.39,0.5155406295271961,3.637978807091713e-12,2.9103830456733704e-13,0.5678368013834959,standalone_parent:product_margin_quantity,728,True,0.0,258,True,14.195920034587395,0.0,2026-05-06,bm_eligible
PSR,Slow Reserve,upward,2026-05-06 00:30:00+00:00,2026-05-06T01:00:00+00:00,0.5,25.0,1.4435072004064482,1.0,False,2.663980690584348,0.82,0.5418609847693051,3.637978807091713e-12,2.9103830456733704e-13,0.6641209477482147,standalone_parent:product_margin_quantity,5151,True,1.73,1800,True,16.603023693705367,14.361615495055142,2026-05-06,bm_eligible
PSR,Slow Reserve,upward,2026-05-06 01:00:00+00:00,2026-05-06T01:30:00+00:00,0.5,25.0,1.4202074362089274,1.0,False,2.6209811669935497,0.82,0.5418609847693051,3.637978807091713e-12,2.9103830456733704e-13,0.6641209477482147,standalone_parent:product_margin_quantity,5151,True,1.73,1800,True,16.603023693705367,14.361615495055142,2026-05-06,bm_eligible
PSR,Slow Reserve,upward,2026-05-06 01:30:00+00:00,2026-05-06T02:00:00+00:00,0.5,25.0,1.4301626082012238,1.0,False,2.6393533551970143,0.82,0.5418609847693051,0.0,0.0,0.6641209477482147,standalone_parent:product_margin_quantity,5151,True,1.73,1800,True,16.603023693705367,14.361615495055142,2026-05-06,bm_eligible
DRL,Dynamic Regulation,upward,2026-05-06 02:00:00+00:00,2026-05-06T06:00:00+00:00,4.0,25.0,5.206157402484331,1.0,False,17.656194753269126,19.35,0.294862934807648,74.92742737509025,0.7492742737509025,0.4781843929077178,standalone_parent:product_margin_quantity,466,True,17.62,479,True,11.954609822692944,842.5609003033987,2026-05-06,bm_eligible
DRL,Dynamic Regulation,upward,2026-05-06 06:00:00+00:00,2026-05-06T10:00:00+00:00,4.0,6.0,5.4740157967462615,1.0,False,18.564611385684,17.39,0.294862934807648,65.74814930386856,2.739506220994523,0.379093333467851,standalone_parent:product_margin_quantity,498,True,16.51,480,True,2.2745600008071065,150.21194245330133,2026-05-06,bm_eligible
NQR,Quick Reserve,downward,2026-05-06 06:00:00+00:00,2026-05-06T06:30:00+00:00,0.5,19.0,0.0823352105346472,1.0,False,0.9365404399691352,0.26,0.0879142074605562,0.0,0.0,0.4126759714306841,standalone_parent:product_margin_quantity,707,True,0.74,300,True,7.840843457182998,2.901112079157709,2026-05-06,bm_eligible
NQR,Quick Reserve,downward,2026-05-06 06:30:00+00:00,2026-05-06T07:00:00+00:00,0.5,19.0,0.0863601909409164,1.0,False,0.9823234882673878,0.0,0.0879142074605562,0.0,0.0,0.4126759714306841,standalone_parent:product_margin_quantity,707,True,1.0,300,True,7.840843457182998,3.920421728591499,2026-05-06,bm_eligible
NQR,Quick Reserve,downward,2026-05-06 07:00:00+00:00,2026-05-06T07:30:00+00:00,0.5,19.0,0.0663580149316121,1.0,False,0.754804221620088,0.0,0.0879142074605562,0.0,0.0,0.4126759714306841,standalone_parent:product_margin_quantity,707,True,0.9,300,True,7.840843457182998,3.528379555732349,2026-05-06,bm_eligible
NQR,Quick Reserve,downward,2026-05-06 07:30:00+00:00,2026-05-06T08:00:00+00:00,0.5,17.0,0.0657172584070033,1.0,False,0.7475157918757118,0.0,0.0879142074605562,0.0,0.0,0.4126759714306841,standalone_parent:product_margin_quantity,707,True,0.0,300,True,7.01549151432163,0.0,2026-05-06,bm_eligible
PBR,Balancing Reserve,upward,2026-05-06 07:30:00+00:00,2026-05-06T08:00:00+00:00,0.5,2.0,3.7318987933968617,0.5,True,7.238806370740163,9.7,0.5155406295271961,1.486577426769145,1.486577426769145,0.5885007496194475,standalone_parent:product_margin,1326,True,6.75,599,True,1.177001499238895,3.972380059931271,2026-05-06,bm_eligible
PBR,Balancing Reserve,upward,2026-05-06 08:00:00+00:00,2026-05-06T08:30:00+00:00,0.5,19.0,3.024972805628329,0.5,True,5.867574023026159,8.25,0.5155406295271961,0.0,0.0,0.5678368013834959,standalone_parent:product_margin_quantity,728,True,6.3,600,True,10.78889922628642,33.985032562802225,2026-05-06,bm_eligible
PBR,Balancing Reserve,upward,2026-05-06 08:30:00+00:00,2026-05-06T09:00:00+00:00,0.5,19.0,2.899538641224213,0.5,True,5.624267953203588,7.87,0.5155406295271961,0.0,0.0,0.5678368013834959,standalone_parent:product_margin_quantity,728,True,5.8,600,True,10.78889922628642,31.28780775623062,2026-05-06,bm_eligible
PBR,Balancing Reserve,upward,2026-05-06 09:00:00+00:00,2026-05-06T09:30:00+00:00,0.5,19.0,2.5891522977400334,0.5,True,5.022208046171944,7.1,0.5155406295271961,0.0,0.0,0.5678368013834959,standalone_parent:product_margin_quantity,728,True,6.99,600,True,10.78889922628642,37.70720279587104,2026-05-06,bm_eligible
PBR,Balancing Reserve,upward,2026-05-06 09:30:00+00:00,2026-05-06T10:00:00+00:00,0.5,19.0,2.588593645532092,0.5,True,5.021124422154853,6.99,0.5155406295271961,0.0,0.0,0.5678368013834959,standalone_parent:product_margin_quantity,728,True,4.36,600,True,10.78889922628642,23.5198003133044,2026-05-06,bm_eligible
DRL,Dynamic Regulation,upward,2026-05-06 10:00:00+00:00,2026-05-06T14:00:00+00:00,4.0,25.0,4.542609926747764,1.0,False,15.405835696884406,12.6,0.294862934807648,0.0,0.0,0.4781843929077178,standalone_parent:product_margin_quantity,466,True,15.25,480,True,11.954609822692944,729.2311991842696,2026-05-06,bm_eligible
DRL,Dynamic Regulation,upward,2026-05-06 14:00:00+00:00,2026-05-06T18:00:00+00:00,4.0,25.0,5.485244790887824,1.0,False,18.60269346659691,16.77,0.294862934807648,200.9317243157193,2.009317243157193,0.4781843929077178,standalone_parent:product_margin_quantity,466,True,16.22,480,True,11.954609822692944,775.6150852963182,2026-05-06,bm_eligible
NBR,Balancing Reserve,downward,2026-05-06 18:00:00+00:00,2026-05-06T18:30:00+00:00,0.5,1.0,0.0030307314593814,0.5,True,0.013928375864043,0.0,0.2175940317065589,0.0,0.0,0.2175940317065589,nonlooped_parent:product,3217,True,0.0,4,True,0.2175940317065589,0.0,2026-05-06,bm_eligible
NQR,Quick Reserve,downward,2026-05-06 18:00:00+00:00,2026-05-06T18:30:00+00:00,0.5,19.0,0.1534229048831195,1.0,False,1.7451434678741145,0.0,0.0879142074605562,0.0,0.0,0.4126759714306841,standalone_parent:product_margin_quantity,707,True,1.8,300,True,7.840843457182998,7.056759111464698,2026-05-06,bm_eligible
NQR,Quick Reserve,downward,2026-05-06 18:30:00+00:00,2026-05-06T19:00:00+00:00,0.5,25.0,0.1502816338417797,1.0,False,1.709412371250748,0.0,0.0879142074605562,0.0,0.0,0.4126759714306841,standalone_parent:product_margin_quantity,707,True,0.5,300,True,10.316899285767102,2.5792248214417755,2026-05-06,bm_eligible
NQR,Quick Reserve,downward,2026-05-06 19:00:00+00:00,2026-05-06T19:30:00+00:00,0.5,25.0,0.131191629083405,1.0,False,1.492268802426112,0.0,0.0879142074605562,0.0,0.0,0.4126759714306841,standalone_parent:product_margin_quantity,707,True,0.96,300,True,10.316899285767102,4.952111657168209,2026-05-06,bm_eligible
NQR,Quick Reserve,downward,2026-05-06 19:30:00+00:00,2026-05-06T20:00:00+00:00,0.5,25.0,0.1275321873758514,1.0,False,1.4506436565792875,0.0,0.0879142074605562,0.0,0.0,0.4126759714306841,standalone_parent:product_margin_quantity,707,True,0.0,300,True,10.316899285767102,0.0,2026-05-06,bm_eligible
NQR,Quick Reserve,downward,2026-05-06 20:00:00+00:00,2026-05-06T20:30:00+00:00,0.5,25.0,0.1350517598893595,1.0,False,1.536176731729648,0.0,0.0879142074605562,0.0,0.0,0.4126759714306841,standalone_parent:product_margin_quantity,707,True,1.4,300,True,10.316899285767102,7.22182950003697,2026-05-06,bm_eligible
PBR,Balancing Reserve,upward,2026-05-06 20:30:00+00:00,2026-05-06T21:00:00+00:00,0.5,25.0,2.5867211051145675,0.5,True,5.017492234291713,3.71,0.5155406295271961,0.0,0.0,0.5988766951675288,standalone_parent:product_margin_quantity,2107,True,1.84,400,True,14.971917379188222,13.774163988853164,2026-05-06,bm_eligible
PSR,Slow Reserve,upward,2026-05-06 21:00:00+00:00,2026-05-06T21:30:00+00:00,0.5,25.0,2.553206039514228,1.0,False,4.711920790165847,5.6,0.5418609847693051,0.0,0.0,0.5418191976625076,standalone_parent:product_margin_quantity,19955,True,8.0,1810,True,13.545479941562691,54.181919766250765,2026-05-06,bm_eligible
PSR,Slow Reserve,upward,2026-05-06 21:30:00+00:00,2026-05-06T22:00:00+00:00,0.5,25.0,2.5419596332621848,1.0,False,4.691165639733986,5.6,0.5418609847693051,0.0,0.0,0.5418191976625076,standalone_parent:product_margin_quantity,19955,True,8.0,1810,True,13.545479941562691,54.181919766250765,2026-05-06,bm_eligible
PSR,Slow Reserve,upward,2026-05-06 22:00:00+00:00,2026-05-06T22:30:00+00:00,0.5,25.0,2.52810405169107,1.0,False,4.665595277665911,2.32,0.5418609847693051,0.0,0.0,0.55535754449506,standalone_parent:product_margin_quantity,40443,True,5.0,1797,True,13.8839386123765,34.70984653094125,2026-05-06,bm_eligible
PSR,Slow Reserve,upward,2026-05-06 22:30:00+00:00,2026-05-06T23:00:00+00:00,0.5,25.0,1.4533174209158055,1.0,False,2.682085372015756,2.32,0.5418609847693051,0.0,0.0,0.55535754449506,standalone_parent:product_margin_quantity,40443,True,2.54,1797,True,13.8839386123765,17.632602037718154,2026-05-06,bm_eligible
PSR,Slow Reserve,upward,2026-05-06 23:00:00+00:00,2026-05-06T23:30:00+00:00,0.5,25.0,1.38351639230096,1.0,False,2.5532681466077243,2.32,0.5418609847693051,0.0,0.0,0.55535754449506,standalone_parent:product_margin_quantity,40443,True,2.54,1797,True,13.8839386123765,17.632602037718154,2026-05-07,non_bm
PSR,Slow Reserve,upward,2026-05-06 23:30:00+00:00,2026-05-07T00:00:00+00:00,0.5,25.0,1.3677240526686163,1.0,False,2.524123513433836,2.32,0.5418609847693051,0.0,0.0,0.55535754449506,standalone_parent:product_margin_quantity,40443,True,0.0,1800,True,13.8839386123765,0.0,2026-05-07,non_bm
PSR,Slow Reserve,upward,2026-05-07 00:00:00+00:00,2026-05-07T00:30:00+00:00,0.5,25.0,1.3024035407349783,1.0,False,2.403575044786572,1.73,0.5418609847693051,0.0,0.0,0.651420115892579,standalone_parent:product_margin_quantity,11247,True,1.47,1803,True,16.285502897314473,11.969844629526138,2026-05-07,non_bm
PSR,Slow Reserve,upward,2026-05-07 00:30:00+00:00,2026-05-07T01:00:00+00:00,0.5,25.0,1.4794429604875965,1.0,False,2.7302998408668646,1.73,0.5418609847693051,0.0,0.0,0.651420115892579,standalone_parent:product_margin_quantity,11247,True,1.47,1803,True,16.285502897314473,11.969844629526138,2026-05-07,non_bm
PSR,Slow Reserve,upward,2026-05-07 01:00:00+00:00,2026-05-07T01:30:00+00:00,0.5,25.0,1.4523495694225197,1.0,False,2.680299210028659,1.73,0.5418609847693051,0.0,0.0,0.651420115892579,standalone_parent:product_margin_quantity,11247,True,1.47,1803,True,16.285502897314473,11.969844629526138,2026-05-07,non_bm
PSR,Slow Reserve,upward,2026-05-07 01:30:00+00:00,2026-05-07T02:00:00+00:00,0.5,25.0,1.4550018192560386,1.0,False,2.685193915327746,1.73,0.5418609847693051,0.0,0.0,0.651420115892579,standalone_parent:product_margin_quantity,11247,True,2.83,1800,True,16.285502897314473,23.04398659969998,2026-05-07,non_bm
DRL,Dynamic Regulation,upward,2026-05-07 02:00:00+00:00,2026-05-07T06:00:00+00:00,4.0,25.0,4.813057843640705,1.0,False,16.32303445253461,17.62,0.294862934807648,87.82451427881279,0.8782451427881278,0.4781843929077178,standalone_parent:product_margin_quantity,466,True,19.36,480,True,11.954609822692944,925.7649846693416,2026-05-07,non_bm
DRL,Dynamic Regulation,upward,2026-05-07 06:00:00+00:00,2026-05-07T10:00:00+00:00,4.0,6.0,5.00583621897487,1.0,False,16.976824239507742,16.51,0.294862934807648,57.89710205015217,2.4123792520896736,0.379093333467851,standalone_parent:product_margin_quantity,498,True,19.29,480,True,2.2745600008071065,175.50504966227632,2026-05-07,non_bm
NQR,Quick Reserve,downward,2026-05-07 06:00:00+00:00,2026-05-07T06:30:00+00:00,0.5,19.0,0.0669931316348559,1.0,False,0.7620284999431205,0.74,0.0879142074605562,0.0,0.0,0.4719198038459597,standalone_parent:product_margin_quantity,203,True,0.0,303,True,8.966476273073235,0.0,2026-05-07,non_bm
NQR,Quick Reserve,downward,2026-05-07 06:30:00+00:00,2026-05-07T07:00:00+00:00,0.5,19.0,0.0750291252787166,1.0,False,0.8534357238263153,1.0,0.0879142074605562,0.0,0.0,0.3660242464560623,standalone_parent:product_margin_quantity,268,True,0.0,317,True,6.954460682665184,0.0,2026-05-07,non_bm
NQR,Quick Reserve,downward,2026-05-07 07:00:00+00:00,2026-05-07T07:30:00+00:00,0.5,19.0,0.0532362713598343,1.0,False,0.6055479870386071,0.9,0.0879142074605562,0.0,0.0,0.4719198038459597,standalone_parent:product_margin_quantity,203,True,0.0,305,True,8.966476273073235,0.0,2026-05-07,non_bm
NQR,Quick Reserve,downward,2026-05-07 07:30:00+00:00,2026-05-07T08:00:00+00:00,0.5,19.0,0.0449695672342767,1.0,False,0.5115164946968659,0.0,0.0879142074605562,0.0,0.0,0.4126759714306841,standalone_parent:product_margin_quantity,707,True,0.0,337,True,7.840843457182998,0.0,2026-05-07,non_bm
PQR,Quick Reserve,upward,2026-05-07 08:00:00+00:00,2026-05-07T08:30:00+00:00,0.5,19.0,1.293618494502114,1.0,False,5.595362323223632,1.51,0.2311947680551323,0.0,0.0,0.443938059081164,standalone_parent:product_margin_quantity,600,True,5.91,500,True,8.434823122542117,24.924902327111955,2026-05-07,non_bm
PQR,Quick Reserve,upward,2026-05-07 08:30:00+00:00,2026-05-07T09:00:00+00:00,0.5,19.0,1.2632568704272231,1.0,False,5.464037447966722,2.75,0.2311947680551323,0.0,0.0,0.411784385725345,standalone_parent:product_margin_quantity,1491,True,5.91,500,True,7.823903328781554,23.119634336549492,2026-05-07,non_bm
PQR,Quick Reserve,upward,2026-05-07 09:00:00+00:00,2026-05-07T09:30:00+00:00,0.5,19.0,1.1434451526780312,1.0,False,4.945808948433285,3.06,0.2311947680551323,0.0,0.0,0.411784385725345,standalone_parent:product_margin_quantity,1491,True,7.46,500,True,7.823903328781554,29.1831594163552,2026-05-07,non_bm
PQR,Quick Reserve,upward,2026-05-07 09:30:00+00:00,2026-05-07T10:00:00+00:00,0.5,19.0,1.0874950952661713,1.0,False,4.703804953781824,4.15,0.2311947680551323,0.0,0.0,0.411784385725345,standalone_parent:product_margin_quantity,1491,True,6.51,500,True,7.823903328781554,25.46680533518396,2026-05-07,non_bm
DRL,Dynamic Regulation,upward,2026-05-07 10:00:00+00:00,2026-05-07T14:00:00+00:00,4.0,25.0,4.390584042994927,1.0,False,14.890254164563263,15.25,0.294862934807648,0.0,0.0,0.4781843929077178,standalone_parent:product_margin_quantity,466,True,13.29,480,True,11.954609822692944,635.5070581743569,2026-05-07,non_bm
DRL,Dynamic Regulation,upward,2026-05-07 14:00:00+00:00,2026-05-07T18:00:00+00:00,4.0,25.0,5.209810399320996,1.0,False,17.66858354957222,16.22,0.294862934807648,153.79961206487678,1.5379961206487678,0.4781843929077178,standalone_parent:product_margin_quantity,466,True,20.0,480,True,11.954609822692944,956.3687858154356,2026-05-07,non_bm
NQR,Quick Reserve,downward,2026-05-07 18:00:00+00:00,2026-05-07T18:30:00+00:00,0.5,25.0,0.1392819009473582,1.0,False,1.5842934261774315,1.8,0.0879142074605562,0.0,0.0,0.3660242464560623,standalone_parent:product_margin_quantity,268,True,0.25,311,True,9.150606161401557,1.1438257701751946,2026-05-07,non_bm
NQR,Quick Reserve,downward,2026-05-07 18:30:00+00:00,2026-05-07T19:00:00+00:00,0.5,25.0,0.118778888831558,1.0,False,1.3510772861695823,0.5,0.0879142074605562,0.0,0.0,0.4719198038459597,standalone_parent:product_margin_quantity,203,True,0.0,302,True,11.797995096148991,0.0,2026-05-07,non_bm
NQR,Quick Reserve,downward,2026-05-07 19:00:00+00:00,2026-05-07T19:30:00+00:00,0.5,25.0,0.0999624189490127,1.0,False,1.1370451015424556,0.96,0.0879142074605562,0.0,0.0,0.4719198038459597,standalone_parent:product_margin_quantity,203,True,0.0,328,True,11.797995096148991,0.0,2026-05-07,non_bm
NQR,Quick Reserve,downward,2026-05-07 19:30:00+00:00,2026-05-07T20:00:00+00:00,0.5,25.0,0.0839213031366719,1.0,False,0.9545818083422316,0.0,0.0879142074605562,0.0,0.0,0.4126759714306841,standalone_parent:product_margin_quantity,707,True,0.0,312,True,10.316899285767102,0.0,2026-05-07,non_bm
NQR,Quick Reserve,downward,2026-05-07 20:00:00+00:00,2026-05-07T20:30:00+00:00,0.5,25.0,0.1108399566474024,1.0,False,1.2607741097720992,1.4,0.0879142074605562,0.0,0.0,0.3660242464560623,standalone_parent:product_margin_quantity,268,True,0.0,325,True,9.150606161401557,0.0,2026-05-07,non_bm
PSR,Slow Reserve,upward,2026-05-07 20:30:00+00:00,2026-05-07T21:00:00+00:00,0.5,25.0,2.7243102073844123,1.0,False,5.02769212761143,8.0,0.5418609847693051,0.0,0.0,0.5418191976625076,standalone_parent:product_margin_quantity,19955,True,7.92,1798,True,13.545479941562691,53.64010056858826,2026-05-07,non_bm
PSR,Slow Reserve,upward,2026-05-07 21:00:00+00:00,2026-05-07T21:30:00+00:00,0.5,25.0,2.707874421459345,1.0,False,4.997360019585487,8.0,0.5418609847693051,0.0,0.0,0.5418191976625076,standalone_parent:product_margin_quantity,19955,True,7.92,1798,True,13.545479941562691,53.64010056858826,2026-05-07,non_bm
PSR,Slow Reserve,upward,2026-05-07 21:30:00+00:00,2026-05-07T22:00:00+00:00,0.5,25.0,2.6916896879252934,1.0,False,4.967491226686616,8.0,0.5418609847693051,0.0,0.0,0.5418191976625076,standalone_parent:product_margin_quantity,19955,True,7.92,1798,True,13.545479941562691,53.64010056858826,2026-05-07,non_bm
PSR,Slow Reserve,upward,2026-05-07 22:00:00+00:00,2026-05-07T22:30:00+00:00,0.5,25.0,2.583562773472019,1.0,False,4.767943893528262,5.0,0.5418609847693051,0.0,0.0,0.5418191976625076,standalone_parent:product_margin_quantity,19955,True,2.1,1807,True,13.545479941562691,14.222753938640826,2026-05-07,non_bm
PSR,Slow Reserve,upward,2026-05-07 22:30:00+00:00,2026-05-07T23:00:00+00:00,0.5,25.0,1.3819136595327015,1.0,False,2.550310316438533,2.54,0.5418609847693051,0.0,0.0,0.55535754449506,standalone_parent:product_margin_quantity,40443,True,2.1,1807,True,13.8839386123765,14.578135542995328,2026-05-07,non_bm
PSR,Slow Reserve,upward,2026-05-06 23:00:00+00:00,2026-05-06T23:30:00+00:00,0.5,25.0,1.38351639230096,1.0,False,2.5532681466077243,2.32,0.5418609847693051,0.0,0.0,0.55535754449506,standalone_parent:product_margin_quantity,40443,True,2.54,1797,True,13.8839386123765,17.632602037718154,2026-05-07,bm_eligible
PSR,Slow Reserve,upward,2026-05-06 23:30:00+00:00,2026-05-07T00:00:00+00:00,0.5,25.0,1.3677240526686163,1.0,False,2.524123513433836,2.32,0.5418609847693051,0.0,0.0,0.55535754449506,standalone_parent:product_margin_quantity,40443,True,0.0,1800,True,13.8839386123765,0.0,2026-05-07,bm_eligible
PSR,Slow Reserve,upward,2026-05-07 00:00:00+00:00,2026-05-07T00:30:00+00:00,0.5,25.0,1.3024035407349783,1.0,False,2.403575044786572,1.73,0.5418609847693051,0.0,0.0,0.651420115892579,standalone_parent:product_margin_quantity,11247,True,1.47,1803,True,16.285502897314473,11.969844629526138,2026-05-07,bm_eligible
PSR,Slow Reserve,upward,2026-05-07 00:30:00+00:00,2026-05-07T01:00:00+00:00,0.5,25.0,1.4794429604875965,1.0,False,2.7302998408668646,1.73,0.5418609847693051,0.0,0.0,0.651420115892579,standalone_parent:product_margin_quantity,11247,True,1.47,1803,True,16.285502897314473,11.969844629526138,2026-05-07,bm_eligible
PSR,Slow Reserve,upward,2026-05-07 01:00:00+00:00,2026-05-07T01:30:00+00:00,0.5,25.0,1.4523495694225197,1.0,False,2.680299210028659,1.73,0.5418609847693051,0.0,0.0,0.651420115892579,standalone_parent:product_margin_quantity,11247,True,1.47,1803,True,16.285502897314473,11.969844629526138,2026-05-07,bm_eligible
PSR,Slow Reserve,upward,2026-05-07 01:30:00+00:00,2026-05-07T02:00:00+00:00,0.5,25.0,1.4550018192560386,1.0,False,2.685193915327746,1.73,0.5418609847693051,0.0,0.0,0.651420115892579,standalone_parent:product_margin_quantity,11247,True,2.83,1800,True,16.285502897314473,23.04398659969998,2026-05-07,bm_eligible
DRL,Dynamic Regulation,upward,2026-05-07 02:00:00+00:00,2026-05-07T06:00:00+00:00,4.0,25.0,4.813057843640705,1.0,False,16.32303445253461,17.62,0.294862934807648,87.82451427881279,0.8782451427881278,0.4781843929077178,standalone_parent:product_margin_quantity,466,True,19.36,480,True,11.954609822692944,925.7649846693416,2026-05-07,bm_eligible
DRL,Dynamic Regulation,upward,2026-05-07 06:00:00+00:00,2026-05-07T10:00:00+00:00,4.0,5.0,5.00583621897487,1.0,False,16.976824239507742,16.51,0.294862934807648,48.17298027752895,2.408649013876448,0.4738983688433393,standalone_parent:product_margin,1454,True,19.29,480,True,2.369491844216697,182.8299906997603,2026-05-07,bm_eligible
NQR,Quick Reserve,downward,2026-05-07 06:00:00+00:00,2026-05-07T06:30:00+00:00,0.5,20.0,0.0669931316348559,1.0,False,0.7620284999431205,0.74,0.0879142074605562,0.0,0.0,0.4719198038459597,standalone_parent:product_margin_quantity,203,True,0.0,303,True,9.438396076919194,0.0,2026-05-07,bm_eligible
NQR,Quick Reserve,downward,2026-05-07 06:30:00+00:00,2026-05-07T07:00:00+00:00,0.5,20.0,0.0750291252787166,1.0,False,0.8534357238263153,1.0,0.0879142074605562,0.0,0.0,0.3660242464560623,standalone_parent:product_margin_quantity,268,True,0.0,317,True,7.320484929121246,0.0,2026-05-07,bm_eligible
NQR,Quick Reserve,downward,2026-05-07 07:00:00+00:00,2026-05-07T07:30:00+00:00,0.5,20.0,0.0532362713598343,1.0,False,0.6055479870386071,0.9,0.0879142074605562,0.0,0.0,0.4719198038459597,standalone_parent:product_margin_quantity,203,True,0.0,305,True,9.438396076919194,0.0,2026-05-07,bm_eligible
NQR,Quick Reserve,downward,2026-05-07 07:30:00+00:00,2026-05-07T08:00:00+00:00,0.5,18.0,0.0449695672342767,1.0,False,0.5115164946968659,0.0,0.0879142074605562,0.0,0.0,0.4126759714306841,standalone_parent:product_margin_quantity,707,True,0.0,337,True,7.428167485752313,0.0,2026-05-07,bm_eligible
PBR,Balancing Reserve,upward,2026-05-07 07:30:00+00:00,2026-05-07T08:00:00+00:00,0.5,2.0,2.9703009941188987,0.5,True,5.76152649082764,6.75,0.5155406295271961,1.125574648183829,1.125574648183829,0.5885007496194475,standalone_parent:product_margin,1326,True,22.44,597,True,1.177001499238895,13.205956821460404,2026-05-07,bm_eligible
PBR,Balancing Reserve,upward,2026-05-07 08:00:00+00:00,2026-05-07T08:30:00+00:00,0.5,20.0,2.4344534229947064,0.5,True,4.722136886140964,6.3,0.5155406295271961,0.0,0.0,0.5678368013834959,standalone_parent:product_margin_quantity,728,True,17.13,585,True,11.356736027669918,97.27044407699285,2026-05-07,bm_eligible
PBR,Balancing Reserve,upward,2026-05-07 08:30:00+00:00,2026-05-07T09:00:00+00:00,0.5,20.0,2.342691330157551,0.5,True,4.544144915030344,5.8,0.5155406295271961,0.0,0.0,0.5678368013834959,standalone_parent:product_margin_quantity,728,True,18.63,592,True,11.356736027669918,105.78799609774528,2026-05-07,bm_eligible
PBR,Balancing Reserve,upward,2026-05-07 09:00:00+00:00,2026-05-07T09:30:00+00:00,0.5,20.0,2.362165616633786,0.5,True,4.58191940914557,6.99,0.5155406295271961,0.0,0.0,0.5678368013834959,standalone_parent:product_margin_quantity,728,True,6.44,576,True,11.356736027669918,36.56869000909714,2026-05-07,bm_eligible
PBR,Balancing Reserve,upward,2026-05-07 09:30:00+00:00,2026-05-07T10:00:00+00:00,0.5,20.0,2.057499497373184,0.5,True,3.9909550858486615,4.36,0.5155406295271961,0.0,0.0,0.5988766951675288,standalone_parent:product_margin_quantity,2107,True,5.71,567,True,11.977533903350576,34.1958592940659,2026-05-07,bm_eligible
DRL,Dynamic Regulation,upward,2026-05-07 10:00:00+00:00,2026-05-07T14:00:00+00:00,4.0,25.0,4.390584042994927,1.0,False,14.890254164563263,15.25,0.294862934807648,0.0,0.0,0.4781843929077178,standalone_parent:product_margin_quantity,466,True,13.29,480,True,11.954609822692944,635.5070581743569,2026-05-07,bm_eligible
DRL,Dynamic Regulation,upward,2026-05-07 14:00:00+00:00,2026-05-07T18:00:00+00:00,4.0,24.0,5.209810399320996,1.0,False,17.66858354957222,16.22,0.294862934807648,142.73499309112776,1.4868228446992475,0.4781843929077178,standalone_parent:product_margin_quantity,466,True,20.0,480,True,11.476425429785229,918.114034382818,2026-05-07,bm_eligible
PBR,Balancing Reserve,upward,2026-05-07 14:00:00+00:00,2026-05-07T14:30:00+00:00,0.5,1.0,2.5581517995312923,0.5,True,4.96207602857098,7.28,0.5155406295271961,0.0,0.0,0.7835216873981026,standalone_parent:product_margin_quantity,182,True,9.75,581,True,0.7835216873981026,3.81966822606575,2026-05-07,bm_eligible
PBR,Balancing Reserve,upward,2026-05-07 14:30:00+00:00,2026-05-07T15:00:00+00:00,0.5,1.0,2.104308815267511,0.5,True,4.081751650102493,4.13,0.5155406295271961,0.0,0.0,0.8053075368187544,standalone_parent:product_margin_quantity,737,True,9.75,576,True,0.8053075368187544,3.925874241991428,2026-05-07,bm_eligible
PBR,Balancing Reserve,upward,2026-05-07 15:00:00+00:00,2026-05-07T15:30:00+00:00,0.5,1.0,2.4212981003407545,0.5,True,4.696619357743606,4.23,0.5155406295271961,0.0,0.0,0.8053075368187544,standalone_parent:product_margin_quantity,737,True,4.57,600,True,0.8053075368187544,1.840127721630854,2026-05-07,bm_eligible
PBR,Balancing Reserve,upward,2026-05-07 15:30:00+00:00,2026-05-07T16:00:00+00:00,0.5,1.0,2.6141328555393173,0.5,True,5.070663117156734,4.38,0.5155406295271961,0.0,0.0,0.8053075368187544,standalone_parent:product_margin_quantity,737,True,4.63,599,True,0.8053075368187544,1.8642869477354165,2026-05-07,bm_eligible
PBR,Balancing Reserve,upward,2026-05-07 16:00:00+00:00,2026-05-07T16:30:00+00:00,0.5,1.0,2.792337315668724,0.5,True,5.416328327467778,2.7,0.5155406295271961,0.0,0.0,0.8053075368187544,standalone_parent:product_margin_quantity,737,True,9.75,599,True,0.8053075368187544,3.925874241991428,2026-05-07,bm_eligible
NQR,Quick Reserve,downward,2026-05-07 16:30:00+00:00,2026-05-07T17:00:00+00:00,0.5,1.0,0.427842277778622,1.0,False,4.86658857694393,1.0,0.0879142074605562,0.0,0.0,0.3274290800957181,standalone_parent:product_margin,504,True,5.88,298,True,0.3274290800957181,0.9626414954814112,2026-05-07,bm_eligible
NQR,Quick Reserve,downward,2026-05-07 17:00:00+00:00,2026-05-07T17:30:00+00:00,0.5,1.0,0.3931880384863639,1.0,False,4.472406108680128,7.61,0.0879142074605562,0.0,0.0,0.3765349028165832,standalone_parent:product_margin,615,True,6.36,300,True,0.3765349028165832,1.1973809909567346,2026-05-07,bm_eligible
NQR,Quick Reserve,downward,2026-05-07 17:30:00+00:00,2026-05-07T18:00:00+00:00,0.5,1.0,0.2433072448166946,1.0,False,2.7675531844594885,1.0,0.0879142074605562,0.0,0.0,0.3274290800957181,standalone_parent:product_margin,504,True,6.36,300,True,0.3274290800957181,1.0412244747043835,2026-05-07,bm_eligible
NQR,Quick Reserve,downward,2026-05-07 18:00:00+00:00,2026-05-07T18:30:00+00:00,0.5,25.0,0.1392819009473582,1.0,False,1.5842934261774315,1.8,0.0879142074605562,0.0,0.0,0.3660242464560623,standalone_parent:product_margin_quantity,268,True,0.25,311,True,9.150606161401557,1.1438257701751946,2026-05-07,bm_eligible
NQR,Quick Reserve,downward,2026-05-07 18:30:00+00:00,2026-05-07T19:00:00+00:00,0.5,25.0,0.118778888831558,1.0,False,1.3510772861695823,0.5,0.0879142074605562,0.0,0.0,0.4719198038459597,standalone_parent:product_margin_quantity,203,True,0.0,302,True,11.797995096148991,0.0,2026-05-07,bm_eligible
NQR,Quick Reserve,downward,2026-05-07 19:00:00+00:00,2026-05-07T19:30:00+00:00,0.5,25.0,0.0999624189490127,1.0,False,1.1370451015424556,0.96,0.0879142074605562,0.0,0.0,0.4719198038459597,standalone_parent:product_margin_quantity,203,True,0.0,328,True,11.797995096148991,0.0,2026-05-07,bm_eligible
NQR,Quick Reserve,downward,2026-05-07 19:30:00+00:00,2026-05-07T20:00:00+00:00,0.5,25.0,0.0839213031366719,1.0,False,0.9545818083422316,0.0,0.0879142074605562,0.0,0.0,0.4126759714306841,standalone_parent:product_margin_quantity,707,True,0.0,312,True,10.316899285767102,0.0,2026-05-07,bm_eligible
NQR,Quick Reserve,downward,2026-05-07 20:00:00+00:00,2026-05-07T20:30:00+00:00,0.5,25.0,0.1108399566474024,1.0,False,1.2607741097720992,1.4,0.0879142074605562,0.0,0.0,0.3660242464560623,standalone_parent:product_margin_quantity,268,True,0.0,325,True,9.150606161401557,0.0,2026-05-07,bm_eligible
PSR,Slow Reserve,upward,2026-05-07 20:30:00+00:00,2026-05-07T21:00:00+00:00,0.5,25.0,2.7243102073844123,1.0,False,5.02769212761143,8.0,0.5418609847693051,0.0,0.0,0.5418191976625076,standalone_parent:product_margin_quantity,19955,True,7.92,1798,True,13.545479941562691,53.64010056858826,2026-05-07,bm_eligible
PSR,Slow Reserve,upward,2026-05-07 21:00:00+00:00,2026-05-07T21:30:00+00:00,0.5,25.0,2.707874421459345,1.0,False,4.997360019585487,8.0,0.5418609847693051,0.0,0.0,0.5418191976625076,standalone_parent:product_margin_quantity,19955,True,7.92,1798,True,13.545479941562691,53.64010056858826,2026-05-07,bm_eligible
PSR,Slow Reserve,upward,2026-05-07 21:30:00+00:00,2026-05-07T22:00:00+00:00,0.5,25.0,2.6916896879252934,1.0,False,4.967491226686616,8.0,0.5418609847693051,0.0,0.0,0.5418191976625076,standalone_parent:product_margin_quantity,19955,True,7.92,1798,True,13.545479941562691,53.64010056858826,2026-05-07,bm_eligible
PSR,Slow Reserve,upward,2026-05-07 22:00:00+00:00,2026-05-07T22:30:00+00:00,0.5,25.0,2.583562773472019,1.0,False,4.767943893528262,5.0,0.5418609847693051,0.0,0.0,0.5418191976625076,standalone_parent:product_margin_quantity,19955,True,2.1,1807,True,13.545479941562691,14.222753938640826,2026-05-07,bm_eligible
PSR,Slow Reserve,upward,2026-05-07 22:30:00+00:00,2026-05-07T23:00:00+00:00,0.5,25.0,1.3819136595327015,1.0,False,2.550310316438533,2.54,0.5418609847693051,0.0,0.0,0.55535754449506,standalone_parent:product_margin_quantity,40443,True,2.1,1807,True,13.8839386123765,14.578135542995328,2026-05-07,bm_eligible
PSR,Slow Reserve,upward,2026-05-07 23:00:00+00:00,2026-05-07T23:30:00+00:00,0.5,25.0,1.421541165679137,1.0,False,2.6234425537840704,2.54,0.5418609847693051,0.0,0.0,0.55535754449506,standalone_parent:product_margin_quantity,40443,True,2.1,1807,True,13.8839386123765,14.578135542995328,2026-05-08,non_bm
PSR,Slow Reserve,upward,2026-05-07 23:30:00+00:00,2026-05-08T00:00:00+00:00,0.5,25.0,1.282389536149607,1.0,False,2.3666393635917125,0.0,0.5418609847693051,0.0,0.0,0.5589569329700954,standalone_parent:product_margin_quantity,4616,True,2.1,1807,True,13.973923324252386,14.672619490465006,2026-05-08,non_bm
PSR,Slow Reserve,upward,2026-05-08 00:00:00+00:00,2026-05-08T00:30:00+00:00,0.5,25.0,1.89238565087669,1.0,False,3.4923821867011977,1.47,0.5418609847693051,0.0,0.0,0.651420115892579,standalone_parent:product_margin_quantity,11247,True,1.3,1801,True,16.285502897314473,10.585576883254408,2026-05-08,non_bm
PSR,Slow Reserve,upward,2026-05-08 00:30:00+00:00,2026-05-08T01:00:00+00:00,0.5,25.0,1.501551713183354,1.0,False,2.771101362506535,1.47,0.5418609847693051,0.0,0.0,0.651420115892579,standalone_parent:product_margin_quantity,11247,True,1.3,1801,True,16.285502897314473,10.585576883254408,2026-05-08,non_bm
PSR,Slow Reserve,upward,2026-05-08 01:00:00+00:00,2026-05-08T01:30:00+00:00,0.5,25.0,1.476144595906865,1.0,False,2.7242127361048647,1.47,0.5418609847693051,0.0,0.0,0.651420115892579,standalone_parent:product_margin_quantity,11247,True,1.3,1801,True,16.285502897314473,10.585576883254408,2026-05-08,non_bm
PSR,Slow Reserve,upward,2026-05-08 01:30:00+00:00,2026-05-08T02:00:00+00:00,0.5,25.0,1.5481892185867672,1.0,False,2.8571704959453794,2.83,0.5418609847693051,0.0,0.0,0.55535754449506,standalone_parent:product_margin_quantity,40443,True,1.3,1801,True,13.8839386123765,9.024560098044724,2026-05-08,non_bm
DRL,Dynamic Regulation,upward,2026-05-08 02:00:00+00:00,2026-05-08T06:00:00+00:00,4.0,25.0,4.761544950624667,1.0,False,16.148333305204435,19.36,0.294862934807648,92.3255684266942,0.923255684266942,0.4781843929077178,standalone_parent:product_margin_quantity,466,True,18.94,480,True,11.954609822692944,905.6812401672177,2026-05-08,non_bm
DRL,Dynamic Regulation,upward,2026-05-08 06:00:00+00:00,2026-05-08T10:00:00+00:00,4.0,8.0,4.901162705397168,1.0,False,16.621833831350862,19.29,0.294862934807648,81.34785687590829,2.542120527372134,0.379093333467851,standalone_parent:product_margin_quantity,498,True,16.66,480,True,3.0327466677428085,202.1022379383808,2026-05-08,non_bm
NQR,Quick Reserve,downward,2026-05-08 06:00:00+00:00,2026-05-08T06:30:00+00:00,0.5,17.0,0.0470499473320775,1.0,False,0.5351802477794855,0.0,0.0879142074605562,0.0,0.0,0.4126759714306841,standalone_parent:product_margin_quantity,707,True,0.0,300,True,7.01549151432163,0.0,2026-05-08,non_bm
NQR,Quick Reserve,downward,2026-05-08 06:30:00+00:00,2026-05-08T07:00:00+00:00,0.5,17.0,0.0504050161804098,1.0,False,0.5733432358248194,0.0,0.0879142074605562,0.0,0.0,0.4126759714306841,standalone_parent:product_margin_quantity,707,True,0.0,302,True,7.01549151432163,0.0,2026-05-08,non_bm
NQR,Quick Reserve,downward,2026-05-08 07:00:00+00:00,2026-05-08T07:30:00+00:00,0.5,17.0,0.0308248816258537,1.0,False,0.3506245749833293,0.0,0.0879142074605562,0.0,0.0,0.4126759714306841,standalone_parent:product_margin_quantity,707,True,0.0,300,True,7.01549151432163,0.0,2026-05-08,non_bm
NQR,Quick Reserve,downward,2026-05-08 07:30:00+00:00,2026-05-08T08:00:00+00:00,0.5,17.0,0.0170534104954762,1.0,False,0.1939778676060684,0.0,0.0879142074605562,0.0,0.0,0.4126759714306841,standalone_parent:product_margin_quantity,707,True,0.0,300,True,7.01549151432163,0.0,2026-05-08,non_bm
PQR,Quick Reserve,upward,2026-05-08 08:00:00+00:00,2026-05-08T08:30:00+00:00,0.5,17.0,1.3209636422965847,1.0,False,5.713639860490176,5.91,0.2311947680551323,0.0,0.0,0.5989761163562776,standalone_parent:product_margin_quantity,1552,True,4.11,500,True,10.18259397805672,20.92523062490656,2026-05-08,non_bm
PQR,Quick Reserve,upward,2026-05-08 08:30:00+00:00,2026-05-08T09:00:00+00:00,0.5,17.0,1.2682391631281922,1.0,False,5.485587644551537,5.91,0.2311947680551323,0.0,0.0,0.5989761163562776,standalone_parent:product_margin_quantity,1552,True,5.47,500,True,10.18259397805672,27.84939452998513,2026-05-08,non_bm
PQR,Quick Reserve,upward,2026-05-08 09:00:00+00:00,2026-05-08T09:30:00+00:00,0.5,17.0,1.1510450967277468,1.0,False,4.978681422640414,7.46,0.2311947680551323,0.0,0.0,0.5989761163562776,standalone_parent:product_margin_quantity,1552,True,4.49,494,True,10.18259397805672,22.859923480737336,2026-05-08,non_bm
PQR,Quick Reserve,upward,2026-05-08 09:30:00+00:00,2026-05-08T10:00:00+00:00,0.5,17.0,1.0015047246422215,1.0,False,4.331865868190389,6.51,0.2311947680551323,0.0,0.0,0.5989761163562776,standalone_parent:product_margin_quantity,1552,True,3.62,497,True,10.18259397805672,18.430495100282663,2026-05-08,non_bm
DRL,Dynamic Regulation,upward,2026-05-08 10:00:00+00:00,2026-05-08T14:00:00+00:00,4.0,25.0,4.180549087278914,1.0,False,14.177940303029503,13.29,0.294862934807648,0.0,0.0,0.4781843929077178,standalone_parent:product_margin_quantity,466,True,16.39,480,True,11.954609822692944,783.7442199757495,2026-05-08,non_bm
DRL,Dynamic Regulation,upward,2026-05-08 14:00:00+00:00,2026-05-08T18:00:00+00:00,4.0,25.0,5.215437922884832,1.0,False,17.687668768158638,20.0,0.294862934807648,204.54937587066613,2.045493758706661,0.4781843929077178,standalone_parent:product_margin_quantity,466,True,17.87,480,True,11.954609822692944,854.5155101260917,2026-05-08,non_bm
NQR,Quick Reserve,downward,2026-05-08 18:00:00+00:00,2026-05-08T18:30:00+00:00,0.5,18.0,0.0797423865593707,1.0,False,0.9070477783144224,0.25,0.0879142074605562,0.0,0.0,0.4126759714306841,standalone_parent:product_margin_quantity,707,True,0.45,300,True,7.428167485752313,1.6713376842942704,2026-05-08,non_bm
NQR,Quick Reserve,downward,2026-05-08 18:30:00+00:00,2026-05-08T19:00:00+00:00,0.5,25.0,0.0778064775797998,1.0,False,0.8850273445814614,0.0,0.0879142074605562,0.0,0.0,0.4126759714306841,standalone_parent:product_margin_quantity,707,True,1.0,300,True,10.316899285767102,5.158449642883551,2026-05-08,non_bm
NQR,Quick Reserve,downward,2026-05-08 19:00:00+00:00,2026-05-08T19:30:00+00:00,0.5,25.0,0.0529244108420326,1.0,False,0.6020006591742041,0.0,0.0879142074605562,0.0,0.0,0.4126759714306841,standalone_parent:product_margin_quantity,707,True,1.4,300,True,10.316899285767102,7.22182950003697,2026-05-08,non_bm
NQR,Quick Reserve,downward,2026-05-08 19:30:00+00:00,2026-05-08T20:00:00+00:00,0.5,25.0,0.0375663097595567,1.0,False,0.4273064712141242,0.0,0.0879142074605562,0.0,0.0,0.4126759714306841,standalone_parent:product_margin_quantity,707,True,0.5,300,True,10.316899285767102,2.5792248214417755,2026-05-08,non_bm
NQR,Quick Reserve,downward,2026-05-08 20:00:00+00:00,2026-05-08T20:30:00+00:00,0.5,25.0,0.0615162821735422,1.0,False,0.6997308393087909,0.0,0.0879142074605562,0.0,0.0,0.4126759714306841,standalone_parent:product_margin_quantity,707,True,1.0,300,True,10.316899285767102,5.158449642883551,2026-05-08,non_bm
PSR,Slow Reserve,upward,2026-05-08 20:30:00+00:00,2026-05-08T21:00:00+00:00,0.5,25.0,2.9195194245534037,1.0,False,5.3879491356927565,7.92,0.5418609847693051,0.0,0.0,0.5418191976625076,standalone_parent:product_margin_quantity,19955,True,4.35,1798,True,13.545479941562691,29.46141887289885,2026-05-08,non_bm
PSR,Slow Reserve,upward,2026-05-08 21:00:00+00:00,2026-05-08T21:30:00+00:00,0.5,25.0,2.904038911768322,1.0,False,5.3593799764061325,7.92,0.5418609847693051,0.0,0.0,0.5418191976625076,standalone_parent:product_margin_quantity,19955,True,4.35,1798,True,13.545479941562691,29.46141887289885,2026-05-08,non_bm
PSR,Slow Reserve,upward,2026-05-08 21:30:00+00:00,2026-05-08T22:00:00+00:00,0.5,25.0,2.8893231773709145,1.0,False,5.332222209356946,7.92,0.5418609847693051,0.0,0.0,0.5418191976625076,standalone_parent:product_margin_quantity,19955,True,4.35,1798,True,13.545479941562691,29.46141887289885,2026-05-08,non_bm
PSR,Slow Reserve,upward,2026-05-08 22:00:00+00:00,2026-05-08T22:30:00+00:00,0.5,25.0,3.179949384658667,1.0,False,5.868570489555575,2.1,0.5418609847693051,0.0,0.0,0.55535754449506,standalone_parent:product_margin_quantity,40443,True,4.02,1800,True,13.8839386123765,27.906716610876764,2026-05-08,non_bm
PSR,Slow Reserve,upward,2026-05-08 22:30:00+00:00,2026-05-08T23:00:00+00:00,0.5,25.0,1.3981024162780673,1.0,False,2.580186534140861,2.1,0.5418609847693051,0.0,0.0,0.55535754449506,standalone_parent:product_margin_quantity,40443,True,2.28,1800,True,13.8839386123765,15.827690018109209,2026-05-08,non_bm
PSR,Slow Reserve,upward,2026-05-07 23:00:00+00:00,2026-05-07T23:30:00+00:00,0.5,25.0,1.421541165679137,1.0,False,2.6234425537840704,2.54,0.5418609847693051,0.0,0.0,0.55535754449506,standalone_parent:product_margin_quantity,40443,True,2.1,1807,True,13.8839386123765,14.578135542995328,2026-05-08,bm_eligible
PSR,Slow Reserve,upward,2026-05-07 23:30:00+00:00,2026-05-08T00:00:00+00:00,0.5,25.0,1.282389536149607,1.0,False,2.3666393635917125,0.0,0.5418609847693051,0.0,0.0,0.5589569329700954,standalone_parent:product_margin_quantity,4616,True,2.1,1807,True,13.973923324252386,14.672619490465006,2026-05-08,bm_eligible
PSR,Slow Reserve,upward,2026-05-08 00:00:00+00:00,2026-05-08T00:30:00+00:00,0.5,25.0,1.89238565087669,1.0,False,3.4923821867011977,1.47,0.5418609847693051,0.0,0.0,0.651420115892579,standalone_parent:product_margin_quantity,11247,True,1.3,1801,True,16.285502897314473,10.585576883254408,2026-05-08,bm_eligible
PSR,Slow Reserve,upward,2026-05-08 00:30:00+00:00,2026-05-08T01:00:00+00:00,0.5,25.0,1.501551713183354,1.0,False,2.771101362506535,1.47,0.5418609847693051,0.0,0.0,0.651420115892579,standalone_parent:product_margin_quantity,11247,True,1.3,1801,True,16.285502897314473,10.585576883254408,2026-05-08,bm_eligible
PSR,Slow Reserve,upward,2026-05-08 01:00:00+00:00,2026-05-08T01:30:00+00:00,0.5,25.0,1.476144595906865,1.0,False,2.7242127361048647,1.47,0.5418609847693051,0.0,0.0,0.651420115892579,standalone_parent:product_margin_quantity,11247,True,1.3,1801,True,16.285502897314473,10.585576883254408,2026-05-08,bm_eligible
PSR,Slow Reserve,upward,2026-05-08 01:30:00+00:00,2026-05-08T02:00:00+00:00,0.5,25.0,1.5481892185867672,1.0,False,2.8571704959453794,2.83,0.5418609847693051,0.0,0.0,0.55535754449506,standalone_parent:product_margin_quantity,40443,True,1.3,1801,True,13.8839386123765,9.024560098044724,2026-05-08,bm_eligible
DRL,Dynamic Regulation,upward,2026-05-08 02:00:00+00:00,2026-05-08T06:00:00+00:00,4.0,25.0,4.761544950624667,1.0,False,16.148333305204435,19.36,0.294862934807648,92.3255684266942,0.923255684266942,0.4781843929077178,standalone_parent:product_margin_quantity,466,True,18.94,480,True,11.954609822692944,905.6812401672177,2026-05-08,bm_eligible
NQR,Quick Reserve,downward,2026-05-08 06:00:00+00:00,2026-05-08T06:30:00+00:00,0.5,25.0,0.0470499473320775,1.0,False,0.5351802477794855,0.0,0.0879142074605562,0.0,0.0,0.4126759714306841,standalone_parent:product_margin_quantity,707,True,0.0,300,True,10.316899285767102,0.0,2026-05-08,bm_eligible
NQR,Quick Reserve,downward,2026-05-08 06:30:00+00:00,2026-05-08T07:00:00+00:00,0.5,25.0,0.0504050161804098,1.0,False,0.5733432358248194,0.0,0.0879142074605562,0.0,0.0,0.4126759714306841,standalone_parent:product_margin_quantity,707,True,0.0,302,True,10.316899285767102,0.0,2026-05-08,bm_eligible
NQR,Quick Reserve,downward,2026-05-08 07:00:00+00:00,2026-05-08T07:30:00+00:00,0.5,25.0,0.0308248816258537,1.0,False,0.3506245749833293,0.0,0.0879142074605562,0.0,0.0,0.4126759714306841,standalone_parent:product_margin_quantity,707,True,0.0,300,True,10.316899285767102,0.0,2026-05-08,bm_eligible
PBR,Balancing Reserve,upward,2026-05-08 07:30:00+00:00,2026-05-08T08:00:00+00:00,0.5,25.0,5.157370448533807,0.5,True,10.003809890335212,22.44,0.5155406295271961,27.638696997797524,2.211095759823802,0.6387379380185993,standalone_parent:product_margin_quantity,507,True,1.7,599,False,0.0,0.0,2026-05-08,bm_eligible
PBR,Balancing Reserve,upward,2026-05-08 08:00:00+00:00,2026-05-08T08:30:00+00:00,0.5,25.0,3.9012305738167417,0.5,True,7.567261143694091,17.13,0.5155406295271961,0.0,0.0,0.6387379380185993,standalone_parent:product_margin_quantity,507,True,1.63,600,True,15.968448450464985,13.01428548712896,2026-05-08,bm_eligible
PBR,Balancing Reserve,upward,2026-05-08 08:30:00+00:00,2026-05-08T09:00:00+00:00,0.5,25.0,4.020696590358966,0.5,True,7.798990729491795,18.63,0.5155406295271961,0.0,0.0,0.6387379380185993,standalone_parent:product_margin_quantity,507,True,10.41,588,True,15.968448450464985,83.11577418467024,2026-05-08,bm_eligible
PBR,Balancing Reserve,upward,2026-05-08 09:00:00+00:00,2026-05-08T09:30:00+00:00,0.5,25.0,2.367083718863389,0.5,True,4.591459107760815,6.44,0.5155406295271961,0.0,0.0,0.5678368013834959,standalone_parent:product_margin_quantity,728,True,2.27,600,True,14.195920034587395,16.112369239256697,2026-05-08,bm_eligible
PBR,Balancing Reserve,upward,2026-05-08 09:30:00+00:00,2026-05-08T10:00:00+00:00,0.5,25.0,2.3797476258848853,0.5,True,4.616023431688321,5.71,0.5155406295271961,0.0,0.0,0.5678368013834959,standalone_parent:product_margin_quantity,728,True,2.27,600,True,14.195920034587395,16.112369239256697,2026-05-08,bm_eligible
DRL,Dynamic Regulation,upward,2026-05-08 10:00:00+00:00,2026-05-08T14:00:00+00:00,4.0,25.0,4.180549087278914,1.0,False,14.177940303029503,13.29,0.294862934807648,0.0,0.0,0.4781843929077178,standalone_parent:product_margin_quantity,466,True,16.39,480,True,11.954609822692944,783.7442199757495,2026-05-08,bm_eligible
DRL,Dynamic Regulation,upward,2026-05-08 14:00:00+00:00,2026-05-08T18:00:00+00:00,4.0,20.0,5.215437922884832,1.0,False,17.687668768158638,20.0,0.294862934807648,148.1120459953936,1.85140057494242,0.4781843929077178,standalone_parent:product_margin_quantity,466,True,17.87,480,True,9.563687858154356,683.6124081008734,2026-05-08,bm_eligible
PBR,Balancing Reserve,upward,2026-05-08 14:00:00+00:00,2026-05-08T14:30:00+00:00,0.5,5.0,2.6899966370835133,0.5,True,5.217816953729752,9.75,0.5155406295271961,0.0,0.0,0.5885007496194475,standalone_parent:product_margin,1326,True,5.41,598,True,2.942503748097238,7.959472638603028,2026-05-08,bm_eligible
PBR,Balancing Reserve,upward,2026-05-08 14:30:00+00:00,2026-05-08T15:00:00+00:00,0.5,5.0,2.5883883379474297,0.5,True,5.020726184706816,9.75,0.5155406295271961,0.0,0.0,0.5885007496194475,standalone_parent:product_margin,1326,True,3.98,600,True,2.942503748097238,5.855582458713503,2026-05-08,bm_eligible
PBR,Balancing Reserve,upward,2026-05-08 15:00:00+00:00,2026-05-08T15:30:00+00:00,0.5,5.0,2.25998149210218,0.5,True,4.383711705079027,4.57,0.5155406295271961,0.0,0.0,0.592589558846991,standalone_parent:product_margin_quantity,196,True,4.11,600,True,2.962947794234956,6.088857717152834,2026-05-08,bm_eligible
PBR,Balancing Reserve,upward,2026-05-08 15:30:00+00:00,2026-05-08T16:00:00+00:00,0.5,5.0,2.4655319124543205,0.5,True,4.782420184254861,4.63,0.5155406295271961,0.0,0.0,0.592589558846991,standalone_parent:product_margin_quantity,196,True,4.34,600,True,2.962947794234956,6.429596713489853,2026-05-08,bm_eligible
PBR,Balancing Reserve,upward,2026-05-08 16:00:00+00:00,2026-05-08T16:30:00+00:00,0.5,5.0,3.510753207172024,0.5,True,6.809847771632948,9.75,0.5155406295271961,0.0,0.0,0.5885007496194475,standalone_parent:product_margin,1326,True,4.77,600,True,2.942503748097238,7.017871439211912,2026-05-08,bm_eligible
NQR,Quick Reserve,downward,2026-05-08 16:30:00+00:00,2026-05-08T17:00:00+00:00,0.5,5.0,0.3648834741673459,1.0,False,4.150449451882452,5.88,0.0879142074605562,0.0,0.0,0.3765349028165832,standalone_parent:product_margin,615,True,6.75,300,True,1.882674514082916,6.354026485029841,2026-05-08,bm_eligible
NQR,Quick Reserve,downward,2026-05-08 17:00:00+00:00,2026-05-08T17:30:00+00:00,0.5,5.0,0.3374248758788217,1.0,False,3.838115426681306,6.36,0.0879142074605562,0.0,0.0,0.3765349028165832,standalone_parent:product_margin,615,True,5.38,296,True,1.882674514082916,5.064394442883044,2026-05-08,bm_eligible
NQR,Quick Reserve,downward,2026-05-08 17:30:00+00:00,2026-05-08T18:00:00+00:00,0.5,5.0,0.1879631288824348,1.0,False,2.1380290434486,6.36,0.0879142074605562,0.0,0.0,0.3765349028165832,standalone_parent:product_margin,615,True,2.63,300,True,1.882674514082916,2.4757169860190342,2026-05-08,bm_eligible
NQR,Quick Reserve,downward,2026-05-08 18:00:00+00:00,2026-05-08T18:30:00+00:00,0.5,25.0,0.0797423865593707,1.0,False,0.9070477783144224,0.25,0.0879142074605562,0.0,0.0,0.4126759714306841,standalone_parent:product_margin_quantity,707,True,0.45,300,True,10.316899285767102,2.3213023392975978,2026-05-08,bm_eligible
NQR,Quick Reserve,downward,2026-05-08 18:30:00+00:00,2026-05-08T19:00:00+00:00,0.5,25.0,0.0778064775797998,1.0,False,0.8850273445814614,0.0,0.0879142074605562,0.0,0.0,0.4126759714306841,standalone_parent:product_margin_quantity,707,True,1.0,300,True,10.316899285767102,5.158449642883551,2026-05-08,bm_eligible
NQR,Quick Reserve,downward,2026-05-08 19:00:00+00:00,2026-05-08T19:30:00+00:00,0.5,25.0,0.0529244108420326,1.0,False,0.6020006591742041,0.0,0.0879142074605562,0.0,0.0,0.4126759714306841,standalone_parent:product_margin_quantity,707,True,1.4,300,True,10.316899285767102,7.22182950003697,2026-05-08,bm_eligible
NQR,Quick Reserve,downward,2026-05-08 19:30:00+00:00,2026-05-08T20:00:00+00:00,0.5,25.0,0.0375663097595567,1.0,False,0.4273064712141242,0.0,0.0879142074605562,0.0,0.0,0.4126759714306841,standalone_parent:product_margin_quantity,707,True,0.5,300,True,10.316899285767102,2.5792248214417755,2026-05-08,bm_eligible
NQR,Quick Reserve,downward,2026-05-08 20:00:00+00:00,2026-05-08T20:30:00+00:00,0.5,25.0,0.0615162821735422,1.0,False,0.6997308393087909,0.0,0.0879142074605562,0.0,0.0,0.4126759714306841,standalone_parent:product_margin_quantity,707,True,1.0,300,True,10.316899285767102,5.158449642883551,2026-05-08,bm_eligible
PSR,Slow Reserve,upward,2026-05-08 20:30:00+00:00,2026-05-08T21:00:00+00:00,0.5,25.0,2.9195194245534037,1.0,False,5.3879491356927565,7.92,0.5418609847693051,0.0,0.0,0.5418191976625076,standalone_parent:product_margin_quantity,19955,True,4.35,1798,True,13.545479941562691,29.46141887289885,2026-05-08,bm_eligible
PSR,Slow Reserve,upward,2026-05-08 21:00:00+00:00,2026-05-08T21:30:00+00:00,0.5,25.0,2.904038911768322,1.0,False,5.3593799764061325,7.92,0.5418609847693051,0.0,0.0,0.5418191976625076,standalone_parent:product_margin_quantity,19955,True,4.35,1798,True,13.545479941562691,29.46141887289885,2026-05-08,bm_eligible
PSR,Slow Reserve,upward,2026-05-08 21:30:00+00:00,2026-05-08T22:00:00+00:00,0.5,25.0,2.8893231773709145,1.0,False,5.332222209356946,7.92,0.5418609847693051,0.0,0.0,0.5418191976625076,standalone_parent:product_margin_quantity,19955,True,4.35,1798,True,13.545479941562691,29.46141887289885,2026-05-08,bm_eligible
PSR,Slow Reserve,upward,2026-05-08 22:00:00+00:00,2026-05-08T22:30:00+00:00,0.5,25.0,3.179949384658667,1.0,False,5.868570489555575,2.1,0.5418609847693051,0.0,0.0,0.55535754449506,standalone_parent:product_margin_quantity,40443,True,4.02,1800,True,13.8839386123765,27.906716610876764,2026-05-08,bm_eligible
PSR,Slow Reserve,upward,2026-05-08 22:30:00+00:00,2026-05-08T23:00:00+00:00,0.5,25.0,1.3981024162780673,1.0,False,2.580186534140861,2.1,0.5418609847693051,0.0,0.0,0.55535754449506,standalone_parent:product_margin_quantity,40443,True,2.28,1800,True,13.8839386123765,15.827690018109209,2026-05-08,bm_eligible
PSR,Slow Reserve,upward,2026-05-08 23:00:00+00:00,2026-05-08T23:30:00+00:00,0.5,25.0,1.061687442385242,1.0,False,1.9593354609895943,2.1,0.5418609847693051,0.0,0.0,0.55535754449506,standalone_parent:product_margin_quantity,40443,True,1.0,1804,True,13.8839386123765,6.94196930618825,2026-05-09,non_bm
PSR,Slow Reserve,upward,2026-05-08 23:30:00+00:00,2026-05-09T00:00:00+00:00,0.5,25.0,1.0341700699324152,1.0,False,1.908552375980176,2.1,0.5418609847693051,0.0,0.0,0.55535754449506,standalone_parent:product_margin_quantity,40443,True,1.0,1812,True,13.8839386123765,6.94196930618825,2026-05-09,non_bm
PSR,Slow Reserve,upward,2026-05-09 00:00:00+00:00,2026-05-09T00:30:00+00:00,0.5,25.0,1.100890501104997,1.0,False,2.031684384092898,1.3,0.5418609847693051,0.0,0.0,0.651420115892579,standalone_parent:product_margin_quantity,11247,True,1.98,1807,True,16.285502897314473,16.12264786834133,2026-05-09,non_bm
PSR,Slow Reserve,upward,2026-05-09 00:30:00+00:00,2026-05-09T01:00:00+00:00,0.5,25.0,1.1619296576372309,1.0,False,2.1443316464866298,1.3,0.5418609847693051,0.0,0.0,0.651420115892579,standalone_parent:product_margin_quantity,11247,True,1.99,1807,True,16.285502897314473,16.2040753828279,2026-05-09,non_bm
PSR,Slow Reserve,upward,2026-05-09 01:00:00+00:00,2026-05-09T01:30:00+00:00,0.5,25.0,1.1344747457340307,1.0,False,2.093663831908895,1.3,0.5418609847693051,0.0,0.0,0.651420115892579,standalone_parent:product_margin_quantity,11247,True,1.62,1800,True,16.285502897314473,13.191257346824724,2026-05-09,non_bm
PSR,Slow Reserve,upward,2026-05-09 01:30:00+00:00,2026-05-09T02:00:00+00:00,0.5,25.0,1.1479171027418211,1.0,False,2.1184715914369474,1.3,0.5418609847693051,0.0,0.0,0.651420115892579,standalone_parent:product_margin_quantity,11247,True,1.62,1800,True,16.285502897314473,13.191257346824724,2026-05-09,non_bm
DRL,Dynamic Regulation,upward,2026-05-09 02:00:00+00:00,2026-05-09T06:00:00+00:00,4.0,25.0,4.665319517808273,1.0,False,15.821993770941964,18.94,0.294862934807648,58.353919515356665,0.5835391951535667,0.4781843929077178,standalone_parent:product_margin_quantity,466,True,19.05,480,True,11.954609822692944,910.9412684892023,2026-05-09,non_bm
DRL,Dynamic Regulation,upward,2026-05-09 06:00:00+00:00,2026-05-09T10:00:00+00:00,4.0,7.0,4.59658338433465,1.0,False,15.588881618278684,16.66,0.294862934807648,40.608146321817,1.450290940064893,0.379093333467851,standalone_parent:product_margin_quantity,498,True,14.11,480,True,2.6536533342749573,149.77219418647857,2026-05-09,non_bm
NSR,Slow Reserve,downward,2026-05-09 06:00:00+00:00,2026-05-09T06:30:00+00:00,0.5,18.0,0.0007781534364243,1.0,False,0.2217737293809372,0.0,0.0035087719298245,0.0,0.0,0.0035087719298245,standalone_parent:product,4560,True,0.0,0,True,0.0,0.0,2026-05-09,non_bm
NQR,Quick Reserve,downward,2026-05-09 06:30:00+00:00,2026-05-09T07:00:00+00:00,0.5,18.0,0.0172808630973128,1.0,False,0.1965650785746565,0.0,0.0879142074605562,0.0,0.0,0.4126759714306841,standalone_parent:product_margin_quantity,707,True,0.0,324,True,7.428167485752313,0.0,2026-05-09,non_bm
NQR,Quick Reserve,downward,2026-05-09 07:00:00+00:00,2026-05-09T07:30:00+00:00,0.5,18.0,0.0143046567157776,1.0,False,0.1627115471887252,0.0,0.0879142074605562,0.0,0.0,0.4126759714306841,standalone_parent:product_margin_quantity,707,True,0.0,337,True,7.428167485752313,0.0,2026-05-09,non_bm
NSR,Slow Reserve,downward,2026-05-09 07:30:00+00:00,2026-05-09T08:00:00+00:00,0.5,18.0,0.0009505722533656,1.0,False,0.2709130922092224,0.0,0.0035087719298245,0.0,0.0,0.0035087719298245,standalone_parent:product,4560,True,0.0,0,True,0.0,0.0,2026-05-09,non_bm
PQR,Quick Reserve,upward,2026-05-09 08:00:00+00:00,2026-05-09T08:30:00+00:00,0.5,18.0,1.1542097065430563,1.0,False,4.992369491111561,4.11,0.2311947680551323,0.0,0.0,0.411784385725345,standalone_parent:product_margin_quantity,1491,True,8.87,498,True,7.4121189430562096,32.87274751245429,2026-05-09,non_bm
PQR,Quick Reserve,upward,2026-05-09 08:30:00+00:00,2026-05-09T09:00:00+00:00,0.5,18.0,1.2009145067342448,1.0,False,5.19438444406262,5.47,0.2311947680551323,0.0,0.0,0.5989761163562776,standalone_parent:product_margin_quantity,1552,True,4.55,500,True,10.781570094412997,24.528071964789568,2026-05-09,non_bm
PQR,Quick Reserve,upward,2026-05-09 09:00:00+00:00,2026-05-09T09:30:00+00:00,0.5,18.0,1.0364692633799784,1.0,False,4.483099994429003,4.49,0.2311947680551323,0.0,0.0,0.411784385725345,standalone_parent:product_margin_quantity,1491,True,6.35,500,True,7.4121189430562096,23.533477644203465,2026-05-09,non_bm
PQR,Quick Reserve,upward,2026-05-09 09:30:00+00:00,2026-05-09T10:00:00+00:00,0.5,18.0,0.8881825233191447,1.0,False,3.841706846529254,3.62,0.2311947680551323,0.0,0.0,0.411784385725345,standalone_parent:product_margin_quantity,1491,True,2.7,500,True,7.4121189430562096,10.006360573125884,2026-05-09,non_bm
DRL,Dynamic Regulation,upward,2026-05-09 10:00:00+00:00,2026-05-09T14:00:00+00:00,4.0,25.0,4.1871868453879575,1.0,False,14.200451637366502,16.39,0.294862934807648,0.0,0.0,0.4781843929077178,standalone_parent:product_margin_quantity,466,True,11.82,480,True,11.954609822692944,565.2139524169224,2026-05-09,non_bm
DRL,Dynamic Regulation,upward,2026-05-09 14:00:00+00:00,2026-05-09T18:00:00+00:00,4.0,25.0,4.939156170688582,1.0,False,16.750685106999324,17.87,0.294862934807648,124.27046311126924,1.2427046311126924,0.4781843929077178,standalone_parent:product_margin_quantity,466,True,9.25,480,True,11.954609822692944,442.3205634396389,2026-05-09,non_bm
NQR,Quick Reserve,downward,2026-05-09 18:00:00+00:00,2026-05-09T18:30:00+00:00,0.5,25.0,0.0526431249475393,1.0,False,0.598801109265056,0.45,0.0879142074605562,0.0,0.0,0.4126759714306841,standalone_parent:product_margin_quantity,707,True,1.0,300,True,10.316899285767102,5.158449642883551,2026-05-09,non_bm
NQR,Quick Reserve,downward,2026-05-09 18:30:00+00:00,2026-05-09T19:00:00+00:00,0.5,25.0,0.0498333088465983,1.0,False,0.5668402216894995,1.0,0.0879142074605562,0.0,0.0,0.3660242464560623,standalone_parent:product_margin_quantity,268,True,1.0,300,True,9.150606161401557,4.575303080700778,2026-05-09,non_bm
NQR,Quick Reserve,downward,2026-05-09 19:00:00+00:00,2026-05-09T19:30:00+00:00,0.5,25.0,0.0226250498718283,1.0,False,0.2573537375284799,1.4,0.0879142074605562,0.0,0.0,0.3660242464560623,standalone_parent:product_margin_quantity,268,True,1.0,300,True,9.150606161401557,4.575303080700778,2026-05-09,non_bm
NQR,Quick Reserve,downward,2026-05-09 19:30:00+00:00,2026-05-09T20:00:00+00:00,0.5,25.0,0.0103663883198531,1.0,False,0.1179148242279738,0.5,0.0879142074605562,0.0,0.0,0.4719198038459597,standalone_parent:product_margin_quantity,203,True,1.11,300,True,11.797995096148991,6.547887278362691,2026-05-09,non_bm
NQR,Quick Reserve,downward,2026-05-09 20:00:00+00:00,2026-05-09T20:30:00+00:00,0.5,25.0,0.0303200674248404,1.0,False,0.3448824518886088,1.0,0.0879142074605562,0.0,0.0,0.3660242464560623,standalone_parent:product_margin_quantity,268,True,1.0,300,True,9.150606161401557,4.575303080700778,2026-05-09,non_bm
PSR,Slow Reserve,upward,2026-05-09 20:30:00+00:00,2026-05-09T21:00:00+00:00,0.5,25.0,2.376268963135812,1.0,False,4.385384867942648,4.35,0.5418609847693051,0.0,0.0,0.55535754449506,standalone_parent:product_margin_quantity,40443,True,2.83,1797,True,13.8839386123765,19.645773136512748,2026-05-09,non_bm
PSR,Slow Reserve,upward,2026-05-09 21:00:00+00:00,2026-05-09T21:30:00+00:00,0.5,25.0,2.360316262075004,1.0,False,4.355944289068714,4.35,0.5418609847693051,0.0,0.0,0.55535754449506,standalone_parent:product_margin_quantity,40443,True,2.83,1797,True,13.8839386123765,19.645773136512748,2026-05-09,non_bm
PSR,Slow Reserve,upward,2026-05-09 21:30:00+00:00,2026-05-09T22:00:00+00:00,0.5,25.0,2.344950564436128,1.0,False,4.327587020192052,4.35,0.5418609847693051,0.0,0.0,0.55535754449506,standalone_parent:product_margin_quantity,40443,True,2.83,1797,True,13.8839386123765,19.645773136512748,2026-05-09,non_bm
PSR,Slow Reserve,upward,2026-05-09 22:00:00+00:00,2026-05-09T22:30:00+00:00,0.5,25.0,2.509964827463627,1.0,False,4.632119488234115,4.02,0.5418609847693051,0.0,0.0,0.55535754449506,standalone_parent:product_margin_quantity,40443,True,2.91,1810,True,13.8839386123765,20.201130681007808,2026-05-09,non_bm
PSR,Slow Reserve,upward,2026-05-09 22:30:00+00:00,2026-05-09T23:00:00+00:00,0.5,25.0,1.1797702305954134,1.0,False,2.177256277452224,2.28,0.5418609847693051,0.0,0.0,0.55535754449506,standalone_parent:product_margin_quantity,40443,True,1.93,1810,True,13.8839386123765,13.398000760943322,2026-05-09,non_bm
PSR,Slow Reserve,upward,2026-05-08 23:00:00+00:00,2026-05-08T23:30:00+00:00,0.5,25.0,1.061687442385242,1.0,False,1.9593354609895943,2.1,0.5418609847693051,0.0,0.0,0.55535754449506,standalone_parent:product_margin_quantity,40443,True,1.0,1804,True,13.8839386123765,6.94196930618825,2026-05-09,bm_eligible
PSR,Slow Reserve,upward,2026-05-08 23:30:00+00:00,2026-05-09T00:00:00+00:00,0.5,25.0,1.0341700699324152,1.0,False,1.908552375980176,2.1,0.5418609847693051,0.0,0.0,0.55535754449506,standalone_parent:product_margin_quantity,40443,True,1.0,1812,True,13.8839386123765,6.94196930618825,2026-05-09,bm_eligible
PSR,Slow Reserve,upward,2026-05-09 00:00:00+00:00,2026-05-09T00:30:00+00:00,0.5,25.0,1.100890501104997,1.0,False,2.031684384092898,1.3,0.5418609847693051,0.0,0.0,0.651420115892579,standalone_parent:product_margin_quantity,11247,True,1.98,1807,True,16.285502897314473,16.12264786834133,2026-05-09,bm_eligible
PSR,Slow Reserve,upward,2026-05-09 00:30:00+00:00,2026-05-09T01:00:00+00:00,0.5,25.0,1.1619296576372309,1.0,False,2.1443316464866298,1.3,0.5418609847693051,0.0,0.0,0.651420115892579,standalone_parent:product_margin_quantity,11247,True,1.99,1807,True,16.285502897314473,16.2040753828279,2026-05-09,bm_eligible
PSR,Slow Reserve,upward,2026-05-09 01:00:00+00:00,2026-05-09T01:30:00+00:00,0.5,25.0,1.1344747457340307,1.0,False,2.093663831908895,1.3,0.5418609847693051,0.0,0.0,0.651420115892579,standalone_parent:product_margin_quantity,11247,True,1.62,1800,True,16.285502897314473,13.191257346824724,2026-05-09,bm_eligible
PSR,Slow Reserve,upward,2026-05-09 01:30:00+00:00,2026-05-09T02:00:00+00:00,0.5,25.0,1.1479171027418211,1.0,False,2.1184715914369474,1.3,0.5418609847693051,0.0,0.0,0.651420115892579,standalone_parent:product_margin_quantity,11247,True,1.62,1800,True,16.285502897314473,13.191257346824724,2026-05-09,bm_eligible
DRL,Dynamic Regulation,upward,2026-05-09 02:00:00+00:00,2026-05-09T06:00:00+00:00,4.0,25.0,4.665319517808273,1.0,False,15.821993770941964,18.94,0.294862934807648,58.353919515356665,0.5835391951535667,0.4781843929077178,standalone_parent:product_margin_quantity,466,True,19.05,480,True,11.954609822692944,910.9412684892023,2026-05-09,bm_eligible
DRL,Dynamic Regulation,upward,2026-05-09 06:00:00+00:00,2026-05-09T10:00:00+00:00,4.0,7.0,4.59658338433465,1.0,False,15.588881618278684,16.66,0.294862934807648,40.608146321817,1.450290940064893,0.379093333467851,standalone_parent:product_margin_quantity,498,True,14.11,480,True,2.6536533342749573,149.77219418647857,2026-05-09,bm_eligible
NBR,Balancing Reserve,downward,2026-05-09 06:00:00+00:00,2026-05-09T06:30:00+00:00,0.5,18.0,0.0133704710072131,0.5,True,0.061446864614578,0.0,0.2175940317065589,0.0,0.0,0.2175940317065589,nonlooped_parent:product,3217,True,0.0,0,True,0.0,0.0,2026-05-09,bm_eligible
NQR,Quick Reserve,downward,2026-05-09 06:30:00+00:00,2026-05-09T07:00:00+00:00,0.5,18.0,0.0172808630973128,1.0,False,0.1965650785746565,0.0,0.0879142074605562,0.0,0.0,0.4126759714306841,standalone_parent:product_margin_quantity,707,True,0.0,324,True,7.428167485752313,0.0,2026-05-09,bm_eligible
NQR,Quick Reserve,downward,2026-05-09 07:00:00+00:00,2026-05-09T07:30:00+00:00,0.5,18.0,0.0143046567157776,1.0,False,0.1627115471887252,0.0,0.0879142074605562,0.0,0.0,0.4126759714306841,standalone_parent:product_margin_quantity,707,True,0.0,337,True,7.428167485752313,0.0,2026-05-09,bm_eligible
NBR,Balancing Reserve,downward,2026-05-09 07:30:00+00:00,2026-05-09T08:00:00+00:00,0.5,18.0,0.0076700422704834,0.5,True,0.0352493228344934,0.0,0.2175940317065589,0.0,0.0,0.2175940317065589,nonlooped_parent:product,3217,True,0.0,0,True,0.0,0.0,2026-05-09,bm_eligible
PBR,Balancing Reserve,upward,2026-05-09 08:00:00+00:00,2026-05-09T08:30:00+00:00,0.5,18.0,2.069668452932952,0.5,True,4.014559346818214,1.63,0.5155406295271961,0.0,0.0,0.6883840047139721,standalone_parent:product_margin_quantity,1536,True,1.11,600,True,12.390912084851498,6.876956207092582,2026-05-09,bm_eligible
PBR,Balancing Reserve,upward,2026-05-09 08:30:00+00:00,2026-05-09T09:00:00+00:00,0.5,18.0,3.129355248205677,0.5,True,6.0700458295122495,10.41,0.5155406295271961,0.0,0.0,0.6387379380185993,standalone_parent:product_margin_quantity,507,True,11.92,600,True,11.497282884334789,68.52380599063534,2026-05-09,bm_eligible
PBR,Balancing Reserve,upward,2026-05-09 09:00:00+00:00,2026-05-09T09:30:00+00:00,0.5,18.0,1.842144616401386,0.5,True,3.573228783327557,2.27,0.5155406295271961,0.0,0.0,0.5988766951675288,standalone_parent:product_margin_quantity,2107,True,1.07,600,True,10.77978051301552,5.767182574463303,2026-05-09,bm_eligible
PBR,Balancing Reserve,upward,2026-05-09 09:30:00+00:00,2026-05-09T10:00:00+00:00,0.5,18.0,1.82794982796428,0.5,True,3.5456949913738085,2.27,0.5155406295271961,0.0,0.0,0.5988766951675288,standalone_parent:product_margin_quantity,2107,True,1.02,600,True,10.77978051301552,5.4976880616379145,2026-05-09,bm_eligible
DRL,Dynamic Regulation,upward,2026-05-09 10:00:00+00:00,2026-05-09T14:00:00+00:00,4.0,25.0,4.1871868453879575,1.0,False,14.200451637366502,16.39,0.294862934807648,0.0,0.0,0.4781843929077178,standalone_parent:product_margin_quantity,466,True,11.82,480,True,11.954609822692944,565.2139524169224,2026-05-09,bm_eligible
DRL,Dynamic Regulation,upward,2026-05-09 14:00:00+00:00,2026-05-09T18:00:00+00:00,4.0,25.0,4.939156170688582,1.0,False,16.750685106999324,17.87,0.294862934807648,124.27046311126924,1.2427046311126924,0.4781843929077178,standalone_parent:product_margin_quantity,466,True,9.25,480,True,11.954609822692944,442.3205634396389,2026-05-09,bm_eligible
NQR,Quick Reserve,downward,2026-05-09 18:00:00+00:00,2026-05-09T18:30:00+00:00,0.5,25.0,0.0526431249475393,1.0,False,0.598801109265056,0.45,0.0879142074605562,0.0,0.0,0.4126759714306841,standalone_parent:product_margin_quantity,707,True,1.0,300,True,10.316899285767102,5.158449642883551,2026-05-09,bm_eligible
NQR,Quick Reserve,downward,2026-05-09 18:30:00+00:00,2026-05-09T19:00:00+00:00,0.5,25.0,0.0498333088465983,1.0,False,0.5668402216894995,1.0,0.0879142074605562,0.0,0.0,0.3660242464560623,standalone_parent:product_margin_quantity,268,True,1.0,300,True,9.150606161401557,4.575303080700778,2026-05-09,bm_eligible
NQR,Quick Reserve,downward,2026-05-09 19:00:00+00:00,2026-05-09T19:30:00+00:00,0.5,25.0,0.0226250498718283,1.0,False,0.2573537375284799,1.4,0.0879142074605562,0.0,0.0,0.3660242464560623,standalone_parent:product_margin_quantity,268,True,1.0,300,True,9.150606161401557,4.575303080700778,2026-05-09,bm_eligible
NQR,Quick Reserve,downward,2026-05-09 19:30:00+00:00,2026-05-09T20:00:00+00:00,0.5,25.0,0.0103663883198531,1.0,False,0.1179148242279738,0.5,0.0879142074605562,0.0,0.0,0.4719198038459597,standalone_parent:product_margin_quantity,203,True,1.11,300,True,11.797995096148991,6.547887278362691,2026-05-09,bm_eligible
NQR,Quick Reserve,downward,2026-05-09 20:00:00+00:00,2026-05-09T20:30:00+00:00,0.5,25.0,0.0303200674248404,1.0,False,0.3448824518886088,1.0,0.0879142074605562,0.0,0.0,0.3660242464560623,standalone_parent:product_margin_quantity,268,True,1.0,300,True,9.150606161401557,4.575303080700778,2026-05-09,bm_eligible
PBR,Balancing Reserve,upward,2026-05-09 20:30:00+00:00,2026-05-09T21:00:00+00:00,0.5,25.0,2.497746290155361,0.5,True,4.844906777659894,7.07,0.5155406295271961,0.0,0.0,0.5678368013834959,standalone_parent:product_margin_quantity,728,True,2.52,400,True,14.195920034587395,17.88685924358012,2026-05-09,bm_eligible
PSR,Slow Reserve,upward,2026-05-09 21:00:00+00:00,2026-05-09T21:30:00+00:00,0.5,25.0,2.360316262075004,1.0,False,4.355944289068714,4.35,0.5418609847693051,0.0,0.0,0.55535754449506,standalone_parent:product_margin_quantity,40443,True,2.83,1797,True,13.8839386123765,19.645773136512748,2026-05-09,bm_eligible
PSR,Slow Reserve,upward,2026-05-09 21:30:00+00:00,2026-05-09T22:00:00+00:00,0.5,25.0,2.344950564436128,1.0,False,4.327587020192052,4.35,0.5418609847693051,0.0,0.0,0.55535754449506,standalone_parent:product_margin_quantity,40443,True,2.83,1797,True,13.8839386123765,19.645773136512748,2026-05-09,bm_eligible
PSR,Slow Reserve,upward,2026-05-09 22:00:00+00:00,2026-05-09T22:30:00+00:00,0.5,25.0,2.509964827463627,1.0,False,4.632119488234115,4.02,0.5418609847693051,0.0,0.0,0.55535754449506,standalone_parent:product_margin_quantity,40443,True,2.91,1810,True,13.8839386123765,20.201130681007808,2026-05-09,bm_eligible
PSR,Slow Reserve,upward,2026-05-09 22:30:00+00:00,2026-05-09T23:00:00+00:00,0.5,25.0,1.1797702305954134,1.0,False,2.177256277452224,2.28,0.5418609847693051,0.0,0.0,0.55535754449506,standalone_parent:product_margin_quantity,40443,True,1.93,1810,True,13.8839386123765,13.398000760943322,2026-05-09,bm_eligible
PSR,Slow Reserve,upward,2026-05-09 23:00:00+00:00,2026-05-09T23:30:00+00:00,0.5,25.0,0.922204874712606,1.0,False,1.7019215271703507,1.0,0.5418609847693051,0.0,0.0,0.651420115892579,standalone_parent:product_margin_quantity,11247,True,1.93,1810,True,16.285502897314473,15.715510295908466,2026-05-10,non_bm
PSR,Slow Reserve,upward,2026-05-09 23:30:00+00:00,2026-05-10T00:00:00+00:00,0.5,25.0,0.9276325980984385,1.0,False,1.7119383461301865,1.0,0.5418609847693051,0.0,0.0,0.651420115892579,standalone_parent:product_margin_quantity,11247,True,1.93,1810,True,16.285502897314473,15.715510295908466,2026-05-10,non_bm
PSR,Slow Reserve,upward,2026-05-10 00:00:00+00:00,2026-05-10T00:30:00+00:00,0.5,25.0,1.2998095694257443,1.0,False,2.398787892025724,1.98,0.5418609847693051,0.0,0.0,0.651420115892579,standalone_parent:product_margin_quantity,11247,True,1.66,1800,True,16.285502897314473,13.516967404771012,2026-05-10,non_bm
PSR,Slow Reserve,upward,2026-05-10 00:30:00+00:00,2026-05-10T01:00:00+00:00,0.5,25.0,1.3653768664708037,1.0,False,2.519791800570596,1.99,0.5418609847693051,0.0,0.0,0.651420115892579,standalone_parent:product_margin_quantity,11247,True,1.66,1800,True,16.285502897314473,13.516967404771012,2026-05-10,non_bm
PSR,Slow Reserve,upward,2026-05-10 01:00:00+00:00,2026-05-10T01:30:00+00:00,0.5,25.0,1.3082167917699823,1.0,False,2.414303351858687,1.62,0.5418609847693051,0.1615724461380523,0.0129257956910441,0.651420115892579,standalone_parent:product_margin_quantity,11247,True,1.66,1800,True,16.285502897314473,13.516967404771012,2026-05-10,non_bm
PSR,Slow Reserve,upward,2026-05-10 01:30:00+00:00,2026-05-10T02:00:00+00:00,0.5,25.0,1.313334205123152,1.0,False,2.423747496200152,1.62,0.5418609847693051,0.1615724461380523,0.0129257956910441,0.651420115892579,standalone_parent:product_margin_quantity,11247,True,1.66,1800,True,16.285502897314473,13.516967404771012,2026-05-10,non_bm
DRL,Dynamic Regulation,upward,2026-05-10 02:00:00+00:00,2026-05-10T06:00:00+00:00,4.0,25.0,4.886438181465141,1.0,False,16.57189698885951,19.05,0.294862934807648,67.36394108593095,0.6736394108593095,0.4781843929077178,standalone_parent:product_margin_quantity,466,True,19.11,480,True,11.954609822692944,913.8103748466486,2026-05-10,non_bm
DRL,Dynamic Regulation,upward,2026-05-10 06:00:00+00:00,2026-05-10T10:00:00+00:00,4.0,5.0,4.458074413693381,1.0,False,15.119141429564817,14.11,0.294862934807648,25.328544634011905,1.2664272317005951,0.4738983688433393,standalone_parent:product_margin,1454,True,14.07,480,True,2.369491844216697,133.3550009925157,2026-05-10,non_bm
NQR,Quick Reserve,downward,2026-05-10 06:00:00+00:00,2026-05-10T06:30:00+00:00,0.5,20.0,0.0237079029727967,1.0,False,0.2696708945870164,2.27,0.0879142074605562,0.0,0.0,0.313575299926706,standalone_parent:product_margin_quantity,318,True,0.0,305,True,6.271505998534121,0.0,2026-05-10,non_bm
NQR,Quick Reserve,downward,2026-05-10 06:30:00+00:00,2026-05-10T07:00:00+00:00,0.5,20.0,0.0290493404932079,1.0,False,0.3304282815293676,0.0,0.0879142074605562,0.0,0.0,0.4126759714306841,standalone_parent:product_margin_quantity,707,True,0.0,350,True,8.253519428613682,0.0,2026-05-10,non_bm
NQR,Quick Reserve,downward,2026-05-10 07:00:00+00:00,2026-05-10T07:30:00+00:00,0.5,20.0,0.0193637938044614,1.0,False,0.2202578441391202,0.0,0.0879142074605562,0.0,0.0,0.4126759714306841,standalone_parent:product_margin_quantity,707,True,0.0,350,True,8.253519428613682,0.0,2026-05-10,non_bm
NQR,Quick Reserve,downward,2026-05-10 07:30:00+00:00,2026-05-10T08:00:00+00:00,0.5,18.0,0.0018147551055948,1.0,False,0.0206423416420954,0.0,0.0879142074605562,0.0,0.0,0.4126759714306841,standalone_parent:product_margin_quantity,707,True,0.0,350,True,7.428167485752313,0.0,2026-05-10,non_bm
PQR,Quick Reserve,upward,2026-05-10 07:30:00+00:00,2026-05-10T08:00:00+00:00,0.5,2.0,1.644701441484122,1.0,False,7.113921544677495,5.86,0.2311947680551323,0.0,0.0,0.8123161703636785,standalone_parent:product_margin_quantity,645,True,6.14,500,True,1.624632340727357,4.987621286032986,2026-05-10,non_bm
PQR,Quick Reserve,upward,2026-05-10 08:00:00+00:00,2026-05-10T08:30:00+00:00,0.5,20.0,1.4131825620754992,1.0,False,6.11251964723744,8.87,0.2311947680551323,0.0,0.0,0.5989761163562776,standalone_parent:product_margin_quantity,1552,True,3.49,500,True,11.97952232712555,20.904266460834087,2026-05-10,non_bm
PQR,Quick Reserve,upward,2026-05-10 08:30:00+00:00,2026-05-10T09:00:00+00:00,0.5,20.0,1.1738206885120788,1.0,False,5.0771939970205615,4.55,0.2311947680551323,0.0,0.0,0.411784385725345,standalone_parent:product_margin_quantity,1491,True,2.32,502,True,8.2356877145069,9.553397748828004,2026-05-10,non_bm
PQR,Quick Reserve,upward,2026-05-10 09:00:00+00:00,2026-05-10T09:30:00+00:00,0.5,20.0,1.1613088051181262,1.0,False,5.0230756296405135,6.35,0.2311947680551323,0.0,0.0,0.5989761163562776,standalone_parent:product_margin_quantity,1552,True,2.0,502,True,11.97952232712555,11.97952232712555,2026-05-10,non_bm
PQR,Quick Reserve,upward,2026-05-10 09:30:00+00:00,2026-05-10T10:00:00+00:00,0.5,20.0,0.9037819823586416,1.0,False,3.9091800820644846,2.7,0.2311947680551323,0.0,0.0,0.411784385725345,standalone_parent:product_margin_quantity,1491,True,3.49,500,True,8.2356877145069,14.371275061814542,2026-05-10,non_bm
DRL,Dynamic Regulation,upward,2026-05-10 10:00:00+00:00,2026-05-10T14:00:00+00:00,4.0,25.0,3.981840567648851,1.0,False,13.50403898762786,11.82,0.294862934807648,0.0,0.0,0.4781843929077178,standalone_parent:product_margin_quantity,466,True,12.17,480,True,11.954609822692944,581.9504061686926,2026-05-10,non_bm
DRL,Dynamic Regulation,upward,2026-05-10 14:00:00+00:00,2026-05-10T18:00:00+00:00,4.0,25.0,4.353882932955344,1.0,False,14.765785790593082,9.25,0.294862934807648,120.36020626021129,1.2036020626021129,0.4218546033939952,standalone_parent:product_margin_quantity,286,True,16.44,480,True,10.54636508484988,693.5289679797281,2026-05-10,non_bm
NQR,Quick Reserve,downward,2026-05-10 18:00:00+00:00,2026-05-10T18:30:00+00:00,0.5,23.0,0.0548706144598053,1.0,False,0.624138191593477,1.0,0.0879142074605562,0.0,0.0,0.3660242464560623,standalone_parent:product_margin_quantity,268,True,1.0,300,True,8.418557668489433,4.209278834244716,2026-05-10,non_bm
NQR,Quick Reserve,downward,2026-05-10 18:30:00+00:00,2026-05-10T19:00:00+00:00,0.5,25.0,0.0541824797871453,1.0,False,0.6163108484081474,1.0,0.0879142074605562,0.0,0.0,0.3660242464560623,standalone_parent:product_margin_quantity,268,True,0.45,300,True,9.150606161401557,2.05888638631535,2026-05-10,non_bm
NQR,Quick Reserve,downward,2026-05-10 19:00:00+00:00,2026-05-10T19:30:00+00:00,0.5,25.0,0.0286425746593065,1.0,False,0.3258014317214584,1.0,0.0879142074605562,0.0,0.0,0.3660242464560623,standalone_parent:product_margin_quantity,268,True,0.0,301,True,9.150606161401557,0.0,2026-05-10,non_bm
NQR,Quick Reserve,downward,2026-05-10 19:30:00+00:00,2026-05-10T20:00:00+00:00,0.5,25.0,0.015663920940425,1.0,False,0.1781728049752693,1.11,0.0879142074605562,0.0,0.0,0.3660242464560623,standalone_parent:product_margin_quantity,268,True,0.0,300,True,9.150606161401557,0.0,2026-05-10,non_bm
NQR,Quick Reserve,downward,2026-05-10 20:00:00+00:00,2026-05-10T20:30:00+00:00,0.5,25.0,0.0447365411219672,1.0,False,0.5088658865751451,1.0,0.0879142074605562,0.0,0.0,0.3660242464560623,standalone_parent:product_margin_quantity,268,True,0.0,308,True,9.150606161401557,0.0,2026-05-10,non_bm
NQR,Quick Reserve,downward,2026-05-10 20:30:00+00:00,2026-05-10T21:00:00+00:00,0.5,7.0,0.0360246286094941,1.0,False,0.4097702709275637,1.0,0.0879142074605562,0.0,0.0,0.3274290800957181,standalone_parent:product_margin,504,True,0.99,306,True,2.292003560670026,1.1345417625316632,2026-05-10,non_bm
PSR,Slow Reserve,upward,2026-05-10 20:30:00+00:00,2026-05-10T21:00:00+00:00,0.5,18.0,2.0946628629278385,1.0,False,3.8656831213260943,2.83,0.5418609847693051,0.0,0.0,0.55535754449506,standalone_parent:product_margin_quantity,40443,True,2.95,1799,True,9.99643580091108,14.744742806343844,2026-05-10,non_bm
PSR,Slow Reserve,upward,2026-05-10 21:00:00+00:00,2026-05-10T21:30:00+00:00,0.5,25.0,2.078614811269932,1.0,False,3.8360665737078175,2.83,0.5418609847693051,0.0,0.0,0.55535754449506,standalone_parent:product_margin_quantity,40443,True,2.95,1799,True,13.8839386123765,20.47880945325534,2026-05-10,non_bm
PSR,Slow Reserve,upward,2026-05-10 21:30:00+00:00,2026-05-10T22:00:00+00:00,0.5,25.0,2.0632742293807538,1.0,False,3.8077556557410817,2.83,0.5418609847693051,0.0,0.0,0.55535754449506,standalone_parent:product_margin_quantity,40443,True,2.95,1799,True,13.8839386123765,20.47880945325534,2026-05-10,non_bm
PSR,Slow Reserve,upward,2026-05-10 22:00:00+00:00,2026-05-10T22:30:00+00:00,0.5,25.0,2.356062940647421,1.0,False,4.3480948192837765,2.91,0.5418609847693051,0.0,0.0,0.55535754449506,standalone_parent:product_margin_quantity,40443,True,4.68,1799,True,13.8839386123765,32.48841635296101,2026-05-10,non_bm
PSR,Slow Reserve,upward,2026-05-10 22:30:00+00:00,2026-05-10T23:00:00+00:00,0.5,25.0,1.0086663551324089,1.0,False,1.8614854796416904,1.93,0.5418609847693051,0.0,0.0,0.651420115892579,standalone_parent:product_margin_quantity,11247,True,2.56,1800,True,16.285502897314473,20.845443708562524,2026-05-10,non_bm
PSR,Slow Reserve,upward,2026-05-09 23:00:00+00:00,2026-05-09T23:30:00+00:00,0.5,25.0,0.922204874712606,1.0,False,1.7019215271703507,1.0,0.5418609847693051,0.0,0.0,0.651420115892579,standalone_parent:product_margin_quantity,11247,True,1.93,1810,True,16.285502897314473,15.715510295908466,2026-05-10,bm_eligible
PSR,Slow Reserve,upward,2026-05-09 23:30:00+00:00,2026-05-10T00:00:00+00:00,0.5,25.0,0.9276325980984385,1.0,False,1.7119383461301865,1.0,0.5418609847693051,0.0,0.0,0.651420115892579,standalone_parent:product_margin_quantity,11247,True,1.93,1810,True,16.285502897314473,15.715510295908466,2026-05-10,bm_eligible
PSR,Slow Reserve,upward,2026-05-10 00:00:00+00:00,2026-05-10T00:30:00+00:00,0.5,25.0,1.2998095694257443,1.0,False,2.398787892025724,1.98,0.5418609847693051,0.0,0.0,0.651420115892579,standalone_parent:product_margin_quantity,11247,True,1.66,1800,True,16.285502897314473,13.516967404771012,2026-05-10,bm_eligible
PSR,Slow Reserve,upward,2026-05-10 00:30:00+00:00,2026-05-10T01:00:00+00:00,0.5,25.0,1.3653768664708037,1.0,False,2.519791800570596,1.99,0.5418609847693051,0.0,0.0,0.651420115892579,standalone_parent:product_margin_quantity,11247,True,1.66,1800,True,16.285502897314473,13.516967404771012,2026-05-10,bm_eligible
PSR,Slow Reserve,upward,2026-05-10 01:00:00+00:00,2026-05-10T01:30:00+00:00,0.5,25.0,1.3082167917699823,1.0,False,2.414303351858687,1.62,0.5418609847693051,0.1615724461380523,0.0129257956910441,0.651420115892579,standalone_parent:product_margin_quantity,11247,True,1.66,1800,True,16.285502897314473,13.516967404771012,2026-05-10,bm_eligible
PSR,Slow Reserve,upward,2026-05-10 01:30:00+00:00,2026-05-10T02:00:00+00:00,0.5,25.0,1.313334205123152,1.0,False,2.423747496200152,1.62,0.5418609847693051,0.1615724461380523,0.0129257956910441,0.651420115892579,standalone_parent:product_margin_quantity,11247,True,1.66,1800,True,16.285502897314473,13.516967404771012,2026-05-10,bm_eligible
DRL,Dynamic Regulation,upward,2026-05-10 02:00:00+00:00,2026-05-10T06:00:00+00:00,4.0,25.0,4.886438181465141,1.0,False,16.57189698885951,19.05,0.294862934807648,67.36394108593095,0.6736394108593095,0.4781843929077178,standalone_parent:product_margin_quantity,466,True,19.11,480,True,11.954609822692944,913.8103748466486,2026-05-10,bm_eligible
DRL,Dynamic Regulation,upward,2026-05-10 06:00:00+00:00,2026-05-10T10:00:00+00:00,4.0,5.0,4.458074413693381,1.0,False,15.119141429564817,14.11,0.294862934807648,25.328544634011905,1.2664272317005951,0.4738983688433393,standalone_parent:product_margin,1454,True,14.07,480,True,2.369491844216697,133.3550009925157,2026-05-10,bm_eligible
NQR,Quick Reserve,downward,2026-05-10 06:00:00+00:00,2026-05-10T06:30:00+00:00,0.5,20.0,0.0237079029727967,1.0,False,0.2696708945870164,2.27,0.0879142074605562,0.0,0.0,0.313575299926706,standalone_parent:product_margin_quantity,318,True,0.0,305,True,6.271505998534121,0.0,2026-05-10,bm_eligible
NQR,Quick Reserve,downward,2026-05-10 06:30:00+00:00,2026-05-10T07:00:00+00:00,0.5,20.0,0.0290493404932079,1.0,False,0.3304282815293676,0.0,0.0879142074605562,0.0,0.0,0.4126759714306841,standalone_parent:product_margin_quantity,707,True,0.0,350,True,8.253519428613682,0.0,2026-05-10,bm_eligible
NQR,Quick Reserve,downward,2026-05-10 07:00:00+00:00,2026-05-10T07:30:00+00:00,0.5,20.0,0.0193637938044614,1.0,False,0.2202578441391202,0.0,0.0879142074605562,0.0,0.0,0.4126759714306841,standalone_parent:product_margin_quantity,707,True,0.0,350,True,8.253519428613682,0.0,2026-05-10,bm_eligible
NQR,Quick Reserve,downward,2026-05-10 07:30:00+00:00,2026-05-10T08:00:00+00:00,0.5,18.0,0.0018147551055948,1.0,False,0.0206423416420954,0.0,0.0879142074605562,0.0,0.0,0.4126759714306841,standalone_parent:product_margin_quantity,707,True,0.0,350,True,7.428167485752313,0.0,2026-05-10,bm_eligible
PBR,Balancing Reserve,upward,2026-05-10 07:30:00+00:00,2026-05-10T08:00:00+00:00,0.5,2.0,2.716591862861692,0.5,True,5.269404014486862,1.48,0.5155406295271961,0.0,0.0,0.6126194304421747,standalone_parent:product_margin_quantity,281,True,2.4,374,True,1.2252388608843494,1.4702866330612192,2026-05-10,bm_eligible
PBR,Balancing Reserve,upward,2026-05-10 08:00:00+00:00,2026-05-10T08:30:00+00:00,0.5,20.0,2.08365173171504,0.5,True,4.041682871097789,1.11,0.5155406295271961,0.0,0.0,0.6883840047139721,standalone_parent:product_margin_quantity,1536,True,2.4,414,True,13.767680094279442,16.521216113135328,2026-05-10,bm_eligible
PBR,Balancing Reserve,upward,2026-05-10 08:30:00+00:00,2026-05-10T09:00:00+00:00,0.5,20.0,3.477748962932836,0.5,True,6.7458290651549415,11.92,0.5155406295271961,0.0,0.0,0.6387379380185993,standalone_parent:product_margin_quantity,507,True,2.4,414,True,12.774758760371988,15.329710512446384,2026-05-10,bm_eligible
PBR,Balancing Reserve,upward,2026-05-10 09:00:00+00:00,2026-05-10T09:30:00+00:00,0.5,20.0,1.767431023321803,0.5,True,3.428305980350606,1.07,0.5155406295271961,0.0,0.0,0.6883840047139721,standalone_parent:product_margin_quantity,1536,True,2.4,414,True,13.767680094279442,16.521216113135328,2026-05-10,bm_eligible
PBR,Balancing Reserve,upward,2026-05-10 09:30:00+00:00,2026-05-10T10:00:00+00:00,0.5,20.0,1.7492662875541087,0.5,True,3.3930716365815163,1.02,0.5155406295271961,0.0,0.0,0.6883840047139721,standalone_parent:product_margin_quantity,1536,True,0.9,434,True,13.767680094279442,6.195456042425749,2026-05-10,bm_eligible
DRL,Dynamic Regulation,upward,2026-05-10 10:00:00+00:00,2026-05-10T14:00:00+00:00,4.0,25.0,3.981840567648851,1.0,False,13.50403898762786,11.82,0.294862934807648,0.0,0.0,0.4781843929077178,standalone_parent:product_margin_quantity,466,True,12.17,480,True,11.954609822692944,581.9504061686926,2026-05-10,bm_eligible
DRL,Dynamic Regulation,upward,2026-05-10 14:00:00+00:00,2026-05-10T18:00:00+00:00,4.0,25.0,4.353882932955344,1.0,False,14.765785790593082,9.25,0.294862934807648,120.36020626021129,1.2036020626021129,0.4218546033939952,standalone_parent:product_margin_quantity,286,True,16.44,480,True,10.54636508484988,693.5289679797281,2026-05-10,bm_eligible
NQR,Quick Reserve,downward,2026-05-10 18:00:00+00:00,2026-05-10T18:30:00+00:00,0.5,23.0,0.0548706144598053,1.0,False,0.624138191593477,1.0,0.0879142074605562,0.0,0.0,0.3660242464560623,standalone_parent:product_margin_quantity,268,True,1.0,300,True,8.418557668489433,4.209278834244716,2026-05-10,bm_eligible
NQR,Quick Reserve,downward,2026-05-10 18:30:00+00:00,2026-05-10T19:00:00+00:00,0.5,25.0,0.0541824797871453,1.0,False,0.6163108484081474,1.0,0.0879142074605562,0.0,0.0,0.3660242464560623,standalone_parent:product_margin_quantity,268,True,0.45,300,True,9.150606161401557,2.05888638631535,2026-05-10,bm_eligible
NQR,Quick Reserve,downward,2026-05-10 19:00:00+00:00,2026-05-10T19:30:00+00:00,0.5,25.0,0.0286425746593065,1.0,False,0.3258014317214584,1.0,0.0879142074605562,0.0,0.0,0.3660242464560623,standalone_parent:product_margin_quantity,268,True,0.0,301,True,9.150606161401557,0.0,2026-05-10,bm_eligible
NQR,Quick Reserve,downward,2026-05-10 19:30:00+00:00,2026-05-10T20:00:00+00:00,0.5,25.0,0.015663920940425,1.0,False,0.1781728049752693,1.11,0.0879142074605562,0.0,0.0,0.3660242464560623,standalone_parent:product_margin_quantity,268,True,0.0,300,True,9.150606161401557,0.0,2026-05-10,bm_eligible
NQR,Quick Reserve,downward,2026-05-10 20:00:00+00:00,2026-05-10T20:30:00+00:00,0.5,25.0,0.0447365411219672,1.0,False,0.5088658865751451,1.0,0.0879142074605562,0.0,0.0,0.3660242464560623,standalone_parent:product_margin_quantity,268,True,0.0,308,True,9.150606161401557,0.0,2026-05-10,bm_eligible
NQR,Quick Reserve,downward,2026-05-10 20:30:00+00:00,2026-05-10T21:00:00+00:00,0.5,7.0,0.0360246286094941,1.0,False,0.4097702709275637,1.0,0.0879142074605562,0.0,0.0,0.3274290800957181,standalone_parent:product_margin,504,True,0.99,306,True,2.292003560670026,1.1345417625316632,2026-05-10,bm_eligible
PBR,Balancing Reserve,upward,2026-05-10 20:30:00+00:00,2026-05-10T21:00:00+00:00,0.5,18.0,2.41827630921184,0.5,True,4.6907579552549485,2.52,0.5155406295271961,0.0,0.0,0.5988766951675288,standalone_parent:product_margin_quantity,2107,True,2.9,400,True,10.77978051301552,15.630681743872502,2026-05-10,bm_eligible
PSR,Slow Reserve,upward,2026-05-10 21:00:00+00:00,2026-05-10T21:30:00+00:00,0.5,25.0,2.078614811269932,1.0,False,3.8360665737078175,2.83,0.5418609847693051,0.0,0.0,0.55535754449506,standalone_parent:product_margin_quantity,40443,True,2.95,1799,True,13.8839386123765,20.47880945325534,2026-05-10,bm_eligible
PSR,Slow Reserve,upward,2026-05-10 21:30:00+00:00,2026-05-10T22:00:00+00:00,0.5,25.0,2.0632742293807538,1.0,False,3.8077556557410817,2.83,0.5418609847693051,0.0,0.0,0.55535754449506,standalone_parent:product_margin_quantity,40443,True,2.95,1799,True,13.8839386123765,20.47880945325534,2026-05-10,bm_eligible
PSR,Slow Reserve,upward,2026-05-10 22:00:00+00:00,2026-05-10T22:30:00+00:00,0.5,25.0,2.356062940647421,1.0,False,4.3480948192837765,2.91,0.5418609847693051,0.0,0.0,0.55535754449506,standalone_parent:product_margin_quantity,40443,True,4.68,1799,True,13.8839386123765,32.48841635296101,2026-05-10,bm_eligible
PSR,Slow Reserve,upward,2026-05-10 22:30:00+00:00,2026-05-10T23:00:00+00:00,0.5,25.0,1.0086663551324089,1.0,False,1.8614854796416904,1.93,0.5418609847693051,0.0,0.0,0.651420115892579,standalone_parent:product_margin_quantity,11247,True,2.56,1800,True,16.285502897314473,20.845443708562524,2026-05-10,bm_eligible
NQR,Quick Reserve,downward,2026-05-10 23:00:00+00:00,2026-05-10T23:30:00+00:00,0.5,25.0,0.0680905620402436,1.0,False,0.7745114698417002,0.0,0.0879142074605562,0.0,0.0,0.4126759714306841,standalone_parent:product_margin_quantity,707,True,0.45,300,True,10.316899285767102,2.3213023392975978,2026-05-11,non_bm
PSR,Slow Reserve,upward,2026-05-10 23:30:00+00:00,2026-05-11T00:00:00+00:00,0.5,25.0,1.058270939741703,1.0,False,1.953030333402316,1.93,0.5418609847693051,0.0,0.0,0.651420115892579,standalone_parent:product_margin_quantity,11247,True,2.56,1800,True,16.285502897314473,20.845443708562524,2026-05-11,non_bm
PSR,Slow Reserve,upward,2026-05-11 00:00:00+00:00,2026-05-11T00:30:00+00:00,0.5,25.0,1.225766222938646,1.0,False,2.262141503803804,1.66,0.5418609847693051,0.0,0.0,0.651420115892579,standalone_parent:product_margin_quantity,11247,True,0.0,1805,True,16.285502897314473,0.0,2026-05-11,non_bm
PSR,Slow Reserve,upward,2026-05-11 00:30:00+00:00,2026-05-11T01:00:00+00:00,0.5,25.0,1.2884531551543732,1.0,False,2.377829722697098,1.66,0.5418609847693051,0.0,0.0,0.651420115892579,standalone_parent:product_margin_quantity,11247,True,2.02,1804,True,16.285502897314473,16.448357926287617,2026-05-11,non_bm
PSR,Slow Reserve,upward,2026-05-11 01:00:00+00:00,2026-05-11T01:30:00+00:00,0.5,25.0,1.2594466328040728,1.0,False,2.324298423774276,1.66,0.5418609847693051,0.0,0.0,0.651420115892579,standalone_parent:product_margin_quantity,11247,True,2.02,1804,True,16.285502897314473,16.448357926287617,2026-05-11,non_bm
PSR,Slow Reserve,upward,2026-05-11 01:30:00+00:00,2026-05-11T02:00:00+00:00,0.5,25.0,1.25554793925818,1.0,False,2.3171034168343456,1.66,0.5418609847693051,0.0,0.0,0.651420115892579,standalone_parent:product_margin_quantity,11247,True,2.02,1804,True,16.285502897314473,16.448357926287617,2026-05-11,non_bm
DRL,Dynamic Regulation,upward,2026-05-11 02:00:00+00:00,2026-05-11T06:00:00+00:00,4.0,25.0,5.319100778655752,1.0,False,18.039231625112983,19.11,0.294862934807648,79.11956808384275,0.7911956808384275,0.4781843929077178,standalone_parent:product_margin_quantity,466,True,16.11,480,True,11.954609822692944,770.3550569743334,2026-05-11,non_bm
DRL,Dynamic Regulation,upward,2026-05-11 06:00:00+00:00,2026-05-11T10:00:00+00:00,4.0,12.0,4.856810267826894,1.0,False,16.4714166973723,14.07,0.294862934807648,18.07826909237337,0.376630606091112,0.4781843929077178,standalone_parent:product_margin_quantity,466,True,16.41,480,True,5.738212714892613,376.6562826055512,2026-05-11,non_bm
NQR,Quick Reserve,downward,2026-05-11 06:00:00+00:00,2026-05-11T06:30:00+00:00,0.5,13.0,0.0270493325422599,1.0,False,0.3076787395756929,0.0,0.0879142074605562,0.0,0.0,0.4126759714306841,standalone_parent:product_margin_quantity,707,True,0.0,331,True,5.364787628598893,0.0,2026-05-11,non_bm
NQR,Quick Reserve,downward,2026-05-11 06:30:00+00:00,2026-05-11T07:00:00+00:00,0.5,13.0,0.0138816979873024,1.0,False,0.1579005076458272,0.0,0.0879142074605562,0.0,0.0,0.4126759714306841,standalone_parent:product_margin_quantity,707,True,0.0,317,True,5.364787628598893,0.0,2026-05-11,non_bm
NQR,Quick Reserve,downward,2026-05-11 07:00:00+00:00,2026-05-11T07:30:00+00:00,0.5,13.0,0.0028567808162481,1.0,False,0.0324950983324263,0.0,0.0879142074605562,0.0,0.0,0.4126759714306841,standalone_parent:product_margin_quantity,707,True,0.0,300,True,5.364787628598893,0.0,2026-05-11,non_bm
NSR,Slow Reserve,downward,2026-05-11 07:30:00+00:00,2026-05-11T08:00:00+00:00,0.5,13.0,0.0001356049318804,1.0,False,0.0386474055859289,0.0,0.0035087719298245,0.0,0.0,0.0035087719298245,standalone_parent:product,4560,True,0.0,0,True,0.0,0.0,2026-05-11,non_bm
PQR,Quick Reserve,upward,2026-05-11 08:00:00+00:00,2026-05-11T08:30:00+00:00,0.5,13.0,1.40326958981347,1.0,False,6.069642499344261,3.49,0.2311947680551323,0.0,0.0,0.411784385725345,standalone_parent:product_margin_quantity,1491,True,4.2,500,True,5.353197014429485,11.24171373030192,2026-05-11,non_bm
PQR,Quick Reserve,upward,2026-05-11 08:30:00+00:00,2026-05-11T09:00:00+00:00,0.5,13.0,1.2475556996030186,1.0,False,5.396124272611211,2.32,0.2311947680551323,0.0,0.0,0.411784385725345,standalone_parent:product_margin_quantity,1491,True,2.87,500,True,5.353197014429485,7.681837715706311,2026-05-11,non_bm
PQR,Quick Reserve,upward,2026-05-11 09:00:00+00:00,2026-05-11T09:30:00+00:00,0.5,13.0,1.159963976547861,1.0,False,5.017258765437322,2.0,0.2311947680551323,0.0,0.0,0.411784385725345,standalone_parent:product_margin_quantity,1491,True,2.98,500,True,5.353197014429485,7.976263551499932,2026-05-11,non_bm
PQR,Quick Reserve,upward,2026-05-11 09:30:00+00:00,2026-05-11T10:00:00+00:00,0.5,13.0,1.0885806650926773,1.0,False,4.708500431260134,3.49,0.2311947680551323,0.0,0.0,0.411784385725345,standalone_parent:product_margin_quantity,1491,True,1.67,500,True,5.353197014429485,4.46991950704862,2026-05-11,non_bm
DRL,Dynamic Regulation,upward,2026-05-11 10:00:00+00:00,2026-05-11T14:00:00+00:00,4.0,25.0,4.348055236016832,1.0,False,14.74602170277271,12.17,0.294862934807648,0.0,0.0,0.4781843929077178,standalone_parent:product_margin_quantity,466,True,13.38,480,True,11.954609822692944,639.8107177105264,2026-05-11,non_bm
DRL,Dynamic Regulation,upward,2026-05-11 14:00:00+00:00,2026-05-11T18:00:00+00:00,4.0,25.0,5.285755809456501,1.0,False,17.926145288164584,16.44,0.294862934807648,118.1663074429971,1.181663074429971,0.4781843929077178,standalone_parent:product_margin_quantity,466,True,16.83,480,True,11.954609822692944,804.784333263689,2026-05-11,non_bm
NQR,Quick Reserve,downward,2026-05-11 18:00:00+00:00,2026-05-11T18:30:00+00:00,0.5,19.0,0.0900025189894156,1.0,False,1.023753970935771,1.0,0.0879142074605562,0.0,0.0,0.3660242464560623,standalone_parent:product_margin_quantity,268,True,0.0,313,True,6.954460682665184,0.0,2026-05-11,non_bm
NQR,Quick Reserve,downward,2026-05-11 18:30:00+00:00,2026-05-11T19:00:00+00:00,0.5,25.0,0.0890766408731532,1.0,False,1.0132223612789606,0.45,0.0879142074605562,0.0,0.0,0.4126759714306841,standalone_parent:product_margin_quantity,707,True,0.0,312,True,10.316899285767102,0.0,2026-05-11,non_bm
NQR,Quick Reserve,downward,2026-05-11 19:00:00+00:00,2026-05-11T19:30:00+00:00,0.5,25.0,0.0621359316463934,1.0,False,0.7067791821278882,0.0,0.0879142074605562,0.0,0.0,0.4126759714306841,standalone_parent:product_margin_quantity,707,True,0.0,345,True,10.316899285767102,0.0,2026-05-11,non_bm
NQR,Quick Reserve,downward,2026-05-11 19:30:00+00:00,2026-05-11T20:00:00+00:00,0.5,25.0,0.0483263169621686,1.0,False,0.5496986022862209,0.0,0.0879142074605562,0.0,0.0,0.4126759714306841,standalone_parent:product_margin_quantity,707,True,0.0,304,True,10.316899285767102,0.0,2026-05-11,non_bm
NQR,Quick Reserve,downward,2026-05-11 20:00:00+00:00,2026-05-11T20:30:00+00:00,0.5,25.0,0.0657353170032681,1.0,False,0.7477212034557792,0.0,0.0879142074605562,0.0,0.0,0.4126759714306841,standalone_parent:product_margin_quantity,707,True,1.0,300,True,10.316899285767102,5.158449642883551,2026-05-11,non_bm
NQR,Quick Reserve,downward,2026-05-11 20:30:00+00:00,2026-05-11T21:00:00+00:00,0.5,13.0,0.0677354598958053,1.0,False,0.7704722803330245,0.99,0.0879142074605562,0.0,0.0,0.4719198038459597,standalone_parent:product_margin_quantity,203,True,0.99,300,True,6.134957449997477,3.036803937748751,2026-05-11,non_bm
PSR,Slow Reserve,upward,2026-05-11 20:30:00+00:00,2026-05-11T21:00:00+00:00,0.5,12.0,2.325210706224048,1.0,False,4.291157273879011,2.95,0.5418609847693051,0.0,0.0,0.55535754449506,standalone_parent:product_margin_quantity,40443,True,6.31,1798,True,6.66429053394072,21.025836634582973,2026-05-11,non_bm
PSR,Slow Reserve,upward,2026-05-11 21:00:00+00:00,2026-05-11T21:30:00+00:00,0.5,25.0,2.3086607597278537,1.0,False,4.260614483456039,2.95,0.5418609847693051,0.0,0.0,0.55535754449506,standalone_parent:product_margin_quantity,40443,True,6.31,1798,True,13.8839386123765,43.803826322047854,2026-05-11,non_bm
PSR,Slow Reserve,upward,2026-05-11 21:30:00+00:00,2026-05-11T22:00:00+00:00,0.5,25.0,2.292772180052782,1.0,False,4.231292240073198,2.95,0.5418609847693051,0.0,0.0,0.55535754449506,standalone_parent:product_margin_quantity,40443,True,6.31,1798,True,13.8839386123765,43.803826322047854,2026-05-11,non_bm
PSR,Slow Reserve,upward,2026-05-11 22:00:00+00:00,2026-05-11T22:30:00+00:00,0.5,25.0,2.441765923317916,1.0,False,4.506258970384234,4.68,0.5418609847693051,0.0,0.0,0.55535754449506,standalone_parent:product_margin_quantity,40443,True,8.57,1796,True,13.8839386123765,59.49267695403331,2026-05-11,non_bm
PSR,Slow Reserve,upward,2026-05-11 22:30:00+00:00,2026-05-11T23:00:00+00:00,0.5,25.0,1.2854932288956282,1.0,False,2.372367203080549,2.56,0.5418609847693051,0.0,0.0,0.55535754449506,standalone_parent:product_margin_quantity,40443,True,0.08,1816,True,13.8839386123765,0.55535754449506,2026-05-11,non_bm
PSR,Slow Reserve,upward,2026-05-10 23:00:00+00:00,2026-05-10T23:30:00+00:00,0.5,25.0,1.053480963550605,1.0,False,1.9441904716559724,1.93,0.5418609847693051,0.0,0.0,0.651420115892579,standalone_parent:product_margin_quantity,11247,True,2.56,1800,True,16.285502897314473,20.845443708562524,2026-05-11,bm_eligible
PSR,Slow Reserve,upward,2026-05-10 23:30:00+00:00,2026-05-11T00:00:00+00:00,0.5,25.0,1.058270939741703,1.0,False,1.953030333402316,1.93,0.5418609847693051,0.0,0.0,0.651420115892579,standalone_parent:product_margin_quantity,11247,True,2.56,1800,True,16.285502897314473,20.845443708562524,2026-05-11,bm_eligible
PSR,Slow Reserve,upward,2026-05-11 00:00:00+00:00,2026-05-11T00:30:00+00:00,0.5,25.0,1.225766222938646,1.0,False,2.262141503803804,1.66,0.5418609847693051,0.0,0.0,0.651420115892579,standalone_parent:product_margin_quantity,11247,True,0.0,1805,True,16.285502897314473,0.0,2026-05-11,bm_eligible
PSR,Slow Reserve,upward,2026-05-11 00:30:00+00:00,2026-05-11T01:00:00+00:00,0.5,25.0,1.2884531551543732,1.0,False,2.377829722697098,1.66,0.5418609847693051,0.0,0.0,0.651420115892579,standalone_parent:product_margin_quantity,11247,True,2.02,1804,True,16.285502897314473,16.448357926287617,2026-05-11,bm_eligible
PSR,Slow Reserve,upward,2026-05-11 01:00:00+00:00,2026-05-11T01:30:00+00:00,0.5,25.0,1.2594466328040728,1.0,False,2.324298423774276,1.66,0.5418609847693051,0.0,0.0,0.651420115892579,standalone_parent:product_margin_quantity,11247,True,2.02,1804,True,16.285502897314473,16.448357926287617,2026-05-11,bm_eligible
PSR,Slow Reserve,upward,2026-05-11 01:30:00+00:00,2026-05-11T02:00:00+00:00,0.5,25.0,1.25554793925818,1.0,False,2.3171034168343456,1.66,0.5418609847693051,0.0,0.0,0.651420115892579,standalone_parent:product_margin_quantity,11247,True,2.02,1804,True,16.285502897314473,16.448357926287617,2026-05-11,bm_eligible
DRL,Dynamic Regulation,upward,2026-05-11 02:00:00+00:00,2026-05-11T06:00:00+00:00,4.0,25.0,5.319100778655752,1.0,False,18.039231625112983,19.11,0.294862934807648,79.11956808384275,0.7911956808384275,0.4781843929077178,standalone_parent:product_margin_quantity,466,True,16.11,480,True,11.954609822692944,770.3550569743334,2026-05-11,bm_eligible
DRL,Dynamic Regulation,upward,2026-05-11 06:00:00+00:00,2026-05-11T10:00:00+00:00,4.0,5.0,4.856810267826894,1.0,False,16.4714166973723,14.07,0.294862934807648,7.53261212182224,0.376630606091112,0.4738983688433393,standalone_parent:product_margin,1454,True,16.41,480,True,2.369491844216697,155.53344465438397,2026-05-11,bm_eligible
NQR,Quick Reserve,downward,2026-05-11 06:00:00+00:00,2026-05-11T06:30:00+00:00,0.5,20.0,0.0270493325422599,1.0,False,0.3076787395756929,0.0,0.0879142074605562,0.0,0.0,0.4126759714306841,standalone_parent:product_margin_quantity,707,True,0.0,331,True,8.253519428613682,0.0,2026-05-11,bm_eligible
NQR,Quick Reserve,downward,2026-05-11 06:30:00+00:00,2026-05-11T07:00:00+00:00,0.5,20.0,0.0138816979873024,1.0,False,0.1579005076458272,0.0,0.0879142074605562,0.0,0.0,0.4126759714306841,standalone_parent:product_margin_quantity,707,True,0.0,317,True,8.253519428613682,0.0,2026-05-11,bm_eligible
NQR,Quick Reserve,downward,2026-05-11 07:00:00+00:00,2026-05-11T07:30:00+00:00,0.5,20.0,0.0028567808162481,1.0,False,0.0324950983324263,0.0,0.0879142074605562,0.0,0.0,0.4126759714306841,standalone_parent:product_margin_quantity,707,True,0.0,300,True,8.253519428613682,0.0,2026-05-11,bm_eligible
NSR,Slow Reserve,downward,2026-05-11 07:30:00+00:00,2026-05-11T08:00:00+00:00,0.5,17.0,0.0001356049318804,1.0,False,0.0386474055859289,0.0,0.0035087719298245,0.0,0.0,0.0035087719298245,standalone_parent:product,4560,True,0.0,0,True,0.0,0.0,2026-05-11,bm_eligible
PBR,Balancing Reserve,upward,2026-05-11 07:30:00+00:00,2026-05-11T08:00:00+00:00,0.5,2.0,3.3476747475203483,0.5,True,6.493522635821178,2.4,0.5155406295271961,0.0,0.0,0.592589558846991,standalone_parent:product_margin_quantity,196,True,4.59,600,True,1.185179117693982,2.719986075107689,2026-05-11,bm_eligible
PBR,Balancing Reserve,upward,2026-05-11 08:00:00+00:00,2026-05-11T08:30:00+00:00,0.5,20.0,2.6765991468430794,0.5,True,5.191829690121216,2.4,0.5155406295271961,0.0,0.0,0.5988766951675288,standalone_parent:product_margin_quantity,2107,True,19.49,600,True,11.977533903350576,116.72106788815135,2026-05-11,bm_eligible
PBR,Balancing Reserve,upward,2026-05-11 08:30:00+00:00,2026-05-11T09:00:00+00:00,0.5,20.0,3.158524192534314,0.5,True,6.126625161301072,2.4,0.5155406295271961,0.0,0.0,0.5988766951675288,standalone_parent:product_margin_quantity,2107,True,9.81,597,True,11.977533903350576,58.749803795934575,2026-05-11,bm_eligible
PBR,Balancing Reserve,upward,2026-05-11 09:00:00+00:00,2026-05-11T09:30:00+00:00,0.5,20.0,2.386465400878835,0.5,True,4.62905397595427,2.4,0.5155406295271961,0.0,0.0,0.5988766951675288,standalone_parent:product_margin_quantity,2107,True,9.51,600,True,11.977533903350576,56.95317371043199,2026-05-11,bm_eligible
PBR,Balancing Reserve,upward,2026-05-11 09:30:00+00:00,2026-05-11T10:00:00+00:00,0.5,20.0,2.1437935997395026,0.5,True,4.158340733892461,0.9,0.5155406295271961,0.0,0.0,0.6734322818788995,standalone_parent:product_margin_quantity,459,True,4.16,600,True,13.468645637577987,28.01478292616222,2026-05-11,bm_eligible
DRL,Dynamic Regulation,upward,2026-05-11 10:00:00+00:00,2026-05-11T14:00:00+00:00,4.0,25.0,4.348055236016832,1.0,False,14.74602170277271,12.17,0.294862934807648,0.0,0.0,0.4781843929077178,standalone_parent:product_margin_quantity,466,True,13.38,480,True,11.954609822692944,639.8107177105264,2026-05-11,bm_eligible
DRL,Dynamic Regulation,upward,2026-05-11 14:00:00+00:00,2026-05-11T18:00:00+00:00,4.0,25.0,5.285755809456501,1.0,False,17.926145288164584,16.44,0.294862934807648,118.1663074429971,1.181663074429971,0.4781843929077178,standalone_parent:product_margin_quantity,466,True,16.83,480,True,11.954609822692944,804.784333263689,2026-05-11,bm_eligible
NBR,Balancing Reserve,downward,2026-05-11 18:00:00+00:00,2026-05-11T18:30:00+00:00,0.5,1.0,0.0033512144055839,0.5,True,0.0154012239182337,0.0,0.2175940317065589,0.0,0.0,0.2175940317065589,nonlooped_parent:product,3217,True,0.0,0,True,0.0,0.0,2026-05-11,bm_eligible
NQR,Quick Reserve,downward,2026-05-11 18:00:00+00:00,2026-05-11T18:30:00+00:00,0.5,19.0,0.0900025189894156,1.0,False,1.023753970935771,1.0,0.0879142074605562,0.0,0.0,0.3660242464560623,standalone_parent:product_margin_quantity,268,True,0.0,313,True,6.954460682665184,0.0,2026-05-11,bm_eligible
NQR,Quick Reserve,downward,2026-05-11 18:30:00+00:00,2026-05-11T19:00:00+00:00,0.5,25.0,0.0890766408731532,1.0,False,1.0132223612789606,0.45,0.0879142074605562,0.0,0.0,0.4126759714306841,standalone_parent:product_margin_quantity,707,True,0.0,312,True,10.316899285767102,0.0,2026-05-11,bm_eligible
NQR,Quick Reserve,downward,2026-05-11 19:00:00+00:00,2026-05-11T19:30:00+00:00,0.5,25.0,0.0621359316463934,1.0,False,0.7067791821278882,0.0,0.0879142074605562,0.0,0.0,0.4126759714306841,standalone_parent:product_margin_quantity,707,True,0.0,345,True,10.316899285767102,0.0,2026-05-11,bm_eligible
NQR,Quick Reserve,downward,2026-05-11 19:30:00+00:00,2026-05-11T20:00:00+00:00,0.5,25.0,0.0483263169621686,1.0,False,0.5496986022862209,0.0,0.0879142074605562,0.0,0.0,0.4126759714306841,standalone_parent:product_margin_quantity,707,True,0.0,304,True,10.316899285767102,0.0,2026-05-11,bm_eligible
NQR,Quick Reserve,downward,2026-05-11 20:00:00+00:00,2026-05-11T20:30:00+00:00,0.5,25.0,0.0657353170032681,1.0,False,0.7477212034557792,0.0,0.0879142074605562,0.0,0.0,0.4126759714306841,standalone_parent:product_margin_quantity,707,True,1.0,300,True,10.316899285767102,5.158449642883551,2026-05-11,bm_eligible
NQR,Quick Reserve,downward,2026-05-11 20:30:00+00:00,2026-05-11T21:00:00+00:00,0.5,13.0,0.0677354598958053,1.0,False,0.7704722803330245,0.99,0.0879142074605562,0.0,0.0,0.4719198038459597,standalone_parent:product_margin_quantity,203,True,0.99,300,True,6.134957449997477,3.036803937748751,2026-05-11,bm_eligible
PBR,Balancing Reserve,upward,2026-05-11 20:30:00+00:00,2026-05-11T21:00:00+00:00,0.5,12.0,3.2274237643724373,0.5,True,6.2602704414050105,2.9,0.5155406295271961,0.0,0.0,0.5988766951675288,standalone_parent:product_margin_quantity,2107,True,8.63,400,True,7.186520342010346,31.009835275774645,2026-05-11,bm_eligible
PBR,Balancing Reserve,upward,2026-05-11 21:00:00+00:00,2026-05-11T21:30:00+00:00,0.5,25.0,2.542177068372148,0.5,True,4.931089661553128,4.13,0.5155406295271961,0.0,0.0,0.5988766951675288,standalone_parent:product_margin_quantity,2107,True,1.18,395,True,14.971917379188222,8.83343125372105,2026-05-11,bm_eligible
PSR,Slow Reserve,upward,2026-05-11 21:30:00+00:00,2026-05-11T22:00:00+00:00,0.5,25.0,2.292772180052782,1.0,False,4.231292240073198,2.95,0.5418609847693051,0.0,0.0,0.55535754449506,standalone_parent:product_margin_quantity,40443,True,6.31,1798,True,13.8839386123765,43.803826322047854,2026-05-11,bm_eligible
PSR,Slow Reserve,upward,2026-05-11 22:00:00+00:00,2026-05-11T22:30:00+00:00,0.5,25.0,2.441765923317916,1.0,False,4.506258970384234,4.68,0.5418609847693051,0.0,0.0,0.55535754449506,standalone_parent:product_margin_quantity,40443,True,8.57,1796,True,13.8839386123765,59.49267695403331,2026-05-11,bm_eligible
PSR,Slow Reserve,upward,2026-05-11 22:30:00+00:00,2026-05-11T23:00:00+00:00,0.5,25.0,1.2854932288956282,1.0,False,2.372367203080549,2.56,0.5418609847693051,0.0,0.0,0.55535754449506,standalone_parent:product_margin_quantity,40443,True,0.08,1816,True,13.8839386123765,0.55535754449506,2026-05-11,bm_eligible
PSR,Slow Reserve,upward,2026-05-11 23:00:00+00:00,2026-05-11T23:30:00+00:00,0.5,25.0,1.492078254162927,1.0,False,2.7536181716389354,2.56,0.5418609847693051,0.0,0.0,0.55535754449506,standalone_parent:product_margin_quantity,40443,True,0.08,1816,True,13.8839386123765,0.55535754449506,2026-05-12,non_bm
PSR,Slow Reserve,upward,2026-05-11 23:30:00+00:00,2026-05-12T00:00:00+00:00,0.5,25.0,1.5084304519924003,1.0,False,2.7837960185205213,2.56,0.5418609847693051,0.0,0.0,0.55535754449506,standalone_parent:product_margin_quantity,40443,True,0.08,1816,True,13.8839386123765,0.55535754449506,2026-05-12,non_bm
PSR,Slow Reserve,upward,2026-05-12 00:00:00+00:00,2026-05-12T00:30:00+00:00,0.5,25.0,1.3601508885044664,1.0,False,2.510147301126588,0.0,0.5418609847693051,0.0,0.0,0.5589569329700954,standalone_parent:product_margin_quantity,4616,True,1.03,1801,True,13.973923324252386,7.196570511989979,2026-05-12,non_bm
PSR,Slow Reserve,upward,2026-05-12 00:30:00+00:00,2026-05-12T01:00:00+00:00,0.5,25.0,1.5369924492555234,1.0,False,2.8365069500434528,2.02,0.5418609847693051,0.0,0.0,0.55535754449506,standalone_parent:product_margin_quantity,40443,True,1.03,1801,True,13.8839386123765,7.1502283853738975,2026-05-12,non_bm
PSR,Slow Reserve,upward,2026-05-12 01:00:00+00:00,2026-05-12T01:30:00+00:00,0.5,25.0,1.5119112924106084,1.0,False,2.7902198809428915,2.02,0.5418609847693051,0.0,0.0,0.55535754449506,standalone_parent:product_margin_quantity,40443,True,1.03,1801,True,13.8839386123765,7.1502283853738975,2026-05-12,non_bm
PSR,Slow Reserve,upward,2026-05-12 01:30:00+00:00,2026-05-12T02:00:00+00:00,0.5,25.0,1.5110662190660322,1.0,False,2.788660305021521,2.02,0.5418609847693051,0.0,0.0,0.55535754449506,standalone_parent:product_margin_quantity,40443,True,1.03,1801,True,13.8839386123765,7.1502283853738975,2026-05-12,non_bm
DRL,Dynamic Regulation,upward,2026-05-12 02:00:00+00:00,2026-05-12T06:00:00+00:00,4.0,25.0,5.339015239756315,1.0,False,18.106769652954814,16.11,0.294862934807648,78.971242115942,0.7897124211594201,0.4781843929077178,standalone_parent:product_margin_quantity,466,True,16.59,480,True,11.954609822692944,793.3079078339038,2026-05-12,non_bm
DRL,Dynamic Regulation,upward,2026-05-12 06:00:00+00:00,2026-05-12T10:00:00+00:00,4.0,3.0,5.245669568863531,1.0,False,17.790196561278584,16.41,0.294862934807648,10.093393948040102,0.8411161623366752,0.4738983688433393,standalone_parent:product_margin,1454,True,15.87,480,True,1.421695106530018,90.24920536252554,2026-05-12,non_bm
NQR,Quick Reserve,downward,2026-05-12 06:00:00+00:00,2026-05-12T06:30:00+00:00,0.5,22.0,0.0500893958416028,1.0,False,0.5697531410275867,0.0,0.0879142074605562,0.0,0.0,0.4126759714306841,standalone_parent:product_margin_quantity,707,True,0.0,338,True,9.07887137147505,0.0,2026-05-12,non_bm
NQR,Quick Reserve,downward,2026-05-12 06:30:00+00:00,2026-05-12T07:00:00+00:00,0.5,22.0,0.0314936861124821,1.0,False,0.3582320426037181,0.0,0.0879142074605562,0.0,0.0,0.4126759714306841,standalone_parent:product_margin_quantity,707,True,0.0,345,True,9.07887137147505,0.0,2026-05-12,non_bm
NQR,Quick Reserve,downward,2026-05-12 07:00:00+00:00,2026-05-12T07:30:00+00:00,0.5,22.0,0.0246808810593677,1.0,False,0.2807382534892454,0.0,0.0879142074605562,0.0,0.0,0.4126759714306841,standalone_parent:product_margin_quantity,707,True,0.0,349,True,9.07887137147505,0.0,2026-05-12,non_bm
NQR,Quick Reserve,downward,2026-05-12 07:30:00+00:00,2026-05-12T08:00:00+00:00,0.5,22.0,0.0085896419386424,1.0,False,0.0977048214021191,0.0,0.0879142074605562,0.0,0.0,0.4126759714306841,standalone_parent:product_margin_quantity,707,True,0.0,349,True,9.07887137147505,0.0,2026-05-12,non_bm
PQR,Quick Reserve,upward,2026-05-12 08:00:00+00:00,2026-05-12T08:30:00+00:00,0.5,22.0,1.5161217237502955,1.0,False,6.557768311559501,4.2,0.2311947680551323,0.0,0.0,0.411784385725345,standalone_parent:product_margin_quantity,1491,True,5.58,500,True,9.05925648595759,25.27532559582168,2026-05-12,non_bm
PQR,Quick Reserve,upward,2026-05-12 08:30:00+00:00,2026-05-12T09:00:00+00:00,0.5,22.0,1.3439584245321865,1.0,False,5.813100511909926,2.87,0.2311947680551323,0.0,0.0,0.411784385725345,standalone_parent:product_margin_quantity,1491,True,4.92,500,True,9.05925648595759,22.28577095545567,2026-05-12,non_bm
PQR,Quick Reserve,upward,2026-05-12 09:00:00+00:00,2026-05-12T09:30:00+00:00,0.5,22.0,1.268681603116771,1.0,False,5.487501355628568,2.98,0.2311947680551323,0.0,0.0,0.411784385725345,standalone_parent:product_margin_quantity,1491,True,3.45,500,True,9.05925648595759,15.627217438276844,2026-05-12,non_bm
PQR,Quick Reserve,upward,2026-05-12 09:30:00+00:00,2026-05-12T10:00:00+00:00,0.5,22.0,1.113973227025095,1.0,False,4.818332336826279,1.67,0.2311947680551323,0.0,0.0,0.443938059081164,standalone_parent:product_margin_quantity,600,True,7.89,478,True,9.766637299785607,38.52938414765423,2026-05-12,non_bm
DRL,Dynamic Regulation,upward,2026-05-12 10:00:00+00:00,2026-05-12T14:00:00+00:00,4.0,25.0,4.639985467540231,1.0,False,15.73607571452511,13.38,0.294862934807648,0.0,0.0,0.4781843929077178,standalone_parent:product_margin_quantity,466,True,13.43,480,True,11.954609822692944,642.2016396750649,2026-05-12,non_bm
DRL,Dynamic Regulation,upward,2026-05-12 14:00:00+00:00,2026-05-12T18:00:00+00:00,4.0,25.0,5.473619104939082,1.0,False,18.563266042609808,16.83,0.294862934807648,52.86334629387602,0.5286334629387602,0.4781843929077178,standalone_parent:product_margin_quantity,466,True,18.31,480,True,11.954609822692944,875.5556234140312,2026-05-12,non_bm
NQR,Quick Reserve,downward,2026-05-12 18:00:00+00:00,2026-05-12T18:30:00+00:00,0.5,25.0,0.1108296966861853,1.0,False,1.260657405526978,0.0,0.0879142074605562,0.0,0.0,0.4126759714306841,standalone_parent:product_margin_quantity,707,True,1.0,300,True,10.316899285767102,5.158449642883551,2026-05-12,non_bm
NQR,Quick Reserve,downward,2026-05-12 18:30:00+00:00,2026-05-12T19:00:00+00:00,0.5,25.0,0.1043336133737089,1.0,False,1.1867662393535134,0.0,0.0879142074605562,0.0,0.0,0.4126759714306841,standalone_parent:product_margin_quantity,707,True,0.0,308,True,10.316899285767102,0.0,2026-05-12,non_bm
NQR,Quick Reserve,downward,2026-05-12 19:00:00+00:00,2026-05-12T19:30:00+00:00,0.5,25.0,0.0717340403209943,1.0,False,0.8159550360865009,0.0,0.0879142074605562,0.0,0.0,0.4126759714306841,standalone_parent:product_margin_quantity,707,True,0.0,319,True,10.316899285767102,0.0,2026-05-12,non_bm
NQR,Quick Reserve,downward,2026-05-12 19:30:00+00:00,2026-05-12T20:00:00+00:00,0.5,25.0,0.0642161191668724,1.0,False,0.7304407446962853,0.0,0.0879142074605562,0.0,0.0,0.4126759714306841,standalone_parent:product_margin_quantity,707,True,0.0,325,True,10.316899285767102,0.0,2026-05-12,non_bm
NQR,Quick Reserve,downward,2026-05-12 20:00:00+00:00,2026-05-12T20:30:00+00:00,0.5,25.0,0.0892291438797741,1.0,False,1.0149570411563775,1.0,0.0879142074605562,0.0,0.0,0.3660242464560623,standalone_parent:product_margin_quantity,268,True,1.0,300,True,9.150606161401557,4.575303080700778,2026-05-12,non_bm
PSR,Slow Reserve,upward,2026-05-12 20:30:00+00:00,2026-05-12T21:00:00+00:00,0.5,25.0,2.770243437765924,1.0,False,5.11246152727778,6.31,0.5418609847693051,0.0,0.0,0.5418191976625076,standalone_parent:product_margin_quantity,19955,True,3.68,1800,True,13.545479941562691,24.923683092475358,2026-05-12,non_bm
PSR,Slow Reserve,upward,2026-05-12 21:00:00+00:00,2026-05-12T21:30:00+00:00,0.5,25.0,2.7555589066641444,1.0,False,5.0853613456545705,6.31,0.5418609847693051,0.0,0.0,0.5418191976625076,standalone_parent:product_margin_quantity,19955,True,3.68,1800,True,13.545479941562691,24.923683092475358,2026-05-12,non_bm
PSR,Slow Reserve,upward,2026-05-12 21:30:00+00:00,2026-05-12T22:00:00+00:00,0.5,25.0,2.741962646517554,1.0,False,5.060269559147043,6.31,0.5418609847693051,0.0,0.0,0.5418191976625076,standalone_parent:product_margin_quantity,19955,True,3.68,1800,True,13.545479941562691,24.923683092475358,2026-05-12,non_bm
PSR,Slow Reserve,upward,2026-05-12 22:00:00+00:00,2026-05-12T22:30:00+00:00,0.5,25.0,2.673051038792482,1.0,False,4.9330937526910565,8.57,0.5418609847693051,0.0,0.0,0.5418191976625076,standalone_parent:product_margin_quantity,19955,True,2.15,1800,True,13.545479941562691,14.561390937179892,2026-05-12,non_bm
PSR,Slow Reserve,upward,2026-05-12 22:30:00+00:00,2026-05-12T23:00:00+00:00,0.5,25.0,1.4169007394275843,1.0,False,2.614878685223708,0.08,0.5418609847693051,0.0,0.0,0.5589569329700954,standalone_parent:product_margin_quantity,4616,True,2.15,1800,True,13.973923324252386,15.021967573571317,2026-05-12,non_bm
PSR,Slow Reserve,upward,2026-05-11 23:00:00+00:00,2026-05-11T23:30:00+00:00,0.5,25.0,1.492078254162927,1.0,False,2.7536181716389354,2.56,0.5418609847693051,0.0,0.0,0.55535754449506,standalone_parent:product_margin_quantity,40443,True,0.08,1816,True,13.8839386123765,0.55535754449506,2026-05-12,bm_eligible
PSR,Slow Reserve,upward,2026-05-11 23:30:00+00:00,2026-05-12T00:00:00+00:00,0.5,25.0,1.5084304519924003,1.0,False,2.7837960185205213,2.56,0.5418609847693051,0.0,0.0,0.55535754449506,standalone_parent:product_margin_quantity,40443,True,0.08,1816,True,13.8839386123765,0.55535754449506,2026-05-12,bm_eligible
PSR,Slow Reserve,upward,2026-05-12 00:00:00+00:00,2026-05-12T00:30:00+00:00,0.5,25.0,1.3601508885044664,1.0,False,2.510147301126588,0.0,0.5418609847693051,0.0,0.0,0.5589569329700954,standalone_parent:product_margin_quantity,4616,True,1.03,1801,True,13.973923324252386,7.196570511989979,2026-05-12,bm_eligible
PSR,Slow Reserve,upward,2026-05-12 00:30:00+00:00,2026-05-12T01:00:00+00:00,0.5,25.0,1.5369924492555234,1.0,False,2.8365069500434528,2.02,0.5418609847693051,0.0,0.0,0.55535754449506,standalone_parent:product_margin_quantity,40443,True,1.03,1801,True,13.8839386123765,7.1502283853738975,2026-05-12,bm_eligible
PSR,Slow Reserve,upward,2026-05-12 01:00:00+00:00,2026-05-12T01:30:00+00:00,0.5,25.0,1.5119112924106084,1.0,False,2.7902198809428915,2.02,0.5418609847693051,0.0,0.0,0.55535754449506,standalone_parent:product_margin_quantity,40443,True,1.03,1801,True,13.8839386123765,7.1502283853738975,2026-05-12,bm_eligible
PSR,Slow Reserve,upward,2026-05-12 01:30:00+00:00,2026-05-12T02:00:00+00:00,0.5,25.0,1.5110662190660322,1.0,False,2.788660305021521,2.02,0.5418609847693051,0.0,0.0,0.55535754449506,standalone_parent:product_margin_quantity,40443,True,1.03,1801,True,13.8839386123765,7.1502283853738975,2026-05-12,bm_eligible
DRL,Dynamic Regulation,upward,2026-05-12 02:00:00+00:00,2026-05-12T06:00:00+00:00,4.0,25.0,5.339015239756315,1.0,False,18.106769652954814,16.11,0.294862934807648,78.971242115942,0.7897124211594201,0.4781843929077178,standalone_parent:product_margin_quantity,466,True,16.59,480,True,11.954609822692944,793.3079078339038,2026-05-12,bm_eligible
NQR,Quick Reserve,downward,2026-05-12 06:00:00+00:00,2026-05-12T06:30:00+00:00,0.5,25.0,0.0500893958416028,1.0,False,0.5697531410275867,0.0,0.0879142074605562,0.0,0.0,0.4126759714306841,standalone_parent:product_margin_quantity,707,True,0.0,338,True,10.316899285767102,0.0,2026-05-12,bm_eligible
NQR,Quick Reserve,downward,2026-05-12 06:30:00+00:00,2026-05-12T07:00:00+00:00,0.5,25.0,0.0314936861124821,1.0,False,0.3582320426037181,0.0,0.0879142074605562,0.0,0.0,0.4126759714306841,standalone_parent:product_margin_quantity,707,True,0.0,345,True,10.316899285767102,0.0,2026-05-12,bm_eligible
NQR,Quick Reserve,downward,2026-05-12 07:00:00+00:00,2026-05-12T07:30:00+00:00,0.5,25.0,0.0246808810593677,1.0,False,0.2807382534892454,0.0,0.0879142074605562,0.0,0.0,0.4126759714306841,standalone_parent:product_margin_quantity,707,True,0.0,349,True,10.316899285767102,0.0,2026-05-12,bm_eligible
NBR,Balancing Reserve,downward,2026-05-12 07:30:00+00:00,2026-05-12T08:00:00+00:00,0.5,14.0,0.0184112794505396,0.5,True,0.084612979989123,0.0,0.2175940317065589,0.0,0.0,0.2175940317065589,nonlooped_parent:product,3217,True,0.0,0,True,0.0,0.0,2026-05-12,bm_eligible
PBR,Balancing Reserve,upward,2026-05-12 07:30:00+00:00,2026-05-12T08:00:00+00:00,0.5,11.0,3.8766545007152544,0.5,True,7.519590656260295,4.59,0.5155406295271961,0.0,0.0,0.5988766951675288,standalone_parent:product_margin_quantity,2107,True,5.42,600,True,6.5876436468428174,17.852514282944036,2026-05-12,bm_eligible
PBR,Balancing Reserve,upward,2026-05-12 08:00:00+00:00,2026-05-12T08:30:00+00:00,0.5,25.0,5.067164018779511,0.5,True,9.828835456531568,19.49,0.5155406295271961,0.0,0.0,0.6387379380185993,standalone_parent:product_margin_quantity,507,True,3.11,488,True,15.968448450464985,24.83093734047305,2026-05-12,bm_eligible
PBR,Balancing Reserve,upward,2026-05-12 08:30:00+00:00,2026-05-12T09:00:00+00:00,0.5,25.0,4.05764889323906,0.5,True,7.870667530045774,9.81,0.5155406295271961,0.0,0.0,0.5678368013834959,standalone_parent:product_margin_quantity,728,True,3.11,488,True,14.195920034587395,22.0746556537834,2026-05-12,bm_eligible
PBR,Balancing Reserve,upward,2026-05-12 09:00:00+00:00,2026-05-12T09:30:00+00:00,0.5,25.0,3.5501467931515136,0.5,True,6.8862599566737615,9.51,0.5155406295271961,0.0,0.0,0.5678368013834959,standalone_parent:product_margin_quantity,728,True,2.4,470,True,14.195920034587395,17.035104041504876,2026-05-12,bm_eligible
PBR,Balancing Reserve,upward,2026-05-12 09:30:00+00:00,2026-05-12T10:00:00+00:00,0.5,25.0,2.877832373502476,0.5,True,5.582164059778848,4.16,0.5155406295271961,0.0,0.0,0.5988766951675288,standalone_parent:product_margin_quantity,2107,True,2.15,526,True,14.971917379188222,16.09481118262734,2026-05-12,bm_eligible
DRL,Dynamic Regulation,upward,2026-05-12 10:00:00+00:00,2026-05-12T14:00:00+00:00,4.0,25.0,4.639985467540231,1.0,False,15.73607571452511,13.38,0.294862934807648,0.0,0.0,0.4781843929077178,standalone_parent:product_margin_quantity,466,True,13.43,480,True,11.954609822692944,642.2016396750649,2026-05-12,bm_eligible
DRL,Dynamic Regulation,upward,2026-05-12 14:00:00+00:00,2026-05-12T18:00:00+00:00,4.0,25.0,5.473619104939082,1.0,False,18.563266042609808,16.83,0.294862934807648,52.86334629387602,0.5286334629387602,0.4781843929077178,standalone_parent:product_margin_quantity,466,True,18.31,480,True,11.954609822692944,875.5556234140312,2026-05-12,bm_eligible
NQR,Quick Reserve,downward,2026-05-12 18:00:00+00:00,2026-05-12T18:30:00+00:00,0.5,25.0,0.1108296966861853,1.0,False,1.260657405526978,0.0,0.0879142074605562,0.0,0.0,0.4126759714306841,standalone_parent:product_margin_quantity,707,True,1.0,300,True,10.316899285767102,5.158449642883551,2026-05-12,bm_eligible
NQR,Quick Reserve,downward,2026-05-12 18:30:00+00:00,2026-05-12T19:00:00+00:00,0.5,25.0,0.1043336133737089,1.0,False,1.1867662393535134,0.0,0.0879142074605562,0.0,0.0,0.4126759714306841,standalone_parent:product_margin_quantity,707,True,0.0,308,True,10.316899285767102,0.0,2026-05-12,bm_eligible
NQR,Quick Reserve,downward,2026-05-12 19:00:00+00:00,2026-05-12T19:30:00+00:00,0.5,25.0,0.0717340403209943,1.0,False,0.8159550360865009,0.0,0.0879142074605562,0.0,0.0,0.4126759714306841,standalone_parent:product_margin_quantity,707,True,0.0,319,True,10.316899285767102,0.0,2026-05-12,bm_eligible
NQR,Quick Reserve,downward,2026-05-12 19:30:00+00:00,2026-05-12T20:00:00+00:00,0.5,25.0,0.0642161191668724,1.0,False,0.7304407446962853,0.0,0.0879142074605562,0.0,0.0,0.4126759714306841,standalone_parent:product_margin_quantity,707,True,0.0,325,True,10.316899285767102,0.0,2026-05-12,bm_eligible
NQR,Quick Reserve,downward,2026-05-12 20:00:00+00:00,2026-05-12T20:30:00+00:00,0.5,25.0,0.0892291438797741,1.0,False,1.0149570411563775,1.0,0.0879142074605562,0.0,0.0,0.3660242464560623,standalone_parent:product_margin_quantity,268,True,1.0,300,True,9.150606161401557,4.575303080700778,2026-05-12,bm_eligible
PBR,Balancing Reserve,upward,2026-05-12 20:30:00+00:00,2026-05-12T21:00:00+00:00,0.5,25.0,3.588046571848332,0.5,True,6.959774586804032,8.63,0.5155406295271961,0.0,0.0,0.5678368013834959,standalone_parent:product_margin_quantity,728,True,3.25,400,True,14.195920034587395,23.06837005620452,2026-05-12,bm_eligible
PSR,Slow Reserve,upward,2026-05-12 21:00:00+00:00,2026-05-12T21:30:00+00:00,0.5,25.0,2.7555589066641444,1.0,False,5.0853613456545705,6.31,0.5418609847693051,0.0,0.0,0.5418191976625076,standalone_parent:product_margin_quantity,19955,True,3.68,1800,True,13.545479941562691,24.923683092475358,2026-05-12,bm_eligible
PSR,Slow Reserve,upward,2026-05-12 21:30:00+00:00,2026-05-12T22:00:00+00:00,0.5,25.0,2.741962646517554,1.0,False,5.060269559147043,6.31,0.5418609847693051,0.0,0.0,0.5418191976625076,standalone_parent:product_margin_quantity,19955,True,3.68,1800,True,13.545479941562691,24.923683092475358,2026-05-12,bm_eligible
PSR,Slow Reserve,upward,2026-05-12 22:00:00+00:00,2026-05-12T22:30:00+00:00,0.5,25.0,2.673051038792482,1.0,False,4.9330937526910565,8.57,0.5418609847693051,0.0,0.0,0.5418191976625076,standalone_parent:product_margin_quantity,19955,True,2.15,1800,True,13.545479941562691,14.561390937179892,2026-05-12,bm_eligible
PSR,Slow Reserve,upward,2026-05-12 22:30:00+00:00,2026-05-12T23:00:00+00:00,0.5,25.0,1.4169007394275843,1.0,False,2.614878685223708,0.08,0.5418609847693051,0.0,0.0,0.5589569329700954,standalone_parent:product_margin_quantity,4616,True,2.15,1800,True,13.973923324252386,15.021967573571317,2026-05-12,bm_eligible
NQR,Quick Reserve,downward,2026-05-12 23:00:00+00:00,2026-05-12T23:30:00+00:00,0.5,2.0,0.1000427921360122,1.0,False,1.1379593245027844,1.0,0.0879142074605562,0.0,0.0,0.3274290800957181,standalone_parent:product_margin,504,True,0.0,337,True,0.6548581601914362,0.0,2026-05-13,non_bm
PSR,Slow Reserve,upward,2026-05-12 23:00:00+00:00,2026-05-12T23:30:00+00:00,0.5,22.0,1.1922147372328098,1.0,False,2.2002225123116954,0.08,0.5418609847693051,0.0,0.0,0.5589569329700954,standalone_parent:product_margin_quantity,4616,True,2.15,1800,True,12.2970525253421,13.219331464742757,2026-05-13,non_bm
PSR,Slow Reserve,upward,2026-05-12 23:30:00+00:00,2026-05-13T00:00:00+00:00,0.5,25.0,1.2023711250463478,1.0,False,2.2189660426617577,0.08,0.5418609847693051,0.0,0.0,0.5589569329700954,standalone_parent:product_margin_quantity,4616,True,2.15,1800,True,13.973923324252386,15.021967573571317,2026-05-13,non_bm
PSR,Slow Reserve,upward,2026-05-13 00:00:00+00:00,2026-05-13T00:30:00+00:00,0.5,25.0,1.2181199921852832,1.0,False,2.2480304477058675,1.03,0.5418609847693051,0.0,0.0,0.651420115892579,standalone_parent:product_margin_quantity,11247,True,0.52,1802,True,16.285502897314473,4.234230753301763,2026-05-13,non_bm
PSR,Slow Reserve,upward,2026-05-13 00:30:00+00:00,2026-05-13T01:00:00+00:00,0.5,25.0,1.2645300218509272,1.0,False,2.3336797765376947,1.03,0.5418609847693051,0.0,0.0,0.651420115892579,standalone_parent:product_margin_quantity,11247,True,0.52,1802,True,16.285502897314473,4.234230753301763,2026-05-13,non_bm
PSR,Slow Reserve,upward,2026-05-13 01:00:00+00:00,2026-05-13T01:30:00+00:00,0.5,25.0,1.240943948169152,1.0,False,2.290151871143626,1.03,0.5418609847693051,0.0,0.0,0.651420115892579,standalone_parent:product_margin_quantity,11247,True,0.52,1802,True,16.285502897314473,4.234230753301763,2026-05-13,non_bm
PSR,Slow Reserve,upward,2026-05-13 01:30:00+00:00,2026-05-13T02:00:00+00:00,0.5,25.0,1.2430789122195989,1.0,False,2.2940919297757416,1.03,0.5418609847693051,0.0,0.0,0.651420115892579,standalone_parent:product_margin_quantity,11247,True,0.52,1802,True,16.285502897314473,4.234230753301763,2026-05-13,non_bm
DRL,Dynamic Regulation,upward,2026-05-13 02:00:00+00:00,2026-05-13T06:00:00+00:00,4.0,25.0,5.289872032246893,1.0,False,17.940105071862313,16.59,0.294862934807648,85.05893457571983,0.8505893457571984,0.4781843929077178,standalone_parent:product_margin_quantity,466,True,16.2,480,True,11.954609822692944,774.6587165105028,2026-05-13,non_bm
DRL,Dynamic Regulation,upward,2026-05-13 06:00:00+00:00,2026-05-13T10:00:00+00:00,4.0,4.0,5.138930819001692,1.0,False,17.428202097879954,15.87,0.294862934807648,13.018341750144828,0.8136463593840517,0.4738983688433393,standalone_parent:product_margin,1454,True,15.47,480,True,1.8955934753733572,117.29932425610336,2026-05-13,non_bm
NQR,Quick Reserve,downward,2026-05-13 06:00:00+00:00,2026-05-13T06:30:00+00:00,0.5,21.0,0.0582015253192798,1.0,False,0.6620263891407161,0.0,0.0879142074605562,0.0,0.0,0.4126759714306841,standalone_parent:product_margin_quantity,707,True,0.0,347,True,8.666195400044366,0.0,2026-05-13,non_bm
NQR,Quick Reserve,downward,2026-05-13 06:30:00+00:00,2026-05-13T07:00:00+00:00,0.5,21.0,0.0370948628413515,1.0,False,0.4219438918105991,0.0,0.0879142074605562,0.0,0.0,0.4126759714306841,standalone_parent:product_margin_quantity,707,True,0.0,349,True,8.666195400044366,0.0,2026-05-13,non_bm
NQR,Quick Reserve,downward,2026-05-13 07:00:00+00:00,2026-05-13T07:30:00+00:00,0.5,21.0,0.0311442573612018,1.0,False,0.3542573863863258,0.0,0.0879142074605562,0.0,0.0,0.4126759714306841,standalone_parent:product_margin_quantity,707,True,0.0,350,True,8.666195400044366,0.0,2026-05-13,non_bm
NQR,Quick Reserve,downward,2026-05-13 07:30:00+00:00,2026-05-13T08:00:00+00:00,0.5,21.0,0.022946148037532,1.0,False,0.2610061411044067,0.0,0.0879142074605562,0.0,0.0,0.4126759714306841,standalone_parent:product_margin_quantity,707,True,0.0,350,True,8.666195400044366,0.0,2026-05-13,non_bm
PQR,Quick Reserve,upward,2026-05-13 08:00:00+00:00,2026-05-13T08:30:00+00:00,0.5,21.0,1.4871234359370404,1.0,False,6.43234035288554,5.58,0.2311947680551323,0.0,0.0,0.5989761163562776,standalone_parent:product_margin_quantity,1552,True,0.01,508,True,12.578498443481829,0.0628924922174091,2026-05-13,non_bm
PQR,Quick Reserve,upward,2026-05-13 08:30:00+00:00,2026-05-13T09:00:00+00:00,0.5,21.0,1.3866819848866878,1.0,False,5.997895179686808,4.92,0.2311947680551323,0.0,0.0,0.411784385725345,standalone_parent:product_margin_quantity,1491,True,0.01,500,True,8.647472100232244,0.0432373605011612,2026-05-13,non_bm
PQR,Quick Reserve,upward,2026-05-13 09:00:00+00:00,2026-05-13T09:30:00+00:00,0.5,21.0,1.2580270223819068,1.0,False,5.441416486042232,3.45,0.2311947680551323,0.0,0.0,0.411784385725345,standalone_parent:product_margin_quantity,1491,True,0.01,500,True,8.647472100232244,0.0432373605011612,2026-05-13,non_bm
PQR,Quick Reserve,upward,2026-05-13 09:30:00+00:00,2026-05-13T10:00:00+00:00,0.5,21.0,1.3790447104558736,1.0,False,5.964861238239687,7.89,0.2311947680551323,0.0,0.0,0.5989761163562776,standalone_parent:product_margin_quantity,1552,True,0.01,500,True,12.578498443481829,0.0628924922174091,2026-05-13,non_bm
DRL,Dynamic Regulation,upward,2026-05-13 10:00:00+00:00,2026-05-13T14:00:00+00:00,4.0,25.0,4.624420381490977,1.0,False,15.683288184415884,13.43,0.294862934807648,0.0,0.0,0.4781843929077178,standalone_parent:product_margin_quantity,466,True,13.71,480,True,11.954609822692944,655.5908026764811,2026-05-13,non_bm
DRL,Dynamic Regulation,upward,2026-05-13 14:00:00+00:00,2026-05-13T18:00:00+00:00,4.0,25.0,5.562111956677723,1.0,False,18.86338125307656,18.31,0.294862934807648,39.9546137928146,0.399546137928146,0.4781843929077178,standalone_parent:product_margin_quantity,466,True,26.89,479,True,11.954609822692944,1285.8378325288531,2026-05-13,non_bm
NQR,Quick Reserve,downward,2026-05-13 18:00:00+00:00,2026-05-13T18:30:00+00:00,0.5,24.0,0.1279996793748311,1.0,False,1.4559612498612322,1.0,0.0879142074605562,0.0,0.0,0.3660242464560623,standalone_parent:product_margin_quantity,268,True,1.49,300,True,8.784581914945495,6.544513526634393,2026-05-13,non_bm
NQR,Quick Reserve,downward,2026-05-13 18:30:00+00:00,2026-05-13T19:00:00+00:00,0.5,25.0,0.1124210094285374,1.0,False,1.2787581515647108,0.0,0.0879142074605562,0.0,0.0,0.4126759714306841,standalone_parent:product_margin_quantity,707,True,1.15,300,True,10.316899285767102,5.932217089316083,2026-05-13,non_bm
NQR,Quick Reserve,downward,2026-05-13 19:00:00+00:00,2026-05-13T19:30:00+00:00,0.5,25.0,0.0778765651886965,1.0,False,0.8858245719116189,0.0,0.0879142074605562,0.0,0.0,0.4126759714306841,standalone_parent:product_margin_quantity,707,True,1.0,300,True,10.316899285767102,5.158449642883551,2026-05-13,non_bm
NQR,Quick Reserve,downward,2026-05-13 19:30:00+00:00,2026-05-13T20:00:00+00:00,0.5,25.0,0.076029983332731,1.0,False,0.8648202097123241,0.0,0.0879142074605562,0.0,0.0,0.4126759714306841,standalone_parent:product_margin_quantity,707,True,1.0,300,True,10.316899285767102,5.158449642883551,2026-05-13,non_bm
NQR,Quick Reserve,downward,2026-05-13 20:00:00+00:00,2026-05-13T20:30:00+00:00,0.5,25.0,0.1087525333153244,1.0,False,1.237030241831135,1.0,0.0879142074605562,0.0,0.0,0.3660242464560623,standalone_parent:product_margin_quantity,268,True,1.0,300,True,9.150606161401557,4.575303080700778,2026-05-13,non_bm
NQR,Quick Reserve,downward,2026-05-13 20:30:00+00:00,2026-05-13T21:00:00+00:00,0.5,5.0,0.0997507214920403,1.0,False,1.1346371010259593,0.0,0.0879142074605562,0.0,0.0,0.3772274695177137,standalone_parent:product_margin,1250,True,1.0,300,True,1.8861373475885688,0.9430686737942844,2026-05-13,non_bm
PSR,Slow Reserve,upward,2026-05-13 20:30:00+00:00,2026-05-13T21:00:00+00:00,0.5,20.0,2.586882942056936,1.0,False,4.774071237401027,3.68,0.5418609847693051,0.0,0.0,0.55535754449506,standalone_parent:product_margin_quantity,40443,True,3.15,1804,True,11.1071508899012,17.49376265159439,2026-05-13,non_bm
PSR,Slow Reserve,upward,2026-05-13 21:00:00+00:00,2026-05-13T21:30:00+00:00,0.5,25.0,2.5727774172255478,1.0,False,4.748039607097558,3.68,0.5418609847693051,0.0,0.0,0.55535754449506,standalone_parent:product_margin_quantity,40443,True,3.15,1804,True,13.8839386123765,21.867203314492983,2026-05-13,non_bm
PSR,Slow Reserve,upward,2026-05-13 21:30:00+00:00,2026-05-13T22:00:00+00:00,0.5,25.0,2.5597527761906664,1.0,False,4.724002738969054,3.68,0.5418609847693051,0.0,0.0,0.55535754449506,standalone_parent:product_margin_quantity,40443,True,3.15,1804,True,13.8839386123765,21.867203314492983,2026-05-13,non_bm
PSR,Slow Reserve,upward,2026-05-13 22:00:00+00:00,2026-05-13T22:30:00+00:00,0.5,25.0,2.241572096696248,1.0,False,4.136802906469796,2.15,0.5418609847693051,0.0,0.0,0.55535754449506,standalone_parent:product_margin_quantity,40443,True,2.76,1799,True,13.8839386123765,19.15983528507957,2026-05-13,non_bm
PSR,Slow Reserve,upward,2026-05-13 22:30:00+00:00,2026-05-13T23:00:00+00:00,0.5,25.0,1.3411386263024525,1.0,False,2.475060327278289,2.15,0.5418609847693051,1.8189894035458565e-12,1.4551915228366852e-13,0.55535754449506,standalone_parent:product_margin_quantity,40443,True,2.17,1799,True,13.8839386123765,15.064073394428505,2026-05-13,non_bm
NQR,Quick Reserve,downward,2026-05-12 23:00:00+00:00,2026-05-12T23:30:00+00:00,0.5,1.0,0.1000427921360122,1.0,False,1.1379593245027844,1.0,0.0879142074605562,0.0,0.0,0.3274290800957181,standalone_parent:product_margin,504,True,0.0,337,True,0.3274290800957181,0.0,2026-05-13,bm_eligible
PSR,Slow Reserve,upward,2026-05-12 23:00:00+00:00,2026-05-12T23:30:00+00:00,0.5,24.0,1.1922147372328098,1.0,False,2.2002225123116954,0.08,0.5418609847693051,0.0,0.0,0.5589569329700954,standalone_parent:product_margin_quantity,4616,True,2.15,1800,True,13.41496639128229,14.42108887062846,2026-05-13,bm_eligible
PSR,Slow Reserve,upward,2026-05-12 23:30:00+00:00,2026-05-13T00:00:00+00:00,0.5,25.0,1.2023711250463478,1.0,False,2.2189660426617577,0.08,0.5418609847693051,0.0,0.0,0.5589569329700954,standalone_parent:product_margin_quantity,4616,True,2.15,1800,True,13.973923324252386,15.021967573571317,2026-05-13,bm_eligible
PSR,Slow Reserve,upward,2026-05-13 00:00:00+00:00,2026-05-13T00:30:00+00:00,0.5,25.0,1.2181199921852832,1.0,False,2.2480304477058675,1.03,0.5418609847693051,0.0,0.0,0.651420115892579,standalone_parent:product_margin_quantity,11247,True,0.52,1802,True,16.285502897314473,4.234230753301763,2026-05-13,bm_eligible
PSR,Slow Reserve,upward,2026-05-13 00:30:00+00:00,2026-05-13T01:00:00+00:00,0.5,25.0,1.2645300218509272,1.0,False,2.3336797765376947,1.03,0.5418609847693051,0.0,0.0,0.651420115892579,standalone_parent:product_margin_quantity,11247,True,0.52,1802,True,16.285502897314473,4.234230753301763,2026-05-13,bm_eligible
PSR,Slow Reserve,upward,2026-05-13 01:00:00+00:00,2026-05-13T01:30:00+00:00,0.5,25.0,1.240943948169152,1.0,False,2.290151871143626,1.03,0.5418609847693051,0.0,0.0,0.651420115892579,standalone_parent:product_margin_quantity,11247,True,0.52,1802,True,16.285502897314473,4.234230753301763,2026-05-13,bm_eligible
PSR,Slow Reserve,upward,2026-05-13 01:30:00+00:00,2026-05-13T02:00:00+00:00,0.5,25.0,1.2430789122195989,1.0,False,2.2940919297757416,1.03,0.5418609847693051,0.0,0.0,0.651420115892579,standalone_parent:product_margin_quantity,11247,True,0.52,1802,True,16.285502897314473,4.234230753301763,2026-05-13,bm_eligible
DRL,Dynamic Regulation,upward,2026-05-13 02:00:00+00:00,2026-05-13T06:00:00+00:00,4.0,25.0,5.289872032246893,1.0,False,17.940105071862313,16.59,0.294862934807648,85.05893457571983,0.8505893457571984,0.4781843929077178,standalone_parent:product_margin_quantity,466,True,16.2,480,True,11.954609822692944,774.6587165105028,2026-05-13,bm_eligible
NQR,Quick Reserve,downward,2026-05-13 06:00:00+00:00,2026-05-13T06:30:00+00:00,0.5,25.0,0.0582015253192798,1.0,False,0.6620263891407161,0.0,0.0879142074605562,0.0,0.0,0.4126759714306841,standalone_parent:product_margin_quantity,707,True,0.0,347,True,10.316899285767102,0.0,2026-05-13,bm_eligible
NQR,Quick Reserve,downward,2026-05-13 06:30:00+00:00,2026-05-13T07:00:00+00:00,0.5,25.0,0.0370948628413515,1.0,False,0.4219438918105991,0.0,0.0879142074605562,0.0,0.0,0.4126759714306841,standalone_parent:product_margin_quantity,707,True,0.0,349,True,10.316899285767102,0.0,2026-05-13,bm_eligible
NQR,Quick Reserve,downward,2026-05-13 07:00:00+00:00,2026-05-13T07:30:00+00:00,0.5,25.0,0.0311442573612018,1.0,False,0.3542573863863258,0.0,0.0879142074605562,1.8189894035458565e-12,1.4551915228366852e-13,0.4178279196023338,standalone_parent:product_margin_quantity,219,True,0.0,350,True,10.445697990058346,0.0,2026-05-13,bm_eligible
NQR,Quick Reserve,downward,2026-05-13 07:30:00+00:00,2026-05-13T08:00:00+00:00,0.5,11.0,0.022946148037532,1.0,False,0.2610061411044067,0.0,0.0879142074605562,0.0,0.0,0.4126759714306841,standalone_parent:product_margin_quantity,707,True,0.0,350,True,4.539435685737525,0.0,2026-05-13,bm_eligible
PBR,Balancing Reserve,upward,2026-05-13 07:30:00+00:00,2026-05-13T08:00:00+00:00,0.5,14.0,3.637344523599334,0.5,True,7.055398382345061,5.42,0.5155406295271961,0.0,0.0,0.5678368013834959,standalone_parent:product_margin_quantity,728,True,5.58,600,True,7.949715219368943,22.17970546203935,2026-05-13,bm_eligible
PBR,Balancing Reserve,upward,2026-05-13 08:00:00+00:00,2026-05-13T08:30:00+00:00,0.5,25.0,3.037281364771439,0.5,True,5.891449074647984,3.11,0.5155406295271961,0.0,0.0,0.5988766951675288,standalone_parent:product_margin_quantity,2107,True,4.13,600,True,14.971917379188222,30.91700938802368,2026-05-13,bm_eligible
PBR,Balancing Reserve,upward,2026-05-13 08:30:00+00:00,2026-05-13T09:00:00+00:00,0.5,25.0,3.079077495482161,0.5,True,5.972521502924012,3.11,0.5155406295271961,0.0,0.0,0.5988766951675288,standalone_parent:product_margin_quantity,2107,True,3.65,600,True,14.971917379188222,27.323749217018506,2026-05-13,bm_eligible
PBR,Balancing Reserve,upward,2026-05-13 09:00:00+00:00,2026-05-13T09:30:00+00:00,0.5,25.0,2.608176696619953,0.5,True,5.059109888219519,2.4,0.5155406295271961,0.0,0.0,0.5988766951675288,standalone_parent:product_margin_quantity,2107,True,3.23,600,True,14.971917379188222,24.17964656738898,2026-05-13,bm_eligible
PBR,Balancing Reserve,upward,2026-05-13 09:30:00+00:00,2026-05-13T10:00:00+00:00,0.5,25.0,2.382166068235067,0.5,True,4.620714511715127,2.15,0.5155406295271961,0.0,0.0,0.5988766951675288,standalone_parent:product_margin_quantity,2107,True,1.77,600,True,14.971917379188222,13.250146880581577,2026-05-13,bm_eligible
DRL,Dynamic Regulation,upward,2026-05-13 10:00:00+00:00,2026-05-13T14:00:00+00:00,4.0,25.0,4.624420381490977,1.0,False,15.683288184415884,13.43,0.294862934807648,0.0,0.0,0.4781843929077178,standalone_parent:product_margin_quantity,466,True,13.71,480,True,11.954609822692944,655.5908026764811,2026-05-13,bm_eligible
DRL,Dynamic Regulation,upward,2026-05-13 14:00:00+00:00,2026-05-13T18:00:00+00:00,4.0,25.0,5.562111956677723,1.0,False,18.86338125307656,18.31,0.294862934807648,39.9546137928146,0.399546137928146,0.4781843929077178,standalone_parent:product_margin_quantity,466,True,26.89,479,True,11.954609822692944,1285.8378325288531,2026-05-13,bm_eligible
NQR,Quick Reserve,downward,2026-05-13 18:00:00+00:00,2026-05-13T18:30:00+00:00,0.5,24.0,0.1279996793748311,1.0,False,1.4559612498612322,1.0,0.0879142074605562,0.0,0.0,0.3660242464560623,standalone_parent:product_margin_quantity,268,True,1.49,300,True,8.784581914945495,6.544513526634393,2026-05-13,bm_eligible
NQR,Quick Reserve,downward,2026-05-13 18:30:00+00:00,2026-05-13T19:00:00+00:00,0.5,25.0,0.1124210094285374,1.0,False,1.2787581515647108,0.0,0.0879142074605562,0.0,0.0,0.4126759714306841,standalone_parent:product_margin_quantity,707,True,1.15,300,True,10.316899285767102,5.932217089316083,2026-05-13,bm_eligible
NQR,Quick Reserve,downward,2026-05-13 19:00:00+00:00,2026-05-13T19:30:00+00:00,0.5,25.0,0.0778765651886965,1.0,False,0.8858245719116189,0.0,0.0879142074605562,0.0,0.0,0.4126759714306841,standalone_parent:product_margin_quantity,707,True,1.0,300,True,10.316899285767102,5.158449642883551,2026-05-13,bm_eligible
NQR,Quick Reserve,downward,2026-05-13 19:30:00+00:00,2026-05-13T20:00:00+00:00,0.5,25.0,0.076029983332731,1.0,False,0.8648202097123241,0.0,0.0879142074605562,0.0,0.0,0.4126759714306841,standalone_parent:product_margin_quantity,707,True,1.0,300,True,10.316899285767102,5.158449642883551,2026-05-13,bm_eligible
NQR,Quick Reserve,downward,2026-05-13 20:00:00+00:00,2026-05-13T20:30:00+00:00,0.5,25.0,0.1087525333153244,1.0,False,1.237030241831135,1.0,0.0879142074605562,0.0,0.0,0.3660242464560623,standalone_parent:product_margin_quantity,268,True,1.0,300,True,9.150606161401557,4.575303080700778,2026-05-13,bm_eligible
NQR,Quick Reserve,downward,2026-05-13 20:30:00+00:00,2026-05-13T21:00:00+00:00,0.5,5.0,0.0997507214920403,1.0,False,1.1346371010259593,0.0,0.0879142074605562,0.0,0.0,0.3772274695177137,standalone_parent:product_margin,1250,True,1.0,300,True,1.8861373475885688,0.9430686737942844,2026-05-13,bm_eligible
PBR,Balancing Reserve,upward,2026-05-13 20:30:00+00:00,2026-05-13T21:00:00+00:00,0.5,20.0,2.8080449615060608,0.5,True,5.446796626060932,3.25,0.5155406295271961,0.0,0.0,0.5988766951675288,standalone_parent:product_margin_quantity,2107,True,2.79,400,True,11.977533903350576,16.708659795174054,2026-05-13,bm_eligible
PSR,Slow Reserve,upward,2026-05-13 21:00:00+00:00,2026-05-13T21:30:00+00:00,0.5,25.0,2.5727774172255478,1.0,False,4.748039607097558,3.68,0.5418609847693051,0.0,0.0,0.55535754449506,standalone_parent:product_margin_quantity,40443,True,3.15,1804,True,13.8839386123765,21.867203314492983,2026-05-13,bm_eligible
PSR,Slow Reserve,upward,2026-05-13 21:30:00+00:00,2026-05-13T22:00:00+00:00,0.5,25.0,2.5597527761906664,1.0,False,4.724002738969054,3.68,0.5418609847693051,0.0,0.0,0.55535754449506,standalone_parent:product_margin_quantity,40443,True,3.15,1804,True,13.8839386123765,21.867203314492983,2026-05-13,bm_eligible
PSR,Slow Reserve,upward,2026-05-13 22:00:00+00:00,2026-05-13T22:30:00+00:00,0.5,25.0,2.241572096696248,1.0,False,4.136802906469796,2.15,0.5418609847693051,0.0,0.0,0.55535754449506,standalone_parent:product_margin_quantity,40443,True,2.76,1799,True,13.8839386123765,19.15983528507957,2026-05-13,bm_eligible
PSR,Slow Reserve,upward,2026-05-13 22:30:00+00:00,2026-05-13T23:00:00+00:00,0.5,25.0,1.3411386263024525,1.0,False,2.475060327278289,2.15,0.5418609847693051,1.8189894035458565e-12,1.4551915228366852e-13,0.55535754449506,standalone_parent:product_margin_quantity,40443,True,2.17,1799,True,13.8839386123765,15.064073394428505,2026-05-13,bm_eligible
NQR,Quick Reserve,downward,2026-05-13 23:00:00+00:00,2026-05-13T23:30:00+00:00,0.5,1.0,0.0585112778234299,1.0,False,0.6655497389279401,0.0,0.0879142074605562,0.0,0.0,0.3772274695177137,standalone_parent:product_margin,1250,True,0.0,346,True,0.3772274695177137,0.0,2026-05-14,non_bm
PSR,Slow Reserve,upward,2026-05-13 23:00:00+00:00,2026-05-13T23:30:00+00:00,0.5,24.0,0.9846930081928152,1.0,False,1.817242864628912,2.15,0.5418609847693051,0.0,0.0,0.55535754449506,standalone_parent:product_margin_quantity,40443,True,2.17,1799,True,13.32858106788144,14.461510458651365,2026-05-14,non_bm
PSR,Slow Reserve,upward,2026-05-13 23:30:00+00:00,2026-05-14T00:00:00+00:00,0.5,25.0,0.8698799038134853,1.0,False,1.6053562228397618,2.15,0.5418609847693051,0.0,0.0,0.55535754449506,standalone_parent:product_margin_quantity,40443,True,2.17,1799,True,13.8839386123765,15.064073394428505,2026-05-14,non_bm
PSR,Slow Reserve,upward,2026-05-14 00:00:00+00:00,2026-05-14T00:30:00+00:00,0.5,25.0,0.8389938145817665,1.0,False,1.548356198664062,0.52,0.5418609847693051,0.0,0.0,0.6641209477482147,standalone_parent:product_margin_quantity,5151,True,1.09,1800,True,16.603023693705367,9.048647913069424,2026-05-14,non_bm
PSR,Slow Reserve,upward,2026-05-14 00:30:00+00:00,2026-05-14T01:00:00+00:00,0.5,25.0,0.8884177439956039,1.0,False,1.6395676547442215,0.52,0.5418609847693051,0.0,0.0,0.6641209477482147,standalone_parent:product_margin_quantity,5151,True,1.09,1800,True,16.603023693705367,9.048647913069424,2026-05-14,non_bm
PSR,Slow Reserve,upward,2026-05-14 01:00:00+00:00,2026-05-14T01:30:00+00:00,0.5,25.0,0.8705393743841474,1.0,False,1.6065732703652316,0.52,0.5418609847693051,0.0,0.0,0.6641209477482147,standalone_parent:product_margin_quantity,5151,True,1.09,1800,True,16.603023693705367,9.048647913069424,2026-05-14,non_bm
PSR,Slow Reserve,upward,2026-05-14 01:30:00+00:00,2026-05-14T02:00:00+00:00,0.5,25.0,0.9409881856778712,1.0,False,1.736585973390376,0.52,0.5418609847693051,0.0,0.0,0.6641209477482147,standalone_parent:product_margin_quantity,5151,True,1.09,1800,True,16.603023693705367,9.048647913069424,2026-05-14,non_bm
DRL,Dynamic Regulation,upward,2026-05-14 02:00:00+00:00,2026-05-14T06:00:00+00:00,4.0,25.0,4.96223866426562,1.0,False,16.828967219982072,16.2,0.294862934807648,47.50888290817784,0.4750888290817784,0.4781843929077178,standalone_parent:product_margin_quantity,466,True,18.65,480,True,11.954609822692944,891.8138927728936,2026-05-14,non_bm
DRL,Dynamic Regulation,upward,2026-05-14 06:00:00+00:00,2026-05-14T10:00:00+00:00,4.0,7.0,4.83299898909645,1.0,False,16.390662977865382,15.47,0.294862934807648,18.75695512838865,0.6698912545853091,0.379093333467851,standalone_parent:product_margin_quantity,498,True,17.6,480,True,2.6536533342749573,186.817194732957,2026-05-14,non_bm
NQR,Quick Reserve,downward,2026-05-14 06:00:00+00:00,2026-05-14T06:30:00+00:00,0.5,18.0,0.011397948070182,1.0,False,0.1296485334898326,0.0,0.0879142074605562,0.0,0.0,0.4126759714306841,standalone_parent:product_margin_quantity,707,True,0.0,350,True,7.428167485752313,0.0,2026-05-14,non_bm
NSR,Slow Reserve,downward,2026-05-14 06:30:00+00:00,2026-05-14T07:00:00+00:00,0.5,18.0,2.4171978079573333e-05,1.0,False,0.0068890137526784,0.0,0.0035087719298245,0.0,0.0,0.0035087719298245,standalone_parent:product,4560,True,0.0,0,True,0.0,0.0,2026-05-14,non_bm
NSR,Slow Reserve,downward,2026-05-14 07:00:00+00:00,2026-05-14T07:30:00+00:00,0.5,18.0,7.591954055184492e-05,1.0,False,0.0216370690572758,0.0,0.0035087719298245,0.0,0.0,0.0035087719298245,standalone_parent:product,4560,True,0.0,0,True,0.0,0.0,2026-05-14,non_bm
NSR,Slow Reserve,downward,2026-05-14 07:30:00+00:00,2026-05-14T08:00:00+00:00,0.5,18.0,0.0001255942852833,1.0,False,0.035794371305758,0.0,0.0035087719298245,0.0,0.0,0.0035087719298245,standalone_parent:product,4560,True,0.0,0,True,0.0,0.0,2026-05-14,non_bm
PQR,Quick Reserve,upward,2026-05-14 08:00:00+00:00,2026-05-14T08:30:00+00:00,0.5,18.0,1.1598822613435655,1.0,False,5.01690531797403,0.01,0.2311947680551323,0.0,0.0,0.2427656095781337,standalone_parent:product_margin_quantity,702,True,5.13,500,True,4.369780972406408,11.208488194222436,2026-05-14,non_bm
PQR,Quick Reserve,upward,2026-05-14 08:30:00+00:00,2026-05-14T09:00:00+00:00,0.5,18.0,1.069792970399318,1.0,False,4.627236937058229,0.01,0.2311947680551323,0.0,0.0,0.2427656095781337,standalone_parent:product_margin_quantity,702,True,5.13,500,True,4.369780972406408,11.208488194222436,2026-05-14,non_bm
PQR,Quick Reserve,upward,2026-05-14 09:00:00+00:00,2026-05-14T09:30:00+00:00,0.5,18.0,0.9867459177795952,1.0,False,4.268028753766127,0.01,0.2311947680551323,0.0,0.0,0.2427656095781337,standalone_parent:product_margin_quantity,702,True,5.25,500,True,4.369780972406408,11.470675052566822,2026-05-14,non_bm
PQR,Quick Reserve,upward,2026-05-14 09:30:00+00:00,2026-05-14T10:00:00+00:00,0.5,18.0,0.918831306284904,1.0,False,3.974273786618705,0.01,0.2311947680551323,0.0,0.0,0.2427656095781337,standalone_parent:product_margin_quantity,702,True,4.99,500,True,4.369780972406408,10.902603526153989,2026-05-14,non_bm
DRL,Dynamic Regulation,upward,2026-05-14 10:00:00+00:00,2026-05-14T14:00:00+00:00,4.0,25.0,4.370052140917463,1.0,False,14.820622143533363,13.71,0.294862934807648,0.0,0.0,0.4781843929077178,standalone_parent:product_margin_quantity,466,True,14.07,480,True,11.954609822692944,672.805440821159,2026-05-14,non_bm
DRL,Dynamic Regulation,upward,2026-05-14 14:00:00+00:00,2026-05-14T18:00:00+00:00,4.0,25.0,6.104522430156831,1.0,False,20.702915522899065,26.89,0.294862934807648,65.56184849689271,0.655618484968927,0.4781843929077178,standalone_parent:product_margin_quantity,466,True,15.28,480,True,11.954609822692944,730.6657523629927,2026-05-14,non_bm
NQR,Quick Reserve,downward,2026-05-14 18:00:00+00:00,2026-05-14T18:30:00+00:00,0.5,22.0,0.096391248806131,1.0,False,1.0964240205359086,1.49,0.0879142074605562,0.0,0.0,0.3660242464560623,standalone_parent:product_margin_quantity,268,True,1.8,289,True,8.05253342203337,7.247280079830033,2026-05-14,non_bm
NQR,Quick Reserve,downward,2026-05-14 18:30:00+00:00,2026-05-14T19:00:00+00:00,0.5,25.0,0.085088055325284,1.0,False,0.9678532945139706,1.15,0.0879142074605562,0.0,0.0,0.3660242464560623,standalone_parent:product_margin_quantity,268,True,1.0,300,True,9.150606161401557,4.575303080700778,2026-05-14,non_bm
NQR,Quick Reserve,downward,2026-05-14 19:00:00+00:00,2026-05-14T19:30:00+00:00,0.5,25.0,0.046039915014952,1.0,False,0.5236914071665649,1.0,0.0879142074605562,0.0,0.0,0.3660242464560623,standalone_parent:product_margin_quantity,268,True,1.0,300,True,9.150606161401557,4.575303080700778,2026-05-14,non_bm
NQR,Quick Reserve,downward,2026-05-14 19:30:00+00:00,2026-05-14T20:00:00+00:00,0.5,25.0,0.0491891081574395,1.0,False,0.5595126155179054,1.0,0.0879142074605562,0.0,0.0,0.3660242464560623,standalone_parent:product_margin_quantity,268,True,1.0,300,True,9.150606161401557,4.575303080700778,2026-05-14,non_bm
NQR,Quick Reserve,downward,2026-05-14 20:00:00+00:00,2026-05-14T20:30:00+00:00,0.5,25.0,0.0759578195022094,1.0,False,0.8639993659305729,1.0,0.0879142074605562,0.0,0.0,0.3660242464560623,standalone_parent:product_margin_quantity,268,True,1.0,300,True,9.150606161401557,4.575303080700778,2026-05-14,non_bm
NQR,Quick Reserve,downward,2026-05-14 20:30:00+00:00,2026-05-14T21:00:00+00:00,0.5,8.0,0.071962163865536,1.0,False,0.818549878844357,1.0,0.0879142074605562,0.0,0.0,0.3274290800957181,standalone_parent:product_margin,504,True,1.0,300,True,2.6194326407657447,1.3097163203828723,2026-05-14,non_bm
PSR,Slow Reserve,upward,2026-05-14 20:30:00+00:00,2026-05-14T21:00:00+00:00,0.5,17.0,2.308844686072151,1.0,False,4.260953918014842,3.15,0.5418609847693051,0.0,0.0,0.55535754449506,standalone_parent:product_margin_quantity,40443,True,2.89,1800,True,9.44107825641602,13.64235808052115,2026-05-14,non_bm
PSR,Slow Reserve,upward,2026-05-14 21:00:00+00:00,2026-05-14T21:30:00+00:00,0.5,25.0,2.2966065813079664,1.0,False,4.238368596118313,3.15,0.5418609847693051,0.0,0.0,0.55535754449506,standalone_parent:product_margin_quantity,40443,True,2.89,1800,True,13.8839386123765,20.062291294884044,2026-05-14,non_bm
PSR,Slow Reserve,upward,2026-05-14 21:30:00+00:00,2026-05-14T22:00:00+00:00,0.5,25.0,2.2854687323897838,1.0,False,4.217813787355094,3.15,0.5418609847693051,0.0,0.0,0.55535754449506,standalone_parent:product_margin_quantity,40443,True,2.89,1800,True,13.8839386123765,20.062291294884044,2026-05-14,non_bm
PSR,Slow Reserve,upward,2026-05-14 22:00:00+00:00,2026-05-14T22:30:00+00:00,0.5,25.0,1.8425689080794148,1.0,False,3.4004457967459683,2.76,0.5418609847693051,0.0,0.0,0.55535754449506,standalone_parent:product_margin_quantity,40443,True,2.57,1800,True,13.8839386123765,17.840861116903802,2026-05-14,non_bm
PSR,Slow Reserve,upward,2026-05-14 22:30:00+00:00,2026-05-14T23:00:00+00:00,0.5,25.0,0.9929961489526296,1.0,False,1.832566242752084,2.17,0.5418609847693051,0.0,0.0,0.55535754449506,standalone_parent:product_margin_quantity,40443,True,2.14,1800,True,13.8839386123765,14.855814315242856,2026-05-14,non_bm
PSR,Slow Reserve,upward,2026-05-13 23:00:00+00:00,2026-05-13T23:30:00+00:00,0.5,25.0,0.9846930081928152,1.0,False,1.817242864628912,2.15,0.5418609847693051,0.0,0.0,0.55535754449506,standalone_parent:product_margin_quantity,40443,True,2.17,1799,True,13.8839386123765,15.064073394428505,2026-05-14,bm_eligible
PSR,Slow Reserve,upward,2026-05-13 23:30:00+00:00,2026-05-14T00:00:00+00:00,0.5,25.0,0.8698799038134853,1.0,False,1.6053562228397618,2.15,0.5418609847693051,0.0,0.0,0.55535754449506,standalone_parent:product_margin_quantity,40443,True,2.17,1799,True,13.8839386123765,15.064073394428505,2026-05-14,bm_eligible
PSR,Slow Reserve,upward,2026-05-14 00:00:00+00:00,2026-05-14T00:30:00+00:00,0.5,25.0,0.8389938145817665,1.0,False,1.548356198664062,0.52,0.5418609847693051,0.0,0.0,0.6641209477482147,standalone_parent:product_margin_quantity,5151,True,1.09,1800,True,16.603023693705367,9.048647913069424,2026-05-14,bm_eligible
PSR,Slow Reserve,upward,2026-05-14 00:30:00+00:00,2026-05-14T01:00:00+00:00,0.5,25.0,0.8884177439956039,1.0,False,1.6395676547442215,0.52,0.5418609847693051,0.0,0.0,0.6641209477482147,standalone_parent:product_margin_quantity,5151,True,1.09,1800,True,16.603023693705367,9.048647913069424,2026-05-14,bm_eligible
PSR,Slow Reserve,upward,2026-05-14 01:00:00+00:00,2026-05-14T01:30:00+00:00,0.5,25.0,0.8705393743841474,1.0,False,1.6065732703652316,0.52,0.5418609847693051,0.0,0.0,0.6641209477482147,standalone_parent:product_margin_quantity,5151,True,1.09,1800,True,16.603023693705367,9.048647913069424,2026-05-14,bm_eligible
PSR,Slow Reserve,upward,2026-05-14 01:30:00+00:00,2026-05-14T02:00:00+00:00,0.5,25.0,0.9409881856778712,1.0,False,1.736585973390376,0.52,0.5418609847693051,0.0,0.0,0.6641209477482147,standalone_parent:product_margin_quantity,5151,True,1.09,1800,True,16.603023693705367,9.048647913069424,2026-05-14,bm_eligible
DRL,Dynamic Regulation,upward,2026-05-14 02:00:00+00:00,2026-05-14T06:00:00+00:00,4.0,25.0,4.96223866426562,1.0,False,16.828967219982072,16.2,0.294862934807648,47.50888290817784,0.4750888290817784,0.4781843929077178,standalone_parent:product_margin_quantity,466,True,18.65,480,True,11.954609822692944,891.8138927728936,2026-05-14,bm_eligible
DRL,Dynamic Regulation,upward,2026-05-14 06:00:00+00:00,2026-05-14T10:00:00+00:00,4.0,1.0,4.83299898909645,1.0,False,16.390662977865382,15.47,0.294862934807648,1.5024365719273192,0.3756091429818298,0.4738983688433393,standalone_parent:product_margin,1454,True,17.6,480,True,0.4738983688433393,33.36244516657109,2026-05-14,bm_eligible
NBR,Balancing Reserve,downward,2026-05-14 06:00:00+00:00,2026-05-14T06:30:00+00:00,0.5,24.0,0.0211687233055714,0.5,True,0.0972854041057477,0.0,0.2175940317065589,0.0,0.0,0.2175940317065589,nonlooped_parent:product,3217,True,0.0,4,True,0.8703761268262357,0.0,2026-05-14,bm_eligible
NBR,Balancing Reserve,downward,2026-05-14 06:30:00+00:00,2026-05-14T07:00:00+00:00,0.5,24.0,0.0171672671457117,0.5,True,0.078895854868221,0.0,0.2175940317065589,0.0,0.0,0.2175940317065589,nonlooped_parent:product,3217,True,0.0,0,True,0.0,0.0,2026-05-14,bm_eligible
NBR,Balancing Reserve,downward,2026-05-14 07:00:00+00:00,2026-05-14T07:30:00+00:00,0.5,24.0,0.0244184425892669,0.5,True,0.1122201854423881,0.0,0.2175940317065589,0.0,0.0,0.2175940317065589,nonlooped_parent:product,3217,True,0.0,0,True,0.0,0.0,2026-05-14,bm_eligible
NBR,Balancing Reserve,downward,2026-05-14 07:30:00+00:00,2026-05-14T08:00:00+00:00,0.5,1.0,0.0240081640950342,0.5,True,0.1103346627053219,0.0,0.2175940317065589,0.0,0.0,0.2175940317065589,nonlooped_parent:product,3217,True,0.0,0,True,0.0,0.0,2026-05-14,bm_eligible
PBR,Balancing Reserve,upward,2026-05-14 07:30:00+00:00,2026-05-14T08:00:00+00:00,0.5,23.0,3.9326913783288617,0.5,True,7.628286022646837,5.58,0.5155406295271961,0.0,0.0,0.5678368013834959,standalone_parent:product_margin_quantity,728,True,8.76,600,True,13.060246431820406,57.203879371373375,2026-05-14,bm_eligible
PBR,Balancing Reserve,upward,2026-05-14 08:00:00+00:00,2026-05-14T08:30:00+00:00,0.5,24.0,3.1760218243423584,0.5,True,6.16056551596156,4.13,0.5155406295271961,0.0,0.0,0.5988766951675288,standalone_parent:product_margin_quantity,2107,True,5.58,600,True,14.373040684020692,40.10078350841773,2026-05-14,bm_eligible
PBR,Balancing Reserve,upward,2026-05-14 08:30:00+00:00,2026-05-14T09:00:00+00:00,0.5,24.0,3.245314150870437,0.5,True,6.294972626787388,3.65,0.5155406295271961,0.0,0.0,0.5988766951675288,standalone_parent:product_margin_quantity,2107,True,1.01,600,True,14.373040684020692,7.25838554543045,2026-05-14,bm_eligible
PBR,Balancing Reserve,upward,2026-05-14 09:00:00+00:00,2026-05-14T09:30:00+00:00,0.5,24.0,2.230299630410209,0.5,True,4.3261374616693615,3.23,0.5155406295271961,0.0,0.0,0.5988766951675288,standalone_parent:product_margin_quantity,2107,True,4.46,599,True,14.373040684020692,32.051880725366146,2026-05-14,bm_eligible
PBR,Balancing Reserve,upward,2026-05-14 09:30:00+00:00,2026-05-14T10:00:00+00:00,0.5,24.0,1.9675096912069132,0.5,True,3.816400839272983,1.77,0.5155406295271961,0.0,0.0,0.6883840047139721,standalone_parent:product_margin_quantity,1536,True,4.46,599,True,16.52121611313533,36.842311932291786,2026-05-14,bm_eligible
DRL,Dynamic Regulation,upward,2026-05-14 10:00:00+00:00,2026-05-14T14:00:00+00:00,4.0,25.0,4.370052140917463,1.0,False,14.820622143533363,13.71,0.294862934807648,0.0,0.0,0.4781843929077178,standalone_parent:product_margin_quantity,466,True,14.07,480,True,11.954609822692944,672.805440821159,2026-05-14,bm_eligible
DRL,Dynamic Regulation,upward,2026-05-14 14:00:00+00:00,2026-05-14T18:00:00+00:00,4.0,25.0,6.104522430156831,1.0,False,20.702915522899065,26.89,0.294862934807648,65.56184849689271,0.655618484968927,0.4781843929077178,standalone_parent:product_margin_quantity,466,True,15.28,480,True,11.954609822692944,730.6657523629927,2026-05-14,bm_eligible
NBR,Balancing Reserve,downward,2026-05-14 18:00:00+00:00,2026-05-14T18:30:00+00:00,0.5,1.0,0.0118067356723157,0.5,True,0.054260383796914,0.0,0.2175940317065589,0.0,0.0,0.2175940317065589,nonlooped_parent:product,3217,True,0.0,0,True,0.0,0.0,2026-05-14,bm_eligible
NQR,Quick Reserve,downward,2026-05-14 18:00:00+00:00,2026-05-14T18:30:00+00:00,0.5,22.0,0.096391248806131,1.0,False,1.0964240205359086,1.49,0.0879142074605562,0.0,0.0,0.3660242464560623,standalone_parent:product_margin_quantity,268,True,1.8,289,True,8.05253342203337,7.247280079830033,2026-05-14,bm_eligible
NQR,Quick Reserve,downward,2026-05-14 18:30:00+00:00,2026-05-14T19:00:00+00:00,0.5,25.0,0.085088055325284,1.0,False,0.9678532945139706,1.15,0.0879142074605562,0.0,0.0,0.3660242464560623,standalone_parent:product_margin_quantity,268,True,1.0,300,True,9.150606161401557,4.575303080700778,2026-05-14,bm_eligible
NQR,Quick Reserve,downward,2026-05-14 19:00:00+00:00,2026-05-14T19:30:00+00:00,0.5,25.0,0.046039915014952,1.0,False,0.5236914071665649,1.0,0.0879142074605562,0.0,0.0,0.3660242464560623,standalone_parent:product_margin_quantity,268,True,1.0,300,True,9.150606161401557,4.575303080700778,2026-05-14,bm_eligible
NQR,Quick Reserve,downward,2026-05-14 19:30:00+00:00,2026-05-14T20:00:00+00:00,0.5,25.0,0.0491891081574395,1.0,False,0.5595126155179054,1.0,0.0879142074605562,0.0,0.0,0.3660242464560623,standalone_parent:product_margin_quantity,268,True,1.0,300,True,9.150606161401557,4.575303080700778,2026-05-14,bm_eligible
NQR,Quick Reserve,downward,2026-05-14 20:00:00+00:00,2026-05-14T20:30:00+00:00,0.5,25.0,0.0759578195022094,1.0,False,0.8639993659305729,1.0,0.0879142074605562,0.0,0.0,0.3660242464560623,standalone_parent:product_margin_quantity,268,True,1.0,300,True,9.150606161401557,4.575303080700778,2026-05-14,bm_eligible
PBR,Balancing Reserve,upward,2026-05-14 20:30:00+00:00,2026-05-14T21:00:00+00:00,0.5,25.0,2.5889187103873663,0.5,True,5.021754954137507,2.79,0.5155406295271961,0.0,0.0,0.5988766951675288,standalone_parent:product_margin_quantity,2107,True,2.74,400,True,14.971917379188222,20.511526809487865,2026-05-14,bm_eligible
PBR,Balancing Reserve,upward,2026-05-14 21:00:00+00:00,2026-05-14T21:30:00+00:00,0.5,25.0,2.3216137871801323,0.5,True,4.503260566115403,2.79,0.5155406295271961,0.0,0.0,0.5988766951675288,standalone_parent:product_margin_quantity,2107,True,2.74,400,True,14.971917379188222,20.511526809487865,2026-05-14,bm_eligible
PSR,Slow Reserve,upward,2026-05-14 21:30:00+00:00,2026-05-14T22:00:00+00:00,0.5,25.0,2.2854687323897838,1.0,False,4.217813787355094,3.15,0.5418609847693051,0.0,0.0,0.55535754449506,standalone_parent:product_margin_quantity,40443,True,2.89,1800,True,13.8839386123765,20.062291294884044,2026-05-14,bm_eligible
PSR,Slow Reserve,upward,2026-05-14 22:00:00+00:00,2026-05-14T22:30:00+00:00,0.5,25.0,1.8425689080794148,1.0,False,3.4004457967459683,2.76,0.5418609847693051,0.0,0.0,0.55535754449506,standalone_parent:product_margin_quantity,40443,True,2.57,1800,True,13.8839386123765,17.840861116903802,2026-05-14,bm_eligible
PSR,Slow Reserve,upward,2026-05-14 22:30:00+00:00,2026-05-14T23:00:00+00:00,0.5,25.0,0.9929961489526296,1.0,False,1.832566242752084,2.17,0.5418609847693051,0.0,0.0,0.55535754449506,standalone_parent:product_margin_quantity,40443,True,2.14,1800,True,13.8839386123765,14.855814315242856,2026-05-14,bm_eligible
NQR,Quick Reserve,downward,2026-05-14 23:00:00+00:00,2026-05-14T23:30:00+00:00,0.5,23.0,0.0011374026601642,1.0,False,0.0129376433345489,0.0,0.0879142074605562,0.0,0.0,0.4126759714306841,standalone_parent:product_margin_quantity,707,True,0.0,311,True,9.491547342905733,0.0,2026-05-15,non_bm
PSR,Slow Reserve,upward,2026-05-14 23:00:00+00:00,2026-05-14T23:30:00+00:00,0.5,2.0,0.6240596665902464,1.0,False,1.151696992644593,2.17,0.5418609847693051,0.0,0.0,0.8447409446387741,standalone_parent:product_margin_quantity,1463,True,2.14,1800,True,1.6894818892775485,1.8077456215269767,2026-05-15,non_bm
PSR,Slow Reserve,upward,2026-05-14 23:30:00+00:00,2026-05-15T00:00:00+00:00,0.5,25.0,0.5818493440825168,1.0,False,1.0737981889030754,2.17,0.5418609847693051,0.0,0.0,0.55535754449506,standalone_parent:product_margin_quantity,40443,True,2.14,1800,True,13.8839386123765,14.855814315242856,2026-05-15,non_bm
PSR,Slow Reserve,upward,2026-05-15 00:00:00+00:00,2026-05-15T00:30:00+00:00,0.5,25.0,0.5022260430311034,1.0,False,0.9268540403308866,1.09,0.5418609847693051,0.0,0.0,0.651420115892579,standalone_parent:product_margin_quantity,11247,True,0.73,1798,True,16.285502897314473,5.944208557519782,2026-05-15,non_bm
PSR,Slow Reserve,upward,2026-05-15 00:30:00+00:00,2026-05-15T01:00:00+00:00,0.5,25.0,0.5578935386159304,1.0,False,1.0295879465347575,1.09,0.5418609847693051,0.0,0.0,0.651420115892579,standalone_parent:product_margin_quantity,11247,True,0.73,1798,True,16.285502897314473,5.944208557519782,2026-05-15,non_bm
PSR,Slow Reserve,upward,2026-05-15 01:00:00+00:00,2026-05-15T01:30:00+00:00,0.5,25.0,0.5404888970227141,1.0,False,0.997467823325248,1.09,0.5418609847693051,0.0,0.0,0.651420115892579,standalone_parent:product_margin_quantity,11247,True,0.73,1798,True,16.285502897314473,5.944208557519782,2026-05-15,non_bm
PSR,Slow Reserve,upward,2026-05-15 01:30:00+00:00,2026-05-15T02:00:00+00:00,0.5,25.0,0.5759784163604521,1.0,False,1.062963439978378,1.09,0.5418609847693051,0.0,0.0,0.651420115892579,standalone_parent:product_margin_quantity,11247,True,0.73,1798,True,16.285502897314473,5.944208557519782,2026-05-15,non_bm
DRL,Dynamic Regulation,upward,2026-05-15 02:00:00+00:00,2026-05-15T06:00:00+00:00,4.0,25.0,4.81896669794421,1.0,False,16.343073777949854,18.65,0.294862934807648,36.39466606365022,0.3639466606365022,0.4781843929077178,standalone_parent:product_margin_quantity,466,True,17.57,480,True,11.954609822692944,840.1699783388601,2026-05-15,non_bm
DRL,Dynamic Regulation,upward,2026-05-15 06:00:00+00:00,2026-05-15T10:00:00+00:00,4.0,10.0,4.631239319426067,1.0,False,15.70641397314731,17.6,0.294862934807648,45.83651713833751,1.1459129284584375,0.379093333467851,standalone_parent:product_margin_quantity,498,True,15.24,480,True,3.790933334678511,231.095296082002,2026-05-15,non_bm
NSR,Slow Reserve,downward,2026-05-15 06:00:00+00:00,2026-05-15T06:30:00+00:00,0.5,15.0,0.000293623124812,1.0,False,0.0836825905714366,0.0,0.0035087719298245,0.0,0.0,0.0035087719298245,standalone_parent:product,4560,True,0.0,0,True,0.0,0.0,2026-05-15,non_bm
NSR,Slow Reserve,downward,2026-05-15 06:30:00+00:00,2026-05-15T07:00:00+00:00,0.5,15.0,0.0003454768809507,1.0,False,0.0984609110709607,0.0,0.0035087719298245,0.0,0.0,0.0035087719298245,standalone_parent:product,4560,True,0.0,0,True,0.0,0.0,2026-05-15,non_bm
NSR,Slow Reserve,downward,2026-05-15 07:00:00+00:00,2026-05-15T07:30:00+00:00,0.5,15.0,0.0003961694953884,1.0,False,0.1129083061857193,0.0,0.0035087719298245,0.0,0.0,0.0035087719298245,standalone_parent:product,4560,True,0.0,0,True,0.0,0.0,2026-05-15,non_bm
NSR,Slow Reserve,downward,2026-05-15 07:30:00+00:00,2026-05-15T08:00:00+00:00,0.5,15.0,0.0004448336034376,1.0,False,0.1267775769797243,0.0,0.0035087719298245,0.0,0.0,0.0035087719298245,standalone_parent:product,4560,True,0.0,0,True,0.0,0.0,2026-05-15,non_bm
PQR,Quick Reserve,upward,2026-05-15 08:00:00+00:00,2026-05-15T08:30:00+00:00,0.5,15.0,1.200187368853631,1.0,False,5.191239312852556,5.13,0.2311947680551323,0.0,0.0,0.5989761163562776,standalone_parent:product_margin_quantity,1552,True,1.63,504,True,8.984641745344163,7.322483022455493,2026-05-15,non_bm
PQR,Quick Reserve,upward,2026-05-15 08:30:00+00:00,2026-05-15T09:00:00+00:00,0.5,15.0,1.1058036224764092,1.0,False,4.782995877366531,5.13,0.2311947680551323,0.0,0.0,0.5989761163562776,standalone_parent:product_margin_quantity,1552,True,1.09,507,True,8.984641745344163,4.896629751212569,2026-05-15,non_bm
PQR,Quick Reserve,upward,2026-05-15 09:00:00+00:00,2026-05-15T09:30:00+00:00,0.5,15.0,0.994920683742286,1.0,False,4.303387538186116,5.25,0.2311947680551323,0.0,0.0,0.5989761163562776,standalone_parent:product_margin_quantity,1552,True,1.85,500,True,8.984641745344163,8.310793614443352,2026-05-15,non_bm
PQR,Quick Reserve,upward,2026-05-15 09:30:00+00:00,2026-05-15T10:00:00+00:00,0.5,15.0,0.928397824742128,1.0,False,4.015652397984784,4.99,0.2311947680551323,0.0,0.0,0.411784385725345,standalone_parent:product_margin_quantity,1491,True,1.71,500,True,6.176765785880175,5.281134746927549,2026-05-15,non_bm
DRL,Dynamic Regulation,upward,2026-05-15 10:00:00+00:00,2026-05-15T14:00:00+00:00,4.0,25.0,4.094859281243373,1.0,False,13.887331359279283,14.07,0.294862934807648,0.0,0.0,0.4781843929077178,standalone_parent:product_margin_quantity,466,True,13.03,480,True,11.954609822692944,623.0742639587562,2026-05-15,non_bm
DRL,Dynamic Regulation,upward,2026-05-15 14:00:00+00:00,2026-05-15T18:00:00+00:00,4.0,25.0,4.898825282873397,1.0,False,16.613906681994855,15.28,0.294862934807648,38.18754385464081,0.3818754385464081,0.4781843929077178,standalone_parent:product_margin_quantity,466,True,18.26,480,True,11.954609822692944,873.1647014494928,2026-05-15,non_bm
NQR,Quick Reserve,downward,2026-05-15 18:00:00+00:00,2026-05-15T18:30:00+00:00,0.5,20.0,0.0653894746182057,1.0,False,0.7437873411705781,1.8,0.0879142074605562,0.0,0.0,0.3660242464560623,standalone_parent:product_margin_quantity,268,True,1.0,300,True,7.320484929121246,3.660242464560623,2026-05-15,non_bm
NQR,Quick Reserve,downward,2026-05-15 18:30:00+00:00,2026-05-15T19:00:00+00:00,0.5,25.0,0.0487477612883735,1.0,False,0.5544924159186075,1.0,0.0879142074605562,0.0,0.0,0.3660242464560623,standalone_parent:product_margin_quantity,268,True,1.16,300,True,9.150606161401557,5.307351573612903,2026-05-15,non_bm
NQR,Quick Reserve,downward,2026-05-15 19:00:00+00:00,2026-05-15T19:30:00+00:00,0.5,25.0,0.018370800119048,1.0,False,0.208962813289198,1.0,0.0879142074605562,3.637978807091713e-12,2.9103830456733704e-13,0.4719198038459597,standalone_parent:product_margin_quantity,203,True,0.67,300,True,11.797995096148991,3.952328357209913,2026-05-15,non_bm
NQR,Quick Reserve,downward,2026-05-15 19:30:00+00:00,2026-05-15T20:00:00+00:00,0.5,25.0,0.0144745436597228,1.0,False,0.1646439645857815,1.0,0.0879142074605562,3.637978807091713e-12,2.9103830456733704e-13,0.4719198038459597,standalone_parent:product_margin_quantity,203,True,0.5,300,True,11.797995096148991,2.949498774037248,2026-05-15,non_bm
NQR,Quick Reserve,downward,2026-05-15 20:00:00+00:00,2026-05-15T20:30:00+00:00,0.5,25.0,0.0470629351941482,1.0,False,0.5353279811487073,1.0,0.0879142074605562,3.637978807091713e-12,2.9103830456733704e-13,0.4719198038459597,standalone_parent:product_margin_quantity,203,True,1.0,300,True,11.797995096148991,5.8989975480744965,2026-05-15,non_bm
NQR,Quick Reserve,downward,2026-05-15 20:30:00+00:00,2026-05-15T21:00:00+00:00,0.5,12.0,0.0370507722804043,1.0,False,0.4214423737713563,1.0,0.0879142074605562,0.0,0.0,0.3660242464560623,standalone_parent:product_margin_quantity,268,True,1.0,300,True,4.392290957472747,2.1961454787363737,2026-05-15,non_bm
PQR,Quick Reserve,upward,2026-05-15 20:30:00+00:00,2026-05-15T21:00:00+00:00,0.5,13.0,1.949598082136498,1.0,False,8.432708484439333,9.0,0.2311947680551323,0.0,0.0,0.5989761163562776,standalone_parent:product_margin_quantity,1552,True,9.18,487,True,7.786689512631608,35.74090486297908,2026-05-15,non_bm
PSR,Slow Reserve,upward,2026-05-15 21:00:00+00:00,2026-05-15T21:30:00+00:00,0.5,25.0,1.8191407813315776,1.0,False,3.357209381122113,2.89,0.5418609847693051,0.0,0.0,0.55535754449506,standalone_parent:product_margin_quantity,40443,True,4.48,1800,True,13.8839386123765,31.100022491723365,2026-05-15,non_bm
PQR,Quick Reserve,upward,2026-05-15 21:30:00+00:00,2026-05-15T22:00:00+00:00,0.5,25.0,1.8915901658123648,1.0,False,8.181803514521068,10.47,0.2311947680551323,0.0,0.0,0.5860966956151924,standalone_parent:product_margin_quantity,816,True,8.44,475,True,14.65241739037981,61.8332013874028,2026-05-15,non_bm
PSR,Slow Reserve,upward,2026-05-15 22:00:00+00:00,2026-05-15T22:30:00+00:00,0.5,25.0,1.5656628740085408,1.0,False,2.889417983609052,2.57,0.5418609847693051,0.0,0.0,0.55535754449506,standalone_parent:product_margin_quantity,40443,True,1.87,1801,True,13.8839386123765,12.98148260257203,2026-05-15,non_bm
PSR,Slow Reserve,upward,2026-05-15 22:30:00+00:00,2026-05-15T23:00:00+00:00,0.5,25.0,0.6544847840070025,1.0,False,1.207846297119263,2.14,0.5418609847693051,1.8189894035458565e-12,1.4551915228366852e-13,0.55535754449506,standalone_parent:product_margin_quantity,40443,True,1.37,1801,True,13.8839386123765,9.510497949477903,2026-05-15,non_bm
PSR,Slow Reserve,upward,2026-05-14 23:00:00+00:00,2026-05-14T23:30:00+00:00,0.5,25.0,0.6240596665902464,1.0,False,1.151696992644593,2.17,0.5418609847693051,0.0,0.0,0.55535754449506,standalone_parent:product_margin_quantity,40443,True,2.14,1800,True,13.8839386123765,14.855814315242856,2026-05-15,bm_eligible
PSR,Slow Reserve,upward,2026-05-14 23:30:00+00:00,2026-05-15T00:00:00+00:00,0.5,25.0,0.5818493440825168,1.0,False,1.0737981889030754,2.17,0.5418609847693051,0.0,0.0,0.55535754449506,standalone_parent:product_margin_quantity,40443,True,2.14,1800,True,13.8839386123765,14.855814315242856,2026-05-15,bm_eligible
PSR,Slow Reserve,upward,2026-05-15 00:00:00+00:00,2026-05-15T00:30:00+00:00,0.5,25.0,0.5022260430311034,1.0,False,0.9268540403308866,1.09,0.5418609847693051,0.0,0.0,0.651420115892579,standalone_parent:product_margin_quantity,11247,True,0.73,1798,True,16.285502897314473,5.944208557519782,2026-05-15,bm_eligible
PSR,Slow Reserve,upward,2026-05-15 00:30:00+00:00,2026-05-15T01:00:00+00:00,0.5,25.0,0.5578935386159304,1.0,False,1.0295879465347575,1.09,0.5418609847693051,0.0,0.0,0.651420115892579,standalone_parent:product_margin_quantity,11247,True,0.73,1798,True,16.285502897314473,5.944208557519782,2026-05-15,bm_eligible
PSR,Slow Reserve,upward,2026-05-15 01:00:00+00:00,2026-05-15T01:30:00+00:00,0.5,25.0,0.5404888970227141,1.0,False,0.997467823325248,1.09,0.5418609847693051,0.0,0.0,0.651420115892579,standalone_parent:product_margin_quantity,11247,True,0.73,1798,True,16.285502897314473,5.944208557519782,2026-05-15,bm_eligible
PSR,Slow Reserve,upward,2026-05-15 01:30:00+00:00,2026-05-15T02:00:00+00:00,0.5,25.0,0.5759784163604521,1.0,False,1.062963439978378,1.09,0.5418609847693051,0.0,0.0,0.651420115892579,standalone_parent:product_margin_quantity,11247,True,0.73,1798,True,16.285502897314473,5.944208557519782,2026-05-15,bm_eligible
DRL,Dynamic Regulation,upward,2026-05-15 02:00:00+00:00,2026-05-15T06:00:00+00:00,4.0,25.0,4.81896669794421,1.0,False,16.343073777949854,18.65,0.294862934807648,36.39466606365022,0.3639466606365022,0.4781843929077178,standalone_parent:product_margin_quantity,466,True,17.57,480,True,11.954609822692944,840.1699783388601,2026-05-15,bm_eligible
DRL,Dynamic Regulation,upward,2026-05-15 06:00:00+00:00,2026-05-15T10:00:00+00:00,4.0,4.0,4.631239319426067,1.0,False,15.70641397314731,17.6,0.294862934807648,9.813443722832744,0.6133402326770465,0.4738983688433393,standalone_parent:product_margin,1454,True,15.24,480,True,1.8955934753733572,115.55537825875987,2026-05-15,bm_eligible
NBR,Balancing Reserve,downward,2026-05-15 06:00:00+00:00,2026-05-15T06:30:00+00:00,0.5,21.0,0.025309908852555,0.5,True,0.1163171096838139,0.0,0.2175940317065589,0.0,0.0,0.2175940317065589,nonlooped_parent:product,3217,True,0.0,4,True,0.8703761268262357,0.0,2026-05-15,bm_eligible
NBR,Balancing Reserve,downward,2026-05-15 06:30:00+00:00,2026-05-15T07:00:00+00:00,0.5,21.0,0.0125629196569502,0.5,True,0.057735589337727,0.0,0.2175940317065589,0.0,0.0,0.2175940317065589,nonlooped_parent:product,3217,True,0.0,4,True,0.8703761268262357,0.0,2026-05-15,bm_eligible
NBR,Balancing Reserve,downward,2026-05-15 07:00:00+00:00,2026-05-15T07:30:00+00:00,0.5,21.0,0.0131722163979119,0.5,True,0.060535743074404,0.0,0.2175940317065589,0.0,0.0,0.2175940317065589,nonlooped_parent:product,3217,True,0.0,4,True,0.8703761268262357,0.0,2026-05-15,bm_eligible
NBR,Balancing Reserve,downward,2026-05-15 07:30:00+00:00,2026-05-15T08:00:00+00:00,0.5,19.0,0.0127750165093106,0.5,True,0.0587103258720748,0.0,0.2175940317065589,0.0,0.0,0.2175940317065589,nonlooped_parent:product,3217,True,0.0,4,True,0.8703761268262357,0.0,2026-05-15,bm_eligible
PBR,Balancing Reserve,upward,2026-05-15 07:30:00+00:00,2026-05-15T08:00:00+00:00,0.5,1.0,2.9706544400054904,0.5,True,5.762212073818287,8.76,0.5155406295271961,0.0,0.0,0.7835216873981026,standalone_parent:product_margin_quantity,182,True,2.56,598,True,0.7835216873981026,1.0029077598695713,2026-05-15,bm_eligible
PBR,Balancing Reserve,upward,2026-05-15 08:00:00+00:00,2026-05-15T08:30:00+00:00,0.5,21.0,2.294958870078992,0.5,True,4.45155772142286,5.58,0.5155406295271961,0.0,0.0,0.5678368013834959,standalone_parent:product_margin_quantity,728,True,2.4,594,True,11.924572829053414,14.309487394864096,2026-05-15,bm_eligible
PBR,Balancing Reserve,upward,2026-05-15 08:30:00+00:00,2026-05-15T09:00:00+00:00,0.5,21.0,2.166869661358393,0.5,True,4.203101632058828,1.01,0.5155406295271961,0.0,0.0,0.6883840047139721,standalone_parent:product_margin_quantity,1536,True,4.21,592,True,14.456064098993414,30.430014928381137,2026-05-15,bm_eligible
PBR,Balancing Reserve,upward,2026-05-15 09:00:00+00:00,2026-05-15T09:30:00+00:00,0.5,21.0,1.832012186128395,0.5,True,3.553574793529927,4.46,0.5155406295271961,0.0,0.0,0.5988766951675288,standalone_parent:product_margin_quantity,2107,True,2.4,594,True,12.576410598518104,15.091692718221726,2026-05-15,bm_eligible
PBR,Balancing Reserve,upward,2026-05-15 09:30:00+00:00,2026-05-15T10:00:00+00:00,0.5,21.0,1.7618768241381189,0.5,True,3.417532437266761,4.46,0.5155406295271961,0.0,0.0,0.5988766951675288,standalone_parent:product_margin_quantity,2107,True,2.4,594,True,12.576410598518104,15.091692718221726,2026-05-15,bm_eligible
DRL,Dynamic Regulation,upward,2026-05-15 10:00:00+00:00,2026-05-15T14:00:00+00:00,4.0,25.0,4.094859281243373,1.0,False,13.887331359279283,14.07,0.294862934807648,0.0,0.0,0.4781843929077178,standalone_parent:product_margin_quantity,466,True,13.03,480,True,11.954609822692944,623.0742639587562,2026-05-15,bm_eligible
DRL,Dynamic Regulation,upward,2026-05-15 14:00:00+00:00,2026-05-15T18:00:00+00:00,4.0,25.0,4.898825282873397,1.0,False,16.613906681994855,15.28,0.294862934807648,38.18754385464081,0.3818754385464081,0.4781843929077178,standalone_parent:product_margin_quantity,466,True,18.26,480,True,11.954609822692944,873.1647014494928,2026-05-15,bm_eligible
NQR,Quick Reserve,downward,2026-05-15 18:00:00+00:00,2026-05-15T18:30:00+00:00,0.5,20.0,0.0653894746182057,1.0,False,0.7437873411705781,1.8,0.0879142074605562,0.0,0.0,0.3660242464560623,standalone_parent:product_margin_quantity,268,True,1.0,300,True,7.320484929121246,3.660242464560623,2026-05-15,bm_eligible
NQR,Quick Reserve,downward,2026-05-15 18:30:00+00:00,2026-05-15T19:00:00+00:00,0.5,25.0,0.0487477612883735,1.0,False,0.5544924159186075,1.0,0.0879142074605562,0.0,0.0,0.3660242464560623,standalone_parent:product_margin_quantity,268,True,1.16,300,True,9.150606161401557,5.307351573612903,2026-05-15,bm_eligible
NQR,Quick Reserve,downward,2026-05-15 19:00:00+00:00,2026-05-15T19:30:00+00:00,0.5,25.0,0.018370800119048,1.0,False,0.208962813289198,1.0,0.0879142074605562,3.637978807091713e-12,2.9103830456733704e-13,0.4719198038459597,standalone_parent:product_margin_quantity,203,True,0.67,300,True,11.797995096148991,3.952328357209913,2026-05-15,bm_eligible
NQR,Quick Reserve,downward,2026-05-15 19:30:00+00:00,2026-05-15T20:00:00+00:00,0.5,25.0,0.0144745436597228,1.0,False,0.1646439645857815,1.0,0.0879142074605562,3.637978807091713e-12,2.9103830456733704e-13,0.4719198038459597,standalone_parent:product_margin_quantity,203,True,0.5,300,True,11.797995096148991,2.949498774037248,2026-05-15,bm_eligible
NQR,Quick Reserve,downward,2026-05-15 20:00:00+00:00,2026-05-15T20:30:00+00:00,0.5,25.0,0.0470629351941482,1.0,False,0.5353279811487073,1.0,0.0879142074605562,3.637978807091713e-12,2.9103830456733704e-13,0.4719198038459597,standalone_parent:product_margin_quantity,203,True,1.0,300,True,11.797995096148991,5.8989975480744965,2026-05-15,bm_eligible
NQR,Quick Reserve,downward,2026-05-15 20:30:00+00:00,2026-05-15T21:00:00+00:00,0.5,12.0,0.0370507722804043,1.0,False,0.4214423737713563,1.0,0.0879142074605562,0.0,0.0,0.3660242464560623,standalone_parent:product_margin_quantity,268,True,1.0,300,True,4.392290957472747,2.1961454787363737,2026-05-15,bm_eligible
PBR,Balancing Reserve,upward,2026-05-15 20:30:00+00:00,2026-05-15T21:00:00+00:00,0.5,13.0,2.116204240751128,0.5,True,4.104825341684331,2.74,0.5155406295271961,0.0,0.0,0.5988766951675288,standalone_parent:product_margin_quantity,2107,True,3.7,400,True,7.785397037177875,14.40298451877907,2026-05-15,bm_eligible
PSR,Slow Reserve,upward,2026-05-15 21:00:00+00:00,2026-05-15T21:30:00+00:00,0.5,25.0,1.8191407813315776,1.0,False,3.357209381122113,2.89,0.5418609847693051,0.0,0.0,0.55535754449506,standalone_parent:product_margin_quantity,40443,True,4.48,1800,True,13.8839386123765,31.100022491723365,2026-05-15,bm_eligible
PQR,Quick Reserve,upward,2026-05-15 21:30:00+00:00,2026-05-15T22:00:00+00:00,0.5,25.0,1.8915901658123648,1.0,False,8.181803514521068,10.47,0.2311947680551323,0.0,0.0,0.5860966956151924,standalone_parent:product_margin_quantity,816,True,8.44,475,True,14.65241739037981,61.8332013874028,2026-05-15,bm_eligible
PSR,Slow Reserve,upward,2026-05-15 22:00:00+00:00,2026-05-15T22:30:00+00:00,0.5,25.0,1.5656628740085408,1.0,False,2.889417983609052,2.57,0.5418609847693051,0.0,0.0,0.55535754449506,standalone_parent:product_margin_quantity,40443,True,1.87,1801,True,13.8839386123765,12.98148260257203,2026-05-15,bm_eligible
PSR,Slow Reserve,upward,2026-05-15 22:30:00+00:00,2026-05-15T23:00:00+00:00,0.5,25.0,0.6544847840070025,1.0,False,1.207846297119263,2.14,0.5418609847693051,1.8189894035458565e-12,1.4551915228366852e-13,0.55535754449506,standalone_parent:product_margin_quantity,40443,True,1.37,1801,True,13.8839386123765,9.510497949477903,2026-05-15,bm_eligible
PSR,Slow Reserve,upward,2026-05-15 23:30:00+00:00,2026-05-16T00:00:00+00:00,0.5,25.0,0.3382944132612251,1.0,False,0.6243195630799151,2.14,0.5418609847693051,0.0,0.0,0.55535754449506,standalone_parent:product_margin_quantity,40443,True,1.97,1802,True,13.8839386123765,13.675679533190852,2026-05-16,non_bm
PSR,Slow Reserve,upward,2026-05-16 00:00:00+00:00,2026-05-16T00:30:00+00:00,0.5,25.0,0.301757976556158,1.0,False,0.5568918690180842,0.73,0.5418609847693051,0.0,0.0,0.6641209477482147,standalone_parent:product_margin_quantity,5151,True,13.17,1800,True,16.603023693705367,109.33091102304984,2026-05-16,non_bm
PSR,Slow Reserve,upward,2026-05-16 00:30:00+00:00,2026-05-16T01:00:00+00:00,0.5,25.0,0.3586837838354992,1.0,False,0.6619479791264308,0.73,0.5418609847693051,0.0,0.0,0.6641209477482147,standalone_parent:product_margin_quantity,5151,True,1.33,1812,True,16.603023693705367,11.04101075631407,2026-05-16,non_bm
PSR,Slow Reserve,upward,2026-05-16 01:00:00+00:00,2026-05-16T01:30:00+00:00,0.5,25.0,0.3267568145390839,1.0,False,0.6030270193344871,0.73,0.5418609847693051,0.0,0.0,0.6641209477482147,standalone_parent:product_margin_quantity,5151,True,1.38,1811,True,16.603023693705367,11.456086348656704,2026-05-16,non_bm
PSR,Slow Reserve,upward,2026-05-16 01:30:00+00:00,2026-05-16T02:00:00+00:00,0.5,25.0,0.3617273087348632,1.0,False,0.6675647793480961,0.73,0.5418609847693051,0.0,0.0,0.6641209477482147,standalone_parent:product_margin_quantity,5151,True,1.38,1811,True,16.603023693705367,11.456086348656704,2026-05-16,non_bm
DRL,Dynamic Regulation,upward,2026-05-16 02:00:00+00:00,2026-05-16T06:00:00+00:00,4.0,25.0,4.573496931025667,1.0,False,15.510586076236264,17.57,0.294862934807648,25.89498587873959,0.2589498587873959,0.4781843929077178,standalone_parent:product_margin_quantity,466,True,17.15,479,True,11.954609822692944,820.0862338367359,2026-05-16,non_bm
DRL,Dynamic Regulation,upward,2026-05-16 06:00:00+00:00,2026-05-16T10:00:00+00:00,4.0,13.0,4.277869928799121,1.0,False,14.507994813216392,15.24,0.294862934807648,47.987092044164,0.922828693157,0.4781843929077178,standalone_parent:product_margin_quantity,466,True,14.87,480,True,6.216397107800331,369.7512999719637,2026-05-16,non_bm
NSR,Slow Reserve,downward,2026-05-16 06:00:00+00:00,2026-05-16T06:30:00+00:00,0.5,12.0,0.0003855903820027,1.0,False,0.1098932588707931,0.0,0.0035087719298245,0.0,0.0,0.0035087719298245,standalone_parent:product,4560,True,0.0,0,True,0.0,0.0,2026-05-16,non_bm
NSR,Slow Reserve,downward,2026-05-16 06:30:00+00:00,2026-05-16T07:00:00+00:00,0.5,12.0,0.0004363089006411,1.0,False,0.124348036682733,0.0,0.0035087719298245,0.0,0.0,0.0035087719298245,standalone_parent:product,4560,True,0.0,0,True,0.0,0.0,2026-05-16,non_bm
NSR,Slow Reserve,downward,2026-05-16 07:00:00+00:00,2026-05-16T07:30:00+00:00,0.5,12.0,0.0004858917282745,1.0,False,0.1384791425582441,0.0,0.0035087719298245,0.0,0.0,0.0035087719298245,standalone_parent:product,4560,True,0.0,0,True,0.0,0.0,2026-05-16,non_bm
NSR,Slow Reserve,downward,2026-05-16 07:30:00+00:00,2026-05-16T08:00:00+00:00,0.5,12.0,0.0005334904889751,1.0,False,0.1520447893579136,0.0,0.0035087719298245,0.0,0.0,0.0035087719298245,standalone_parent:product,4560,True,0.0,0,True,0.0,0.0,2026-05-16,non_bm
PQR,Quick Reserve,upward,2026-05-16 08:00:00+00:00,2026-05-16T08:30:00+00:00,0.5,12.0,0.9707503641650111,1.0,False,4.198842267630898,1.63,0.2311947680551323,0.0,0.0,0.443938059081164,standalone_parent:product_margin_quantity,600,True,1.25,500,True,5.327256708973969,3.3295354431087305,2026-05-16,non_bm
PQR,Quick Reserve,upward,2026-05-16 08:30:00+00:00,2026-05-16T09:00:00+00:00,0.5,12.0,0.7990201369380966,1.0,False,3.45604765912158,1.09,0.2311947680551323,0.0,0.0,0.443938059081164,standalone_parent:product_margin_quantity,600,True,1.25,500,True,5.327256708973969,3.3295354431087305,2026-05-16,non_bm
PQR,Quick Reserve,upward,2026-05-16 09:00:00+00:00,2026-05-16T09:30:00+00:00,0.5,12.0,0.7749690891715308,1.0,False,3.3520182817749853,1.85,0.2311947680551323,0.0,0.0,0.443938059081164,standalone_parent:product_margin_quantity,600,True,5.0,500,True,5.327256708973969,13.318141772434922,2026-05-16,non_bm
PQR,Quick Reserve,upward,2026-05-16 09:30:00+00:00,2026-05-16T10:00:00+00:00,0.5,12.0,0.7074629973874094,1.0,False,3.0600303083792224,1.71,0.2311947680551323,0.0,0.0,0.443938059081164,standalone_parent:product_margin_quantity,600,True,1.25,500,True,5.327256708973969,3.3295354431087305,2026-05-16,non_bm
DRL,Dynamic Regulation,upward,2026-05-16 10:00:00+00:00,2026-05-16T14:00:00+00:00,4.0,25.0,3.808623894910722,1.0,False,12.916590881099564,13.03,0.294862934807648,0.0,0.0,0.4781843929077178,standalone_parent:product_margin_quantity,466,True,15.73,480,True,11.954609822692944,752.1840500438401,2026-05-16,non_bm
DRL,Dynamic Regulation,upward,2026-05-16 14:00:00+00:00,2026-05-16T18:00:00+00:00,4.0,25.0,4.923983403532298,1.0,False,16.699228089635707,18.26,0.294862934807648,35.874496684655696,0.358744966846557,0.4781843929077178,standalone_parent:product_margin_quantity,466,True,19.65,479,True,11.954609822692944,939.6323320636652,2026-05-16,non_bm
NQR,Quick Reserve,downward,2026-05-16 18:00:00+00:00,2026-05-16T18:30:00+00:00,0.5,16.0,0.0475973571059246,1.0,False,0.5414068838336479,1.0,0.0879142074605562,0.0,0.0,0.3660242464560623,standalone_parent:product_margin_quantity,268,True,0.0,335,True,5.856387943296997,0.0,2026-05-16,non_bm
NQR,Quick Reserve,downward,2026-05-16 18:30:00+00:00,2026-05-16T19:00:00+00:00,0.5,25.0,0.0278059509860371,1.0,False,0.3162850668762795,1.16,0.0879142074605562,0.0,0.0,0.3660242464560623,standalone_parent:product_margin_quantity,268,True,0.0,313,True,9.150606161401557,0.0,2026-05-16,non_bm
NSR,Slow Reserve,downward,2026-05-16 19:00:00+00:00,2026-05-16T19:30:00+00:00,0.5,25.0,0.0002539764993729,1.0,False,0.0723833023212949,0.0,0.0035087719298245,0.0,0.0,0.0035087719298245,standalone_parent:product,4560,True,0.0,0,True,0.0,0.0,2026-05-16,non_bm
NSR,Slow Reserve,downward,2026-05-16 19:30:00+00:00,2026-05-16T20:00:00+00:00,0.5,25.0,0.0002063777386723,1.0,False,0.0588176555216254,0.0,0.0035087719298245,0.0,0.0,0.0035087719298245,standalone_parent:product,4560,True,0.0,0,True,0.0,0.0,2026-05-16,non_bm
NQR,Quick Reserve,downward,2026-05-16 20:00:00+00:00,2026-05-16T20:30:00+00:00,0.5,25.0,0.0256980005910672,1.0,False,0.2923077092243245,1.0,0.0879142074605562,0.0,0.0,0.3660242464560623,standalone_parent:product_margin_quantity,268,True,0.0,300,True,9.150606161401557,0.0,2026-05-16,non_bm
NQR,Quick Reserve,downward,2026-05-16 20:30:00+00:00,2026-05-16T21:00:00+00:00,0.5,19.0,0.0156906526951569,1.0,False,0.1784768713543452,1.0,0.0879142074605562,3.637978807091713e-12,3.829451375886013e-13,0.4719198038459597,standalone_parent:product_margin_quantity,203,True,0.5,300,True,8.966476273073235,2.241619068268309,2026-05-16,non_bm
PQR,Quick Reserve,upward,2026-05-16 20:30:00+00:00,2026-05-16T21:00:00+00:00,0.5,6.0,1.8468104580007216,1.0,False,7.988115274132494,9.18,0.2311947680551323,0.0,0.0,0.5982587456504846,standalone_parent:product_margin_quantity,892,True,9.0,500,True,3.589552473902908,16.152986132563086,2026-05-16,non_bm
PSR,Slow Reserve,upward,2026-05-16 21:00:00+00:00,2026-05-16T21:30:00+00:00,0.5,25.0,1.646308546782356,1.0,False,3.0382489108036896,4.48,0.5418609847693051,0.0,0.0,0.55535754449506,standalone_parent:product_margin_quantity,40443,True,3.44,1800,True,13.8839386123765,23.88037441328758,2026-05-16,non_bm
PQR,Quick Reserve,upward,2026-05-16 21:30:00+00:00,2026-05-16T22:00:00+00:00,0.5,25.0,1.6904255590421715,1.0,False,7.311694694747854,8.44,0.2311947680551323,0.0,0.0,0.5989761163562776,standalone_parent:product_margin_quantity,1552,True,12.76,500,True,14.97440290890694,95.53669055882628,2026-05-16,non_bm
PSR,Slow Reserve,upward,2026-05-16 22:00:00+00:00,2026-05-16T22:30:00+00:00,0.5,25.0,1.3031057000012918,1.0,False,2.404870873949493,1.87,0.5418609847693051,0.0,0.0,0.651420115892579,standalone_parent:product_margin_quantity,11247,True,2.46,1800,True,16.285502897314473,20.0311685636968,2026-05-16,non_bm
PSR,Slow Reserve,upward,2026-05-16 22:30:00+00:00,2026-05-16T23:00:00+00:00,0.5,25.0,0.3940352189964287,1.0,False,0.7271887625646041,1.37,0.5418609847693051,0.0,0.0,0.651420115892579,standalone_parent:product_margin_quantity,11247,True,1.93,1801,True,16.285502897314473,15.715510295908466,2026-05-16,non_bm
NBR,Balancing Reserve,downward,2026-05-15 23:00:00+00:00,2026-05-15T23:30:00+00:00,0.5,1.0,0.0127603880126613,0.5,True,0.0586430974810452,0.0,0.2175940317065589,0.0,0.0,0.2175940317065589,nonlooped_parent:product,3217,True,0.0,0,True,0.0,0.0,2026-05-16,bm_eligible
PSR,Slow Reserve,upward,2026-05-15 23:00:00+00:00,2026-05-15T23:30:00+00:00,0.5,23.0,0.3795160555322538,1.0,False,0.7003937655593179,2.14,0.5418609847693051,0.0,0.0,0.55535754449506,standalone_parent:product_margin_quantity,40443,True,1.97,1802,True,12.77322352338638,12.581625170535585,2026-05-16,bm_eligible
PSR,Slow Reserve,upward,2026-05-15 23:30:00+00:00,2026-05-16T00:00:00+00:00,0.5,25.0,0.3382944132612251,1.0,False,0.6243195630799151,2.14,0.5418609847693051,0.0,0.0,0.55535754449506,standalone_parent:product_margin_quantity,40443,True,1.97,1802,True,13.8839386123765,13.675679533190852,2026-05-16,bm_eligible
PSR,Slow Reserve,upward,2026-05-16 00:00:00+00:00,2026-05-16T00:30:00+00:00,0.5,25.0,0.301757976556158,1.0,False,0.5568918690180842,0.73,0.5418609847693051,0.0,0.0,0.6641209477482147,standalone_parent:product_margin_quantity,5151,True,13.17,1800,True,16.603023693705367,109.33091102304984,2026-05-16,bm_eligible
PSR,Slow Reserve,upward,2026-05-16 00:30:00+00:00,2026-05-16T01:00:00+00:00,0.5,25.0,0.3586837838354992,1.0,False,0.6619479791264308,0.73,0.5418609847693051,0.0,0.0,0.6641209477482147,standalone_parent:product_margin_quantity,5151,True,1.33,1812,True,16.603023693705367,11.04101075631407,2026-05-16,bm_eligible
PSR,Slow Reserve,upward,2026-05-16 01:00:00+00:00,2026-05-16T01:30:00+00:00,0.5,25.0,0.3267568145390839,1.0,False,0.6030270193344871,0.73,0.5418609847693051,0.0,0.0,0.6641209477482147,standalone_parent:product_margin_quantity,5151,True,1.38,1811,True,16.603023693705367,11.456086348656704,2026-05-16,bm_eligible
PSR,Slow Reserve,upward,2026-05-16 01:30:00+00:00,2026-05-16T02:00:00+00:00,0.5,25.0,0.3617273087348632,1.0,False,0.6675647793480961,0.73,0.5418609847693051,0.0,0.0,0.6641209477482147,standalone_parent:product_margin_quantity,5151,True,1.38,1811,True,16.603023693705367,11.456086348656704,2026-05-16,bm_eligible
DRL,Dynamic Regulation,upward,2026-05-16 02:00:00+00:00,2026-05-16T06:00:00+00:00,4.0,25.0,4.573496931025667,1.0,False,15.510586076236264,17.57,0.294862934807648,25.89498587873959,0.2589498587873959,0.4781843929077178,standalone_parent:product_margin_quantity,466,True,17.15,479,True,11.954609822692944,820.0862338367359,2026-05-16,bm_eligible
DRL,Dynamic Regulation,upward,2026-05-16 06:00:00+00:00,2026-05-16T10:00:00+00:00,4.0,7.0,4.277869928799121,1.0,False,14.507994813216392,15.24,0.294862934807648,14.925361934026569,0.5330486405009489,0.379093333467851,standalone_parent:product_margin_quantity,498,True,14.87,480,True,2.6536533342749573,157.83930032267446,2026-05-16,bm_eligible
NBR,Balancing Reserve,downward,2026-05-16 06:00:00+00:00,2026-05-16T06:30:00+00:00,0.5,18.0,0.0270521303612993,0.5,True,0.1243238619604288,0.0,0.2175940317065589,0.0,0.0,0.2175940317065589,nonlooped_parent:product,3217,True,0.0,4,True,0.8703761268262357,0.0,2026-05-16,bm_eligible
NBR,Balancing Reserve,downward,2026-05-16 06:30:00+00:00,2026-05-16T07:00:00+00:00,0.5,18.0,0.029601601314386,0.5,True,0.1360405020405426,0.0,0.2175940317065589,0.0,0.0,0.2175940317065589,nonlooped_parent:product,3217,True,0.0,4,True,0.8703761268262357,0.0,2026-05-16,bm_eligible
NBR,Balancing Reserve,downward,2026-05-16 07:00:00+00:00,2026-05-16T07:30:00+00:00,0.5,18.0,0.0302078582389009,0.5,True,0.138826685649349,0.0,0.2175940317065589,0.0,0.0,0.2175940317065589,nonlooped_parent:product,3217,True,0.0,4,True,0.8703761268262357,0.0,2026-05-16,bm_eligible
NBR,Balancing Reserve,downward,2026-05-16 07:30:00+00:00,2026-05-16T08:00:00+00:00,0.5,18.0,0.0307918493581489,0.5,True,0.1415105419788074,0.0,0.2175940317065589,0.0,0.0,0.2175940317065589,nonlooped_parent:product,3217,True,0.0,4,True,0.8703761268262357,0.0,2026-05-16,bm_eligible
PBR,Balancing Reserve,upward,2026-05-16 08:00:00+00:00,2026-05-16T08:30:00+00:00,0.5,18.0,1.823655285672996,0.5,True,3.537364819035651,2.4,0.5155406295271961,0.0,0.0,0.5988766951675288,standalone_parent:product_margin_quantity,2107,True,3.7,600,True,10.77978051301552,19.94259394907871,2026-05-16,bm_eligible
PBR,Balancing Reserve,upward,2026-05-16 08:30:00+00:00,2026-05-16T09:00:00+00:00,0.5,18.0,2.451426998021676,0.5,True,4.755060721925809,4.21,0.5155406295271961,0.0,0.0,0.5988766951675288,standalone_parent:product_margin_quantity,2107,True,3.23,600,True,10.77978051301552,17.409345528520063,2026-05-16,bm_eligible
PBR,Balancing Reserve,upward,2026-05-16 09:00:00+00:00,2026-05-16T09:30:00+00:00,0.5,18.0,1.4601379898285312,0.5,True,2.832246201754512,2.4,0.5155406295271961,0.0,0.0,0.5988766951675288,standalone_parent:product_margin_quantity,2107,True,2.83,600,True,10.77978051301552,15.25338942591696,2026-05-16,bm_eligible
PBR,Balancing Reserve,upward,2026-05-16 09:30:00+00:00,2026-05-16T10:00:00+00:00,0.5,18.0,1.3869895369222642,0.5,True,2.6903593189042665,2.4,0.5155406295271961,0.0,0.0,0.5988766951675288,standalone_parent:product_margin_quantity,2107,True,4.47,599,True,10.77978051301552,24.092809446589683,2026-05-16,bm_eligible
DRL,Dynamic Regulation,upward,2026-05-16 10:00:00+00:00,2026-05-16T14:00:00+00:00,4.0,25.0,3.808623894910722,1.0,False,12.916590881099564,13.03,0.294862934807648,0.0,0.0,0.4781843929077178,standalone_parent:product_margin_quantity,466,True,15.73,480,True,11.954609822692944,752.1840500438401,2026-05-16,bm_eligible
DRL,Dynamic Regulation,upward,2026-05-16 14:00:00+00:00,2026-05-16T18:00:00+00:00,4.0,25.0,4.923983403532298,1.0,False,16.699228089635707,18.26,0.294862934807648,35.874496684655696,0.358744966846557,0.4781843929077178,standalone_parent:product_margin_quantity,466,True,19.65,479,True,11.954609822692944,939.6323320636652,2026-05-16,bm_eligible
NBR,Balancing Reserve,downward,2026-05-16 18:00:00+00:00,2026-05-16T18:30:00+00:00,0.5,1.0,0.0172827140295348,0.5,True,0.0794264157614482,0.0,0.2175940317065589,0.0,0.0,0.2175940317065589,nonlooped_parent:product,3217,True,0.0,0,True,0.0,0.0,2026-05-16,bm_eligible
NQR,Quick Reserve,downward,2026-05-16 18:00:00+00:00,2026-05-16T18:30:00+00:00,0.5,16.0,0.0475973571059246,1.0,False,0.5414068838336479,1.0,0.0879142074605562,0.0,0.0,0.3660242464560623,standalone_parent:product_margin_quantity,268,True,0.0,335,True,5.856387943296997,0.0,2026-05-16,bm_eligible
NQR,Quick Reserve,downward,2026-05-16 18:30:00+00:00,2026-05-16T19:00:00+00:00,0.5,25.0,0.0278059509860371,1.0,False,0.3162850668762795,1.16,0.0879142074605562,0.0,0.0,0.3660242464560623,standalone_parent:product_margin_quantity,268,True,0.0,313,True,9.150606161401557,0.0,2026-05-16,bm_eligible
NBR,Balancing Reserve,downward,2026-05-16 19:00:00+00:00,2026-05-16T19:30:00+00:00,0.5,25.0,0.0160583075993027,0.5,True,0.0737993936385101,0.0,0.2175940317065589,0.0,0.0,0.2175940317065589,nonlooped_parent:product,3217,True,0.0,0,True,0.0,0.0,2026-05-16,bm_eligible
NBR,Balancing Reserve,downward,2026-05-16 19:30:00+00:00,2026-05-16T20:00:00+00:00,0.5,25.0,0.0154743164800547,0.5,True,0.0711155373090517,0.0,0.2175940317065589,0.0,0.0,0.2175940317065589,nonlooped_parent:product,3217,True,0.0,0,True,0.0,0.0,2026-05-16,bm_eligible
NQR,Quick Reserve,downward,2026-05-16 20:00:00+00:00,2026-05-16T20:30:00+00:00,0.5,25.0,0.0256980005910672,1.0,False,0.2923077092243245,1.0,0.0879142074605562,0.0,0.0,0.3660242464560623,standalone_parent:product_margin_quantity,268,True,0.0,300,True,9.150606161401557,0.0,2026-05-16,bm_eligible
NQR,Quick Reserve,downward,2026-05-16 20:30:00+00:00,2026-05-16T21:00:00+00:00,0.5,19.0,0.0156906526951569,1.0,False,0.1784768713543452,1.0,0.0879142074605562,3.637978807091713e-12,3.829451375886013e-13,0.4719198038459597,standalone_parent:product_margin_quantity,203,True,0.5,300,True,8.966476273073235,2.241619068268309,2026-05-16,bm_eligible
PBR,Balancing Reserve,upward,2026-05-16 20:30:00+00:00,2026-05-16T21:00:00+00:00,0.5,6.0,1.936252215419033,0.5,True,3.7557703593502914,3.7,0.5155406295271961,0.0,0.0,0.6617346850579412,standalone_parent:product_margin_quantity,1009,True,3.05,400,True,3.970408110347648,6.0548723682801615,2026-05-16,bm_eligible
PBR,Balancing Reserve,upward,2026-05-16 21:00:00+00:00,2026-05-16T21:30:00+00:00,0.5,25.0,1.6770229509675545,0.5,True,3.2529404181112884,3.7,0.5155406295271961,0.0,0.0,0.5988766951675288,standalone_parent:product_margin_quantity,2107,True,3.05,400,True,14.971917379188222,22.83217400326204,2026-05-16,bm_eligible
PQR,Quick Reserve,upward,2026-05-16 21:30:00+00:00,2026-05-16T22:00:00+00:00,0.5,25.0,1.6904255590421715,1.0,False,7.311694694747854,8.44,0.2311947680551323,0.0,0.0,0.5989761163562776,standalone_parent:product_margin_quantity,1552,True,12.76,500,True,14.97440290890694,95.53669055882628,2026-05-16,bm_eligible
PSR,Slow Reserve,upward,2026-05-16 22:00:00+00:00,2026-05-16T22:30:00+00:00,0.5,25.0,1.3031057000012918,1.0,False,2.404870873949493,1.87,0.5418609847693051,0.0,0.0,0.651420115892579,standalone_parent:product_margin_quantity,11247,True,2.46,1800,True,16.285502897314473,20.0311685636968,2026-05-16,bm_eligible
PSR,Slow Reserve,upward,2026-05-16 22:30:00+00:00,2026-05-16T23:00:00+00:00,0.5,25.0,0.3940352189964287,1.0,False,0.7271887625646041,1.37,0.5418609847693051,0.0,0.0,0.651420115892579,standalone_parent:product_margin_quantity,11247,True,1.93,1801,True,16.285502897314473,15.715510295908466,2026-05-16,bm_eligible
PSR,Slow Reserve,upward,2026-05-16 23:30:00+00:00,2026-05-17T00:00:00+00:00,0.5,25.0,0.3864133935886983,1.0,False,0.7131227463317222,1.97,0.5418609847693051,0.0,0.0,0.651420115892579,standalone_parent:product_margin_quantity,11247,True,1.93,1801,True,16.285502897314473,15.715510295908466,2026-05-17,non_bm
PSR,Slow Reserve,upward,2026-05-17 00:00:00+00:00,2026-05-17T00:30:00+00:00,0.5,25.0,1.212159370089,1.0,False,2.237030168549728,13.17,0.5418609847693051,0.0,0.0,0.6255222176279748,standalone_parent:product_margin_quantity,1325,True,0.0,1807,True,15.63805544069937,0.0,2026-05-17,non_bm
PSR,Slow Reserve,upward,2026-05-17 00:30:00+00:00,2026-05-17T01:00:00+00:00,0.5,25.0,0.4425863107256751,1.0,False,0.8167894038617751,1.33,0.5418609847693051,0.0,0.0,0.651420115892579,standalone_parent:product_margin_quantity,11247,True,1.89,1808,True,16.285502897314473,15.389800237962175,2026-05-17,non_bm
PSR,Slow Reserve,upward,2026-05-17 01:00:00+00:00,2026-05-17T01:30:00+00:00,0.5,25.0,0.4287877578638851,1.0,False,0.7913242878086888,1.38,0.5418609847693051,0.0,0.0,0.651420115892579,standalone_parent:product_margin_quantity,11247,True,1.89,1808,True,16.285502897314473,15.389800237962175,2026-05-17,non_bm
PSR,Slow Reserve,upward,2026-05-17 01:30:00+00:00,2026-05-17T02:00:00+00:00,0.5,25.0,0.4627307672575274,1.0,False,0.8539658330531639,1.38,0.5418609847693051,0.0,0.0,0.651420115892579,standalone_parent:product_margin_quantity,11247,True,1.85,1808,True,16.285502897314473,15.064090180015889,2026-05-17,non_bm
DRL,Dynamic Regulation,upward,2026-05-17 02:00:00+00:00,2026-05-17T06:00:00+00:00,4.0,25.0,4.708955818220232,1.0,False,15.969982192885958,17.15,0.294862934807648,20.556426921521503,0.205564269215215,0.4781843929077178,standalone_parent:product_margin_quantity,466,True,19.31,480,True,11.954609822692944,923.374062704803,2026-05-17,non_bm
DRL,Dynamic Regulation,upward,2026-05-17 06:00:00+00:00,2026-05-17T10:00:00+00:00,4.0,11.0,4.436800971732644,1.0,False,15.046994545540164,14.87,0.294862934807648,41.02508140264399,0.9323882136964544,0.4781843929077178,standalone_parent:product_margin_quantity,466,True,13.49,480,True,5.260028321984896,283.831128254305,2026-05-17,non_bm
NSR,Slow Reserve,downward,2026-05-17 06:00:00+00:00,2026-05-17T06:30:00+00:00,0.5,14.0,0.0001750961936508,1.0,False,0.049902415190483,0.0,0.0035087719298245,0.0,0.0,0.0035087719298245,standalone_parent:product,4560,True,0.0,0,True,0.0,0.0,2026-05-17,non_bm
NSR,Slow Reserve,downward,2026-05-17 06:30:00+00:00,2026-05-17T07:00:00+00:00,0.5,14.0,0.000224696953986,1.0,False,0.0640386318860136,0.0,0.0035087719298245,0.0,0.0,0.0035087719298245,standalone_parent:product,4560,True,0.0,0,True,0.0,0.0,2026-05-17,non_bm
NSR,Slow Reserve,downward,2026-05-17 07:00:00+00:00,2026-05-17T07:30:00+00:00,0.5,14.0,0.0002731869634601,1.0,False,0.0778582845861323,0.0,0.0035087719298245,0.0,0.0,0.0035087719298245,standalone_parent:product,4560,True,0.0,0,True,0.0,0.0,2026-05-17,non_bm
NSR,Slow Reserve,downward,2026-05-17 07:30:00+00:00,2026-05-17T08:00:00+00:00,0.5,14.0,0.000319736544567,1.0,False,0.0911249152016084,0.0,0.0035087719298245,0.0,0.0,0.0035087719298245,standalone_parent:product,4560,True,0.0,0,True,0.0,0.0,2026-05-17,non_bm
PQR,Quick Reserve,upward,2026-05-17 08:00:00+00:00,2026-05-17T08:30:00+00:00,0.5,14.0,0.8603472374262108,1.0,False,3.7213092868133,1.25,0.2311947680551323,0.0,0.0,0.443938059081164,standalone_parent:product_margin_quantity,600,True,1.51,500,True,6.215132827136297,4.692425284487904,2026-05-17,non_bm
PQR,Quick Reserve,upward,2026-05-17 08:30:00+00:00,2026-05-17T09:00:00+00:00,0.5,14.0,0.7696882527948022,1.0,False,3.329176777094095,1.25,0.2311947680551323,0.0,0.0,0.443938059081164,standalone_parent:product_margin_quantity,600,True,1.42,500,True,6.215132827136297,4.41274430726677,2026-05-17,non_bm
PQR,Quick Reserve,upward,2026-05-17 09:00:00+00:00,2026-05-17T09:30:00+00:00,0.5,14.0,0.8612301730005938,1.0,False,3.7251282987304406,5.0,0.2311947680551323,0.0,0.0,0.5989761163562776,standalone_parent:product_margin_quantity,1552,True,1.0,500,True,8.385665628987885,4.192832814493943,2026-05-17,non_bm
PQR,Quick Reserve,upward,2026-05-17 09:30:00+00:00,2026-05-17T10:00:00+00:00,0.5,14.0,0.7038990509455324,1.0,False,3.0446149662767272,1.25,0.2311947680551323,0.0,0.0,0.443938059081164,standalone_parent:product_margin_quantity,600,True,0.22,500,True,6.215132827136297,0.6836646109849926,2026-05-17,non_bm
DRL,Dynamic Regulation,upward,2026-05-17 10:00:00+00:00,2026-05-17T14:00:00+00:00,4.0,25.0,4.246370888764159,1.0,False,14.401168771972824,15.73,0.294862934807648,0.0,0.0,0.4781843929077178,standalone_parent:product_margin_quantity,466,True,12.92,480,True,11.954609822692944,617.8142356367714,2026-05-17,non_bm
DRL,Dynamic Regulation,upward,2026-05-17 14:00:00+00:00,2026-05-17T18:00:00+00:00,4.0,25.0,5.377641563072404,1.0,False,18.23776720726352,19.65,0.294862934807648,46.78502459266201,0.4678502459266201,0.4781843929077178,standalone_parent:product_margin_quantity,466,True,12.85,480,True,11.954609822692944,614.4669448864173,2026-05-17,non_bm
NQR,Quick Reserve,downward,2026-05-17 18:00:00+00:00,2026-05-17T18:30:00+00:00,0.5,24.0,0.0315370903910874,1.0,False,0.3587257543695302,0.0,0.0879142074605562,0.0,0.0,0.4126759714306841,standalone_parent:product_margin_quantity,707,True,1.0,300,True,9.904223314336418,4.952111657168209,2026-05-17,non_bm
NQR,Quick Reserve,downward,2026-05-17 18:30:00+00:00,2026-05-17T19:00:00+00:00,0.5,25.0,0.0147223630356407,1.0,False,0.1674628420240964,0.0,0.0879142074605562,0.0,0.0,0.4126759714306841,standalone_parent:product_margin_quantity,707,True,0.0,300,True,10.316899285767102,0.0,2026-05-17,non_bm
NSR,Slow Reserve,downward,2026-05-17 19:00:00+00:00,2026-05-17T19:30:00+00:00,0.5,25.0,4.637259469852246e-05,1.0,False,0.0132161894890789,0.0,0.0035087719298245,0.0,0.0,0.0035087719298245,standalone_parent:product,4560,True,0.0,0,True,0.0,0.0,2026-05-17,non_bm
NQR,Quick Reserve,downward,2026-05-17 20:00:00+00:00,2026-05-17T20:30:00+00:00,0.5,25.0,0.0166002519016197,1.0,False,0.1888233128765635,0.0,0.0879142074605562,0.0,0.0,0.4126759714306841,standalone_parent:product_margin_quantity,707,True,0.0,300,True,10.316899285767102,0.0,2026-05-17,non_bm
NQR,Quick Reserve,downward,2026-05-17 20:30:00+00:00,2026-05-17T21:00:00+00:00,0.5,5.0,0.0123397561487886,1.0,False,0.1403613420996267,0.5,0.0879142074605562,0.0,0.0,0.456894791575372,standalone_parent:product_margin,428,True,0.5,300,True,2.28447395787686,0.571118489469215,2026-05-17,non_bm
PQR,Quick Reserve,upward,2026-05-17 20:30:00+00:00,2026-05-17T21:00:00+00:00,0.5,20.0,1.799012136519261,1.0,False,7.781370450780513,9.0,0.2311947680551323,0.0,0.0,0.5989761163562776,standalone_parent:product_margin_quantity,1552,True,7.56,500,True,11.97952232712555,45.28259439653458,2026-05-17,non_bm
PSR,Slow Reserve,upward,2026-05-17 21:00:00+00:00,2026-05-17T21:30:00+00:00,0.5,25.0,1.635579874597714,1.0,False,3.0184492343438505,3.44,0.5418609847693051,0.0,0.0,0.55535754449506,standalone_parent:product_margin_quantity,40443,True,3.1,1802,True,13.8839386123765,21.52010484918357,2026-05-17,non_bm
PQR,Quick Reserve,upward,2026-05-17 21:30:00+00:00,2026-05-17T22:00:00+00:00,0.5,25.0,1.95877683612874,1.0,False,8.472409875908767,12.76,0.2311947680551323,0.0,0.0,0.5860966956151924,standalone_parent:product_margin_quantity,816,True,10.07,500,True,14.65241739037981,73.77492156056235,2026-05-17,non_bm
PSR,Slow Reserve,upward,2026-05-17 22:00:00+00:00,2026-05-17T22:30:00+00:00,0.5,25.0,1.4680847348613688,1.0,False,2.709338328697718,2.46,0.5418609847693051,0.0,0.0,0.55535754449506,standalone_parent:product_margin_quantity,40443,True,7.61,1800,True,13.8839386123765,52.828386420092585,2026-05-17,non_bm
PSR,Slow Reserve,upward,2026-05-17 22:30:00+00:00,2026-05-17T23:00:00+00:00,0.5,25.0,0.5059598615007875,1.0,False,0.9337447716709067,1.93,0.5418609847693051,0.0,0.0,0.651420115892579,standalone_parent:product_margin_quantity,11247,True,7.61,1800,True,16.285502897314473,61.96633852428157,2026-05-17,non_bm
PSR,Slow Reserve,upward,2026-05-16 23:00:00+00:00,2026-05-16T23:30:00+00:00,0.5,25.0,0.4373317428601189,1.0,False,0.8070921419934136,1.97,0.5418609847693051,0.0,0.0,0.651420115892579,standalone_parent:product_margin_quantity,11247,True,1.93,1801,True,16.285502897314473,15.715510295908466,2026-05-17,bm_eligible
PSR,Slow Reserve,upward,2026-05-16 23:30:00+00:00,2026-05-17T00:00:00+00:00,0.5,25.0,0.3864133935886983,1.0,False,0.7131227463317222,1.97,0.5418609847693051,0.0,0.0,0.651420115892579,standalone_parent:product_margin_quantity,11247,True,1.93,1801,True,16.285502897314473,15.715510295908466,2026-05-17,bm_eligible
PSR,Slow Reserve,upward,2026-05-17 00:00:00+00:00,2026-05-17T00:30:00+00:00,0.5,25.0,1.212159370089,1.0,False,2.237030168549728,13.17,0.5418609847693051,0.0,0.0,0.6255222176279748,standalone_parent:product_margin_quantity,1325,True,0.0,1807,True,15.63805544069937,0.0,2026-05-17,bm_eligible
PSR,Slow Reserve,upward,2026-05-17 00:30:00+00:00,2026-05-17T01:00:00+00:00,0.5,25.0,0.4425863107256751,1.0,False,0.8167894038617751,1.33,0.5418609847693051,0.0,0.0,0.651420115892579,standalone_parent:product_margin_quantity,11247,True,1.89,1808,True,16.285502897314473,15.389800237962175,2026-05-17,bm_eligible
PSR,Slow Reserve,upward,2026-05-17 01:00:00+00:00,2026-05-17T01:30:00+00:00,0.5,25.0,0.4287877578638851,1.0,False,0.7913242878086888,1.38,0.5418609847693051,0.0,0.0,0.651420115892579,standalone_parent:product_margin_quantity,11247,True,1.89,1808,True,16.285502897314473,15.389800237962175,2026-05-17,bm_eligible
PSR,Slow Reserve,upward,2026-05-17 01:30:00+00:00,2026-05-17T02:00:00+00:00,0.5,25.0,0.4627307672575274,1.0,False,0.8539658330531639,1.38,0.5418609847693051,0.0,0.0,0.651420115892579,standalone_parent:product_margin_quantity,11247,True,1.85,1808,True,16.285502897314473,15.064090180015889,2026-05-17,bm_eligible
DRL,Dynamic Regulation,upward,2026-05-17 02:00:00+00:00,2026-05-17T06:00:00+00:00,4.0,25.0,4.708955818220232,1.0,False,15.969982192885958,17.15,0.294862934807648,20.556426921521503,0.205564269215215,0.4781843929077178,standalone_parent:product_margin_quantity,466,True,19.31,480,True,11.954609822692944,923.374062704803,2026-05-17,bm_eligible
DRL,Dynamic Regulation,upward,2026-05-17 06:00:00+00:00,2026-05-17T10:00:00+00:00,4.0,5.0,4.436800971732644,1.0,False,15.046994545540164,14.87,0.294862934807648,7.348680045011861,0.367434002250593,0.4738983688433393,standalone_parent:product_margin,1454,True,13.49,480,True,2.369491844216697,127.85777991393294,2026-05-17,bm_eligible
NBR,Balancing Reserve,downward,2026-05-17 06:00:00+00:00,2026-05-17T06:30:00+00:00,0.5,20.0,0.0229882836176733,0.5,True,0.1056475834257929,0.0,0.2175940317065589,0.0,0.0,0.2175940317065589,nonlooped_parent:product,3217,True,0.0,0,True,0.0,0.0,2026-05-17,bm_eligible
NBR,Balancing Reserve,downward,2026-05-17 06:30:00+00:00,2026-05-17T07:00:00+00:00,0.5,20.0,0.0255000708998534,0.5,True,0.1171910401211838,0.0,0.2175940317065589,0.0,0.0,0.2175940317065589,nonlooped_parent:product,3217,True,0.0,4,True,0.8703761268262357,0.0,2026-05-17,bm_eligible
NBR,Balancing Reserve,downward,2026-05-17 07:00:00+00:00,2026-05-17T07:30:00+00:00,0.5,20.0,0.0261033290434487,0.5,True,0.1199634421896782,0.0,0.2175940317065589,0.0,0.0,0.2175940317065589,nonlooped_parent:product,3217,True,0.0,4,True,0.8703761268262357,0.0,2026-05-17,bm_eligible
NBR,Balancing Reserve,downward,2026-05-17 07:30:00+00:00,2026-05-17T08:00:00+00:00,0.5,20.0,0.0266843533613148,0.5,True,0.1226336639476428,0.0,0.2175940317065589,0.0,0.0,0.2175940317065589,nonlooped_parent:product,3217,True,0.0,4,True,0.8703761268262357,0.0,2026-05-17,bm_eligible
PBR,Balancing Reserve,upward,2026-05-17 08:00:00+00:00,2026-05-17T08:30:00+00:00,0.5,20.0,2.288683892701852,0.5,True,4.439386076710987,3.7,0.5155406295271961,0.0,0.0,0.5988766951675288,standalone_parent:product_margin_quantity,2107,True,1.2,492,True,11.977533903350576,7.186520342010345,2026-05-17,bm_eligible
PBR,Balancing Reserve,upward,2026-05-17 08:30:00+00:00,2026-05-17T09:00:00+00:00,0.5,20.0,2.163302492806011,0.5,True,4.1961823548029225,3.23,0.5155406295271961,0.0,0.0,0.5988766951675288,standalone_parent:product_margin_quantity,2107,True,2.13,498,True,11.977533903350576,12.756073607068362,2026-05-17,bm_eligible
PBR,Balancing Reserve,upward,2026-05-17 09:00:00+00:00,2026-05-17T09:30:00+00:00,0.5,20.0,1.8191250148635596,0.5,True,3.528577401420106,2.83,0.5155406295271961,0.0,0.0,0.5988766951675288,standalone_parent:product_margin_quantity,2107,True,1.88,498,True,11.977533903350576,11.25888186914954,2026-05-17,bm_eligible
PBR,Balancing Reserve,upward,2026-05-17 09:30:00+00:00,2026-05-17T10:00:00+00:00,0.5,20.0,1.8793286055864489,0.5,True,3.645354988432215,4.47,0.5155406295271961,0.0,0.0,0.5988766951675288,standalone_parent:product_margin_quantity,2107,True,2.25,502,True,11.977533903350576,13.474725641269398,2026-05-17,bm_eligible
DRL,Dynamic Regulation,upward,2026-05-17 10:00:00+00:00,2026-05-17T14:00:00+00:00,4.0,25.0,4.246370888764159,1.0,False,14.401168771972824,15.73,0.294862934807648,0.0,0.0,0.4781843929077178,standalone_parent:product_margin_quantity,466,True,12.92,480,True,11.954609822692944,617.8142356367714,2026-05-17,bm_eligible
DRL,Dynamic Regulation,upward,2026-05-17 14:00:00+00:00,2026-05-17T18:00:00+00:00,4.0,25.0,5.377641563072404,1.0,False,18.23776720726352,19.65,0.294862934807648,46.78502459266201,0.4678502459266201,0.4781843929077178,standalone_parent:product_margin_quantity,466,True,12.85,480,True,11.954609822692944,614.4669448864173,2026-05-17,bm_eligible
NQR,Quick Reserve,downward,2026-05-17 18:00:00+00:00,2026-05-17T18:30:00+00:00,0.5,24.0,0.0315370903910874,1.0,False,0.3587257543695302,0.0,0.0879142074605562,0.0,0.0,0.4126759714306841,standalone_parent:product_margin_quantity,707,True,1.0,300,True,9.904223314336418,4.952111657168209,2026-05-17,bm_eligible
NQR,Quick Reserve,downward,2026-05-17 18:30:00+00:00,2026-05-17T19:00:00+00:00,0.5,25.0,0.0147223630356407,1.0,False,0.1674628420240964,0.0,0.0879142074605562,0.0,0.0,0.4126759714306841,standalone_parent:product_margin_quantity,707,True,0.0,300,True,10.316899285767102,0.0,2026-05-17,bm_eligible
NBR,Balancing Reserve,downward,2026-05-17 19:00:00+00:00,2026-05-17T19:30:00+00:00,0.5,25.0,0.0137164731147156,0.5,True,0.0630369914429147,0.0,0.2175940317065589,0.0,0.0,0.2175940317065589,nonlooped_parent:product,3217,True,0.0,0,True,0.0,0.0,2026-05-17,bm_eligible
NBR,Balancing Reserve,downward,2026-05-17 19:30:00+00:00,2026-05-17T20:00:00+00:00,0.5,25.0,0.0131354487968495,0.5,True,0.0603667696849501,0.0,0.2175940317065589,0.0,0.0,0.2175940317065589,nonlooped_parent:product,3217,True,0.0,0,True,0.0,0.0,2026-05-17,bm_eligible
NQR,Quick Reserve,downward,2026-05-17 20:00:00+00:00,2026-05-17T20:30:00+00:00,0.5,25.0,0.0166002519016197,1.0,False,0.1888233128765635,0.0,0.0879142074605562,0.0,0.0,0.4126759714306841,standalone_parent:product_margin_quantity,707,True,0.0,300,True,10.316899285767102,0.0,2026-05-17,bm_eligible
NQR,Quick Reserve,downward,2026-05-17 20:30:00+00:00,2026-05-17T21:00:00+00:00,0.5,5.0,0.0123397561487886,1.0,False,0.1403613420996267,0.5,0.0879142074605562,0.0,0.0,0.456894791575372,standalone_parent:product_margin,428,True,0.5,300,True,2.28447395787686,0.571118489469215,2026-05-17,bm_eligible
PBR,Balancing Reserve,upward,2026-05-17 20:30:00+00:00,2026-05-17T21:00:00+00:00,0.5,20.0,2.1150127227852247,0.5,True,4.102514140786361,3.05,0.5155406295271961,0.0,0.0,0.5988766951675288,standalone_parent:product_margin_quantity,2107,True,14.94,400,True,11.977533903350576,89.4721782580288,2026-05-17,bm_eligible
PBR,Balancing Reserve,upward,2026-05-17 21:00:00+00:00,2026-05-17T21:30:00+00:00,0.5,25.0,1.9039795885128357,0.5,True,3.693170779302071,3.05,0.5155406295271961,0.0,0.0,0.5988766951675288,standalone_parent:product_margin_quantity,2107,True,13.89,400,True,14.971917379188222,103.9799661984622,2026-05-17,bm_eligible
PQR,Quick Reserve,upward,2026-05-17 21:30:00+00:00,2026-05-17T22:00:00+00:00,0.5,25.0,1.95877683612874,1.0,False,8.472409875908767,12.76,0.2311947680551323,0.0,0.0,0.5860966956151924,standalone_parent:product_margin_quantity,816,True,10.07,500,True,14.65241739037981,73.77492156056235,2026-05-17,bm_eligible
PSR,Slow Reserve,upward,2026-05-17 22:00:00+00:00,2026-05-17T22:30:00+00:00,0.5,25.0,1.4680847348613688,1.0,False,2.709338328697718,2.46,0.5418609847693051,0.0,0.0,0.55535754449506,standalone_parent:product_margin_quantity,40443,True,7.61,1800,True,13.8839386123765,52.828386420092585,2026-05-17,bm_eligible
PSR,Slow Reserve,upward,2026-05-17 22:30:00+00:00,2026-05-17T23:00:00+00:00,0.5,25.0,0.5059598615007875,1.0,False,0.9337447716709067,1.93,0.5418609847693051,0.0,0.0,0.651420115892579,standalone_parent:product_margin_quantity,11247,True,7.61,1800,True,16.285502897314473,61.96633852428157,2026-05-17,bm_eligible
PSR,Slow Reserve,upward,2026-05-17 23:00:00+00:00,2026-05-17T23:30:00+00:00,0.5,25.0,0.5851463369195448,1.0,False,1.0798827621233298,1.93,0.5418609847693051,0.0,0.0,0.651420115892579,standalone_parent:product_margin_quantity,11247,True,7.61,1800,True,16.285502897314473,61.96633852428157,2026-05-18,non_bm
PSR,Slow Reserve,upward,2026-05-17 23:30:00+00:00,2026-05-18T00:00:00+00:00,0.5,25.0,0.5354674052640377,1.0,False,0.9882007014991318,1.93,0.5418609847693051,0.0,0.0,0.651420115892579,standalone_parent:product_margin_quantity,11247,True,7.61,1800,True,16.285502897314473,61.96633852428157,2026-05-18,non_bm
PSR,Slow Reserve,upward,2026-05-18 00:00:00+00:00,2026-05-18T00:30:00+00:00,0.5,25.0,0.3493526520625571,1.0,False,0.6447274520258963,0.0,0.5418609847693051,0.0,0.0,0.5589569329700954,standalone_parent:product_margin_quantity,4616,True,0.91,1808,True,13.973923324252386,6.358135112534836,2026-05-18,non_bm
PSR,Slow Reserve,upward,2026-05-18 00:30:00+00:00,2026-05-18T01:00:00+00:00,0.5,25.0,0.6370561663210537,1.0,False,1.175681926227402,1.89,0.5418609847693051,0.0,0.0,0.651420115892579,standalone_parent:product_margin_quantity,11247,True,0.91,1808,True,16.285502897314473,7.409903818278085,2026-05-18,non_bm
PSR,Slow Reserve,upward,2026-05-18 01:00:00+00:00,2026-05-18T01:30:00+00:00,0.5,25.0,0.6185473523516585,1.0,False,1.141524061960287,1.89,0.5418609847693051,0.0,0.0,0.651420115892579,standalone_parent:product_margin_quantity,11247,True,0.91,1808,True,16.285502897314473,7.409903818278085,2026-05-18,non_bm
PSR,Slow Reserve,upward,2026-05-18 01:30:00+00:00,2026-05-18T02:00:00+00:00,0.5,25.0,0.6480675175965775,1.0,False,1.1960032846293398,1.85,0.5418609847693051,0.0,0.0,0.651420115892579,standalone_parent:product_margin_quantity,11247,True,0.91,1808,True,16.285502897314473,7.409903818278085,2026-05-18,non_bm
DRL,Dynamic Regulation,upward,2026-05-18 02:00:00+00:00,2026-05-18T06:00:00+00:00,4.0,25.0,5.168502342204817,1.0,False,17.528491146493053,19.31,0.294862934807648,5.331688787633993,0.0533168878763399,0.4781843929077178,standalone_parent:product_margin_quantity,466,True,20.23,479,True,11.954609822692944,967.3670268523132,2026-05-18,non_bm
DRL,Dynamic Regulation,upward,2026-05-18 06:00:00+00:00,2026-05-18T10:00:00+00:00,4.0,24.0,4.636127756005129,1.0,False,15.72299264751427,13.49,0.294862934807648,167.38051079722936,1.7435469874711391,0.4781843929077178,standalone_parent:product_margin_quantity,466,True,19.63,480,True,11.476425429785229,901.128924746736,2026-05-18,non_bm
PQR,Quick Reserve,upward,2026-05-18 08:00:00+00:00,2026-05-18T08:30:00+00:00,0.5,1.0,0.9539337490073068,1.0,False,4.12610439687729,1.51,0.2311947680551323,0.0,0.0,0.6722571268916008,standalone_parent:product_margin_quantity,229,True,11.31,474,True,0.6722571268916008,3.8016140525720026,2026-05-18,non_bm
PQR,Quick Reserve,upward,2026-05-18 08:30:00+00:00,2026-05-18T09:00:00+00:00,0.5,1.0,0.8738801494049634,1.0,False,3.7798439677344766,1.42,0.2311947680551323,0.0,0.0,0.6722571268916008,standalone_parent:product_margin_quantity,229,True,2.73,500,True,0.6722571268916008,0.9176309782070352,2026-05-18,non_bm
PQR,Quick Reserve,upward,2026-05-18 09:00:00+00:00,2026-05-18T09:30:00+00:00,0.5,1.0,0.8482640606841619,1.0,False,3.66904522892092,1.0,0.2311947680551323,0.0,0.0,0.6722571268916008,standalone_parent:product_margin_quantity,229,True,0.0,530,True,0.6722571268916008,0.0,2026-05-18,non_bm
PQR,Quick Reserve,upward,2026-05-18 09:30:00+00:00,2026-05-18T10:00:00+00:00,0.5,1.0,0.7462863699208533,1.0,False,3.2279552699172185,0.22,0.2311947680551323,0.0,0.0,0.4629813087840202,standalone_parent:product_margin_quantity,178,True,0.01,508,True,0.4629813087840202,0.0023149065439201,2026-05-18,non_bm
DRL,Dynamic Regulation,upward,2026-05-18 10:00:00+00:00,2026-05-18T14:00:00+00:00,4.0,25.0,4.357845199251187,1.0,False,14.779223445272972,12.92,0.294862934807648,0.0,0.0,0.4781843929077178,standalone_parent:product_margin_quantity,466,True,19.2,480,True,11.954609822692944,918.114034382818,2026-05-18,non_bm
DRL,Dynamic Regulation,upward,2026-05-18 14:00:00+00:00,2026-05-18T18:00:00+00:00,4.0,25.0,5.1815493458875785,1.0,False,17.572738836326543,12.85,0.294862934807648,39.50214166009846,0.3950214166009846,0.4781843929077178,standalone_parent:product_margin_quantity,466,True,23.93,480,True,11.954609822692944,1144.2952522281687,2026-05-18,non_bm
NQR,Quick Reserve,downward,2026-05-18 18:00:00+00:00,2026-05-18T18:30:00+00:00,0.5,21.0,0.0533915704902125,1.0,False,0.6073144720569454,1.0,0.0879142074605562,0.0,0.0,0.3660242464560623,standalone_parent:product_margin_quantity,268,True,0.0,334,True,7.686509175577308,0.0,2026-05-18,non_bm
NQR,Quick Reserve,downward,2026-05-18 18:30:00+00:00,2026-05-18T19:00:00+00:00,0.5,25.0,0.0333380117482402,1.0,False,0.379210740916907,0.0,0.0879142074605562,0.0,0.0,0.4126759714306841,standalone_parent:product_margin_quantity,707,True,0.0,340,True,10.316899285767102,0.0,2026-05-18,non_bm
NQR,Quick Reserve,downward,2026-05-18 19:30:00+00:00,2026-05-18T20:00:00+00:00,0.5,25.0,0.0117053400698943,1.0,False,0.1331450331864288,0.0,0.0879142074605562,0.0,0.0,0.4126759714306841,standalone_parent:product_margin_quantity,707,True,0.0,300,True,10.316899285767102,0.0,2026-05-18,non_bm
NQR,Quick Reserve,downward,2026-05-18 20:00:00+00:00,2026-05-18T20:30:00+00:00,0.5,25.0,0.0494708916079508,1.0,False,0.5627178249903064,0.0,0.0879142074605562,0.0,0.0,0.4126759714306841,standalone_parent:product_margin_quantity,707,True,0.0,328,True,10.316899285767102,0.0,2026-05-18,non_bm
NQR,Quick Reserve,downward,2026-05-18 20:30:00+00:00,2026-05-18T21:00:00+00:00,0.5,10.0,0.0415960244256539,1.0,False,0.4731433704195819,0.5,0.0879142074605562,0.0,0.0,0.456894791575372,standalone_parent:product_margin,428,True,0.0,308,True,4.56894791575372,0.0,2026-05-18,non_bm
PQR,Quick Reserve,upward,2026-05-18 20:30:00+00:00,2026-05-18T21:00:00+00:00,0.5,15.0,1.9358625786937924,1.0,False,8.373297523031114,7.56,0.2311947680551323,0.0,0.0,0.5989761163562776,standalone_parent:product_margin_quantity,1552,True,8.49,490,True,8.984641745344163,38.13980420898597,2026-05-18,non_bm
PSR,Slow Reserve,upward,2026-05-18 21:00:00+00:00,2026-05-18T21:30:00+00:00,0.5,25.0,1.8859915826884044,1.0,False,3.48058198633983,3.1,0.5418609847693051,0.0,0.0,0.55535754449506,standalone_parent:product_margin_quantity,40443,True,4.4,1797,True,13.8839386123765,30.544664947228306,2026-05-18,non_bm
PQR,Quick Reserve,upward,2026-05-18 21:30:00+00:00,2026-05-18T22:00:00+00:00,0.5,25.0,2.0560233528282787,1.0,False,8.893035816182419,10.07,0.2311947680551323,0.0,0.0,0.5860966956151924,standalone_parent:product_margin_quantity,816,True,11.48,378,True,14.65241739037981,84.10487582078011,2026-05-18,non_bm
PSR,Slow Reserve,upward,2026-05-18 22:00:00+00:00,2026-05-18T22:30:00+00:00,0.5,25.0,2.1704687843004757,1.0,False,4.005582327032721,7.61,0.5418609847693051,0.0,0.0,0.5418191976625076,standalone_parent:product_margin_quantity,19955,True,3.04,1805,True,13.545479941562691,20.58912951117529,2026-05-18,non_bm
PSR,Slow Reserve,upward,2026-05-18 22:30:00+00:00,2026-05-18T23:00:00+00:00,0.5,25.0,0.9356338007466064,1.0,False,1.72670449994651,7.61,0.5418609847693051,0.0,0.0,0.5418191976625076,standalone_parent:product_margin_quantity,19955,True,2.26,1805,True,13.545479941562691,15.30639233396584,2026-05-18,non_bm
PSR,Slow Reserve,upward,2026-05-17 23:00:00+00:00,2026-05-17T23:30:00+00:00,0.5,25.0,0.5851463369195448,1.0,False,1.0798827621233298,1.93,0.5418609847693051,0.0,0.0,0.651420115892579,standalone_parent:product_margin_quantity,11247,True,7.61,1800,True,16.285502897314473,61.96633852428157,2026-05-18,bm_eligible
PBR,Balancing Reserve,upward,2026-05-17 23:30:00+00:00,2026-05-18T00:00:00+00:00,0.5,25.0,0.5667318560058974,0.5,True,1.0992962019805284,0.0,0.5155406295271961,0.0,0.0,0.5936804538752153,standalone_parent:product_margin_quantity,460,True,0.0,261,True,14.842011346880382,0.0,2026-05-18,bm_eligible
PBR,Balancing Reserve,upward,2026-05-18 00:00:00+00:00,2026-05-18T00:30:00+00:00,0.5,25.0,0.5600482030720528,0.5,True,1.0863318446611565,0.0,0.5155406295271961,0.0,0.0,0.5936804538752153,standalone_parent:product_margin_quantity,460,True,0.0,261,True,14.842011346880382,0.0,2026-05-18,bm_eligible
PSR,Slow Reserve,upward,2026-05-18 00:30:00+00:00,2026-05-18T01:00:00+00:00,0.5,25.0,0.6370561663210537,1.0,False,1.175681926227402,1.89,0.5418609847693051,0.0,0.0,0.651420115892579,standalone_parent:product_margin_quantity,11247,True,0.91,1808,True,16.285502897314473,7.409903818278085,2026-05-18,bm_eligible
PSR,Slow Reserve,upward,2026-05-18 01:00:00+00:00,2026-05-18T01:30:00+00:00,0.5,25.0,0.6185473523516585,1.0,False,1.141524061960287,1.89,0.5418609847693051,0.0,0.0,0.651420115892579,standalone_parent:product_margin_quantity,11247,True,0.91,1808,True,16.285502897314473,7.409903818278085,2026-05-18,bm_eligible
PSR,Slow Reserve,upward,2026-05-18 01:30:00+00:00,2026-05-18T02:00:00+00:00,0.5,25.0,0.6480675175965775,1.0,False,1.1960032846293398,1.85,0.5418609847693051,0.0,0.0,0.651420115892579,standalone_parent:product_margin_quantity,11247,True,0.91,1808,True,16.285502897314473,7.409903818278085,2026-05-18,bm_eligible
DRL,Dynamic Regulation,upward,2026-05-18 02:00:00+00:00,2026-05-18T06:00:00+00:00,4.0,25.0,5.168502342204817,1.0,False,17.528491146493053,19.31,0.294862934807648,5.331688787633993,0.0533168878763399,0.4781843929077178,standalone_parent:product_margin_quantity,466,True,20.23,479,True,11.954609822692944,967.3670268523132,2026-05-18,bm_eligible
DRL,Dynamic Regulation,upward,2026-05-18 06:00:00+00:00,2026-05-18T10:00:00+00:00,4.0,8.0,4.636127756005129,1.0,False,15.72299264751427,13.49,0.294862934807648,26.948245942872745,0.8421326857147733,0.379093333467851,standalone_parent:product_margin_quantity,498,True,19.63,480,True,3.0327466677428085,238.1312683511653,2026-05-18,bm_eligible
NBR,Balancing Reserve,downward,2026-05-18 06:00:00+00:00,2026-05-18T06:30:00+00:00,0.5,17.0,0.000860134751457,0.5,True,0.0039529335649106,0.0,0.2175940317065589,0.0,0.0,0.2175940317065589,nonlooped_parent:product,3217,True,0.0,4,True,0.8703761268262357,0.0,2026-05-18,bm_eligible
NBR,Balancing Reserve,downward,2026-05-18 06:30:00+00:00,2026-05-18T07:00:00+00:00,0.5,17.0,0.0188492812867172,0.5,True,0.0866259112848136,0.0,0.2175940317065589,0.0,0.0,0.2175940317065589,nonlooped_parent:product,3217,True,0.0,4,True,0.8703761268262357,0.0,2026-05-18,bm_eligible
NBR,Balancing Reserve,downward,2026-05-18 07:00:00+00:00,2026-05-18T07:30:00+00:00,0.5,17.0,0.0194474106010496,0.5,True,0.0893747427193952,0.0,0.2175940317065589,0.0,0.0,0.2175940317065589,nonlooped_parent:product,3217,True,0.0,4,True,0.8703761268262357,0.0,2026-05-18,bm_eligible
NBR,Balancing Reserve,downward,2026-05-18 07:30:00+00:00,2026-05-18T08:00:00+00:00,0.5,17.0,0.0200234112477458,0.5,True,0.0920218771199976,0.0,0.2175940317065589,0.0,0.0,0.2175940317065589,nonlooped_parent:product,3217,True,0.0,4,True,0.8703761268262357,0.0,2026-05-18,bm_eligible
PBR,Balancing Reserve,upward,2026-05-18 08:00:00+00:00,2026-05-18T08:30:00+00:00,0.5,17.0,3.151856179141823,0.5,True,6.113691140177254,1.2,0.5155406295271961,0.0,0.0,0.6883840047139721,standalone_parent:product_margin_quantity,1536,True,13.56,600,True,11.702528080137526,79.34314038333243,2026-05-18,bm_eligible
PBR,Balancing Reserve,upward,2026-05-18 08:30:00+00:00,2026-05-18T09:00:00+00:00,0.5,17.0,2.7863749272605745,0.5,True,5.404763015120587,2.13,0.5155406295271961,0.0,0.0,0.5988766951675288,standalone_parent:product_margin_quantity,2107,True,13.56,600,True,10.180903817847993,69.02652788500939,2026-05-18,bm_eligible
PBR,Balancing Reserve,upward,2026-05-18 09:00:00+00:00,2026-05-18T09:30:00+00:00,0.5,17.0,2.448424114021613,0.5,True,4.749235993809198,1.88,0.5155406295271961,0.0,0.0,0.6883840047139721,standalone_parent:product_margin_quantity,1536,True,5.68,600,True,11.702528080137526,33.23517974759057,2026-05-18,bm_eligible
PBR,Balancing Reserve,upward,2026-05-18 09:30:00+00:00,2026-05-18T10:00:00+00:00,0.5,17.0,2.216654581891211,0.5,True,4.29967000646314,2.25,0.5155406295271961,0.0,0.0,0.5988766951675288,standalone_parent:product_margin_quantity,2107,True,7.16,600,True,10.180903817847993,36.44763566789581,2026-05-18,bm_eligible
DRL,Dynamic Regulation,upward,2026-05-18 10:00:00+00:00,2026-05-18T14:00:00+00:00,4.0,25.0,4.357845199251187,1.0,False,14.779223445272972,12.92,0.294862934807648,0.0,0.0,0.4781843929077178,standalone_parent:product_margin_quantity,466,True,19.2,480,True,11.954609822692944,918.114034382818,2026-05-18,bm_eligible
DRL,Dynamic Regulation,upward,2026-05-18 14:00:00+00:00,2026-05-18T18:00:00+00:00,4.0,25.0,5.1815493458875785,1.0,False,17.572738836326543,12.85,0.294862934807648,39.50214166009846,0.3950214166009846,0.4781843929077178,standalone_parent:product_margin_quantity,466,True,23.93,480,True,11.954609822692944,1144.2952522281687,2026-05-18,bm_eligible
NBR,Balancing Reserve,downward,2026-05-18 18:00:00+00:00,2026-05-18T18:30:00+00:00,0.5,1.0,0.0177532160749012,0.5,True,0.0815887087327961,0.0,0.2175940317065589,0.0,0.0,0.2175940317065589,nonlooped_parent:product,3217,True,0.0,0,True,0.0,0.0,2026-05-18,bm_eligible
NQR,Quick Reserve,downward,2026-05-18 18:00:00+00:00,2026-05-18T18:30:00+00:00,0.5,21.0,0.0533915704902125,1.0,False,0.6073144720569454,1.0,0.0879142074605562,0.0,0.0,0.3660242464560623,standalone_parent:product_margin_quantity,268,True,0.0,334,True,7.686509175577308,0.0,2026-05-18,bm_eligible
NQR,Quick Reserve,downward,2026-05-18 18:30:00+00:00,2026-05-18T19:00:00+00:00,0.5,25.0,0.0333380117482402,1.0,False,0.379210740916907,0.0,0.0879142074605562,0.0,0.0,0.4126759714306841,standalone_parent:product_margin_quantity,707,True,0.0,340,True,10.316899285767102,0.0,2026-05-18,bm_eligible
NBR,Balancing Reserve,downward,2026-05-18 19:00:00+00:00,2026-05-18T19:30:00+00:00,0.5,25.0,0.0087859246242077,0.5,True,0.0403775993086804,0.0,0.2175940317065589,0.0,0.0,0.2175940317065589,nonlooped_parent:product,3217,True,0.0,4,True,0.8703761268262357,0.0,2026-05-18,bm_eligible
NQR,Quick Reserve,downward,2026-05-18 19:30:00+00:00,2026-05-18T20:00:00+00:00,0.5,25.0,0.0117053400698943,1.0,False,0.1331450331864288,0.0,0.0879142074605562,0.0,0.0,0.4126759714306841,standalone_parent:product_margin_quantity,707,True,0.0,300,True,10.316899285767102,0.0,2026-05-18,bm_eligible
NQR,Quick Reserve,downward,2026-05-18 20:00:00+00:00,2026-05-18T20:30:00+00:00,0.5,25.0,0.0494708916079508,1.0,False,0.5627178249903064,0.0,0.0879142074605562,0.0,0.0,0.4126759714306841,standalone_parent:product_margin_quantity,707,True,0.0,328,True,10.316899285767102,0.0,2026-05-18,bm_eligible
PBR,Balancing Reserve,upward,2026-05-18 20:30:00+00:00,2026-05-18T21:00:00+00:00,0.5,25.0,4.143525008487543,0.5,True,8.03724240374145,14.94,0.5155406295271961,0.0,0.0,0.6387379380185993,standalone_parent:product_margin_quantity,507,True,1.98,400,True,15.968448450464985,15.808763965960331,2026-05-18,bm_eligible
PBR,Balancing Reserve,upward,2026-05-18 21:00:00+00:00,2026-05-18T21:30:00+00:00,0.5,25.0,3.449991392427473,0.5,True,6.691987391161528,13.89,0.5155406295271961,0.0,0.0,0.6387379380185993,standalone_parent:product_margin_quantity,507,True,14.67,399,True,15.968448450464985,117.12856938416066,2026-05-18,bm_eligible
PQR,Quick Reserve,upward,2026-05-18 21:30:00+00:00,2026-05-18T22:00:00+00:00,0.5,25.0,2.0560233528282787,1.0,False,8.893035816182419,10.07,0.2311947680551323,0.0,0.0,0.5860966956151924,standalone_parent:product_margin_quantity,816,True,11.48,378,True,14.65241739037981,84.10487582078011,2026-05-18,bm_eligible
PSR,Slow Reserve,upward,2026-05-18 22:00:00+00:00,2026-05-18T22:30:00+00:00,0.5,25.0,2.1704687843004757,1.0,False,4.005582327032721,7.61,0.5418609847693051,0.0,0.0,0.5418191976625076,standalone_parent:product_margin_quantity,19955,True,3.04,1805,True,13.545479941562691,20.58912951117529,2026-05-18,bm_eligible
PSR,Slow Reserve,upward,2026-05-18 22:30:00+00:00,2026-05-18T23:00:00+00:00,0.5,25.0,0.9356338007466064,1.0,False,1.72670449994651,7.61,0.5418609847693051,0.0,0.0,0.5418191976625076,standalone_parent:product_margin_quantity,19955,True,2.26,1805,True,13.545479941562691,15.30639233396584,2026-05-18,bm_eligible
PSR,Slow Reserve,upward,2026-05-18 23:00:00+00:00,2026-05-18T23:30:00+00:00,0.5,25.0,1.1954093417574758,1.0,False,2.2061181287418505,7.61,0.5418609847693051,0.0,0.0,0.5418191976625076,standalone_parent:product_margin_quantity,19955,True,2.15,1805,True,13.545479941562691,14.561390937179892,2026-05-19,non_bm
PSR,Slow Reserve,upward,2026-05-18 23:30:00+00:00,2026-05-19T00:00:00+00:00,0.5,25.0,1.147431751297866,1.0,False,2.1175758793307105,7.61,0.5418609847693051,0.0,0.0,0.5418191976625076,standalone_parent:product_margin_quantity,19955,True,1.85,1805,True,13.545479941562691,12.52956894594549,2026-05-19,non_bm
PSR,Slow Reserve,upward,2026-05-19 00:00:00+00:00,2026-05-19T00:30:00+00:00,0.5,25.0,0.8076625977509344,1.0,False,1.4905346951576393,0.91,0.5418609847693051,0.0,0.0,0.6641209477482147,standalone_parent:product_margin_quantity,5151,True,2.09,1811,True,16.603023693705367,17.350159759922107,2026-05-19,non_bm
PSR,Slow Reserve,upward,2026-05-19 00:30:00+00:00,2026-05-19T01:00:00+00:00,0.5,25.0,0.9552005130243232,1.0,False,1.7628147068587996,0.91,0.5418609847693051,0.0,0.0,0.6641209477482147,standalone_parent:product_margin_quantity,5151,True,2.09,1811,True,16.603023693705367,17.350159759922107,2026-05-19,non_bm
PSR,Slow Reserve,upward,2026-05-19 01:00:00+00:00,2026-05-19T01:30:00+00:00,0.5,25.0,0.9399555215625504,1.0,False,1.734680200241271,0.91,0.5418609847693051,0.0,0.0,0.6641209477482147,standalone_parent:product_margin_quantity,5151,True,2.09,1811,True,16.603023693705367,17.350159759922107,2026-05-19,non_bm
PSR,Slow Reserve,upward,2026-05-19 01:30:00+00:00,2026-05-19T02:00:00+00:00,0.5,25.0,0.9805838607260132,1.0,False,1.8096594667052703,0.91,0.5418609847693051,0.0,0.0,0.6641209477482147,standalone_parent:product_margin_quantity,5151,True,1.95,1791,True,16.603023693705367,16.187948101362732,2026-05-19,non_bm
DRL,Dynamic Regulation,upward,2026-05-19 02:00:00+00:00,2026-05-19T06:00:00+00:00,4.0,25.0,5.515698489588507,1.0,False,18.70597433070602,20.23,0.294862934807648,13.01101938291322,0.1301101938291322,0.4781843929077178,standalone_parent:product_margin_quantity,466,True,13.64,480,True,11.954609822692944,652.2435119261271,2026-05-19,non_bm
DRL,Dynamic Regulation,upward,2026-05-19 06:00:00+00:00,2026-05-19T10:00:00+00:00,4.0,25.0,5.27169703655056,1.0,False,17.87846627786405,19.63,0.294862934807648,146.09340968619108,1.460934096861911,0.4781843929077178,standalone_parent:product_margin_quantity,466,True,14.35,480,True,11.954609822692944,686.194603822575,2026-05-19,non_bm
DRL,Dynamic Regulation,upward,2026-05-19 10:00:00+00:00,2026-05-19T14:00:00+00:00,4.0,25.0,5.080170270110083,1.0,False,17.228921205115522,19.2,0.294862934807648,0.0,0.0,0.4781843929077178,standalone_parent:product_margin_quantity,466,True,13.64,480,True,11.954609822692944,652.2435119261271,2026-05-19,non_bm
DRL,Dynamic Regulation,upward,2026-05-19 14:00:00+00:00,2026-05-19T18:00:00+00:00,4.0,25.0,6.23832246573372,1.0,False,21.156685799804748,23.93,0.294862934807648,27.2967800667152,0.272967800667152,0.4781843929077178,standalone_parent:product_margin_quantity,466,True,23.94,480,True,11.954609822692944,1144.7734366210764,2026-05-19,non_bm
DRL,Dynamic Regulation,upward,2026-05-19 18:00:00+00:00,2026-05-19T22:00:00+00:00,4.0,4.0,6.591145969346608,1.0,False,22.353253635104394,25.41,0.294862934807648,57.452102068082695,3.5907563792551684,0.4738983688433393,standalone_parent:product_margin,1454,True,22.41,480,True,1.8955934753733572,169.92099913246776,2026-05-19,non_bm
NQR,Quick Reserve,downward,2026-05-19 18:00:00+00:00,2026-05-19T18:30:00+00:00,0.5,21.0,0.0799403682402711,1.0,False,0.909299765639556,0.0,0.0879142074605562,0.0,0.0,0.4126759714306841,standalone_parent:product_margin_quantity,707,True,0.45,300,True,8.666195400044366,1.9498939650099825,2026-05-19,non_bm
NQR,Quick Reserve,downward,2026-05-19 18:30:00+00:00,2026-05-19T19:00:00+00:00,0.5,21.0,0.0561403520146739,1.0,False,0.6385811080633581,0.0,0.0879142074605562,0.0,0.0,0.4126759714306841,standalone_parent:product_margin_quantity,707,True,0.0,350,True,8.666195400044366,0.0,2026-05-19,non_bm
NQR,Quick Reserve,downward,2026-05-19 19:00:00+00:00,2026-05-19T19:30:00+00:00,0.5,21.0,0.0281535831443948,1.0,False,0.320239287341881,0.0,0.0879142074605562,0.0,0.0,0.4126759714306841,standalone_parent:product_margin_quantity,707,True,0.0,347,True,8.666195400044366,0.0,2026-05-19,non_bm
NQR,Quick Reserve,downward,2026-05-19 19:30:00+00:00,2026-05-19T20:00:00+00:00,0.5,21.0,0.0413868988213093,1.0,False,0.4707646240214133,0.0,0.0879142074605562,0.0,0.0,0.4126759714306841,standalone_parent:product_margin_quantity,707,True,0.0,348,True,8.666195400044366,0.0,2026-05-19,non_bm
NQR,Quick Reserve,downward,2026-05-19 20:00:00+00:00,2026-05-19T20:30:00+00:00,0.5,21.0,0.0679663276594708,1.0,False,0.7730983378308306,0.0,0.0879142074605562,0.0,0.0,0.4126759714306841,standalone_parent:product_margin_quantity,707,True,0.0,342,True,8.666195400044366,0.0,2026-05-19,non_bm
PSR,Slow Reserve,upward,2026-05-19 20:30:00+00:00,2026-05-19T21:00:00+00:00,0.5,21.0,2.320440665205386,1.0,False,4.2823542023297785,4.4,0.5418609847693051,0.0,0.0,0.55535754449506,standalone_parent:product_margin_quantity,40443,True,3.86,1801,True,11.66250843439626,22.508641278384783,2026-05-19,non_bm
PSR,Slow Reserve,upward,2026-05-19 21:00:00+00:00,2026-05-19T21:30:00+00:00,0.5,21.0,2.315132274190456,1.0,False,4.272557610281008,4.4,0.5418609847693051,0.0,0.0,0.55535754449506,standalone_parent:product_margin_quantity,40443,True,3.86,1801,True,11.66250843439626,22.508641278384783,2026-05-19,non_bm
PSR,Slow Reserve,upward,2026-05-19 21:30:00+00:00,2026-05-19T22:00:00+00:00,0.5,21.0,2.3111333203914066,1.0,False,4.265177573866776,4.4,0.5418609847693051,0.0,0.0,0.55535754449506,standalone_parent:product_margin_quantity,40443,True,3.86,1801,True,11.66250843439626,22.508641278384783,2026-05-19,non_bm
PSR,Slow Reserve,upward,2026-05-19 22:00:00+00:00,2026-05-19T22:30:00+00:00,0.5,25.0,1.9631964284943,1.0,False,3.6230628956061897,3.04,0.5418609847693051,0.0,0.0,0.55535754449506,standalone_parent:product_margin_quantity,40443,True,1.89,1800,True,13.8839386123765,13.120321988695792,2026-05-19,non_bm
PSR,Slow Reserve,upward,2026-05-19 22:30:00+00:00,2026-05-19T23:00:00+00:00,0.5,25.0,0.9952239278782196,1.0,False,1.8366775904744863,2.26,0.5418609847693051,0.0,0.0,0.55535754449506,standalone_parent:product_margin_quantity,40443,True,1.89,1800,True,13.8839386123765,13.120321988695792,2026-05-19,non_bm
PSR,Slow Reserve,upward,2026-05-18 23:00:00+00:00,2026-05-18T23:30:00+00:00,0.5,25.0,1.1954093417574758,1.0,False,2.2061181287418505,7.61,0.5418609847693051,0.0,0.0,0.5418191976625076,standalone_parent:product_margin_quantity,19955,True,2.15,1805,True,13.545479941562691,14.561390937179892,2026-05-19,bm_eligible
PSR,Slow Reserve,upward,2026-05-18 23:30:00+00:00,2026-05-19T00:00:00+00:00,0.5,25.0,1.147431751297866,1.0,False,2.1175758793307105,7.61,0.5418609847693051,0.0,0.0,0.5418191976625076,standalone_parent:product_margin_quantity,19955,True,1.85,1805,True,13.545479941562691,12.52956894594549,2026-05-19,bm_eligible
PBR,Balancing Reserve,upward,2026-05-19 00:00:00+00:00,2026-05-19T00:30:00+00:00,0.5,25.0,0.8184828302014445,0.5,True,1.5876204188835272,0.0,0.5155406295271961,0.0,0.0,0.5936804538752153,standalone_parent:product_margin_quantity,460,True,0.02,201,True,14.842011346880382,0.1484201134688038,2026-05-19,bm_eligible
PSR,Slow Reserve,upward,2026-05-19 00:30:00+00:00,2026-05-19T01:00:00+00:00,0.5,25.0,0.9552005130243232,1.0,False,1.7628147068587996,0.91,0.5418609847693051,0.0,0.0,0.6641209477482147,standalone_parent:product_margin_quantity,5151,True,2.09,1811,True,16.603023693705367,17.350159759922107,2026-05-19,bm_eligible
PSR,Slow Reserve,upward,2026-05-19 01:00:00+00:00,2026-05-19T01:30:00+00:00,0.5,25.0,0.9399555215625504,1.0,False,1.734680200241271,0.91,0.5418609847693051,0.0,0.0,0.6641209477482147,standalone_parent:product_margin_quantity,5151,True,2.09,1811,True,16.603023693705367,17.350159759922107,2026-05-19,bm_eligible
PSR,Slow Reserve,upward,2026-05-19 01:30:00+00:00,2026-05-19T02:00:00+00:00,0.5,25.0,0.9805838607260132,1.0,False,1.8096594667052703,0.91,0.5418609847693051,0.0,0.0,0.6641209477482147,standalone_parent:product_margin_quantity,5151,True,1.95,1791,True,16.603023693705367,16.187948101362732,2026-05-19,bm_eligible
DRL,Dynamic Regulation,upward,2026-05-19 02:00:00+00:00,2026-05-19T06:00:00+00:00,4.0,25.0,5.515698489588507,1.0,False,18.70597433070602,20.23,0.294862934807648,13.01101938291322,0.1301101938291322,0.4781843929077178,standalone_parent:product_margin_quantity,466,True,13.64,480,True,11.954609822692944,652.2435119261271,2026-05-19,bm_eligible
DRL,Dynamic Regulation,upward,2026-05-19 06:00:00+00:00,2026-05-19T10:00:00+00:00,4.0,15.0,5.27169703655056,1.0,False,17.87846627786405,19.63,0.294862934807648,61.379880118503934,1.0229980019750655,0.4781843929077178,standalone_parent:product_margin_quantity,466,True,14.35,480,True,7.172765893615767,411.716762293545,2026-05-19,bm_eligible
NBR,Balancing Reserve,downward,2026-05-19 06:00:00+00:00,2026-05-19T06:30:00+00:00,0.5,10.0,0.0147676940683917,0.5,True,0.067868102597166,0.0,0.2175940317065589,0.0,0.0,0.2175940317065589,nonlooped_parent:product,3217,True,0.0,4,True,0.8703761268262357,0.0,2026-05-19,bm_eligible
NBR,Balancing Reserve,downward,2026-05-19 06:30:00+00:00,2026-05-19T07:00:00+00:00,0.5,10.0,0.0153745216049079,0.5,True,0.0706569085756983,0.0,0.2175940317065589,0.0,0.0,0.2175940317065589,nonlooped_parent:product,3217,True,0.0,4,True,0.8703761268262357,0.0,2026-05-19,bm_eligible
NBR,Balancing Reserve,downward,2026-05-19 07:00:00+00:00,2026-05-19T07:30:00+00:00,0.5,10.0,0.0159694627415472,0.5,True,0.0733910880565107,0.0,0.2175940317065589,0.0,0.0,0.2175940317065589,nonlooped_parent:product,3217,True,0.0,0,True,0.0,0.0,2026-05-19,bm_eligible
NBR,Balancing Reserve,downward,2026-05-19 07:30:00+00:00,2026-05-19T08:00:00+00:00,0.5,10.0,0.0165423378705129,0.5,True,0.0760238584706287,0.0,0.2175940317065589,0.0,0.0,0.2175940317065589,nonlooped_parent:product,3217,True,0.0,2,True,0.4351880634131178,0.0,2026-05-19,bm_eligible
PBR,Balancing Reserve,upward,2026-05-19 08:00:00+00:00,2026-05-19T08:30:00+00:00,0.5,10.0,4.038801374313072,0.5,True,7.834108784048833,13.56,0.5155406295271961,0.0,0.0,0.5855288902027331,standalone_parent:product_margin_quantity,228,True,2.4,474,True,5.855288902027331,7.026346682432797,2026-05-19,bm_eligible
PBR,Balancing Reserve,upward,2026-05-19 08:30:00+00:00,2026-05-19T09:00:00+00:00,0.5,10.0,4.028908281877939,0.5,True,7.814919040566915,13.56,0.5155406295271961,0.0,0.0,0.5855288902027331,standalone_parent:product_margin_quantity,228,True,2.4,476,True,5.855288902027331,7.026346682432797,2026-05-19,bm_eligible
PBR,Balancing Reserve,upward,2026-05-19 09:00:00+00:00,2026-05-19T09:30:00+00:00,0.5,10.0,2.775110916915435,0.5,True,5.382914086636581,5.68,0.5155406295271961,0.0,0.0,0.5324290138993903,standalone_parent:product_margin_quantity,344,True,2.4,476,True,5.324290138993904,6.389148166792684,2026-05-19,bm_eligible
PBR,Balancing Reserve,upward,2026-05-19 09:30:00+00:00,2026-05-19T10:00:00+00:00,0.5,10.0,2.917195875139245,0.5,True,5.65851788987924,7.16,0.5155406295271961,0.0,0.0,0.5324290138993903,standalone_parent:product_margin_quantity,344,True,2.34,496,True,5.324290138993904,6.229419462622867,2026-05-19,bm_eligible
DRL,Dynamic Regulation,upward,2026-05-19 10:00:00+00:00,2026-05-19T14:00:00+00:00,4.0,25.0,5.080170270110083,1.0,False,17.228921205115522,19.2,0.294862934807648,0.0,0.0,0.4781843929077178,standalone_parent:product_margin_quantity,466,True,13.64,480,True,11.954609822692944,652.2435119261271,2026-05-19,bm_eligible
DRL,Dynamic Regulation,upward,2026-05-19 14:00:00+00:00,2026-05-19T18:00:00+00:00,4.0,25.0,6.23832246573372,1.0,False,21.156685799804748,23.93,0.294862934807648,27.2967800667152,0.272967800667152,0.4781843929077178,standalone_parent:product_margin_quantity,466,True,23.94,480,True,11.954609822692944,1144.7734366210764,2026-05-19,bm_eligible
DRL,Dynamic Regulation,upward,2026-05-19 18:00:00+00:00,2026-05-19T22:00:00+00:00,4.0,1.0,6.591145969346608,1.0,False,22.353253635104394,25.41,0.294862934807648,11.950037968873405,2.9875094922183507,0.4738983688433393,standalone_parent:product_margin,1454,True,22.41,480,True,0.4738983688433393,42.48024978311694,2026-05-19,bm_eligible
NQR,Quick Reserve,downward,2026-05-19 18:00:00+00:00,2026-05-19T18:30:00+00:00,0.5,24.0,0.0799403682402711,1.0,False,0.909299765639556,0.0,0.0879142074605562,0.0,0.0,0.4126759714306841,standalone_parent:product_margin_quantity,707,True,0.45,300,True,9.904223314336418,2.228450245725694,2026-05-19,bm_eligible
NQR,Quick Reserve,downward,2026-05-19 18:30:00+00:00,2026-05-19T19:00:00+00:00,0.5,24.0,0.0561403520146739,1.0,False,0.6385811080633581,0.0,0.0879142074605562,0.0,0.0,0.4126759714306841,standalone_parent:product_margin_quantity,707,True,0.0,350,True,9.904223314336418,0.0,2026-05-19,bm_eligible
NQR,Quick Reserve,downward,2026-05-19 19:00:00+00:00,2026-05-19T19:30:00+00:00,0.5,24.0,0.0281535831443948,1.0,False,0.320239287341881,0.0,0.0879142074605562,0.0,0.0,0.4126759714306841,standalone_parent:product_margin_quantity,707,True,0.0,347,True,9.904223314336418,0.0,2026-05-19,bm_eligible
NQR,Quick Reserve,downward,2026-05-19 19:30:00+00:00,2026-05-19T20:00:00+00:00,0.5,24.0,0.0413868988213093,1.0,False,0.4707646240214133,0.0,0.0879142074605562,0.0,0.0,0.4126759714306841,standalone_parent:product_margin_quantity,707,True,0.0,348,True,9.904223314336418,0.0,2026-05-19,bm_eligible
NQR,Quick Reserve,downward,2026-05-19 20:00:00+00:00,2026-05-19T20:30:00+00:00,0.5,24.0,0.0679663276594708,1.0,False,0.7730983378308306,0.0,0.0879142074605562,0.0,0.0,0.4126759714306841,standalone_parent:product_margin_quantity,707,True,0.0,342,True,9.904223314336418,0.0,2026-05-19,bm_eligible
PBR,Balancing Reserve,upward,2026-05-19 20:30:00+00:00,2026-05-19T21:00:00+00:00,0.5,24.0,2.787918222211843,0.5,True,5.4077565618225885,1.98,0.5155406295271961,0.0,0.0,0.6883840047139721,standalone_parent:product_margin_quantity,1536,True,3.76,400,True,16.52121611313533,31.059886292694426,2026-05-19,bm_eligible
PBR,Balancing Reserve,upward,2026-05-19 21:00:00+00:00,2026-05-19T21:30:00+00:00,0.5,24.0,4.0370759248874775,0.5,True,7.830761910249231,14.67,0.5155406295271961,0.0,0.0,0.6387379380185993,standalone_parent:product_margin_quantity,507,True,3.76,400,True,15.329710512446384,28.8198557633992,2026-05-19,bm_eligible
PSR,Slow Reserve,upward,2026-05-19 21:30:00+00:00,2026-05-19T22:00:00+00:00,0.5,24.0,2.3111333203914066,1.0,False,4.265177573866776,4.4,0.5418609847693051,0.0,0.0,0.55535754449506,standalone_parent:product_margin_quantity,40443,True,3.86,1801,True,13.32858106788144,25.724161461011175,2026-05-19,bm_eligible
PSR,Slow Reserve,upward,2026-05-19 22:00:00+00:00,2026-05-19T22:30:00+00:00,0.5,25.0,1.9631964284943,1.0,False,3.6230628956061897,3.04,0.5418609847693051,0.0,0.0,0.55535754449506,standalone_parent:product_margin_quantity,40443,True,1.89,1800,True,13.8839386123765,13.120321988695792,2026-05-19,bm_eligible
PBR,Balancing Reserve,upward,2026-05-19 22:30:00+00:00,2026-05-19T23:00:00+00:00,0.5,25.0,1.0588683382586197,0.5,True,2.0538989123509257,2.13,0.5155406295271961,0.0,0.0,0.5988766951675288,standalone_parent:product_margin_quantity,2107,True,0.02,200,True,14.971917379188222,0.1497191737918822,2026-05-19,bm_eligible
PSR,Slow Reserve,upward,2026-05-19 23:00:00+00:00,2026-05-19T23:30:00+00:00,0.5,25.0,0.8018791036945323,1.0,False,1.4798613043452995,2.15,0.5418609847693051,0.0,0.0,0.55535754449506,standalone_parent:product_margin_quantity,40443,True,1.89,1800,True,13.8839386123765,13.120321988695792,2026-05-20,non_bm
PSR,Slow Reserve,upward,2026-05-19 23:30:00+00:00,2026-05-20T00:00:00+00:00,0.5,25.0,0.7399445610986457,1.0,False,1.3655616143200895,1.85,0.5418609847693051,0.0,0.0,0.651420115892579,standalone_parent:product_margin_quantity,11247,True,1.89,1800,True,16.285502897314473,15.389800237962175,2026-05-20,non_bm
PSR,Slow Reserve,upward,2026-05-20 00:00:00+00:00,2026-05-20T00:30:00+00:00,0.5,25.0,0.7009031074888578,1.0,False,1.2935109321208356,2.09,0.5418609847693051,0.0,0.0,0.55535754449506,standalone_parent:product_margin_quantity,40443,True,0.89,1802,True,13.8839386123765,6.178352682507542,2026-05-20,non_bm
PSR,Slow Reserve,upward,2026-05-20 00:30:00+00:00,2026-05-20T01:00:00+00:00,0.5,25.0,0.8142417424675997,1.0,False,1.5026764527330927,2.09,0.5418609847693051,0.0,0.0,0.55535754449506,standalone_parent:product_margin_quantity,40443,True,0.89,1802,True,13.8839386123765,6.178352682507542,2026-05-20,non_bm
PSR,Slow Reserve,upward,2026-05-20 01:00:00+00:00,2026-05-20T01:30:00+00:00,0.5,25.0,0.8184398465793931,1.0,False,1.510424019414943,2.09,0.5418609847693051,0.0,0.0,0.55535754449506,standalone_parent:product_margin_quantity,40443,True,0.89,1802,True,13.8839386123765,6.178352682507542,2026-05-20,non_bm
PSR,Slow Reserve,upward,2026-05-20 01:30:00+00:00,2026-05-20T02:00:00+00:00,0.5,25.0,0.8879933343895172,1.0,False,1.6387844102995834,1.95,0.5418609847693051,0.0,0.0,0.651420115892579,standalone_parent:product_margin_quantity,11247,True,0.89,1802,True,16.285502897314473,7.24704878930494,2026-05-20,non_bm
DRL,Dynamic Regulation,upward,2026-05-20 02:00:00+00:00,2026-05-20T06:00:00+00:00,4.0,25.0,5.024089133387786,1.0,False,17.03872728752842,13.64,0.294862934807648,22.340028995384728,0.2234002899538472,0.4781843929077178,standalone_parent:product_margin_quantity,466,True,8.46,480,True,11.954609822692944,404.54399639992926,2026-05-20,non_bm
DRL,Dynamic Regulation,upward,2026-05-20 06:00:00+00:00,2026-05-20T10:00:00+00:00,4.0,25.0,4.840210960354445,1.0,False,16.415121702264564,14.35,0.294862934807648,192.2649370149602,1.922649370149602,0.4781843929077178,standalone_parent:product_margin_quantity,466,True,16.63,480,True,11.954609822692944,795.2206454055346,2026-05-20,non_bm
DRL,Dynamic Regulation,upward,2026-05-20 10:00:00+00:00,2026-05-20T14:00:00+00:00,4.0,25.0,4.651731475883146,1.0,False,15.775911200631825,13.64,0.294862934807648,0.0,0.0,0.4781843929077178,standalone_parent:product_margin_quantity,466,True,13.3,480,True,11.954609822692944,635.9852425672647,2026-05-20,non_bm
DRL,Dynamic Regulation,upward,2026-05-20 14:00:00+00:00,2026-05-20T18:00:00+00:00,4.0,25.0,6.292875726128756,1.0,False,21.34169806806635,23.94,0.294862934807648,29.66618131723135,0.2966618131723135,0.4781843929077178,standalone_parent:product_margin_quantity,466,True,18.26,480,True,11.954609822692944,873.1647014494928,2026-05-20,non_bm
DRL,Dynamic Regulation,upward,2026-05-20 18:00:00+00:00,2026-05-20T22:00:00+00:00,4.0,4.0,6.3799136553704185,1.0,False,21.63687904528358,22.41,0.294862934807648,53.81678324753421,3.363548952970888,0.4738983688433393,standalone_parent:product_margin,1454,True,24.14,480,True,1.8955934753733572,183.0385059820514,2026-05-20,non_bm
NQR,Quick Reserve,downward,2026-05-20 18:00:00+00:00,2026-05-20T18:30:00+00:00,0.5,21.0,0.0921011144392436,1.0,False,1.0476249186522657,0.45,0.0879142074605562,0.0,0.0,0.4126759714306841,standalone_parent:product_margin_quantity,707,True,5.0,297,True,8.666195400044366,21.665488500110914,2026-05-20,non_bm
NQR,Quick Reserve,downward,2026-05-20 18:30:00+00:00,2026-05-20T19:00:00+00:00,0.5,21.0,0.0618819421015432,1.0,False,0.7038901207100946,0.0,0.0879142074605562,0.0,0.0,0.4126759714306841,standalone_parent:product_margin_quantity,707,True,0.5,300,True,8.666195400044366,2.1665488500110914,2026-05-20,non_bm
NQR,Quick Reserve,downward,2026-05-20 19:00:00+00:00,2026-05-20T19:30:00+00:00,0.5,21.0,0.035480497379863,1.0,False,0.4035809274147387,0.0,0.0879142074605562,3.637978807091713e-12,3.464741721039727e-13,0.4178279196023338,standalone_parent:product_margin_quantity,219,True,0.13,300,True,8.77438631164901,0.5703351102571856,2026-05-20,non_bm
NQR,Quick Reserve,downward,2026-05-20 19:30:00+00:00,2026-05-20T20:00:00+00:00,0.5,21.0,0.0540884361477955,1.0,False,0.6152411278013616,0.0,0.0879142074605562,3.637978807091713e-12,3.464741721039727e-13,0.4178279196023338,standalone_parent:product_margin_quantity,219,True,1.0,300,True,8.77438631164901,4.387193155824505,2026-05-20,non_bm
NQR,Quick Reserve,downward,2026-05-20 20:00:00+00:00,2026-05-20T20:30:00+00:00,0.5,21.0,0.0674469946680324,1.0,False,0.7671910674767024,0.0,0.0879142074605562,0.0,0.0,0.4126759714306841,standalone_parent:product_margin_quantity,707,True,1.0,300,True,8.666195400044366,4.333097700022183,2026-05-20,non_bm
PSR,Slow Reserve,upward,2026-05-20 20:30:00+00:00,2026-05-20T21:00:00+00:00,0.5,21.0,2.127801385532289,1.0,False,3.9268399928040414,3.86,0.5418609847693051,3.637978807091713e-12,3.464741721039727e-13,0.55535754449506,standalone_parent:product_margin_quantity,40443,True,7.0,1805,True,11.66250843439626,40.81877952038691,2026-05-20,non_bm
PSR,Slow Reserve,upward,2026-05-20 21:00:00+00:00,2026-05-20T21:30:00+00:00,0.5,21.0,2.121095449433005,1.0,False,3.9144642427726217,3.86,0.5418609847693051,0.0,0.0,0.55535754449506,standalone_parent:product_margin_quantity,40443,True,7.0,1805,True,11.66250843439626,40.81877952038691,2026-05-20,non_bm
PQR,Quick Reserve,upward,2026-05-20 21:30:00+00:00,2026-05-20T22:00:00+00:00,0.5,21.0,2.322212003487561,1.0,False,10.044396865130572,11.78,0.2311947680551323,0.0,0.0,0.5860966956151924,standalone_parent:product_margin_quantity,816,True,10.19,500,True,12.30803060791904,62.70941594734751,2026-05-20,non_bm
PSR,Slow Reserve,upward,2026-05-20 22:00:00+00:00,2026-05-20T22:30:00+00:00,0.5,25.0,1.809767098445811,1.0,False,3.3399103262921046,1.89,0.5418609847693051,0.0,0.0,0.651420115892579,standalone_parent:product_margin_quantity,11247,True,13.95,1800,True,16.285502897314473,113.59138270876844,2026-05-20,non_bm
PSR,Slow Reserve,upward,2026-05-20 22:30:00+00:00,2026-05-20T23:00:00+00:00,0.5,25.0,0.8523087205831475,1.0,False,1.5729287484058558,1.89,0.5418609847693051,0.0,0.0,0.651420115892579,standalone_parent:product_margin_quantity,11247,True,13.95,1800,True,16.285502897314473,113.59138270876844,2026-05-20,non_bm
PBR,Balancing Reserve,upward,2026-05-19 23:00:00+00:00,2026-05-19T23:30:00+00:00,0.5,25.0,0.8475540314583462,0.5,True,1.6440101573287067,2.13,0.5155406295271961,0.0,0.0,0.5988766951675288,standalone_parent:product_margin_quantity,2107,True,0.02,200,True,14.971917379188222,0.1497191737918822,2026-05-20,bm_eligible
PBR,Balancing Reserve,upward,2026-05-19 23:30:00+00:00,2026-05-20T00:00:00+00:00,0.5,25.0,0.8833492637558256,0.5,True,1.713442574964359,2.13,0.5155406295271961,0.0,0.0,0.5988766951675288,standalone_parent:product_margin_quantity,2107,True,0.02,200,True,14.971917379188222,0.1497191737918822,2026-05-20,bm_eligible
PSR,Slow Reserve,upward,2026-05-20 00:00:00+00:00,2026-05-20T00:30:00+00:00,0.5,25.0,0.7009031074888578,1.0,False,1.2935109321208356,2.09,0.5418609847693051,0.0,0.0,0.55535754449506,standalone_parent:product_margin_quantity,40443,True,0.89,1802,True,13.8839386123765,6.178352682507542,2026-05-20,bm_eligible
PSR,Slow Reserve,upward,2026-05-20 00:30:00+00:00,2026-05-20T01:00:00+00:00,0.5,25.0,0.8142417424675997,1.0,False,1.5026764527330927,2.09,0.5418609847693051,0.0,0.0,0.55535754449506,standalone_parent:product_margin_quantity,40443,True,0.89,1802,True,13.8839386123765,6.178352682507542,2026-05-20,bm_eligible
PSR,Slow Reserve,upward,2026-05-20 01:00:00+00:00,2026-05-20T01:30:00+00:00,0.5,25.0,0.8184398465793931,1.0,False,1.510424019414943,2.09,0.5418609847693051,0.0,0.0,0.55535754449506,standalone_parent:product_margin_quantity,40443,True,0.89,1802,True,13.8839386123765,6.178352682507542,2026-05-20,bm_eligible
PSR,Slow Reserve,upward,2026-05-20 01:30:00+00:00,2026-05-20T02:00:00+00:00,0.5,25.0,0.8879933343895172,1.0,False,1.6387844102995834,1.95,0.5418609847693051,0.0,0.0,0.651420115892579,standalone_parent:product_margin_quantity,11247,True,0.89,1802,True,16.285502897314473,7.24704878930494,2026-05-20,bm_eligible
DRL,Dynamic Regulation,upward,2026-05-20 02:00:00+00:00,2026-05-20T06:00:00+00:00,4.0,25.0,5.024089133387786,1.0,False,17.03872728752842,13.64,0.294862934807648,22.340028995384728,0.2234002899538472,0.4781843929077178,standalone_parent:product_margin_quantity,466,True,8.46,480,True,11.954609822692944,404.54399639992926,2026-05-20,bm_eligible
DRL,Dynamic Regulation,upward,2026-05-20 06:00:00+00:00,2026-05-20T10:00:00+00:00,4.0,17.0,4.840210960354445,1.0,False,16.415121702264564,14.35,0.294862934807648,99.5240121968477,1.463588414659525,0.4781843929077178,standalone_parent:product_margin_quantity,466,True,16.63,480,True,8.129134679431203,540.7500388757636,2026-05-20,bm_eligible
NBR,Balancing Reserve,downward,2026-05-20 06:00:00+00:00,2026-05-20T06:30:00+00:00,0.5,8.0,0.013074833037659,0.5,True,0.0600881969744988,0.0,0.2175940317065589,0.0,0.0,0.2175940317065589,nonlooped_parent:product,3217,True,0.0,4,True,0.8703761268262357,0.0,2026-05-20,bm_eligible
NBR,Balancing Reserve,downward,2026-05-20 06:30:00+00:00,2026-05-20T07:00:00+00:00,0.5,8.0,0.0145781248537343,0.5,True,0.0669968966492335,0.0,0.2175940317065589,0.0,0.0,0.2175940317065589,nonlooped_parent:product,3217,True,0.0,4,True,0.8703761268262357,0.0,2026-05-20,bm_eligible
NBR,Balancing Reserve,downward,2026-05-20 07:30:00+00:00,2026-05-20T08:00:00+00:00,0.5,8.0,0.0070260163979881,0.5,True,0.0322895639318971,0.0,0.2175940317065589,0.0,0.0,0.2175940317065589,nonlooped_parent:product,3217,True,0.0,4,True,0.8703761268262357,0.0,2026-05-20,bm_eligible
PBR,Balancing Reserve,upward,2026-05-20 08:00:00+00:00,2026-05-20T08:30:00+00:00,0.5,8.0,2.7102029288402965,0.5,True,5.257011326781037,2.4,0.5155406295271961,0.0,0.0,0.6617346850579412,standalone_parent:product_margin_quantity,1009,True,1.75,455,True,5.29387748046353,4.6321427954055885,2026-05-20,bm_eligible
PBR,Balancing Reserve,upward,2026-05-20 08:30:00+00:00,2026-05-20T09:00:00+00:00,0.5,8.0,2.681307761244885,0.5,True,5.200963042823453,2.4,0.5155406295271961,0.0,0.0,0.6617346850579412,standalone_parent:product_margin_quantity,1009,True,2.4,437,True,5.29387748046353,6.352652976556235,2026-05-20,bm_eligible
PBR,Balancing Reserve,upward,2026-05-20 09:00:00+00:00,2026-05-20T09:30:00+00:00,0.5,8.0,2.2935532879154965,0.5,True,4.448831297775543,2.4,0.5155406295271961,0.0,0.0,0.6617346850579412,standalone_parent:product_margin_quantity,1009,True,2.4,419,True,5.29387748046353,6.352652976556235,2026-05-20,bm_eligible
PBR,Balancing Reserve,upward,2026-05-20 09:30:00+00:00,2026-05-20T10:00:00+00:00,0.5,8.0,2.21854303990034,0.5,True,4.3033330698590575,2.34,0.5155406295271961,0.0,0.0,0.6617346850579412,standalone_parent:product_margin_quantity,1009,True,2.4,399,True,5.29387748046353,6.352652976556235,2026-05-20,bm_eligible
DRL,Dynamic Regulation,upward,2026-05-20 10:00:00+00:00,2026-05-20T14:00:00+00:00,4.0,25.0,4.651731475883146,1.0,False,15.775911200631825,13.64,0.294862934807648,0.0,0.0,0.4781843929077178,standalone_parent:product_margin_quantity,466,True,13.3,480,True,11.954609822692944,635.9852425672647,2026-05-20,bm_eligible
DRL,Dynamic Regulation,upward,2026-05-20 14:00:00+00:00,2026-05-20T18:00:00+00:00,4.0,25.0,6.292875726128756,1.0,False,21.34169806806635,23.94,0.294862934807648,29.66618131723135,0.2966618131723135,0.4781843929077178,standalone_parent:product_margin_quantity,466,True,18.26,480,True,11.954609822692944,873.1647014494928,2026-05-20,bm_eligible
DRL,Dynamic Regulation,upward,2026-05-20 18:00:00+00:00,2026-05-20T22:00:00+00:00,4.0,4.0,6.3799136553704185,1.0,False,21.63687904528358,22.41,0.294862934807648,53.81678324753421,3.363548952970888,0.4738983688433393,standalone_parent:product_margin,1454,True,24.14,480,True,1.8955934753733572,183.0385059820514,2026-05-20,bm_eligible
NQR,Quick Reserve,downward,2026-05-20 18:00:00+00:00,2026-05-20T18:30:00+00:00,0.5,21.0,0.0921011144392436,1.0,False,1.0476249186522657,0.45,0.0879142074605562,0.0,0.0,0.4126759714306841,standalone_parent:product_margin_quantity,707,True,5.0,297,True,8.666195400044366,21.665488500110914,2026-05-20,bm_eligible
NQR,Quick Reserve,downward,2026-05-20 18:30:00+00:00,2026-05-20T19:00:00+00:00,0.5,21.0,0.0618819421015432,1.0,False,0.7038901207100946,0.0,0.0879142074605562,0.0,0.0,0.4126759714306841,standalone_parent:product_margin_quantity,707,True,0.5,300,True,8.666195400044366,2.1665488500110914,2026-05-20,bm_eligible
NQR,Quick Reserve,downward,2026-05-20 19:00:00+00:00,2026-05-20T19:30:00+00:00,0.5,21.0,0.035480497379863,1.0,False,0.4035809274147387,0.0,0.0879142074605562,3.637978807091713e-12,3.464741721039727e-13,0.4178279196023338,standalone_parent:product_margin_quantity,219,True,0.13,300,True,8.77438631164901,0.5703351102571856,2026-05-20,bm_eligible
NQR,Quick Reserve,downward,2026-05-20 19:30:00+00:00,2026-05-20T20:00:00+00:00,0.5,21.0,0.0540884361477955,1.0,False,0.6152411278013616,0.0,0.0879142074605562,3.637978807091713e-12,3.464741721039727e-13,0.4178279196023338,standalone_parent:product_margin_quantity,219,True,1.0,300,True,8.77438631164901,4.387193155824505,2026-05-20,bm_eligible
NQR,Quick Reserve,downward,2026-05-20 20:00:00+00:00,2026-05-20T20:30:00+00:00,0.5,21.0,0.0674469946680324,1.0,False,0.7671910674767024,0.0,0.0879142074605562,0.0,0.0,0.4126759714306841,standalone_parent:product_margin_quantity,707,True,1.0,300,True,8.666195400044366,4.333097700022183,2026-05-20,bm_eligible
PBR,Balancing Reserve,upward,2026-05-20 20:30:00+00:00,2026-05-20T21:00:00+00:00,0.5,21.0,2.8042780356666297,0.5,True,5.4394898773321545,3.76,0.5155406295271961,0.0,0.0,0.5988766951675288,standalone_parent:product_margin_quantity,2107,True,3.56,400,True,12.576410598518104,22.386010865362227,2026-05-20,bm_eligible
PBR,Balancing Reserve,upward,2026-05-20 21:00:00+00:00,2026-05-20T21:30:00+00:00,0.5,21.0,2.738989544772552,0.5,True,5.312849051847741,3.76,0.5155406295271961,0.0,0.0,0.5988766951675288,standalone_parent:product_margin_quantity,2107,True,3.56,400,True,12.576410598518104,22.386010865362227,2026-05-20,bm_eligible
PQR,Quick Reserve,upward,2026-05-20 21:30:00+00:00,2026-05-20T22:00:00+00:00,0.5,21.0,2.322212003487561,1.0,False,10.044396865130572,11.78,0.2311947680551323,0.0,0.0,0.5860966956151924,standalone_parent:product_margin_quantity,816,True,10.19,500,True,12.30803060791904,62.70941594734751,2026-05-20,bm_eligible
PSR,Slow Reserve,upward,2026-05-20 22:00:00+00:00,2026-05-20T22:30:00+00:00,0.5,25.0,1.809767098445811,1.0,False,3.3399103262921046,1.89,0.5418609847693051,0.0,0.0,0.651420115892579,standalone_parent:product_margin_quantity,11247,True,13.95,1800,True,16.285502897314473,113.59138270876844,2026-05-20,bm_eligible
PSR,Slow Reserve,upward,2026-05-20 22:30:00+00:00,2026-05-20T23:00:00+00:00,0.5,25.0,0.8523087205831475,1.0,False,1.5729287484058558,1.89,0.5418609847693051,0.0,0.0,0.651420115892579,standalone_parent:product_margin_quantity,11247,True,13.95,1800,True,16.285502897314473,113.59138270876844,2026-05-20,bm_eligible
PSR,Slow Reserve,upward,2026-05-20 23:00:00+00:00,2026-05-20T23:30:00+00:00,0.5,25.0,0.7103994513531002,1.0,False,1.311036356779866,1.89,0.5418609847693051,0.0,0.0,0.651420115892579,standalone_parent:product_margin_quantity,11247,True,13.95,1800,True,16.285502897314473,113.59138270876844,2026-05-21,non_bm
PSR,Slow Reserve,upward,2026-05-20 23:30:00+00:00,2026-05-21T00:00:00+00:00,0.5,25.0,0.6599945374043694,1.0,False,1.218014501792114,1.89,0.5418609847693051,0.0,0.0,0.651420115892579,standalone_parent:product_margin_quantity,11247,True,13.95,1800,True,16.285502897314473,113.59138270876844,2026-05-21,non_bm
PSR,Slow Reserve,upward,2026-05-21 00:00:00+00:00,2026-05-21T00:30:00+00:00,0.5,25.0,0.6158574758548025,1.0,False,1.136559916962837,0.89,0.5418609847693051,0.0,0.0,0.6641209477482147,standalone_parent:product_margin_quantity,5151,True,1.0,1803,True,16.603023693705367,8.301511846852684,2026-05-21,non_bm
PSR,Slow Reserve,upward,2026-05-21 00:30:00+00:00,2026-05-21T01:00:00+00:00,0.5,25.0,0.7096731630231493,1.0,False,1.3096959976280438,0.89,0.5418609847693051,0.0,0.0,0.6641209477482147,standalone_parent:product_margin_quantity,5151,True,1.0,1803,True,16.603023693705367,8.301511846852684,2026-05-21,non_bm
PSR,Slow Reserve,upward,2026-05-21 01:00:00+00:00,2026-05-21T01:30:00+00:00,0.5,25.0,0.7122181007030554,1.0,False,1.3143926592284163,0.89,0.5418609847693051,0.0,0.0,0.6641209477482147,standalone_parent:product_margin_quantity,5151,True,1.0,1803,True,16.603023693705367,8.301511846852684,2026-05-21,non_bm
PSR,Slow Reserve,upward,2026-05-21 01:30:00+00:00,2026-05-21T02:00:00+00:00,0.5,25.0,0.7231629436806846,1.0,False,1.3345912771124644,0.89,0.5418609847693051,0.0,0.0,0.6641209477482147,standalone_parent:product_margin_quantity,5151,True,1.78,1813,True,16.603023693705367,14.776691087397776,2026-05-21,non_bm
DRL,Dynamic Regulation,upward,2026-05-21 02:00:00+00:00,2026-05-21T06:00:00+00:00,4.0,25.0,4.314814745885438,1.0,False,14.633289696788037,8.46,0.294862934807648,8.692525649577647,0.0869252564957764,0.4218546033939952,standalone_parent:product_margin_quantity,286,True,19.59,480,True,10.54636508484988,826.4131680488366,2026-05-21,non_bm
DRL,Dynamic Regulation,upward,2026-05-21 06:00:00+00:00,2026-05-21T10:00:00+00:00,4.0,25.0,4.683134877700085,1.0,False,15.882412893825054,16.63,0.294862934807648,103.94557221711784,1.0394557221711784,0.4781843929077178,standalone_parent:product_margin_quantity,466,True,16.89,480,True,11.954609822692944,807.6534396211354,2026-05-21,non_bm
DRL,Dynamic Regulation,upward,2026-05-21 10:00:00+00:00,2026-05-21T14:00:00+00:00,4.0,25.0,4.324029089808611,1.0,False,14.664539280358731,13.3,0.294862934807648,0.0,0.0,0.4781843929077178,standalone_parent:product_margin_quantity,466,True,16.44,480,True,11.954609822692944,786.1351419402881,2026-05-21,non_bm
DRL,Dynamic Regulation,upward,2026-05-21 14:00:00+00:00,2026-05-21T18:00:00+00:00,4.0,25.0,5.389694803765008,1.0,False,18.27864464308117,18.26,0.294862934807648,24.81890697299241,0.248189069729924,0.4781843929077178,standalone_parent:product_margin_quantity,466,True,19.47,480,True,11.954609822692944,931.0250129913264,2026-05-21,non_bm
DRL,Dynamic Regulation,upward,2026-05-21 18:00:00+00:00,2026-05-21T22:00:00+00:00,4.0,5.0,6.221217658101636,1.0,False,21.09867644829625,24.14,0.294862934807648,55.54832470056658,2.777416235028329,0.4738983688433393,standalone_parent:product_margin,1454,True,4.79,480,True,2.369491844216697,45.39946373519191,2026-05-21,non_bm
NQR,Quick Reserve,downward,2026-05-21 18:00:00+00:00,2026-05-21T18:30:00+00:00,0.5,20.0,0.0898206457720789,1.0,False,1.0216852129660383,5.0,0.0879142074605562,0.0,0.0,0.4280873563995256,standalone_parent:product_margin_quantity,313,True,1.29,300,True,8.561747127990513,5.522326897553881,2026-05-21,non_bm
NQR,Quick Reserve,downward,2026-05-21 18:30:00+00:00,2026-05-21T19:00:00+00:00,0.5,20.0,0.0291752395184518,1.0,False,0.3318603484145801,0.5,0.0879142074605562,0.0,0.0,0.4719198038459597,standalone_parent:product_margin_quantity,203,True,0.0,323,True,9.438396076919194,0.0,2026-05-21,non_bm
NQR,Quick Reserve,downward,2026-05-21 19:00:00+00:00,2026-05-21T19:30:00+00:00,0.5,20.0,0.0089705644438263,1.0,False,0.1020377104332206,0.13,0.0879142074605562,0.0,0.0,0.4126759714306841,standalone_parent:product_margin_quantity,707,True,0.0,350,True,8.253519428613682,0.0,2026-05-21,non_bm
NQR,Quick Reserve,downward,2026-05-21 19:30:00+00:00,2026-05-21T20:00:00+00:00,0.5,20.0,0.0311473760332924,1.0,False,0.3542928604260812,1.0,0.0879142074605562,0.0,0.0,0.3660242464560623,standalone_parent:product_margin_quantity,268,True,0.0,350,True,7.320484929121246,0.0,2026-05-21,non_bm
NQR,Quick Reserve,downward,2026-05-21 20:00:00+00:00,2026-05-21T20:30:00+00:00,0.5,20.0,0.0453218680779176,1.0,False,0.5155238201772094,1.0,0.0879142074605562,0.0,0.0,0.3660242464560623,standalone_parent:product_margin_quantity,268,True,0.0,330,True,7.320484929121246,0.0,2026-05-21,non_bm
NQR,Quick Reserve,downward,2026-05-21 20:30:00+00:00,2026-05-21T21:00:00+00:00,0.5,2.0,0.0403005331574393,1.0,False,0.4584075125231679,0.0,0.0879142074605562,0.0,0.0,0.3772274695177137,standalone_parent:product_margin,1250,True,0.0,333,True,0.7544549390354275,0.0,2026-05-21,non_bm
PSR,Slow Reserve,upward,2026-05-21 20:30:00+00:00,2026-05-21T21:00:00+00:00,0.5,18.0,2.1152275737624167,1.0,False,3.9036351263838736,7.0,0.5418609847693051,0.0,0.0,0.5418191976625076,standalone_parent:product_margin_quantity,19955,True,4.0,1810,True,9.752745557925138,19.50549111585028,2026-05-21,non_bm
PSR,Slow Reserve,upward,2026-05-21 21:00:00+00:00,2026-05-21T21:30:00+00:00,0.5,20.0,2.1095829177333045,1.0,False,3.893217960011367,7.0,0.5418609847693051,0.0,0.0,0.5418191976625076,standalone_parent:product_margin_quantity,19955,True,4.0,1810,True,10.836383953250152,21.672767906500304,2026-05-21,non_bm
PQR,Quick Reserve,upward,2026-05-21 21:30:00+00:00,2026-05-21T22:00:00+00:00,0.5,20.0,2.166920231538592,1.0,False,9.372704450741953,10.19,0.2311947680551323,0.0,0.0,0.5860966956151924,standalone_parent:product_margin_quantity,816,True,13.89,470,True,11.721933912303848,81.40883102095023,2026-05-21,non_bm
PSR,Slow Reserve,upward,2026-05-21 22:00:00+00:00,2026-05-21T22:30:00+00:00,0.5,25.0,2.096740788874655,1.0,False,3.869517916606107,13.95,0.5418609847693051,0.0,0.0,0.6255222176279748,standalone_parent:product_margin_quantity,1325,True,1.74,1803,True,15.63805544069937,13.605108233408451,2026-05-21,non_bm
PSR,Slow Reserve,upward,2026-05-21 22:30:00+00:00,2026-05-21T23:00:00+00:00,0.5,25.0,1.2189996234882012,1.0,False,2.249653800055719,13.95,0.5418609847693051,0.0,0.0,0.6255222176279748,standalone_parent:product_margin_quantity,1325,True,1.74,1803,True,15.63805544069937,13.605108233408451,2026-05-21,non_bm
PSR,Slow Reserve,upward,2026-05-20 23:00:00+00:00,2026-05-20T23:30:00+00:00,0.5,25.0,0.7103994513531002,1.0,False,1.311036356779866,1.89,0.5418609847693051,0.0,0.0,0.651420115892579,standalone_parent:product_margin_quantity,11247,True,13.95,1800,True,16.285502897314473,113.59138270876844,2026-05-21,bm_eligible
PSR,Slow Reserve,upward,2026-05-20 23:30:00+00:00,2026-05-21T00:00:00+00:00,0.5,25.0,0.6599945374043694,1.0,False,1.218014501792114,1.89,0.5418609847693051,0.0,0.0,0.651420115892579,standalone_parent:product_margin_quantity,11247,True,13.95,1800,True,16.285502897314473,113.59138270876844,2026-05-21,bm_eligible
PSR,Slow Reserve,upward,2026-05-21 00:00:00+00:00,2026-05-21T00:30:00+00:00,0.5,25.0,0.6158574758548025,1.0,False,1.136559916962837,0.89,0.5418609847693051,0.0,0.0,0.6641209477482147,standalone_parent:product_margin_quantity,5151,True,1.0,1803,True,16.603023693705367,8.301511846852684,2026-05-21,bm_eligible
PSR,Slow Reserve,upward,2026-05-21 00:30:00+00:00,2026-05-21T01:00:00+00:00,0.5,25.0,0.7096731630231493,1.0,False,1.3096959976280438,0.89,0.5418609847693051,0.0,0.0,0.6641209477482147,standalone_parent:product_margin_quantity,5151,True,1.0,1803,True,16.603023693705367,8.301511846852684,2026-05-21,bm_eligible
PSR,Slow Reserve,upward,2026-05-21 01:00:00+00:00,2026-05-21T01:30:00+00:00,0.5,25.0,0.7122181007030554,1.0,False,1.3143926592284163,0.89,0.5418609847693051,0.0,0.0,0.6641209477482147,standalone_parent:product_margin_quantity,5151,True,1.0,1803,True,16.603023693705367,8.301511846852684,2026-05-21,bm_eligible
PSR,Slow Reserve,upward,2026-05-21 01:30:00+00:00,2026-05-21T02:00:00+00:00,0.5,25.0,0.7231629436806846,1.0,False,1.3345912771124644,0.89,0.5418609847693051,0.0,0.0,0.6641209477482147,standalone_parent:product_margin_quantity,5151,True,1.78,1813,True,16.603023693705367,14.776691087397776,2026-05-21,bm_eligible
DRL,Dynamic Regulation,upward,2026-05-21 02:00:00+00:00,2026-05-21T06:00:00+00:00,4.0,25.0,4.314814745885438,1.0,False,14.633289696788037,8.46,0.294862934807648,8.692525649577647,0.0869252564957764,0.4218546033939952,standalone_parent:product_margin_quantity,286,True,19.59,480,True,10.54636508484988,826.4131680488366,2026-05-21,bm_eligible
DRL,Dynamic Regulation,upward,2026-05-21 06:00:00+00:00,2026-05-21T10:00:00+00:00,4.0,25.0,4.683134877700085,1.0,False,15.882412893825054,16.63,0.294862934807648,103.94557221711784,1.0394557221711784,0.4781843929077178,standalone_parent:product_margin_quantity,466,True,16.89,480,True,11.954609822692944,807.6534396211354,2026-05-21,bm_eligible
DRL,Dynamic Regulation,upward,2026-05-21 10:00:00+00:00,2026-05-21T14:00:00+00:00,4.0,25.0,4.324029089808611,1.0,False,14.664539280358731,13.3,0.294862934807648,0.0,0.0,0.4781843929077178,standalone_parent:product_margin_quantity,466,True,16.44,480,True,11.954609822692944,786.1351419402881,2026-05-21,bm_eligible
DRL,Dynamic Regulation,upward,2026-05-21 14:00:00+00:00,2026-05-21T18:00:00+00:00,4.0,25.0,5.389694803765008,1.0,False,18.27864464308117,18.26,0.294862934807648,24.81890697299241,0.248189069729924,0.4781843929077178,standalone_parent:product_margin_quantity,466,True,19.47,480,True,11.954609822692944,931.0250129913264,2026-05-21,bm_eligible
DRL,Dynamic Regulation,upward,2026-05-21 18:00:00+00:00,2026-05-21T22:00:00+00:00,4.0,5.0,6.221217658101636,1.0,False,21.09867644829625,24.14,0.294862934807648,55.54832470056658,2.777416235028329,0.4738983688433393,standalone_parent:product_margin,1454,True,4.79,480,True,2.369491844216697,45.39946373519191,2026-05-21,bm_eligible
NQR,Quick Reserve,downward,2026-05-21 18:00:00+00:00,2026-05-21T18:30:00+00:00,0.5,20.0,0.0898206457720789,1.0,False,1.0216852129660383,5.0,0.0879142074605562,0.0,0.0,0.4280873563995256,standalone_parent:product_margin_quantity,313,True,1.29,300,True,8.561747127990513,5.522326897553881,2026-05-21,bm_eligible
NQR,Quick Reserve,downward,2026-05-21 18:30:00+00:00,2026-05-21T19:00:00+00:00,0.5,20.0,0.0291752395184518,1.0,False,0.3318603484145801,0.5,0.0879142074605562,0.0,0.0,0.4719198038459597,standalone_parent:product_margin_quantity,203,True,0.0,323,True,9.438396076919194,0.0,2026-05-21,bm_eligible
NBR,Balancing Reserve,downward,2026-05-21 19:00:00+00:00,2026-05-21T19:30:00+00:00,0.5,20.0,0.021581178235941,0.5,True,0.0991809291214604,0.0,0.2175940317065589,0.0,0.0,0.2175940317065589,nonlooped_parent:product,3217,True,0.0,4,True,0.8703761268262357,0.0,2026-05-21,bm_eligible
NQR,Quick Reserve,downward,2026-05-21 19:30:00+00:00,2026-05-21T20:00:00+00:00,0.5,20.0,0.0311473760332924,1.0,False,0.3542928604260812,1.0,0.0879142074605562,0.0,0.0,0.3660242464560623,standalone_parent:product_margin_quantity,268,True,0.0,350,True,7.320484929121246,0.0,2026-05-21,bm_eligible
NQR,Quick Reserve,downward,2026-05-21 20:00:00+00:00,2026-05-21T20:30:00+00:00,0.5,20.0,0.0453218680779176,1.0,False,0.5155238201772094,1.0,0.0879142074605562,0.0,0.0,0.3660242464560623,standalone_parent:product_margin_quantity,268,True,0.0,330,True,7.320484929121246,0.0,2026-05-21,bm_eligible
NQR,Quick Reserve,downward,2026-05-21 20:30:00+00:00,2026-05-21T21:00:00+00:00,0.5,2.0,0.0403005331574393,1.0,False,0.4584075125231679,0.0,0.0879142074605562,0.0,0.0,0.3772274695177137,standalone_parent:product_margin,1250,True,0.0,333,True,0.7544549390354275,0.0,2026-05-21,bm_eligible
PBR,Balancing Reserve,upward,2026-05-21 20:30:00+00:00,2026-05-21T21:00:00+00:00,0.5,18.0,2.285126630995673,0.5,True,4.432486015876905,3.56,0.5155406295271961,0.0,0.0,0.5988766951675288,standalone_parent:product_margin_quantity,2107,True,3.69,400,True,10.77978051301552,19.888695046513632,2026-05-21,bm_eligible
PBR,Balancing Reserve,upward,2026-05-21 21:00:00+00:00,2026-05-21T21:30:00+00:00,0.5,20.0,2.197873411032565,0.5,True,4.263239956564124,3.56,0.5155406295271961,0.0,0.0,0.5988766951675288,standalone_parent:product_margin_quantity,2107,True,0.94,400,True,11.977533903350576,5.62944093457477,2026-05-21,bm_eligible
PQR,Quick Reserve,upward,2026-05-21 21:30:00+00:00,2026-05-21T22:00:00+00:00,0.5,20.0,2.166920231538592,1.0,False,9.372704450741953,10.19,0.2311947680551323,0.0,0.0,0.5860966956151924,standalone_parent:product_margin_quantity,816,True,13.89,470,True,11.721933912303848,81.40883102095023,2026-05-21,bm_eligible
PSR,Slow Reserve,upward,2026-05-21 22:00:00+00:00,2026-05-21T22:30:00+00:00,0.5,25.0,2.096740788874655,1.0,False,3.869517916606107,13.95,0.5418609847693051,0.0,0.0,0.6255222176279748,standalone_parent:product_margin_quantity,1325,True,1.74,1803,True,15.63805544069937,13.605108233408451,2026-05-21,bm_eligible
PSR,Slow Reserve,upward,2026-05-21 22:30:00+00:00,2026-05-21T23:00:00+00:00,0.5,25.0,1.2189996234882012,1.0,False,2.249653800055719,13.95,0.5418609847693051,0.0,0.0,0.6255222176279748,standalone_parent:product_margin_quantity,1325,True,1.74,1803,True,15.63805544069937,13.605108233408451,2026-05-21,bm_eligible
PSR,Slow Reserve,upward,2026-05-21 23:00:00+00:00,2026-05-21T23:30:00+00:00,0.5,25.0,1.0393870495318025,1.0,False,1.9181802690118328,13.95,0.5418609847693051,0.0,0.0,0.6255222176279748,standalone_parent:product_margin_quantity,1325,True,1.74,1803,True,15.63805544069937,13.605108233408451,2026-05-22,non_bm
PSR,Slow Reserve,upward,2026-05-21 23:30:00+00:00,2026-05-22T00:00:00+00:00,0.5,25.0,0.9902132080859194,1.0,False,1.8274303482239047,13.95,0.5418609847693051,0.0,0.0,0.6255222176279748,standalone_parent:product_margin_quantity,1325,True,1.74,1803,True,15.63805544069937,13.605108233408451,2026-05-22,non_bm
PSR,Slow Reserve,upward,2026-05-22 00:00:00+00:00,2026-05-22T00:30:00+00:00,0.5,25.0,0.4931624068425395,1.0,False,0.9101271741358186,1.0,0.5418609847693051,0.0,0.0,0.651420115892579,standalone_parent:product_margin_quantity,11247,True,1.22,1800,True,16.285502897314473,9.934156767361827,2026-05-22,non_bm
PSR,Slow Reserve,upward,2026-05-22 00:30:00+00:00,2026-05-22T01:00:00+00:00,0.5,25.0,0.5455610272399698,1.0,False,1.0068283980110506,1.0,0.5418609847693051,0.0,0.0,0.651420115892579,standalone_parent:product_margin_quantity,11247,True,1.22,1800,True,16.285502897314473,9.934156767361827,2026-05-22,non_bm
PSR,Slow Reserve,upward,2026-05-22 01:00:00+00:00,2026-05-22T01:30:00+00:00,0.5,25.0,0.5391253135180953,1.0,False,0.994951341159256,1.0,0.5418609847693051,0.0,0.0,0.651420115892579,standalone_parent:product_margin_quantity,11247,True,1.22,1800,True,16.285502897314473,9.934156767361827,2026-05-22,non_bm
PSR,Slow Reserve,upward,2026-05-22 01:30:00+00:00,2026-05-22T02:00:00+00:00,0.5,25.0,0.53732531277096,1.0,False,0.9916294545541487,1.78,0.5418609847693051,0.0,0.0,0.651420115892579,standalone_parent:product_margin_quantity,11247,True,1.22,1800,True,16.285502897314473,9.934156767361827,2026-05-22,non_bm
DRL,Dynamic Regulation,upward,2026-05-22 02:00:00+00:00,2026-05-22T06:00:00+00:00,4.0,25.0,4.723128993537607,1.0,False,16.018049188239647,19.59,0.294862934807648,24.288665250844133,0.2428866525084413,0.4781843929077178,standalone_parent:product_margin_quantity,466,True,21.89,480,True,11.954609822692944,1046.7456360749943,2026-05-22,non_bm
DRL,Dynamic Regulation,upward,2026-05-22 06:00:00+00:00,2026-05-22T10:00:00+00:00,4.0,25.0,4.401873499372418,1.0,False,14.928541297480988,16.89,0.294862934807648,131.14664042643722,1.3114664042643722,0.4781843929077178,standalone_parent:product_margin_quantity,466,True,19.43,480,True,11.954609822692944,929.1122754196956,2026-05-22,non_bm
DRL,Dynamic Regulation,upward,2026-05-22 10:00:00+00:00,2026-05-22T14:00:00+00:00,4.0,25.0,4.285078852956507,1.0,False,14.532443203659527,16.44,0.294862934807648,0.0,0.0,0.4781843929077178,standalone_parent:product_margin_quantity,466,True,14.28,480,True,11.954609822692944,682.8473130722209,2026-05-22,non_bm
DRL,Dynamic Regulation,upward,2026-05-22 14:00:00+00:00,2026-05-22T18:00:00+00:00,4.0,25.0,5.315440379234734,1.0,False,18.026817723639045,19.47,0.294862934807648,23.34455833003085,0.2334455833003085,0.4781843929077178,standalone_parent:product_margin_quantity,466,True,11.55,480,True,11.954609822692944,552.3029738084141,2026-05-22,non_bm
NQR,Quick Reserve,downward,2026-05-22 18:00:00+00:00,2026-05-22T18:30:00+00:00,0.5,24.0,0.0323055805679601,1.0,False,0.3674671193783375,1.29,0.0879142074605562,0.0,0.0,0.3660242464560623,standalone_parent:product_margin_quantity,268,True,1.0,300,True,8.784581914945495,4.392290957472747,2026-05-22,non_bm
NSR,Slow Reserve,downward,2026-05-22 18:30:00+00:00,2026-05-22T19:00:00+00:00,0.5,25.0,7.380224851674597e-05,1.0,False,0.0210336408272726,0.0,0.0035087719298245,0.0,0.0,0.0035087719298245,standalone_parent:product,4560,True,0.0,0,True,0.0,0.0,2026-05-22,non_bm
NSR,Slow Reserve,downward,2026-05-22 19:00:00+00:00,2026-05-22T19:30:00+00:00,0.5,25.0,2.9538262847999653e-05,1.0,False,0.0084184049116799,0.0,0.0035087719298245,1.8189894035458565e-12,1.4551915228366852e-13,0.0002232043212356,standalone_parent:product_margin_quantity,736,True,0.0,0,True,0.0,0.0,2026-05-22,non_bm
PSR,Slow Reserve,upward,2026-05-22 20:30:00+00:00,2026-05-22T21:00:00+00:00,0.5,25.0,1.8343508297881563,1.0,False,3.385279400710356,4.0,0.5418609847693051,1.8189894035458565e-12,1.4551915228366852e-13,0.55535754449506,standalone_parent:product_margin_quantity,40443,True,3.6,1806,True,13.8839386123765,24.991089502277703,2026-05-22,non_bm
PSR,Slow Reserve,upward,2026-05-22 21:00:00+00:00,2026-05-22T21:30:00+00:00,0.5,25.0,1.829564716022086,1.0,False,3.3764466670377,4.0,0.5418609847693051,0.0,0.0,0.55535754449506,standalone_parent:product_margin_quantity,40443,True,3.6,1806,True,13.8839386123765,24.991089502277703,2026-05-22,non_bm
PQR,Quick Reserve,upward,2026-05-22 21:30:00+00:00,2026-05-22T22:00:00+00:00,0.5,25.0,2.2613124239481954,1.0,False,9.780984418336608,13.89,0.2311947680551323,0.0,0.0,0.5860966956151924,standalone_parent:product_margin_quantity,816,True,6.5,500,True,14.65241739037981,47.62035651873438,2026-05-22,non_bm
PSR,Slow Reserve,upward,2026-05-22 22:00:00+00:00,2026-05-22T22:30:00+00:00,0.5,25.0,1.395660429169034,1.0,False,2.5756798669740544,1.74,0.5418609847693051,0.0,0.0,0.651420115892579,standalone_parent:product_margin_quantity,11247,True,2.11,1802,True,16.285502897314473,17.181205556666768,2026-05-22,non_bm
PSR,Slow Reserve,upward,2026-05-22 22:30:00+00:00,2026-05-22T23:00:00+00:00,0.5,25.0,0.6924503513536244,1.0,False,1.2779114400503149,1.74,0.5418609847693051,0.0,0.0,0.651420115892579,standalone_parent:product_margin_quantity,11247,True,1.6,1802,True,16.285502897314473,13.02840231785158,2026-05-22,non_bm
PSR,Slow Reserve,upward,2026-05-21 23:00:00+00:00,2026-05-21T23:30:00+00:00,0.5,25.0,1.0393870495318025,1.0,False,1.9181802690118328,13.95,0.5418609847693051,0.0,0.0,0.6255222176279748,standalone_parent:product_margin_quantity,1325,True,1.74,1803,True,15.63805544069937,13.605108233408451,2026-05-22,bm_eligible
PSR,Slow Reserve,upward,2026-05-21 23:30:00+00:00,2026-05-22T00:00:00+00:00,0.5,25.0,0.9902132080859194,1.0,False,1.8274303482239047,13.95,0.5418609847693051,0.0,0.0,0.6255222176279748,standalone_parent:product_margin_quantity,1325,True,1.74,1803,True,15.63805544069937,13.605108233408451,2026-05-22,bm_eligible
PSR,Slow Reserve,upward,2026-05-22 00:00:00+00:00,2026-05-22T00:30:00+00:00,0.5,25.0,0.4931624068425395,1.0,False,0.9101271741358186,1.0,0.5418609847693051,0.0,0.0,0.651420115892579,standalone_parent:product_margin_quantity,11247,True,1.22,1800,True,16.285502897314473,9.934156767361827,2026-05-22,bm_eligible
PSR,Slow Reserve,upward,2026-05-22 00:30:00+00:00,2026-05-22T01:00:00+00:00,0.5,25.0,0.5455610272399698,1.0,False,1.0068283980110506,1.0,0.5418609847693051,0.0,0.0,0.651420115892579,standalone_parent:product_margin_quantity,11247,True,1.22,1800,True,16.285502897314473,9.934156767361827,2026-05-22,bm_eligible
PSR,Slow Reserve,upward,2026-05-22 01:00:00+00:00,2026-05-22T01:30:00+00:00,0.5,25.0,0.5391253135180953,1.0,False,0.994951341159256,1.0,0.5418609847693051,0.0,0.0,0.651420115892579,standalone_parent:product_margin_quantity,11247,True,1.22,1800,True,16.285502897314473,9.934156767361827,2026-05-22,bm_eligible
PSR,Slow Reserve,upward,2026-05-22 01:30:00+00:00,2026-05-22T02:00:00+00:00,0.5,25.0,0.53732531277096,1.0,False,0.9916294545541487,1.78,0.5418609847693051,0.0,0.0,0.651420115892579,standalone_parent:product_margin_quantity,11247,True,1.22,1800,True,16.285502897314473,9.934156767361827,2026-05-22,bm_eligible
DRL,Dynamic Regulation,upward,2026-05-22 02:00:00+00:00,2026-05-22T06:00:00+00:00,4.0,25.0,4.723128993537607,1.0,False,16.018049188239647,19.59,0.294862934807648,24.288665250844133,0.2428866525084413,0.4781843929077178,standalone_parent:product_margin_quantity,466,True,21.89,480,True,11.954609822692944,1046.7456360749943,2026-05-22,bm_eligible
DRL,Dynamic Regulation,upward,2026-05-22 06:00:00+00:00,2026-05-22T10:00:00+00:00,4.0,25.0,4.401873499372418,1.0,False,14.928541297480988,16.89,0.294862934807648,131.14664042643722,1.3114664042643722,0.4781843929077178,standalone_parent:product_margin_quantity,466,True,19.43,480,True,11.954609822692944,929.1122754196956,2026-05-22,bm_eligible
DRL,Dynamic Regulation,upward,2026-05-22 10:00:00+00:00,2026-05-22T14:00:00+00:00,4.0,25.0,4.285078852956507,1.0,False,14.532443203659527,16.44,0.294862934807648,0.0,0.0,0.4781843929077178,standalone_parent:product_margin_quantity,466,True,14.28,480,True,11.954609822692944,682.8473130722209,2026-05-22,bm_eligible
DRL,Dynamic Regulation,upward,2026-05-22 14:00:00+00:00,2026-05-22T18:00:00+00:00,4.0,25.0,5.315440379234734,1.0,False,18.026817723639045,19.47,0.294862934807648,23.34455833003085,0.2334455833003085,0.4781843929077178,standalone_parent:product_margin_quantity,466,True,11.55,480,True,11.954609822692944,552.3029738084141,2026-05-22,bm_eligible
NQR,Quick Reserve,downward,2026-05-22 18:00:00+00:00,2026-05-22T18:30:00+00:00,0.5,24.0,0.0323055805679601,1.0,False,0.3674671193783375,1.29,0.0879142074605562,0.0,0.0,0.3660242464560623,standalone_parent:product_margin_quantity,268,True,1.0,300,True,8.784581914945495,4.392290957472747,2026-05-22,bm_eligible
NBR,Balancing Reserve,downward,2026-05-22 18:30:00+00:00,2026-05-22T19:00:00+00:00,0.5,25.0,0.0241848495206373,0.5,True,0.1111466584398435,0.0,0.2175940317065589,0.0,0.0,0.2175940317065589,nonlooped_parent:product,3217,True,0.0,2,True,0.4351880634131178,0.0,2026-05-22,bm_eligible
NBR,Balancing Reserve,downward,2026-05-22 19:00:00+00:00,2026-05-22T19:30:00+00:00,0.5,25.0,0.0236070192678025,0.5,True,0.1084911156921727,0.0,0.2175940317065589,0.0,0.0,0.2175940317065589,nonlooped_parent:product,3217,True,0.0,2,True,0.4351880634131178,0.0,2026-05-22,bm_eligible
NBR,Balancing Reserve,downward,2026-05-22 19:30:00+00:00,2026-05-22T20:00:00+00:00,0.5,25.0,0.0247273088420757,0.5,True,0.1136396464927967,0.0,0.2175940317065589,0.0,0.0,0.2175940317065589,nonlooped_parent:product,3217,True,0.0,2,True,0.4351880634131178,0.0,2026-05-22,bm_eligible
NBR,Balancing Reserve,downward,2026-05-22 20:00:00+00:00,2026-05-22T20:30:00+00:00,0.5,25.0,0.0233668228100322,0.5,True,0.1073872413998197,0.0,0.2175940317065589,0.0,0.0,0.2175940317065589,nonlooped_parent:product,3217,True,0.0,2,True,0.4351880634131178,0.0,2026-05-22,bm_eligible
PBR,Balancing Reserve,upward,2026-05-22 20:30:00+00:00,2026-05-22T21:00:00+00:00,0.5,25.0,2.00466534449964,0.5,True,3.888472080926239,3.69,0.5155406295271961,0.0,0.0,0.5988766951675288,standalone_parent:product_margin_quantity,2107,True,13.78,398,True,14.971917379188222,103.15651074260684,2026-05-22,bm_eligible
PSR,Slow Reserve,upward,2026-05-22 21:00:00+00:00,2026-05-22T21:30:00+00:00,0.5,25.0,1.829564716022086,1.0,False,3.3764466670377,4.0,0.5418609847693051,0.0,0.0,0.55535754449506,standalone_parent:product_margin_quantity,40443,True,3.6,1806,True,13.8839386123765,24.991089502277703,2026-05-22,bm_eligible
PQR,Quick Reserve,upward,2026-05-22 21:30:00+00:00,2026-05-22T22:00:00+00:00,0.5,25.0,2.2613124239481954,1.0,False,9.780984418336608,13.89,0.2311947680551323,0.0,0.0,0.5860966956151924,standalone_parent:product_margin_quantity,816,True,6.5,500,True,14.65241739037981,47.62035651873438,2026-05-22,bm_eligible
PSR,Slow Reserve,upward,2026-05-22 22:00:00+00:00,2026-05-22T22:30:00+00:00,0.5,25.0,1.395660429169034,1.0,False,2.5756798669740544,1.74,0.5418609847693051,0.0,0.0,0.651420115892579,standalone_parent:product_margin_quantity,11247,True,2.11,1802,True,16.285502897314473,17.181205556666768,2026-05-22,bm_eligible
PSR,Slow Reserve,upward,2026-05-22 22:30:00+00:00,2026-05-22T23:00:00+00:00,0.5,25.0,0.6924503513536244,1.0,False,1.2779114400503149,1.74,0.5418609847693051,0.0,0.0,0.651420115892579,standalone_parent:product_margin_quantity,11247,True,1.6,1802,True,16.285502897314473,13.02840231785158,2026-05-22,bm_eligible
PSR,Slow Reserve,upward,2026-05-22 23:00:00+00:00,2026-05-22T23:30:00+00:00,0.5,21.0,0.6607709261814637,1.0,False,1.2194473209079335,1.74,0.5418609847693051,0.0,0.0,0.651420115892579,standalone_parent:product_margin_quantity,11247,True,1.6,1802,True,13.67982243374416,10.943857946995328,2026-05-23,non_bm
PSR,Slow Reserve,upward,2026-05-22 23:30:00+00:00,2026-05-23T00:00:00+00:00,0.5,25.0,0.6134617190822317,1.0,False,1.1321385675025306,1.74,0.5418609847693051,0.0,0.0,0.651420115892579,standalone_parent:product_margin_quantity,11247,True,1.41,1802,True,16.285502897314473,11.481279542606703,2026-05-23,non_bm
PSR,Slow Reserve,upward,2026-05-23 00:00:00+00:00,2026-05-23T00:30:00+00:00,0.5,25.0,1.1492118683872057,1.0,False,2.1208610708085534,1.22,0.5418609847693051,0.0,0.0,0.651420115892579,standalone_parent:product_margin_quantity,11247,True,1.68,1800,True,16.285502897314473,13.679822433744157,2026-05-23,non_bm
PSR,Slow Reserve,upward,2026-05-23 00:30:00+00:00,2026-05-23T01:00:00+00:00,0.5,25.0,0.5419216142387322,1.0,False,1.0001118911882036,1.22,0.5418609847693051,0.0,0.0,0.651420115892579,standalone_parent:product_margin_quantity,11247,True,1.68,1800,True,16.285502897314473,13.679822433744157,2026-05-23,non_bm
PSR,Slow Reserve,upward,2026-05-23 01:00:00+00:00,2026-05-23T01:30:00+00:00,0.5,25.0,0.5393605845021057,1.0,False,0.9953855318292312,1.22,0.5418609847693051,0.0,0.0,0.651420115892579,standalone_parent:product_margin_quantity,11247,True,1.68,1800,True,16.285502897314473,13.679822433744157,2026-05-23,non_bm
PSR,Slow Reserve,upward,2026-05-23 01:30:00+00:00,2026-05-23T02:00:00+00:00,0.5,25.0,0.5538174889070631,1.0,False,1.0220656302517304,1.22,0.5418609847693051,0.0,0.0,0.651420115892579,standalone_parent:product_margin_quantity,11247,True,1.68,1800,True,16.285502897314473,13.679822433744157,2026-05-23,non_bm
DRL,Dynamic Regulation,upward,2026-05-23 02:00:00+00:00,2026-05-23T06:00:00+00:00,4.0,25.0,4.8696844233974605,1.0,False,16.515078189037794,21.89,0.294862934807648,17.943743083236768,0.1794374308323676,0.4781843929077178,standalone_parent:product_margin_quantity,466,True,18.28,480,True,11.954609822692944,874.1210702353081,2026-05-23,non_bm
DRL,Dynamic Regulation,upward,2026-05-23 06:00:00+00:00,2026-05-23T10:00:00+00:00,4.0,25.0,4.539612927172194,1.0,False,15.395671653792574,19.43,0.294862934807648,156.64601443401466,1.566460144340147,0.4781843929077178,standalone_parent:product_margin_quantity,466,True,17.28,480,True,11.954609822692944,826.3026309445364,2026-05-23,non_bm
DRL,Dynamic Regulation,upward,2026-05-23 10:00:00+00:00,2026-05-23T14:00:00+00:00,4.0,25.0,4.13388540495262,1.0,False,14.019684799140096,14.28,0.294862934807648,0.0,0.0,0.4781843929077178,standalone_parent:product_margin_quantity,466,True,15.77,480,True,11.954609822692944,754.0967876154709,2026-05-23,non_bm
DRL,Dynamic Regulation,upward,2026-05-23 14:00:00+00:00,2026-05-23T18:00:00+00:00,4.0,25.0,4.741596961280866,1.0,False,16.080681569468936,11.55,0.294862934807648,18.07108087032452,0.1807108087032452,0.4781843929077178,standalone_parent:product_margin_quantity,466,True,15.78,480,True,11.954609822692944,754.5749720083786,2026-05-23,non_bm
NQR,Quick Reserve,downward,2026-05-23 18:00:00+00:00,2026-05-23T18:30:00+00:00,0.5,20.0,0.0069688521316521,1.0,False,0.0792687818380077,1.0,0.0879142074605562,0.0,0.0,0.3660242464560623,standalone_parent:product_margin_quantity,268,True,3.76,300,True,7.320484929121246,13.762511666747942,2026-05-23,non_bm
NSR,Slow Reserve,downward,2026-05-23 18:30:00+00:00,2026-05-23T19:00:00+00:00,0.5,25.0,0.0001785644622833,1.0,False,0.0508908717507487,0.0,0.0035087719298245,0.0,0.0,0.0035087719298245,standalone_parent:product,4560,True,0.0,0,True,0.0,0.0,2026-05-23,non_bm
NSR,Slow Reserve,downward,2026-05-23 19:00:00+00:00,2026-05-23T19:30:00+00:00,0.5,25.0,0.0001351227028482,1.0,False,0.0385099703117443,0.0,0.0035087719298245,1.8189894035458565e-12,1.4551915228366852e-13,0.0002232043212356,standalone_parent:product_margin_quantity,736,True,0.0,0,True,0.0,0.0,2026-05-23,non_bm
NSR,Slow Reserve,downward,2026-05-23 19:30:00+00:00,2026-05-23T20:00:00+00:00,0.5,25.0,9.342379463876702e-05,1.0,False,0.0266257814720486,0.0,0.0035087719298245,1.8189894035458565e-12,1.4551915228366852e-13,0.0002232043212356,standalone_parent:product_margin_quantity,736,True,0.0,0,True,0.0,0.0,2026-05-23,non_bm
NSR,Slow Reserve,downward,2026-05-23 20:00:00+00:00,2026-05-23T20:30:00+00:00,0.5,25.0,5.418121753553789e-05,1.0,False,0.0154416469976283,0.0,0.0035087719298245,0.0,0.0,0.0035087719298245,standalone_parent:product,4560,True,0.0,0,True,0.0,0.0,2026-05-23,non_bm
NSR,Slow Reserve,downward,2026-05-23 20:30:00+00:00,2026-05-23T21:00:00+00:00,0.5,12.0,1.806642291287298e-05,1.0,False,0.0051489305301688,0.0,0.0035087719298245,0.0,0.0,0.0035087719298245,standalone_parent:product,4560,True,0.0,0,True,0.0,0.0,2026-05-23,non_bm
PQR,Quick Reserve,upward,2026-05-23 20:30:00+00:00,2026-05-23T21:00:00+00:00,0.5,13.0,1.6797742700820244,1.0,False,7.265624063263637,8.0,0.2311947680551323,0.0,0.0,0.5989761163562776,standalone_parent:product_margin_quantity,1552,True,5.35,500,True,7.786689512631608,20.82939444628955,2026-05-23,non_bm
PSR,Slow Reserve,upward,2026-05-23 21:00:00+00:00,2026-05-23T21:30:00+00:00,0.5,25.0,1.661398240762714,1.0,False,3.066096817193891,3.6,0.5418609847693051,0.0,0.0,0.55535754449506,standalone_parent:product_margin_quantity,40443,True,2.8,1800,True,13.8839386123765,19.4375140573271,2026-05-23,non_bm
PQR,Quick Reserve,upward,2026-05-23 21:30:00+00:00,2026-05-23T22:00:00+00:00,0.5,25.0,1.933792869903107,1.0,False,8.364345292805075,6.5,0.2311947680551323,0.0,0.0,0.5989761163562776,standalone_parent:product_margin_quantity,1552,True,11.76,468,True,14.97440290890694,88.0494891043728,2026-05-23,non_bm
PSR,Slow Reserve,upward,2026-05-23 22:00:00+00:00,2026-05-23T22:30:00+00:00,0.5,25.0,1.3711643084625,1.0,False,2.530472477265118,2.11,0.5418609847693051,0.0,0.0,0.55535754449506,standalone_parent:product_margin_quantity,40443,True,1.8,1808,True,13.8839386123765,12.495544751138851,2026-05-23,non_bm
PSR,Slow Reserve,upward,2026-05-23 22:30:00+00:00,2026-05-23T23:00:00+00:00,0.5,25.0,0.6246801288307203,1.0,False,1.1528420506168664,1.6,0.5418609847693051,1.8189894035458565e-12,1.4551915228366852e-13,0.651420115892579,standalone_parent:product_margin_quantity,11247,True,1.8,1808,True,16.285502897314473,14.656952607583026,2026-05-23,non_bm
NBR,Balancing Reserve,downward,2026-05-22 23:00:00+00:00,2026-05-22T23:30:00+00:00,0.5,3.0,0.0155045436748619,0.5,True,0.0712544528600441,0.0,0.2175940317065589,0.0,0.0,0.2175940317065589,nonlooped_parent:product,3217,True,0.0,0,True,0.0,0.0,2026-05-23,bm_eligible
PSR,Slow Reserve,upward,2026-05-22 23:00:00+00:00,2026-05-22T23:30:00+00:00,0.5,21.0,0.6607709261814637,1.0,False,1.2194473209079335,1.74,0.5418609847693051,0.0,0.0,0.651420115892579,standalone_parent:product_margin_quantity,11247,True,1.6,1802,True,13.67982243374416,10.943857946995328,2026-05-23,bm_eligible
PSR,Slow Reserve,upward,2026-05-22 23:30:00+00:00,2026-05-23T00:00:00+00:00,0.5,25.0,0.6134617190822317,1.0,False,1.1321385675025306,1.74,0.5418609847693051,0.0,0.0,0.651420115892579,standalone_parent:product_margin_quantity,11247,True,1.41,1802,True,16.285502897314473,11.481279542606703,2026-05-23,bm_eligible
PSR,Slow Reserve,upward,2026-05-23 00:00:00+00:00,2026-05-23T00:30:00+00:00,0.5,25.0,1.1492118683872057,1.0,False,2.1208610708085534,1.22,0.5418609847693051,0.0,0.0,0.651420115892579,standalone_parent:product_margin_quantity,11247,True,1.68,1800,True,16.285502897314473,13.679822433744157,2026-05-23,bm_eligible
PSR,Slow Reserve,upward,2026-05-23 00:30:00+00:00,2026-05-23T01:00:00+00:00,0.5,25.0,0.5419216142387322,1.0,False,1.0001118911882036,1.22,0.5418609847693051,0.0,0.0,0.651420115892579,standalone_parent:product_margin_quantity,11247,True,1.68,1800,True,16.285502897314473,13.679822433744157,2026-05-23,bm_eligible
PSR,Slow Reserve,upward,2026-05-23 01:00:00+00:00,2026-05-23T01:30:00+00:00,0.5,25.0,0.5393605845021057,1.0,False,0.9953855318292312,1.22,0.5418609847693051,0.0,0.0,0.651420115892579,standalone_parent:product_margin_quantity,11247,True,1.68,1800,True,16.285502897314473,13.679822433744157,2026-05-23,bm_eligible
PSR,Slow Reserve,upward,2026-05-23 01:30:00+00:00,2026-05-23T02:00:00+00:00,0.5,25.0,0.5538174889070631,1.0,False,1.0220656302517304,1.22,0.5418609847693051,0.0,0.0,0.651420115892579,standalone_parent:product_margin_quantity,11247,True,1.68,1800,True,16.285502897314473,13.679822433744157,2026-05-23,bm_eligible
DRL,Dynamic Regulation,upward,2026-05-23 02:00:00+00:00,2026-05-23T06:00:00+00:00,4.0,25.0,4.8696844233974605,1.0,False,16.515078189037794,21.89,0.294862934807648,17.943743083236768,0.1794374308323676,0.4781843929077178,standalone_parent:product_margin_quantity,466,True,18.28,480,True,11.954609822692944,874.1210702353081,2026-05-23,bm_eligible
DRL,Dynamic Regulation,upward,2026-05-23 06:00:00+00:00,2026-05-23T10:00:00+00:00,4.0,25.0,4.539612927172194,1.0,False,15.395671653792574,19.43,0.294862934807648,156.64601443401466,1.566460144340147,0.4781843929077178,standalone_parent:product_margin_quantity,466,True,17.28,480,True,11.954609822692944,826.3026309445364,2026-05-23,bm_eligible
DRL,Dynamic Regulation,upward,2026-05-23 10:00:00+00:00,2026-05-23T14:00:00+00:00,4.0,25.0,4.13388540495262,1.0,False,14.019684799140096,14.28,0.294862934807648,0.0,0.0,0.4781843929077178,standalone_parent:product_margin_quantity,466,True,15.77,480,True,11.954609822692944,754.0967876154709,2026-05-23,bm_eligible
DRL,Dynamic Regulation,upward,2026-05-23 14:00:00+00:00,2026-05-23T18:00:00+00:00,4.0,25.0,4.741596961280866,1.0,False,16.080681569468936,11.55,0.294862934807648,18.07108087032452,0.1807108087032452,0.4781843929077178,standalone_parent:product_margin_quantity,466,True,15.78,480,True,11.954609822692944,754.5749720083786,2026-05-23,bm_eligible
NBR,Balancing Reserve,downward,2026-05-23 18:00:00+00:00,2026-05-23T18:30:00+00:00,0.5,25.0,0.0172907530576359,0.5,True,0.0794633608377355,0.0,0.2175940317065589,0.0,0.0,0.2175940317065589,nonlooped_parent:product,3217,True,0.0,4,True,0.8703761268262357,0.0,2026-05-23,bm_eligible
NBR,Balancing Reserve,downward,2026-05-23 18:30:00+00:00,2026-05-23T19:00:00+00:00,0.5,25.0,0.0159005506858859,0.5,True,0.0730743879378502,0.0,0.2175940317065589,0.0,0.0,0.2175940317065589,nonlooped_parent:product,3217,True,0.0,4,True,0.8703761268262357,0.0,2026-05-23,bm_eligible
NBR,Balancing Reserve,downward,2026-05-23 19:00:00+00:00,2026-05-23T19:30:00+00:00,0.5,25.0,0.0153280785770709,0.5,True,0.070443469689196,0.0,0.2175940317065589,1.8189894035458565e-12,1.4551915228366852e-13,0.2132549309382775,nonlooped_parent:product_margin,3185,True,0.0,4,True,0.8530197237531102,0.0,2026-05-23,bm_eligible
NBR,Balancing Reserve,downward,2026-05-23 19:30:00+00:00,2026-05-23T20:00:00+00:00,0.5,25.0,0.0163873687810484,0.5,True,0.0753116648123328,0.0,0.2175940317065589,1.8189894035458565e-12,1.4551915228366852e-13,0.2132549309382775,nonlooped_parent:product_margin,3185,True,0.0,4,True,0.8530197237531102,0.0,2026-05-23,bm_eligible
NBR,Balancing Reserve,downward,2026-05-23 20:00:00+00:00,2026-05-23T20:30:00+00:00,0.5,25.0,0.0150666335143989,0.5,True,0.069241942879745,0.0,0.2175940317065589,0.0,0.0,0.2175940317065589,nonlooped_parent:product,3217,True,0.0,4,True,0.8703761268262357,0.0,2026-05-23,bm_eligible
PBR,Balancing Reserve,upward,2026-05-23 20:30:00+00:00,2026-05-23T21:00:00+00:00,0.5,25.0,3.151171562912801,0.5,True,6.112363182321342,13.78,0.5155406295271961,0.0,0.0,0.6387379380185993,standalone_parent:product_margin_quantity,507,True,2.89,400,True,15.968448450464985,23.0744080109219,2026-05-23,bm_eligible
PSR,Slow Reserve,upward,2026-05-23 21:00:00+00:00,2026-05-23T21:30:00+00:00,0.5,25.0,1.661398240762714,1.0,False,3.066096817193891,3.6,0.5418609847693051,0.0,0.0,0.55535754449506,standalone_parent:product_margin_quantity,40443,True,2.8,1800,True,13.8839386123765,19.4375140573271,2026-05-23,bm_eligible
PQR,Quick Reserve,upward,2026-05-23 21:30:00+00:00,2026-05-23T22:00:00+00:00,0.5,25.0,1.933792869903107,1.0,False,8.364345292805075,6.5,0.2311947680551323,0.0,0.0,0.5989761163562776,standalone_parent:product_margin_quantity,1552,True,11.76,468,True,14.97440290890694,88.0494891043728,2026-05-23,bm_eligible
PSR,Slow Reserve,upward,2026-05-23 22:00:00+00:00,2026-05-23T22:30:00+00:00,0.5,25.0,1.3711643084625,1.0,False,2.530472477265118,2.11,0.5418609847693051,0.0,0.0,0.55535754449506,standalone_parent:product_margin_quantity,40443,True,1.8,1808,True,13.8839386123765,12.495544751138851,2026-05-23,bm_eligible
PSR,Slow Reserve,upward,2026-05-23 22:30:00+00:00,2026-05-23T23:00:00+00:00,0.5,25.0,0.6246801288307203,1.0,False,1.1528420506168664,1.6,0.5418609847693051,1.8189894035458565e-12,1.4551915228366852e-13,0.651420115892579,standalone_parent:product_margin_quantity,11247,True,1.8,1808,True,16.285502897314473,14.656952607583026,2026-05-23,bm_eligible
NSR,Slow Reserve,downward,2026-05-23 23:00:00+00:00,2026-05-23T23:30:00+00:00,0.5,1.0,0.0003706955196967,1.0,False,0.1056482231135749,0.0,0.0035087719298245,0.0,0.0,0.0035087719298245,standalone_parent:product,4560,True,0.0,0,True,0.0,0.0,2026-05-24,non_bm
PSR,Slow Reserve,upward,2026-05-23 23:00:00+00:00,2026-05-23T23:30:00+00:00,0.5,24.0,0.6129690952553835,1.0,False,1.131229434273354,1.6,0.5418609847693051,0.0,0.0,0.651420115892579,standalone_parent:product_margin_quantity,11247,True,1.8,1808,True,15.634082781421895,14.070674503279706,2026-05-24,non_bm
PSR,Slow Reserve,upward,2026-05-23 23:30:00+00:00,2026-05-24T00:00:00+00:00,0.5,25.0,0.5608311955927366,1.0,False,1.0350093683742667,1.41,0.5418609847693051,0.0,0.0,0.651420115892579,standalone_parent:product_margin_quantity,11247,True,1.8,1808,True,16.285502897314473,14.656952607583026,2026-05-24,non_bm
PSR,Slow Reserve,upward,2026-05-24 00:00:00+00:00,2026-05-24T00:30:00+00:00,0.5,25.0,0.6404302414781816,1.0,False,1.1819087542367384,1.68,0.5418609847693051,0.0,0.0,0.651420115892579,standalone_parent:product_margin_quantity,11247,True,3.46,1792,True,16.285502897314473,28.17392001235404,2026-05-24,non_bm
PSR,Slow Reserve,upward,2026-05-24 00:30:00+00:00,2026-05-24T01:00:00+00:00,0.5,25.0,0.4239649587058898,1.0,False,0.7824238515463353,1.68,0.5418609847693051,0.0,0.0,0.651420115892579,standalone_parent:product_margin_quantity,11247,True,1.18,1803,True,16.285502897314473,9.60844670941554,2026-05-24,non_bm
PSR,Slow Reserve,upward,2026-05-24 01:00:00+00:00,2026-05-24T01:30:00+00:00,0.5,25.0,0.4224283449509669,1.0,False,0.7795880434735745,1.68,0.5418609847693051,0.0,0.0,0.651420115892579,standalone_parent:product_margin_quantity,11247,True,1.18,1803,True,16.285502897314473,9.60844670941554,2026-05-24,non_bm
PSR,Slow Reserve,upward,2026-05-24 01:30:00+00:00,2026-05-24T02:00:00+00:00,0.5,25.0,0.4370605401440601,1.0,False,0.8065916396068573,1.68,0.5418609847693051,0.0,0.0,0.651420115892579,standalone_parent:product_margin_quantity,11247,True,1.02,1803,True,16.285502897314473,8.30560647763038,2026-05-24,non_bm
DRL,Dynamic Regulation,upward,2026-05-24 02:00:00+00:00,2026-05-24T06:00:00+00:00,4.0,25.0,4.808749915842897,1.0,False,16.308424519276574,18.28,0.294862934807648,17.997174113492292,0.1799717411349229,0.4781843929077178,standalone_parent:product_margin_quantity,466,True,16.7,480,True,11.954609822692944,798.5679361558887,2026-05-24,non_bm
DRL,Dynamic Regulation,upward,2026-05-24 06:00:00+00:00,2026-05-24T10:00:00+00:00,4.0,25.0,4.618017649458369,1.0,False,15.66157391898342,17.28,0.294862934807648,134.32051587540536,1.3432051587540537,0.4781843929077178,standalone_parent:product_margin_quantity,466,True,15.9,480,True,11.954609822692944,760.3131847232713,2026-05-24,non_bm
DRL,Dynamic Regulation,upward,2026-05-24 10:00:00+00:00,2026-05-24T14:00:00+00:00,4.0,25.0,4.388273876101019,1.0,False,14.882419450120722,15.77,0.294862934807648,0.0,0.0,0.4781843929077178,standalone_parent:product_margin_quantity,466,True,16.32,480,True,11.954609822692944,780.3969292253954,2026-05-24,non_bm
DRL,Dynamic Regulation,upward,2026-05-24 14:00:00+00:00,2026-05-24T18:00:00+00:00,4.0,25.0,5.015124583563852,1.0,False,17.00832485722709,15.78,0.294862934807648,16.97414962382618,0.1697414962382618,0.4781843929077178,standalone_parent:product_margin_quantity,466,True,23.89,480,True,11.954609822692944,1142.3825146565378,2026-05-24,non_bm
NQR,Quick Reserve,downward,2026-05-24 18:00:00+00:00,2026-05-24T18:30:00+00:00,0.5,18.0,0.0540662265942825,1.0,False,0.6149885002209682,3.76,0.0879142074605562,0.0,0.0,0.313575299926706,standalone_parent:product_margin_quantity,318,True,1.62,300,True,5.644355398680708,4.571927872931374,2026-05-24,non_bm
NSR,Slow Reserve,downward,2026-05-24 18:30:00+00:00,2026-05-24T19:00:00+00:00,0.5,25.0,0.000655829289653,1.0,False,0.1869113475511276,0.0,0.0035087719298245,0.0,0.0,0.0035087719298245,standalone_parent:product,4560,True,0.0,0,True,0.0,0.0,2026-05-24,non_bm
NSR,Slow Reserve,downward,2026-05-24 19:00:00+00:00,2026-05-24T19:30:00+00:00,0.5,25.0,0.0006098870533837,1.0,False,0.1738178102143658,0.0,0.0035087719298245,3.637978807091713e-12,2.9103830456733704e-13,0.0002232043212356,standalone_parent:product_margin_quantity,736,True,0.0,0,True,0.0,0.0,2026-05-24,non_bm
NSR,Slow Reserve,downward,2026-05-24 19:30:00+00:00,2026-05-24T20:00:00+00:00,0.5,25.0,0.0005659617296886,1.0,False,0.1612990929612794,0.0,0.0035087719298245,3.637978807091713e-12,2.9103830456733704e-13,0.0002232043212356,standalone_parent:product_margin_quantity,736,True,0.0,0,True,0.0,0.0,2026-05-24,non_bm
NSR,Slow Reserve,downward,2026-05-24 20:00:00+00:00,2026-05-24T20:30:00+00:00,0.5,25.0,0.0005248048930347,1.0,False,0.1495693945149129,0.0,0.0035087719298245,3.637978807091713e-12,2.9103830456733704e-13,0.0002232043212356,standalone_parent:product_margin_quantity,736,True,0.0,0,True,0.0,0.0,2026-05-24,non_bm
NSR,Slow Reserve,downward,2026-05-24 20:30:00+00:00,2026-05-24T21:00:00+00:00,0.5,16.0,0.0004871207483079,1.0,False,0.1388294132677704,0.0,0.0035087719298245,3.637978807091713e-12,4.547473508864641e-13,0.0002232043212356,standalone_parent:product_margin_quantity,736,True,0.0,0,True,0.0,0.0,2026-05-24,non_bm
PSR,Slow Reserve,upward,2026-05-24 20:30:00+00:00,2026-05-24T21:00:00+00:00,0.5,9.0,1.6600677138041853,1.0,False,3.063641340612393,2.8,0.5418609847693051,0.0,0.0,0.604472941715319,standalone_parent:product_margin_quantity,3995,True,2.9,1801,True,5.44025647543787,7.888371889384912,2026-05-24,non_bm
PSR,Slow Reserve,upward,2026-05-24 21:00:00+00:00,2026-05-24T21:30:00+00:00,0.5,25.0,1.657239269930507,1.0,False,3.058421470658326,2.8,0.5418609847693051,0.0,0.0,0.55535754449506,standalone_parent:product_margin_quantity,40443,True,2.9,1801,True,13.8839386123765,20.13171098794593,2026-05-24,non_bm
PQR,Quick Reserve,upward,2026-05-24 21:30:00+00:00,2026-05-24T22:00:00+00:00,0.5,25.0,2.190085164446957,1.0,False,9.47290106463263,11.76,0.2311947680551323,0.0,0.0,0.5860966956151924,standalone_parent:product_margin_quantity,816,True,11.32,500,True,14.65241739037981,82.93268242954973,2026-05-24,non_bm
PSR,Slow Reserve,upward,2026-05-24 22:00:00+00:00,2026-05-24T22:30:00+00:00,0.5,25.0,1.577104924996228,1.0,False,2.910534194794765,1.8,0.5418609847693051,0.0,0.0,0.651420115892579,standalone_parent:product_margin_quantity,11247,True,2.34,1809,True,16.285502897314473,19.054038389857933,2026-05-24,non_bm
PSR,Slow Reserve,upward,2026-05-24 22:30:00+00:00,2026-05-24T23:00:00+00:00,0.5,25.0,0.8957914775756636,1.0,False,1.6531758195453816,1.8,0.5418609847693051,1.8189894035458565e-12,1.4551915228366852e-13,0.651420115892579,standalone_parent:product_margin_quantity,11247,True,1.63,1809,True,16.285502897314473,13.272684861311294,2026-05-24,non_bm
NBR,Balancing Reserve,downward,2026-05-23 23:00:00+00:00,2026-05-23T23:30:00+00:00,0.5,1.0,0.0059228950491903,0.5,True,0.0272199333903506,0.0,0.2175940317065589,0.0,0.0,0.2175940317065589,nonlooped_parent:product,3217,True,0.0,0,True,0.0,0.0,2026-05-24,bm_eligible
PSR,Slow Reserve,upward,2026-05-23 23:00:00+00:00,2026-05-23T23:30:00+00:00,0.5,23.0,0.6129690952553835,1.0,False,1.131229434273354,1.6,0.5418609847693051,0.0,0.0,0.651420115892579,standalone_parent:product_margin_quantity,11247,True,1.8,1808,True,14.982662665529316,13.484396398976385,2026-05-24,bm_eligible
PSR,Slow Reserve,upward,2026-05-23 23:30:00+00:00,2026-05-24T00:00:00+00:00,0.5,25.0,0.5608311955927366,1.0,False,1.0350093683742667,1.41,0.5418609847693051,0.0,0.0,0.651420115892579,standalone_parent:product_margin_quantity,11247,True,1.8,1808,True,16.285502897314473,14.656952607583026,2026-05-24,bm_eligible
PSR,Slow Reserve,upward,2026-05-24 00:00:00+00:00,2026-05-24T00:30:00+00:00,0.5,25.0,0.6404302414781816,1.0,False,1.1819087542367384,1.68,0.5418609847693051,0.0,0.0,0.651420115892579,standalone_parent:product_margin_quantity,11247,True,3.46,1792,True,16.285502897314473,28.17392001235404,2026-05-24,bm_eligible
PSR,Slow Reserve,upward,2026-05-24 00:30:00+00:00,2026-05-24T01:00:00+00:00,0.5,25.0,0.4239649587058898,1.0,False,0.7824238515463353,1.68,0.5418609847693051,0.0,0.0,0.651420115892579,standalone_parent:product_margin_quantity,11247,True,1.18,1803,True,16.285502897314473,9.60844670941554,2026-05-24,bm_eligible
PSR,Slow Reserve,upward,2026-05-24 01:00:00+00:00,2026-05-24T01:30:00+00:00,0.5,25.0,0.4224283449509669,1.0,False,0.7795880434735745,1.68,0.5418609847693051,0.0,0.0,0.651420115892579,standalone_parent:product_margin_quantity,11247,True,1.18,1803,True,16.285502897314473,9.60844670941554,2026-05-24,bm_eligible
PSR,Slow Reserve,upward,2026-05-24 01:30:00+00:00,2026-05-24T02:00:00+00:00,0.5,25.0,0.4370605401440601,1.0,False,0.8065916396068573,1.68,0.5418609847693051,0.0,0.0,0.651420115892579,standalone_parent:product_margin_quantity,11247,True,1.02,1803,True,16.285502897314473,8.30560647763038,2026-05-24,bm_eligible
DRL,Dynamic Regulation,upward,2026-05-24 02:00:00+00:00,2026-05-24T06:00:00+00:00,4.0,25.0,4.808749915842897,1.0,False,16.308424519276574,18.28,0.294862934807648,17.997174113492292,0.1799717411349229,0.4781843929077178,standalone_parent:product_margin_quantity,466,True,16.7,480,True,11.954609822692944,798.5679361558887,2026-05-24,bm_eligible
DRL,Dynamic Regulation,upward,2026-05-24 06:00:00+00:00,2026-05-24T10:00:00+00:00,4.0,25.0,4.618017649458369,1.0,False,15.66157391898342,17.28,0.294862934807648,134.32051587540536,1.3432051587540537,0.4781843929077178,standalone_parent:product_margin_quantity,466,True,15.9,480,True,11.954609822692944,760.3131847232713,2026-05-24,bm_eligible
DRL,Dynamic Regulation,upward,2026-05-24 10:00:00+00:00,2026-05-24T14:00:00+00:00,4.0,25.0,4.388273876101019,1.0,False,14.882419450120722,15.77,0.294862934807648,0.0,0.0,0.4781843929077178,standalone_parent:product_margin_quantity,466,True,16.32,480,True,11.954609822692944,780.3969292253954,2026-05-24,bm_eligible
DRL,Dynamic Regulation,upward,2026-05-24 14:00:00+00:00,2026-05-24T18:00:00+00:00,4.0,25.0,5.015124583563852,1.0,False,17.00832485722709,15.78,0.294862934807648,16.97414962382618,0.1697414962382618,0.4781843929077178,standalone_parent:product_margin_quantity,466,True,23.89,480,True,11.954609822692944,1142.3825146565378,2026-05-24,bm_eligible
NBR,Balancing Reserve,downward,2026-05-24 18:00:00+00:00,2026-05-24T18:30:00+00:00,0.5,1.0,0.0234846803595774,0.5,True,0.1079288810239437,0.0,0.2175940317065589,0.0,0.0,0.2175940317065589,nonlooped_parent:product,3217,True,0.0,4,True,0.2175940317065589,0.0,2026-05-24,bm_eligible
NQR,Quick Reserve,downward,2026-05-24 18:00:00+00:00,2026-05-24T18:30:00+00:00,0.5,18.0,0.0540662265942825,1.0,False,0.6149885002209682,3.76,0.0879142074605562,0.0,0.0,0.313575299926706,standalone_parent:product_margin_quantity,318,True,1.62,300,True,5.644355398680708,4.571927872931374,2026-05-24,bm_eligible
NBR,Balancing Reserve,downward,2026-05-24 18:30:00+00:00,2026-05-24T19:00:00+00:00,0.5,25.0,0.022053174995821,0.5,True,0.101350091373652,0.0,0.2175940317065589,0.0,0.0,0.2175940317065589,nonlooped_parent:product,3217,True,0.0,4,True,0.8703761268262357,0.0,2026-05-24,bm_eligible
NBR,Balancing Reserve,downward,2026-05-24 19:00:00+00:00,2026-05-24T19:30:00+00:00,0.5,25.0,0.0214728214797811,0.5,True,0.098682952429223,0.0,0.2175940317065589,3.637978807091713e-12,2.9103830456733704e-13,0.2132549309382775,nonlooped_parent:product_margin,3185,True,0.0,4,True,0.8530197237531102,0.0,2026-05-24,bm_eligible
NBR,Balancing Reserve,downward,2026-05-24 19:30:00+00:00,2026-05-24T20:00:00+00:00,0.5,25.0,0.0225927732351089,0.5,True,0.1038299307104934,0.0,0.2175940317065589,3.637978807091713e-12,2.9103830456733704e-13,0.2132549309382775,nonlooped_parent:product_margin,3185,True,0.0,4,True,0.8530197237531102,0.0,2026-05-24,bm_eligible
NBR,Balancing Reserve,downward,2026-05-24 20:00:00+00:00,2026-05-24T20:30:00+00:00,0.5,25.0,0.0212264691969083,0.5,True,0.0975507877235059,0.0,0.2175940317065589,0.0,0.0,0.2175940317065589,nonlooped_parent:product,3217,True,0.0,4,True,0.8703761268262357,0.0,2026-05-24,bm_eligible
PBR,Balancing Reserve,upward,2026-05-24 20:30:00+00:00,2026-05-24T21:00:00+00:00,0.5,25.0,2.798526683575264,0.5,True,5.428333914519602,2.89,0.5155406295271961,0.0,0.0,0.5988766951675288,standalone_parent:product_margin_quantity,2107,True,11.56,400,True,14.971917379188222,86.53768245170792,2026-05-24,bm_eligible
PBR,Balancing Reserve,upward,2026-05-24 21:00:00+00:00,2026-05-24T21:30:00+00:00,0.5,25.0,2.3818097816058685,0.5,True,4.62002341850386,2.89,0.5155406295271961,0.0,0.0,0.5988766951675288,standalone_parent:product_margin_quantity,2107,True,11.17,400,True,14.971917379188222,83.61815856276621,2026-05-24,bm_eligible
PQR,Quick Reserve,upward,2026-05-24 21:30:00+00:00,2026-05-24T22:00:00+00:00,0.5,25.0,2.190085164446957,1.0,False,9.47290106463263,11.76,0.2311947680551323,0.0,0.0,0.5860966956151924,standalone_parent:product_margin_quantity,816,True,11.32,500,True,14.65241739037981,82.93268242954973,2026-05-24,bm_eligible
PSR,Slow Reserve,upward,2026-05-24 22:00:00+00:00,2026-05-24T22:30:00+00:00,0.5,25.0,1.577104924996228,1.0,False,2.910534194794765,1.8,0.5418609847693051,0.0,0.0,0.651420115892579,standalone_parent:product_margin_quantity,11247,True,2.34,1809,True,16.285502897314473,19.054038389857933,2026-05-24,bm_eligible
PSR,Slow Reserve,upward,2026-05-24 22:30:00+00:00,2026-05-24T23:00:00+00:00,0.5,25.0,0.8957914775756636,1.0,False,1.6531758195453816,1.8,0.5418609847693051,1.8189894035458565e-12,1.4551915228366852e-13,0.651420115892579,standalone_parent:product_margin_quantity,11247,True,1.63,1809,True,16.285502897314473,13.272684861311294,2026-05-24,bm_eligible
NQR,Quick Reserve,downward,2026-05-24 23:00:00+00:00,2026-05-24T23:30:00+00:00,0.5,25.0,0.0216183408208117,1.0,False,0.2459026981561664,1.0,0.0879142074605562,0.0,0.0,0.3660242464560623,standalone_parent:product_margin_quantity,268,True,0.36,311,True,9.150606161401557,1.6471091090522805,2026-05-25,non_bm
NQR,Quick Reserve,downward,2026-05-24 23:30:00+00:00,2026-05-25T00:00:00+00:00,0.5,25.0,0.0160765726322996,1.0,False,0.1828666048034679,0.0,0.0879142074605562,0.0,0.0,0.4126759714306841,standalone_parent:product_margin_quantity,707,True,1.0,300,True,10.316899285767102,5.158449642883551,2026-05-25,non_bm
PSR,Slow Reserve,upward,2026-05-25 00:00:00+00:00,2026-05-25T00:30:00+00:00,0.5,25.0,0.8370891557323793,1.0,False,1.5448411663902435,3.46,0.5418609847693051,0.0,0.0,0.55535754449506,standalone_parent:product_margin_quantity,40443,True,1.25,1800,True,13.8839386123765,8.677461632735312,2026-05-25,non_bm
PSR,Slow Reserve,upward,2026-05-25 00:30:00+00:00,2026-05-25T01:00:00+00:00,0.5,25.0,0.4409455540243868,1.0,False,0.8137614008362632,1.18,0.5418609847693051,0.0,0.0,0.651420115892579,standalone_parent:product_margin_quantity,11247,True,1.25,1800,True,16.285502897314473,10.178439310821544,2026-05-25,non_bm
PSR,Slow Reserve,upward,2026-05-25 01:00:00+00:00,2026-05-25T01:30:00+00:00,0.5,25.0,0.4390975505081813,1.0,False,0.8103509255148258,1.18,0.5418609847693051,0.0,0.0,0.651420115892579,standalone_parent:product_margin_quantity,11247,True,1.25,1800,True,16.285502897314473,10.178439310821544,2026-05-25,non_bm
PSR,Slow Reserve,upward,2026-05-25 01:30:00+00:00,2026-05-25T02:00:00+00:00,0.5,25.0,0.449568580417482,1.0,False,0.8296751252701535,1.02,0.5418609847693051,0.0,0.0,0.651420115892579,standalone_parent:product_margin_quantity,11247,True,0.73,1804,True,16.285502897314473,5.944208557519782,2026-05-25,non_bm
DRL,Dynamic Regulation,upward,2026-05-25 02:00:00+00:00,2026-05-25T06:00:00+00:00,4.0,25.0,4.900655755727803,1.0,False,16.620114559073745,16.7,0.294862934807648,20.45749062135292,0.2045749062135291,0.4781843929077178,standalone_parent:product_margin_quantity,466,True,1.09,490,True,11.954609822692944,52.12209882694124,2026-05-25,non_bm
DRL,Dynamic Regulation,upward,2026-05-25 06:00:00+00:00,2026-05-25T10:00:00+00:00,4.0,25.0,4.839693363435757,1.0,False,16.413366320839547,15.9,0.294862934807648,146.45822957045948,1.4645822957045949,0.4781843929077178,standalone_parent:product_margin_quantity,466,True,15.16,480,True,11.954609822692944,724.9275396481002,2026-05-25,non_bm
DRL,Dynamic Regulation,upward,2026-05-25 10:00:00+00:00,2026-05-25T14:00:00+00:00,4.0,25.0,4.714044536599693,1.0,False,15.98724010420255,16.32,0.294862934807648,0.0,0.0,0.4781843929077178,standalone_parent:product_margin_quantity,466,True,12.92,479,True,11.954609822692944,617.8142356367714,2026-05-25,non_bm
DRL,Dynamic Regulation,upward,2026-05-25 14:00:00+00:00,2026-05-25T18:00:00+00:00,4.0,25.0,5.892421425753064,1.0,False,19.98359485093285,23.89,0.294862934807648,5.794057652670745,0.0579405765267074,0.4781843929077178,standalone_parent:product_margin_quantity,466,True,24.86,479,True,11.954609822692944,1188.7664007685864,2026-05-25,non_bm
DRL,Dynamic Regulation,upward,2026-05-25 18:00:00+00:00,2026-05-25T22:00:00+00:00,4.0,5.0,6.080278613858832,1.0,False,20.62069489278218,23.96,0.294862934807648,74.94715839261335,3.7473579196306672,0.4738983688433393,standalone_parent:product_margin,1454,True,27.48,480,True,2.369491844216697,260.4545435162993,2026-05-25,non_bm
NQR,Quick Reserve,downward,2026-05-25 18:00:00+00:00,2026-05-25T18:30:00+00:00,0.5,20.0,0.0761863733636034,1.0,False,0.8665991034246125,1.62,0.0879142074605562,0.0,0.0,0.3660242464560623,standalone_parent:product_margin_quantity,268,True,1.0,300,True,7.320484929121246,3.660242464560623,2026-05-25,non_bm
NSR,Slow Reserve,downward,2026-05-25 18:30:00+00:00,2026-05-25T19:00:00+00:00,0.5,20.0,0.0002645318439412,1.0,False,0.0753915755232614,0.0,0.0035087719298245,0.0,0.0,0.0035087719298245,standalone_parent:product,4560,True,0.0,0,True,0.0,0.0,2026-05-25,non_bm
NSR,Slow Reserve,downward,2026-05-25 19:00:00+00:00,2026-05-25T19:30:00+00:00,0.5,20.0,0.0002141466159621,1.0,False,0.061031785549201,0.0,0.0035087719298245,1.8189894035458565e-12,1.818989403545857e-13,0.0002232043212356,standalone_parent:product_margin_quantity,736,True,0.0,0,True,0.0,0.0,2026-05-25,non_bm
NSR,Slow Reserve,downward,2026-05-25 19:30:00+00:00,2026-05-25T20:00:00+00:00,0.5,20.0,0.0001653925601106,1.0,False,0.0471368796315347,0.0,0.0035087719298245,1.8189894035458565e-12,1.818989403545857e-13,0.0002232043212356,standalone_parent:product_margin_quantity,736,True,0.0,0,True,0.0,0.0,2026-05-25,non_bm
NSR,Slow Reserve,downward,2026-05-25 20:00:00+00:00,2026-05-25T20:30:00+00:00,0.5,20.0,0.0001191038717996,1.0,False,0.0339446034629094,0.0,0.0035087719298245,0.0,0.0,0.0035087719298245,standalone_parent:product,4560,True,0.0,0,True,0.0,0.0,2026-05-25,non_bm
NSR,Slow Reserve,downward,2026-05-25 20:30:00+00:00,2026-05-25T21:00:00+00:00,0.5,20.0,7.607256331986105e-05,1.0,False,0.0216806805461604,0.0,0.0035087719298245,0.0,0.0,0.0035087719298245,standalone_parent:product,4560,True,0.0,0,True,0.0,0.0,2026-05-25,non_bm
PSR,Slow Reserve,upward,2026-05-25 21:00:00+00:00,2026-05-25T21:30:00+00:00,0.5,20.0,1.756047801648849,1.0,False,3.2407718049611534,2.9,0.5418609847693051,0.0,0.0,0.55535754449506,standalone_parent:product_margin_quantity,40443,True,2.5,1809,True,11.1071508899012,13.8839386123765,2026-05-25,non_bm
PQR,Quick Reserve,upward,2026-05-25 21:30:00+00:00,2026-05-25T22:00:00+00:00,0.5,20.0,2.28336825760325,1.0,False,9.876383781568718,11.32,0.2311947680551323,0.0,0.0,0.5860966956151924,standalone_parent:product_margin_quantity,816,True,10.15,500,True,11.721933912303848,59.48881460494204,2026-05-25,non_bm
PQR,Quick Reserve,upward,2026-05-25 22:00:00+00:00,2026-05-25T22:30:00+00:00,0.5,25.0,1.6184961980869252,1.0,False,7.00057450132681,8.11,0.2311947680551323,0.0,0.0,0.5989761163562776,standalone_parent:product_margin_quantity,1552,True,5.0,500,True,14.97440290890694,37.43600727226735,2026-05-25,non_bm
PSR,Slow Reserve,upward,2026-05-25 22:30:00+00:00,2026-05-25T23:00:00+00:00,0.5,25.0,0.7775742953225742,1.0,False,1.435006979979603,1.63,0.5418609847693051,0.0,0.0,0.651420115892579,standalone_parent:product_margin_quantity,11247,True,1.6,1804,True,16.285502897314473,13.02840231785158,2026-05-25,non_bm
NQR,Quick Reserve,downward,2026-05-24 23:00:00+00:00,2026-05-24T23:30:00+00:00,0.5,25.0,0.0216183408208117,1.0,False,0.2459026981561664,1.0,0.0879142074605562,0.0,0.0,0.3660242464560623,standalone_parent:product_margin_quantity,268,True,0.36,311,True,9.150606161401557,1.6471091090522805,2026-05-25,bm_eligible
NQR,Quick Reserve,downward,2026-05-24 23:30:00+00:00,2026-05-25T00:00:00+00:00,0.5,25.0,0.0160765726322996,1.0,False,0.1828666048034679,0.0,0.0879142074605562,0.0,0.0,0.4126759714306841,standalone_parent:product_margin_quantity,707,True,1.0,300,True,10.316899285767102,5.158449642883551,2026-05-25,bm_eligible
PSR,Slow Reserve,upward,2026-05-25 00:00:00+00:00,2026-05-25T00:30:00+00:00,0.5,25.0,0.8370891557323793,1.0,False,1.5448411663902435,3.46,0.5418609847693051,0.0,0.0,0.55535754449506,standalone_parent:product_margin_quantity,40443,True,1.25,1800,True,13.8839386123765,8.677461632735312,2026-05-25,bm_eligible
PSR,Slow Reserve,upward,2026-05-25 00:30:00+00:00,2026-05-25T01:00:00+00:00,0.5,25.0,0.4409455540243868,1.0,False,0.8137614008362632,1.18,0.5418609847693051,0.0,0.0,0.651420115892579,standalone_parent:product_margin_quantity,11247,True,1.25,1800,True,16.285502897314473,10.178439310821544,2026-05-25,bm_eligible
PSR,Slow Reserve,upward,2026-05-25 01:00:00+00:00,2026-05-25T01:30:00+00:00,0.5,25.0,0.4390975505081813,1.0,False,0.8103509255148258,1.18,0.5418609847693051,0.0,0.0,0.651420115892579,standalone_parent:product_margin_quantity,11247,True,1.25,1800,True,16.285502897314473,10.178439310821544,2026-05-25,bm_eligible
PSR,Slow Reserve,upward,2026-05-25 01:30:00+00:00,2026-05-25T02:00:00+00:00,0.5,25.0,0.449568580417482,1.0,False,0.8296751252701535,1.02,0.5418609847693051,0.0,0.0,0.651420115892579,standalone_parent:product_margin_quantity,11247,True,0.73,1804,True,16.285502897314473,5.944208557519782,2026-05-25,bm_eligible
DRL,Dynamic Regulation,upward,2026-05-25 02:00:00+00:00,2026-05-25T06:00:00+00:00,4.0,25.0,4.900655755727803,1.0,False,16.620114559073745,16.7,0.294862934807648,20.45749062135292,0.2045749062135291,0.4781843929077178,standalone_parent:product_margin_quantity,466,True,1.09,490,True,11.954609822692944,52.12209882694124,2026-05-25,bm_eligible
DRL,Dynamic Regulation,upward,2026-05-25 06:00:00+00:00,2026-05-25T10:00:00+00:00,4.0,25.0,4.839693363435757,1.0,False,16.413366320839547,15.9,0.294862934807648,146.45822957045948,1.4645822957045949,0.4781843929077178,standalone_parent:product_margin_quantity,466,True,15.16,480,True,11.954609822692944,724.9275396481002,2026-05-25,bm_eligible
DRL,Dynamic Regulation,upward,2026-05-25 10:00:00+00:00,2026-05-25T14:00:00+00:00,4.0,25.0,4.714044536599693,1.0,False,15.98724010420255,16.32,0.294862934807648,0.0,0.0,0.4781843929077178,standalone_parent:product_margin_quantity,466,True,12.92,479,True,11.954609822692944,617.8142356367714,2026-05-25,bm_eligible
DRL,Dynamic Regulation,upward,2026-05-25 14:00:00+00:00,2026-05-25T18:00:00+00:00,4.0,25.0,5.892421425753064,1.0,False,19.98359485093285,23.89,0.294862934807648,5.794057652670745,0.0579405765267074,0.4781843929077178,standalone_parent:product_margin_quantity,466,True,24.86,479,True,11.954609822692944,1188.7664007685864,2026-05-25,bm_eligible
NQR,Quick Reserve,downward,2026-05-25 18:00:00+00:00,2026-05-25T18:30:00+00:00,0.5,20.0,0.0761863733636034,1.0,False,0.8665991034246125,1.62,0.0879142074605562,0.0,0.0,0.3660242464560623,standalone_parent:product_margin_quantity,268,True,1.0,300,True,7.320484929121246,3.660242464560623,2026-05-25,bm_eligible
NBR,Balancing Reserve,downward,2026-05-25 18:30:00+00:00,2026-05-25T19:00:00+00:00,0.5,25.0,0.0120859577631944,0.5,True,0.0555436087488523,0.0,0.2175940317065589,0.0,0.0,0.2175940317065589,nonlooped_parent:product,3217,True,0.0,4,True,0.8703761268262357,0.0,2026-05-25,bm_eligible
NBR,Balancing Reserve,downward,2026-05-25 19:00:00+00:00,2026-05-25T19:30:00+00:00,0.5,25.0,0.0115383064952467,0.5,True,0.0530267599931555,0.0,0.2175940317065589,0.0,0.0,0.2175940317065589,nonlooped_parent:product,3217,True,0.0,4,True,0.8703761268262357,0.0,2026-05-25,bm_eligible
NBR,Balancing Reserve,downward,2026-05-25 19:30:00+00:00,2026-05-25T20:00:00+00:00,0.5,25.0,0.0127030578924788,0.5,True,0.0583796246287207,0.0,0.2175940317065589,1.8189894035458565e-12,1.4551915228366852e-13,0.2132549309382775,nonlooped_parent:product_margin,3185,True,0.0,4,True,0.8530197237531102,0.0,2026-05-25,bm_eligible
NBR,Balancing Reserve,downward,2026-05-25 20:00:00+00:00,2026-05-25T20:30:00+00:00,0.5,25.0,0.0113611863776608,0.5,True,0.0522127665384783,0.0,0.2175940317065589,0.0,0.0,0.2175940317065589,nonlooped_parent:product,3217,True,0.0,4,True,0.8703761268262357,0.0,2026-05-25,bm_eligible
PBR,Balancing Reserve,upward,2026-05-25 20:30:00+00:00,2026-05-25T21:00:00+00:00,0.5,25.0,3.418117448381767,0.5,True,6.6301611407747485,11.56,0.5155406295271961,0.0,0.0,0.6387379380185993,standalone_parent:product_margin_quantity,507,True,12.57,400,True,15.968448450464985,100.36169851117242,2026-05-25,bm_eligible
PBR,Balancing Reserve,upward,2026-05-25 21:00:00+00:00,2026-05-25T21:30:00+00:00,0.5,25.0,3.562568511336256,0.5,True,6.910354504170695,11.17,0.5155406295271961,0.0,0.0,0.6387379380185993,standalone_parent:product_margin_quantity,507,True,14.97,400,True,15.968448450464985,119.5238366517304,2026-05-25,bm_eligible
PQR,Quick Reserve,upward,2026-05-25 21:30:00+00:00,2026-05-25T22:00:00+00:00,0.5,25.0,2.28336825760325,1.0,False,9.876383781568718,11.32,0.2311947680551323,0.0,0.0,0.5860966956151924,standalone_parent:product_margin_quantity,816,True,10.15,500,True,14.65241739037981,74.36101825617754,2026-05-25,bm_eligible
PQR,Quick Reserve,upward,2026-05-25 22:00:00+00:00,2026-05-25T22:30:00+00:00,0.5,25.0,1.6184961980869252,1.0,False,7.00057450132681,8.11,0.2311947680551323,0.0,0.0,0.5989761163562776,standalone_parent:product_margin_quantity,1552,True,5.0,500,True,14.97440290890694,37.43600727226735,2026-05-25,bm_eligible
PSR,Slow Reserve,upward,2026-05-25 22:30:00+00:00,2026-05-25T23:00:00+00:00,0.5,25.0,0.7775742953225742,1.0,False,1.435006979979603,1.63,0.5418609847693051,0.0,0.0,0.651420115892579,standalone_parent:product_margin_quantity,11247,True,1.6,1804,True,16.285502897314473,13.02840231785158,2026-05-25,bm_eligible
NQR,Quick Reserve,downward,2026-05-25 23:00:00+00:00,2026-05-25T23:30:00+00:00,0.5,25.0,0.0444613723978876,1.0,False,0.5057359178018606,0.36,0.0879142074605562,0.0,0.0,0.4126759714306841,standalone_parent:product_margin_quantity,707,True,1.19,320,True,10.316899285767102,6.138555075031426,2026-05-26,non_bm
NQR,Quick Reserve,downward,2026-05-25 23:30:00+00:00,2026-05-26T00:00:00+00:00,0.5,23.0,0.0493893834845704,1.0,False,0.5617906924398941,1.0,0.0879142074605562,0.0,0.0,0.3660242464560623,standalone_parent:product_margin_quantity,268,True,0.0,324,True,8.418557668489433,0.0,2026-05-26,non_bm
PSR,Slow Reserve,upward,2026-05-25 23:30:00+00:00,2026-05-26T00:00:00+00:00,0.5,2.0,0.7437549896472705,1.0,False,1.372593728932008,1.63,0.5418609847693051,0.0,0.0,0.8548334034735973,standalone_parent:product_margin_quantity,652,True,1.6,1804,True,1.7096668069471943,1.3677334455577557,2026-05-26,non_bm
PSR,Slow Reserve,upward,2026-05-26 00:00:00+00:00,2026-05-26T00:30:00+00:00,0.5,25.0,0.8236292765885181,1.0,False,1.520001069903888,1.25,0.5418609847693051,0.0,0.0,0.651420115892579,standalone_parent:product_margin_quantity,11247,True,0.73,1800,True,16.285502897314473,5.944208557519782,2026-05-26,non_bm
PSR,Slow Reserve,upward,2026-05-26 00:30:00+00:00,2026-05-26T01:00:00+00:00,0.5,25.0,0.5367264079052454,1.0,False,0.9905241805400592,1.25,0.5418609847693051,0.0,0.0,0.651420115892579,standalone_parent:product_margin_quantity,11247,True,0.73,1800,True,16.285502897314473,5.944208557519782,2026-05-26,non_bm
PSR,Slow Reserve,upward,2026-05-26 01:00:00+00:00,2026-05-26T01:30:00+00:00,0.5,25.0,0.5336698540081598,1.0,False,0.9848833354100358,1.25,0.5418609847693051,0.0,0.0,0.651420115892579,standalone_parent:product_margin_quantity,11247,True,0.73,1800,True,16.285502897314473,5.944208557519782,2026-05-26,non_bm
PSR,Slow Reserve,upward,2026-05-26 01:30:00+00:00,2026-05-26T02:00:00+00:00,0.5,25.0,0.5141279252300684,1.0,False,0.9488188662428908,0.73,0.5418609847693051,0.0,0.0,0.6641209477482147,standalone_parent:product_margin_quantity,5151,True,0.73,1800,True,16.603023693705367,6.060103648202459,2026-05-26,non_bm
DRL,Dynamic Regulation,upward,2026-05-26 02:00:00+00:00,2026-05-26T06:00:00+00:00,4.0,25.0,4.310316539601462,1.0,False,14.618034451882773,1.09,0.294862934807648,6.789275057804844,0.0678927505780484,0.294862934807648,standalone_parent:product,4341,True,16.32,480,True,7.371573370191201,481.2163096060816,2026-05-26,non_bm
DRL,Dynamic Regulation,upward,2026-05-26 06:00:00+00:00,2026-05-26T10:00:00+00:00,4.0,25.0,4.836994049303431,1.0,False,16.404211850020463,15.16,0.294862934807648,116.22849939758817,1.1622849939758817,0.4781843929077178,standalone_parent:product_margin_quantity,466,True,16.63,480,True,11.954609822692944,795.2206454055346,2026-05-26,non_bm
DRL,Dynamic Regulation,upward,2026-05-26 10:00:00+00:00,2026-05-26T14:00:00+00:00,4.0,25.0,4.496045978916678,1.0,False,15.24791843318539,12.92,0.294862934807648,0.0,0.0,0.4781843929077178,standalone_parent:product_margin_quantity,466,True,13.49,480,True,11.954609822692944,645.0707460325112,2026-05-26,non_bm
DRL,Dynamic Regulation,upward,2026-05-26 14:00:00+00:00,2026-05-26T18:00:00+00:00,4.0,25.0,6.071719121665818,1.0,False,20.591666177461963,24.86,0.294862934807648,0.0,0.0,0.4781843929077178,standalone_parent:product_margin_quantity,466,True,14.23,480,True,11.954609822692944,680.4563911076824,2026-05-26,non_bm
DRL,Dynamic Regulation,upward,2026-05-26 18:00:00+00:00,2026-05-26T22:00:00+00:00,4.0,2.0,6.451079479475788,1.0,False,21.878231265940933,27.48,0.294862934807648,32.354546901715366,4.044318362714421,0.4738983688433393,standalone_parent:product_margin,1454,True,23.82,480,True,0.9477967376866788,90.30607316678676,2026-05-26,non_bm
NQR,Quick Reserve,downward,2026-05-26 18:00:00+00:00,2026-05-26T18:30:00+00:00,0.5,18.0,0.1164468872733345,1.0,False,1.3245514079801015,1.0,0.0879142074605562,0.0,0.0,0.3660242464560623,standalone_parent:product_margin_quantity,268,True,0.9,300,True,6.588436436209121,2.9647963962941044,2026-05-26,non_bm
NQR,Quick Reserve,downward,2026-05-26 18:30:00+00:00,2026-05-26T19:00:00+00:00,0.5,23.0,0.029226926602689,1.0,False,0.3324482748229518,0.0,0.0879142074605562,0.0,0.0,0.4126759714306841,standalone_parent:product_margin_quantity,707,True,0.0,300,True,9.491547342905733,0.0,2026-05-26,non_bm
NQR,Quick Reserve,downward,2026-05-26 20:00:00+00:00,2026-05-26T20:30:00+00:00,0.5,23.0,0.0271583486491191,1.0,False,0.3089187678943024,0.0,0.0879142074605562,0.0,0.0,0.4126759714306841,standalone_parent:product_margin_quantity,707,True,0.0,308,True,9.491547342905733,0.0,2026-05-26,non_bm
NQR,Quick Reserve,downward,2026-05-26 20:30:00+00:00,2026-05-26T21:00:00+00:00,0.5,23.0,0.0119089702699136,1.0,False,0.1354612708674729,1.0,0.0879142074605562,1.8189894035458565e-12,1.5817299161268317e-13,0.4719198038459597,standalone_parent:product_margin_quantity,203,True,0.0,304,True,10.854155488457074,0.0,2026-05-26,non_bm
PSR,Slow Reserve,upward,2026-05-26 21:00:00+00:00,2026-05-26T21:30:00+00:00,0.5,23.0,1.697539843052439,1.0,False,3.132795847582862,2.5,0.5418609847693051,1.8189894035458565e-12,1.5817299161268317e-13,0.55535754449506,standalone_parent:product_margin_quantity,40443,True,5.9,1801,True,12.77322352338638,37.68100939398983,2026-05-26,non_bm
PQR,Quick Reserve,upward,2026-05-26 21:30:00+00:00,2026-05-26T22:00:00+00:00,0.5,23.0,2.356295553692448,1.0,False,10.191820401102458,10.15,0.2311947680551323,1.8189894035458565e-12,1.5817299161268317e-13,0.5860966956151924,standalone_parent:product_margin_quantity,816,True,12.29,474,True,13.480223999149423,82.8359764747732,2026-05-26,non_bm
PQR,Quick Reserve,upward,2026-05-26 22:00:00+00:00,2026-05-26T22:30:00+00:00,0.5,25.0,1.5203621893848496,1.0,False,6.576109840955802,5.0,0.2311947680551323,1.8189894035458565e-12,1.4551915228366852e-13,0.411784385725345,standalone_parent:product_margin_quantity,1491,True,7.57,500,True,10.294609643133624,38.96509749926077,2026-05-26,non_bm
PSR,Slow Reserve,upward,2026-05-26 22:30:00+00:00,2026-05-26T23:00:00+00:00,0.5,25.0,0.8201890326323824,1.0,False,1.5136521279190718,1.6,0.5418609847693051,0.0,0.0,0.651420115892579,standalone_parent:product_margin_quantity,11247,True,1.8,1801,True,16.285502897314473,14.656952607583026,2026-05-26,non_bm
NQR,Quick Reserve,downward,2026-05-25 23:00:00+00:00,2026-05-25T23:30:00+00:00,0.5,25.0,0.0444613723978876,1.0,False,0.5057359178018606,0.36,0.0879142074605562,0.0,0.0,0.4126759714306841,standalone_parent:product_margin_quantity,707,True,1.19,320,True,10.316899285767102,6.138555075031426,2026-05-26,bm_eligible
NQR,Quick Reserve,downward,2026-05-25 23:30:00+00:00,2026-05-26T00:00:00+00:00,0.5,23.0,0.0493893834845704,1.0,False,0.5617906924398941,1.0,0.0879142074605562,0.0,0.0,0.3660242464560623,standalone_parent:product_margin_quantity,268,True,0.0,324,True,8.418557668489433,0.0,2026-05-26,bm_eligible
PSR,Slow Reserve,upward,2026-05-25 23:30:00+00:00,2026-05-26T00:00:00+00:00,0.5,1.0,0.7437549896472705,1.0,False,1.372593728932008,1.63,0.5418609847693051,0.0,0.0,0.6639688897559385,standalone_parent:product_margin,15731,True,1.6,1804,True,0.6639688897559385,0.5311751118047509,2026-05-26,bm_eligible
PSR,Slow Reserve,upward,2026-05-26 00:00:00+00:00,2026-05-26T00:30:00+00:00,0.5,25.0,0.8236292765885181,1.0,False,1.520001069903888,1.25,0.5418609847693051,0.0,0.0,0.651420115892579,standalone_parent:product_margin_quantity,11247,True,0.73,1800,True,16.285502897314473,5.944208557519782,2026-05-26,bm_eligible
PSR,Slow Reserve,upward,2026-05-26 00:30:00+00:00,2026-05-26T01:00:00+00:00,0.5,25.0,0.5367264079052454,1.0,False,0.9905241805400592,1.25,0.5418609847693051,0.0,0.0,0.651420115892579,standalone_parent:product_margin_quantity,11247,True,0.73,1800,True,16.285502897314473,5.944208557519782,2026-05-26,bm_eligible
PSR,Slow Reserve,upward,2026-05-26 01:00:00+00:00,2026-05-26T01:30:00+00:00,0.5,25.0,0.5336698540081598,1.0,False,0.9848833354100358,1.25,0.5418609847693051,0.0,0.0,0.651420115892579,standalone_parent:product_margin_quantity,11247,True,0.73,1800,True,16.285502897314473,5.944208557519782,2026-05-26,bm_eligible
PSR,Slow Reserve,upward,2026-05-26 01:30:00+00:00,2026-05-26T02:00:00+00:00,0.5,25.0,0.5141279252300684,1.0,False,0.9488188662428908,0.73,0.5418609847693051,0.0,0.0,0.6641209477482147,standalone_parent:product_margin_quantity,5151,True,0.73,1800,True,16.603023693705367,6.060103648202459,2026-05-26,bm_eligible
DRL,Dynamic Regulation,upward,2026-05-26 02:00:00+00:00,2026-05-26T06:00:00+00:00,4.0,25.0,4.310316539601462,1.0,False,14.618034451882773,1.09,0.294862934807648,6.789275057804844,0.0678927505780484,0.294862934807648,standalone_parent:product,4341,True,16.32,480,True,7.371573370191201,481.2163096060816,2026-05-26,bm_eligible
DRL,Dynamic Regulation,upward,2026-05-26 06:00:00+00:00,2026-05-26T10:00:00+00:00,4.0,25.0,4.836994049303431,1.0,False,16.404211850020463,15.16,0.294862934807648,116.22849939758817,1.1622849939758817,0.4781843929077178,standalone_parent:product_margin_quantity,466,True,16.63,480,True,11.954609822692944,795.2206454055346,2026-05-26,bm_eligible
DRL,Dynamic Regulation,upward,2026-05-26 10:00:00+00:00,2026-05-26T14:00:00+00:00,4.0,25.0,4.496045978916678,1.0,False,15.24791843318539,12.92,0.294862934807648,0.0,0.0,0.4781843929077178,standalone_parent:product_margin_quantity,466,True,13.49,480,True,11.954609822692944,645.0707460325112,2026-05-26,bm_eligible
DRL,Dynamic Regulation,upward,2026-05-26 14:00:00+00:00,2026-05-26T18:00:00+00:00,4.0,25.0,6.071719121665818,1.0,False,20.591666177461963,24.86,0.294862934807648,0.0,0.0,0.4781843929077178,standalone_parent:product_margin_quantity,466,True,14.23,480,True,11.954609822692944,680.4563911076824,2026-05-26,bm_eligible
NQR,Quick Reserve,downward,2026-05-26 18:00:00+00:00,2026-05-26T18:30:00+00:00,0.5,18.0,0.1164468872733345,1.0,False,1.3245514079801015,1.0,0.0879142074605562,0.0,0.0,0.3660242464560623,standalone_parent:product_margin_quantity,268,True,0.9,300,True,6.588436436209121,2.9647963962941044,2026-05-26,bm_eligible
NQR,Quick Reserve,downward,2026-05-26 18:30:00+00:00,2026-05-26T19:00:00+00:00,0.5,25.0,0.029226926602689,1.0,False,0.3324482748229518,0.0,0.0879142074605562,0.0,0.0,0.4126759714306841,standalone_parent:product_margin_quantity,707,True,0.0,300,True,10.316899285767102,0.0,2026-05-26,bm_eligible
NBR,Balancing Reserve,downward,2026-05-26 19:00:00+00:00,2026-05-26T19:30:00+00:00,0.5,25.0,0.0201145224529346,0.5,True,0.0924405981872723,0.0,0.2175940317065589,0.0,0.0,0.2175940317065589,nonlooped_parent:product,3217,True,0.0,0,True,0.0,0.0,2026-05-26,bm_eligible
NBR,Balancing Reserve,downward,2026-05-26 19:30:00+00:00,2026-05-26T20:00:00+00:00,0.5,25.0,0.0191715577594727,0.5,True,0.0881070018746053,0.0,0.2175940317065589,1.8189894035458565e-12,1.4551915228366852e-13,0.2132549309382775,nonlooped_parent:product_margin,3185,True,0.0,0,True,0.0,0.0,2026-05-26,bm_eligible
NQR,Quick Reserve,downward,2026-05-26 20:00:00+00:00,2026-05-26T20:30:00+00:00,0.5,25.0,0.0271583486491191,1.0,False,0.3089187678943024,0.0,0.0879142074605562,0.0,0.0,0.4126759714306841,standalone_parent:product_margin_quantity,707,True,0.0,308,True,10.316899285767102,0.0,2026-05-26,bm_eligible
PBR,Balancing Reserve,upward,2026-05-26 20:30:00+00:00,2026-05-26T21:00:00+00:00,0.5,25.0,3.564957281606848,0.5,True,6.914988028928547,12.57,0.5155406295271961,7.411919323054462,0.592953545844357,0.6387379380185993,standalone_parent:product_margin_quantity,507,True,3.05,400,True,15.968448450464985,24.351883886959097,2026-05-26,bm_eligible
PBR,Balancing Reserve,upward,2026-05-26 21:00:00+00:00,2026-05-26T21:30:00+00:00,0.5,25.0,3.5739729325233576,0.5,True,6.932475789155665,14.97,0.5155406295271961,1.8189894035458565e-12,1.4551915228366852e-13,0.6387379380185993,standalone_parent:product_margin_quantity,507,True,2.89,400,True,15.968448450464985,23.0744080109219,2026-05-26,bm_eligible
PQR,Quick Reserve,upward,2026-05-26 21:30:00+00:00,2026-05-26T22:00:00+00:00,0.5,25.0,2.356295553692448,1.0,False,10.191820401102458,10.15,0.2311947680551323,1.8189894035458565e-12,1.4551915228366852e-13,0.5860966956151924,standalone_parent:product_margin_quantity,816,True,12.29,474,True,14.65241739037981,90.03910486388392,2026-05-26,bm_eligible
PQR,Quick Reserve,upward,2026-05-26 22:00:00+00:00,2026-05-26T22:30:00+00:00,0.5,25.0,1.5203621893848496,1.0,False,6.576109840955802,5.0,0.2311947680551323,1.8189894035458565e-12,1.4551915228366852e-13,0.411784385725345,standalone_parent:product_margin_quantity,1491,True,7.57,500,True,10.294609643133624,38.96509749926077,2026-05-26,bm_eligible
PSR,Slow Reserve,upward,2026-05-26 22:30:00+00:00,2026-05-26T23:00:00+00:00,0.5,25.0,0.8201890326323824,1.0,False,1.5136521279190718,1.6,0.5418609847693051,0.0,0.0,0.651420115892579,standalone_parent:product_margin_quantity,11247,True,1.8,1801,True,16.285502897314473,14.656952607583026,2026-05-26,bm_eligible
NQR,Quick Reserve,downward,2026-05-26 23:00:00+00:00,2026-05-26T23:30:00+00:00,0.5,25.0,0.045612400708015,1.0,False,0.5188285491680009,1.19,0.0879142074605562,0.0,0.0,0.3660242464560623,standalone_parent:product_margin_quantity,268,True,1.0,300,True,9.150606161401557,4.575303080700778,2026-05-27,non_bm
PSR,Slow Reserve,upward,2026-05-26 23:30:00+00:00,2026-05-27T00:00:00+00:00,0.5,25.0,0.7998443637952313,1.0,False,1.4761062085615215,1.6,0.5418609847693051,0.0,0.0,0.651420115892579,standalone_parent:product_margin_quantity,11247,True,1.8,1801,True,16.285502897314473,14.656952607583026,2026-05-27,non_bm
PSR,Slow Reserve,upward,2026-05-27 00:00:00+00:00,2026-05-27T00:30:00+00:00,0.5,25.0,0.780897054427508,1.0,False,1.4411391046357978,0.73,0.5418609847693051,0.0,0.0,0.6641209477482147,standalone_parent:product_margin_quantity,5151,True,1.07,1806,True,16.603023693705367,8.882617676132371,2026-05-27,non_bm
PSR,Slow Reserve,upward,2026-05-27 00:30:00+00:00,2026-05-27T01:00:00+00:00,0.5,25.0,0.4948077688603299,1.0,False,0.9131636762351364,0.73,0.5418609847693051,0.0,0.0,0.6641209477482147,standalone_parent:product_margin_quantity,5151,True,1.06,1806,True,16.603023693705367,8.799602557663846,2026-05-27,non_bm
PSR,Slow Reserve,upward,2026-05-27 01:00:00+00:00,2026-05-27T01:30:00+00:00,0.5,25.0,0.4909962603057156,1.0,False,0.9061295684810284,0.73,0.5418609847693051,0.0,0.0,0.6641209477482147,standalone_parent:product_margin_quantity,5151,True,1.06,1806,True,16.603023693705367,8.799602557663846,2026-05-27,non_bm
PSR,Slow Reserve,upward,2026-05-27 01:30:00+00:00,2026-05-27T02:00:00+00:00,0.5,25.0,0.5248090509099509,1.0,False,0.96853079601844,0.73,0.5418609847693051,0.0,0.0,0.6641209477482147,standalone_parent:product_margin_quantity,5151,True,0.73,1816,True,16.603023693705367,6.060103648202459,2026-05-27,non_bm
DRL,Dynamic Regulation,upward,2026-05-27 02:00:00+00:00,2026-05-27T06:00:00+00:00,4.0,25.0,4.433172532085901,1.0,False,15.03468903264445,16.32,0.294862934807648,13.115357071739709,0.131153570717397,0.4781843929077178,standalone_parent:product_margin_quantity,466,True,16.89,479,True,11.954609822692944,807.6534396211354,2026-05-27,non_bm
DRL,Dynamic Regulation,upward,2026-05-27 06:00:00+00:00,2026-05-27T10:00:00+00:00,4.0,25.0,4.9454938878552825,1.0,False,16.772178880609204,16.63,0.294862934807648,123.83385599139363,1.2383385599139365,0.4781843929077178,standalone_parent:product_margin_quantity,466,True,14.92,480,True,11.954609822692944,713.451114218315,2026-05-27,non_bm
DRL,Dynamic Regulation,upward,2026-05-27 10:00:00+00:00,2026-05-27T14:00:00+00:00,4.0,25.0,4.552602635981998,1.0,False,15.43972503343582,13.49,0.294862934807648,3.637978807091713e-12,3.637978807091713e-14,0.4781843929077178,standalone_parent:product_margin_quantity,466,True,12.72,480,True,11.954609822692944,608.250547778617,2026-05-27,non_bm
DRL,Dynamic Regulation,upward,2026-05-27 14:00:00+00:00,2026-05-27T18:00:00+00:00,4.0,25.0,5.33618014975224,1.0,False,18.09715471099568,14.23,0.294862934807648,0.68258526779573,0.0068258526779573,0.4781843929077178,standalone_parent:product_margin_quantity,466,True,16.51,480,True,11.954609822692944,789.4824326906421,2026-05-27,non_bm
DRL,Dynamic Regulation,upward,2026-05-27 18:00:00+00:00,2026-05-27T22:00:00+00:00,4.0,4.0,6.270685378204737,1.0,False,21.26644158342716,23.82,0.294862934807648,65.9347342988458,4.120920893677862,0.4738983688433393,standalone_parent:product_margin,1454,True,35.96,471,True,1.8955934753733572,272.6621654977037,2026-05-27,non_bm
NQR,Quick Reserve,downward,2026-05-27 18:00:00+00:00,2026-05-27T18:30:00+00:00,0.5,21.0,0.134687930377726,1.0,False,1.532038270812546,0.9,0.0879142074605562,0.0,0.0,0.4719198038459597,standalone_parent:product_margin_quantity,203,True,0.0,336,True,9.910315880765154,0.0,2026-05-27,non_bm
NQR,Quick Reserve,downward,2026-05-27 18:30:00+00:00,2026-05-27T19:00:00+00:00,0.5,21.0,0.0485423424033771,1.0,False,0.5521558324364833,0.0,0.0879142074605562,0.0,0.0,0.4126759714306841,standalone_parent:product_margin_quantity,707,True,0.0,336,True,8.666195400044366,0.0,2026-05-27,non_bm
NQR,Quick Reserve,downward,2026-05-27 19:00:00+00:00,2026-05-27T19:30:00+00:00,0.5,21.0,0.0179731936443096,1.0,False,0.2044401486798771,0.0,0.0879142074605562,3.637978807091713e-12,3.464741721039727e-13,0.4178279196023338,standalone_parent:product_margin_quantity,219,True,0.0,322,True,8.77438631164901,0.0,2026-05-27,non_bm
NQR,Quick Reserve,downward,2026-05-27 19:30:00+00:00,2026-05-27T20:00:00+00:00,0.5,21.0,0.0188410002718927,1.0,False,0.2143112110786644,0.0,0.0879142074605562,3.637978807091713e-12,3.464741721039727e-13,0.4178279196023338,standalone_parent:product_margin_quantity,219,True,0.0,317,True,8.77438631164901,0.0,2026-05-27,non_bm
NQR,Quick Reserve,downward,2026-05-27 20:00:00+00:00,2026-05-27T20:30:00+00:00,0.5,21.0,0.0422758544020445,1.0,False,0.4808762499623526,0.0,0.0879142074605562,0.0,0.0,0.4126759714306841,standalone_parent:product_margin_quantity,707,True,0.0,350,True,8.666195400044366,0.0,2026-05-27,non_bm
NQR,Quick Reserve,downward,2026-05-27 20:30:00+00:00,2026-05-27T21:00:00+00:00,0.5,1.0,0.027369912637838,1.0,False,0.3113252502460188,0.0,0.0879142074605562,0.0,0.0,0.3772274695177137,standalone_parent:product_margin,1250,True,0.0,329,True,0.3772274695177137,0.0,2026-05-27,non_bm
PSR,Slow Reserve,upward,2026-05-27 20:30:00+00:00,2026-05-27T21:00:00+00:00,0.5,19.0,2.016792978551084,1.0,False,3.7219748888356015,5.9,0.5418609847693051,0.0,0.0,0.5418191976625076,standalone_parent:product_margin_quantity,19955,True,2.5,1804,True,10.294564755587643,12.868205944484556,2026-05-27,non_bm
PSR,Slow Reserve,upward,2026-05-27 21:00:00+00:00,2026-05-27T21:30:00+00:00,0.5,21.0,2.013214789604755,1.0,False,3.715371370503584,5.9,0.5418609847693051,0.0,0.0,0.5418191976625076,standalone_parent:product_margin_quantity,19955,True,2.5,1804,True,11.37820315091266,14.222753938640826,2026-05-27,non_bm
PQR,Quick Reserve,upward,2026-05-27 21:30:00+00:00,2026-05-27T22:00:00+00:00,0.5,21.0,2.4546417189657515,1.0,False,10.617202714468004,12.29,0.2311947680551323,0.0,0.0,0.5860966956151924,standalone_parent:product_margin_quantity,816,True,2.94,500,True,12.30803060791904,18.09280499364099,2026-05-27,non_bm
PSR,Slow Reserve,upward,2026-05-27 22:00:00+00:00,2026-05-27T22:30:00+00:00,0.5,25.0,1.9040472721824224,1.0,False,3.513903613106712,1.8,0.5418609847693051,0.0,0.0,0.651420115892579,standalone_parent:product_margin_quantity,11247,True,1.19,1800,True,16.285502897314473,9.68987422390211,2026-05-27,non_bm
PSR,Slow Reserve,upward,2026-05-27 22:30:00+00:00,2026-05-27T23:00:00+00:00,0.5,25.0,1.3861580646438332,1.0,False,2.558143331234641,1.8,0.5418609847693051,0.0,0.0,0.651420115892579,standalone_parent:product_margin_quantity,11247,True,1.19,1800,True,16.285502897314473,9.68987422390211,2026-05-27,non_bm
NQR,Quick Reserve,downward,2026-05-26 23:00:00+00:00,2026-05-26T23:30:00+00:00,0.5,25.0,0.045612400708015,1.0,False,0.5188285491680009,1.19,0.0879142074605562,0.0,0.0,0.3660242464560623,standalone_parent:product_margin_quantity,268,True,1.0,300,True,9.150606161401557,4.575303080700778,2026-05-27,bm_eligible
PSR,Slow Reserve,upward,2026-05-26 23:30:00+00:00,2026-05-27T00:00:00+00:00,0.5,25.0,0.7998443637952313,1.0,False,1.4761062085615215,1.6,0.5418609847693051,0.0,0.0,0.651420115892579,standalone_parent:product_margin_quantity,11247,True,1.8,1801,True,16.285502897314473,14.656952607583026,2026-05-27,bm_eligible
PSR,Slow Reserve,upward,2026-05-27 00:00:00+00:00,2026-05-27T00:30:00+00:00,0.5,25.0,0.780897054427508,1.0,False,1.4411391046357978,0.73,0.5418609847693051,0.0,0.0,0.6641209477482147,standalone_parent:product_margin_quantity,5151,True,1.07,1806,True,16.603023693705367,8.882617676132371,2026-05-27,bm_eligible
PSR,Slow Reserve,upward,2026-05-27 00:30:00+00:00,2026-05-27T01:00:00+00:00,0.5,25.0,0.4948077688603299,1.0,False,0.9131636762351364,0.73,0.5418609847693051,0.0,0.0,0.6641209477482147,standalone_parent:product_margin_quantity,5151,True,1.06,1806,True,16.603023693705367,8.799602557663846,2026-05-27,bm_eligible
PSR,Slow Reserve,upward,2026-05-27 01:00:00+00:00,2026-05-27T01:30:00+00:00,0.5,25.0,0.4909962603057156,1.0,False,0.9061295684810284,0.73,0.5418609847693051,0.0,0.0,0.6641209477482147,standalone_parent:product_margin_quantity,5151,True,1.06,1806,True,16.603023693705367,8.799602557663846,2026-05-27,bm_eligible
PSR,Slow Reserve,upward,2026-05-27 01:30:00+00:00,2026-05-27T02:00:00+00:00,0.5,25.0,0.5248090509099509,1.0,False,0.96853079601844,0.73,0.5418609847693051,0.0,0.0,0.6641209477482147,standalone_parent:product_margin_quantity,5151,True,0.73,1816,True,16.603023693705367,6.060103648202459,2026-05-27,bm_eligible
DRL,Dynamic Regulation,upward,2026-05-27 02:00:00+00:00,2026-05-27T06:00:00+00:00,4.0,25.0,4.433172532085901,1.0,False,15.03468903264445,16.32,0.294862934807648,13.115357071739709,0.131153570717397,0.4781843929077178,standalone_parent:product_margin_quantity,466,True,16.89,479,True,11.954609822692944,807.6534396211354,2026-05-27,bm_eligible
DRL,Dynamic Regulation,upward,2026-05-27 06:00:00+00:00,2026-05-27T10:00:00+00:00,4.0,25.0,4.9454938878552825,1.0,False,16.772178880609204,16.63,0.294862934807648,123.83385599139363,1.2383385599139365,0.4781843929077178,standalone_parent:product_margin_quantity,466,True,14.92,480,True,11.954609822692944,713.451114218315,2026-05-27,bm_eligible
DRL,Dynamic Regulation,upward,2026-05-27 10:00:00+00:00,2026-05-27T14:00:00+00:00,4.0,25.0,4.552602635981998,1.0,False,15.43972503343582,13.49,0.294862934807648,3.637978807091713e-12,3.637978807091713e-14,0.4781843929077178,standalone_parent:product_margin_quantity,466,True,12.72,480,True,11.954609822692944,608.250547778617,2026-05-27,bm_eligible
DRL,Dynamic Regulation,upward,2026-05-27 14:00:00+00:00,2026-05-27T18:00:00+00:00,4.0,25.0,5.33618014975224,1.0,False,18.09715471099568,14.23,0.294862934807648,0.68258526779573,0.0068258526779573,0.4781843929077178,standalone_parent:product_margin_quantity,466,True,16.51,480,True,11.954609822692944,789.4824326906421,2026-05-27,bm_eligible
DRL,Dynamic Regulation,upward,2026-05-27 18:00:00+00:00,2026-05-27T22:00:00+00:00,4.0,3.0,6.270685378204737,1.0,False,21.26644158342716,23.82,0.294862934807648,49.45105072413571,4.120920893677976,0.4738983688433393,standalone_parent:product_margin,1454,True,35.96,471,True,1.421695106530018,204.4966241232778,2026-05-27,bm_eligible
NQR,Quick Reserve,downward,2026-05-27 18:00:00+00:00,2026-05-27T18:30:00+00:00,0.5,22.0,0.134687930377726,1.0,False,1.532038270812546,0.9,0.0879142074605562,0.0,0.0,0.4719198038459597,standalone_parent:product_margin_quantity,203,True,0.0,336,True,10.382235684611114,0.0,2026-05-27,bm_eligible
NQR,Quick Reserve,downward,2026-05-27 18:30:00+00:00,2026-05-27T19:00:00+00:00,0.5,22.0,0.0485423424033771,1.0,False,0.5521558324364833,0.0,0.0879142074605562,0.0,0.0,0.4126759714306841,standalone_parent:product_margin_quantity,707,True,0.0,336,True,9.07887137147505,0.0,2026-05-27,bm_eligible
NQR,Quick Reserve,downward,2026-05-27 19:00:00+00:00,2026-05-27T19:30:00+00:00,0.5,22.0,0.0179731936443096,1.0,False,0.2044401486798771,0.0,0.0879142074605562,3.637978807091713e-12,3.307253460992467e-13,0.4178279196023338,standalone_parent:product_margin_quantity,219,True,0.0,322,True,9.192214231251343,0.0,2026-05-27,bm_eligible
NQR,Quick Reserve,downward,2026-05-27 19:30:00+00:00,2026-05-27T20:00:00+00:00,0.5,22.0,0.0188410002718927,1.0,False,0.2143112110786644,0.0,0.0879142074605562,3.637978807091713e-12,3.307253460992467e-13,0.4178279196023338,standalone_parent:product_margin_quantity,219,True,0.0,317,True,9.192214231251343,0.0,2026-05-27,bm_eligible
NQR,Quick Reserve,downward,2026-05-27 20:00:00+00:00,2026-05-27T20:30:00+00:00,0.5,22.0,0.0422758544020445,1.0,False,0.4808762499623526,0.0,0.0879142074605562,0.0,0.0,0.4126759714306841,standalone_parent:product_margin_quantity,707,True,0.0,350,True,9.07887137147505,0.0,2026-05-27,bm_eligible
PBR,Balancing Reserve,upward,2026-05-27 20:30:00+00:00,2026-05-27T21:00:00+00:00,0.5,22.0,2.5870619451526995,0.5,True,5.018153365575283,3.05,0.5155406295271961,0.0,0.0,0.5988766951675288,standalone_parent:product_margin_quantity,2107,True,2.42,400,True,13.175287293685637,15.942097625359615,2026-05-27,bm_eligible
PBR,Balancing Reserve,upward,2026-05-27 21:00:00+00:00,2026-05-27T21:30:00+00:00,0.5,22.0,2.3458896075709776,0.5,True,4.550348649964601,2.89,0.5155406295271961,0.0,0.0,0.5988766951675288,standalone_parent:product_margin_quantity,2107,True,2.42,400,True,13.175287293685637,15.942097625359615,2026-05-27,bm_eligible
PQR,Quick Reserve,upward,2026-05-27 21:30:00+00:00,2026-05-27T22:00:00+00:00,0.5,22.0,2.4546417189657515,1.0,False,10.617202714468004,12.29,0.2311947680551323,0.0,0.0,0.5860966956151924,standalone_parent:product_margin_quantity,816,True,2.94,500,True,12.894127303534232,18.954367136195323,2026-05-27,bm_eligible
PSR,Slow Reserve,upward,2026-05-27 22:00:00+00:00,2026-05-27T22:30:00+00:00,0.5,25.0,1.9040472721824224,1.0,False,3.513903613106712,1.8,0.5418609847693051,0.0,0.0,0.651420115892579,standalone_parent:product_margin_quantity,11247,True,1.19,1800,True,16.285502897314473,9.68987422390211,2026-05-27,bm_eligible
PSR,Slow Reserve,upward,2026-05-27 22:30:00+00:00,2026-05-27T23:00:00+00:00,0.5,25.0,1.3861580646438332,1.0,False,2.558143331234641,1.8,0.5418609847693051,0.0,0.0,0.651420115892579,standalone_parent:product_margin_quantity,11247,True,1.19,1800,True,16.285502897314473,9.68987422390211,2026-05-27,bm_eligible
NQR,Quick Reserve,downward,2026-05-27 23:00:00+00:00,2026-05-27T23:30:00+00:00,0.5,25.0,0.0198258637118971,1.0,False,0.2255137626167222,1.0,0.0879142074605562,0.0,0.0,0.3660242464560623,standalone_parent:product_margin_quantity,268,True,0.0,318,True,9.150606161401557,0.0,2026-05-28,non_bm
NQR,Quick Reserve,downward,2026-05-27 23:30:00+00:00,2026-05-28T00:00:00+00:00,0.5,25.0,0.0135997078862262,1.0,False,0.1546929475799223,0.31,0.0879142074605562,0.0,0.0,0.4126759714306841,standalone_parent:product_margin_quantity,707,True,0.31,313,True,10.316899285767102,1.5991193892939009,2026-05-28,non_bm
PSR,Slow Reserve,upward,2026-05-28 00:00:00+00:00,2026-05-28T00:30:00+00:00,0.5,25.0,0.6113933527224649,1.0,False,1.1283214143619564,1.07,0.5418609847693051,0.0,0.0,0.651420115892579,standalone_parent:product_margin_quantity,11247,True,1.19,1800,True,16.285502897314473,9.68987422390211,2026-05-28,non_bm
PSR,Slow Reserve,upward,2026-05-28 00:30:00+00:00,2026-05-28T01:00:00+00:00,0.5,25.0,0.3273170809029963,1.0,False,0.6040609863106311,1.06,0.5418609847693051,0.0,0.0,0.651420115892579,standalone_parent:product_margin_quantity,11247,True,1.19,1800,True,16.285502897314473,9.68987422390211,2026-05-28,non_bm
PSR,Slow Reserve,upward,2026-05-28 01:00:00+00:00,2026-05-28T01:30:00+00:00,0.5,25.0,0.3236582141448034,1.0,False,0.5973085777389923,1.06,0.5418609847693051,0.0,0.0,0.651420115892579,standalone_parent:product_margin_quantity,11247,True,1.19,1800,True,16.285502897314473,9.68987422390211,2026-05-28,non_bm
PSR,Slow Reserve,upward,2026-05-28 01:30:00+00:00,2026-05-28T02:00:00+00:00,0.5,25.0,0.3401439546611854,1.0,False,0.6277328765531996,0.73,0.5418609847693051,0.0,0.0,0.6641209477482147,standalone_parent:product_margin_quantity,5151,True,0.82,1806,True,16.603023693705367,6.8072397144192,2026-05-28,non_bm
DRL,Dynamic Regulation,upward,2026-05-28 02:00:00+00:00,2026-05-28T06:00:00+00:00,4.0,25.0,4.428565514014678,1.0,False,15.01906476276384,16.89,0.294862934807648,20.88939094568741,0.2088939094568741,0.4781843929077178,standalone_parent:product_margin_quantity,466,True,15.63,480,True,11.954609822692944,747.402206114763,2026-05-28,non_bm
DRL,Dynamic Regulation,upward,2026-05-28 06:00:00+00:00,2026-05-28T10:00:00+00:00,4.0,25.0,4.624485561033947,1.0,False,15.683509234725284,14.92,0.294862934807648,100.40202993553794,1.0040202993553793,0.4781843929077178,standalone_parent:product_margin_quantity,466,True,15.17,480,True,11.954609822692944,725.4057240410078,2026-05-28,non_bm
DRL,Dynamic Regulation,upward,2026-05-28 10:00:00+00:00,2026-05-28T14:00:00+00:00,4.0,25.0,4.3222586726236205,1.0,False,14.65853507645245,12.72,0.294862934807648,0.0,0.0,0.4781843929077178,standalone_parent:product_margin_quantity,466,True,11.89,480,True,11.954609822692944,568.5612431672764,2026-05-28,non_bm
DRL,Dynamic Regulation,upward,2026-05-28 14:00:00+00:00,2026-05-28T18:00:00+00:00,4.0,25.0,5.287816067638233,1.0,False,17.933132460638724,16.51,0.294862934807648,0.0,0.0,0.4781843929077178,standalone_parent:product_margin_quantity,466,True,17.86,480,True,11.954609822692944,854.0373257331839,2026-05-28,non_bm
DRL,Dynamic Regulation,upward,2026-05-28 18:00:00+00:00,2026-05-28T22:00:00+00:00,4.0,7.0,6.334043364294427,1.0,False,21.481314253439145,35.96,0.294862934807648,121.38362706364023,4.335129537987151,0.379093333467851,standalone_parent:product_margin_quantity,498,True,20.72,480,True,2.6536533342749573,219.93478834470844,2026-05-28,non_bm
NQR,Quick Reserve,downward,2026-05-28 18:00:00+00:00,2026-05-28T18:30:00+00:00,0.5,18.0,0.0771548767759284,1.0,False,0.877615564134442,0.0,0.0879142074605562,0.0,0.0,0.4126759714306841,standalone_parent:product_margin_quantity,707,True,0.0,302,True,7.428167485752313,0.0,2026-05-28,non_bm
NQR,Quick Reserve,downward,2026-05-28 18:30:00+00:00,2026-05-28T19:00:00+00:00,0.5,18.0,0.0098883709309429,1.0,False,0.112477507522086,0.0,0.0879142074605562,0.0,0.0,0.4126759714306841,standalone_parent:product_margin_quantity,707,True,0.0,301,True,7.428167485752313,0.0,2026-05-28,non_bm
NSR,Slow Reserve,downward,2026-05-28 19:00:00+00:00,2026-05-28T19:30:00+00:00,0.5,18.0,0.0002943215421164,1.0,False,0.0838816395031984,0.0,0.0035087719298245,3.637978807091713e-12,4.0421986745463485e-13,0.0002232043212356,standalone_parent:product_margin_quantity,736,True,0.0,0,True,0.0,0.0,2026-05-28,non_bm
NSR,Slow Reserve,downward,2026-05-28 19:30:00+00:00,2026-05-28T20:00:00+00:00,0.5,18.0,0.0002425131266893,1.0,False,0.0691162411064622,0.0,0.0035087719298245,3.637978807091713e-12,4.0421986745463485e-13,0.0002232043212356,standalone_parent:product_margin_quantity,736,True,0.0,0,True,0.0,0.0,2026-05-28,non_bm
NSR,Slow Reserve,downward,2026-05-28 20:00:00+00:00,2026-05-28T20:30:00+00:00,0.5,18.0,0.0001933350607633,1.0,False,0.0551004923175513,0.0,0.0035087719298245,0.0,0.0,0.0035087719298245,standalone_parent:product,4560,True,0.0,0,True,0.0,0.0,2026-05-28,non_bm
NSR,Slow Reserve,downward,2026-05-28 20:30:00+00:00,2026-05-28T21:00:00+00:00,0.5,18.0,0.0001476287946812,1.0,False,0.042074206484144,0.0,0.0035087719298245,3.637978807091713e-12,4.0421986745463485e-13,0.0002232043212356,standalone_parent:product_margin_quantity,736,True,0.0,0,True,0.0,0.0,2026-05-28,non_bm
PQR,Quick Reserve,upward,2026-05-28 21:00:00+00:00,2026-05-28T21:30:00+00:00,0.5,18.0,1.6111077854761662,1.0,False,6.968616976193727,8.21,0.2311947680551323,0.0,0.0,0.5989761163562776,standalone_parent:product_margin_quantity,1552,True,6.72,499,True,10.781570094412997,36.22607551722767,2026-05-28,non_bm
PQR,Quick Reserve,upward,2026-05-28 21:30:00+00:00,2026-05-28T22:00:00+00:00,0.5,18.0,1.916666651936896,1.0,False,8.290268279253768,2.94,0.2311947680551323,0.0,0.0,0.411784385725345,standalone_parent:product_margin_quantity,1491,True,11.48,401,True,7.4121189430562096,42.545562733142646,2026-05-28,non_bm
PQR,Quick Reserve,upward,2026-05-28 22:00:00+00:00,2026-05-28T22:30:00+00:00,0.5,25.0,1.3890621357033548,1.0,False,6.008190182626059,5.52,0.2311947680551323,0.0,0.0,0.5989761163562776,standalone_parent:product_margin_quantity,1552,True,1.53,500,True,14.97440290890694,11.455418225313808,2026-05-28,non_bm
PSR,Slow Reserve,upward,2026-05-28 22:30:00+00:00,2026-05-28T23:00:00+00:00,0.5,25.0,0.8302524945937224,1.0,False,1.532224164371603,1.19,0.5418609847693051,0.0,0.0,0.651420115892579,standalone_parent:product_margin_quantity,11247,True,1.12,1800,True,16.285502897314473,9.119881622496106,2026-05-28,non_bm
NQR,Quick Reserve,downward,2026-05-27 23:00:00+00:00,2026-05-27T23:30:00+00:00,0.5,25.0,0.0198258637118971,1.0,False,0.2255137626167222,1.0,0.0879142074605562,0.0,0.0,0.3660242464560623,standalone_parent:product_margin_quantity,268,True,0.0,318,True,9.150606161401557,0.0,2026-05-28,bm_eligible
NBR,Balancing Reserve,downward,2026-05-27 23:30:00+00:00,2026-05-28T00:00:00+00:00,0.5,25.0,0.0182648866398128,0.5,True,0.0839402004575398,0.0,0.2175940317065589,0.0,0.0,0.2175940317065589,nonlooped_parent:product,3217,True,0.0,0,True,0.0,0.0,2026-05-28,bm_eligible
PSR,Slow Reserve,upward,2026-05-28 00:00:00+00:00,2026-05-28T00:30:00+00:00,0.5,25.0,0.6113933527224649,1.0,False,1.1283214143619564,1.07,0.5418609847693051,0.0,0.0,0.651420115892579,standalone_parent:product_margin_quantity,11247,True,1.19,1800,True,16.285502897314473,9.68987422390211,2026-05-28,bm_eligible
PSR,Slow Reserve,upward,2026-05-28 00:30:00+00:00,2026-05-28T01:00:00+00:00,0.5,25.0,0.3273170809029963,1.0,False,0.6040609863106311,1.06,0.5418609847693051,0.0,0.0,0.651420115892579,standalone_parent:product_margin_quantity,11247,True,1.19,1800,True,16.285502897314473,9.68987422390211,2026-05-28,bm_eligible
PSR,Slow Reserve,upward,2026-05-28 01:00:00+00:00,2026-05-28T01:30:00+00:00,0.5,25.0,0.3236582141448034,1.0,False,0.5973085777389923,1.06,0.5418609847693051,0.0,0.0,0.651420115892579,standalone_parent:product_margin_quantity,11247,True,1.19,1800,True,16.285502897314473,9.68987422390211,2026-05-28,bm_eligible
PSR,Slow Reserve,upward,2026-05-28 01:30:00+00:00,2026-05-28T02:00:00+00:00,0.5,25.0,0.3401439546611854,1.0,False,0.6277328765531996,0.73,0.5418609847693051,0.0,0.0,0.6641209477482147,standalone_parent:product_margin_quantity,5151,True,0.82,1806,True,16.603023693705367,6.8072397144192,2026-05-28,bm_eligible
DRL,Dynamic Regulation,upward,2026-05-28 02:00:00+00:00,2026-05-28T06:00:00+00:00,4.0,25.0,4.428565514014678,1.0,False,15.01906476276384,16.89,0.294862934807648,20.88939094568741,0.2088939094568741,0.4781843929077178,standalone_parent:product_margin_quantity,466,True,15.63,480,True,11.954609822692944,747.402206114763,2026-05-28,bm_eligible
DRL,Dynamic Regulation,upward,2026-05-28 06:00:00+00:00,2026-05-28T10:00:00+00:00,4.0,25.0,4.624485561033947,1.0,False,15.683509234725284,14.92,0.294862934807648,100.40202993553794,1.0040202993553793,0.4781843929077178,standalone_parent:product_margin_quantity,466,True,15.17,480,True,11.954609822692944,725.4057240410078,2026-05-28,bm_eligible
DRL,Dynamic Regulation,upward,2026-05-28 10:00:00+00:00,2026-05-28T14:00:00+00:00,4.0,25.0,4.3222586726236205,1.0,False,14.65853507645245,12.72,0.294862934807648,0.0,0.0,0.4781843929077178,standalone_parent:product_margin_quantity,466,True,11.89,480,True,11.954609822692944,568.5612431672764,2026-05-28,bm_eligible
DRL,Dynamic Regulation,upward,2026-05-28 14:00:00+00:00,2026-05-28T18:00:00+00:00,4.0,25.0,5.287816067638233,1.0,False,17.933132460638724,16.51,0.294862934807648,0.0,0.0,0.4781843929077178,standalone_parent:product_margin_quantity,466,True,17.86,480,True,11.954609822692944,854.0373257331839,2026-05-28,bm_eligible
DRL,Dynamic Regulation,upward,2026-05-28 18:00:00+00:00,2026-05-28T22:00:00+00:00,4.0,7.0,6.334043364294427,1.0,False,21.481314253439145,35.96,0.294862934807648,121.38362706364023,4.335129537987151,0.379093333467851,standalone_parent:product_margin_quantity,498,True,20.72,480,True,2.6536533342749573,219.93478834470844,2026-05-28,bm_eligible
NQR,Quick Reserve,downward,2026-05-28 18:00:00+00:00,2026-05-28T18:30:00+00:00,0.5,18.0,0.0771548767759284,1.0,False,0.877615564134442,0.0,0.0879142074605562,0.0,0.0,0.4126759714306841,standalone_parent:product_margin_quantity,707,True,0.0,302,True,7.428167485752313,0.0,2026-05-28,bm_eligible
NBR,Balancing Reserve,downward,2026-05-28 18:30:00+00:00,2026-05-28T19:00:00+00:00,0.5,18.0,0.0184643705529024,0.5,True,0.0848569715266958,0.0,0.2175940317065589,0.0,0.0,0.2175940317065589,nonlooped_parent:product,3217,True,0.0,2,True,0.4351880634131178,0.0,2026-05-28,bm_eligible
NBR,Balancing Reserve,downward,2026-05-28 19:00:00+00:00,2026-05-28T19:30:00+00:00,0.5,18.0,0.0175804071891648,0.5,True,0.0807945284679192,0.0,0.2175940317065589,0.0,0.0,0.2175940317065589,nonlooped_parent:product,3217,True,0.0,2,True,0.4351880634131178,0.0,2026-05-28,bm_eligible
NBR,Balancing Reserve,downward,2026-05-28 19:30:00+00:00,2026-05-28T20:00:00+00:00,0.5,18.0,0.0167331603015701,0.5,True,0.0769008238430732,0.0,0.2175940317065589,0.0,0.0,0.2175940317065589,nonlooped_parent:product,3217,True,0.0,2,True,0.4351880634131178,0.0,2026-05-28,bm_eligible
NBR,Balancing Reserve,downward,2026-05-28 20:00:00+00:00,2026-05-28T20:30:00+00:00,0.5,18.0,0.0159371265192662,0.5,True,0.0732424800178277,0.0,0.2175940317065589,0.0,0.0,0.2175940317065589,nonlooped_parent:product,3217,True,0.0,2,True,0.4351880634131178,0.0,2026-05-28,bm_eligible
NBR,Balancing Reserve,downward,2026-05-28 20:30:00+00:00,2026-05-28T21:00:00+00:00,0.5,18.0,0.0152059262009704,0.5,True,0.0698820922693171,0.0,0.2175940317065589,0.0,0.0,0.2175940317065589,nonlooped_parent:product,3217,True,0.0,4,True,0.8703761268262357,0.0,2026-05-28,bm_eligible
PBR,Balancing Reserve,upward,2026-05-28 21:00:00+00:00,2026-05-28T21:30:00+00:00,0.5,18.0,1.859402598855655,0.5,True,3.606704287421379,2.42,0.5155406295271961,0.0,0.0,0.5988766951675288,standalone_parent:product_margin_quantity,2107,True,2.28,400,True,10.77978051301552,12.28894978483769,2026-05-28,bm_eligible
PBR,Balancing Reserve,upward,2026-05-28 21:30:00+00:00,2026-05-28T22:00:00+00:00,0.5,18.0,1.96638156099599,0.5,True,3.81421259232151,2.42,0.5155406295271961,0.0,0.0,0.5988766951675288,standalone_parent:product_margin_quantity,2107,True,2.28,400,True,10.77978051301552,12.28894978483769,2026-05-28,bm_eligible
PQR,Quick Reserve,upward,2026-05-28 22:00:00+00:00,2026-05-28T22:30:00+00:00,0.5,25.0,1.3890621357033548,1.0,False,6.008190182626059,5.52,0.2311947680551323,0.0,0.0,0.5989761163562776,standalone_parent:product_margin_quantity,1552,True,1.53,500,True,14.97440290890694,11.455418225313808,2026-05-28,bm_eligible
PSR,Slow Reserve,upward,2026-05-28 22:30:00+00:00,2026-05-28T23:00:00+00:00,0.5,25.0,0.8302524945937224,1.0,False,1.532224164371603,1.19,0.5418609847693051,0.0,0.0,0.651420115892579,standalone_parent:product_margin_quantity,11247,True,1.12,1800,True,16.285502897314473,9.119881622496106,2026-05-28,bm_eligible
NSR,Slow Reserve,downward,2026-05-28 23:00:00+00:00,2026-05-28T23:30:00+00:00,0.5,25.0,0.0004762498835467,1.0,False,0.1357312168108166,0.0,0.0035087719298245,0.0,0.0,0.0035087719298245,standalone_parent:product,4560,True,0.0,0,True,0.0,0.0,2026-05-29,non_bm
NSR,Slow Reserve,downward,2026-05-28 23:30:00+00:00,2026-05-29T00:00:00+00:00,0.5,25.0,0.0004645533978233,1.0,False,0.1323977183796451,0.0,0.0035087719298245,0.0,0.0,0.0035087719298245,standalone_parent:product,4560,True,0.0,0,True,0.0,0.0,2026-05-29,non_bm
NSR,Slow Reserve,downward,2026-05-29 00:00:00+00:00,2026-05-29T00:30:00+00:00,0.5,25.0,0.0004598344404779,1.0,False,0.131052815536219,0.0,0.0035087719298245,0.0,0.0,0.0035087719298245,standalone_parent:product,4560,True,0.0,0,True,0.0,0.0,2026-05-29,non_bm
PSR,Slow Reserve,upward,2026-05-29 00:30:00+00:00,2026-05-29T01:00:00+00:00,0.5,25.0,0.1266846856767813,1.0,False,0.2337955476361096,1.19,0.5418609847693051,0.0,0.0,0.651420115892579,standalone_parent:product_margin_quantity,11247,True,1.12,1800,True,16.285502897314473,9.119881622496106,2026-05-29,non_bm
NQR,Quick Reserve,downward,2026-05-29 01:00:00+00:00,2026-05-29T01:30:00+00:00,0.5,7.0,0.028910489487462,1.0,False,0.3288488894179369,0.97,0.0879142074605562,0.0,0.0,0.456894791575372,standalone_parent:product_margin,428,True,0.0,306,True,3.198263541027604,0.0,2026-05-29,non_bm
PSR,Slow Reserve,upward,2026-05-29 01:00:00+00:00,2026-05-29T01:30:00+00:00,0.5,18.0,0.1232599189407333,1.0,False,0.2274751687339341,1.19,0.5418609847693051,0.0,0.0,0.651420115892579,standalone_parent:product_margin_quantity,11247,True,1.12,1800,True,11.725562086066422,6.566314768197197,2026-05-29,non_bm
PSR,Slow Reserve,upward,2026-05-29 01:30:00+00:00,2026-05-29T02:00:00+00:00,0.5,25.0,0.1285161243822379,1.0,False,0.2371754527352677,0.82,0.5418609847693051,0.0,0.0,0.6641209477482147,standalone_parent:product_margin_quantity,5151,True,0.81,1800,True,16.603023693705367,6.724224595950674,2026-05-29,non_bm
DRL,Dynamic Regulation,upward,2026-05-29 02:00:00+00:00,2026-05-29T06:00:00+00:00,4.0,25.0,4.168895583778809,1.0,False,14.138418538424853,15.63,0.294862934807648,13.80024880459132,0.1380024880459132,0.4781843929077178,standalone_parent:product_margin_quantity,466,True,4.06,480,True,11.954609822692944,194.1428635205334,2026-05-29,non_bm
DRL,Dynamic Regulation,upward,2026-05-29 06:00:00+00:00,2026-05-29T10:00:00+00:00,4.0,25.0,4.383122257620189,1.0,False,14.86494821900722,15.17,0.294862934807648,106.79789831820015,1.0679789831820017,0.4781843929077178,standalone_parent:product_margin_quantity,466,True,15.95,480,True,11.954609822692944,762.7041066878098,2026-05-29,non_bm
DRL,Dynamic Regulation,upward,2026-05-29 10:00:00+00:00,2026-05-29T14:00:00+00:00,4.0,25.0,3.96899458557731,1.0,False,13.460473043743049,11.89,0.294862934807648,0.0,0.0,0.4781843929077178,standalone_parent:product_margin_quantity,466,True,13.49,480,True,11.954609822692944,645.0707460325112,2026-05-29,non_bm
DRL,Dynamic Regulation,upward,2026-05-29 14:00:00+00:00,2026-05-29T18:00:00+00:00,4.0,25.0,5.060508098698805,1.0,False,17.162238794102745,17.86,0.294862934807648,0.0,0.0,0.4781843929077178,standalone_parent:product_margin_quantity,466,True,18.66,480,True,11.954609822692944,892.2920771658014,2026-05-29,non_bm
DRL,Dynamic Regulation,upward,2026-05-29 18:00:00+00:00,2026-05-29T22:00:00+00:00,4.0,3.0,6.260564827293793,1.0,False,21.23211868381434,20.72,0.294862934807648,42.69405188818564,3.5578376573488035,0.4738983688433393,standalone_parent:product_margin,1454,True,22.46,480,True,1.421695106530018,127.72508837065683,2026-05-29,non_bm
NQR,Quick Reserve,downward,2026-05-29 18:00:00+00:00,2026-05-29T18:30:00+00:00,0.5,22.0,0.0310255364655255,1.0,False,0.3529069687563925,0.0,0.0879142074605562,0.0,0.0,0.4126759714306841,standalone_parent:product_margin_quantity,707,True,5.0,300,True,9.07887137147505,22.69717842868762,2026-05-29,non_bm
NSR,Slow Reserve,downward,2026-05-29 18:30:00+00:00,2026-05-29T19:00:00+00:00,0.5,22.0,0.0008275442940012,1.0,False,0.235850123790354,0.0,0.0035087719298245,0.0,0.0,0.0035087719298245,standalone_parent:product,4560,True,0.0,0,True,0.0,0.0,2026-05-29,non_bm
NSR,Slow Reserve,downward,2026-05-29 19:00:00+00:00,2026-05-29T19:30:00+00:00,0.5,22.0,0.0007743887593695,1.0,False,0.2207007964203248,0.0,0.0035087719298245,0.0,0.0,0.0035087719298245,standalone_parent:product,4560,True,0.0,0,True,0.0,0.0,2026-05-29,non_bm
NSR,Slow Reserve,downward,2026-05-29 19:30:00+00:00,2026-05-29T20:00:00+00:00,0.5,22.0,0.0007229093841772,1.0,False,0.2060291744905263,0.0,0.0035087719298245,0.0,0.0,0.0035087719298245,standalone_parent:product,4560,True,0.0,0,True,0.0,0.0,2026-05-29,non_bm
NSR,Slow Reserve,downward,2026-05-29 20:00:00+00:00,2026-05-29T20:30:00+00:00,0.5,22.0,0.0006739869948067,1.0,False,0.1920862935199196,0.0,0.0035087719298245,0.0,0.0,0.0035087719298245,standalone_parent:product,4560,True,0.0,0,True,0.0,0.0,2026-05-29,non_bm
NSR,Slow Reserve,downward,2026-05-29 20:30:00+00:00,2026-05-29T21:00:00+00:00,0.5,22.0,0.0006284586669038,1.0,False,0.1791107200676086,0.0,0.0035087719298245,0.0,0.0,0.0035087719298245,standalone_parent:product,4560,True,0.0,0,True,0.0,0.0,2026-05-29,non_bm
PQR,Quick Reserve,upward,2026-05-29 21:00:00+00:00,2026-05-29T21:30:00+00:00,0.5,22.0,1.3881879826800854,1.0,False,6.004409158381337,6.72,0.2311947680551323,0.0,0.0,0.5989761163562776,standalone_parent:product_margin_quantity,1552,True,2.93,501,True,13.177474559838108,19.30500023016283,2026-05-29,non_bm
PQR,Quick Reserve,upward,2026-05-29 21:30:00+00:00,2026-05-29T22:00:00+00:00,0.5,22.0,2.159316991223222,1.0,False,9.339817719007796,11.48,0.2311947680551323,0.0,0.0,0.5860966956151924,standalone_parent:product_margin_quantity,816,True,10.54,500,True,12.894127303534232,67.95205088962541,2026-05-29,non_bm
PSR,Slow Reserve,upward,2026-05-29 22:00:00+00:00,2026-05-29T22:30:00+00:00,0.5,25.0,1.132888216763238,1.0,False,2.090735905714932,1.65,0.5418609847693051,0.0,0.0,0.651420115892579,standalone_parent:product_margin_quantity,11247,True,1.49,1802,True,16.285502897314473,12.132699658499282,2026-05-29,non_bm
PSR,Slow Reserve,upward,2026-05-29 22:30:00+00:00,2026-05-29T23:00:00+00:00,0.5,25.0,0.5936457929468697,1.0,False,1.0955684384614104,1.12,0.5418609847693051,0.0,0.0,0.651420115892579,standalone_parent:product_margin_quantity,11247,True,1.49,1802,True,16.285502897314473,12.132699658499282,2026-05-29,non_bm
NBR,Balancing Reserve,downward,2026-05-28 23:00:00+00:00,2026-05-28T23:30:00+00:00,0.5,25.0,0.0057506586910368,0.5,True,0.026428384298665,0.0,0.2175940317065589,0.0,0.0,0.2175940317065589,nonlooped_parent:product,3217,True,0.0,0,True,0.0,0.0,2026-05-29,bm_eligible
NBR,Balancing Reserve,downward,2026-05-28 23:30:00+00:00,2026-05-29T00:00:00+00:00,0.5,25.0,0.0056199046481804,0.5,True,0.0258274760759952,0.0,0.2175940317065589,0.0,0.0,0.2175940317065589,nonlooped_parent:product,3217,True,0.0,0,True,0.0,0.0,2026-05-29,bm_eligible
NBR,Balancing Reserve,downward,2026-05-29 00:00:00+00:00,2026-05-29T00:30:00+00:00,0.5,24.0,0.0056077898521335,0.5,True,0.0257717999347337,0.0,0.2175940317065589,0.0,0.0,0.2175940317065589,nonlooped_parent:product,3217,True,0.0,0,True,0.0,0.0,2026-05-29,bm_eligible
PSR,Slow Reserve,upward,2026-05-29 00:00:00+00:00,2026-05-29T00:30:00+00:00,0.5,1.0,0.4104517838827429,1.0,False,0.7574853983212889,1.19,0.5418609847693051,0.0,0.0,0.6639688897559385,standalone_parent:product_margin,15731,True,1.12,1800,True,0.6639688897559385,0.3718225782633256,2026-05-29,bm_eligible
PSR,Slow Reserve,upward,2026-05-29 00:30:00+00:00,2026-05-29T01:00:00+00:00,0.5,25.0,0.1266846856767813,1.0,False,0.2337955476361096,1.19,0.5418609847693051,0.0,0.0,0.651420115892579,standalone_parent:product_margin_quantity,11247,True,1.12,1800,True,16.285502897314473,9.119881622496106,2026-05-29,bm_eligible
NQR,Quick Reserve,downward,2026-05-29 01:00:00+00:00,2026-05-29T01:30:00+00:00,0.5,1.0,0.028910489487462,1.0,False,0.3288488894179369,0.97,0.0879142074605562,0.0,0.0,0.456894791575372,standalone_parent:product_margin,428,True,0.0,306,True,0.456894791575372,0.0,2026-05-29,bm_eligible
PSR,Slow Reserve,upward,2026-05-29 01:00:00+00:00,2026-05-29T01:30:00+00:00,0.5,24.0,0.1232599189407333,1.0,False,0.2274751687339341,1.19,0.5418609847693051,0.0,0.0,0.651420115892579,standalone_parent:product_margin_quantity,11247,True,1.12,1800,True,15.634082781421895,8.755086357596262,2026-05-29,bm_eligible
PSR,Slow Reserve,upward,2026-05-29 01:30:00+00:00,2026-05-29T02:00:00+00:00,0.5,25.0,0.1285161243822379,1.0,False,0.2371754527352677,0.82,0.5418609847693051,0.0,0.0,0.6641209477482147,standalone_parent:product_margin_quantity,5151,True,0.81,1800,True,16.603023693705367,6.724224595950674,2026-05-29,bm_eligible
DRL,Dynamic Regulation,upward,2026-05-29 02:00:00+00:00,2026-05-29T06:00:00+00:00,4.0,25.0,4.168895583778809,1.0,False,14.138418538424853,15.63,0.294862934807648,13.80024880459132,0.1380024880459132,0.4781843929077178,standalone_parent:product_margin_quantity,466,True,4.06,480,True,11.954609822692944,194.1428635205334,2026-05-29,bm_eligible
DRL,Dynamic Regulation,upward,2026-05-29 06:00:00+00:00,2026-05-29T10:00:00+00:00,4.0,23.0,4.383122257620189,1.0,False,14.86494821900722,15.17,0.294862934807648,93.2537614832122,1.0136278422088283,0.4781843929077178,standalone_parent:product_margin_quantity,466,True,15.95,480,True,10.99824103687751,701.6877781527851,2026-05-29,bm_eligible
NBR,Balancing Reserve,downward,2026-05-29 06:00:00+00:00,2026-05-29T06:30:00+00:00,0.5,2.0,0.026359988638693,0.5,True,0.1211429763581079,0.0,0.2175940317065589,0.0,0.0,0.2175940317065589,nonlooped_parent:product,3217,True,0.0,0,True,0.0,0.0,2026-05-29,bm_eligible
NBR,Balancing Reserve,downward,2026-05-29 06:30:00+00:00,2026-05-29T07:00:00+00:00,0.5,2.0,0.0272635117362869,0.5,True,0.1252953103651931,0.0,0.2175940317065589,0.0,0.0,0.2175940317065589,nonlooped_parent:product,3217,True,0.0,0,True,0.0,0.0,2026-05-29,bm_eligible
NBR,Balancing Reserve,downward,2026-05-29 07:00:00+00:00,2026-05-29T07:30:00+00:00,0.5,2.0,0.028145373781142,0.5,True,0.1293480963627629,0.0,0.2175940317065589,0.0,0.0,0.2175940317065589,nonlooped_parent:product,3217,True,0.0,0,True,0.0,0.0,2026-05-29,bm_eligible
NBR,Balancing Reserve,downward,2026-05-29 07:30:00+00:00,2026-05-29T08:00:00+00:00,0.5,2.0,0.0289904858691725,0.5,True,0.1332319900587543,0.0,0.2175940317065589,0.0,0.0,0.2175940317065589,nonlooped_parent:product,3217,True,0.0,0,True,0.0,0.0,2026-05-29,bm_eligible
PBR,Balancing Reserve,upward,2026-05-29 08:00:00+00:00,2026-05-29T08:30:00+00:00,0.5,2.0,1.786431155336838,0.5,True,3.465160751685428,1.72,0.5155406295271961,0.0,0.0,0.6126194304421747,standalone_parent:product_margin_quantity,281,True,1.65,600,True,1.2252388608843494,1.0108220602295883,2026-05-29,bm_eligible
PBR,Balancing Reserve,upward,2026-05-29 08:30:00+00:00,2026-05-29T09:00:00+00:00,0.5,2.0,1.803513317912976,0.5,True,3.498295215969658,1.72,0.5155406295271961,0.0,0.0,0.6126194304421747,standalone_parent:product_margin_quantity,281,True,1.65,600,True,1.2252388608843494,1.0108220602295883,2026-05-29,bm_eligible
PBR,Balancing Reserve,upward,2026-05-29 09:00:00+00:00,2026-05-29T09:30:00+00:00,0.5,2.0,1.3145849857610463,0.5,True,2.5499153906970555,0.83,0.5155406295271961,0.0,0.0,0.53515474143169,standalone_parent:product_margin_quantity,157,True,3.56,596,True,1.07030948286338,1.905150879496816,2026-05-29,bm_eligible
PBR,Balancing Reserve,upward,2026-05-29 09:30:00+00:00,2026-05-29T10:00:00+00:00,0.5,2.0,1.773468448266459,0.5,True,3.4400168419177986,4.99,0.5155406295271961,0.0,0.0,0.592589558846991,standalone_parent:product_margin_quantity,196,True,6.78,590,True,1.185179117693982,4.0177572089826,2026-05-29,bm_eligible
DRL,Dynamic Regulation,upward,2026-05-29 10:00:00+00:00,2026-05-29T14:00:00+00:00,4.0,25.0,3.96899458557731,1.0,False,13.460473043743049,11.89,0.294862934807648,0.0,0.0,0.4781843929077178,standalone_parent:product_margin_quantity,466,True,13.49,480,True,11.954609822692944,645.0707460325112,2026-05-29,bm_eligible
DRL,Dynamic Regulation,upward,2026-05-29 14:00:00+00:00,2026-05-29T18:00:00+00:00,4.0,25.0,5.060508098698805,1.0,False,17.162238794102745,17.86,0.294862934807648,0.0,0.0,0.4781843929077178,standalone_parent:product_margin_quantity,466,True,18.66,480,True,11.954609822692944,892.2920771658014,2026-05-29,bm_eligible
DRL,Dynamic Regulation,upward,2026-05-29 18:00:00+00:00,2026-05-29T22:00:00+00:00,4.0,3.0,6.260564827293793,1.0,False,21.23211868381434,20.72,0.294862934807648,42.69405188818564,3.5578376573488035,0.4738983688433393,standalone_parent:product_margin,1454,True,22.46,480,True,1.421695106530018,127.72508837065683,2026-05-29,bm_eligible
NQR,Quick Reserve,downward,2026-05-29 18:00:00+00:00,2026-05-29T18:30:00+00:00,0.5,22.0,0.0310255364655255,1.0,False,0.3529069687563925,0.0,0.0879142074605562,0.0,0.0,0.4126759714306841,standalone_parent:product_margin_quantity,707,True,5.0,300,True,9.07887137147505,22.69717842868762,2026-05-29,bm_eligible
NBR,Balancing Reserve,downward,2026-05-29 18:30:00+00:00,2026-05-29T19:00:00+00:00,0.5,22.0,0.0152960960535698,0.5,True,0.070296487149049,0.0,0.2175940317065589,0.0,0.0,0.2175940317065589,nonlooped_parent:product,3217,True,0.0,0,True,0.0,0.0,2026-05-29,bm_eligible
NBR,Balancing Reserve,downward,2026-05-29 19:00:00+00:00,2026-05-29T19:30:00+00:00,0.5,22.0,0.0144142340087147,0.5,True,0.0662437011514791,0.0,0.2175940317065589,0.0,0.0,0.2175940317065589,nonlooped_parent:product,3217,True,0.0,10,True,2.175940317065589,0.0,2026-05-29,bm_eligible
NBR,Balancing Reserve,downward,2026-05-29 19:30:00+00:00,2026-05-29T20:00:00+00:00,0.5,22.0,0.0135691219206843,0.5,True,0.0623598074554877,0.0,0.2175940317065589,0.0,0.0,0.2175940317065589,nonlooped_parent:product,3217,True,0.0,10,True,2.175940317065589,0.0,2026-05-29,bm_eligible
NBR,Balancing Reserve,downward,2026-05-29 20:00:00+00:00,2026-05-29T20:30:00+00:00,0.5,22.0,0.012775219891614,0.5,True,0.0587112605590318,0.0,0.2175940317065589,0.0,0.0,0.2175940317065589,nonlooped_parent:product,3217,True,0.0,10,True,2.175940317065589,0.0,2026-05-29,bm_eligible
NBR,Balancing Reserve,downward,2026-05-29 20:30:00+00:00,2026-05-29T21:00:00+00:00,0.5,22.0,0.0214815927427137,0.5,True,0.0987232626475861,0.0,0.2175940317065589,0.0,0.0,0.2175940317065589,nonlooped_parent:product,3217,True,0.0,10,True,2.175940317065589,0.0,2026-05-29,bm_eligible
PBR,Balancing Reserve,upward,2026-05-29 21:00:00+00:00,2026-05-29T21:30:00+00:00,0.5,22.0,1.6077839478276643,0.5,True,3.118636739265668,2.28,0.5155406295271961,0.0,0.0,0.5988766951675288,standalone_parent:product_margin_quantity,2107,True,4.02,400,True,13.175287293685637,26.482327460308124,2026-05-29,bm_eligible
PQR,Quick Reserve,upward,2026-05-29 21:30:00+00:00,2026-05-29T22:00:00+00:00,0.5,22.0,2.159316991223222,1.0,False,9.339817719007796,11.48,0.2311947680551323,0.0,0.0,0.5860966956151924,standalone_parent:product_margin_quantity,816,True,10.54,500,True,12.894127303534232,67.95205088962541,2026-05-29,bm_eligible
PSR,Slow Reserve,upward,2026-05-29 22:00:00+00:00,2026-05-29T22:30:00+00:00,0.5,25.0,1.132888216763238,1.0,False,2.090735905714932,1.65,0.5418609847693051,0.0,0.0,0.651420115892579,standalone_parent:product_margin_quantity,11247,True,1.49,1802,True,16.285502897314473,12.132699658499282,2026-05-29,bm_eligible
PSR,Slow Reserve,upward,2026-05-29 22:30:00+00:00,2026-05-29T23:00:00+00:00,0.5,25.0,0.5936457929468697,1.0,False,1.0955684384614104,1.12,0.5418609847693051,0.0,0.0,0.651420115892579,standalone_parent:product_margin_quantity,11247,True,1.49,1802,True,16.285502897314473,12.132699658499282,2026-05-29,bm_eligible
NSR,Slow Reserve,downward,2026-05-29 23:00:00+00:00,2026-05-29T23:30:00+00:00,0.5,25.0,0.0006180131838045,1.0,False,0.1761337573842881,0.0,0.0035087719298245,0.0,0.0,0.0035087719298245,standalone_parent:product,4560,True,0.0,0,True,0.0,0.0,2026-05-30,non_bm
NSR,Slow Reserve,downward,2026-05-29 23:30:00+00:00,2026-05-30T00:00:00+00:00,0.5,25.0,0.0006062999247761,1.0,False,0.1727954785612167,0.0,0.0035087719298245,0.0,0.0,0.0035087719298245,standalone_parent:product,4560,True,0.0,0,True,0.0,0.0,2026-05-30,non_bm
NSR,Slow Reserve,downward,2026-05-30 00:00:00+00:00,2026-05-30T00:30:00+00:00,0.5,22.0,0.0006014634951247,1.0,False,0.1714170961105585,0.0,0.0035087719298245,0.0,0.0,0.0035087719298245,standalone_parent:product,4560,True,0.0,0,True,0.0,0.0,2026-05-30,non_bm
PSR,Slow Reserve,upward,2026-05-30 00:00:00+00:00,2026-05-30T00:30:00+00:00,0.5,3.0,0.1404024622138487,1.0,False,0.2591115916449021,1.12,0.5418609847693051,0.0,0.0,0.8548334034735973,standalone_parent:product_margin_quantity,652,True,0.51,1812,True,2.564500210420792,0.6539475536573018,2026-05-30,non_bm
PSR,Slow Reserve,upward,2026-05-30 00:30:00+00:00,2026-05-30T01:00:00+00:00,0.5,25.0,0.0116425835052535,1.0,False,0.0214862923009862,1.12,0.5418609847693051,0.0,0.0,0.651420115892579,standalone_parent:product_margin_quantity,11247,True,0.51,1812,True,16.285502897314473,4.15280323881519,2026-05-30,non_bm
PSR,Slow Reserve,upward,2026-05-30 01:00:00+00:00,2026-05-30T01:30:00+00:00,0.5,25.0,0.0082275999833431,1.0,False,0.0151839682402046,1.12,0.5418609847693051,0.0,0.0,0.651420115892579,standalone_parent:product_margin_quantity,11247,True,0.51,1812,True,16.285502897314473,4.15280323881519,2026-05-30,non_bm
PSR,Slow Reserve,upward,2026-05-30 01:30:00+00:00,2026-05-30T02:00:00+00:00,0.5,25.0,0.0348309958747345,1.0,False,0.0642803170070708,0.81,0.5418609847693051,0.0,0.0,0.6641209477482147,standalone_parent:product_margin_quantity,5151,True,0.51,1812,True,16.603023693705367,4.233771041894869,2026-05-30,non_bm
DRL,Dynamic Regulation,upward,2026-05-30 02:00:00+00:00,2026-05-30T06:00:00+00:00,4.0,25.0,3.02346214921809,1.0,False,10.253788429496664,4.06,0.294862934807648,11.305912446599905,0.113059124465999,0.2332019370971083,standalone_parent:product_margin_quantity,129,True,19.35,480,True,5.83004842742771,451.2457482829048,2026-05-30,non_bm
DRL,Dynamic Regulation,upward,2026-05-30 06:00:00+00:00,2026-05-30T10:00:00+00:00,4.0,25.0,4.270746781855109,1.0,False,14.483837328150802,15.95,0.294862934807648,66.89192607758014,0.6689192607758013,0.4781843929077178,standalone_parent:product_margin_quantity,466,True,14.8,480,True,11.954609822692944,707.7129015034224,2026-05-30,non_bm
DRL,Dynamic Regulation,upward,2026-05-30 10:00:00+00:00,2026-05-30T14:00:00+00:00,4.0,25.0,3.966991118342592,1.0,False,13.453678472441554,13.49,0.294862934807648,0.0,0.0,0.4781843929077178,standalone_parent:product_margin_quantity,466,True,13.61,480,True,11.954609822692944,650.8089587474038,2026-05-30,non_bm
DRL,Dynamic Regulation,upward,2026-05-30 14:00:00+00:00,2026-05-30T18:00:00+00:00,4.0,25.0,5.170158104420655,1.0,False,17.53410650882036,18.66,0.294862934807648,0.0,0.0,0.4781843929077178,standalone_parent:product_margin_quantity,466,True,13.23,480,True,11.954609822692944,632.6379518169107,2026-05-30,non_bm
DRL,Dynamic Regulation,upward,2026-05-30 18:00:00+00:00,2026-05-30T22:00:00+00:00,4.0,6.0,6.377429635877304,1.0,False,21.62845472604951,22.46,0.294862934807648,102.79388485297568,4.283078535540653,0.379093333467851,standalone_parent:product_margin_quantity,498,True,21.64,480,True,2.2745600008071065,196.8859136698632,2026-05-30,non_bm
NQR,Quick Reserve,downward,2026-05-30 18:00:00+00:00,2026-05-30T18:30:00+00:00,0.5,19.0,0.0456207421050715,1.0,False,0.518923430271948,5.0,0.0879142074605562,0.0,0.0,0.4280873563995256,standalone_parent:product_margin_quantity,313,True,0.25,303,True,8.133659771590988,1.0167074714488735,2026-05-30,non_bm
NSR,Slow Reserve,downward,2026-05-30 18:30:00+00:00,2026-05-30T19:00:00+00:00,0.5,19.0,0.0009654254788174,1.0,False,0.2751462614629862,0.0,0.0035087719298245,0.0,0.0,0.0035087719298245,standalone_parent:product,4560,True,0.0,0,True,0.0,0.0,2026-05-30,non_bm
NSR,Slow Reserve,downward,2026-05-30 19:00:00+00:00,2026-05-30T19:30:00+00:00,0.5,19.0,0.0009129773002286,1.0,False,0.2601985305651652,0.0,0.0035087719298245,0.0,0.0,0.0035087719298245,standalone_parent:product,4560,True,0.0,0,True,0.0,0.0,2026-05-30,non_bm
NSR,Slow Reserve,downward,2026-05-30 19:30:00+00:00,2026-05-30T20:00:00+00:00,0.5,19.0,0.0008621586160956,1.0,False,0.2457152055872657,0.0,0.0035087719298245,1.8189894035458565e-12,1.914725687943007e-13,0.0002232043212356,standalone_parent:product_margin_quantity,736,True,0.0,0,True,0.0,0.0,2026-05-30,non_bm
NSR,Slow Reserve,downward,2026-05-30 20:00:00+00:00,2026-05-30T20:30:00+00:00,0.5,19.0,0.0008138389481936,1.0,False,0.2319441002351957,0.0,0.0035087719298245,0.0,0.0,0.0035087719298245,standalone_parent:product,4560,True,0.0,0,True,0.0,0.0,2026-05-30,non_bm
NSR,Slow Reserve,downward,2026-05-30 20:30:00+00:00,2026-05-30T21:00:00+00:00,0.5,19.0,0.0007688450594371,1.0,False,0.219120841939601,0.0,0.0035087719298245,0.0,0.0,0.0035087719298245,standalone_parent:product,4560,True,0.0,0,True,0.0,0.0,2026-05-30,non_bm
NSR,Slow Reserve,downward,2026-05-30 21:00:00+00:00,2026-05-30T21:30:00+00:00,0.5,1.0,0.0007279468077375,1.0,False,0.2074648402051981,0.0,0.0035087719298245,0.0,0.0,0.0035087719298245,standalone_parent:product,4560,True,0.0,0,True,0.0,0.0,2026-05-30,non_bm
PQR,Quick Reserve,upward,2026-05-30 21:00:00+00:00,2026-05-30T21:30:00+00:00,0.5,17.0,1.1953448335257493,1.0,False,5.170293616855115,2.93,0.2311947680551323,1.8189894035458565e-12,2.1399875335833605e-13,0.411784385725345,standalone_parent:product_margin_quantity,1491,True,4.85,500,True,7.000334557330865,16.975811301527344,2026-05-30,non_bm
PQR,Quick Reserve,upward,2026-05-30 21:30:00+00:00,2026-05-30T22:00:00+00:00,0.5,19.0,2.0160176528769256,1.0,False,8.719996866002488,10.54,0.2311947680551323,1.8189894035458565e-12,1.914725687943007e-13,0.5860966956151924,standalone_parent:product_margin_quantity,816,True,11.0,500,True,11.135837216688657,61.247104691787605,2026-05-30,non_bm
PQR,Quick Reserve,upward,2026-05-30 22:00:00+00:00,2026-05-30T22:30:00+00:00,0.5,25.0,1.1672951588601663,1.0,False,5.048968749075693,5.69,0.2311947680551323,1.8189894035458565e-12,1.4551915228366852e-13,0.5989761163562776,standalone_parent:product_margin_quantity,1552,True,7.79,500,True,14.97440290890694,58.32529933019253,2026-05-30,non_bm
PSR,Slow Reserve,upward,2026-05-30 22:30:00+00:00,2026-05-30T23:00:00+00:00,0.5,25.0,0.4841647495540931,1.0,False,0.8935220714593874,1.49,0.5418609847693051,0.0,0.0,0.651420115892579,standalone_parent:product_margin_quantity,11247,True,1.11,1801,True,16.285502897314473,9.038454108009534,2026-05-30,non_bm
NBR,Balancing Reserve,downward,2026-05-29 23:00:00+00:00,2026-05-29T23:30:00+00:00,0.5,25.0,0.0117153532953385,0.5,True,0.0538404165015771,0.0,0.2175940317065589,0.0,0.0,0.2175940317065589,nonlooped_parent:product,3217,True,0.0,0,True,0.0,0.0,2026-05-30,bm_eligible
NBR,Balancing Reserve,downward,2026-05-29 23:30:00+00:00,2026-05-30T00:00:00+00:00,0.5,25.0,0.0115836141850096,0.5,True,0.0532349811902513,0.0,0.2175940317065589,0.0,0.0,0.2175940317065589,nonlooped_parent:product,3217,True,0.0,0,True,0.0,0.0,2026-05-30,bm_eligible
NBR,Balancing Reserve,downward,2026-05-30 00:00:00+00:00,2026-05-30T00:30:00+00:00,0.5,21.0,0.0115701086976273,0.5,True,0.0531729138289531,0.0,0.2175940317065589,0.0,0.0,0.2175940317065589,nonlooped_parent:product,3217,True,0.0,0,True,0.0,0.0,2026-05-30,bm_eligible
PSR,Slow Reserve,upward,2026-05-30 00:00:00+00:00,2026-05-30T00:30:00+00:00,0.5,3.0,0.1404024622138487,1.0,False,0.2591115916449021,1.12,0.5418609847693051,0.0,0.0,0.8548334034735973,standalone_parent:product_margin_quantity,652,True,0.51,1812,True,2.564500210420792,0.6539475536573018,2026-05-30,bm_eligible
NBR,Balancing Reserve,downward,2026-05-30 00:30:00+00:00,2026-05-30T01:00:00+00:00,0.5,25.0,0.0116750679158252,0.5,True,0.0536552764074427,0.0,0.2175940317065589,0.0,0.0,0.2175940317065589,nonlooped_parent:product,3217,True,0.0,0,True,0.0,0.0,2026-05-30,bm_eligible
NBR,Balancing Reserve,downward,2026-05-30 01:00:00+00:00,2026-05-30T01:30:00+00:00,0.5,25.0,0.0118966959582797,0.5,True,0.0546738155682658,0.0,0.2175940317065589,0.0,0.0,0.2175940317065589,nonlooped_parent:product,3217,True,0.0,0,True,0.0,0.0,2026-05-30,bm_eligible
PSR,Slow Reserve,upward,2026-05-30 01:30:00+00:00,2026-05-30T02:00:00+00:00,0.5,25.0,0.0348309958747345,1.0,False,0.0642803170070708,0.81,0.5418609847693051,0.0,0.0,0.6641209477482147,standalone_parent:product_margin_quantity,5151,True,0.51,1812,True,16.603023693705367,4.233771041894869,2026-05-30,bm_eligible
DRL,Dynamic Regulation,upward,2026-05-30 02:00:00+00:00,2026-05-30T06:00:00+00:00,4.0,25.0,3.02346214921809,1.0,False,10.253788429496664,4.06,0.294862934807648,11.305912446599905,0.113059124465999,0.2332019370971083,standalone_parent:product_margin_quantity,129,True,19.35,480,True,5.83004842742771,451.2457482829048,2026-05-30,bm_eligible
DRL,Dynamic Regulation,upward,2026-05-30 06:00:00+00:00,2026-05-30T10:00:00+00:00,4.0,25.0,4.270746781855109,1.0,False,14.483837328150802,15.95,0.294862934807648,66.89192607758014,0.6689192607758013,0.4781843929077178,standalone_parent:product_margin_quantity,466,True,14.8,480,True,11.954609822692944,707.7129015034224,2026-05-30,bm_eligible
DRL,Dynamic Regulation,upward,2026-05-30 10:00:00+00:00,2026-05-30T14:00:00+00:00,4.0,25.0,3.966991118342592,1.0,False,13.453678472441554,13.49,0.294862934807648,0.0,0.0,0.4781843929077178,standalone_parent:product_margin_quantity,466,True,13.61,480,True,11.954609822692944,650.8089587474038,2026-05-30,bm_eligible
DRL,Dynamic Regulation,upward,2026-05-30 14:00:00+00:00,2026-05-30T18:00:00+00:00,4.0,25.0,5.170158104420655,1.0,False,17.53410650882036,18.66,0.294862934807648,0.0,0.0,0.4781843929077178,standalone_parent:product_margin_quantity,466,True,13.23,480,True,11.954609822692944,632.6379518169107,2026-05-30,bm_eligible
DRL,Dynamic Regulation,upward,2026-05-30 18:00:00+00:00,2026-05-30T22:00:00+00:00,4.0,5.0,6.377429635877304,1.0,False,21.62845472604951,22.46,0.294862934807648,83.55788508154183,4.177894254077091,0.4738983688433393,standalone_parent:product_margin,1454,True,21.64,480,True,2.369491844216697,205.1032140353973,2026-05-30,bm_eligible
NBR,Balancing Reserve,downward,2026-05-30 18:00:00+00:00,2026-05-30T18:30:00+00:00,0.5,1.0,0.0118514468668013,0.5,True,0.0544658636721426,0.0,0.2175940317065589,0.0,0.0,0.2175940317065589,nonlooped_parent:product,3217,True,0.0,0,True,0.0,0.0,2026-05-30,bm_eligible
NQR,Quick Reserve,downward,2026-05-30 18:00:00+00:00,2026-05-30T18:30:00+00:00,0.5,19.0,0.0456207421050715,1.0,False,0.518923430271948,5.0,0.0879142074605562,0.0,0.0,0.4280873563995256,standalone_parent:product_margin_quantity,313,True,0.25,303,True,8.133659771590988,1.0167074714488735,2026-05-30,bm_eligible
NBR,Balancing Reserve,downward,2026-05-30 18:30:00+00:00,2026-05-30T19:00:00+00:00,0.5,20.0,0.0109507328957678,0.5,True,0.0503264396081219,0.0,0.2175940317065589,0.0,0.0,0.2175940317065589,nonlooped_parent:product,3217,True,0.0,0,True,0.0,0.0,2026-05-30,bm_eligible
NBR,Balancing Reserve,downward,2026-05-30 19:00:00+00:00,2026-05-30T19:30:00+00:00,0.5,20.0,0.0571765387495665,0.5,True,0.2627670359390792,0.0,0.2175940317065589,0.0,0.0,0.2175940317065589,nonlooped_parent:product,3217,True,0.0,0,True,0.0,0.0,2026-05-30,bm_eligible
NBR,Balancing Reserve,downward,2026-05-30 19:30:00+00:00,2026-05-30T20:00:00+00:00,0.5,20.0,0.0563336813074746,0.5,True,0.258893503951637,0.0,0.2175940317065589,0.0,0.0,0.2175940317065589,nonlooped_parent:product,3217,True,0.0,0,True,0.0,0.0,2026-05-30,bm_eligible
NBR,Balancing Reserve,downward,2026-05-30 20:00:00+00:00,2026-05-30T20:30:00+00:00,0.5,20.0,0.0555416962588682,0.5,True,0.2552537669496845,0.0,0.2175940317065589,0.0,0.0,0.2175940317065589,nonlooped_parent:product,3217,True,0.0,0,True,0.0,0.0,2026-05-30,bm_eligible
NBR,Balancing Reserve,downward,2026-05-30 20:30:00+00:00,2026-05-30T21:00:00+00:00,0.5,20.0,0.053915286955646,0.5,True,0.2477792544804476,0.0,0.2175940317065589,0.0,0.0,0.2175940317065589,nonlooped_parent:product,3217,True,0.0,0,True,0.0,0.0,2026-05-30,bm_eligible
PBR,Balancing Reserve,upward,2026-05-30 21:00:00+00:00,2026-05-30T21:30:00+00:00,0.5,20.0,1.7849999350191883,0.5,True,3.462384597420027,4.02,0.5155406295271961,1.8189894035458565e-12,1.818989403545857e-13,0.5988766951675288,standalone_parent:product_margin_quantity,2107,True,18.99,400,True,11.977533903350576,113.7266844123137,2026-05-30,bm_eligible
PQR,Quick Reserve,upward,2026-05-30 21:30:00+00:00,2026-05-30T22:00:00+00:00,0.5,20.0,2.0160176528769256,1.0,False,8.719996866002488,10.54,0.2311947680551323,1.8189894035458565e-12,1.818989403545857e-13,0.5860966956151924,standalone_parent:product_margin_quantity,816,True,11.0,500,True,11.721933912303848,64.47063651767117,2026-05-30,bm_eligible
PQR,Quick Reserve,upward,2026-05-30 22:00:00+00:00,2026-05-30T22:30:00+00:00,0.5,25.0,1.1672951588601663,1.0,False,5.048968749075693,5.69,0.2311947680551323,1.8189894035458565e-12,1.4551915228366852e-13,0.5989761163562776,standalone_parent:product_margin_quantity,1552,True,7.79,500,True,14.97440290890694,58.32529933019253,2026-05-30,bm_eligible
PSR,Slow Reserve,upward,2026-05-30 22:30:00+00:00,2026-05-30T23:00:00+00:00,0.5,25.0,0.4841647495540931,1.0,False,0.8935220714593874,1.49,0.5418609847693051,0.0,0.0,0.651420115892579,standalone_parent:product_margin_quantity,11247,True,1.11,1801,True,16.285502897314473,9.038454108009534,2026-05-30,bm_eligible
NSR,Slow Reserve,downward,2026-05-30 23:00:00+00:00,2026-05-30T23:30:00+00:00,0.5,25.0,0.0003016872125906,1.0,False,0.0859808555883395,0.0,0.0035087719298245,0.0,0.0,0.0035087719298245,standalone_parent:product,4560,True,0.0,0,True,0.0,0.0,2026-05-31,non_bm
NSR,Slow Reserve,downward,2026-05-30 23:30:00+00:00,2026-05-31T00:00:00+00:00,0.5,25.0,0.0002900138369185,1.0,False,0.0826539435217737,0.0,0.0035087719298245,0.0,0.0,0.0035087719298245,standalone_parent:product,4560,True,0.0,0,True,0.0,0.0,2026-05-31,non_bm
NSR,Slow Reserve,downward,2026-05-31 00:00:00+00:00,2026-05-31T00:30:00+00:00,0.5,25.0,0.0002850961960867,1.0,False,0.0812524158847262,0.0,0.0035087719298245,0.0,0.0,0.0035087719298245,standalone_parent:product,4560,True,0.0,0,True,0.0,0.0,2026-05-31,non_bm
PQR,Quick Reserve,upward,2026-05-31 00:30:00+00:00,2026-05-31T01:00:00+00:00,0.5,25.0,0.0012778724975435,1.0,False,0.0055272552588165,0.5,0.2311947680551323,0.0,0.0,0.2045731364394508,standalone_parent:product_margin_quantity,466,True,1.21,300,True,5.11432841098627,3.0941686886466933,2026-05-31,non_bm
PQR,Quick Reserve,upward,2026-05-31 01:00:00+00:00,2026-05-31T01:30:00+00:00,0.5,25.0,0.0216526800256581,1.0,False,0.0936555796993414,0.97,0.2311947680551323,0.0,0.0,0.2045731364394508,standalone_parent:product_margin_quantity,466,True,1.0,300,True,5.11432841098627,2.557164205493135,2026-05-31,non_bm
NQR,Quick Reserve,downward,2026-05-31 01:30:00+00:00,2026-05-31T02:00:00+00:00,0.5,25.0,0.0005883546396646,1.0,False,0.006692372673991,0.11,0.0879142074605562,0.0,0.0,0.4126759714306841,standalone_parent:product_margin_quantity,707,True,1.0,300,True,10.316899285767102,5.158449642883551,2026-05-31,non_bm
DRL,Dynamic Regulation,upward,2026-05-31 02:00:00+00:00,2026-05-31T06:00:00+00:00,4.0,25.0,4.128788678027466,1.0,False,14.002399727591586,19.35,0.294862934807648,11.49882509467352,0.1149882509467352,0.4781843929077178,standalone_parent:product_margin_quantity,466,True,22.15,480,True,11.954609822692944,1059.1784302905949,2026-05-31,non_bm
DRL,Dynamic Regulation,upward,2026-05-31 06:00:00+00:00,2026-05-31T10:00:00+00:00,4.0,25.0,4.291123298413779,1.0,False,14.552942373761104,14.8,0.294862934807648,86.87234385906027,0.8687234385906026,0.4781843929077178,standalone_parent:product_margin_quantity,466,True,13.49,480,True,11.954609822692944,645.0707460325112,2026-05-31,non_bm
DRL,Dynamic Regulation,upward,2026-05-31 10:00:00+00:00,2026-05-31T14:00:00+00:00,4.0,25.0,4.062583234294594,1.0,False,13.7778701719319,13.61,0.294862934807648,0.0,0.0,0.4781843929077178,standalone_parent:product_margin_quantity,466,True,16.44,480,True,11.954609822692944,786.1351419402881,2026-05-31,non_bm
DRL,Dynamic Regulation,upward,2026-05-31 14:00:00+00:00,2026-05-31T18:00:00+00:00,4.0,25.0,4.965433528605508,1.0,False,16.839802302872272,13.23,0.294862934807648,0.0,0.0,0.4781843929077178,standalone_parent:product_margin_quantity,466,True,16.44,480,True,11.954609822692944,786.1351419402881,2026-05-31,non_bm
DRL,Dynamic Regulation,upward,2026-05-31 18:00:00+00:00,2026-05-31T22:00:00+00:00,4.0,7.0,6.479658531731434,1.0,False,21.975154442379807,21.64,0.294862934807648,106.6821300161364,3.810076072004872,0.379093333467851,standalone_parent:product_margin_quantity,498,True,16.44,480,True,2.6536533342749573,174.5042432619212,2026-05-31,non_bm
NQR,Quick Reserve,downward,2026-05-31 18:00:00+00:00,2026-05-31T18:30:00+00:00,0.5,18.0,0.0248491405480185,1.0,False,0.2826521590286467,0.25,0.0879142074605562,0.0,0.0,0.4126759714306841,standalone_parent:product_margin_quantity,707,True,1.0,300,True,7.428167485752313,3.7140837428761566,2026-05-31,non_bm
NSR,Slow Reserve,downward,2026-05-31 18:30:00+00:00,2026-05-31T19:00:00+00:00,0.5,18.0,0.000644046750248,1.0,False,0.1835533238206826,0.0,0.0035087719298245,0.0,0.0,0.0035087719298245,standalone_parent:product,4560,True,0.0,0,True,0.0,0.0,2026-05-31,non_bm
NSR,Slow Reserve,downward,2026-05-31 19:00:00+00:00,2026-05-31T19:30:00+00:00,0.5,18.0,0.0005924685404303,1.0,False,0.1688535340226557,0.0,0.0035087719298245,0.0,0.0,0.0035087719298245,standalone_parent:product,4560,True,0.0,0,True,0.0,0.0,2026-05-31,non_bm
NSR,Slow Reserve,downward,2026-05-31 19:30:00+00:00,2026-05-31T20:00:00+00:00,0.5,18.0,0.0005424709816197,1.0,False,0.1546042297616355,0.0,0.0035087719298245,0.0,0.0,0.0035087719298245,standalone_parent:product,4560,True,0.0,0,True,0.0,0.0,2026-05-31,non_bm
NSR,Slow Reserve,downward,2026-05-31 20:00:00+00:00,2026-05-31T20:30:00+00:00,0.5,18.0,0.0004949095459094,1.0,False,0.1410492205841815,0.0,0.0035087719298245,0.0,0.0,0.0035087719298245,standalone_parent:product,4560,True,0.0,0,True,0.0,0.0,2026-05-31,non_bm
NSR,Slow Reserve,downward,2026-05-31 20:30:00+00:00,2026-05-31T21:00:00+00:00,0.5,18.0,0.0004505980226508,1.0,False,0.1284204364554787,0.0,0.0035087719298245,0.0,0.0,0.0035087719298245,standalone_parent:product,4560,True,0.0,0,True,0.0,0.0,2026-05-31,non_bm
NSR,Slow Reserve,downward,2026-05-31 21:00:00+00:00,2026-05-31T21:30:00+00:00,0.5,4.0,0.0004102945942923,1.0,False,0.1169339593733295,0.0,0.0035087719298245,0.0,0.0,0.0035087719298245,standalone_parent:product,4560,True,0.0,0,True,0.0,0.0,2026-05-31,non_bm
PQR,Quick Reserve,upward,2026-05-31 21:00:00+00:00,2026-05-31T21:30:00+00:00,0.5,14.0,1.241680075304304,1.0,False,5.370710097592712,4.85,0.2311947680551323,0.0,0.0,0.411784385725345,standalone_parent:product_margin_quantity,1491,True,5.56,500,True,5.76498140015483,16.026648292430426,2026-05-31,non_bm
PQR,Quick Reserve,upward,2026-05-31 21:30:00+00:00,2026-05-31T22:00:00+00:00,0.5,18.0,2.0720412380552364,1.0,False,8.9623188945224,11.0,0.2311947680551323,0.0,0.0,0.5860966956151924,standalone_parent:product_margin_quantity,816,True,10.25,500,True,10.549740521073463,54.0674201705015,2026-05-31,non_bm
PQR,Quick Reserve,upward,2026-05-31 22:00:00+00:00,2026-05-31T22:30:00+00:00,0.5,25.0,1.3198567292601906,1.0,False,5.708852066001115,7.79,0.2311947680551323,0.0,0.0,0.5989761163562776,standalone_parent:product_margin_quantity,1552,True,2.35,500,True,14.97440290890694,17.594923417965653,2026-05-31,non_bm
PSR,Slow Reserve,upward,2026-05-31 22:30:00+00:00,2026-05-31T23:00:00+00:00,0.5,25.0,0.4490528421042416,1.0,False,0.8287233344460552,1.11,0.5418609847693051,0.0,0.0,0.651420115892579,standalone_parent:product_margin_quantity,11247,True,1.61,1801,True,16.285502897314473,13.109829832338152,2026-05-31,non_bm
NBR,Balancing Reserve,downward,2026-05-30 23:00:00+00:00,2026-05-30T23:30:00+00:00,0.5,25.0,0.0113857289565046,0.5,True,0.0523255572186793,0.0,0.2175940317065589,0.0,0.0,0.2175940317065589,nonlooped_parent:product,3217,True,0.0,0,True,0.0,0.0,2026-05-31,bm_eligible
NBR,Balancing Reserve,downward,2026-05-30 23:30:00+00:00,2026-05-31T00:00:00+00:00,0.5,25.0,0.0112421250995937,0.5,True,0.0516655949219902,0.0,0.2175940317065589,0.0,0.0,0.2175940317065589,nonlooped_parent:product,3217,True,0.0,0,True,0.0,0.0,2026-05-31,bm_eligible
NBR,Balancing Reserve,downward,2026-05-31 00:00:00+00:00,2026-05-31T00:30:00+00:00,0.5,25.0,0.0112187573127533,0.5,True,0.0515582032501823,0.0,0.2175940317065589,0.0,0.0,0.2175940317065589,nonlooped_parent:product,3217,True,0.0,0,True,0.0,0.0,2026-05-31,bm_eligible
NBR,Balancing Reserve,downward,2026-05-31 00:30:00+00:00,2026-05-31T01:00:00+00:00,0.5,25.0,0.011316025425295,0.5,True,0.0520052197045346,0.0,0.2175940317065589,0.0,0.0,0.2175940317065589,nonlooped_parent:product,3217,True,0.0,0,True,0.0,0.0,2026-05-31,bm_eligible
PQR,Quick Reserve,upward,2026-05-31 01:00:00+00:00,2026-05-31T01:30:00+00:00,0.5,25.0,0.0216526800256581,1.0,False,0.0936555796993414,0.97,0.2311947680551323,0.0,0.0,0.2045731364394508,standalone_parent:product_margin_quantity,466,True,1.0,300,True,5.11432841098627,2.557164205493135,2026-05-31,bm_eligible
NBR,Balancing Reserve,downward,2026-05-31 01:30:00+00:00,2026-05-31T02:00:00+00:00,0.5,25.0,0.0118637765737131,0.5,True,0.0545225274823362,0.0,0.2175940317065589,0.0,0.0,0.2175940317065589,nonlooped_parent:product,3217,True,0.0,0,True,0.0,0.0,2026-05-31,bm_eligible
DRL,Dynamic Regulation,upward,2026-05-31 02:00:00+00:00,2026-05-31T06:00:00+00:00,4.0,25.0,4.128788678027466,1.0,False,14.002399727591586,19.35,0.294862934807648,11.49882509467352,0.1149882509467352,0.4781843929077178,standalone_parent:product_margin_quantity,466,True,22.15,480,True,11.954609822692944,1059.1784302905949,2026-05-31,bm_eligible
DRL,Dynamic Regulation,upward,2026-05-31 06:00:00+00:00,2026-05-31T10:00:00+00:00,4.0,25.0,4.291123298413779,1.0,False,14.552942373761104,14.8,0.294862934807648,86.87234385906027,0.8687234385906026,0.4781843929077178,standalone_parent:product_margin_quantity,466,True,13.49,480,True,11.954609822692944,645.0707460325112,2026-05-31,bm_eligible
DRL,Dynamic Regulation,upward,2026-05-31 10:00:00+00:00,2026-05-31T14:00:00+00:00,4.0,25.0,4.062583234294594,1.0,False,13.7778701719319,13.61,0.294862934807648,0.0,0.0,0.4781843929077178,standalone_parent:product_margin_quantity,466,True,16.44,480,True,11.954609822692944,786.1351419402881,2026-05-31,bm_eligible
DRL,Dynamic Regulation,upward,2026-05-31 14:00:00+00:00,2026-05-31T18:00:00+00:00,4.0,25.0,4.965433528605508,1.0,False,16.839802302872272,13.23,0.294862934807648,0.0,0.0,0.4781843929077178,standalone_parent:product_margin_quantity,466,True,16.44,480,True,11.954609822692944,786.1351419402881,2026-05-31,bm_eligible
DRL,Dynamic Regulation,upward,2026-05-31 18:00:00+00:00,2026-05-31T22:00:00+00:00,4.0,6.0,6.479658531731434,1.0,False,21.975154442379807,21.64,0.294862934807648,88.9647360901829,3.706864003757621,0.379093333467851,standalone_parent:product_margin_quantity,498,True,16.44,480,True,2.2745600008071065,149.57506565307534,2026-05-31,bm_eligible
NQR,Quick Reserve,downward,2026-05-31 18:00:00+00:00,2026-05-31T18:30:00+00:00,0.5,19.0,0.0248491405480185,1.0,False,0.2826521590286467,0.25,0.0879142074605562,0.0,0.0,0.4126759714306841,standalone_parent:product_margin_quantity,707,True,1.0,300,True,7.840843457182998,3.920421728591499,2026-05-31,bm_eligible
NBR,Balancing Reserve,downward,2026-05-31 18:30:00+00:00,2026-05-31T19:00:00+00:00,0.5,19.0,0.0125181552738149,0.5,True,0.057529865022661,0.0,0.2175940317065589,0.0,0.0,0.2175940317065589,nonlooped_parent:product,3217,True,0.0,0,True,0.0,0.0,2026-05-31,bm_eligible
NBR,Balancing Reserve,downward,2026-05-31 19:00:00+00:00,2026-05-31T19:30:00+00:00,0.5,19.0,0.0070706942688318,0.5,True,0.0324948906611887,0.0,0.2175940317065589,0.0,0.0,0.2175940317065589,nonlooped_parent:product,3217,True,0.0,0,True,0.0,0.0,2026-05-31,bm_eligible
NBR,Balancing Reserve,downward,2026-05-31 19:30:00+00:00,2026-05-31T20:00:00+00:00,0.5,19.0,0.0062092919307778,0.5,True,0.0285361316304461,0.0,0.2175940317065589,0.0,0.0,0.2175940317065589,nonlooped_parent:product,3217,True,0.0,0,True,0.0,0.0,2026-05-31,bm_eligible
NBR,Balancing Reserve,downward,2026-05-31 20:00:00+00:00,2026-05-31T20:30:00+00:00,0.5,19.0,0.005398529932582,0.5,True,0.0248101011330237,0.0,0.2175940317065589,0.0,0.0,0.2175940317065589,nonlooped_parent:product,3217,True,0.0,0,True,0.0,0.0,2026-05-31,bm_eligible
NBR,Balancing Reserve,downward,2026-05-31 20:30:00+00:00,2026-05-31T21:00:00+00:00,0.5,17.0,0.0037422492048393,0.5,True,0.0171983081313831,0.0,0.2175940317065589,0.0,0.0,0.2175940317065589,nonlooped_parent:product,3217,True,0.0,0,True,0.0,0.0,2026-05-31,bm_eligible
PBR,Balancing Reserve,upward,2026-05-31 20:30:00+00:00,2026-05-31T21:00:00+00:00,0.5,2.0,3.332440267758389,0.5,True,6.463972142825251,10.86,0.5155406295271961,0.0,0.0,0.6434451739564888,standalone_parent:product_margin,907,True,1.66,400,True,1.2868903479129776,1.0681189887677711,2026-05-31,bm_eligible
PBR,Balancing Reserve,upward,2026-05-31 21:00:00+00:00,2026-05-31T21:30:00+00:00,0.5,19.0,3.9033779052039503,0.5,True,7.571426346714419,18.99,0.5155406295271961,0.0,0.0,0.6387379380185993,standalone_parent:product_margin_quantity,507,True,1.66,400,True,12.136020822353387,10.072897282553312,2026-05-31,bm_eligible
PQR,Quick Reserve,upward,2026-05-31 21:30:00+00:00,2026-05-31T22:00:00+00:00,0.5,19.0,2.0720412380552364,1.0,False,8.9623188945224,11.0,0.2311947680551323,0.0,0.0,0.5860966956151924,standalone_parent:product_margin_quantity,816,True,10.25,500,True,11.135837216688657,57.07116573552936,2026-05-31,bm_eligible
PQR,Quick Reserve,upward,2026-05-31 22:00:00+00:00,2026-05-31T22:30:00+00:00,0.5,25.0,1.3198567292601906,1.0,False,5.708852066001115,7.79,0.2311947680551323,0.0,0.0,0.5989761163562776,standalone_parent:product_margin_quantity,1552,True,2.35,500,True,14.97440290890694,17.594923417965653,2026-05-31,bm_eligible
PSR,Slow Reserve,upward,2026-05-31 22:30:00+00:00,2026-05-31T23:00:00+00:00,0.5,25.0,0.4490528421042416,1.0,False,0.8287233344460552,1.11,0.5418609847693051,0.0,0.0,0.651420115892579,standalone_parent:product_margin_quantity,11247,True,1.61,1801,True,16.285502897314473,13.109829832338152,2026-05-31,bm_eligible
PQR,Quick Reserve,upward,2026-06-01 00:00:00+00:00,2026-06-01T00:30:00+00:00,0.5,19.0,0.1569540393289873,1.0,False,0.7271579790536118,1.0,0.2158458599784071,0.0,0.0,0.3637526420573604,standalone_parent:product_margin_quantity,1291,True,0.01,309,True,6.911300199089848,0.0345565009954492,2026-06-01,non_bm
PQR,Quick Reserve,upward,2026-06-01 00:30:00+00:00,2026-06-01T01:00:00+00:00,0.5,25.0,0.1361860935021114,1.0,False,0.6309414204920829,1.21,0.2158458599784071,0.0,0.0,0.3637526420573604,standalone_parent:product_margin_quantity,1291,True,0.01,309,True,9.09381605143401,0.04546908025717,2026-06-01,non_bm
PQR,Quick Reserve,upward,2026-06-01 01:00:00+00:00,2026-06-01T01:30:00+00:00,0.5,25.0,0.1310163011340644,1.0,False,0.6069901046384261,1.0,0.2158458599784071,0.0,0.0,0.3637526420573604,standalone_parent:product_margin_quantity,1291,True,0.01,309,True,9.09381605143401,0.04546908025717,2026-06-01,non_bm
PQR,Quick Reserve,upward,2026-06-01 01:30:00+00:00,2026-06-01T02:00:00+00:00,0.5,25.0,0.1179529700266474,1.0,False,0.5464685310084116,1.29,0.2158458599784071,0.0,0.0,0.3637526420573604,standalone_parent:product_margin_quantity,1291,True,0.02,304,True,9.09381605143401,0.0909381605143401,2026-06-01,non_bm
DRL,Dynamic Regulation,upward,2026-06-01 02:00:00+00:00,2026-06-01T06:00:00+00:00,4.0,25.0,5.437416332560377,1.0,False,15.7794706729131,22.15,0.3445880058508045,14.388800871323838,0.1438880087132383,0.4853407307322814,standalone_parent:product_margin_quantity,1401,True,18.56,480,True,12.133518268307036,900.7923962391144,2026-06-01,non_bm
DRL,Dynamic Regulation,upward,2026-06-01 06:00:00+00:00,2026-06-01T10:00:00+00:00,4.0,25.0,5.1665979501812735,1.0,False,14.993551320582656,13.49,0.3445880058508045,78.93456724454154,0.7893456724454154,0.4853407307322814,standalone_parent:product_margin_quantity,1401,True,15.58,480,True,12.133518268307036,756.1608584808945,2026-06-01,non_bm
DRL,Dynamic Regulation,upward,2026-06-01 10:00:00+00:00,2026-06-01T14:00:00+00:00,4.0,25.0,5.209931821382734,1.0,False,15.119306919923575,16.44,0.3445880058508045,0.0,0.0,0.4853407307322814,standalone_parent:product_margin_quantity,1401,True,12.66,480,True,12.133518268307036,614.4413651070683,2026-06-01,non_bm
DRL,Dynamic Regulation,upward,2026-06-01 14:00:00+00:00,2026-06-01T18:00:00+00:00,4.0,25.0,6.147746863151722,1.0,False,17.84086143095038,16.44,0.3445880058508045,0.0,0.0,0.4853407307322814,standalone_parent:product_margin_quantity,1401,True,17.14,480,True,12.133518268307036,831.8740124751304,2026-06-01,non_bm
DRL,Dynamic Regulation,upward,2026-06-01 18:00:00+00:00,2026-06-01T22:00:00+00:00,4.0,9.0,7.267717719359124,1.0,False,21.09103507945605,16.44,0.3445880058508045,132.96177883201835,3.6933827453338433,0.3391947295530913,standalone_parent:product_margin_quantity,1354,True,21.78,480,True,3.052752565977822,265.95580354798784,2026-06-01,non_bm
NQR,Quick Reserve,downward,2026-06-01 18:00:00+00:00,2026-06-01T18:30:00+00:00,0.5,16.0,0.0447349689697551,1.0,False,0.5948996761519781,1.0,0.075197500962039,0.0,0.0,0.3777883907815773,standalone_parent:product_margin_quantity,357,True,0.0,300,True,6.044614252505236,0.0,2026-06-01,non_bm
NSR,Slow Reserve,downward,2026-06-01 18:30:00+00:00,2026-06-01T19:00:00+00:00,0.5,16.0,0.0002098642928986,1.0,False,0.0275222029829946,0.0,0.0076252723311546,0.0,0.0,0.0076252723311546,standalone_parent:product,7344,True,0.0,0,True,0.0,0.0,2026-06-01,non_bm
NQR,Quick Reserve,downward,2026-06-01 19:00:00+00:00,2026-06-01T19:30:00+00:00,0.5,16.0,0.0016099257363044,1.0,False,0.0214092983903442,1.14,0.075197500962039,0.0,0.0,0.3777883907815773,standalone_parent:product_margin_quantity,357,True,1.0,300,True,6.044614252505236,3.022307126252618,2026-06-01,non_bm
PQR,Quick Reserve,upward,2026-06-01 21:00:00+00:00,2026-06-01T21:30:00+00:00,0.5,3.0,1.3103795944106418,1.0,False,6.070904461830911,5.56,0.2158458599784071,0.0,0.0,0.8086538341494448,standalone_parent:product_margin_quantity,1174,True,6.26,500,True,2.4259615024483345,7.593259502663287,2026-06-01,non_bm
PQR,Quick Reserve,upward,2026-06-01 21:30:00+00:00,2026-06-01T22:00:00+00:00,0.5,16.0,2.0137377220609807,1.0,False,9.329517472618804,10.25,0.2158458599784071,0.0,0.0,0.6029783081641092,standalone_parent:product_margin_quantity,1089,True,10.64,500,True,9.647652930625748,51.325513590928985,2026-06-01,non_bm
PQR,Quick Reserve,upward,2026-06-01 22:00:00+00:00,2026-06-01T22:30:00+00:00,0.5,25.0,1.0931086560690249,1.0,False,5.064302165343259,2.35,0.2158458599784071,0.0,0.0,0.3975102911913369,standalone_parent:product_margin_quantity,2845,True,5.45,500,True,9.937757279783424,27.08038858740983,2026-06-01,non_bm
PSR,Slow Reserve,upward,2026-06-01 22:30:00+00:00,2026-06-01T23:00:00+00:00,0.5,25.0,0.5233665544303538,1.0,False,0.988786818805714,1.61,0.5293017104156905,0.0,0.0,0.6075311292880494,standalone_parent:product_margin_quantity,37297,True,1.5,1803,True,15.188278232201236,11.391208674150926,2026-06-01,non_bm
NBR,Balancing Reserve,downward,2026-05-31 23:00:00+00:00,2026-05-31T23:30:00+00:00,0.5,25.0,0.0073565816354397,0.5,True,0.0236650607858626,0.0,0.3108625708595066,0.0,0.0,0.3452700803691644,nonlooped_parent:product_margin,554,True,0.0,0,True,0.0,0.0,2026-06-01,bm_eligible
NBR,Balancing Reserve,downward,2026-05-31 23:30:00+00:00,2026-06-01T00:00:00+00:00,0.5,25.0,0.0071544803482096,0.5,True,0.0230149301295044,0.0,0.3108625708595066,0.0,0.0,0.3452700803691644,nonlooped_parent:product_margin,554,True,0.0,0,True,0.0,0.0,2026-06-01,bm_eligible
NBR,Balancing Reserve,downward,2026-06-01 00:00:00+00:00,2026-06-01T00:30:00+00:00,0.5,5.0,0.0071233702565625,0.5,True,0.022914853457163,0.0,0.3108625708595066,0.0,0.0,0.3452700803691644,nonlooped_parent:product_margin_quantity,554,True,0.0,0,True,0.0,0.0,2026-06-01,bm_eligible
PQR,Quick Reserve,upward,2026-06-01 00:00:00+00:00,2026-06-01T00:30:00+00:00,0.5,20.0,0.1569540393289873,1.0,False,0.7271579790536118,1.0,0.2158458599784071,0.0,0.0,0.3637526420573604,standalone_parent:product_margin_quantity,1291,True,0.01,309,True,7.275052841147208,0.036375264205736,2026-06-01,bm_eligible
PQR,Quick Reserve,upward,2026-06-01 00:30:00+00:00,2026-06-01T01:00:00+00:00,0.5,25.0,0.1361860935021114,1.0,False,0.6309414204920829,1.21,0.2158458599784071,0.0,0.0,0.3637526420573604,standalone_parent:product_margin_quantity,1291,True,0.01,309,True,9.09381605143401,0.04546908025717,2026-06-01,bm_eligible
PQR,Quick Reserve,upward,2026-06-01 01:00:00+00:00,2026-06-01T01:30:00+00:00,0.5,25.0,0.1310163011340644,1.0,False,0.6069901046384261,1.0,0.2158458599784071,0.0,0.0,0.3637526420573604,standalone_parent:product_margin_quantity,1291,True,0.01,309,True,9.09381605143401,0.04546908025717,2026-06-01,bm_eligible
PQR,Quick Reserve,upward,2026-06-01 01:30:00+00:00,2026-06-01T02:00:00+00:00,0.5,25.0,0.1179529700266474,1.0,False,0.5464685310084116,1.29,0.2158458599784071,0.0,0.0,0.3637526420573604,standalone_parent:product_margin_quantity,1291,True,0.02,304,True,9.09381605143401,0.0909381605143401,2026-06-01,bm_eligible
DRL,Dynamic Regulation,upward,2026-06-01 02:00:00+00:00,2026-06-01T06:00:00+00:00,4.0,25.0,5.437416332560377,1.0,False,15.7794706729131,22.15,0.3445880058508045,14.388800871323838,0.1438880087132383,0.4853407307322814,standalone_parent:product_margin_quantity,1401,True,18.56,480,True,12.133518268307036,900.7923962391144,2026-06-01,bm_eligible
DRL,Dynamic Regulation,upward,2026-06-01 06:00:00+00:00,2026-06-01T10:00:00+00:00,4.0,25.0,5.1665979501812735,1.0,False,14.993551320582656,13.49,0.3445880058508045,78.93456724454154,0.7893456724454154,0.4853407307322814,standalone_parent:product_margin_quantity,1401,True,15.58,480,True,12.133518268307036,756.1608584808945,2026-06-01,bm_eligible
DRL,Dynamic Regulation,upward,2026-06-01 10:00:00+00:00,2026-06-01T14:00:00+00:00,4.0,25.0,5.209931821382734,1.0,False,15.119306919923575,16.44,0.3445880058508045,0.0,0.0,0.4853407307322814,standalone_parent:product_margin_quantity,1401,True,12.66,480,True,12.133518268307036,614.4413651070683,2026-06-01,bm_eligible
DRL,Dynamic Regulation,upward,2026-06-01 14:00:00+00:00,2026-06-01T18:00:00+00:00,4.0,25.0,6.147746863151722,1.0,False,17.84086143095038,16.44,0.3445880058508045,0.0,0.0,0.4853407307322814,standalone_parent:product_margin_quantity,1401,True,17.14,480,True,12.133518268307036,831.8740124751304,2026-06-01,bm_eligible
DRL,Dynamic Regulation,upward,2026-06-01 18:00:00+00:00,2026-06-01T22:00:00+00:00,4.0,7.0,7.267717719359124,1.0,False,21.09103507945605,16.44,0.3445880058508045,96.59449285247956,3.449803316159984,0.3391947295530913,standalone_parent:product_margin_quantity,1354,True,21.78,480,True,2.3743631068716398,206.85451387065723,2026-06-01,bm_eligible
NQR,Quick Reserve,downward,2026-06-01 18:00:00+00:00,2026-06-01T18:30:00+00:00,0.5,18.0,0.0447349689697551,1.0,False,0.5948996761519781,1.0,0.075197500962039,0.0,0.0,0.3777883907815773,standalone_parent:product_margin_quantity,357,True,0.0,300,True,6.800191034068391,0.0,2026-06-01,bm_eligible
NBR,Balancing Reserve,downward,2026-06-01 18:30:00+00:00,2026-06-01T19:00:00+00:00,0.5,18.0,0.0115768763873941,0.5,True,0.037241139566546,0.0,0.3108625708595066,0.0,0.0,0.3452700803691644,nonlooped_parent:product_margin,554,True,0.0,0,True,0.0,0.0,2026-06-01,bm_eligible
NBR,Balancing Reserve,downward,2026-06-01 19:00:00+00:00,2026-06-01T19:30:00+00:00,0.5,18.0,0.0038889932704996,0.5,True,0.0125103297568021,0.0,0.3108625708595066,0.0,0.0,0.3452700803691644,nonlooped_parent:product_margin,554,True,0.0,0,True,0.0,0.0,2026-06-01,bm_eligible
NBR,Balancing Reserve,downward,2026-06-01 19:30:00+00:00,2026-06-01T20:00:00+00:00,0.5,18.0,0.0026649085839852,0.5,True,0.0085726260855946,0.0,0.3108625708595066,0.0,0.0,0.3452700803691644,nonlooped_parent:product_margin,554,True,0.0,0,True,0.0,0.0,2026-06-01,bm_eligible
NBR,Balancing Reserve,downward,2026-06-01 20:00:00+00:00,2026-06-01T20:30:00+00:00,0.5,18.0,0.001513081880113,0.5,True,0.0048673659100533,0.0,0.3108625708595066,0.0,0.0,0.3452700803691644,nonlooped_parent:product_margin,554,True,0.0,0,True,0.0,0.0,2026-06-01,bm_eligible
PBR,Balancing Reserve,upward,2026-06-01 21:00:00+00:00,2026-06-01T21:30:00+00:00,0.5,17.0,2.6256540789239398,0.5,True,5.283924000042865,1.66,0.4969136722826897,0.0,0.0,0.6887282484296836,standalone_parent:product_margin_quantity,3539,True,1.35,400,True,11.70838022330462,7.90315665073062,2026-06-01,bm_eligible
PQR,Quick Reserve,upward,2026-06-01 21:30:00+00:00,2026-06-01T22:00:00+00:00,0.5,18.0,2.0137377220609807,1.0,False,9.329517472618804,10.25,0.2158458599784071,0.0,0.0,0.6029783081641092,standalone_parent:product_margin_quantity,1089,True,10.64,500,True,10.853609546953969,57.74120278979511,2026-06-01,bm_eligible
PQR,Quick Reserve,upward,2026-06-01 22:00:00+00:00,2026-06-01T22:30:00+00:00,0.5,25.0,1.0931086560690249,1.0,False,5.064302165343259,2.35,0.2158458599784071,0.0,0.0,0.3975102911913369,standalone_parent:product_margin_quantity,2845,True,5.45,500,True,9.937757279783424,27.08038858740983,2026-06-01,bm_eligible
PSR,Slow Reserve,upward,2026-06-01 22:30:00+00:00,2026-06-01T23:00:00+00:00,0.5,25.0,0.5233665544303538,1.0,False,0.988786818805714,1.61,0.5293017104156905,0.0,0.0,0.6075311292880494,standalone_parent:product_margin_quantity,37297,True,1.5,1803,True,15.188278232201236,11.391208674150926,2026-06-01,bm_eligible
NQR,Quick Reserve,downward,2026-06-01 23:00:00+00:00,2026-06-01T23:30:00+00:00,0.5,25.0,0.0192678827116365,1.0,False,0.2562303595881903,0.11,0.075197500962039,0.0,0.0,0.4176679787643421,standalone_parent:product_margin_quantity,1125,True,0.01,300,True,10.441699469108553,0.0522084973455427,2026-06-02,non_bm
NQR,Quick Reserve,downward,2026-06-01 23:30:00+00:00,2026-06-02T00:00:00+00:00,0.5,25.0,0.0110380942794821,1.0,False,0.1467880466540291,0.11,0.075197500962039,0.0,0.0,0.4176679787643421,standalone_parent:product_margin_quantity,1125,True,1.0,300,True,10.441699469108553,5.220849734554276,2026-06-02,non_bm
PSR,Slow Reserve,upward,2026-06-02 00:00:00+00:00,2026-06-02T00:30:00+00:00,0.5,25.0,0.3062213517000627,1.0,False,0.5785383755128427,1.0,0.5293017104156905,0.0,0.0,0.6075311292880494,standalone_parent:product_margin_quantity,37297,True,0.62,1801,True,15.188278232201236,4.708366251982382,2026-06-02,non_bm
NQR,Quick Reserve,downward,2026-06-02 00:30:00+00:00,2026-06-02T01:00:00+00:00,0.5,5.0,0.0307605283409543,1.0,False,0.4090631729435095,0.11,0.075197500962039,0.0,0.0,0.3675690281255747,standalone_parent:product_margin,2085,True,1.0,300,True,1.8378451406278733,0.9189225703139368,2026-06-02,non_bm
PSR,Slow Reserve,upward,2026-06-02 00:30:00+00:00,2026-06-02T01:00:00+00:00,0.5,20.0,0.15671595847455,1.0,False,0.2960805820020346,1.0,0.5293017104156905,0.0,0.0,0.6075311292880494,standalone_parent:product_margin_quantity,37297,True,0.62,1801,True,12.150622585760988,3.7666930015859066,2026-06-02,non_bm
PQR,Quick Reserve,upward,2026-06-02 01:00:00+00:00,2026-06-02T01:30:00+00:00,0.5,25.0,0.1569921064753691,1.0,False,0.7273343416967755,0.01,0.2158458599784071,0.0,0.0,0.227491759402672,standalone_parent:product_margin_quantity,1492,True,0.27,300,True,5.687293985066802,0.7677846879840183,2026-06-02,non_bm
PSR,Slow Reserve,upward,2026-06-02 01:30:00+00:00,2026-06-02T02:00:00+00:00,0.5,25.0,0.1791476589359097,1.0,False,0.3384603816889519,1.0,0.5293017104156905,0.0,0.0,0.6075311292880494,standalone_parent:product_margin_quantity,37297,True,0.62,1801,True,15.188278232201236,4.708366251982382,2026-06-02,non_bm
DRL,Dynamic Regulation,upward,2026-06-02 02:00:00+00:00,2026-06-02T06:00:00+00:00,4.0,25.0,5.862078911531139,1.0,False,17.01184838705393,18.56,0.3445880058508045,19.44066857198777,0.1944066857198777,0.4853407307322814,standalone_parent:product_margin_quantity,1401,True,17.59,479,True,12.133518268307036,853.714345358083,2026-06-02,non_bm
DRL,Dynamic Regulation,upward,2026-06-02 06:00:00+00:00,2026-06-02T10:00:00+00:00,4.0,25.0,5.495120620103974,1.0,False,15.946929454309515,15.58,0.3445880058508045,76.0407237205909,0.7604072372059091,0.4853407307322814,standalone_parent:product_margin_quantity,1401,True,15.95,480,True,12.133518268307036,774.1184655179889,2026-06-02,non_bm
DRL,Dynamic Regulation,upward,2026-06-02 10:00:00+00:00,2026-06-02T14:00:00+00:00,4.0,25.0,5.117170232693627,1.0,False,14.85011128016219,12.66,0.3445880058508045,0.0,0.0,0.4853407307322814,standalone_parent:product_margin_quantity,1401,True,14.53,479,True,12.133518268307036,705.2000817540049,2026-06-02,non_bm
DRL,Dynamic Regulation,upward,2026-06-02 14:00:00+00:00,2026-06-02T18:00:00+00:00,4.0,25.0,6.191462553773952,1.0,False,17.96772507646321,17.14,0.3445880058508045,0.0,0.0,0.4853407307322814,standalone_parent:product_margin_quantity,1401,True,15.26,480,True,12.133518268307036,740.6299550974614,2026-06-02,non_bm
DRL,Dynamic Regulation,upward,2026-06-02 18:00:00+00:00,2026-06-02T22:00:00+00:00,4.0,9.0,7.68590925750405,1.0,False,22.30463372782569,21.78,0.3445880058508045,116.70332773579868,3.241759103772185,0.3391947295530913,standalone_parent:product_margin_quantity,1354,True,4.77,480,True,3.052752565977822,58.24651895885684,2026-06-02,non_bm
NQR,Quick Reserve,downward,2026-06-02 18:00:00+00:00,2026-06-02T18:30:00+00:00,0.5,16.0,0.0680029894532178,1.0,False,0.9043251249472616,0.0,0.075197500962039,0.0,0.0,0.4176679787643421,standalone_parent:product_margin_quantity,1125,True,0.96,300,True,6.682687660229473,3.207690076910147,2026-06-02,non_bm
NQR,Quick Reserve,downward,2026-06-02 18:30:00+00:00,2026-06-02T19:00:00+00:00,0.5,16.0,0.0277071838233005,1.0,False,0.3684588379777089,0.0,0.075197500962039,0.0,0.0,0.4176679787643421,standalone_parent:product_margin_quantity,1125,True,1.0,300,True,6.682687660229473,3.3413438301147367,2026-06-02,non_bm
NQR,Quick Reserve,downward,2026-06-02 19:00:00+00:00,2026-06-02T19:30:00+00:00,0.5,16.0,0.0298672234286185,1.0,False,0.3971837234816624,1.0,0.075197500962039,0.0,0.0,0.3777883907815773,standalone_parent:product_margin_quantity,357,True,0.0,300,True,6.044614252505236,0.0,2026-06-02,non_bm
NQR,Quick Reserve,downward,2026-06-02 19:30:00+00:00,2026-06-02T20:00:00+00:00,0.5,16.0,0.0174056160695389,1.0,False,0.2314653525298075,0.0,0.075197500962039,0.0,0.0,0.4176679787643421,standalone_parent:product_margin_quantity,1125,True,1.14,300,True,6.682687660229473,3.8091319663308,2026-06-02,non_bm
NQR,Quick Reserve,downward,2026-06-02 20:00:00+00:00,2026-06-02T20:30:00+00:00,0.5,16.0,0.0139891837890124,1.0,False,0.1860325623862743,0.72,0.075197500962039,0.0,0.0,0.4953096362482532,standalone_parent:product_margin_quantity,321,True,0.0,304,True,7.924954179972052,0.0,2026-06-02,non_bm
PSR,Slow Reserve,upward,2026-06-02 21:00:00+00:00,2026-06-02T21:30:00+00:00,0.5,3.0,1.469161357677893,1.0,False,2.7756595695186355,4.42,0.5293017104156905,0.0,0.0,0.7637491480313284,standalone_parent:product_margin_quantity,2784,True,2.5,1799,True,2.2912474440939854,2.8640593051174816,2026-06-02,non_bm
PQR,Quick Reserve,upward,2026-06-02 21:30:00+00:00,2026-06-02T22:00:00+00:00,0.5,16.0,2.1185495695762406,1.0,False,9.815104027421128,10.64,0.2158458599784071,0.0,0.0,0.6029783081641092,standalone_parent:product_margin_quantity,1089,True,9.94,410,True,9.647652930625748,47.94883506520996,2026-06-02,non_bm
PQR,Quick Reserve,upward,2026-06-02 22:00:00+00:00,2026-06-02T22:30:00+00:00,0.5,25.0,1.2739104220318105,1.0,False,5.901945129544067,5.45,0.2158458599784071,0.0,0.0,0.5867704553048403,standalone_parent:product_margin_quantity,2702,True,3.19,500,True,14.669261382621007,23.397471905280508,2026-06-02,non_bm
PSR,Slow Reserve,upward,2026-06-02 22:30:00+00:00,2026-06-02T23:00:00+00:00,0.5,25.0,0.6678756611306591,1.0,False,1.2618052199493908,1.5,0.5293017104156905,0.0,0.0,0.6075311292880494,standalone_parent:product_margin_quantity,37297,True,0.01,1827,True,15.188278232201236,0.0759413911610061,2026-06-02,non_bm
NQR,Quick Reserve,downward,2026-06-01 23:00:00+00:00,2026-06-01T23:30:00+00:00,0.5,25.0,0.0192678827116365,1.0,False,0.2562303595881903,0.11,0.075197500962039,0.0,0.0,0.4176679787643421,standalone_parent:product_margin_quantity,1125,True,0.01,300,True,10.441699469108553,0.0522084973455427,2026-06-02,bm_eligible
NQR,Quick Reserve,downward,2026-06-01 23:30:00+00:00,2026-06-02T00:00:00+00:00,0.5,25.0,0.0110380942794821,1.0,False,0.1467880466540291,0.11,0.075197500962039,0.0,0.0,0.4176679787643421,standalone_parent:product_margin_quantity,1125,True,1.0,300,True,10.441699469108553,5.220849734554276,2026-06-02,bm_eligible
PSR,Slow Reserve,upward,2026-06-02 00:00:00+00:00,2026-06-02T00:30:00+00:00,0.5,25.0,0.3062213517000627,1.0,False,0.5785383755128427,1.0,0.5293017104156905,0.0,0.0,0.6075311292880494,standalone_parent:product_margin_quantity,37297,True,0.62,1801,True,15.188278232201236,4.708366251982382,2026-06-02,bm_eligible
PBR,Balancing Reserve,upward,2026-06-02 00:30:00+00:00,2026-06-02T01:00:00+00:00,0.5,25.0,0.275139106414077,0.5,True,0.5536959873737441,0.01,0.4969136722826897,0.0,0.0,0.4751202010017611,standalone_parent:product_margin_quantity,1162,True,0.35,200,True,11.878005025044027,2.0786508793827045,2026-06-02,bm_eligible
PBR,Balancing Reserve,upward,2026-06-02 01:00:00+00:00,2026-06-02T01:30:00+00:00,0.5,25.0,0.2081152333406305,0.5,True,0.4188156715121247,0.01,0.4969136722826897,0.0,0.0,0.4751202010017611,standalone_parent:product_margin_quantity,1162,True,0.35,200,True,11.878005025044027,2.0786508793827045,2026-06-02,bm_eligible
PBR,Balancing Reserve,upward,2026-06-02 01:30:00+00:00,2026-06-02T02:00:00+00:00,0.5,25.0,0.186634878897348,0.5,True,0.3755881339307829,0.01,0.4969136722826897,0.0,0.0,0.4751202010017611,standalone_parent:product_margin_quantity,1162,True,0.35,200,True,11.878005025044027,2.0786508793827045,2026-06-02,bm_eligible
DRL,Dynamic Regulation,upward,2026-06-02 02:00:00+00:00,2026-06-02T06:00:00+00:00,4.0,25.0,5.862078911531139,1.0,False,17.01184838705393,18.56,0.3445880058508045,19.44066857198777,0.1944066857198777,0.4853407307322814,standalone_parent:product_margin_quantity,1401,True,17.59,479,True,12.133518268307036,853.714345358083,2026-06-02,bm_eligible
DRL,Dynamic Regulation,upward,2026-06-02 06:00:00+00:00,2026-06-02T10:00:00+00:00,4.0,25.0,5.495120620103974,1.0,False,15.946929454309515,15.58,0.3445880058508045,76.0407237205909,0.7604072372059091,0.4853407307322814,standalone_parent:product_margin_quantity,1401,True,15.95,480,True,12.133518268307036,774.1184655179889,2026-06-02,bm_eligible
DRL,Dynamic Regulation,upward,2026-06-02 10:00:00+00:00,2026-06-02T14:00:00+00:00,4.0,25.0,5.117170232693627,1.0,False,14.85011128016219,12.66,0.3445880058508045,0.0,0.0,0.4853407307322814,standalone_parent:product_margin_quantity,1401,True,14.53,479,True,12.133518268307036,705.2000817540049,2026-06-02,bm_eligible
DRL,Dynamic Regulation,upward,2026-06-02 14:00:00+00:00,2026-06-02T18:00:00+00:00,4.0,25.0,6.191462553773952,1.0,False,17.96772507646321,17.14,0.3445880058508045,0.0,0.0,0.4853407307322814,standalone_parent:product_margin_quantity,1401,True,15.26,480,True,12.133518268307036,740.6299550974614,2026-06-02,bm_eligible
DRL,Dynamic Regulation,upward,2026-06-02 18:00:00+00:00,2026-06-02T22:00:00+00:00,4.0,7.0,7.68590925750405,1.0,False,22.30463372782569,21.78,0.3445880058508045,82.89509610491928,2.96053914660426,0.3391947295530913,standalone_parent:product_margin_quantity,1354,True,4.77,480,True,2.3743631068716398,45.30284807911087,2026-06-02,bm_eligible
NQR,Quick Reserve,downward,2026-06-02 18:00:00+00:00,2026-06-02T18:30:00+00:00,0.5,18.0,0.0680029894532178,1.0,False,0.9043251249472616,0.0,0.075197500962039,0.0,0.0,0.4176679787643421,standalone_parent:product_margin_quantity,1125,True,0.96,300,True,7.518023617758158,3.608651336523916,2026-06-02,bm_eligible
NQR,Quick Reserve,downward,2026-06-02 18:30:00+00:00,2026-06-02T19:00:00+00:00,0.5,18.0,0.0277071838233005,1.0,False,0.3684588379777089,0.0,0.075197500962039,0.0,0.0,0.4176679787643421,standalone_parent:product_margin_quantity,1125,True,1.0,300,True,7.518023617758158,3.759011808879079,2026-06-02,bm_eligible
NQR,Quick Reserve,downward,2026-06-02 19:00:00+00:00,2026-06-02T19:30:00+00:00,0.5,18.0,0.0298672234286185,1.0,False,0.3971837234816624,1.0,0.075197500962039,0.0,0.0,0.3777883907815773,standalone_parent:product_margin_quantity,357,True,0.0,300,True,6.800191034068391,0.0,2026-06-02,bm_eligible
NQR,Quick Reserve,downward,2026-06-02 19:30:00+00:00,2026-06-02T20:00:00+00:00,0.5,18.0,0.0174056160695389,1.0,False,0.2314653525298075,0.0,0.075197500962039,0.0,0.0,0.4176679787643421,standalone_parent:product_margin_quantity,1125,True,1.14,300,True,7.518023617758158,4.2852734621221495,2026-06-02,bm_eligible
NQR,Quick Reserve,downward,2026-06-02 20:00:00+00:00,2026-06-02T20:30:00+00:00,0.5,18.0,0.0139891837890124,1.0,False,0.1860325623862743,0.72,0.075197500962039,0.0,0.0,0.4953096362482532,standalone_parent:product_margin_quantity,321,True,0.0,304,True,8.915573452468559,0.0,2026-06-02,bm_eligible
PBR,Balancing Reserve,upward,2026-06-02 21:00:00+00:00,2026-06-02T21:30:00+00:00,0.5,17.0,2.308525116608578,0.5,True,4.645726703400664,1.35,0.4969136722826897,0.0,0.0,0.6887282484296836,standalone_parent:product_margin_quantity,3539,True,2.48,400,True,11.70838022330462,14.51839147689773,2026-06-02,bm_eligible
PQR,Quick Reserve,upward,2026-06-02 21:30:00+00:00,2026-06-02T22:00:00+00:00,0.5,18.0,2.1185495695762406,1.0,False,9.815104027421128,10.64,0.2158458599784071,0.0,0.0,0.6029783081641092,standalone_parent:product_margin_quantity,1089,True,9.94,410,True,10.853609546953969,53.94243944836121,2026-06-02,bm_eligible
PQR,Quick Reserve,upward,2026-06-02 22:00:00+00:00,2026-06-02T22:30:00+00:00,0.5,25.0,1.2739104220318105,1.0,False,5.901945129544067,5.45,0.2158458599784071,0.0,0.0,0.5867704553048403,standalone_parent:product_margin_quantity,2702,True,3.19,500,True,14.669261382621007,23.397471905280508,2026-06-02,bm_eligible
PSR,Slow Reserve,upward,2026-06-02 22:30:00+00:00,2026-06-02T23:00:00+00:00,0.5,25.0,0.6678756611306591,1.0,False,1.2618052199493908,1.5,0.5293017104156905,0.0,0.0,0.6075311292880494,standalone_parent:product_margin_quantity,37297,True,0.01,1827,True,15.188278232201236,0.0759413911610061,2026-06-02,bm_eligible
NQR,Quick Reserve,downward,2026-06-02 23:00:00+00:00,2026-06-02T23:30:00+00:00,0.5,25.0,0.0343074982228988,1.0,False,0.456231893134558,0.01,0.075197500962039,0.0,0.0,0.4176679787643421,standalone_parent:product_margin_quantity,1125,True,0.0,300,True,10.441699469108553,0.0,2026-06-03,non_bm
NQR,Quick Reserve,downward,2026-06-02 23:30:00+00:00,2026-06-03T00:00:00+00:00,0.5,25.0,0.0330230505399593,1.0,False,0.439150904185365,1.0,0.075197500962039,0.0,0.0,0.3777883907815773,standalone_parent:product_margin_quantity,357,True,0.0,327,True,9.444709769539433,0.0,2026-06-03,non_bm
PSR,Slow Reserve,upward,2026-06-03 00:00:00+00:00,2026-06-03T00:30:00+00:00,0.5,25.0,0.3706113400313483,1.0,False,0.7001891978400869,0.62,0.5293017104156905,0.0,0.0,0.6504406029713924,standalone_parent:product_margin_quantity,16212,True,1.0,1807,True,16.26101507428481,8.130507537142405,2026-06-03,non_bm
PSR,Slow Reserve,upward,2026-06-03 00:30:00+00:00,2026-06-03T01:00:00+00:00,0.5,25.0,0.2224942832462715,1.0,False,0.4203543628671333,0.62,0.5293017104156905,0.0,0.0,0.6504406029713924,standalone_parent:product_margin_quantity,16212,True,1.0,1799,True,16.26101507428481,8.130507537142405,2026-06-03,non_bm
PSR,Slow Reserve,upward,2026-06-03 01:00:00+00:00,2026-06-03T01:30:00+00:00,0.5,25.0,0.2186671743714367,1.0,False,0.4131238763609985,0.62,0.5293017104156905,0.0,0.0,0.6504406029713924,standalone_parent:product_margin_quantity,16212,True,1.0,1799,True,16.26101507428481,8.130507537142405,2026-06-03,non_bm
PSR,Slow Reserve,upward,2026-06-03 01:30:00+00:00,2026-06-03T02:00:00+00:00,0.5,25.0,0.233493787579067,1.0,False,0.441135524379264,0.62,0.5293017104156905,0.0,0.0,0.6504406029713924,standalone_parent:product_margin_quantity,16212,True,1.0,1799,True,16.26101507428481,8.130507537142405,2026-06-03,non_bm
DRL,Dynamic Regulation,upward,2026-06-03 02:00:00+00:00,2026-06-03T06:00:00+00:00,4.0,25.0,5.591526327374651,1.0,False,16.226700385490496,17.59,0.3445880058508045,28.22654859456088,0.2822654859456088,0.4853407307322814,standalone_parent:product_margin_quantity,1401,True,1.45,491,True,12.133518268307036,70.37440595618081,2026-06-03,non_bm
DRL,Dynamic Regulation,upward,2026-06-03 06:00:00+00:00,2026-06-03T10:00:00+00:00,4.0,25.0,5.382175948346975,1.0,False,15.619162179072722,15.95,0.3445880058508045,75.91982771497783,0.7591982771497783,0.4853407307322814,standalone_parent:product_margin_quantity,1401,True,17.3,480,True,12.133518268307036,839.6394641668469,2026-06-03,non_bm
DRL,Dynamic Regulation,upward,2026-06-03 10:00:00+00:00,2026-06-03T14:00:00+00:00,4.0,25.0,5.075387049843452,1.0,False,14.728855803648983,14.53,0.3445880058508045,0.0,0.0,0.4853407307322814,standalone_parent:product_margin_quantity,1401,True,15.16,480,True,12.133518268307036,735.7765477901387,2026-06-03,non_bm
DRL,Dynamic Regulation,upward,2026-06-03 14:00:00+00:00,2026-06-03T18:00:00+00:00,4.0,25.0,5.936116677074084,1.0,False,17.226707187377354,15.26,0.3445880058508045,0.0,0.0,0.4853407307322814,standalone_parent:product_margin_quantity,1401,True,10.56,480,True,12.133518268307036,512.5198116532893,2026-06-03,non_bm
DRL,Dynamic Regulation,upward,2026-06-03 18:00:00+00:00,2026-06-03T22:00:00+00:00,4.0,9.0,5.947947561282419,1.0,False,17.26104060585814,4.77,0.3445880058508045,83.44411306306938,2.317892029529705,0.2984537159573727,standalone_parent:product_margin_quantity,125,True,19.4,480,True,2.6860834436163548,208.4400752246291,2026-06-03,non_bm
NQR,Quick Reserve,downward,2026-06-03 18:00:00+00:00,2026-06-03T18:30:00+00:00,0.5,16.0,0.0838941371218821,1.0,False,1.1156506007325062,0.96,0.075197500962039,0.0,0.0,0.4953096362482532,standalone_parent:product_margin_quantity,321,True,1.04,300,True,7.924954179972052,4.120976173585468,2026-06-03,non_bm
NQR,Quick Reserve,downward,2026-06-03 18:30:00+00:00,2026-06-03T19:00:00+00:00,0.5,16.0,0.0456893416624373,1.0,False,0.6075912241485528,1.0,0.075197500962039,0.0,0.0,0.3777883907815773,standalone_parent:product_margin_quantity,357,True,0.0,302,True,6.044614252505236,0.0,2026-06-03,non_bm
NQR,Quick Reserve,downward,2026-06-03 19:00:00+00:00,2026-06-03T19:30:00+00:00,0.5,16.0,0.0404995253205522,1.0,False,0.5385754154383006,0.0,0.075197500962039,0.0,0.0,0.4176679787643421,standalone_parent:product_margin_quantity,1125,True,0.0,300,True,6.682687660229473,0.0,2026-06-03,non_bm
NQR,Quick Reserve,downward,2026-06-03 19:30:00+00:00,2026-06-03T20:00:00+00:00,0.5,16.0,0.0358929122353782,1.0,False,0.4773152269182136,1.14,0.075197500962039,0.0,0.0,0.3777883907815773,standalone_parent:product_margin_quantity,357,True,0.0,314,True,6.044614252505236,0.0,2026-06-03,non_bm
NQR,Quick Reserve,downward,2026-06-03 20:00:00+00:00,2026-06-03T20:30:00+00:00,0.5,16.0,0.0266691872806318,1.0,False,0.3546552337436699,0.0,0.075197500962039,0.0,0.0,0.4176679787643421,standalone_parent:product_margin_quantity,1125,True,1.0,300,True,6.682687660229473,3.3413438301147367,2026-06-03,non_bm
NQR,Quick Reserve,downward,2026-06-03 20:30:00+00:00,2026-06-03T21:00:00+00:00,0.5,16.0,0.0111831459417537,1.0,False,0.1487169892440871,0.0,0.075197500962039,0.0,0.0,0.4176679787643421,standalone_parent:product_margin_quantity,1125,True,1.0,301,True,6.682687660229473,3.3413438301147367,2026-06-03,non_bm
NQR,Quick Reserve,downward,2026-06-03 21:00:00+00:00,2026-06-03T21:30:00+00:00,0.5,3.0,0.0150364810906042,1.0,False,0.1999598510354078,1.0,0.075197500962039,0.0,0.0,0.3644551714175054,standalone_parent:product_margin,767,True,1.0,300,True,1.0933655142525165,0.5466827571262581,2026-06-03,non_bm
PQR,Quick Reserve,upward,2026-06-03 21:00:00+00:00,2026-06-03T21:30:00+00:00,0.5,13.0,1.3491121303094329,1.0,False,6.250349811872212,4.97,0.2158458599784071,0.0,0.0,0.3975102911913369,standalone_parent:product_margin_quantity,2845,True,4.75,500,True,5.16763378548738,12.273130240532526,2026-06-03,non_bm
PQR,Quick Reserve,upward,2026-06-03 21:30:00+00:00,2026-06-03T22:00:00+00:00,0.5,16.0,2.134534294313103,1.0,False,9.889160230020806,9.94,0.2158458599784071,0.0,0.0,0.5867704553048403,standalone_parent:product_margin_quantity,2702,True,5.0,498,True,9.388327284877445,23.470818212193613,2026-06-03,non_bm
PQR,Quick Reserve,upward,2026-06-03 22:00:00+00:00,2026-06-03T22:30:00+00:00,0.5,25.0,1.1428110941518412,1.0,False,5.294570367326788,3.19,0.2158458599784071,0.0,0.0,0.3975102911913369,standalone_parent:product_margin_quantity,2845,True,9.38,499,True,9.937757279783424,46.60808164218425,2026-06-03,non_bm
PSR,Slow Reserve,upward,2026-06-03 22:30:00+00:00,2026-06-03T23:00:00+00:00,0.5,25.0,0.5516174649288766,1.0,False,1.0421607451365693,0.01,0.5293017104156905,0.0,0.0,0.5692044000882438,standalone_parent:product_margin_quantity,12651,True,1.42,1808,True,14.230110002206096,10.103378101566326,2026-06-03,non_bm
NQR,Quick Reserve,downward,2026-06-02 23:00:00+00:00,2026-06-02T23:30:00+00:00,0.5,25.0,0.0343074982228988,1.0,False,0.456231893134558,0.01,0.075197500962039,0.0,0.0,0.4176679787643421,standalone_parent:product_margin_quantity,1125,True,0.0,300,True,10.441699469108553,0.0,2026-06-03,bm_eligible
NQR,Quick Reserve,downward,2026-06-02 23:30:00+00:00,2026-06-03T00:00:00+00:00,0.5,25.0,0.0330230505399593,1.0,False,0.439150904185365,1.0,0.075197500962039,0.0,0.0,0.3777883907815773,standalone_parent:product_margin_quantity,357,True,0.0,327,True,9.444709769539433,0.0,2026-06-03,bm_eligible
PSR,Slow Reserve,upward,2026-06-03 00:00:00+00:00,2026-06-03T00:30:00+00:00,0.5,25.0,0.3706113400313483,1.0,False,0.7001891978400869,0.62,0.5293017104156905,0.0,0.0,0.6504406029713924,standalone_parent:product_margin_quantity,16212,True,1.0,1807,True,16.26101507428481,8.130507537142405,2026-06-03,bm_eligible
PSR,Slow Reserve,upward,2026-06-03 00:30:00+00:00,2026-06-03T01:00:00+00:00,0.5,25.0,0.2224942832462715,1.0,False,0.4203543628671333,0.62,0.5293017104156905,0.0,0.0,0.6504406029713924,standalone_parent:product_margin_quantity,16212,True,1.0,1799,True,16.26101507428481,8.130507537142405,2026-06-03,bm_eligible
PSR,Slow Reserve,upward,2026-06-03 01:00:00+00:00,2026-06-03T01:30:00+00:00,0.5,25.0,0.2186671743714367,1.0,False,0.4131238763609985,0.62,0.5293017104156905,0.0,0.0,0.6504406029713924,standalone_parent:product_margin_quantity,16212,True,1.0,1799,True,16.26101507428481,8.130507537142405,2026-06-03,bm_eligible
PSR,Slow Reserve,upward,2026-06-03 01:30:00+00:00,2026-06-03T02:00:00+00:00,0.5,25.0,0.233493787579067,1.0,False,0.441135524379264,0.62,0.5293017104156905,0.0,0.0,0.6504406029713924,standalone_parent:product_margin_quantity,16212,True,1.0,1799,True,16.26101507428481,8.130507537142405,2026-06-03,bm_eligible
DRL,Dynamic Regulation,upward,2026-06-03 02:00:00+00:00,2026-06-03T06:00:00+00:00,4.0,25.0,5.591526327374651,1.0,False,16.226700385490496,17.59,0.3445880058508045,28.22654859456088,0.2822654859456088,0.4853407307322814,standalone_parent:product_margin_quantity,1401,True,1.45,491,True,12.133518268307036,70.37440595618081,2026-06-03,bm_eligible
DRL,Dynamic Regulation,upward,2026-06-03 06:00:00+00:00,2026-06-03T10:00:00+00:00,4.0,25.0,5.382175948346975,1.0,False,15.619162179072722,15.95,0.3445880058508045,75.91982771497783,0.7591982771497783,0.4853407307322814,standalone_parent:product_margin_quantity,1401,True,17.3,480,True,12.133518268307036,839.6394641668469,2026-06-03,bm_eligible
DRL,Dynamic Regulation,upward,2026-06-03 10:00:00+00:00,2026-06-03T14:00:00+00:00,4.0,25.0,5.075387049843452,1.0,False,14.728855803648983,14.53,0.3445880058508045,0.0,0.0,0.4853407307322814,standalone_parent:product_margin_quantity,1401,True,15.16,480,True,12.133518268307036,735.7765477901387,2026-06-03,bm_eligible
DRL,Dynamic Regulation,upward,2026-06-03 14:00:00+00:00,2026-06-03T18:00:00+00:00,4.0,25.0,5.936116677074084,1.0,False,17.226707187377354,15.26,0.3445880058508045,0.0,0.0,0.4853407307322814,standalone_parent:product_margin_quantity,1401,True,10.56,480,True,12.133518268307036,512.5198116532893,2026-06-03,bm_eligible
DRL,Dynamic Regulation,upward,2026-06-03 18:00:00+00:00,2026-06-03T22:00:00+00:00,4.0,9.0,5.947947561282419,1.0,False,17.26104060585814,4.77,0.3445880058508045,83.44411306306938,2.317892029529705,0.2984537159573727,standalone_parent:product_margin_quantity,125,True,19.4,480,True,2.6860834436163548,208.4400752246291,2026-06-03,bm_eligible
NQR,Quick Reserve,downward,2026-06-03 18:00:00+00:00,2026-06-03T18:30:00+00:00,0.5,16.0,0.0838941371218821,1.0,False,1.1156506007325062,0.96,0.075197500962039,0.0,0.0,0.4953096362482532,standalone_parent:product_margin_quantity,321,True,1.04,300,True,7.924954179972052,4.120976173585468,2026-06-03,bm_eligible
NQR,Quick Reserve,downward,2026-06-03 18:30:00+00:00,2026-06-03T19:00:00+00:00,0.5,16.0,0.0456893416624373,1.0,False,0.6075912241485528,1.0,0.075197500962039,0.0,0.0,0.3777883907815773,standalone_parent:product_margin_quantity,357,True,0.0,302,True,6.044614252505236,0.0,2026-06-03,bm_eligible
NQR,Quick Reserve,downward,2026-06-03 19:00:00+00:00,2026-06-03T19:30:00+00:00,0.5,16.0,0.0404995253205522,1.0,False,0.5385754154383006,0.0,0.075197500962039,0.0,0.0,0.4176679787643421,standalone_parent:product_margin_quantity,1125,True,0.0,300,True,6.682687660229473,0.0,2026-06-03,bm_eligible
NQR,Quick Reserve,downward,2026-06-03 19:30:00+00:00,2026-06-03T20:00:00+00:00,0.5,16.0,0.0358929122353782,1.0,False,0.4773152269182136,1.14,0.075197500962039,0.0,0.0,0.3777883907815773,standalone_parent:product_margin_quantity,357,True,0.0,314,True,6.044614252505236,0.0,2026-06-03,bm_eligible
NQR,Quick Reserve,downward,2026-06-03 20:00:00+00:00,2026-06-03T20:30:00+00:00,0.5,16.0,0.0266691872806318,1.0,False,0.3546552337436699,0.0,0.075197500962039,0.0,0.0,0.4176679787643421,standalone_parent:product_margin_quantity,1125,True,1.0,300,True,6.682687660229473,3.3413438301147367,2026-06-03,bm_eligible
NQR,Quick Reserve,downward,2026-06-03 20:30:00+00:00,2026-06-03T21:00:00+00:00,0.5,16.0,0.0111831459417537,1.0,False,0.1487169892440871,0.0,0.075197500962039,0.0,0.0,0.4176679787643421,standalone_parent:product_margin_quantity,1125,True,1.0,301,True,6.682687660229473,3.3413438301147367,2026-06-03,bm_eligible
PBR,Balancing Reserve,upward,2026-06-03 21:00:00+00:00,2026-06-03T21:30:00+00:00,0.5,16.0,2.261500428188077,0.5,True,4.551093186467064,2.48,0.4969136722826897,0.0,0.0,0.6607848333906396,standalone_parent:product_margin_quantity,4850,True,2.19,400,True,10.572557334250234,11.576950281004006,2026-06-03,bm_eligible
PQR,Quick Reserve,upward,2026-06-03 21:30:00+00:00,2026-06-03T22:00:00+00:00,0.5,16.0,2.134534294313103,1.0,False,9.889160230020806,9.94,0.2158458599784071,0.0,0.0,0.5867704553048403,standalone_parent:product_margin_quantity,2702,True,5.0,498,True,9.388327284877445,23.470818212193613,2026-06-03,bm_eligible
PQR,Quick Reserve,upward,2026-06-03 22:00:00+00:00,2026-06-03T22:30:00+00:00,0.5,25.0,1.1428110941518412,1.0,False,5.294570367326788,3.19,0.2158458599784071,0.0,0.0,0.3975102911913369,standalone_parent:product_margin_quantity,2845,True,9.38,499,True,9.937757279783424,46.60808164218425,2026-06-03,bm_eligible
PSR,Slow Reserve,upward,2026-06-03 22:30:00+00:00,2026-06-03T23:00:00+00:00,0.5,25.0,0.5516174649288766,1.0,False,1.0421607451365693,0.01,0.5293017104156905,0.0,0.0,0.5692044000882438,standalone_parent:product_margin_quantity,12651,True,1.42,1808,True,14.230110002206096,10.103378101566326,2026-06-03,bm_eligible
NQR,Quick Reserve,downward,2026-06-03 23:00:00+00:00,2026-06-03T23:30:00+00:00,0.5,25.0,0.0173809335324377,1.0,False,0.2311371163944922,0.0,0.075197500962039,0.0,0.0,0.4176679787643421,standalone_parent:product_margin_quantity,1125,True,0.0,323,True,10.441699469108553,0.0,2026-06-04,non_bm
NQR,Quick Reserve,downward,2026-06-03 23:30:00+00:00,2026-06-04T00:00:00+00:00,0.5,25.0,0.0109990278203665,1.0,False,0.146268528603351,0.0,0.075197500962039,0.0,0.0,0.4176679787643421,standalone_parent:product_margin_quantity,1125,True,0.0,313,True,10.441699469108553,0.0,2026-06-04,non_bm
NQR,Quick Reserve,downward,2026-06-04 00:00:00+00:00,2026-06-04T00:30:00+00:00,0.5,14.0,0.0230058925157624,1.0,False,0.3059395887022386,0.4,0.075197500962039,0.0,0.0,0.4176679787643421,standalone_parent:product_margin_quantity,1125,True,0.17,300,True,5.847351702700789,0.497024894729567,2026-06-04,non_bm
PSR,Slow Reserve,upward,2026-06-04 00:00:00+00:00,2026-06-04T00:30:00+00:00,0.5,11.0,0.2237477364205659,1.0,False,0.4227224889276179,1.0,0.5293017104156905,0.0,0.0,0.6075311292880494,standalone_parent:product_margin_quantity,37297,True,0.66,1806,True,6.682842422168544,2.20533799931562,2026-06-04,non_bm
NQR,Quick Reserve,downward,2026-06-04 00:30:00+00:00,2026-06-04T01:00:00+00:00,0.5,1.0,0.0302801627541073,1.0,False,0.4026751204058401,1.0,0.075197500962039,0.0,0.0,0.3644551714175054,standalone_parent:product_margin,767,True,1.0,300,True,0.3644551714175054,0.1822275857087527,2026-06-04,non_bm
PSR,Slow Reserve,upward,2026-06-04 00:30:00+00:00,2026-06-04T01:00:00+00:00,0.5,24.0,0.1045791393063051,1.0,False,0.1975794471251062,1.0,0.5293017104156905,0.0,0.0,0.6075311292880494,standalone_parent:product_margin_quantity,37297,True,0.66,1806,True,14.580747102913186,4.811646543961352,2026-06-04,non_bm
PSR,Slow Reserve,upward,2026-06-04 01:00:00+00:00,2026-06-04T01:30:00+00:00,0.5,25.0,0.1008275673860154,1.0,False,0.1904916711998339,1.0,0.5293017104156905,0.0,0.0,0.6075311292880494,standalone_parent:product_margin_quantity,37297,True,0.66,1806,True,15.188278232201236,5.012131816626408,2026-06-04,non_bm
PSR,Slow Reserve,upward,2026-06-04 01:30:00+00:00,2026-06-04T02:00:00+00:00,0.5,25.0,0.1051302623456303,1.0,False,0.1986206737610306,1.0,0.5293017104156905,0.0,0.0,0.6075311292880494,standalone_parent:product_margin_quantity,37297,True,1.51,1800,True,15.188278232201236,11.467150065311932,2026-06-04,non_bm
DRL,Dynamic Regulation,upward,2026-06-04 02:00:00+00:00,2026-06-04T06:00:00+00:00,4.0,25.0,4.894590439540466,1.0,False,14.204181098687648,1.45,0.3445880058508045,15.763030892714596,0.1576303089271459,0.3445880058508045,standalone_parent:product,8204,True,9.78,480,True,8.614700146270113,337.00706972208684,2026-06-04,non_bm
DRL,Dynamic Regulation,upward,2026-06-04 06:00:00+00:00,2026-06-04T10:00:00+00:00,4.0,25.0,5.231127262500065,1.0,False,15.180816434931211,17.3,0.3445880058508045,70.69040878389569,0.7069040878389569,0.4853407307322814,standalone_parent:product_margin_quantity,1401,True,11.52,480,True,12.133518268307036,559.1125218035882,2026-06-04,non_bm
DRL,Dynamic Regulation,upward,2026-06-04 10:00:00+00:00,2026-06-04T14:00:00+00:00,4.0,25.0,4.96083598470679,1.0,False,14.39642674868571,15.16,0.3445880058508045,3.183231456205249e-12,3.183231456205249e-14,0.4853407307322814,standalone_parent:product_margin_quantity,1401,True,6.33,480,True,12.133518268307036,307.2206825535342,2026-06-04,non_bm
DRL,Dynamic Regulation,upward,2026-06-04 14:00:00+00:00,2026-06-04T18:00:00+00:00,4.0,25.0,5.229790501928015,1.0,False,15.1769371339998,10.56,0.3445880058508045,0.0,0.0,0.4853407307322814,standalone_parent:product_margin_quantity,1401,True,12.78,480,True,12.133518268307036,620.2654538758557,2026-06-04,non_bm
DRL,Dynamic Regulation,upward,2026-06-04 18:00:00+00:00,2026-06-04T22:00:00+00:00,4.0,9.0,6.310505122236475,1.0,False,18.313188547162376,19.4,0.3445880058508045,113.36345940083628,3.148984983356564,0.3391947295530913,standalone_parent:product_margin_quantity,1354,True,28.28,480,True,3.052752565977822,345.32737026341124,2026-06-04,non_bm
NQR,Quick Reserve,downward,2026-06-04 18:00:00+00:00,2026-06-04T18:30:00+00:00,0.5,16.0,0.0827943861965139,1.0,False,1.1010257673098722,1.04,0.075197500962039,0.0,0.0,0.3777883907815773,standalone_parent:product_margin_quantity,357,True,0.96,300,True,6.044614252505236,2.9014148412025134,2026-06-04,non_bm
NQR,Quick Reserve,downward,2026-06-04 18:30:00+00:00,2026-06-04T19:00:00+00:00,0.5,16.0,0.0405002833470928,1.0,False,0.5385854959134615,0.0,0.075197500962039,0.0,0.0,0.4176679787643421,standalone_parent:product_margin_quantity,1125,True,0.0,300,True,6.682687660229473,0.0,2026-06-04,non_bm
NQR,Quick Reserve,downward,2026-06-04 19:00:00+00:00,2026-06-04T19:30:00+00:00,0.5,16.0,0.0331507323157548,1.0,False,0.4408488565662556,0.0,0.075197500962039,0.0,0.0,0.4176679787643421,standalone_parent:product_margin_quantity,1125,True,0.0,305,True,6.682687660229473,0.0,2026-06-04,non_bm
NQR,Quick Reserve,downward,2026-06-04 19:30:00+00:00,2026-06-04T20:00:00+00:00,0.5,16.0,0.0227668020810249,1.0,False,0.3027600889625044,0.0,0.075197500962039,0.0,0.0,0.4176679787643421,standalone_parent:product_margin_quantity,1125,True,0.0,300,True,6.682687660229473,0.0,2026-06-04,non_bm
NQR,Quick Reserve,downward,2026-06-04 20:00:00+00:00,2026-06-04T20:30:00+00:00,0.5,16.0,0.0310401944733413,1.0,False,0.4127822610622522,1.0,0.075197500962039,0.0,0.0,0.3777883907815773,standalone_parent:product_margin_quantity,357,True,0.0,310,True,6.044614252505236,0.0,2026-06-04,non_bm
NQR,Quick Reserve,downward,2026-06-04 20:30:00+00:00,2026-06-04T21:00:00+00:00,0.5,16.0,0.010751660984931,1.0,False,0.1429789666861226,1.0,0.075197500962039,0.0,0.0,0.3777883907815773,standalone_parent:product_margin_quantity,357,True,0.0,300,True,6.044614252505236,0.0,2026-06-04,non_bm
NQR,Quick Reserve,downward,2026-06-04 21:00:00+00:00,2026-06-04T21:30:00+00:00,0.5,3.0,0.0183807724496252,1.0,False,0.2444332885331412,1.0,0.075197500962039,0.0,0.0,0.3644551714175054,standalone_parent:product_margin,767,True,0.0,300,True,1.0933655142525165,0.0,2026-06-04,non_bm
PQR,Quick Reserve,upward,2026-06-04 21:00:00+00:00,2026-06-04T21:30:00+00:00,0.5,13.0,1.2056563004734788,1.0,False,5.585728170065856,4.75,0.2158458599784071,0.0,0.0,0.3975102911913369,standalone_parent:product_margin_quantity,2845,True,1.5,500,True,5.16763378548738,3.875725339115535,2026-06-04,non_bm
PQR,Quick Reserve,upward,2026-06-04 21:30:00+00:00,2026-06-04T22:00:00+00:00,0.5,16.0,1.8558562662847808,1.0,False,8.598062832756847,5.0,0.2158458599784071,0.0,0.0,0.5867704553048403,standalone_parent:product_margin_quantity,2702,True,12.31,500,True,9.388327284877445,57.78515443842068,2026-06-04,non_bm
PQR,Quick Reserve,upward,2026-06-04 22:00:00+00:00,2026-06-04T22:30:00+00:00,0.5,25.0,1.3008353453649666,1.0,False,6.026686569272629,9.38,0.2158458599784071,0.0,0.0,0.5867704553048403,standalone_parent:product_margin_quantity,2702,True,4.41,500,True,14.669261382621007,32.34572134867932,2026-06-04,non_bm
PSR,Slow Reserve,upward,2026-06-04 22:30:00+00:00,2026-06-04T23:00:00+00:00,0.5,25.0,0.5251342084679764,1.0,False,0.9921264151131476,1.42,0.5293017104156905,0.0,0.0,0.6075311292880494,standalone_parent:product_margin_quantity,37297,True,2.16,1801,True,15.188278232201236,16.403340490777335,2026-06-04,non_bm
NQR,Quick Reserve,downward,2026-06-03 23:00:00+00:00,2026-06-03T23:30:00+00:00,0.5,25.0,0.0173809335324377,1.0,False,0.2311371163944922,0.0,0.075197500962039,0.0,0.0,0.4176679787643421,standalone_parent:product_margin_quantity,1125,True,0.0,323,True,10.441699469108553,0.0,2026-06-04,bm_eligible
NQR,Quick Reserve,downward,2026-06-03 23:30:00+00:00,2026-06-04T00:00:00+00:00,0.5,25.0,0.0109990278203665,1.0,False,0.146268528603351,0.0,0.075197500962039,0.0,0.0,0.4176679787643421,standalone_parent:product_margin_quantity,1125,True,0.0,313,True,10.441699469108553,0.0,2026-06-04,bm_eligible
NQR,Quick Reserve,downward,2026-06-04 00:00:00+00:00,2026-06-04T00:30:00+00:00,0.5,2.0,0.0230058925157624,1.0,False,0.3059395887022386,0.4,0.075197500962039,0.0,0.0,0.3675690281255747,standalone_parent:product_margin,2085,True,0.17,300,True,0.7351380562511494,0.0624867347813477,2026-06-04,bm_eligible
PSR,Slow Reserve,upward,2026-06-04 00:00:00+00:00,2026-06-04T00:30:00+00:00,0.5,23.0,0.2237477364205659,1.0,False,0.4227224889276179,1.0,0.5293017104156905,0.0,0.0,0.6075311292880494,standalone_parent:product_margin_quantity,37297,True,0.66,1806,True,13.973215973625138,4.611161271296296,2026-06-04,bm_eligible
NQR,Quick Reserve,downward,2026-06-04 00:30:00+00:00,2026-06-04T01:00:00+00:00,0.5,1.0,0.0302801627541073,1.0,False,0.4026751204058401,1.0,0.075197500962039,0.0,0.0,0.3644551714175054,standalone_parent:product_margin,767,True,1.0,300,True,0.3644551714175054,0.1822275857087527,2026-06-04,bm_eligible
PSR,Slow Reserve,upward,2026-06-04 00:30:00+00:00,2026-06-04T01:00:00+00:00,0.5,24.0,0.1045791393063051,1.0,False,0.1975794471251062,1.0,0.5293017104156905,0.0,0.0,0.6075311292880494,standalone_parent:product_margin_quantity,37297,True,0.66,1806,True,14.580747102913186,4.811646543961352,2026-06-04,bm_eligible
PSR,Slow Reserve,upward,2026-06-04 01:00:00+00:00,2026-06-04T01:30:00+00:00,0.5,25.0,0.1008275673860154,1.0,False,0.1904916711998339,1.0,0.5293017104156905,0.0,0.0,0.6075311292880494,standalone_parent:product_margin_quantity,37297,True,0.66,1806,True,15.188278232201236,5.012131816626408,2026-06-04,bm_eligible
PSR,Slow Reserve,upward,2026-06-04 01:30:00+00:00,2026-06-04T02:00:00+00:00,0.5,25.0,0.1051302623456303,1.0,False,0.1986206737610306,1.0,0.5293017104156905,0.0,0.0,0.6075311292880494,standalone_parent:product_margin_quantity,37297,True,1.51,1800,True,15.188278232201236,11.467150065311932,2026-06-04,bm_eligible
DRL,Dynamic Regulation,upward,2026-06-04 02:00:00+00:00,2026-06-04T06:00:00+00:00,4.0,25.0,4.894590439540466,1.0,False,14.204181098687648,1.45,0.3445880058508045,15.763030892714596,0.1576303089271459,0.3445880058508045,standalone_parent:product,8204,True,9.78,480,True,8.614700146270113,337.00706972208684,2026-06-04,bm_eligible
DRL,Dynamic Regulation,upward,2026-06-04 06:00:00+00:00,2026-06-04T10:00:00+00:00,4.0,22.0,5.231127262500065,1.0,False,15.180816434931211,17.3,0.3445880058508045,54.60597931886059,0.6205224922597794,0.4853407307322814,standalone_parent:product_margin_quantity,1401,True,11.52,480,True,10.677496076110192,492.0190191871576,2026-06-04,bm_eligible
NBR,Balancing Reserve,downward,2026-06-04 06:00:00+00:00,2026-06-04T06:30:00+00:00,0.5,3.0,0.0034318559352699,0.5,True,0.0110397849627931,0.0,0.3108625708595066,0.0,0.0,0.3452700803691644,nonlooped_parent:product_margin_quantity,554,True,0.0,0,True,0.0,0.0,2026-06-04,bm_eligible
NBR,Balancing Reserve,downward,2026-06-04 06:30:00+00:00,2026-06-04T07:00:00+00:00,0.5,3.0,0.0034640722468752,0.5,True,0.0111434201849951,0.0,0.3108625708595066,0.0,0.0,0.3452700803691644,nonlooped_parent:product_margin_quantity,554,True,0.0,0,True,0.0,0.0,2026-06-04,bm_eligible
NBR,Balancing Reserve,downward,2026-06-04 07:00:00+00:00,2026-06-04T07:30:00+00:00,0.5,3.0,0.0060180202386334,0.5,True,0.019359102068783,0.0,0.3108625708595066,0.0,0.0,0.3452700803691644,nonlooped_parent:product_margin_quantity,554,True,0.0,0,True,0.0,0.0,2026-06-04,bm_eligible
NBR,Balancing Reserve,downward,2026-06-04 07:30:00+00:00,2026-06-04T08:00:00+00:00,0.5,3.0,0.0072506547338467,0.5,True,0.0233243092399299,0.0,0.3108625708595066,0.0,0.0,0.3452700803691644,nonlooped_parent:product_margin_quantity,554,True,0.0,0,True,0.0,0.0,2026-06-04,bm_eligible
PBR,Balancing Reserve,upward,2026-06-04 08:00:00+00:00,2026-06-04T08:30:00+00:00,0.5,3.0,1.598922598329029,0.5,True,3.217706993216754,0.75,0.4969136722826897,0.0,0.0,0.5313309356442305,standalone_parent:product_margin_quantity,360,True,2.42,591,True,1.5939928069326914,1.9287312963885568,2026-06-04,bm_eligible
PBR,Balancing Reserve,upward,2026-06-04 08:30:00+00:00,2026-06-04T09:00:00+00:00,0.5,3.0,2.0464359069782305,0.5,True,4.118292615249337,5.38,0.4969136722826897,0.0,0.0,0.4392284180706724,standalone_parent:product_margin_quantity,150,True,2.66,595,True,1.3176852542120172,1.752521388101983,2026-06-04,bm_eligible
PBR,Balancing Reserve,upward,2026-06-04 09:00:00+00:00,2026-06-04T09:30:00+00:00,0.5,3.0,2.092022933831969,0.5,True,4.210032950435375,7.07,0.4969136722826897,0.0,0.0,0.4392284180706724,standalone_parent:product_margin_quantity,150,True,2.42,591,True,1.3176852542120172,1.5943991575965408,2026-06-04,bm_eligible
PBR,Balancing Reserve,upward,2026-06-04 09:30:00+00:00,2026-06-04T10:00:00+00:00,0.5,3.0,2.175342036402587,0.5,True,4.377706144428753,7.07,0.4969136722826897,0.0,0.0,0.4392284180706724,standalone_parent:product_margin_quantity,150,True,2.42,591,True,1.3176852542120172,1.5943991575965408,2026-06-04,bm_eligible
DRL,Dynamic Regulation,upward,2026-06-04 10:00:00+00:00,2026-06-04T14:00:00+00:00,4.0,25.0,4.96083598470679,1.0,False,14.39642674868571,15.16,0.3445880058508045,3.183231456205249e-12,3.183231456205249e-14,0.4853407307322814,standalone_parent:product_margin_quantity,1401,True,6.33,480,True,12.133518268307036,307.2206825535342,2026-06-04,bm_eligible
DRL,Dynamic Regulation,upward,2026-06-04 14:00:00+00:00,2026-06-04T18:00:00+00:00,4.0,25.0,5.229790501928015,1.0,False,15.1769371339998,10.56,0.3445880058508045,0.0,0.0,0.4853407307322814,standalone_parent:product_margin_quantity,1401,True,12.78,480,True,12.133518268307036,620.2654538758557,2026-06-04,bm_eligible
DRL,Dynamic Regulation,upward,2026-06-04 18:00:00+00:00,2026-06-04T22:00:00+00:00,4.0,8.0,6.310505122236475,1.0,False,18.313188547162376,19.4,0.3445880058508045,99.82866121553523,3.1196456629854765,0.3391947295530913,standalone_parent:product_margin_quantity,1354,True,28.28,480,True,2.7135578364247306,306.95766245636554,2026-06-04,bm_eligible
NQR,Quick Reserve,downward,2026-06-04 18:00:00+00:00,2026-06-04T18:30:00+00:00,0.5,17.0,0.0827943861965139,1.0,False,1.1010257673098722,1.04,0.075197500962039,0.0,0.0,0.3777883907815773,standalone_parent:product_margin_quantity,357,True,0.96,300,True,6.422402643286814,3.08275326877767,2026-06-04,bm_eligible
NQR,Quick Reserve,downward,2026-06-04 18:30:00+00:00,2026-06-04T19:00:00+00:00,0.5,17.0,0.0405002833470928,1.0,False,0.5385854959134615,0.0,0.075197500962039,0.0,0.0,0.4176679787643421,standalone_parent:product_margin_quantity,1125,True,0.0,300,True,7.100355638993816,0.0,2026-06-04,bm_eligible
NQR,Quick Reserve,downward,2026-06-04 19:00:00+00:00,2026-06-04T19:30:00+00:00,0.5,17.0,0.0331507323157548,1.0,False,0.4408488565662556,0.0,0.075197500962039,0.0,0.0,0.4176679787643421,standalone_parent:product_margin_quantity,1125,True,0.0,305,True,7.100355638993816,0.0,2026-06-04,bm_eligible
NQR,Quick Reserve,downward,2026-06-04 19:30:00+00:00,2026-06-04T20:00:00+00:00,0.5,17.0,0.0227668020810249,1.0,False,0.3027600889625044,0.0,0.075197500962039,0.0,0.0,0.4176679787643421,standalone_parent:product_margin_quantity,1125,True,0.0,300,True,7.100355638993816,0.0,2026-06-04,bm_eligible
NQR,Quick Reserve,downward,2026-06-04 20:00:00+00:00,2026-06-04T20:30:00+00:00,0.5,17.0,0.0310401944733413,1.0,False,0.4127822610622522,1.0,0.075197500962039,0.0,0.0,0.3777883907815773,standalone_parent:product_margin_quantity,357,True,0.0,310,True,6.422402643286814,0.0,2026-06-04,bm_eligible
NQR,Quick Reserve,downward,2026-06-04 20:30:00+00:00,2026-06-04T21:00:00+00:00,0.5,17.0,0.010751660984931,1.0,False,0.1429789666861226,1.0,0.075197500962039,0.0,0.0,0.3777883907815773,standalone_parent:product_margin_quantity,357,True,0.0,300,True,6.422402643286814,0.0,2026-06-04,bm_eligible
PBR,Balancing Reserve,upward,2026-06-04 21:00:00+00:00,2026-06-04T21:30:00+00:00,0.5,17.0,1.91376690002391,0.5,True,3.851306588592284,2.19,0.4969136722826897,0.0,0.0,0.6607848333906396,standalone_parent:product_margin_quantity,4850,True,0.75,400,True,11.233342167640874,4.212503312865328,2026-06-04,bm_eligible
PQR,Quick Reserve,upward,2026-06-04 21:30:00+00:00,2026-06-04T22:00:00+00:00,0.5,17.0,1.8558562662847808,1.0,False,8.598062832756847,5.0,0.2158458599784071,0.0,0.0,0.5867704553048403,standalone_parent:product_margin_quantity,2702,True,12.31,500,True,9.975097740182283,61.39672659082197,2026-06-04,bm_eligible
PQR,Quick Reserve,upward,2026-06-04 22:00:00+00:00,2026-06-04T22:30:00+00:00,0.5,25.0,1.3008353453649666,1.0,False,6.026686569272629,9.38,0.2158458599784071,0.0,0.0,0.5867704553048403,standalone_parent:product_margin_quantity,2702,True,4.41,500,True,14.669261382621007,32.34572134867932,2026-06-04,bm_eligible
PSR,Slow Reserve,upward,2026-06-04 22:30:00+00:00,2026-06-04T23:00:00+00:00,0.5,25.0,0.5251342084679764,1.0,False,0.9921264151131476,1.42,0.5293017104156905,0.0,0.0,0.6075311292880494,standalone_parent:product_margin_quantity,37297,True,2.16,1801,True,15.188278232201236,16.403340490777335,2026-06-04,bm_eligible
NSR,Slow Reserve,downward,2026-06-04 23:00:00+00:00,2026-06-04T23:30:00+00:00,0.5,25.0,0.0004713584724656,1.0,False,0.0618152968176443,0.0,0.0076252723311546,0.0,0.0,0.0076252723311546,standalone_parent:product,7344,True,0.0,0,True,0.0,0.0,2026-06-05,non_bm
NSR,Slow Reserve,downward,2026-06-04 23:30:00+00:00,2026-06-05T00:00:00+00:00,0.5,25.0,0.0004470965074943,1.0,False,0.0586335134113984,0.0,0.0076252723311546,0.0,0.0,0.0076252723311546,standalone_parent:product,7344,True,0.0,0,True,0.0,0.0,2026-06-05,non_bm
PSR,Slow Reserve,upward,2026-06-05 00:00:00+00:00,2026-06-05T00:30:00+00:00,0.5,25.0,0.0325613032694048,1.0,False,0.0615174722254962,0.66,0.5293017104156905,0.0,0.0,0.6504406029713924,standalone_parent:product_margin_quantity,16212,True,1.33,1798,True,16.26101507428481,10.8135750243994,2026-06-05,non_bm
NQR,Quick Reserve,downward,2026-06-05 00:30:00+00:00,2026-06-05T01:00:00+00:00,0.5,25.0,0.0125726926197132,1.0,False,0.1671956176583597,1.0,0.075197500962039,0.0,0.0,0.3777883907815773,standalone_parent:product_margin_quantity,357,True,3.92,300,True,9.444709769539433,18.511631148297287,2026-06-05,non_bm
NQR,Quick Reserve,downward,2026-06-05 01:00:00+00:00,2026-06-05T01:30:00+00:00,0.5,25.0,0.0146823810910425,1.0,False,0.1952509179587563,1.0,0.075197500962039,0.0,0.0,0.3777883907815773,standalone_parent:product_margin_quantity,357,True,0.0,297,True,9.444709769539433,0.0,2026-06-05,non_bm
NQR,Quick Reserve,downward,2026-06-05 01:30:00+00:00,2026-06-05T02:00:00+00:00,0.5,25.0,0.0410454857070715,1.0,False,0.5458357682363935,0.13,0.075197500962039,0.0,0.0,0.4176679787643421,standalone_parent:product_margin_quantity,1125,True,6.97,279,True,10.441699469108553,36.38932264984331,2026-06-05,non_bm
DRL,Dynamic Regulation,upward,2026-06-05 02:00:00+00:00,2026-06-05T06:00:00+00:00,4.0,25.0,4.119223293724185,1.0,False,11.954053025013518,9.78,0.3445880058508045,27.15275728906363,0.2715275728906363,0.4349625459864367,standalone_parent:product_margin_quantity,500,True,10.65,483,True,10.874063649660918,463.23511147555513,2026-06-05,non_bm
DCH,Dynamic Containment,downward,2026-06-05 06:00:00+00:00,2026-06-05T10:00:00+00:00,4.0,5.0,0.4076993542562963,0.25,False,0.8788186080635719,2.38,0.4639175257731959,0.0,0.0,0.6445251014175118,nonlooped_parent:product_margin_quantity,299,True,1.43,1184,True,3.22262550708756,18.43341790054084,2026-06-05,non_bm
DRL,Dynamic Regulation,upward,2026-06-05 06:00:00+00:00,2026-06-05T10:00:00+00:00,4.0,20.0,4.502745876823823,1.0,False,13.067041801720071,11.52,0.3445880058508045,129.46907510652636,1.6183634388315795,0.4349625459864367,standalone_parent:product_margin_quantity,500,True,13.15,480,True,8.699250919728735,457.58059837773146,2026-06-05,non_bm
DRL,Dynamic Regulation,upward,2026-06-05 10:00:00+00:00,2026-06-05T14:00:00+00:00,4.0,25.0,3.984713173234252,1.0,False,11.563702466647966,6.33,0.3445880058508045,0.0,0.0,0.4349625459864367,standalone_parent:product_margin_quantity,500,True,13.64,480,True,10.874063649660918,593.2889127254997,2026-06-05,non_bm
DRL,Dynamic Regulation,upward,2026-06-05 14:00:00+00:00,2026-06-05T18:00:00+00:00,4.0,25.0,5.031471034166429,1.0,False,14.60141081156752,12.78,0.3445880058508045,0.0,0.0,0.4853407307322814,standalone_parent:product_margin_quantity,1401,True,15.29,480,True,12.133518268307036,742.0859772896582,2026-06-05,non_bm
DRL,Dynamic Regulation,upward,2026-06-05 18:00:00+00:00,2026-06-05T22:00:00+00:00,4.0,6.0,6.841259632974424,1.0,False,19.85344677358407,28.28,0.3445880058508045,88.7529094936258,3.6980378955677415,0.3391947295530913,standalone_parent:product_margin_quantity,1354,True,25.36,480,True,2.035168377318548,206.44748019519352,2026-06-05,non_bm
NQR,Quick Reserve,downward,2026-06-05 18:00:00+00:00,2026-06-05T18:30:00+00:00,0.5,19.0,0.0678544133497584,1.0,False,0.902349313230668,0.96,0.075197500962039,0.0,0.0,0.4953096362482532,standalone_parent:product_margin_quantity,321,True,1.56,300,True,9.410883088716812,7.340488809199114,2026-06-05,non_bm
NQR,Quick Reserve,downward,2026-06-05 18:30:00+00:00,2026-06-05T19:00:00+00:00,0.5,19.0,0.0194556599769212,1.0,False,0.2587274806744282,0.0,0.075197500962039,0.0,0.0,0.4176679787643421,standalone_parent:product_margin_quantity,1125,True,0.0,303,True,7.935691596522499,0.0,2026-06-05,non_bm
NQR,Quick Reserve,downward,2026-06-05 19:00:00+00:00,2026-06-05T19:30:00+00:00,0.5,19.0,0.0105907024129502,1.0,False,0.1408384890117104,0.0,0.075197500962039,0.0,0.0,0.4176679787643421,standalone_parent:product_margin_quantity,1125,True,0.0,350,True,7.935691596522499,0.0,2026-06-05,non_bm
NSR,Slow Reserve,downward,2026-06-05 19:30:00+00:00,2026-06-05T20:00:00+00:00,0.5,19.0,0.0009703779816038,1.0,False,0.1272581410160465,0.0,0.0076252723311546,0.0,0.0,0.0076252723311546,standalone_parent:product,7344,True,0.0,0,True,0.0,0.0,2026-06-05,non_bm
NQR,Quick Reserve,downward,2026-06-05 20:00:00+00:00,2026-06-05T20:30:00+00:00,0.5,19.0,0.0063987383063359,1.0,False,0.0850924329196279,0.0,0.075197500962039,0.0,0.0,0.4176679787643421,standalone_parent:product_margin_quantity,1125,True,0.0,350,True,7.935691596522499,0.0,2026-06-05,non_bm
NSR,Slow Reserve,downward,2026-06-05 20:30:00+00:00,2026-06-05T21:00:00+00:00,0.5,19.0,0.0007800618185399,1.0,False,0.1022995356313865,0.0,0.0076252723311546,0.0,0.0,0.0076252723311546,standalone_parent:product,7344,True,0.0,0,True,0.0,0.0,2026-06-05,non_bm
NSR,Slow Reserve,downward,2026-06-05 21:00:00+00:00,2026-06-05T21:30:00+00:00,0.5,19.0,0.0006965518217687,1.0,False,0.0913477960548226,0.0,0.0076252723311546,0.0,0.0,0.0076252723311546,standalone_parent:product,7344,True,0.0,0,True,0.0,0.0,2026-06-05,non_bm
PQR,Quick Reserve,upward,2026-06-05 21:30:00+00:00,2026-06-05T22:00:00+00:00,0.5,19.0,2.023600777045825,1.0,False,9.375212372608228,12.31,0.2158458599784071,0.0,0.0,0.6029783081641092,standalone_parent:product_margin_quantity,1089,True,15.19,438,True,11.456587855118077,87.01278475962178,2026-06-05,non_bm
PQR,Quick Reserve,upward,2026-06-05 22:00:00+00:00,2026-06-05T22:30:00+00:00,0.5,25.0,1.09150390942087,1.0,False,5.056867477236128,4.41,0.2158458599784071,0.0,0.0,0.3975102911913369,standalone_parent:product_margin_quantity,2845,True,12.79,456,True,9.937757279783424,63.551957804214986,2026-06-05,non_bm
PSR,Slow Reserve,upward,2026-06-05 22:30:00+00:00,2026-06-05T23:00:00+00:00,0.5,25.0,0.4031280722191831,1.0,False,0.7616224627397933,2.16,0.5293017104156905,0.0,0.0,0.5538507229858161,standalone_parent:product_margin_quantity,81536,True,1.63,1800,True,13.8462680746454,11.284708480836,2026-06-05,non_bm
NBR,Balancing Reserve,downward,2026-06-04 23:00:00+00:00,2026-06-04T23:30:00+00:00,0.5,25.0,0.0035456858683759,0.5,True,0.0114059594198571,0.0,0.3108625708595066,0.0,0.0,0.3452700803691644,nonlooped_parent:product_margin,554,True,0.0,4,True,1.3810803214766578,0.0,2026-06-05,bm_eligible
NBR,Balancing Reserve,downward,2026-06-04 23:30:00+00:00,2026-06-05T00:00:00+00:00,0.5,22.0,0.0045584646155285,0.5,True,0.0146639223980062,0.0,0.3108625708595066,0.0,0.0,0.3452700803691644,nonlooped_parent:product_margin,554,True,0.0,0,True,0.0,0.0,2026-06-05,bm_eligible
PSR,Slow Reserve,upward,2026-06-04 23:30:00+00:00,2026-06-05T00:00:00+00:00,0.5,3.0,0.3046714677063671,1.0,False,0.5756102081496985,1.42,0.5293017104156905,0.0,0.0,0.7610122968239139,standalone_parent:product_margin_quantity,1990,True,0.02,1802,True,2.2830368904717417,0.0228303689047174,2026-06-05,bm_eligible
PSR,Slow Reserve,upward,2026-06-05 00:00:00+00:00,2026-06-05T00:30:00+00:00,0.5,25.0,0.0325613032694048,1.0,False,0.0615174722254962,0.66,0.5293017104156905,0.0,0.0,0.6504406029713924,standalone_parent:product_margin_quantity,16212,True,1.33,1798,True,16.26101507428481,10.8135750243994,2026-06-05,bm_eligible
NQR,Quick Reserve,downward,2026-06-05 00:30:00+00:00,2026-06-05T01:00:00+00:00,0.5,25.0,0.0125726926197132,1.0,False,0.1671956176583597,1.0,0.075197500962039,0.0,0.0,0.3777883907815773,standalone_parent:product_margin_quantity,357,True,3.92,300,True,9.444709769539433,18.511631148297287,2026-06-05,bm_eligible
NQR,Quick Reserve,downward,2026-06-05 01:00:00+00:00,2026-06-05T01:30:00+00:00,0.5,25.0,0.0146823810910425,1.0,False,0.1952509179587563,1.0,0.075197500962039,0.0,0.0,0.3777883907815773,standalone_parent:product_margin_quantity,357,True,0.0,297,True,9.444709769539433,0.0,2026-06-05,bm_eligible
NQR,Quick Reserve,downward,2026-06-05 01:30:00+00:00,2026-06-05T02:00:00+00:00,0.5,25.0,0.0410454857070715,1.0,False,0.5458357682363935,0.13,0.075197500962039,0.0,0.0,0.4176679787643421,standalone_parent:product_margin_quantity,1125,True,6.97,279,True,10.441699469108553,36.38932264984331,2026-06-05,bm_eligible
DRL,Dynamic Regulation,upward,2026-06-05 02:00:00+00:00,2026-06-05T06:00:00+00:00,4.0,25.0,4.119223293724185,1.0,False,11.954053025013518,9.78,0.3445880058508045,27.15275728906363,0.2715275728906363,0.4349625459864367,standalone_parent:product_margin_quantity,500,True,10.65,483,True,10.874063649660918,463.23511147555513,2026-06-05,bm_eligible
DRL,Dynamic Regulation,upward,2026-06-05 06:00:00+00:00,2026-06-05T10:00:00+00:00,4.0,18.0,4.502745876823823,1.0,False,13.067041801720071,11.52,0.3445880058508045,110.09266894848132,1.5290648465066852,0.4349625459864367,standalone_parent:product_margin_quantity,500,True,13.15,480,True,7.829325827755861,411.8225385399583,2026-06-05,bm_eligible
NBR,Balancing Reserve,downward,2026-06-05 06:00:00+00:00,2026-06-05T06:30:00+00:00,0.5,7.0,0.0158590390585871,0.5,True,0.0510162385093141,0.0,0.3108625708595066,0.0,0.0,0.3452700803691644,nonlooped_parent:product_margin,554,True,0.0,0,True,0.0,0.0,2026-06-05,bm_eligible
NBR,Balancing Reserve,downward,2026-06-05 06:30:00+00:00,2026-06-05T07:00:00+00:00,0.5,7.0,0.0159102776633221,0.5,True,0.0511810657015788,0.0,0.3108625708595066,0.0,0.0,0.3452700803691644,nonlooped_parent:product_margin,554,True,0.0,0,True,0.0,0.0,2026-06-05,bm_eligible
NBR,Balancing Reserve,downward,2026-06-05 07:00:00+00:00,2026-06-05T07:30:00+00:00,0.5,7.0,0.0184462460626765,0.5,True,0.059338909832967,0.0,0.3108625708595066,0.0,0.0,0.3452700803691644,nonlooped_parent:product_margin,554,True,0.0,0,True,0.0,0.0,2026-06-05,bm_eligible
NBR,Balancing Reserve,downward,2026-06-05 07:30:00+00:00,2026-06-05T08:00:00+00:00,0.5,7.0,0.0196816548484399,0.5,True,0.063313041496189,0.0,0.3108625708595066,0.0,0.0,0.3452700803691644,nonlooped_parent:product_margin,554,True,0.0,0,True,0.0,0.0,2026-06-05,bm_eligible
PBR,Balancing Reserve,upward,2026-06-05 08:00:00+00:00,2026-06-05T08:30:00+00:00,0.5,7.0,1.3011215919124632,0.5,True,2.6184056999990672,2.42,0.4969136722826897,0.0,0.0,0.6440764780401227,standalone_parent:product_margin_quantity,1698,True,2.67,600,True,4.508535346280858,6.018894687284946,2026-06-05,bm_eligible
PBR,Balancing Reserve,upward,2026-06-05 08:30:00+00:00,2026-06-05T09:00:00+00:00,0.5,7.0,1.4304592026925906,0.5,True,2.878687551746041,2.66,0.4969136722826897,0.0,0.0,0.6440764780401227,standalone_parent:product_margin_quantity,1698,True,2.67,600,True,4.508535346280858,6.018894687284946,2026-06-05,bm_eligible
PBR,Balancing Reserve,upward,2026-06-05 09:00:00+00:00,2026-06-05T09:30:00+00:00,0.5,7.0,1.4867957498013542,0.5,True,2.9920604578485603,2.42,0.4969136722826897,0.0,0.0,0.6440764780401227,standalone_parent:product_margin_quantity,1698,True,2.67,600,True,4.508535346280858,6.018894687284946,2026-06-05,bm_eligible
PBR,Balancing Reserve,upward,2026-06-05 09:30:00+00:00,2026-06-05T10:00:00+00:00,0.5,7.0,1.5119043683828133,0.5,True,3.042589593958092,2.42,0.4969136722826897,0.0,0.0,0.6440764780401227,standalone_parent:product_margin_quantity,1698,True,2.67,600,True,4.508535346280858,6.018894687284946,2026-06-05,bm_eligible
DRL,Dynamic Regulation,upward,2026-06-05 10:00:00+00:00,2026-06-05T14:00:00+00:00,4.0,25.0,3.984713173234252,1.0,False,11.563702466647966,6.33,0.3445880058508045,0.0,0.0,0.4349625459864367,standalone_parent:product_margin_quantity,500,True,13.64,480,True,10.874063649660918,593.2889127254997,2026-06-05,bm_eligible
DRL,Dynamic Regulation,upward,2026-06-05 14:00:00+00:00,2026-06-05T18:00:00+00:00,4.0,25.0,5.031471034166429,1.0,False,14.60141081156752,12.78,0.3445880058508045,0.0,0.0,0.4853407307322814,standalone_parent:product_margin_quantity,1401,True,15.29,480,True,12.133518268307036,742.0859772896582,2026-06-05,bm_eligible
DRL,Dynamic Regulation,upward,2026-06-05 18:00:00+00:00,2026-06-05T22:00:00+00:00,4.0,6.0,6.841259632974424,1.0,False,19.85344677358407,28.28,0.3445880058508045,88.7529094936258,3.6980378955677415,0.3391947295530913,standalone_parent:product_margin_quantity,1354,True,25.36,480,True,2.035168377318548,206.44748019519352,2026-06-05,bm_eligible
NQR,Quick Reserve,downward,2026-06-05 18:00:00+00:00,2026-06-05T18:30:00+00:00,0.5,19.0,0.0678544133497584,1.0,False,0.902349313230668,0.96,0.075197500962039,0.0,0.0,0.4953096362482532,standalone_parent:product_margin_quantity,321,True,1.56,300,True,9.410883088716812,7.340488809199114,2026-06-05,bm_eligible
NQR,Quick Reserve,downward,2026-06-05 18:30:00+00:00,2026-06-05T19:00:00+00:00,0.5,19.0,0.0194556599769212,1.0,False,0.2587274806744282,0.0,0.075197500962039,0.0,0.0,0.4176679787643421,standalone_parent:product_margin_quantity,1125,True,0.0,303,True,7.935691596522499,0.0,2026-06-05,bm_eligible
NQR,Quick Reserve,downward,2026-06-05 19:00:00+00:00,2026-06-05T19:30:00+00:00,0.5,19.0,0.0105907024129502,1.0,False,0.1408384890117104,0.0,0.075197500962039,0.0,0.0,0.4176679787643421,standalone_parent:product_margin_quantity,1125,True,0.0,350,True,7.935691596522499,0.0,2026-06-05,bm_eligible
NBR,Balancing Reserve,downward,2026-06-05 19:30:00+00:00,2026-06-05T20:00:00+00:00,0.5,19.0,0.005549349637615,0.5,True,0.0178514564242056,0.0,0.3108625708595066,0.0,0.0,0.3452700803691644,nonlooped_parent:product_margin,554,True,0.0,0,True,0.0,0.0,2026-06-05,bm_eligible
NQR,Quick Reserve,downward,2026-06-05 20:00:00+00:00,2026-06-05T20:30:00+00:00,0.5,19.0,0.0063987383063359,1.0,False,0.0850924329196279,0.0,0.075197500962039,0.0,0.0,0.4176679787643421,standalone_parent:product_margin_quantity,1125,True,0.0,350,True,7.935691596522499,0.0,2026-06-05,bm_eligible
NBR,Balancing Reserve,downward,2026-06-05 20:30:00+00:00,2026-06-05T21:00:00+00:00,0.5,19.0,0.0045547048671336,0.5,True,0.0146518278303506,0.0,0.3108625708595066,0.0,0.0,0.3452700803691644,nonlooped_parent:product_margin,554,True,0.0,0,True,0.0,0.0,2026-06-05,bm_eligible
NBR,Balancing Reserve,downward,2026-06-05 21:00:00+00:00,2026-06-05T21:30:00+00:00,0.5,19.0,0.0010705892444117,0.5,True,0.003443930999643,0.0,0.3108625708595066,0.0,0.0,0.3452700803691644,nonlooped_parent:product_margin,554,True,0.0,0,True,0.0,0.0,2026-06-05,bm_eligible
PQR,Quick Reserve,upward,2026-06-05 21:30:00+00:00,2026-06-05T22:00:00+00:00,0.5,19.0,2.023600777045825,1.0,False,9.375212372608228,12.31,0.2158458599784071,0.0,0.0,0.6029783081641092,standalone_parent:product_margin_quantity,1089,True,15.19,438,True,11.456587855118077,87.01278475962178,2026-06-05,bm_eligible
PQR,Quick Reserve,upward,2026-06-05 22:00:00+00:00,2026-06-05T22:30:00+00:00,0.5,25.0,1.09150390942087,1.0,False,5.056867477236128,4.41,0.2158458599784071,0.0,0.0,0.3975102911913369,standalone_parent:product_margin_quantity,2845,True,12.79,456,True,9.937757279783424,63.551957804214986,2026-06-05,bm_eligible
PSR,Slow Reserve,upward,2026-06-05 22:30:00+00:00,2026-06-05T23:00:00+00:00,0.5,25.0,0.4031280722191831,1.0,False,0.7616224627397933,2.16,0.5293017104156905,0.0,0.0,0.5538507229858161,standalone_parent:product_margin_quantity,81536,True,1.63,1800,True,13.8462680746454,11.284708480836,2026-06-05,bm_eligible
NSR,Slow Reserve,downward,2026-06-05 23:00:00+00:00,2026-06-05T23:30:00+00:00,0.5,25.0,0.0006424443251245,1.0,False,0.0842519843520471,0.0,0.0076252723311546,0.0,0.0,0.0076252723311546,standalone_parent:product,7344,True,0.0,0,True,0.0,0.0,2026-06-06,non_bm
PSR,Slow Reserve,upward,2026-06-05 23:30:00+00:00,2026-06-06T00:00:00+00:00,0.5,25.0,0.3001392543405981,1.0,False,0.5670475806792346,0.02,0.5293017104156905,0.0,0.0,0.5692044000882438,standalone_parent:product_margin_quantity,12651,True,1.47,1800,True,14.230110002206096,10.45913085162148,2026-06-06,non_bm
PSR,Slow Reserve,upward,2026-06-06 00:00:00+00:00,2026-06-06T00:30:00+00:00,0.5,25.0,0.0908890232445117,1.0,False,0.1717149622908482,1.33,0.5293017104156905,0.0,0.0,0.6075311292880494,standalone_parent:product_margin_quantity,37297,True,1.23,1805,True,15.188278232201236,9.34079111280376,2026-06-06,non_bm
NQR,Quick Reserve,downward,2026-06-06 00:30:00+00:00,2026-06-06T01:00:00+00:00,0.5,25.0,0.0101831687643929,1.0,False,0.1354189784782015,3.92,0.075197500962039,0.0,0.0,0.317030670202272,standalone_parent:product_margin_quantity,435,True,1.84,300,True,7.925766755056801,7.291705414652258,2026-06-06,non_bm
NSR,Slow Reserve,downward,2026-06-06 01:00:00+00:00,2026-06-06T01:30:00+00:00,0.5,25.0,0.0006293039880395,1.0,False,0.0825287230029055,0.0,0.0076252723311546,0.0,0.0,0.0076252723311546,standalone_parent:product,7344,True,0.0,0,True,0.0,0.0,2026-06-06,non_bm
NQR,Quick Reserve,downward,2026-06-06 01:30:00+00:00,2026-06-06T02:00:00+00:00,0.5,25.0,0.0612481013872202,1.0,False,0.8144965005969985,6.97,0.075197500962039,0.0,0.0,0.4257593538505713,standalone_parent:product_margin_quantity,391,True,0.11,303,True,10.643983846264282,0.5854191115445355,2026-06-06,non_bm
DRL,Dynamic Regulation,upward,2026-06-06 02:00:00+00:00,2026-06-06T06:00:00+00:00,4.0,25.0,4.488509302034539,1.0,False,13.02572703002878,10.65,0.3445880058508045,25.174243789749653,0.2517424378974965,0.4853407307322814,standalone_parent:product_margin_quantity,1401,True,18.37,480,True,12.133518268307036,891.570922355201,2026-06-06,non_bm
DCH,Dynamic Containment,downward,2026-06-06 06:00:00+00:00,2026-06-06T10:00:00+00:00,4.0,10.0,0.3341465774815111,0.25,False,0.7202715114601462,1.43,0.4639175257731959,0.0,0.0,0.5712439525675125,nonlooped_parent:product_margin_quantity,279,True,0.45,1200,True,5.712439525675125,10.282391146215224,2026-06-06,non_bm
DRL,Dynamic Regulation,upward,2026-06-06 06:00:00+00:00,2026-06-06T10:00:00+00:00,4.0,15.0,4.543189511151963,1.0,False,13.184409886625646,13.15,0.3445880058508045,90.82411614389092,1.513735269064849,0.4853407307322814,standalone_parent:product_margin_quantity,1401,True,14.43,480,True,7.280110960984221,420.2080046680092,2026-06-06,non_bm
DRL,Dynamic Regulation,upward,2026-06-06 10:00:00+00:00,2026-06-06T14:00:00+00:00,4.0,25.0,4.460519732020644,1.0,False,12.944500842411518,13.64,0.3445880058508045,0.0,0.0,0.4853407307322814,standalone_parent:product_margin_quantity,1401,True,8.5,480,True,12.133518268307036,412.5396211224392,2026-06-06,non_bm
DRL,Dynamic Regulation,upward,2026-06-06 14:00:00+00:00,2026-06-06T18:00:00+00:00,4.0,25.0,5.123125664078293,1.0,False,14.867394038945282,15.29,0.3445880058508045,0.0,0.0,0.4853407307322814,standalone_parent:product_margin_quantity,1401,True,17.13,480,True,12.133518268307036,831.388671744398,2026-06-06,non_bm
DRL,Dynamic Regulation,upward,2026-06-06 18:00:00+00:00,2026-06-06T22:00:00+00:00,4.0,10.0,6.721571978952265,1.0,False,19.506111254094225,25.36,0.3445880058508045,128.01987325287155,3.2004968313217885,0.3391947295530913,standalone_parent:product_margin_quantity,1354,True,26.69,480,True,3.391947295530913,362.1242932708803,2026-06-06,non_bm
NQR,Quick Reserve,downward,2026-06-06 18:00:00+00:00,2026-06-06T18:30:00+00:00,0.5,15.0,0.0396993079349599,1.0,False,0.5279338731615675,1.56,0.075197500962039,0.0,0.0,0.3777883907815773,standalone_parent:product_margin_quantity,357,True,0.0,305,True,5.666825861723659,0.0,2026-06-06,non_bm
NSR,Slow Reserve,downward,2026-06-06 18:30:00+00:00,2026-06-06T19:00:00+00:00,0.5,15.0,0.0013473277874843,1.0,False,0.1766924155586558,0.0,0.0076252723311546,0.0,0.0,0.0076252723311546,standalone_parent:product,7344,True,0.0,0,True,0.0,0.0,2026-06-06,non_bm
NSR,Slow Reserve,downward,2026-06-06 19:00:00+00:00,2026-06-06T19:30:00+00:00,0.5,15.0,0.0012412866627682,1.0,False,0.1627858794887537,0.0,0.0076252723311546,0.0,0.0,0.0076252723311546,standalone_parent:product,7344,True,0.0,0,True,0.0,0.0,2026-06-06,non_bm
NSR,Slow Reserve,downward,2026-06-06 19:30:00+00:00,2026-06-06T20:00:00+00:00,0.5,15.0,0.0011384640006592,1.0,False,0.1493014218007358,0.0,0.0076252723311546,0.0,0.0,0.0076252723311546,standalone_parent:product,7344,True,0.0,0,True,0.0,0.0,2026-06-06,non_bm
NSR,Slow Reserve,downward,2026-06-06 20:00:00+00:00,2026-06-06T20:30:00+00:00,0.5,15.0,0.0010406191254136,1.0,False,0.1364697653042421,0.0,0.0076252723311546,0.0,0.0,0.0076252723311546,standalone_parent:product,7344,True,0.0,0,True,0.0,0.0,2026-06-06,non_bm
NSR,Slow Reserve,downward,2026-06-06 20:30:00+00:00,2026-06-06T21:00:00+00:00,0.5,15.0,0.0009494261899746,1.0,False,0.1245104631995349,0.0,0.0076252723311546,0.0,0.0,0.0076252723311546,standalone_parent:product,7344,True,0.0,0,True,0.0,0.0,2026-06-06,non_bm
NSR,Slow Reserve,downward,2026-06-06 21:00:00+00:00,2026-06-06T21:30:00+00:00,0.5,15.0,0.0008664455307511,1.0,False,0.1136281424613706,0.0,0.0076252723311546,0.0,0.0,0.0076252723311546,standalone_parent:product,7344,True,0.0,0,True,0.0,0.0,2026-06-06,non_bm
PQR,Quick Reserve,upward,2026-06-06 21:30:00+00:00,2026-06-06T22:00:00+00:00,0.5,15.0,2.1762042351436226,1.0,False,10.082214388366433,15.19,0.2158458599784071,0.0,0.0,0.6029783081641092,standalone_parent:product_margin_quantity,1089,True,9.16,434,True,9.044674622461638,41.42460977087431,2026-06-06,non_bm
PQR,Quick Reserve,upward,2026-06-06 22:00:00+00:00,2026-06-06T22:30:00+00:00,0.5,25.0,1.4374065339789468,1.0,False,6.659412110673528,12.79,0.2158458599784071,0.0,0.0,0.6029783081641092,standalone_parent:product_margin_quantity,1089,True,11.32,500,True,15.07445770410273,85.32143060522145,2026-06-06,non_bm
PSR,Slow Reserve,upward,2026-06-06 22:30:00+00:00,2026-06-06T23:00:00+00:00,0.5,25.0,0.393893495492399,1.0,False,0.7441757465379286,1.63,0.5293017104156905,0.0,0.0,0.6075311292880494,standalone_parent:product_margin_quantity,37297,True,1.04,1800,True,15.188278232201236,7.897904680744642,2026-06-06,non_bm
NBR,Balancing Reserve,downward,2026-06-05 23:00:00+00:00,2026-06-05T23:30:00+00:00,0.5,4.0,0.0393208333180911,0.5,True,0.1264894426156635,0.0,0.3108625708595066,0.0,0.0,0.3452700803691644,nonlooped_parent:product_margin_quantity,554,True,0.0,0,True,0.0,0.0,2026-06-06,bm_eligible
PSR,Slow Reserve,upward,2026-06-05 23:00:00+00:00,2026-06-05T23:30:00+00:00,0.5,20.0,0.3605332819035869,1.0,False,0.6811489077192663,1.0,0.5293017104156905,0.0,0.0,0.6075311292880494,standalone_parent:product_margin_quantity,37297,True,1.47,1800,True,12.150622585760988,8.930707600534326,2026-06-06,bm_eligible
PSR,Slow Reserve,upward,2026-06-05 23:30:00+00:00,2026-06-06T00:00:00+00:00,0.5,25.0,0.3001392543405981,1.0,False,0.5670475806792346,0.02,0.5293017104156905,0.0,0.0,0.5692044000882438,standalone_parent:product_margin_quantity,12651,True,1.47,1800,True,14.230110002206096,10.45913085162148,2026-06-06,bm_eligible
PSR,Slow Reserve,upward,2026-06-06 00:00:00+00:00,2026-06-06T00:30:00+00:00,0.5,25.0,0.0908890232445117,1.0,False,0.1717149622908482,1.33,0.5293017104156905,0.0,0.0,0.6075311292880494,standalone_parent:product_margin_quantity,37297,True,1.23,1805,True,15.188278232201236,9.34079111280376,2026-06-06,bm_eligible
NBR,Balancing Reserve,downward,2026-06-06 00:30:00+00:00,2026-06-06T01:00:00+00:00,0.5,25.0,0.0147843453903231,0.5,True,0.0475591041708424,0.0,0.3108625708595066,0.0,0.0,0.3452700803691644,nonlooped_parent:product_margin,554,True,0.0,0,True,0.0,0.0,2026-06-06,bm_eligible
NBR,Balancing Reserve,downward,2026-06-06 01:00:00+00:00,2026-06-06T01:30:00+00:00,0.5,25.0,0.0291151226100014,0.5,True,0.0936591450347361,0.0,0.3108625708595066,0.0,0.0,0.3452700803691644,nonlooped_parent:product_margin,554,True,0.0,0,True,0.0,0.0,2026-06-06,bm_eligible
NQR,Quick Reserve,downward,2026-06-06 01:30:00+00:00,2026-06-06T02:00:00+00:00,0.5,25.0,0.0612481013872202,1.0,False,0.8144965005969985,6.97,0.075197500962039,0.0,0.0,0.4257593538505713,standalone_parent:product_margin_quantity,391,True,0.11,303,True,10.643983846264282,0.5854191115445355,2026-06-06,bm_eligible
DRL,Dynamic Regulation,upward,2026-06-06 02:00:00+00:00,2026-06-06T06:00:00+00:00,4.0,25.0,4.488509302034539,1.0,False,13.02572703002878,10.65,0.3445880058508045,25.174243789749653,0.2517424378974965,0.4853407307322814,standalone_parent:product_margin_quantity,1401,True,18.37,480,True,12.133518268307036,891.570922355201,2026-06-06,bm_eligible
DRL,Dynamic Regulation,upward,2026-06-06 06:00:00+00:00,2026-06-06T10:00:00+00:00,4.0,10.0,4.543189511151963,1.0,False,13.184409886625646,13.15,0.3445880058508045,48.25787465276608,1.206446866319152,0.3391947295530913,standalone_parent:product_margin_quantity,1354,True,14.43,480,True,3.391947295530913,195.7831978980443,2026-06-06,bm_eligible
NBR,Balancing Reserve,downward,2026-06-06 06:00:00+00:00,2026-06-06T06:30:00+00:00,0.5,15.0,0.023539924152179,0.5,True,0.0757245366886508,0.0,0.3108625708595066,0.0,0.0,0.3452700803691644,nonlooped_parent:product_margin,554,True,0.0,0,True,0.0,0.0,2026-06-06,bm_eligible
NBR,Balancing Reserve,downward,2026-06-06 06:30:00+00:00,2026-06-06T07:00:00+00:00,0.5,15.0,0.0235824865570123,0.5,True,0.0758614537987284,0.0,0.3108625708595066,0.0,0.0,0.3452700803691644,nonlooped_parent:product_margin,554,True,0.0,0,True,0.0,0.0,2026-06-06,bm_eligible
NBR,Balancing Reserve,downward,2026-06-06 07:00:00+00:00,2026-06-06T07:30:00+00:00,0.5,15.0,0.0261111939209838,0.5,True,0.0839959402278272,0.0,0.3108625708595066,0.0,0.0,0.3452700803691644,nonlooped_parent:product_margin,554,True,0.0,0,True,0.0,0.0,2026-06-06,bm_eligible
NBR,Balancing Reserve,downward,2026-06-06 07:30:00+00:00,2026-06-06T08:00:00+00:00,0.5,15.0,0.0273375829030654,0.5,True,0.0879410564851199,0.0,0.3108625708595066,0.0,0.0,0.3452700803691644,nonlooped_parent:product_margin,554,True,0.0,0,True,0.0,0.0,2026-06-06,bm_eligible
NBR,Balancing Reserve,downward,2026-06-06 08:00:00+00:00,2026-06-06T08:30:00+00:00,0.5,15.0,0.025985109836616,0.5,True,0.0835903459357284,0.0,0.3108625708595066,0.0,0.0,0.3452700803691644,nonlooped_parent:product_margin,554,True,0.0,0,True,0.0,0.0,2026-06-06,bm_eligible
PBR,Balancing Reserve,upward,2026-06-06 08:30:00+00:00,2026-06-06T09:00:00+00:00,0.5,15.0,1.3605702352269218,0.5,True,2.738041456933199,2.67,0.4969136722826897,0.0,0.0,0.6607848333906396,standalone_parent:product_margin_quantity,4850,True,2.28,600,True,9.911772500859596,11.299420650979936,2026-06-06,bm_eligible
PBR,Balancing Reserve,upward,2026-06-06 09:00:00+00:00,2026-06-06T09:30:00+00:00,0.5,15.0,1.4555709634500618,0.5,True,2.929223011239668,2.67,0.4969136722826897,0.0,0.0,0.6607848333906396,standalone_parent:product_margin_quantity,4850,True,2.28,600,True,9.911772500859596,11.299420650979936,2026-06-06,bm_eligible
PBR,Balancing Reserve,upward,2026-06-06 09:30:00+00:00,2026-06-06T10:00:00+00:00,0.5,15.0,1.3963276730834486,0.5,True,2.8100005110929818,2.67,0.4969136722826897,0.0,0.0,0.6607848333906396,standalone_parent:product_margin_quantity,4850,True,2.28,600,True,9.911772500859596,11.299420650979936,2026-06-06,bm_eligible
DRL,Dynamic Regulation,upward,2026-06-06 10:00:00+00:00,2026-06-06T14:00:00+00:00,4.0,25.0,4.460519732020644,1.0,False,12.944500842411518,13.64,0.3445880058508045,0.0,0.0,0.4853407307322814,standalone_parent:product_margin_quantity,1401,True,8.5,480,True,12.133518268307036,412.5396211224392,2026-06-06,bm_eligible
DRL,Dynamic Regulation,upward,2026-06-06 14:00:00+00:00,2026-06-06T18:00:00+00:00,4.0,25.0,5.123125664078293,1.0,False,14.867394038945282,15.29,0.3445880058508045,0.0,0.0,0.4853407307322814,standalone_parent:product_margin_quantity,1401,True,17.13,480,True,12.133518268307036,831.388671744398,2026-06-06,bm_eligible
DRL,Dynamic Regulation,upward,2026-06-06 18:00:00+00:00,2026-06-06T22:00:00+00:00,4.0,10.0,6.721571978952265,1.0,False,19.506111254094225,25.36,0.3445880058508045,128.01987325287155,3.2004968313217885,0.3391947295530913,standalone_parent:product_margin_quantity,1354,True,26.69,480,True,3.391947295530913,362.1242932708803,2026-06-06,bm_eligible
NQR,Quick Reserve,downward,2026-06-06 18:00:00+00:00,2026-06-06T18:30:00+00:00,0.5,15.0,0.0396993079349599,1.0,False,0.5279338731615675,1.56,0.075197500962039,0.0,0.0,0.3777883907815773,standalone_parent:product_margin_quantity,357,True,0.0,305,True,5.666825861723659,0.0,2026-06-06,bm_eligible
NBR,Balancing Reserve,downward,2026-06-06 18:30:00+00:00,2026-06-06T19:00:00+00:00,0.5,15.0,0.0231743474471612,0.5,True,0.0745485292201191,0.0,0.3108625708595066,0.0,0.0,0.3452700803691644,nonlooped_parent:product_margin,554,True,0.0,0,True,0.0,0.0,2026-06-06,bm_eligible
NBR,Balancing Reserve,downward,2026-06-06 19:00:00+00:00,2026-06-06T19:30:00+00:00,0.5,15.0,0.0206456400831898,0.5,True,0.0664140427910203,0.0,0.3108625708595066,0.0,0.0,0.3452700803691644,nonlooped_parent:product_margin,554,True,0.0,0,True,0.0,0.0,2026-06-06,bm_eligible
NBR,Balancing Reserve,downward,2026-06-06 19:30:00+00:00,2026-06-06T20:00:00+00:00,0.5,15.0,0.0194192511011082,0.5,True,0.0624689265337276,0.0,0.3108625708595066,0.0,0.0,0.3452700803691644,nonlooped_parent:product_margin,554,True,0.0,0,True,0.0,0.0,2026-06-06,bm_eligible
NBR,Balancing Reserve,downward,2026-06-06 20:00:00+00:00,2026-06-06T20:30:00+00:00,0.5,15.0,0.019516164356419,0.5,True,0.0627806824811963,0.0,0.3108625708595066,0.0,0.0,0.3452700803691644,nonlooped_parent:product_margin,554,True,0.0,0,True,0.0,0.0,2026-06-06,bm_eligible
NBR,Balancing Reserve,downward,2026-06-06 20:30:00+00:00,2026-06-06T21:00:00+00:00,0.5,15.0,0.0184450849906529,0.5,True,0.059335174831933,0.0,0.3108625708595066,0.0,0.0,0.3452700803691644,nonlooped_parent:product_margin,554,True,0.0,0,True,0.0,0.0,2026-06-06,bm_eligible
NBR,Balancing Reserve,downward,2026-06-06 21:00:00+00:00,2026-06-06T21:30:00+00:00,0.5,15.0,0.017479899279856,0.5,True,0.0562303117790146,0.0,0.3108625708595066,0.0,0.0,0.3452700803691644,nonlooped_parent:product_margin,554,True,0.0,0,True,0.0,0.0,2026-06-06,bm_eligible
PQR,Quick Reserve,upward,2026-06-06 21:30:00+00:00,2026-06-06T22:00:00+00:00,0.5,15.0,2.1762042351436226,1.0,False,10.082214388366433,15.19,0.2158458599784071,0.0,0.0,0.6029783081641092,standalone_parent:product_margin_quantity,1089,True,9.16,434,True,9.044674622461638,41.42460977087431,2026-06-06,bm_eligible
PQR,Quick Reserve,upward,2026-06-06 22:00:00+00:00,2026-06-06T22:30:00+00:00,0.5,25.0,1.4374065339789468,1.0,False,6.659412110673528,12.79,0.2158458599784071,0.0,0.0,0.6029783081641092,standalone_parent:product_margin_quantity,1089,True,11.32,500,True,15.07445770410273,85.32143060522145,2026-06-06,bm_eligible
PSR,Slow Reserve,upward,2026-06-06 22:30:00+00:00,2026-06-06T23:00:00+00:00,0.5,25.0,0.393893495492399,1.0,False,0.7441757465379286,1.63,0.5293017104156905,0.0,0.0,0.6075311292880494,standalone_parent:product_margin_quantity,37297,True,1.04,1800,True,15.188278232201236,7.897904680744642,2026-06-06,bm_eligible
PQR,Quick Reserve,upward,2026-06-07 00:00:00+00:00,2026-06-07T00:30:00+00:00,0.5,11.0,0.3456877248846186,1.0,False,1.6015490170587503,7.11,0.2158458599784071,0.0,0.0,0.5867704553048403,standalone_parent:product_margin_quantity,2702,True,8.81,300,True,6.454475008353243,28.43196241179604,2026-06-07,non_bm
PQR,Quick Reserve,upward,2026-06-07 00:30:00+00:00,2026-06-07T01:00:00+00:00,0.5,25.0,0.2856790494675459,1.0,False,1.3235326797378688,6.41,0.2158458599784071,0.0,0.0,0.5867704553048403,standalone_parent:product_margin_quantity,2702,True,10.88,293,True,14.669261382621007,79.80078192145828,2026-06-07,non_bm
PQR,Quick Reserve,upward,2026-06-07 01:00:00+00:00,2026-06-07T01:30:00+00:00,0.5,25.0,0.2498713560426964,1.0,False,1.157637936941173,5.53,0.2158458599784071,0.0,0.0,0.5867704553048403,standalone_parent:product_margin_quantity,2702,True,6.03,235,True,14.669261382621007,44.22782306860234,2026-06-07,non_bm
PQR,Quick Reserve,upward,2026-06-07 01:30:00+00:00,2026-06-07T02:00:00+00:00,0.5,25.0,0.1907094846883085,1.0,False,0.8835447884309053,4.72,0.2158458599784071,0.0,0.0,0.3975102911913369,standalone_parent:product_margin_quantity,2845,True,6.23,235,True,9.937757279783424,30.956113926525365,2026-06-07,non_bm
DRL,Dynamic Regulation,upward,2026-06-07 02:00:00+00:00,2026-06-07T06:00:00+00:00,4.0,25.0,5.027772044513859,1.0,False,14.590676283407038,18.37,0.3445880058508045,22.073489685539244,0.2207348968553924,0.4853407307322814,standalone_parent:product_margin_quantity,1401,True,22.8,480,True,12.133518268307036,1106.5768660696017,2026-06-07,non_bm
DRL,Dynamic Regulation,upward,2026-06-07 06:00:00+00:00,2026-06-07T10:00:00+00:00,4.0,25.0,4.803592205119512,1.0,False,13.940102741705154,14.43,0.3445880058508045,72.5999131304975,0.725999131304975,0.4853407307322814,standalone_parent:product_margin_quantity,1401,True,2.32,480,True,12.133518268307036,112.59904952988929,2026-06-07,non_bm
DRL,Dynamic Regulation,upward,2026-06-07 10:00:00+00:00,2026-06-07T14:00:00+00:00,4.0,25.0,4.178730439070777,1.0,False,12.126743729089725,8.5,0.3445880058508045,0.0,0.0,0.4349625459864367,standalone_parent:product_margin_quantity,500,True,0.77,480,True,10.874063649660918,33.49211604095563,2026-06-07,non_bm
DRL,Dynamic Regulation,upward,2026-06-07 14:00:00+00:00,2026-06-07T18:00:00+00:00,4.0,25.0,5.520223271806096,1.0,False,16.01977775801104,17.13,0.3445880058508045,0.0,0.0,0.4853407307322814,standalone_parent:product_margin_quantity,1401,True,11.55,480,True,12.133518268307036,560.568543995785,2026-06-07,non_bm
DRL,Dynamic Regulation,upward,2026-06-07 18:00:00+00:00,2026-06-07T22:00:00+00:00,4.0,10.0,7.107160217776738,1.0,False,20.625094597325912,26.69,0.3445880058508045,126.33956299159944,3.158489074789986,0.3391947295530913,standalone_parent:product_margin_quantity,1354,True,17.48,480,True,3.391947295530913,237.16495490352145,2026-06-07,non_bm
NQR,Quick Reserve,downward,2026-06-07 18:00:00+00:00,2026-06-07T18:30:00+00:00,0.5,15.0,0.038300569811173,1.0,False,0.5093330140120983,0.0,0.075197500962039,0.0,0.0,0.4176679787643421,standalone_parent:product_margin_quantity,1125,True,5.11,300,True,6.265019681465131,16.00712528614341,2026-06-07,non_bm
NSR,Slow Reserve,downward,2026-06-07 18:30:00+00:00,2026-06-07T19:00:00+00:00,0.5,15.0,0.0006408791320667,1.0,False,0.0840467204624723,0.0,0.0076252723311546,0.0,0.0,0.0076252723311546,standalone_parent:product,7344,True,0.0,0,True,0.0,0.0,2026-06-07,non_bm
NSR,Slow Reserve,downward,2026-06-07 19:00:00+00:00,2026-06-07T19:30:00+00:00,0.5,15.0,0.000535707411485,1.0,False,0.0702542005347502,0.0,0.0076252723311546,0.0,0.0,0.0076252723311546,standalone_parent:product,7344,True,0.0,0,True,0.0,0.0,2026-06-07,non_bm
NSR,Slow Reserve,downward,2026-06-07 19:30:00+00:00,2026-06-07T20:00:00+00:00,0.5,15.0,0.0004337091455644,1.0,False,0.0568778565183042,0.0,0.0076252723311546,0.0,0.0,0.0076252723311546,standalone_parent:product,7344,True,0.0,0,True,0.0,0.0,2026-06-07,non_bm
NSR,Slow Reserve,downward,2026-06-07 20:00:00+00:00,2026-06-07T20:30:00+00:00,0.5,15.0,0.0003366295529141,1.0,False,0.0441465613678789,0.0,0.0076252723311546,0.0,0.0,0.0076252723311546,standalone_parent:product,7344,True,0.0,0,True,0.0,0.0,2026-06-07,non_bm
NSR,Slow Reserve,downward,2026-06-07 20:30:00+00:00,2026-06-07T21:00:00+00:00,0.5,15.0,0.0002461296922799,1.0,False,0.0322781510732798,0.0,0.0076252723311546,0.0,0.0,0.0076252723311546,standalone_parent:product,7344,True,0.0,0,True,0.0,0.0,2026-06-07,non_bm
NSR,Slow Reserve,downward,2026-06-07 21:00:00+00:00,2026-06-07T21:30:00+00:00,0.5,15.0,0.0001637580413685,1.0,False,0.0214756974251927,0.0,0.0076252723311546,0.0,0.0,0.0076252723311546,standalone_parent:product,7344,True,0.0,0,True,0.0,0.0,2026-06-07,non_bm
PQR,Quick Reserve,upward,2026-06-07 21:30:00+00:00,2026-06-07T22:00:00+00:00,0.5,15.0,2.0555020146871152,1.0,False,9.523008756770894,9.16,0.2158458599784071,0.0,0.0,0.5867704553048403,standalone_parent:product_margin_quantity,2702,True,2.02,500,True,8.801556829572604,8.88957239786833,2026-06-07,non_bm
PQR,Quick Reserve,upward,2026-06-07 22:00:00+00:00,2026-06-07T22:30:00+00:00,0.5,25.0,1.4629039770128294,1.0,False,6.777540125898992,11.32,0.2158458599784071,0.0,0.0,0.6029783081641092,standalone_parent:product_margin_quantity,1089,True,2.62,500,True,15.07445770410273,19.74753959237458,2026-06-07,non_bm
PSR,Slow Reserve,upward,2026-06-07 22:30:00+00:00,2026-06-07T23:00:00+00:00,0.5,25.0,0.4899170134851925,1.0,False,0.9255912154533432,1.04,0.5293017104156905,0.0,0.0,0.6075311292880494,standalone_parent:product_margin_quantity,37297,True,1.16,1801,True,15.188278232201236,8.809201374676716,2026-06-07,non_bm
NBR,Balancing Reserve,downward,2026-06-06 23:00:00+00:00,2026-06-06T23:30:00+00:00,0.5,25.0,0.0077145772651198,0.5,True,0.0248166810297866,0.0,0.3108625708595066,0.0,0.0,0.3452700803691644,nonlooped_parent:product_margin,554,True,0.0,0,True,0.0,0.0,2026-06-07,bm_eligible
NBR,Balancing Reserve,downward,2026-06-06 23:30:00+00:00,2026-06-07T00:00:00+00:00,0.5,25.0,0.0114065890802234,0.5,True,0.0366933498899057,0.0,0.3108625708595066,0.0,0.0,0.3452700803691644,nonlooped_parent:product_margin,554,True,0.0,0,True,0.0,0.0,2026-06-07,bm_eligible
NBR,Balancing Reserve,downward,2026-06-07 00:00:00+00:00,2026-06-07T00:30:00+00:00,0.5,4.0,0.0139672103141525,0.5,True,0.0449304986301004,0.0,0.3108625708595066,0.0,0.0,0.3452700803691644,nonlooped_parent:product_margin_quantity,554,True,0.0,0,True,0.0,0.0,2026-06-07,bm_eligible
PQR,Quick Reserve,upward,2026-06-07 00:00:00+00:00,2026-06-07T00:30:00+00:00,0.5,21.0,0.3456877248846186,1.0,False,1.6015490170587503,7.11,0.2158458599784071,0.0,0.0,0.5867704553048403,standalone_parent:product_margin_quantity,2702,True,8.81,300,True,12.322179561401644,54.27920096797425,2026-06-07,bm_eligible
PQR,Quick Reserve,upward,2026-06-07 00:30:00+00:00,2026-06-07T01:00:00+00:00,0.5,25.0,0.2856790494675459,1.0,False,1.3235326797378688,6.41,0.2158458599784071,0.0,0.0,0.5867704553048403,standalone_parent:product_margin_quantity,2702,True,10.88,293,True,14.669261382621007,79.80078192145828,2026-06-07,bm_eligible
PQR,Quick Reserve,upward,2026-06-07 01:00:00+00:00,2026-06-07T01:30:00+00:00,0.5,25.0,0.2498713560426964,1.0,False,1.157637936941173,5.53,0.2158458599784071,0.0,0.0,0.5867704553048403,standalone_parent:product_margin_quantity,2702,True,6.03,235,True,14.669261382621007,44.22782306860234,2026-06-07,bm_eligible
PQR,Quick Reserve,upward,2026-06-07 01:30:00+00:00,2026-06-07T02:00:00+00:00,0.5,25.0,0.1907094846883085,1.0,False,0.8835447884309053,4.72,0.2158458599784071,0.0,0.0,0.3975102911913369,standalone_parent:product_margin_quantity,2845,True,6.23,235,True,9.937757279783424,30.956113926525365,2026-06-07,bm_eligible
DRL,Dynamic Regulation,upward,2026-06-07 02:00:00+00:00,2026-06-07T06:00:00+00:00,4.0,25.0,5.027772044513859,1.0,False,14.590676283407038,18.37,0.3445880058508045,22.073489685539244,0.2207348968553924,0.4853407307322814,standalone_parent:product_margin_quantity,1401,True,22.8,480,True,12.133518268307036,1106.5768660696017,2026-06-07,bm_eligible
DRL,Dynamic Regulation,upward,2026-06-07 06:00:00+00:00,2026-06-07T10:00:00+00:00,4.0,23.0,4.803592205119512,1.0,False,13.940102741705154,14.43,0.3445880058508045,60.96444983910396,0.6626570634685214,0.4853407307322814,standalone_parent:product_margin_quantity,1401,True,2.32,480,True,11.162836806842472,103.59112556749814,2026-06-07,bm_eligible
NBR,Balancing Reserve,downward,2026-06-07 06:00:00+00:00,2026-06-07T06:30:00+00:00,0.5,2.0,0.0232419464082919,0.5,True,0.0747659853163735,0.0,0.3108625708595066,0.0,0.0,0.3452700803691644,nonlooped_parent:product_margin_quantity,554,True,0.0,0,True,0.0,0.0,2026-06-07,bm_eligible
NBR,Balancing Reserve,downward,2026-06-07 06:30:00+00:00,2026-06-07T07:00:00+00:00,0.5,2.0,0.0232789375443865,0.5,True,0.0748849804594436,0.0,0.3108625708595066,0.0,0.0,0.3452700803691644,nonlooped_parent:product_margin_quantity,554,True,0.0,0,True,0.0,0.0,2026-06-07,bm_eligible
NBR,Balancing Reserve,downward,2026-06-07 07:00:00+00:00,2026-06-07T07:30:00+00:00,0.5,2.0,0.0259022568623423,0.5,True,0.0833238198819656,0.0,0.3108625708595066,0.0,0.0,0.3452700803691644,nonlooped_parent:product_margin_quantity,554,True,0.0,0,True,0.0,0.0,2026-06-07,bm_eligible
NBR,Balancing Reserve,downward,2026-06-07 07:30:00+00:00,2026-06-07T08:00:00+00:00,0.5,2.0,0.0271685230265355,0.5,True,0.0873972152756024,0.0,0.3108625708595066,0.0,0.0,0.3452700803691644,nonlooped_parent:product_margin_quantity,554,True,0.0,0,True,0.0,0.0,2026-06-07,bm_eligible
NBR,Balancing Reserve,downward,2026-06-07 08:00:00+00:00,2026-06-07T08:30:00+00:00,0.5,2.0,0.0257491172261899,0.5,True,0.082831191786763,0.0,0.3108625708595066,0.0,0.0,0.3452700803691644,nonlooped_parent:product_margin_quantity,554,True,0.0,0,True,0.0,0.0,2026-06-07,bm_eligible
PBR,Balancing Reserve,upward,2026-06-07 08:30:00+00:00,2026-06-07T09:00:00+00:00,0.5,2.0,1.522788142714106,0.5,True,3.064492340729569,2.28,0.4969136722826897,0.0,0.0,0.6093107096801195,standalone_parent:product_margin_quantity,406,True,1.34,600,True,1.218621419360239,0.8164763509713602,2026-06-07,bm_eligible
PBR,Balancing Reserve,upward,2026-06-07 09:00:00+00:00,2026-06-07T09:30:00+00:00,0.5,2.0,1.6377891626871623,0.5,True,3.295922921910345,2.28,0.4969136722826897,0.0,0.0,0.6093107096801195,standalone_parent:product_margin_quantity,406,True,2.09,600,True,1.218621419360239,1.2734593832314496,2026-06-07,bm_eligible
PBR,Balancing Reserve,upward,2026-06-07 09:30:00+00:00,2026-06-07T10:00:00+00:00,0.5,2.0,1.6105995303974625,0.5,True,3.241205908058023,2.28,0.4969136722826897,0.0,0.0,0.6093107096801195,standalone_parent:product_margin_quantity,406,True,2.47,594,True,1.218621419360239,1.5049974529098953,2026-06-07,bm_eligible
DRL,Dynamic Regulation,upward,2026-06-07 10:00:00+00:00,2026-06-07T14:00:00+00:00,4.0,25.0,4.178730439070777,1.0,False,12.126743729089725,8.5,0.3445880058508045,0.0,0.0,0.4349625459864367,standalone_parent:product_margin_quantity,500,True,0.77,480,True,10.874063649660918,33.49211604095563,2026-06-07,bm_eligible
DRL,Dynamic Regulation,upward,2026-06-07 14:00:00+00:00,2026-06-07T18:00:00+00:00,4.0,25.0,5.520223271806096,1.0,False,16.01977775801104,17.13,0.3445880058508045,0.0,0.0,0.4853407307322814,standalone_parent:product_margin_quantity,1401,True,11.55,480,True,12.133518268307036,560.568543995785,2026-06-07,bm_eligible
DRL,Dynamic Regulation,upward,2026-06-07 18:00:00+00:00,2026-06-07T22:00:00+00:00,4.0,10.0,7.107160217776738,1.0,False,20.625094597325912,26.69,0.3445880058508045,126.33956299159944,3.158489074789986,0.3391947295530913,standalone_parent:product_margin_quantity,1354,True,17.48,480,True,3.391947295530913,237.16495490352145,2026-06-07,bm_eligible
NQR,Quick Reserve,downward,2026-06-07 18:00:00+00:00,2026-06-07T18:30:00+00:00,0.5,15.0,0.038300569811173,1.0,False,0.5093330140120983,0.0,0.075197500962039,0.0,0.0,0.4176679787643421,standalone_parent:product_margin_quantity,1125,True,5.11,300,True,6.265019681465131,16.00712528614341,2026-06-07,bm_eligible
NBR,Balancing Reserve,downward,2026-06-07 18:30:00+00:00,2026-06-07T19:00:00+00:00,0.5,15.0,0.0226693872486902,0.5,True,0.0729241451809764,0.0,0.3108625708595066,0.0,0.0,0.3452700803691644,nonlooped_parent:product_margin,554,True,0.0,0,True,0.0,0.0,2026-06-07,bm_eligible
NBR,Balancing Reserve,downward,2026-06-07 19:00:00+00:00,2026-06-07T19:30:00+00:00,0.5,15.0,0.0200460679307344,0.5,True,0.0644853057584544,0.0,0.3108625708595066,0.0,0.0,0.3452700803691644,nonlooped_parent:product_margin,554,True,0.0,0,True,0.0,0.0,2026-06-07,bm_eligible
NBR,Balancing Reserve,downward,2026-06-07 19:30:00+00:00,2026-06-07T20:00:00+00:00,0.5,15.0,0.0187798017665412,0.5,True,0.0604119103648176,0.0,0.3108625708595066,0.0,0.0,0.3452700803691644,nonlooped_parent:product_margin,554,True,0.0,0,True,0.0,0.0,2026-06-07,bm_eligible
NBR,Balancing Reserve,downward,2026-06-07 20:00:00+00:00,2026-06-07T20:30:00+00:00,0.5,15.0,0.0188922549212552,0.5,True,0.0607736559246098,0.0,0.3108625708595066,0.0,0.0,0.3452700803691644,nonlooped_parent:product_margin,554,True,0.0,0,True,0.0,0.0,2026-06-07,bm_eligible
NBR,Balancing Reserve,downward,2026-06-07 20:30:00+00:00,2026-06-07T21:00:00+00:00,0.5,15.0,0.0177899603210809,0.5,True,0.0572277333739258,0.0,0.3108625708595066,0.0,0.0,0.3452700803691644,nonlooped_parent:product_margin,554,True,0.0,0,True,0.0,0.0,2026-06-07,bm_eligible
NBR,Balancing Reserve,downward,2026-06-07 21:00:00+00:00,2026-06-07T21:30:00+00:00,0.5,15.0,0.0167987311778725,0.5,True,0.0540390923597703,0.0,0.3108625708595066,0.0,0.0,0.3452700803691644,nonlooped_parent:product_margin,554,True,0.0,0,True,0.0,0.0,2026-06-07,bm_eligible
PQR,Quick Reserve,upward,2026-06-07 21:30:00+00:00,2026-06-07T22:00:00+00:00,0.5,15.0,2.0555020146871152,1.0,False,9.523008756770894,9.16,0.2158458599784071,0.0,0.0,0.5867704553048403,standalone_parent:product_margin_quantity,2702,True,2.02,500,True,8.801556829572604,8.88957239786833,2026-06-07,bm_eligible
PQR,Quick Reserve,upward,2026-06-07 22:00:00+00:00,2026-06-07T22:30:00+00:00,0.5,25.0,1.4629039770128294,1.0,False,6.777540125898992,11.32,0.2158458599784071,0.0,0.0,0.6029783081641092,standalone_parent:product_margin_quantity,1089,True,2.62,500,True,15.07445770410273,19.74753959237458,2026-06-07,bm_eligible
PSR,Slow Reserve,upward,2026-06-07 22:30:00+00:00,2026-06-07T23:00:00+00:00,0.5,25.0,0.4899170134851925,1.0,False,0.9255912154533432,1.04,0.5293017104156905,0.0,0.0,0.6075311292880494,standalone_parent:product_margin_quantity,37297,True,1.16,1801,True,15.188278232201236,8.809201374676716,2026-06-07,bm_eligible
NQR,Quick Reserve,downward,2026-06-07 23:00:00+00:00,2026-06-07T23:30:00+00:00,0.5,25.0,0.0011033115577438,1.0,False,0.0146721838309608,0.0,0.075197500962039,0.0,0.0,0.4176679787643421,standalone_parent:product_margin_quantity,1125,True,1.85,300,True,10.441699469108553,9.658572008925413,2026-06-08,non_bm
NQR,Quick Reserve,downward,2026-06-08 00:00:00+00:00,2026-06-08T00:30:00+00:00,0.5,18.0,0.0074580020615461,1.0,False,0.0991788552296583,0.45,0.075197500962039,0.0,0.0,0.4176679787643421,standalone_parent:product_margin_quantity,1125,True,0.0,300,True,7.518023617758158,0.0,2026-06-08,non_bm
PQR,Quick Reserve,upward,2026-06-08 00:00:00+00:00,2026-06-08T00:30:00+00:00,0.5,7.0,0.6127626076535936,1.0,False,2.838889787901855,8.81,0.2158458599784071,0.0,0.0,0.5710606211774202,standalone_parent:product_margin_quantity,1291,True,0.0,344,True,3.997424348241941,0.0,2026-06-08,non_bm
PQR,Quick Reserve,upward,2026-06-08 00:30:00+00:00,2026-06-08T01:00:00+00:00,0.5,25.0,0.6698803232245595,1.0,False,3.103512494015745,10.88,0.2158458599784071,0.0,0.0,0.6029783081641092,standalone_parent:product_margin_quantity,1089,True,0.0,350,True,15.07445770410273,0.0,2026-06-08,non_bm
PQR,Quick Reserve,upward,2026-06-08 01:00:00+00:00,2026-06-08T01:30:00+00:00,0.5,25.0,0.4809501090433053,1.0,False,2.228210951516137,6.03,0.2158458599784071,0.0,0.0,0.5867704553048403,standalone_parent:product_margin_quantity,2702,True,0.0,350,True,14.669261382621007,0.0,2026-06-08,non_bm
PQR,Quick Reserve,upward,2026-06-08 01:30:00+00:00,2026-06-08T02:00:00+00:00,0.5,25.0,0.4506466008821843,1.0,False,2.087816745372213,6.23,0.2158458599784071,0.0,0.0,0.5867704553048403,standalone_parent:product_margin_quantity,2702,True,0.0,350,True,14.669261382621007,0.0,2026-06-08,non_bm
DRL,Dynamic Regulation,upward,2026-06-08 02:00:00+00:00,2026-06-08T06:00:00+00:00,4.0,25.0,5.659561943737738,1.0,False,16.424140851229005,22.8,0.3445880058508045,5.960244991116269,0.0596024499111626,0.4853407307322814,standalone_parent:product_margin_quantity,1401,True,3.73,480,True,12.133518268307036,181.03209256314096,2026-06-08,non_bm
DRL,Dynamic Regulation,upward,2026-06-08 06:00:00+00:00,2026-06-08T10:00:00+00:00,4.0,25.0,3.952571549128436,1.0,False,11.470426950495115,2.32,0.3445880058508045,29.07026170311065,0.2907026170311064,0.2368096082643678,standalone_parent:product_margin_quantity,179,True,8.83,480,True,5.920240206609195,209.1028840974368,2026-06-08,non_bm
DRL,Dynamic Regulation,upward,2026-06-08 10:00:00+00:00,2026-06-08T14:00:00+00:00,4.0,25.0,3.4952146028434843,1.0,False,10.143169650416676,0.77,0.3445880058508045,0.0,0.0,0.3445880058508045,standalone_parent:product,8204,True,10.84,480,True,8.614700146270113,373.5333983422721,2026-06-08,non_bm
DRL,Dynamic Regulation,upward,2026-06-08 14:00:00+00:00,2026-06-08T18:00:00+00:00,4.0,25.0,5.220057167336964,1.0,False,15.148690838638997,11.55,0.3445880058508045,4.197330105747369,0.0419733010574736,0.4853407307322814,standalone_parent:product_margin_quantity,1401,True,7.94,480,True,12.133518268307036,385.3605402014315,2026-06-08,non_bm
DCH,Dynamic Containment,downward,2026-06-08 18:00:00+00:00,2026-06-08T22:00:00+00:00,4.0,19.0,0.3489410254143429,0.25,False,0.7521617658931391,2.96,0.4639175257731959,0.0,0.0,0.6560693104031714,nonlooped_parent:product_margin_quantity,805,True,0.05,1065,True,12.465316897660257,2.493063379532052,2026-06-08,non_bm
DRL,Dynamic Regulation,upward,2026-06-08 18:00:00+00:00,2026-06-08T22:00:00+00:00,4.0,6.0,6.713558029794952,1.0,False,19.4828546432394,17.48,0.3445880058508045,83.34179453961133,3.472574772483805,0.3391947295530913,standalone_parent:product_margin_quantity,1354,True,25.52,480,True,2.035168377318548,207.7499879566774,2026-06-08,non_bm
PQR,Quick Reserve,upward,2026-06-08 22:00:00+00:00,2026-06-08T22:30:00+00:00,0.5,25.0,1.2948778108075525,1.0,False,5.999085694472388,2.62,0.2158458599784071,0.0,0.0,0.3975102911913369,standalone_parent:product_margin_quantity,2845,True,3.97,500,True,9.937757279783424,19.726448200370093,2026-06-08,non_bm
PSR,Slow Reserve,upward,2026-06-08 22:30:00+00:00,2026-06-08T23:00:00+00:00,0.5,25.0,0.5781136957590713,1.0,False,1.0922195873976035,1.16,0.5293017104156905,0.0,0.0,0.6075311292880494,standalone_parent:product_margin_quantity,37297,True,1.34,1807,True,15.188278232201236,10.176146415574827,2026-06-08,non_bm
NQR,Quick Reserve,downward,2026-06-07 23:00:00+00:00,2026-06-07T23:30:00+00:00,0.5,25.0,0.0011033115577438,1.0,False,0.0146721838309608,0.0,0.075197500962039,0.0,0.0,0.4176679787643421,standalone_parent:product_margin_quantity,1125,True,1.85,300,True,10.441699469108553,9.658572008925413,2026-06-08,bm_eligible
NBR,Balancing Reserve,downward,2026-06-07 23:30:00+00:00,2026-06-08T00:00:00+00:00,0.5,25.0,0.0023711560768573,0.5,True,0.0076276666898216,0.0,0.3108625708595066,0.0869073131871118,0.0069525850549689,0.3041550641483485,nonlooped_parent:product_margin,5929,True,0.0,0,False,0.0,0.0,2026-06-08,bm_eligible
NQR,Quick Reserve,downward,2026-06-08 00:00:00+00:00,2026-06-08T00:30:00+00:00,0.5,18.0,0.0074580020615461,1.0,False,0.0991788552296583,0.45,0.075197500962039,0.0,0.0,0.4176679787643421,standalone_parent:product_margin_quantity,1125,True,0.0,300,True,7.518023617758158,0.0,2026-06-08,bm_eligible
PQR,Quick Reserve,upward,2026-06-08 00:00:00+00:00,2026-06-08T00:30:00+00:00,0.5,7.0,0.6127626076535936,1.0,False,2.838889787901855,8.81,0.2158458599784071,0.0,0.0,0.5710606211774202,standalone_parent:product_margin_quantity,1291,True,0.0,344,True,3.997424348241941,0.0,2026-06-08,bm_eligible
PQR,Quick Reserve,upward,2026-06-08 00:30:00+00:00,2026-06-08T01:00:00+00:00,0.5,25.0,0.6698803232245595,1.0,False,3.103512494015745,10.88,0.2158458599784071,0.0,0.0,0.6029783081641092,standalone_parent:product_margin_quantity,1089,True,0.0,350,True,15.07445770410273,0.0,2026-06-08,bm_eligible
PQR,Quick Reserve,upward,2026-06-08 01:00:00+00:00,2026-06-08T01:30:00+00:00,0.5,25.0,0.4809501090433053,1.0,False,2.228210951516137,6.03,0.2158458599784071,0.0,0.0,0.5867704553048403,standalone_parent:product_margin_quantity,2702,True,0.0,350,True,14.669261382621007,0.0,2026-06-08,bm_eligible
PQR,Quick Reserve,upward,2026-06-08 01:30:00+00:00,2026-06-08T02:00:00+00:00,0.5,25.0,0.4506466008821843,1.0,False,2.087816745372213,6.23,0.2158458599784071,0.0,0.0,0.5867704553048403,standalone_parent:product_margin_quantity,2702,True,0.0,350,True,14.669261382621007,0.0,2026-06-08,bm_eligible
DRL,Dynamic Regulation,upward,2026-06-08 02:00:00+00:00,2026-06-08T06:00:00+00:00,4.0,25.0,5.659561943737738,1.0,False,16.424140851229005,22.8,0.3445880058508045,5.960244991116269,0.0596024499111626,0.4853407307322814,standalone_parent:product_margin_quantity,1401,True,3.73,480,True,12.133518268307036,181.03209256314096,2026-06-08,bm_eligible
DRL,Dynamic Regulation,upward,2026-06-08 06:00:00+00:00,2026-06-08T10:00:00+00:00,4.0,25.0,3.952571549128436,1.0,False,11.470426950495115,2.32,0.3445880058508045,29.07026170311065,0.2907026170311064,0.2368096082643678,standalone_parent:product_margin_quantity,179,True,8.83,480,True,5.920240206609195,209.1028840974368,2026-06-08,bm_eligible
DRL,Dynamic Regulation,upward,2026-06-08 10:00:00+00:00,2026-06-08T14:00:00+00:00,4.0,25.0,3.4952146028434843,1.0,False,10.143169650416676,0.77,0.3445880058508045,0.0,0.0,0.3445880058508045,standalone_parent:product,8204,True,10.84,480,True,8.614700146270113,373.5333983422721,2026-06-08,bm_eligible
DRL,Dynamic Regulation,upward,2026-06-08 14:00:00+00:00,2026-06-08T18:00:00+00:00,4.0,25.0,5.220057167336964,1.0,False,15.148690838638997,11.55,0.3445880058508045,4.197330105747369,0.0419733010574736,0.4853407307322814,standalone_parent:product_margin_quantity,1401,True,7.94,480,True,12.133518268307036,385.3605402014315,2026-06-08,bm_eligible
DCH,Dynamic Containment,downward,2026-06-08 18:00:00+00:00,2026-06-08T22:00:00+00:00,4.0,18.0,0.3489410254143429,0.25,False,0.7521617658931391,2.96,0.4639175257731959,0.0,0.0,0.6560693104031714,nonlooped_parent:product_margin_quantity,805,True,0.05,1065,True,11.809247587257085,2.361849517451417,2026-06-08,bm_eligible
DRL,Dynamic Regulation,upward,2026-06-08 18:00:00+00:00,2026-06-08T22:00:00+00:00,4.0,6.0,6.713558029794952,1.0,False,19.4828546432394,17.48,0.3445880058508045,83.34179453961133,3.472574772483805,0.3391947295530913,standalone_parent:product_margin_quantity,1354,True,25.52,480,True,2.035168377318548,207.7499879566774,2026-06-08,bm_eligible
NQR,Quick Reserve,downward,2026-06-08 18:00:00+00:00,2026-06-08T18:30:00+00:00,0.5,1.0,0.0958680381290115,1.0,False,1.2748832993453767,5.11,0.075197500962039,0.0,0.0,0.3813242144198675,standalone_parent:product_margin,841,True,0.66,300,True,0.3813242144198675,0.1258369907585562,2026-06-08,bm_eligible
NQR,Quick Reserve,downward,2026-06-08 18:30:00+00:00,2026-06-08T19:00:00+00:00,0.5,1.0,0.0143496242432073,1.0,False,0.190825812821244,1.04,0.075197500962039,0.0,0.0,0.3644551714175054,standalone_parent:product_margin,767,True,0.0,307,True,0.3644551714175054,0.0,2026-06-08,bm_eligible
NBR,Balancing Reserve,downward,2026-06-08 19:00:00+00:00,2026-06-08T19:30:00+00:00,0.5,1.0,0.0108678788162997,0.5,True,0.0349603967639175,0.0,0.3108625708595066,0.0,0.0,0.3452700803691644,nonlooped_parent:product_margin,554,True,0.0,0,True,0.0,0.0,2026-06-08,bm_eligible
NBR,Balancing Reserve,downward,2026-06-08 19:30:00+00:00,2026-06-08T20:00:00+00:00,0.5,1.0,0.0096196480316236,0.5,True,0.030945018581768,0.0,0.3108625708595066,0.0,0.0,0.3452700803691644,nonlooped_parent:product_margin,554,True,0.0,0,True,0.0,0.0,2026-06-08,bm_eligible
NBR,Balancing Reserve,downward,2026-06-08 20:00:00+00:00,2026-06-08T20:30:00+00:00,0.5,1.0,0.0097418930308852,0.5,True,0.0313382630914676,0.0,0.3108625708595066,0.0,0.0,0.3452700803691644,nonlooped_parent:product_margin,554,True,0.0,0,True,0.0,0.0,2026-06-08,bm_eligible
NBR,Balancing Reserve,downward,2026-06-08 20:30:00+00:00,2026-06-08T21:00:00+00:00,0.5,1.0,0.0086571368993937,0.5,True,0.0278487592618742,0.0,0.3108625708595066,0.0,0.0,0.3452700803691644,nonlooped_parent:product_margin,554,True,0.0,0,True,0.0,0.0,2026-06-08,bm_eligible
PBR,Balancing Reserve,upward,2026-06-08 21:00:00+00:00,2026-06-08T21:30:00+00:00,0.5,1.0,1.880631736313756,0.5,True,3.784624656581961,1.72,0.4969136722826897,0.0,0.0,0.8188492894439156,standalone_parent:product_margin_quantity,536,True,2.33,400,True,0.8188492894439156,0.9539594222021616,2026-06-08,bm_eligible
PQR,Quick Reserve,upward,2026-06-08 21:30:00+00:00,2026-06-08T22:00:00+00:00,0.5,1.0,1.7520565553701737,1.0,False,8.11716544179002,2.02,0.2158458599784071,0.0,0.0,0.8089427333323475,standalone_parent:product_margin_quantity,1045,True,11.75,387,True,0.8089427333323475,4.752538558327541,2026-06-08,bm_eligible
PQR,Quick Reserve,upward,2026-06-08 22:00:00+00:00,2026-06-08T22:30:00+00:00,0.5,25.0,1.2948778108075525,1.0,False,5.999085694472388,2.62,0.2158458599784071,0.0,0.0,0.3975102911913369,standalone_parent:product_margin_quantity,2845,True,3.97,500,True,9.937757279783424,19.726448200370093,2026-06-08,bm_eligible
PSR,Slow Reserve,upward,2026-06-08 22:30:00+00:00,2026-06-08T23:00:00+00:00,0.5,25.0,0.5781136957590713,1.0,False,1.0922195873976035,1.16,0.5293017104156905,0.0,0.0,0.6075311292880494,standalone_parent:product_margin_quantity,37297,True,1.34,1807,True,15.188278232201236,10.176146415574827,2026-06-08,bm_eligible
NQR,Quick Reserve,downward,2026-06-08 23:00:00+00:00,2026-06-08T23:30:00+00:00,0.5,25.0,0.0371004563648506,1.0,False,0.4933735282450354,1.85,0.075197500962039,0.0,0.0,0.3777883907815773,standalone_parent:product_margin_quantity,357,True,0.0,349,True,9.444709769539433,0.0,2026-06-09,non_bm
NQR,Quick Reserve,downward,2026-06-08 23:30:00+00:00,2026-06-09T00:00:00+00:00,0.5,25.0,0.0286444068545383,1.0,False,0.3809223243867973,1.25,0.075197500962039,0.0,0.0,0.3777883907815773,standalone_parent:product_margin_quantity,357,True,0.0,339,True,9.444709769539433,0.0,2026-06-09,non_bm
NQR,Quick Reserve,downward,2026-06-09 00:00:00+00:00,2026-06-09T00:30:00+00:00,0.5,4.0,0.0356310388221706,1.0,False,0.4738327519708105,0.0,0.075197500962039,0.0,0.0,0.3675690281255747,standalone_parent:product_margin,2085,True,0.0,329,True,1.4702761125022987,0.0,2026-06-09,non_bm
PSR,Slow Reserve,upward,2026-06-09 00:00:00+00:00,2026-06-09T00:30:00+00:00,0.5,20.0,0.6724703528329118,1.0,False,1.270485886593457,1.34,0.5293017104156905,0.0,0.0,0.6075311292880494,standalone_parent:product_margin_quantity,37297,True,1.14,1800,True,12.150622585760988,6.925854873883763,2026-06-09,non_bm
PSR,Slow Reserve,upward,2026-06-09 00:30:00+00:00,2026-06-09T01:00:00+00:00,0.5,25.0,0.4908966141199543,1.0,False,0.9274419569406368,0.95,0.5293017104156905,0.0,0.0,0.6504406029713924,standalone_parent:product_margin_quantity,16212,True,1.14,1807,True,16.26101507428481,9.268778592342342,2026-06-09,non_bm
PSR,Slow Reserve,upward,2026-06-09 01:00:00+00:00,2026-06-09T01:30:00+00:00,0.5,25.0,0.4896487351620604,1.0,False,0.9250843621448184,0.9,0.5293017104156905,0.0,0.0,0.6504406029713924,standalone_parent:product_margin_quantity,16212,True,1.14,1807,True,16.26101507428481,9.268778592342342,2026-06-09,non_bm
PSR,Slow Reserve,upward,2026-06-09 01:30:00+00:00,2026-06-09T02:00:00+00:00,0.5,25.0,0.4842812822880546,1.0,False,0.914943732011977,0.9,0.5293017104156905,0.0,0.0,0.6504406029713924,standalone_parent:product_margin_quantity,16212,True,1.14,1807,True,16.26101507428481,9.268778592342342,2026-06-09,non_bm
DRL,Dynamic Regulation,upward,2026-06-09 02:00:00+00:00,2026-06-09T06:00:00+00:00,4.0,25.0,4.080920547692753,1.0,False,11.842897832780809,3.73,0.3445880058508045,15.807654678726976,0.1580765467872697,0.2368096082643678,standalone_parent:product_margin_quantity,179,True,10.31,480,True,5.920240206609195,244.15070612056323,2026-06-09,non_bm
DRL,Dynamic Regulation,upward,2026-06-09 06:00:00+00:00,2026-06-09T10:00:00+00:00,4.0,25.0,4.385056075554067,1.0,False,12.72550408342609,8.83,0.3445880058508045,43.45945139803189,0.4345945139803189,0.4349625459864367,standalone_parent:product_margin_quantity,500,True,10.31,480,True,10.874063649660918,448.4463849120163,2026-06-09,non_bm
DRL,Dynamic Regulation,upward,2026-06-09 10:00:00+00:00,2026-06-09T14:00:00+00:00,4.0,25.0,4.279450978893998,1.0,False,12.419036374547703,10.84,0.3445880058508045,0.0,0.0,0.4853407307322814,standalone_parent:product_margin_quantity,1401,True,11.35,480,True,12.133518268307036,550.8617293811394,2026-06-09,non_bm
DRL,Dynamic Regulation,upward,2026-06-09 14:00:00+00:00,2026-06-09T18:00:00+00:00,4.0,25.0,4.921755853647581,1.0,False,14.283015572453042,7.94,0.3445880058508045,0.0,0.0,0.4349625459864367,standalone_parent:product_margin_quantity,500,True,10.31,480,True,10.874063649660918,448.4463849120163,2026-06-09,non_bm
DRL,Dynamic Regulation,upward,2026-06-09 18:00:00+00:00,2026-06-09T22:00:00+00:00,4.0,9.0,7.40303994790527,1.0,False,21.48374238861508,25.52,0.3445880058508045,125.898616697546,3.497183797154056,0.3391947295530913,standalone_parent:product_margin_quantity,1354,True,10.31,480,True,3.052752565977822,125.89551582092538,2026-06-09,non_bm
NQR,Quick Reserve,downward,2026-06-09 18:00:00+00:00,2026-06-09T18:30:00+00:00,0.5,16.0,0.111403682986204,1.0,False,1.48148118702033,0.66,0.075197500962039,0.0,0.0,0.4953096362482532,standalone_parent:product_margin_quantity,321,True,2.92,300,True,7.924954179972052,11.570433102759196,2026-06-09,non_bm
NQR,Quick Reserve,downward,2026-06-09 18:30:00+00:00,2026-06-09T19:00:00+00:00,0.5,16.0,0.0366199022722278,1.0,False,0.4869829688983165,0.0,0.075197500962039,0.0,0.0,0.4176679787643421,standalone_parent:product_margin_quantity,1125,True,0.0,299,True,6.682687660229473,0.0,2026-06-09,non_bm
NQR,Quick Reserve,downward,2026-06-09 19:00:00+00:00,2026-06-09T19:30:00+00:00,0.5,16.0,0.0132619229170357,1.0,False,0.1763612187555349,0.0,0.075197500962039,1.8189894035458565e-12,2.273736754432321e-13,0.3556536721289777,standalone_parent:product_margin_quantity,447,True,0.0,337,True,5.690458754063644,0.0,2026-06-09,non_bm
NQR,Quick Reserve,downward,2026-06-09 19:30:00+00:00,2026-06-09T20:00:00+00:00,0.5,16.0,0.0069911287273329,1.0,False,0.0929702269077031,0.0,0.075197500962039,0.0,0.0,0.4176679787643421,standalone_parent:product_margin_quantity,1125,True,0.0,308,True,6.682687660229473,0.0,2026-06-09,non_bm
NQR,Quick Reserve,downward,2026-06-09 20:00:00+00:00,2026-06-09T20:30:00+00:00,0.5,16.0,0.0054810272235375,1.0,False,0.0728884225328778,0.01,0.075197500962039,0.0,0.0,0.4176679787643421,standalone_parent:product_margin_quantity,1125,True,0.0,349,True,6.682687660229473,0.0,2026-06-09,non_bm
NQR,Quick Reserve,downward,2026-06-09 20:30:00+00:00,2026-06-09T21:00:00+00:00,0.5,16.0,0.0034979877041788,1.0,False,0.0465173397975646,0.01,0.075197500962039,0.0,0.0,0.4176679787643421,standalone_parent:product_margin_quantity,1125,True,1.0,300,True,6.682687660229473,3.3413438301147367,2026-06-09,non_bm
NQR,Quick Reserve,downward,2026-06-09 21:00:00+00:00,2026-06-09T21:30:00+00:00,0.5,11.0,0.0053011882154998,1.0,False,0.0704968668862541,0.01,0.075197500962039,0.0,0.0,0.4176679787643421,standalone_parent:product_margin_quantity,1125,True,0.0,336,True,4.594347766407763,0.0,2026-06-09,non_bm
PSR,Slow Reserve,upward,2026-06-09 21:00:00+00:00,2026-06-09T21:30:00+00:00,0.5,4.0,1.3966050091210231,1.0,False,2.638580192805707,2.5,0.5293017104156905,0.0,0.0,0.7637491480313284,standalone_parent:product_margin_quantity,2784,True,2.5,1805,True,3.0549965921253137,3.818745740156642,2026-06-09,non_bm
PQR,Quick Reserve,upward,2026-06-09 21:30:00+00:00,2026-06-09T22:00:00+00:00,0.5,16.0,2.2147337072042244,1.0,False,10.260718956693369,11.75,0.2158458599784071,0.0,0.0,0.6029783081641092,standalone_parent:product_margin_quantity,1089,True,12.63,500,True,9.647652930625748,60.9249282569016,2026-06-09,non_bm
PQR,Quick Reserve,upward,2026-06-09 22:00:00+00:00,2026-06-09T22:30:00+00:00,0.5,25.0,1.390285031441732,1.0,False,6.441101217233512,3.97,0.2158458599784071,0.0,0.0,0.3975102911913369,standalone_parent:product_margin_quantity,2845,True,4.5,500,True,9.937757279783424,22.3599538795127,2026-06-09,non_bm
PSR,Slow Reserve,upward,2026-06-09 22:30:00+00:00,2026-06-09T23:00:00+00:00,0.5,25.0,0.8851835867396509,1.0,False,1.6723610925883203,1.34,0.5293017104156905,0.0,0.0,0.6075311292880494,standalone_parent:product_margin_quantity,37297,True,1.53,1803,True,15.188278232201236,11.619032847633944,2026-06-09,non_bm
NQR,Quick Reserve,downward,2026-06-08 23:00:00+00:00,2026-06-08T23:30:00+00:00,0.5,25.0,0.0371004563648506,1.0,False,0.4933735282450354,1.85,0.075197500962039,0.0,0.0,0.3777883907815773,standalone_parent:product_margin_quantity,357,True,0.0,349,True,9.444709769539433,0.0,2026-06-09,bm_eligible
NQR,Quick Reserve,downward,2026-06-08 23:30:00+00:00,2026-06-09T00:00:00+00:00,0.5,25.0,0.0286444068545383,1.0,False,0.3809223243867973,1.25,0.075197500962039,0.0,0.0,0.3777883907815773,standalone_parent:product_margin_quantity,357,True,0.0,339,True,9.444709769539433,0.0,2026-06-09,bm_eligible
NQR,Quick Reserve,downward,2026-06-09 00:00:00+00:00,2026-06-09T00:30:00+00:00,0.5,5.0,0.0356310388221706,1.0,False,0.4738327519708105,0.0,0.075197500962039,0.0,0.0,0.3675690281255747,standalone_parent:product_margin,2085,True,0.0,329,True,1.8378451406278733,0.0,2026-06-09,bm_eligible
PSR,Slow Reserve,upward,2026-06-09 00:00:00+00:00,2026-06-09T00:30:00+00:00,0.5,20.0,0.6724703528329118,1.0,False,1.270485886593457,1.34,0.5293017104156905,0.0,0.0,0.6075311292880494,standalone_parent:product_margin_quantity,37297,True,1.14,1800,True,12.150622585760988,6.925854873883763,2026-06-09,bm_eligible
PSR,Slow Reserve,upward,2026-06-09 00:30:00+00:00,2026-06-09T01:00:00+00:00,0.5,25.0,0.4908966141199543,1.0,False,0.9274419569406368,0.95,0.5293017104156905,0.0,0.0,0.6504406029713924,standalone_parent:product_margin_quantity,16212,True,1.14,1807,True,16.26101507428481,9.268778592342342,2026-06-09,bm_eligible
PSR,Slow Reserve,upward,2026-06-09 01:00:00+00:00,2026-06-09T01:30:00+00:00,0.5,25.0,0.4896487351620604,1.0,False,0.9250843621448184,0.9,0.5293017104156905,0.0,0.0,0.6504406029713924,standalone_parent:product_margin_quantity,16212,True,1.14,1807,True,16.26101507428481,9.268778592342342,2026-06-09,bm_eligible
PSR,Slow Reserve,upward,2026-06-09 01:30:00+00:00,2026-06-09T02:00:00+00:00,0.5,25.0,0.4842812822880546,1.0,False,0.914943732011977,0.9,0.5293017104156905,0.0,0.0,0.6504406029713924,standalone_parent:product_margin_quantity,16212,True,1.14,1807,True,16.26101507428481,9.268778592342342,2026-06-09,bm_eligible
DRL,Dynamic Regulation,upward,2026-06-09 02:00:00+00:00,2026-06-09T06:00:00+00:00,4.0,25.0,4.080920547692753,1.0,False,11.842897832780809,3.73,0.3445880058508045,15.807654678726976,0.1580765467872697,0.2368096082643678,standalone_parent:product_margin_quantity,179,True,10.31,480,True,5.920240206609195,244.15070612056323,2026-06-09,bm_eligible
DRL,Dynamic Regulation,upward,2026-06-09 06:00:00+00:00,2026-06-09T10:00:00+00:00,4.0,25.0,4.385056075554067,1.0,False,12.72550408342609,8.83,0.3445880058508045,43.45945139803189,0.4345945139803189,0.4349625459864367,standalone_parent:product_margin_quantity,500,True,10.31,480,True,10.874063649660918,448.4463849120163,2026-06-09,bm_eligible
DRL,Dynamic Regulation,upward,2026-06-09 10:00:00+00:00,2026-06-09T14:00:00+00:00,4.0,25.0,4.279450978893998,1.0,False,12.419036374547703,10.84,0.3445880058508045,0.0,0.0,0.4853407307322814,standalone_parent:product_margin_quantity,1401,True,11.35,480,True,12.133518268307036,550.8617293811394,2026-06-09,bm_eligible
DRL,Dynamic Regulation,upward,2026-06-09 14:00:00+00:00,2026-06-09T18:00:00+00:00,4.0,25.0,4.921755853647581,1.0,False,14.283015572453042,7.94,0.3445880058508045,0.0,0.0,0.4349625459864367,standalone_parent:product_margin_quantity,500,True,10.31,480,True,10.874063649660918,448.4463849120163,2026-06-09,bm_eligible
DRL,Dynamic Regulation,upward,2026-06-09 18:00:00+00:00,2026-06-09T22:00:00+00:00,4.0,7.0,7.40303994790527,1.0,False,21.48374238861508,25.52,0.3445880058508045,86.24560600896257,3.080200214605806,0.3391947295530913,standalone_parent:product_margin_quantity,1354,True,10.31,480,True,2.3743631068716398,97.9187345273864,2026-06-09,bm_eligible
NQR,Quick Reserve,downward,2026-06-09 18:00:00+00:00,2026-06-09T18:30:00+00:00,0.5,18.0,0.111403682986204,1.0,False,1.48148118702033,0.66,0.075197500962039,0.0,0.0,0.4953096362482532,standalone_parent:product_margin_quantity,321,True,2.92,300,True,8.915573452468559,13.016737240604096,2026-06-09,bm_eligible
NQR,Quick Reserve,downward,2026-06-09 18:30:00+00:00,2026-06-09T19:00:00+00:00,0.5,18.0,0.0366199022722278,1.0,False,0.4869829688983165,0.0,0.075197500962039,0.0,0.0,0.4176679787643421,standalone_parent:product_margin_quantity,1125,True,0.0,299,True,7.518023617758158,0.0,2026-06-09,bm_eligible
NQR,Quick Reserve,downward,2026-06-09 19:00:00+00:00,2026-06-09T19:30:00+00:00,0.5,18.0,0.0132619229170357,1.0,False,0.1763612187555349,0.0,0.075197500962039,1.8189894035458565e-12,2.0210993372731737e-13,0.3556536721289777,standalone_parent:product_margin_quantity,447,True,0.0,337,True,6.401766098321599,0.0,2026-06-09,bm_eligible
NQR,Quick Reserve,downward,2026-06-09 19:30:00+00:00,2026-06-09T20:00:00+00:00,0.5,18.0,0.0069911287273329,1.0,False,0.0929702269077031,0.0,0.075197500962039,0.0,0.0,0.4176679787643421,standalone_parent:product_margin_quantity,1125,True,0.0,308,True,7.518023617758158,0.0,2026-06-09,bm_eligible
NQR,Quick Reserve,downward,2026-06-09 20:00:00+00:00,2026-06-09T20:30:00+00:00,0.5,18.0,0.0054810272235375,1.0,False,0.0728884225328778,0.01,0.075197500962039,0.0,0.0,0.4176679787643421,standalone_parent:product_margin_quantity,1125,True,0.0,349,True,7.518023617758158,0.0,2026-06-09,bm_eligible
NQR,Quick Reserve,downward,2026-06-09 20:30:00+00:00,2026-06-09T21:00:00+00:00,0.5,18.0,0.0034979877041788,1.0,False,0.0465173397975646,0.01,0.075197500962039,1.8189894035458565e-12,2.0210993372731737e-13,0.4176679787643421,standalone_parent:product_margin_quantity,1125,True,1.0,300,True,7.518023617758158,3.759011808879079,2026-06-09,bm_eligible
PBR,Balancing Reserve,upward,2026-06-09 21:00:00+00:00,2026-06-09T21:30:00+00:00,0.5,18.0,2.1629732071953263,0.5,True,4.352814840572208,2.33,0.4969136722826897,0.0,0.0,0.6607848333906396,standalone_parent:product_margin_quantity,4850,True,2.28,400,True,11.894127001031514,13.559304781175925,2026-06-09,bm_eligible
PQR,Quick Reserve,upward,2026-06-09 21:30:00+00:00,2026-06-09T22:00:00+00:00,0.5,18.0,2.2147337072042244,1.0,False,10.260718956693369,11.75,0.2158458599784071,0.0,0.0,0.6029783081641092,standalone_parent:product_margin_quantity,1089,True,12.63,500,True,10.853609546953969,68.5405442890143,2026-06-09,bm_eligible
PQR,Quick Reserve,upward,2026-06-09 22:00:00+00:00,2026-06-09T22:30:00+00:00,0.5,25.0,1.390285031441732,1.0,False,6.441101217233512,3.97,0.2158458599784071,0.0,0.0,0.3975102911913369,standalone_parent:product_margin_quantity,2845,True,4.5,500,True,9.937757279783424,22.3599538795127,2026-06-09,bm_eligible
PBR,Balancing Reserve,upward,2026-06-09 22:30:00+00:00,2026-06-09T23:00:00+00:00,0.5,25.0,1.4855883877878284,0.5,True,2.989630735985647,13.88,0.4969136722826897,0.0,0.0,0.5890894085119306,standalone_parent:product_margin_quantity,1009,True,3.19,200,True,14.727235212798265,23.48994016441323,2026-06-09,bm_eligible
NQR,Quick Reserve,downward,2026-06-09 23:00:00+00:00,2026-06-09T23:30:00+00:00,0.5,25.0,0.0360428711136663,1.0,False,0.4793094272090419,0.0,0.075197500962039,0.0,0.0,0.4176679787643421,standalone_parent:product_margin_quantity,1125,True,0.0,318,True,10.441699469108553,0.0,2026-06-10,non_bm
NQR,Quick Reserve,downward,2026-06-09 23:30:00+00:00,2026-06-10T00:00:00+00:00,0.5,25.0,0.0281846161551955,1.0,False,0.3748078831691978,0.0,0.075197500962039,0.0,0.0,0.4176679787643421,standalone_parent:product_margin_quantity,1125,True,0.0,306,True,10.441699469108553,0.0,2026-06-10,non_bm
NQR,Quick Reserve,downward,2026-06-10 00:00:00+00:00,2026-06-10T00:30:00+00:00,0.5,22.0,0.0398735138466007,1.0,False,0.5302505181219995,0.0,0.075197500962039,0.0,0.0,0.4176679787643421,standalone_parent:product_margin_quantity,1125,True,1.0,300,True,9.188695532815526,4.594347766407763,2026-06-10,non_bm
PSR,Slow Reserve,upward,2026-06-10 00:00:00+00:00,2026-06-10T00:30:00+00:00,0.5,2.0,0.6758544908165535,1.0,False,1.276879476330743,1.14,0.5293017104156905,0.0,0.0,0.7610122968239139,standalone_parent:product_margin_quantity,1990,True,6.42,1800,True,1.5220245936478278,4.885698945609527,2026-06-10,non_bm
PSR,Slow Reserve,upward,2026-06-10 00:30:00+00:00,2026-06-10T01:00:00+00:00,0.5,25.0,0.4787824003059852,1.0,False,0.9045547952791808,1.14,0.5293017104156905,0.0,0.0,0.6075311292880494,standalone_parent:product_margin_quantity,37297,True,6.42,1800,True,15.188278232201236,48.754373125365966,2026-06-10,non_bm
PSR,Slow Reserve,upward,2026-06-10 01:00:00+00:00,2026-06-10T01:30:00+00:00,0.5,25.0,0.4792635085350597,1.0,False,0.9054637442200348,1.14,0.5293017104156905,0.0,0.0,0.6075311292880494,standalone_parent:product_margin_quantity,37297,True,6.42,1800,True,15.188278232201236,48.754373125365966,2026-06-10,non_bm
PSR,Slow Reserve,upward,2026-06-10 01:30:00+00:00,2026-06-10T02:00:00+00:00,0.5,25.0,0.4748954745123098,1.0,False,0.8972112977669157,1.14,0.5293017104156905,0.0,0.0,0.6075311292880494,standalone_parent:product_margin_quantity,37297,True,1.1,1804,True,15.188278232201236,8.35355302771068,2026-06-10,non_bm
DRL,Dynamic Regulation,upward,2026-06-10 02:00:00+00:00,2026-06-10T06:00:00+00:00,4.0,25.0,4.196467888270994,1.0,False,12.178218095286605,10.31,0.3445880058508045,4.228816118760733,0.0422881611876073,0.4853407307322814,standalone_parent:product_margin_quantity,1401,True,17.83,480,True,12.133518268307036,865.3625228956577,2026-06-10,non_bm
DRL,Dynamic Regulation,upward,2026-06-10 06:00:00+00:00,2026-06-10T10:00:00+00:00,4.0,25.0,4.3158625468032135,1.0,False,12.52470333709712,10.31,0.3445880058508045,44.13995142116028,0.4413995142116028,0.4349625459864367,standalone_parent:product_margin_quantity,500,True,15.47,480,True,10.874063649660918,672.8870586410177,2026-06-10,non_bm
DRL,Dynamic Regulation,upward,2026-06-10 10:00:00+00:00,2026-06-10T14:00:00+00:00,4.0,25.0,4.189448801555524,1.0,False,12.157848591426076,11.35,0.3445880058508045,0.0,0.0,0.4853407307322814,standalone_parent:product_margin_quantity,1401,True,13.29,480,True,12.133518268307036,645.017831143202,2026-06-10,non_bm
DRL,Dynamic Regulation,upward,2026-06-10 14:00:00+00:00,2026-06-10T18:00:00+00:00,4.0,25.0,4.864159054603204,1.0,False,14.115868724430378,10.31,0.3445880058508045,0.0,0.0,0.4853407307322814,standalone_parent:product_margin_quantity,1401,True,18.29,480,True,12.133518268307036,887.6881965093427,2026-06-10,non_bm
DRL,Dynamic Regulation,upward,2026-06-10 18:00:00+00:00,2026-06-10T22:00:00+00:00,4.0,8.0,6.410774458455602,1.0,False,18.60417179241944,10.31,0.3445880058508045,123.38032410515734,3.855635128286167,0.3166588938587751,standalone_parent:product_margin_quantity,456,True,27.97,480,True,2.5332711508702013,283.4223763593581,2026-06-10,non_bm
NQR,Quick Reserve,downward,2026-06-10 18:00:00+00:00,2026-06-10T18:30:00+00:00,0.5,17.0,0.1377200434461914,1.0,False,1.8314444188207104,2.92,0.075197500962039,0.0,0.0,0.317030670202272,standalone_parent:product_margin_quantity,435,True,1.56,289,True,5.389521393438625,4.203826686882128,2026-06-10,non_bm
NQR,Quick Reserve,downward,2026-06-10 18:30:00+00:00,2026-06-10T19:00:00+00:00,0.5,17.0,0.0474645785743465,1.0,False,0.631198882504187,0.0,0.075197500962039,0.0,0.0,0.4176679787643421,standalone_parent:product_margin_quantity,1125,True,0.45,300,True,7.100355638993816,1.5975800187736084,2026-06-10,non_bm
NQR,Quick Reserve,downward,2026-06-10 19:00:00+00:00,2026-06-10T19:30:00+00:00,0.5,17.0,0.0199950205001876,1.0,False,0.265900066416854,0.0,0.075197500962039,0.0,0.0,0.4176679787643421,standalone_parent:product_margin_quantity,1125,True,0.0,300,True,7.100355638993816,0.0,2026-06-10,non_bm
NQR,Quick Reserve,downward,2026-06-10 19:30:00+00:00,2026-06-10T20:00:00+00:00,0.5,17.0,0.0155137484236628,1.0,False,0.2063067020205152,0.0,0.075197500962039,0.0,0.0,0.4176679787643421,standalone_parent:product_margin_quantity,1125,True,0.0,300,True,7.100355638993816,0.0,2026-06-10,non_bm
NQR,Quick Reserve,downward,2026-06-10 20:00:00+00:00,2026-06-10T20:30:00+00:00,0.5,17.0,0.0110444137274615,1.0,False,0.146872084659262,0.0,0.075197500962039,0.0,0.0,0.4176679787643421,standalone_parent:product_margin_quantity,1125,True,0.0,300,True,7.100355638993816,0.0,2026-06-10,non_bm
NQR,Quick Reserve,downward,2026-06-10 20:30:00+00:00,2026-06-10T21:00:00+00:00,0.5,17.0,0.024632985213756,1.0,False,0.3275771787441607,1.0,0.075197500962039,0.0,0.0,0.3777883907815773,standalone_parent:product_margin_quantity,357,True,0.0,342,True,6.422402643286814,0.0,2026-06-10,non_bm
NQR,Quick Reserve,downward,2026-06-10 21:00:00+00:00,2026-06-10T21:30:00+00:00,0.5,17.0,0.0109024984674676,1.0,False,0.1449848509323652,0.0,0.075197500962039,0.0,0.0,0.4176679787643421,standalone_parent:product_margin_quantity,1125,True,0.0,300,True,7.100355638993816,0.0,2026-06-10,non_bm
PQR,Quick Reserve,upward,2026-06-10 21:30:00+00:00,2026-06-10T22:00:00+00:00,0.5,17.0,2.21868740531832,1.0,False,10.279036186009192,12.63,0.2158458599784071,0.0,0.0,0.6029783081641092,standalone_parent:product_margin_quantity,1089,True,13.22,500,True,10.250631238789856,67.75667248840097,2026-06-10,non_bm
PQR,Quick Reserve,upward,2026-06-10 22:00:00+00:00,2026-06-10T22:30:00+00:00,0.5,25.0,1.4278826329552652,1.0,False,6.61528848919367,4.5,0.2158458599784071,0.0,0.0,0.3975102911913369,standalone_parent:product_margin_quantity,2845,True,7.81,500,True,9.937757279783424,38.80694217755426,2026-06-10,non_bm
PSR,Slow Reserve,upward,2026-06-10 22:30:00+00:00,2026-06-10T23:00:00+00:00,0.5,25.0,0.9210962034788144,1.0,False,1.7402101397998988,1.53,0.5293017104156905,0.0,0.0,0.6075311292880494,standalone_parent:product_margin_quantity,37297,True,1.7,1807,True,15.188278232201236,12.910036497371047,2026-06-10,non_bm
NQR,Quick Reserve,downward,2026-06-09 23:00:00+00:00,2026-06-09T23:30:00+00:00,0.5,25.0,0.0360428711136663,1.0,False,0.4793094272090419,0.0,0.075197500962039,0.0,0.0,0.4176679787643421,standalone_parent:product_margin_quantity,1125,True,0.0,318,True,10.441699469108553,0.0,2026-06-10,bm_eligible
NQR,Quick Reserve,downward,2026-06-09 23:30:00+00:00,2026-06-10T00:00:00+00:00,0.5,25.0,0.0281846161551955,1.0,False,0.3748078831691978,0.0,0.075197500962039,0.0,0.0,0.4176679787643421,standalone_parent:product_margin_quantity,1125,True,0.0,306,True,10.441699469108553,0.0,2026-06-10,bm_eligible
NQR,Quick Reserve,downward,2026-06-10 00:00:00+00:00,2026-06-10T00:30:00+00:00,0.5,22.0,0.0398735138466007,1.0,False,0.5302505181219995,0.0,0.075197500962039,0.0,0.0,0.4176679787643421,standalone_parent:product_margin_quantity,1125,True,1.0,300,True,9.188695532815526,4.594347766407763,2026-06-10,bm_eligible
PSR,Slow Reserve,upward,2026-06-10 00:00:00+00:00,2026-06-10T00:30:00+00:00,0.5,2.0,0.6758544908165535,1.0,False,1.276879476330743,1.14,0.5293017104156905,0.0,0.0,0.7610122968239139,standalone_parent:product_margin_quantity,1990,True,6.42,1800,True,1.5220245936478278,4.885698945609527,2026-06-10,bm_eligible
PSR,Slow Reserve,upward,2026-06-10 00:30:00+00:00,2026-06-10T01:00:00+00:00,0.5,25.0,0.4787824003059852,1.0,False,0.9045547952791808,1.14,0.5293017104156905,0.0,0.0,0.6075311292880494,standalone_parent:product_margin_quantity,37297,True,6.42,1800,True,15.188278232201236,48.754373125365966,2026-06-10,bm_eligible
PBR,Balancing Reserve,upward,2026-06-10 01:00:00+00:00,2026-06-10T01:30:00+00:00,0.5,25.0,0.7179671797570343,0.5,True,1.444852938859346,7.21,0.4969136722826897,0.0,0.0,0.6597699437655393,standalone_parent:product_margin_quantity,1664,True,1.1,200,True,16.494248594138483,9.071836726776166,2026-06-10,bm_eligible
PSR,Slow Reserve,upward,2026-06-10 01:30:00+00:00,2026-06-10T02:00:00+00:00,0.5,25.0,0.4748954745123098,1.0,False,0.8972112977669157,1.14,0.5293017104156905,0.0,0.0,0.6075311292880494,standalone_parent:product_margin_quantity,37297,True,1.1,1804,True,15.188278232201236,8.35355302771068,2026-06-10,bm_eligible
DRL,Dynamic Regulation,upward,2026-06-10 02:00:00+00:00,2026-06-10T06:00:00+00:00,4.0,25.0,4.196467888270994,1.0,False,12.178218095286605,10.31,0.3445880058508045,4.228816118760733,0.0422881611876073,0.4853407307322814,standalone_parent:product_margin_quantity,1401,True,17.83,480,True,12.133518268307036,865.3625228956577,2026-06-10,bm_eligible
DRL,Dynamic Regulation,upward,2026-06-10 06:00:00+00:00,2026-06-10T10:00:00+00:00,4.0,25.0,4.3158625468032135,1.0,False,12.52470333709712,10.31,0.3445880058508045,44.13995142116028,0.4413995142116028,0.4349625459864367,standalone_parent:product_margin_quantity,500,True,15.47,480,True,10.874063649660918,672.8870586410177,2026-06-10,bm_eligible
DRL,Dynamic Regulation,upward,2026-06-10 10:00:00+00:00,2026-06-10T14:00:00+00:00,4.0,25.0,4.189448801555524,1.0,False,12.157848591426076,11.35,0.3445880058508045,0.0,0.0,0.4853407307322814,standalone_parent:product_margin_quantity,1401,True,13.29,480,True,12.133518268307036,645.017831143202,2026-06-10,bm_eligible
DRL,Dynamic Regulation,upward,2026-06-10 14:00:00+00:00,2026-06-10T18:00:00+00:00,4.0,25.0,4.864159054603204,1.0,False,14.115868724430378,10.31,0.3445880058508045,0.0,0.0,0.4853407307322814,standalone_parent:product_margin_quantity,1401,True,18.29,480,True,12.133518268307036,887.6881965093427,2026-06-10,bm_eligible
DRL,Dynamic Regulation,upward,2026-06-10 18:00:00+00:00,2026-06-10T22:00:00+00:00,4.0,6.0,6.410774458455602,1.0,False,18.60417179241944,10.31,0.3445880058508045,86.1953202607092,3.5914716775295497,0.3166588938587751,standalone_parent:product_margin_quantity,456,True,27.97,480,True,1.899953363152651,212.5667822695186,2026-06-10,bm_eligible
NQR,Quick Reserve,downward,2026-06-10 18:00:00+00:00,2026-06-10T18:30:00+00:00,0.5,19.0,0.1377200434461914,1.0,False,1.8314444188207104,2.92,0.075197500962039,0.0,0.0,0.317030670202272,standalone_parent:product_margin_quantity,435,True,1.56,289,True,6.023582733843169,4.698394532397672,2026-06-10,bm_eligible
NQR,Quick Reserve,downward,2026-06-10 18:30:00+00:00,2026-06-10T19:00:00+00:00,0.5,19.0,0.0474645785743465,1.0,False,0.631198882504187,0.0,0.075197500962039,0.0,0.0,0.4176679787643421,standalone_parent:product_margin_quantity,1125,True,0.45,300,True,7.935691596522499,1.7855306092175625,2026-06-10,bm_eligible
NQR,Quick Reserve,downward,2026-06-10 19:00:00+00:00,2026-06-10T19:30:00+00:00,0.5,19.0,0.0199950205001876,1.0,False,0.265900066416854,0.0,0.075197500962039,0.0,0.0,0.4176679787643421,standalone_parent:product_margin_quantity,1125,True,0.0,300,True,7.935691596522499,0.0,2026-06-10,bm_eligible
NQR,Quick Reserve,downward,2026-06-10 19:30:00+00:00,2026-06-10T20:00:00+00:00,0.5,19.0,0.0155137484236628,1.0,False,0.2063067020205152,0.0,0.075197500962039,0.0,0.0,0.4176679787643421,standalone_parent:product_margin_quantity,1125,True,0.0,300,True,7.935691596522499,0.0,2026-06-10,bm_eligible
NQR,Quick Reserve,downward,2026-06-10 20:00:00+00:00,2026-06-10T20:30:00+00:00,0.5,19.0,0.0110444137274615,1.0,False,0.146872084659262,0.0,0.075197500962039,0.0,0.0,0.4176679787643421,standalone_parent:product_margin_quantity,1125,True,0.0,300,True,7.935691596522499,0.0,2026-06-10,bm_eligible
NQR,Quick Reserve,downward,2026-06-10 20:30:00+00:00,2026-06-10T21:00:00+00:00,0.5,19.0,0.024632985213756,1.0,False,0.3275771787441607,1.0,0.075197500962039,0.0,0.0,0.3777883907815773,standalone_parent:product_margin_quantity,357,True,0.0,342,True,7.177979424849968,0.0,2026-06-10,bm_eligible
PBR,Balancing Reserve,upward,2026-06-10 21:00:00+00:00,2026-06-10T21:30:00+00:00,0.5,19.0,2.0258142523266707,0.5,True,4.076793144009535,2.28,0.4969136722826897,0.0,0.0,0.6607848333906396,standalone_parent:product_margin_quantity,4850,True,0.89,388,True,12.554911834422152,5.5869357663178585,2026-06-10,bm_eligible
PQR,Quick Reserve,upward,2026-06-10 21:30:00+00:00,2026-06-10T22:00:00+00:00,0.5,19.0,2.21868740531832,1.0,False,10.279036186009192,12.63,0.2158458599784071,0.0,0.0,0.6029783081641092,standalone_parent:product_margin_quantity,1089,True,13.22,500,True,11.456587855118077,75.72804572233048,2026-06-10,bm_eligible
PQR,Quick Reserve,upward,2026-06-10 22:00:00+00:00,2026-06-10T22:30:00+00:00,0.5,25.0,1.4278826329552652,1.0,False,6.61528848919367,4.5,0.2158458599784071,0.0,0.0,0.3975102911913369,standalone_parent:product_margin_quantity,2845,True,7.81,500,True,9.937757279783424,38.80694217755426,2026-06-10,bm_eligible
PSR,Slow Reserve,upward,2026-06-10 22:30:00+00:00,2026-06-10T23:00:00+00:00,0.5,25.0,0.9210962034788144,1.0,False,1.7402101397998988,1.53,0.5293017104156905,0.0,0.0,0.6075311292880494,standalone_parent:product_margin_quantity,37297,True,1.7,1807,True,15.188278232201236,12.910036497371047,2026-06-10,bm_eligible
NQR,Quick Reserve,downward,2026-06-10 23:00:00+00:00,2026-06-10T23:30:00+00:00,0.5,25.0,0.0090731734205025,1.0,False,0.120657911558562,0.0,0.075197500962039,0.0,0.0,0.4176679787643421,standalone_parent:product_margin_quantity,1125,True,0.0,314,True,10.441699469108553,0.0,2026-06-11,non_bm
NQR,Quick Reserve,downward,2026-06-10 23:30:00+00:00,2026-06-11T00:00:00+00:00,0.5,25.0,0.0124149374238422,1.0,False,0.1650977394861761,0.0,0.075197500962039,0.0,0.0,0.4176679787643421,standalone_parent:product_margin_quantity,1125,True,0.0,315,True,10.441699469108553,0.0,2026-06-11,non_bm
NQR,Quick Reserve,downward,2026-06-11 00:00:00+00:00,2026-06-11T00:30:00+00:00,0.5,25.0,0.023652487554767,1.0,False,0.3145382127353835,1.0,0.075197500962039,0.0,0.0,0.3777883907815773,standalone_parent:product_margin_quantity,357,True,0.0,344,True,9.444709769539433,0.0,2026-06-11,non_bm
PSR,Slow Reserve,upward,2026-06-11 00:30:00+00:00,2026-06-11T01:00:00+00:00,0.5,25.0,0.8307601182445522,1.0,False,1.5695398331362076,6.42,0.5293017104156905,0.0,0.0,0.5384783820628996,standalone_parent:product_margin_quantity,27562,True,0.59,1810,True,13.46195955157249,3.971278067713884,2026-06-11,non_bm
PSR,Slow Reserve,upward,2026-06-11 01:00:00+00:00,2026-06-11T01:30:00+00:00,0.5,25.0,0.8273968092118298,1.0,False,1.5631855951533358,6.42,0.5293017104156905,0.0,0.0,0.5384783820628996,standalone_parent:product_margin_quantity,27562,True,0.59,1810,True,13.46195955157249,3.971278067713884,2026-06-11,non_bm
PSR,Slow Reserve,upward,2026-06-11 01:30:00+00:00,2026-06-11T02:00:00+00:00,0.5,25.0,0.6379142096256761,1.0,False,1.205199599911903,1.1,0.5293017104156905,0.0,0.0,0.6075311292880494,standalone_parent:product_margin_quantity,37297,True,0.59,1810,True,15.188278232201236,4.480542078499364,2026-06-11,non_bm
DRL,Dynamic Regulation,upward,2026-06-11 02:00:00+00:00,2026-06-11T06:00:00+00:00,4.0,25.0,4.917398136508893,1.0,False,14.270369406409252,17.83,0.3445880058508045,1.569830416192417,0.0156983041619241,0.4853407307322814,standalone_parent:product_margin_quantity,1401,True,17.65,480,True,12.133518268307036,856.6263897424767,2026-06-11,non_bm
DRL,Dynamic Regulation,upward,2026-06-11 06:00:00+00:00,2026-06-11T10:00:00+00:00,4.0,25.0,4.433420517871454,1.0,False,12.865858482001205,15.47,0.3445880058508045,61.31394914962357,0.6131394914962357,0.4853407307322814,standalone_parent:product_margin_quantity,1401,True,16.59,480,True,12.133518268307036,805.1802722848549,2026-06-11,non_bm
DRL,Dynamic Regulation,upward,2026-06-11 10:00:00+00:00,2026-06-11T14:00:00+00:00,4.0,25.0,4.083809352913629,1.0,False,11.851281192537463,13.29,0.3445880058508045,0.0,0.0,0.4853407307322814,standalone_parent:product_margin_quantity,1401,True,16.7,480,True,12.133518268307036,810.5190203229099,2026-06-11,non_bm
DRL,Dynamic Regulation,upward,2026-06-11 14:00:00+00:00,2026-06-11T18:00:00+00:00,4.0,25.0,5.359839965010365,1.0,False,15.554342791986215,18.29,0.3445880058508045,0.0,0.0,0.4853407307322814,standalone_parent:product_margin_quantity,1401,True,20.56,480,True,12.133518268307036,997.8605423855704,2026-06-11,non_bm
DRL,Dynamic Regulation,upward,2026-06-11 18:00:00+00:00,2026-06-11T22:00:00+00:00,4.0,8.0,7.633482854997108,1.0,False,22.152491454685627,27.97,0.3445880058508045,109.53315576706107,3.422911117720659,0.3391947295530913,standalone_parent:product_margin_quantity,1354,True,21.19,480,True,2.7135578364247306,230.00116221536015,2026-06-11,non_bm
NQR,Quick Reserve,downward,2026-06-11 18:00:00+00:00,2026-06-11T18:30:00+00:00,0.5,17.0,0.118124082735361,1.0,False,1.5708511748946556,1.56,0.075197500962039,0.0,0.0,0.3777883907815773,standalone_parent:product_margin_quantity,357,True,0.0,341,True,6.422402643286814,0.0,2026-06-11,non_bm
NQR,Quick Reserve,downward,2026-06-11 18:30:00+00:00,2026-06-11T19:00:00+00:00,0.5,17.0,0.030265926475746,1.0,False,0.402485801902178,0.45,0.075197500962039,0.0,0.0,0.4176679787643421,standalone_parent:product_margin_quantity,1125,True,0.0,300,True,7.100355638993816,0.0,2026-06-11,non_bm
PSR,Slow Reserve,upward,2026-06-11 21:00:00+00:00,2026-06-11T21:30:00+00:00,0.5,15.0,2.1832424030309125,1.0,False,4.124759773242163,21.16,0.5293017104156905,0.0,0.0,0.5976150939668087,standalone_parent:product_margin_quantity,3361,True,2.5,1800,True,8.96422640950213,11.205283011877665,2026-06-11,non_bm
PQR,Quick Reserve,upward,2026-06-11 21:30:00+00:00,2026-06-11T22:00:00+00:00,0.5,17.0,2.2414151460391434,1.0,False,10.384332348386812,13.22,0.2158458599784071,0.0,0.0,0.6029783081641092,standalone_parent:product_margin_quantity,1089,True,12.58,431,True,10.250631238789856,64.47647049198821,2026-06-11,non_bm
PQR,Quick Reserve,upward,2026-06-11 22:00:00+00:00,2026-06-11T22:30:00+00:00,0.5,25.0,1.429628960308058,1.0,False,6.623379111608052,7.81,0.2158458599784071,0.0,0.0,0.5867704553048403,standalone_parent:product_margin_quantity,2702,True,11.56,488,True,14.669261382621007,84.78833079154943,2026-06-11,non_bm
PSR,Slow Reserve,upward,2026-06-11 22:30:00+00:00,2026-06-11T23:00:00+00:00,0.5,25.0,1.046047602282603,1.0,False,1.97627852262386,1.7,0.5293017104156905,0.0,0.0,0.6075311292880494,standalone_parent:product_margin_quantity,37297,True,1.48,1800,True,15.188278232201236,11.239325891828914,2026-06-11,non_bm
NQR,Quick Reserve,downward,2026-06-10 23:00:00+00:00,2026-06-10T23:30:00+00:00,0.5,25.0,0.0090731734205025,1.0,False,0.120657911558562,0.0,0.075197500962039,0.0,0.0,0.4176679787643421,standalone_parent:product_margin_quantity,1125,True,0.0,314,True,10.441699469108553,0.0,2026-06-11,bm_eligible
NQR,Quick Reserve,downward,2026-06-10 23:30:00+00:00,2026-06-11T00:00:00+00:00,0.5,25.0,0.0124149374238422,1.0,False,0.1650977394861761,0.0,0.075197500962039,0.0,0.0,0.4176679787643421,standalone_parent:product_margin_quantity,1125,True,0.0,315,True,10.441699469108553,0.0,2026-06-11,bm_eligible
NQR,Quick Reserve,downward,2026-06-11 00:00:00+00:00,2026-06-11T00:30:00+00:00,0.5,25.0,0.023652487554767,1.0,False,0.3145382127353835,1.0,0.075197500962039,0.0,0.0,0.3777883907815773,standalone_parent:product_margin_quantity,357,True,0.0,344,True,9.444709769539433,0.0,2026-06-11,bm_eligible
PSR,Slow Reserve,upward,2026-06-11 00:30:00+00:00,2026-06-11T01:00:00+00:00,0.5,25.0,0.8307601182445522,1.0,False,1.5695398331362076,6.42,0.5293017104156905,0.0,0.0,0.5384783820628996,standalone_parent:product_margin_quantity,27562,True,0.59,1810,True,13.46195955157249,3.971278067713884,2026-06-11,bm_eligible
PSR,Slow Reserve,upward,2026-06-11 01:00:00+00:00,2026-06-11T01:30:00+00:00,0.5,25.0,0.8273968092118298,1.0,False,1.5631855951533358,6.42,0.5293017104156905,0.0,0.0,0.5384783820628996,standalone_parent:product_margin_quantity,27562,True,0.59,1810,True,13.46195955157249,3.971278067713884,2026-06-11,bm_eligible
PSR,Slow Reserve,upward,2026-06-11 01:30:00+00:00,2026-06-11T02:00:00+00:00,0.5,25.0,0.6379142096256761,1.0,False,1.205199599911903,1.1,0.5293017104156905,0.0,0.0,0.6075311292880494,standalone_parent:product_margin_quantity,37297,True,0.59,1810,True,15.188278232201236,4.480542078499364,2026-06-11,bm_eligible
DRL,Dynamic Regulation,upward,2026-06-11 02:00:00+00:00,2026-06-11T06:00:00+00:00,4.0,25.0,4.917398136508893,1.0,False,14.270369406409252,17.83,0.3445880058508045,1.569830416192417,0.0156983041619241,0.4853407307322814,standalone_parent:product_margin_quantity,1401,True,17.65,480,True,12.133518268307036,856.6263897424767,2026-06-11,bm_eligible
DRL,Dynamic Regulation,upward,2026-06-11 06:00:00+00:00,2026-06-11T10:00:00+00:00,4.0,25.0,4.433420517871454,1.0,False,12.865858482001205,15.47,0.3445880058508045,61.31394914962357,0.6131394914962357,0.4853407307322814,standalone_parent:product_margin_quantity,1401,True,16.59,480,True,12.133518268307036,805.1802722848549,2026-06-11,bm_eligible
DRL,Dynamic Regulation,upward,2026-06-11 10:00:00+00:00,2026-06-11T14:00:00+00:00,4.0,25.0,4.083809352913629,1.0,False,11.851281192537463,13.29,0.3445880058508045,0.0,0.0,0.4853407307322814,standalone_parent:product_margin_quantity,1401,True,16.7,480,True,12.133518268307036,810.5190203229099,2026-06-11,bm_eligible
DRL,Dynamic Regulation,upward,2026-06-11 14:00:00+00:00,2026-06-11T18:00:00+00:00,4.0,25.0,5.359839965010365,1.0,False,15.554342791986215,18.29,0.3445880058508045,0.0,0.0,0.4853407307322814,standalone_parent:product_margin_quantity,1401,True,20.56,480,True,12.133518268307036,997.8605423855704,2026-06-11,bm_eligible
DRL,Dynamic Regulation,upward,2026-06-11 18:00:00+00:00,2026-06-11T22:00:00+00:00,4.0,8.0,7.633482854997108,1.0,False,22.152491454685627,27.97,0.3445880058508045,109.53315576706107,3.422911117720659,0.3391947295530913,standalone_parent:product_margin_quantity,1354,True,21.19,480,True,2.7135578364247306,230.00116221536015,2026-06-11,bm_eligible
NQR,Quick Reserve,downward,2026-06-11 18:00:00+00:00,2026-06-11T18:30:00+00:00,0.5,17.0,0.118124082735361,1.0,False,1.5708511748946556,1.56,0.075197500962039,0.0,0.0,0.3777883907815773,standalone_parent:product_margin_quantity,357,True,0.0,341,True,6.422402643286814,0.0,2026-06-11,bm_eligible
NQR,Quick Reserve,downward,2026-06-11 18:30:00+00:00,2026-06-11T19:00:00+00:00,0.5,17.0,0.030265926475746,1.0,False,0.402485801902178,0.45,0.075197500962039,0.0,0.0,0.4176679787643421,standalone_parent:product_margin_quantity,1125,True,0.0,300,True,7.100355638993816,0.0,2026-06-11,bm_eligible
PSR,Slow Reserve,upward,2026-06-11 21:00:00+00:00,2026-06-11T21:30:00+00:00,0.5,15.0,2.1832424030309125,1.0,False,4.124759773242163,21.16,0.5293017104156905,0.0,0.0,0.5976150939668087,standalone_parent:product_margin_quantity,3361,True,2.5,1800,True,8.96422640950213,11.205283011877665,2026-06-11,bm_eligible
PQR,Quick Reserve,upward,2026-06-11 21:30:00+00:00,2026-06-11T22:00:00+00:00,0.5,17.0,2.2414151460391434,1.0,False,10.384332348386812,13.22,0.2158458599784071,0.0,0.0,0.6029783081641092,standalone_parent:product_margin_quantity,1089,True,12.58,431,True,10.250631238789856,64.47647049198821,2026-06-11,bm_eligible
PQR,Quick Reserve,upward,2026-06-11 22:00:00+00:00,2026-06-11T22:30:00+00:00,0.5,25.0,1.429628960308058,1.0,False,6.623379111608052,7.81,0.2158458599784071,0.0,0.0,0.5867704553048403,standalone_parent:product_margin_quantity,2702,True,11.56,488,True,14.669261382621007,84.78833079154943,2026-06-11,bm_eligible
PSR,Slow Reserve,upward,2026-06-11 22:30:00+00:00,2026-06-11T23:00:00+00:00,0.5,25.0,1.046047602282603,1.0,False,1.97627852262386,1.7,0.5293017104156905,0.0,0.0,0.6075311292880494,standalone_parent:product_margin_quantity,37297,True,1.48,1800,True,15.188278232201236,11.239325891828914,2026-06-11,bm_eligible
PSR,Slow Reserve,upward,2026-06-12 00:00:00+00:00,2026-06-12T00:30:00+00:00,0.5,19.0,0.660548074453607,1.0,False,1.2479613450235052,1.51,0.5293017104156905,3.637978807091713e-12,3.829451375886013e-13,0.6075311292880494,standalone_parent:product_margin_quantity,37297,True,0.7,1804,True,11.54309145647294,4.040082009765529,2026-06-12,non_bm
PSR,Slow Reserve,upward,2026-06-12 00:30:00+00:00,2026-06-12T01:00:00+00:00,0.5,25.0,0.4489256800290703,1.0,False,0.8481470420273224,0.59,0.5293017104156905,0.0,0.0,0.6504406029713924,standalone_parent:product_margin_quantity,16212,True,0.7,1804,True,16.26101507428481,5.691355275999683,2026-06-12,non_bm
PSR,Slow Reserve,upward,2026-06-12 01:00:00+00:00,2026-06-12T01:30:00+00:00,0.5,25.0,0.4460142058890593,1.0,False,0.8426464474085662,0.59,0.5293017104156905,0.0,0.0,0.6504406029713924,standalone_parent:product_margin_quantity,16212,True,0.7,1804,True,16.26101507428481,5.691355275999683,2026-06-12,non_bm
PSR,Slow Reserve,upward,2026-06-12 01:30:00+00:00,2026-06-12T02:00:00+00:00,0.5,25.0,0.3677900762700297,1.0,False,0.6948590360329336,0.59,0.5293017104156905,0.0,0.0,0.6504406029713924,standalone_parent:product_margin_quantity,16212,True,0.7,1804,True,16.26101507428481,5.691355275999683,2026-06-12,non_bm
DRL,Dynamic Regulation,upward,2026-06-12 02:00:00+00:00,2026-06-12T06:00:00+00:00,4.0,25.0,4.844205829280705,1.0,False,14.057964139872269,17.65,0.3445880058508045,8.768639351201273,0.0876863935120127,0.4853407307322814,standalone_parent:product_margin_quantity,1401,True,17.59,480,True,12.133518268307036,853.714345358083,2026-06-12,non_bm
DRL,Dynamic Regulation,upward,2026-06-12 06:00:00+00:00,2026-06-12T10:00:00+00:00,4.0,25.0,4.417685390960534,1.0,False,12.820194887668984,16.59,0.3445880058508045,19.715192149455103,0.197151921494551,0.4853407307322814,standalone_parent:product_margin_quantity,1401,True,18.18,480,True,12.133518268307036,882.3494484712876,2026-06-12,non_bm
DRL,Dynamic Regulation,upward,2026-06-12 10:00:00+00:00,2026-06-12T14:00:00+00:00,4.0,25.0,4.341402382658697,1.0,False,12.598820356325415,16.7,0.3445880058508045,1.8189894035458565e-12,1.8189894035458565e-14,0.4853407307322814,standalone_parent:product_margin_quantity,1401,True,17.11,480,True,12.133518268307036,830.4179902829335,2026-06-12,non_bm
DRL,Dynamic Regulation,upward,2026-06-12 14:00:00+00:00,2026-06-12T18:00:00+00:00,4.0,25.0,5.490098690132289,1.0,False,15.932355731816518,20.56,0.3445880058508045,0.0,0.0,0.4853407307322814,standalone_parent:product_margin_quantity,1401,True,31.67,480,True,12.133518268307036,1537.0740942291354,2026-06-12,non_bm
DRL,Dynamic Regulation,upward,2026-06-12 18:00:00+00:00,2026-06-12T22:00:00+00:00,4.0,8.0,6.862745971595938,1.0,False,19.915800477882232,21.19,0.3445880058508045,106.58540899029232,3.3307940309466346,0.3391947295530913,standalone_parent:product_margin_quantity,1354,True,15.81,480,True,2.7135578364247306,171.60539757549998,2026-06-12,non_bm
NQR,Quick Reserve,downward,2026-06-12 18:00:00+00:00,2026-06-12T18:30:00+00:00,0.5,17.0,0.0718818953762182,1.0,False,0.955908034929318,0.0,0.075197500962039,0.0,0.0,0.4176679787643421,standalone_parent:product_margin_quantity,1125,True,0.0,345,True,7.100355638993816,0.0,2026-06-12,non_bm
NSR,Slow Reserve,downward,2026-06-12 18:30:00+00:00,2026-06-12T19:00:00+00:00,0.5,17.0,0.0006028932962579,1.0,False,0.0790651494235399,0.0,0.0076252723311546,0.0,0.0,0.0076252723311546,standalone_parent:product,7344,True,0.0,0,True,0.0,0.0,2026-06-12,non_bm
NSR,Slow Reserve,downward,2026-06-12 19:00:00+00:00,2026-06-12T19:30:00+00:00,0.5,17.0,0.0005028918879002,1.0,False,0.0659506790132018,0.0,0.0076252723311546,0.0,0.0,0.0076252723311546,standalone_parent:product,7344,True,0.0,0,True,0.0,0.0,2026-06-12,non_bm
NSR,Slow Reserve,downward,2026-06-12 19:30:00+00:00,2026-06-12T20:00:00+00:00,0.5,17.0,0.0004059218597977,1.0,False,0.0532337524706152,0.0,0.0076252723311546,0.0,0.0,0.0076252723311546,standalone_parent:product,7344,True,0.0,0,True,0.0,0.0,2026-06-12,non_bm
NSR,Slow Reserve,downward,2026-06-12 20:00:00+00:00,2026-06-12T20:30:00+00:00,0.5,17.0,0.0003136423960163,1.0,False,0.0411319599347218,0.0,0.0076252723311546,0.0,0.0,0.0076252723311546,standalone_parent:product,7344,True,0.0,0,True,0.0,0.0,2026-06-12,non_bm
NSR,Slow Reserve,downward,2026-06-12 20:30:00+00:00,2026-06-12T21:00:00+00:00,0.5,17.0,0.0002276324237662,1.0,False,0.0298523664310617,0.0,0.0076252723311546,0.0,0.0,0.0076252723311546,standalone_parent:product,7344,True,0.0,0,True,0.0,0.0,2026-06-12,non_bm
PSR,Slow Reserve,upward,2026-06-12 21:00:00+00:00,2026-06-12T21:30:00+00:00,0.5,17.0,1.653232000047408,1.0,False,3.1234208533900856,2.5,0.5293017104156905,0.0,0.0,0.5538507229858161,standalone_parent:product_margin_quantity,81536,True,1.82,1800,True,9.415462290758873,8.568070684590575,2026-06-12,non_bm
PQR,Quick Reserve,upward,2026-06-12 21:30:00+00:00,2026-06-12T22:00:00+00:00,0.5,17.0,2.18491722492526,1.0,False,10.122581110167392,12.58,0.2158458599784071,0.0,0.0,0.6029783081641092,standalone_parent:product_margin_quantity,1089,True,10.62,404,True,10.250631238789856,54.43085187797414,2026-06-12,non_bm
PQR,Quick Reserve,upward,2026-06-12 22:00:00+00:00,2026-06-12T22:30:00+00:00,0.5,25.0,1.544923590524491,1.0,False,7.157531725088647,11.56,0.2158458599784071,0.0,0.0,0.6029783081641092,standalone_parent:product_margin_quantity,1089,True,5.0,457,True,15.07445770410273,37.686144260256825,2026-06-12,non_bm
PSR,Slow Reserve,upward,2026-06-12 22:30:00+00:00,2026-06-12T23:00:00+00:00,0.5,25.0,0.8361968627184736,1.0,False,1.5798113746161164,1.48,0.5293017104156905,9.094947017729282e-13,7.275957614183426e-14,0.6075311292880494,standalone_parent:product_margin_quantity,37297,True,1.26,1800,True,15.188278232201236,9.56861528628678,2026-06-12,non_bm
NBR,Balancing Reserve,downward,2026-06-11 23:30:00+00:00,2026-06-12T00:00:00+00:00,0.5,25.0,0.0003423939549242,0.5,True,0.0011014319092117,0.0,0.3108625708595066,1.8189894035458565e-12,1.4551915228366852e-13,0.3041550641483485,nonlooped_parent:product_margin,5929,True,0.0,0,True,0.0,0.0,2026-06-12,bm_eligible
PSR,Slow Reserve,upward,2026-06-12 00:00:00+00:00,2026-06-12T00:30:00+00:00,0.5,19.0,0.660548074453607,1.0,False,1.2479613450235052,1.51,0.5293017104156905,3.637978807091713e-12,3.829451375886013e-13,0.6075311292880494,standalone_parent:product_margin_quantity,37297,True,0.7,1804,True,11.54309145647294,4.040082009765529,2026-06-12,bm_eligible
PSR,Slow Reserve,upward,2026-06-12 00:30:00+00:00,2026-06-12T01:00:00+00:00,0.5,25.0,0.4489256800290703,1.0,False,0.8481470420273224,0.59,0.5293017104156905,0.0,0.0,0.6504406029713924,standalone_parent:product_margin_quantity,16212,True,0.7,1804,True,16.26101507428481,5.691355275999683,2026-06-12,bm_eligible
PSR,Slow Reserve,upward,2026-06-12 01:00:00+00:00,2026-06-12T01:30:00+00:00,0.5,25.0,0.4460142058890593,1.0,False,0.8426464474085662,0.59,0.5293017104156905,0.0,0.0,0.6504406029713924,standalone_parent:product_margin_quantity,16212,True,0.7,1804,True,16.26101507428481,5.691355275999683,2026-06-12,bm_eligible
PSR,Slow Reserve,upward,2026-06-12 01:30:00+00:00,2026-06-12T02:00:00+00:00,0.5,25.0,0.3677900762700297,1.0,False,0.6948590360329336,0.59,0.5293017104156905,0.0,0.0,0.6504406029713924,standalone_parent:product_margin_quantity,16212,True,0.7,1804,True,16.26101507428481,5.691355275999683,2026-06-12,bm_eligible
DRL,Dynamic Regulation,upward,2026-06-12 02:00:00+00:00,2026-06-12T06:00:00+00:00,4.0,25.0,4.844205829280705,1.0,False,14.057964139872269,17.65,0.3445880058508045,8.768639351201273,0.0876863935120127,0.4853407307322814,standalone_parent:product_margin_quantity,1401,True,17.59,480,True,12.133518268307036,853.714345358083,2026-06-12,bm_eligible
DRL,Dynamic Regulation,upward,2026-06-12 06:00:00+00:00,2026-06-12T10:00:00+00:00,4.0,25.0,4.417685390960534,1.0,False,12.820194887668984,16.59,0.3445880058508045,19.715192149455103,0.197151921494551,0.4853407307322814,standalone_parent:product_margin_quantity,1401,True,18.18,480,True,12.133518268307036,882.3494484712876,2026-06-12,bm_eligible
DRL,Dynamic Regulation,upward,2026-06-12 10:00:00+00:00,2026-06-12T14:00:00+00:00,4.0,25.0,4.341402382658697,1.0,False,12.598820356325415,16.7,0.3445880058508045,1.8189894035458565e-12,1.8189894035458565e-14,0.4853407307322814,standalone_parent:product_margin_quantity,1401,True,17.11,480,True,12.133518268307036,830.4179902829335,2026-06-12,bm_eligible
DRL,Dynamic Regulation,upward,2026-06-12 14:00:00+00:00,2026-06-12T18:00:00+00:00,4.0,25.0,5.490098690132289,1.0,False,15.932355731816518,20.56,0.3445880058508045,0.0,0.0,0.4853407307322814,standalone_parent:product_margin_quantity,1401,True,31.67,480,True,12.133518268307036,1537.0740942291354,2026-06-12,bm_eligible
DRL,Dynamic Regulation,upward,2026-06-12 18:00:00+00:00,2026-06-12T22:00:00+00:00,4.0,8.0,6.862745971595938,1.0,False,19.915800477882232,21.19,0.3445880058508045,106.58540899029232,3.3307940309466346,0.3391947295530913,standalone_parent:product_margin_quantity,1354,True,15.81,480,True,2.7135578364247306,171.60539757549998,2026-06-12,bm_eligible
NQR,Quick Reserve,downward,2026-06-12 18:00:00+00:00,2026-06-12T18:30:00+00:00,0.5,17.0,0.0718818953762182,1.0,False,0.955908034929318,0.0,0.075197500962039,0.0,0.0,0.4176679787643421,standalone_parent:product_margin_quantity,1125,True,0.0,345,True,7.100355638993816,0.0,2026-06-12,bm_eligible
NBR,Balancing Reserve,downward,2026-06-12 18:30:00+00:00,2026-06-12T19:00:00+00:00,0.5,17.0,0.0090658133193102,0.5,True,0.0291634122893731,0.0,0.3108625708595066,0.0,0.0,0.3452700803691644,nonlooped_parent:product_margin,554,True,0.0,0,True,0.0,0.0,2026-06-12,bm_eligible
NBR,Balancing Reserve,downward,2026-06-12 19:00:00+00:00,2026-06-12T19:30:00+00:00,0.5,17.0,0.007790478337451,0.5,True,0.0250608438188974,0.0,0.3108625708595066,0.0,0.0,0.3452700803691644,nonlooped_parent:product_margin,554,True,0.0,0,True,0.0,0.0,2026-06-12,bm_eligible
NBR,Balancing Reserve,downward,2026-06-12 19:30:00+00:00,2026-06-12T20:00:00+00:00,0.5,17.0,0.0065549963065891,0.5,True,0.0210864765367706,0.0,0.3108625708595066,0.0,0.0,0.3452700803691644,nonlooped_parent:product_margin,554,True,0.0,0,True,0.0,0.0,2026-06-12,bm_eligible
NBR,Balancing Reserve,downward,2026-06-12 20:00:00+00:00,2026-06-12T20:30:00+00:00,0.5,17.0,0.005380506666813,0.5,True,0.0173083129690926,0.0,0.3108625708595066,0.0,0.0,0.3452700803691644,nonlooped_parent:product_margin,554,True,0.0,0,True,0.0,0.0,2026-06-12,bm_eligible
NBR,Balancing Reserve,downward,2026-06-12 20:30:00+00:00,2026-06-12T21:00:00+00:00,0.5,17.0,0.0042871052614892,0.5,True,0.0137909985420111,0.0,0.3108625708595066,0.0,0.0,0.3452700803691644,nonlooped_parent:product_margin,554,True,0.0,0,True,0.0,0.0,2026-06-12,bm_eligible
PSR,Slow Reserve,upward,2026-06-12 21:00:00+00:00,2026-06-12T21:30:00+00:00,0.5,17.0,1.653232000047408,1.0,False,3.1234208533900856,2.5,0.5293017104156905,0.0,0.0,0.5538507229858161,standalone_parent:product_margin_quantity,81536,True,1.82,1800,True,9.415462290758873,8.568070684590575,2026-06-12,bm_eligible
PQR,Quick Reserve,upward,2026-06-12 21:30:00+00:00,2026-06-12T22:00:00+00:00,0.5,17.0,2.18491722492526,1.0,False,10.122581110167392,12.58,0.2158458599784071,0.0,0.0,0.6029783081641092,standalone_parent:product_margin_quantity,1089,True,10.62,404,True,10.250631238789856,54.43085187797414,2026-06-12,bm_eligible
PQR,Quick Reserve,upward,2026-06-12 22:00:00+00:00,2026-06-12T22:30:00+00:00,0.5,25.0,1.544923590524491,1.0,False,7.157531725088647,11.56,0.2158458599784071,0.0,0.0,0.6029783081641092,standalone_parent:product_margin_quantity,1089,True,5.0,457,True,15.07445770410273,37.686144260256825,2026-06-12,bm_eligible
PSR,Slow Reserve,upward,2026-06-12 22:30:00+00:00,2026-06-12T23:00:00+00:00,0.5,25.0,0.8361968627184736,1.0,False,1.5798113746161164,1.48,0.5293017104156905,9.094947017729282e-13,7.275957614183426e-14,0.6075311292880494,standalone_parent:product_margin_quantity,37297,True,1.26,1800,True,15.188278232201236,9.56861528628678,2026-06-12,bm_eligible
NSR,Slow Reserve,downward,2026-06-12 23:00:00+00:00,2026-06-12T23:30:00+00:00,0.5,25.0,0.0001455430300719,1.0,False,0.0190869288008614,0.0,0.0076252723311546,0.0,0.0,0.0076252723311546,standalone_parent:product,7344,True,0.0,0,True,0.0,0.0,2026-06-13,non_bm
NSR,Slow Reserve,downward,2026-06-12 23:30:00+00:00,2026-06-13T00:00:00+00:00,0.5,25.0,0.0001228828921016,1.0,False,0.0161152135641902,0.0,0.0076252723311546,0.0,0.0,0.0076252723311546,standalone_parent:product,7344,True,0.0,0,True,0.0,0.0,2026-06-13,non_bm
PSR,Slow Reserve,upward,2026-06-13 00:00:00+00:00,2026-06-13T00:30:00+00:00,0.5,25.0,0.5118511206549876,1.0,False,0.9670309212736192,0.7,0.5293017104156905,0.0,0.0,0.6504406029713924,standalone_parent:product_margin_quantity,16212,True,0.79,1800,True,16.26101507428481,6.4231009543425,2026-06-13,non_bm
PSR,Slow Reserve,upward,2026-06-13 00:30:00+00:00,2026-06-13T01:00:00+00:00,0.5,25.0,0.3438038251282821,1.0,False,0.6495422522974157,0.7,0.5293017104156905,0.0,0.0,0.6504406029713924,standalone_parent:product_margin_quantity,16212,True,0.79,1800,True,16.26101507428481,6.4231009543425,2026-06-13,non_bm
PSR,Slow Reserve,upward,2026-06-13 01:00:00+00:00,2026-06-13T01:30:00+00:00,0.5,25.0,0.3415611418198317,1.0,False,0.6453051919132937,0.7,0.5293017104156905,0.0,0.0,0.6504406029713924,standalone_parent:product_margin_quantity,16212,True,0.79,1800,True,16.26101507428481,6.4231009543425,2026-06-13,non_bm
PSR,Slow Reserve,upward,2026-06-13 01:30:00+00:00,2026-06-13T02:00:00+00:00,0.5,25.0,0.2734203239946796,1.0,False,0.5165679963133828,0.7,0.5293017104156905,0.0,0.0,0.6504406029713924,standalone_parent:product_margin_quantity,16212,True,0.79,1800,True,16.26101507428481,6.4231009543425,2026-06-13,non_bm
DRL,Dynamic Regulation,upward,2026-06-13 02:00:00+00:00,2026-06-13T06:00:00+00:00,4.0,25.0,4.960236688962187,1.0,False,14.394687582683332,17.59,0.3445880058508045,1.1434019455482485,0.0114340194554824,0.4853407307322814,standalone_parent:product_margin_quantity,1401,True,7.77,480,True,12.133518268307036,377.1097477789826,2026-06-13,non_bm
DCH,Dynamic Containment,downward,2026-06-13 06:00:00+00:00,2026-06-13T10:00:00+00:00,4.0,1.0,0.3018887747663989,0.25,False,0.6507380256075711,0.2,0.4639175257731959,0.0,0.0,0.5135466689750611,nonlooped_parent:product_margin,3009,True,4.85,1283,True,0.5135466689750611,9.962805378116183,2026-06-13,non_bm
DRL,Dynamic Regulation,upward,2026-06-13 06:00:00+00:00,2026-06-13T10:00:00+00:00,4.0,24.0,4.641159588743708,1.0,False,13.46872064593328,18.18,0.3445880058508045,31.334358170416635,0.3263995642751733,0.4853407307322814,standalone_parent:product_margin_quantity,1401,True,6.82,480,True,11.648177537574751,317.76228322503925,2026-06-13,non_bm
DRL,Dynamic Regulation,upward,2026-06-13 10:00:00+00:00,2026-06-13T14:00:00+00:00,4.0,25.0,4.454724284093339,1.0,False,12.927682358224883,17.11,0.3445880058508045,0.0,0.0,0.4853407307322814,standalone_parent:product_margin_quantity,1401,True,1.04,480,True,12.133518268307036,50.47543599615727,2026-06-13,non_bm
DRL,Dynamic Regulation,upward,2026-06-13 14:00:00+00:00,2026-06-13T18:00:00+00:00,4.0,25.0,6.574795164122636,1.0,False,19.080162549155325,31.67,0.3445880058508045,0.0,0.0,0.4853407307322814,standalone_parent:product_margin_quantity,1401,True,3.37,479,True,12.133518268307036,163.55982625677885,2026-06-13,non_bm
DRL,Dynamic Regulation,upward,2026-06-13 18:00:00+00:00,2026-06-13T22:00:00+00:00,4.0,6.0,6.360313857358997,1.0,False,18.45773430695904,15.81,0.3445880058508045,85.04974531600374,3.543739388166822,0.3391947295530913,standalone_parent:product_margin_quantity,1354,True,21.17,480,True,2.035168377318548,172.33805819133465,2026-06-13,non_bm
NQR,Quick Reserve,downward,2026-06-13 18:00:00+00:00,2026-06-13T18:30:00+00:00,0.5,19.0,0.0300252424508109,1.0,False,0.3992851100991799,0.0,0.075197500962039,0.0,0.0,0.4176679787643421,standalone_parent:product_margin_quantity,1125,True,6.99,300,True,7.935691596522499,27.73524212984613,2026-06-13,non_bm
NSR,Slow Reserve,downward,2026-06-13 18:30:00+00:00,2026-06-13T19:00:00+00:00,0.5,19.0,0.0008037612046379,1.0,False,0.105407540836805,0.0,0.0076252723311546,0.0,0.0,0.0076252723311546,standalone_parent:product,7344,True,0.0,0,True,0.0,0.0,2026-06-13,non_bm
NSR,Slow Reserve,downward,2026-06-13 19:00:00+00:00,2026-06-13T19:30:00+00:00,0.5,19.0,0.0007047754979082,1.0,False,0.0924262724399734,0.0,0.0076252723311546,0.0,0.0,0.0076252723311546,standalone_parent:product,7344,True,0.0,0,True,0.0,0.0,2026-06-13,non_bm
NSR,Slow Reserve,downward,2026-06-13 19:30:00+00:00,2026-06-13T20:00:00+00:00,0.5,19.0,0.0006087869246764,1.0,False,0.0798380566932811,0.0,0.0076252723311546,0.0,0.0,0.0076252723311546,standalone_parent:product,7344,True,0.0,0,True,0.0,0.0,2026-06-13,non_bm
NSR,Slow Reserve,downward,2026-06-13 20:00:00+00:00,2026-06-13T20:30:00+00:00,0.5,19.0,0.0005174378760434,1.0,False,0.0678582814582668,0.0,0.0076252723311546,0.0,0.0,0.0076252723311546,standalone_parent:product,7344,True,0.0,0,True,0.0,0.0,2026-06-13,non_bm
NSR,Slow Reserve,downward,2026-06-13 20:30:00+00:00,2026-06-13T21:00:00+00:00,0.5,19.0,0.0004322913595581,1.0,False,0.0566919240106228,0.0,0.0076252723311546,0.0,0.0,0.0076252723311546,standalone_parent:product,7344,True,0.0,0,True,0.0,0.0,2026-06-13,non_bm
NSR,Slow Reserve,downward,2026-06-13 21:00:00+00:00,2026-06-13T21:30:00+00:00,0.5,19.0,0.0003548042557246,1.0,False,0.0465300438221775,0.0,0.0076252723311546,0.0,0.0,0.0076252723311546,standalone_parent:product,7344,True,0.0,0,True,0.0,0.0,2026-06-13,non_bm
PQR,Quick Reserve,upward,2026-06-13 21:30:00+00:00,2026-06-13T22:00:00+00:00,0.5,19.0,2.076370331294978,1.0,False,9.619690326711362,10.62,0.2158458599784071,0.0,0.0,0.6029783081641092,standalone_parent:product_margin_quantity,1089,True,16.35,365,True,11.456587855118077,93.65760571559026,2026-06-13,non_bm
PQR,Quick Reserve,upward,2026-06-13 22:00:00+00:00,2026-06-13T22:30:00+00:00,0.5,25.0,1.2785913599584204,1.0,False,5.923631614182124,5.0,0.2158458599784071,0.0,0.0,0.5867704553048403,standalone_parent:product_margin_quantity,2702,True,9.52,432,True,14.669261382621007,69.82568418127599,2026-06-13,non_bm
PSR,Slow Reserve,upward,2026-06-13 22:30:00+00:00,2026-06-13T23:00:00+00:00,0.5,25.0,0.6883119813543037,1.0,False,1.3004151844016023,1.26,0.5293017104156905,0.0,0.0,0.6075311292880494,standalone_parent:product_margin_quantity,37297,True,1.51,1806,True,15.188278232201236,11.467150065311932,2026-06-13,non_bm
NBR,Balancing Reserve,downward,2026-06-12 23:00:00+00:00,2026-06-12T23:30:00+00:00,0.5,25.0,0.0070845581232134,0.5,True,0.0227900004288882,0.0,0.3108625708595066,0.0,0.0,0.3452700803691644,nonlooped_parent:product_margin,554,True,0.0,0,True,0.0,0.0,2026-06-13,bm_eligible
NBR,Balancing Reserve,downward,2026-06-12 23:30:00+00:00,2026-06-13T00:00:00+00:00,0.5,25.0,0.0080222817638752,0.5,True,0.0258065219678727,0.0,0.3108625708595066,0.0,0.0,0.3452700803691644,nonlooped_parent:product_margin,554,True,0.0,0,True,0.0,0.0,2026-06-13,bm_eligible
PSR,Slow Reserve,upward,2026-06-13 00:00:00+00:00,2026-06-13T00:30:00+00:00,0.5,25.0,0.5118511206549876,1.0,False,0.9670309212736192,0.7,0.5293017104156905,0.0,0.0,0.6504406029713924,standalone_parent:product_margin_quantity,16212,True,0.79,1800,True,16.26101507428481,6.4231009543425,2026-06-13,bm_eligible
PSR,Slow Reserve,upward,2026-06-13 00:30:00+00:00,2026-06-13T01:00:00+00:00,0.5,25.0,0.3438038251282821,1.0,False,0.6495422522974157,0.7,0.5293017104156905,0.0,0.0,0.6504406029713924,standalone_parent:product_margin_quantity,16212,True,0.79,1800,True,16.26101507428481,6.4231009543425,2026-06-13,bm_eligible
PSR,Slow Reserve,upward,2026-06-13 01:00:00+00:00,2026-06-13T01:30:00+00:00,0.5,25.0,0.3415611418198317,1.0,False,0.6453051919132937,0.7,0.5293017104156905,0.0,0.0,0.6504406029713924,standalone_parent:product_margin_quantity,16212,True,0.79,1800,True,16.26101507428481,6.4231009543425,2026-06-13,bm_eligible
PSR,Slow Reserve,upward,2026-06-13 01:30:00+00:00,2026-06-13T02:00:00+00:00,0.5,25.0,0.2734203239946796,1.0,False,0.5165679963133828,0.7,0.5293017104156905,0.0,0.0,0.6504406029713924,standalone_parent:product_margin_quantity,16212,True,0.79,1800,True,16.26101507428481,6.4231009543425,2026-06-13,bm_eligible
DRL,Dynamic Regulation,upward,2026-06-13 02:00:00+00:00,2026-06-13T06:00:00+00:00,4.0,25.0,4.960236688962187,1.0,False,14.394687582683332,17.59,0.3445880058508045,1.1434019455482485,0.0114340194554824,0.4853407307322814,standalone_parent:product_margin_quantity,1401,True,7.77,480,True,12.133518268307036,377.1097477789826,2026-06-13,bm_eligible
DCH,Dynamic Containment,downward,2026-06-13 06:00:00+00:00,2026-06-13T10:00:00+00:00,4.0,1.0,0.3018887747663989,0.25,False,0.6507380256075711,0.2,0.4639175257731959,0.0,0.0,0.5135466689750611,nonlooped_parent:product_margin,3009,True,4.85,1283,True,0.5135466689750611,9.962805378116183,2026-06-13,bm_eligible
DRL,Dynamic Regulation,upward,2026-06-13 06:00:00+00:00,2026-06-13T10:00:00+00:00,4.0,24.0,4.641159588743708,1.0,False,13.46872064593328,18.18,0.3445880058508045,31.334358170416635,0.3263995642751733,0.4853407307322814,standalone_parent:product_margin_quantity,1401,True,6.82,480,True,11.648177537574751,317.76228322503925,2026-06-13,bm_eligible
DRL,Dynamic Regulation,upward,2026-06-13 10:00:00+00:00,2026-06-13T14:00:00+00:00,4.0,25.0,4.454724284093339,1.0,False,12.927682358224883,17.11,0.3445880058508045,0.0,0.0,0.4853407307322814,standalone_parent:product_margin_quantity,1401,True,1.04,480,True,12.133518268307036,50.47543599615727,2026-06-13,bm_eligible
DRL,Dynamic Regulation,upward,2026-06-13 14:00:00+00:00,2026-06-13T18:00:00+00:00,4.0,25.0,6.574795164122636,1.0,False,19.080162549155325,31.67,0.3445880058508045,0.0,0.0,0.4853407307322814,standalone_parent:product_margin_quantity,1401,True,3.37,479,True,12.133518268307036,163.55982625677885,2026-06-13,bm_eligible
DRL,Dynamic Regulation,upward,2026-06-13 18:00:00+00:00,2026-06-13T22:00:00+00:00,4.0,6.0,6.360313857358997,1.0,False,18.45773430695904,15.81,0.3445880058508045,85.04974531600374,3.543739388166822,0.3391947295530913,standalone_parent:product_margin_quantity,1354,True,21.17,480,True,2.035168377318548,172.33805819133465,2026-06-13,bm_eligible
NQR,Quick Reserve,downward,2026-06-13 18:00:00+00:00,2026-06-13T18:30:00+00:00,0.5,19.0,0.0300252424508109,1.0,False,0.3992851100991799,0.0,0.075197500962039,0.0,0.0,0.4176679787643421,standalone_parent:product_margin_quantity,1125,True,6.99,300,True,7.935691596522499,27.73524212984613,2026-06-13,bm_eligible
NBR,Balancing Reserve,downward,2026-06-13 18:30:00+00:00,2026-06-13T19:00:00+00:00,0.5,19.0,0.0166251615755555,0.5,True,0.053480744013628,0.0,0.3108625708595066,0.0,0.0,0.3452700803691644,nonlooped_parent:product_margin,554,True,0.0,0,True,0.0,0.0,2026-06-13,bm_eligible
NBR,Balancing Reserve,downward,2026-06-13 19:00:00+00:00,2026-06-13T19:30:00+00:00,0.5,19.0,0.0153618312519435,0.5,True,0.0494167927951875,0.0,0.3108625708595066,0.0,0.0,0.3452700803691644,nonlooped_parent:product_margin,554,True,0.0,0,True,0.0,0.0,2026-06-13,bm_eligible
NBR,Balancing Reserve,downward,2026-06-13 19:30:00+00:00,2026-06-13T20:00:00+00:00,0.5,19.0,0.0141389486764977,0.5,True,0.0454829561416959,0.0,0.3108625708595066,0.0,0.0,0.3452700803691644,nonlooped_parent:product_margin,554,True,0.0,0,True,0.0,0.0,2026-06-13,bm_eligible
NBR,Balancing Reserve,downward,2026-06-13 20:00:00+00:00,2026-06-13T20:30:00+00:00,0.5,19.0,0.0129774377091313,0.5,True,0.0417465430889603,0.0,0.3108625708595066,0.0,0.0,0.3452700803691644,nonlooped_parent:product_margin,554,True,0.0,0,True,0.0,0.0,2026-06-13,bm_eligible
NBR,Balancing Reserve,downward,2026-06-13 20:30:00+00:00,2026-06-13T21:00:00+00:00,0.5,19.0,0.0118971721245275,0.5,True,0.0382714847002421,0.0,0.3108625708595066,0.0,0.0,0.3452700803691644,nonlooped_parent:product_margin,554,True,0.0,0,True,0.0,0.0,2026-06-13,bm_eligible
NBR,Balancing Reserve,downward,2026-06-13 21:00:00+00:00,2026-06-13T21:30:00+00:00,0.5,19.0,0.0109166355663451,0.5,True,0.0351172401880407,0.0,0.3108625708595066,0.0,0.0,0.3452700803691644,nonlooped_parent:product_margin,554,True,0.0,0,True,0.0,0.0,2026-06-13,bm_eligible
PQR,Quick Reserve,upward,2026-06-13 21:30:00+00:00,2026-06-13T22:00:00+00:00,0.5,19.0,2.076370331294978,1.0,False,9.619690326711362,10.62,0.2158458599784071,0.0,0.0,0.6029783081641092,standalone_parent:product_margin_quantity,1089,True,16.35,365,True,11.456587855118077,93.65760571559026,2026-06-13,bm_eligible
PQR,Quick Reserve,upward,2026-06-13 22:00:00+00:00,2026-06-13T22:30:00+00:00,0.5,25.0,1.2785913599584204,1.0,False,5.923631614182124,5.0,0.2158458599784071,0.0,0.0,0.5867704553048403,standalone_parent:product_margin_quantity,2702,True,9.52,432,True,14.669261382621007,69.82568418127599,2026-06-13,bm_eligible
PSR,Slow Reserve,upward,2026-06-13 22:30:00+00:00,2026-06-13T23:00:00+00:00,0.5,25.0,0.6883119813543037,1.0,False,1.3004151844016023,1.26,0.5293017104156905,0.0,0.0,0.6075311292880494,standalone_parent:product_margin_quantity,37297,True,1.51,1806,True,15.188278232201236,11.467150065311932,2026-06-13,bm_eligible
PQR,Quick Reserve,upward,2026-06-14 00:30:00+00:00,2026-06-14T01:00:00+00:00,0.5,22.0,0.4223425206407787,1.0,False,1.956685760306124,5.0,0.2158458599784071,0.0,0.0,0.5867704553048403,standalone_parent:product_margin_quantity,2702,True,0.0,350,True,12.908950016706486,0.0,2026-06-14,non_bm
PSR,Slow Reserve,upward,2026-06-14 01:00:00+00:00,2026-06-14T01:30:00+00:00,0.5,25.0,0.3578629971945301,1.0,False,0.6761039878625749,0.79,0.5293017104156905,2.7284841053187847e-12,2.1827872842550282e-13,0.6504406029713924,standalone_parent:product_margin_quantity,16212,True,0.8,1809,True,16.26101507428481,6.504406029713924,2026-06-14,non_bm
PSR,Slow Reserve,upward,2026-06-14 01:30:00+00:00,2026-06-14T02:00:00+00:00,0.5,25.0,0.2966090602587007,1.0,False,0.5603780498380723,0.79,0.5293017104156905,2.7284841053187847e-12,2.1827872842550282e-13,0.6504406029713924,standalone_parent:product_margin_quantity,16212,True,0.8,1809,True,16.26101507428481,6.504406029713924,2026-06-14,non_bm
DRL,Dynamic Regulation,upward,2026-06-14 02:00:00+00:00,2026-06-14T06:00:00+00:00,4.0,25.0,4.156140248852232,1.0,False,12.061186629495474,7.77,0.3445880058508045,1.1151358445013102,0.0111513584450131,0.4349625459864367,standalone_parent:product_margin_quantity,500,True,9.3,480,True,10.874063649660918,404.5151677673862,2026-06-14,non_bm
DRL,Dynamic Regulation,upward,2026-06-14 06:00:00+00:00,2026-06-14T10:00:00+00:00,4.0,25.0,3.702742967885659,1.0,False,10.745420342601324,6.82,0.3445880058508045,7.419998787380791,0.0741999878738079,0.4349625459864367,standalone_parent:product_margin_quantity,500,True,13.22,480,True,10.874063649660918,575.0204857940694,2026-06-14,non_bm
DRL,Dynamic Regulation,upward,2026-06-14 10:00:00+00:00,2026-06-14T14:00:00+00:00,4.0,25.0,3.2206863500631777,1.0,False,9.346484193816169,1.04,0.3445880058508045,2.7284841053187847e-12,2.7284841053187846e-14,0.3445880058508045,standalone_parent:product,8204,True,14.07,480,True,8.614700146270113,484.835324232082,2026-06-14,non_bm
DRL,Dynamic Regulation,upward,2026-06-14 14:00:00+00:00,2026-06-14T18:00:00+00:00,4.0,25.0,4.365695992820355,1.0,False,12.66932080831206,3.37,0.3445880058508045,0.0,0.0,0.2368096082643678,standalone_parent:product_margin_quantity,179,True,14.48,480,True,5.920240206609195,342.9003127668046,2026-06-14,non_bm
DCH,Dynamic Containment,downward,2026-06-14 18:00:00+00:00,2026-06-14T22:00:00+00:00,4.0,21.0,0.3525876594700219,0.25,False,0.7600222881909362,1.77,0.4639175257731959,0.0,0.0,0.5772213289791204,nonlooped_parent:product_margin_quantity,778,True,0.81,1035,True,12.121647908561528,39.27413922373936,2026-06-14,non_bm
DRL,Dynamic Regulation,upward,2026-06-14 18:00:00+00:00,2026-06-14T22:00:00+00:00,4.0,4.0,6.5719432834697225,1.0,False,19.07188634509572,21.17,0.3445880058508045,79.66147397225313,4.978842123265821,0.4532644871576736,standalone_parent:product_margin,4171,True,18.16,480,True,1.8130579486306944,131.70052938853365,2026-06-14,non_bm
PQR,Quick Reserve,upward,2026-06-14 22:00:00+00:00,2026-06-14T22:30:00+00:00,0.5,25.0,1.4528589023266187,1.0,False,6.731001940328902,9.52,0.2158458599784071,0.0,0.0,0.5867704553048403,standalone_parent:product_margin_quantity,2702,True,3.87,500,True,14.669261382621007,28.38502077537165,2026-06-14,non_bm
PSR,Slow Reserve,upward,2026-06-14 22:30:00+00:00,2026-06-14T23:00:00+00:00,0.5,25.0,0.6875241127946597,1.0,False,1.2989266788023568,1.51,0.5293017104156905,0.0,0.0,0.6075311292880494,standalone_parent:product_margin_quantity,37297,True,1.25,1810,True,15.188278232201236,9.492673895125773,2026-06-14,non_bm
NBR,Balancing Reserve,downward,2026-06-13 23:00:00+00:00,2026-06-13T23:30:00+00:00,0.5,25.0,0.0677120227244857,0.5,True,0.217819799074775,0.0,0.3108625708595066,0.0,0.0,0.3452700803691644,nonlooped_parent:product_margin,554,True,0.0,0,True,0.0,0.0,2026-06-14,bm_eligible
NBR,Balancing Reserve,downward,2026-06-13 23:30:00+00:00,2026-06-14T00:00:00+00:00,0.5,25.0,0.0698812589876467,0.5,True,0.2247979188823906,0.0,0.3108625708595066,0.0,0.0,0.3452700803691644,nonlooped_parent:product_margin,554,True,0.0,0,True,0.0,0.0,2026-06-14,bm_eligible
NBR,Balancing Reserve,downward,2026-06-14 00:00:00+00:00,2026-06-14T00:30:00+00:00,0.5,2.0,0.0676096066375495,0.5,True,0.21749034131261,0.0,0.3108625708595066,0.0,0.0,0.3452700803691644,nonlooped_parent:product_margin_quantity,554,True,0.0,0,True,0.0,0.0,2026-06-14,bm_eligible
PQR,Quick Reserve,upward,2026-06-14 00:00:00+00:00,2026-06-14T00:30:00+00:00,0.5,23.0,0.416549103517958,1.0,False,1.9298452310349108,5.0,0.2158458599784071,9.094947017729282e-13,7.908649580634158e-14,0.3975102911913369,standalone_parent:product_margin_quantity,2845,True,0.0,330,True,9.142736697400748,0.0,2026-06-14,bm_eligible
PQR,Quick Reserve,upward,2026-06-14 00:30:00+00:00,2026-06-14T01:00:00+00:00,0.5,25.0,0.4223425206407787,1.0,False,1.956685760306124,5.0,0.2158458599784071,2.7284841053187847e-12,2.1827872842550282e-13,0.3975102911913369,standalone_parent:product_margin_quantity,2845,True,0.0,350,True,9.937757279783424,0.0,2026-06-14,bm_eligible
PSR,Slow Reserve,upward,2026-06-14 01:00:00+00:00,2026-06-14T01:30:00+00:00,0.5,25.0,0.3578629971945301,1.0,False,0.6761039878625749,0.79,0.5293017104156905,2.7284841053187847e-12,2.1827872842550282e-13,0.6504406029713924,standalone_parent:product_margin_quantity,16212,True,0.8,1809,True,16.26101507428481,6.504406029713924,2026-06-14,bm_eligible
PSR,Slow Reserve,upward,2026-06-14 01:30:00+00:00,2026-06-14T02:00:00+00:00,0.5,25.0,0.2966090602587007,1.0,False,0.5603780498380723,0.79,0.5293017104156905,2.7284841053187847e-12,2.1827872842550282e-13,0.6504406029713924,standalone_parent:product_margin_quantity,16212,True,0.8,1809,True,16.26101507428481,6.504406029713924,2026-06-14,bm_eligible
DRL,Dynamic Regulation,upward,2026-06-14 02:00:00+00:00,2026-06-14T06:00:00+00:00,4.0,25.0,4.156140248852232,1.0,False,12.061186629495474,7.77,0.3445880058508045,1.1151358445013102,0.0111513584450131,0.4349625459864367,standalone_parent:product_margin_quantity,500,True,9.3,480,True,10.874063649660918,404.5151677673862,2026-06-14,bm_eligible
PBR,Balancing Reserve,upward,2026-06-14 06:00:00+00:00,2026-06-14T06:30:00+00:00,0.5,25.0,2.122172164453357,0.5,True,4.270705925044607,5.0,0.4969136722826897,2.7284841053187847e-12,2.1827872842550282e-13,0.6607848333906396,standalone_parent:product_margin_quantity,4850,True,2.4,600,True,16.51962083476599,19.82354500171919,2026-06-14,bm_eligible
NBR,Balancing Reserve,downward,2026-06-14 06:30:00+00:00,2026-06-14T07:00:00+00:00,0.5,25.0,0.3157379710687802,0.5,True,1.0156834584356476,0.0,0.3108625708595066,2.7284841053187847e-12,2.1827872842550282e-13,0.3041550641483485,nonlooped_parent:product_margin,5929,True,24.5,258,True,7.603876603708712,93.14748839543172,2026-06-14,bm_eligible
NBR,Balancing Reserve,downward,2026-06-14 07:00:00+00:00,2026-06-14T07:30:00+00:00,0.5,25.0,4.385081778409374,0.5,True,14.106174848535233,11.0,0.3108625708595066,0.0,0.0,0.3108625708595066,nonlooped_parent:product,6527,True,24.27,241,True,7.771564271487666,94.30793243450282,2026-06-14,bm_eligible
NBR,Balancing Reserve,downward,2026-06-14 07:30:00+00:00,2026-06-14T08:00:00+00:00,0.5,25.0,4.390198153903146,0.5,True,14.122633489662809,11.0,0.3108625708595066,0.0,0.0,0.3108625708595066,nonlooped_parent:product,6527,True,24.78,251,True,7.771564271487666,96.28968132373218,2026-06-14,bm_eligible
NBR,Balancing Reserve,downward,2026-06-14 08:00:00+00:00,2026-06-14T08:30:00+00:00,0.5,25.0,4.392709327545711,0.5,True,14.130711572642118,11.0,0.3108625708595066,0.0,0.0,0.3108625708595066,nonlooped_parent:product,6527,True,24.64,240,True,7.771564271487666,95.74567182472803,2026-06-14,bm_eligible
NBR,Balancing Reserve,downward,2026-06-14 08:30:00+00:00,2026-06-14T09:00:00+00:00,0.5,25.0,4.392572332459812,0.5,True,14.13027087923371,11.0,0.3108625708595066,2.7284841053187847e-12,2.1827872842550282e-13,0.3108625708595066,nonlooped_parent:product,6527,True,24.69,207,True,7.771564271487666,95.93996093151524,2026-06-14,bm_eligible
NBR,Balancing Reserve,downward,2026-06-14 09:00:00+00:00,2026-06-14T09:30:00+00:00,0.5,25.0,4.396995368159626,0.5,True,14.144499146366623,11.0,0.3108625708595066,0.0,0.0,0.3108625708595066,nonlooped_parent:product,6527,True,24.97,190,True,7.771564271487666,97.0279799295235,2026-06-14,bm_eligible
NBR,Balancing Reserve,downward,2026-06-14 09:30:00+00:00,2026-06-14T10:00:00+00:00,0.5,25.0,5.012886093018544,0.5,True,16.125730669853148,25.0,0.3108625708595066,0.0,0.0,0.3108625708595066,nonlooped_parent:product,6527,True,24.7,278,True,7.771564271487666,95.97881875287268,2026-06-14,bm_eligible
DRL,Dynamic Regulation,upward,2026-06-14 10:00:00+00:00,2026-06-14T14:00:00+00:00,4.0,25.0,3.2206863500631777,1.0,False,9.346484193816169,1.04,0.3445880058508045,2.7284841053187847e-12,2.7284841053187846e-14,0.3445880058508045,standalone_parent:product,8204,True,14.07,480,True,8.614700146270113,484.835324232082,2026-06-14,bm_eligible
DRL,Dynamic Regulation,upward,2026-06-14 14:00:00+00:00,2026-06-14T18:00:00+00:00,4.0,25.0,4.365695992820355,1.0,False,12.66932080831206,3.37,0.3445880058508045,0.0,0.0,0.2368096082643678,standalone_parent:product_margin_quantity,179,True,14.48,480,True,5.920240206609195,342.9003127668046,2026-06-14,bm_eligible
DRL,Dynamic Regulation,upward,2026-06-14 18:00:00+00:00,2026-06-14T22:00:00+00:00,4.0,4.0,6.5719432834697225,1.0,False,19.07188634509572,21.17,0.3445880058508045,79.66147397225313,4.978842123265821,0.4532644871576736,standalone_parent:product_margin,4171,True,18.16,480,True,1.8130579486306944,131.70052938853365,2026-06-14,bm_eligible
NBR,Balancing Reserve,downward,2026-06-14 18:00:00+00:00,2026-06-14T18:30:00+00:00,0.5,21.0,0.090117427853459,0.5,True,0.2898947518972534,0.0,0.3108625708595066,0.0,0.0,0.3452700803691644,nonlooped_parent:product_margin,554,True,0.0,0,True,0.0,0.0,2026-06-14,bm_eligible
NBR,Balancing Reserve,downward,2026-06-14 18:30:00+00:00,2026-06-14T19:00:00+00:00,0.5,21.0,0.0871789156196989,0.5,True,0.2804419823803722,0.0,0.3108625708595066,0.0,0.0,0.3452700803691644,nonlooped_parent:product_margin,554,True,0.0,0,True,0.0,0.0,2026-06-14,bm_eligible
NBR,Balancing Reserve,downward,2026-06-14 19:00:00+00:00,2026-06-14T19:30:00+00:00,0.5,21.0,0.0843350066027735,0.5,True,0.2712935377507654,0.0,0.3108625708595066,0.0,0.0,0.3452700803691644,nonlooped_parent:product_margin,554,True,0.0,0,True,0.0,0.0,2026-06-14,bm_eligible
NBR,Balancing Reserve,downward,2026-06-14 19:30:00+00:00,2026-06-14T20:00:00+00:00,0.5,21.0,0.0816343608744428,0.5,True,0.2626059504324734,0.0,0.3108625708595066,0.0,0.0,0.3452700803691644,nonlooped_parent:product_margin,554,True,0.0,0,True,0.0,0.0,2026-06-14,bm_eligible
NBR,Balancing Reserve,downward,2026-06-14 20:00:00+00:00,2026-06-14T20:30:00+00:00,0.5,21.0,0.0791231872318791,0.5,True,0.2545278674531666,0.0,0.3108625708595066,0.0,0.0,0.3452700803691644,nonlooped_parent:product_margin,554,True,0.0,0,True,0.0,0.0,2026-06-14,bm_eligible
NBR,Balancing Reserve,downward,2026-06-14 20:30:00+00:00,2026-06-14T21:00:00+00:00,0.5,21.0,0.0768444525523354,0.5,True,0.2471975070522885,0.0,0.3108625708595066,0.0,0.0,0.3452700803691644,nonlooped_parent:product_margin,554,True,0.0,0,True,0.0,0.0,2026-06-14,bm_eligible
NBR,Balancing Reserve,downward,2026-06-14 21:00:00+00:00,2026-06-14T21:30:00+00:00,0.5,21.0,0.0748371466179634,0.5,True,0.2407402937286581,0.0,0.3108625708595066,0.0,0.0,0.3452700803691644,nonlooped_parent:product_margin,554,True,0.0,0,True,0.0,0.0,2026-06-14,bm_eligible
PQR,Quick Reserve,upward,2026-06-14 21:30:00+00:00,2026-06-14T22:00:00+00:00,0.5,21.0,2.399837434731697,1.0,False,11.118292632398756,16.35,0.2158458599784071,0.0,0.0,0.6029783081641092,standalone_parent:product_margin_quantity,1089,True,12.84,484,True,12.662544471446294,81.2935355066852,2026-06-14,bm_eligible
PQR,Quick Reserve,upward,2026-06-14 22:00:00+00:00,2026-06-14T22:30:00+00:00,0.5,25.0,1.4528589023266187,1.0,False,6.731001940328902,9.52,0.2158458599784071,0.0,0.0,0.5867704553048403,standalone_parent:product_margin_quantity,2702,True,3.87,500,True,14.669261382621007,28.38502077537165,2026-06-14,bm_eligible
PSR,Slow Reserve,upward,2026-06-14 22:30:00+00:00,2026-06-14T23:00:00+00:00,0.5,25.0,0.6875241127946597,1.0,False,1.2989266788023568,1.51,0.5293017104156905,0.0,0.0,0.6075311292880494,standalone_parent:product_margin_quantity,37297,True,1.25,1810,True,15.188278232201236,9.492673895125773,2026-06-14,bm_eligible
PSR,Slow Reserve,upward,2026-06-15 00:00:00+00:00,2026-06-15T00:30:00+00:00,0.5,4.0,0.5173667549506085,1.0,False,0.9774515078447246,0.8,0.5293017104156905,0.0,0.0,0.6203624141814766,standalone_parent:product_margin_quantity,847,True,1.26,1804,True,2.4814496567259066,1.5633132837373211,2026-06-15,non_bm
PSR,Slow Reserve,upward,2026-06-15 00:30:00+00:00,2026-06-15T01:00:00+00:00,0.5,25.0,0.470154646712751,1.0,False,0.8882545388782365,0.8,0.5293017104156905,0.0,0.0,0.6504406029713924,standalone_parent:product_margin_quantity,16212,True,1.26,1804,True,16.26101507428481,10.24443949679943,2026-06-15,non_bm
PSR,Slow Reserve,upward,2026-06-15 01:00:00+00:00,2026-06-15T01:30:00+00:00,0.5,25.0,0.4703417715368486,1.0,False,0.8886080703715517,0.8,0.5293017104156905,0.0,0.0,0.6504406029713924,standalone_parent:product_margin_quantity,16212,True,1.26,1804,True,16.26101507428481,10.24443949679943,2026-06-15,non_bm
PSR,Slow Reserve,upward,2026-06-15 01:30:00+00:00,2026-06-15T02:00:00+00:00,0.5,25.0,0.4117195788547117,1.0,False,0.777854238429279,0.8,0.5293017104156905,0.0,0.0,0.6504406029713924,standalone_parent:product_margin_quantity,16212,True,1.26,1804,True,16.26101507428481,10.24443949679943,2026-06-15,non_bm
DRL,Dynamic Regulation,upward,2026-06-15 02:00:00+00:00,2026-06-15T06:00:00+00:00,4.0,25.0,4.200495900471505,1.0,False,12.189907452234957,9.3,0.3445880058508045,0.0,0.0,0.4349625459864367,standalone_parent:product_margin_quantity,500,True,17.09,480,True,10.874063649660918,743.3509910908203,2026-06-15,non_bm
DRL,Dynamic Regulation,upward,2026-06-15 06:00:00+00:00,2026-06-15T10:00:00+00:00,4.0,25.0,4.535445113021991,1.0,False,13.161935517238208,13.22,0.3445880058508045,17.45985620270949,0.1745985620270949,0.4853407307322814,standalone_parent:product_margin_quantity,1401,True,16.66,480,True,12.133518268307036,808.5776573999809,2026-06-15,non_bm
DRL,Dynamic Regulation,upward,2026-06-15 10:00:00+00:00,2026-06-15T14:00:00+00:00,4.0,25.0,4.519866025952418,1.0,False,13.116724753064606,14.07,0.3445880058508045,0.0,0.0,0.4853407307322814,standalone_parent:product_margin_quantity,1401,True,13.99,480,True,12.133518268307036,678.9916822944617,2026-06-15,non_bm
DRL,Dynamic Regulation,upward,2026-06-15 14:00:00+00:00,2026-06-15T18:00:00+00:00,4.0,25.0,5.408878024298074,1.0,False,15.696652037970074,14.48,0.3445880058508045,0.0,0.0,0.4853407307322814,standalone_parent:product_margin_quantity,1401,True,20.52,480,True,12.133518268307036,995.9191794626416,2026-06-15,non_bm
DRL,Dynamic Regulation,upward,2026-06-15 18:00:00+00:00,2026-06-15T22:00:00+00:00,4.0,5.0,6.624532748292904,1.0,False,19.2245018277308,18.16,0.3445880058508045,88.29128647021935,4.414564323510968,0.4532644871576736,standalone_parent:product_margin,4171,True,28.31,480,True,2.266322435788368,256.63835262867474,2026-06-15,non_bm
NQR,Quick Reserve,downward,2026-06-15 18:00:00+00:00,2026-06-15T18:30:00+00:00,0.5,20.0,0.0678614169241233,1.0,False,0.902442448963575,0.0,0.075197500962039,3.2407646876263243,0.3240764687626324,0.3556536721289777,standalone_parent:product_margin_quantity,447,True,0.0,347,False,0.0,0.0,2026-06-15,non_bm
NQR,Quick Reserve,downward,2026-06-15 21:00:00+00:00,2026-06-15T21:30:00+00:00,0.5,18.0,0.0015912159528175,1.0,False,0.021160489809639,5.0,0.075197500962039,0.0,0.0,0.4257593538505713,standalone_parent:product_margin_quantity,391,True,0.0,312,True,7.663668369310283,0.0,2026-06-15,non_bm
PSR,Slow Reserve,upward,2026-06-15 21:00:00+00:00,2026-06-15T21:30:00+00:00,0.5,2.0,1.4800189328992506,1.0,False,2.7961725869672858,2.61,0.5293017104156905,0.0,0.0,0.7637491480313284,standalone_parent:product_margin_quantity,2784,True,3.5,1809,True,1.5274982960626569,2.6731220181096496,2026-06-15,non_bm
PQR,Quick Reserve,upward,2026-06-15 21:30:00+00:00,2026-06-15T22:00:00+00:00,0.5,20.0,2.372486709963784,1.0,False,10.99157848198304,12.84,0.2158458599784071,0.0,0.0,0.6029783081641092,standalone_parent:product_margin_quantity,1089,True,13.2,500,True,12.059566163282184,79.59313667766241,2026-06-15,non_bm
PQR,Quick Reserve,upward,2026-06-15 22:00:00+00:00,2026-06-15T22:30:00+00:00,0.5,25.0,1.2940137157431606,1.0,False,5.995082397561907,3.87,0.2158458599784071,0.0,0.0,0.3975102911913369,standalone_parent:product_margin_quantity,2845,True,6.08,500,True,9.937757279783424,30.21078213054161,2026-06-15,non_bm
PSR,Slow Reserve,upward,2026-06-15 22:30:00+00:00,2026-06-15T23:00:00+00:00,0.5,25.0,0.7609851250288545,1.0,False,1.4377152199852328,1.25,0.5293017104156905,0.0,0.0,0.6075311292880494,standalone_parent:product_margin_quantity,37297,True,1.65,1800,True,15.188278232201236,12.53032954156602,2026-06-15,non_bm
NBR,Balancing Reserve,downward,2026-06-14 23:00:00+00:00,2026-06-14T23:30:00+00:00,0.5,25.0,0.0750388912566692,0.5,True,0.2413892770982161,0.0,0.3108625708595066,0.0,0.0,0.3452700803691644,nonlooped_parent:product_margin,554,True,0.0,0,True,0.0,0.0,2026-06-15,bm_eligible
NBR,Balancing Reserve,downward,2026-06-14 23:30:00+00:00,2026-06-15T00:00:00+00:00,0.5,25.0,0.0789250807467258,0.5,True,0.2538905874982157,0.0,0.3108625708595066,9.094947017729282e-13,7.275957614183426e-14,0.3041550641483485,nonlooped_parent:product_margin,5929,True,0.0,0,True,0.0,0.0,2026-06-15,bm_eligible
PSR,Slow Reserve,upward,2026-06-15 00:00:00+00:00,2026-06-15T00:30:00+00:00,0.5,25.0,0.5173667549506085,1.0,False,0.9774515078447246,0.8,0.5293017104156905,0.0,0.0,0.6504406029713924,standalone_parent:product_margin_quantity,16212,True,1.26,1804,True,16.26101507428481,10.24443949679943,2026-06-15,bm_eligible
PSR,Slow Reserve,upward,2026-06-15 00:30:00+00:00,2026-06-15T01:00:00+00:00,0.5,25.0,0.470154646712751,1.0,False,0.8882545388782365,0.8,0.5293017104156905,0.0,0.0,0.6504406029713924,standalone_parent:product_margin_quantity,16212,True,1.26,1804,True,16.26101507428481,10.24443949679943,2026-06-15,bm_eligible
PSR,Slow Reserve,upward,2026-06-15 01:00:00+00:00,2026-06-15T01:30:00+00:00,0.5,25.0,0.4703417715368486,1.0,False,0.8886080703715517,0.8,0.5293017104156905,0.0,0.0,0.6504406029713924,standalone_parent:product_margin_quantity,16212,True,1.26,1804,True,16.26101507428481,10.24443949679943,2026-06-15,bm_eligible
PSR,Slow Reserve,upward,2026-06-15 01:30:00+00:00,2026-06-15T02:00:00+00:00,0.5,25.0,0.4117195788547117,1.0,False,0.777854238429279,0.8,0.5293017104156905,0.0,0.0,0.6504406029713924,standalone_parent:product_margin_quantity,16212,True,1.26,1804,True,16.26101507428481,10.24443949679943,2026-06-15,bm_eligible
DRL,Dynamic Regulation,upward,2026-06-15 02:00:00+00:00,2026-06-15T06:00:00+00:00,4.0,25.0,4.200495900471505,1.0,False,12.189907452234957,9.3,0.3445880058508045,0.0,0.0,0.4349625459864367,standalone_parent:product_margin_quantity,500,True,17.09,480,True,10.874063649660918,743.3509910908203,2026-06-15,bm_eligible
DRL,Dynamic Regulation,upward,2026-06-15 06:00:00+00:00,2026-06-15T10:00:00+00:00,4.0,18.0,4.535445113021991,1.0,False,13.161935517238208,13.22,0.3445880058508045,10.940327975675244,0.1519489996621562,0.4853407307322814,standalone_parent:product_margin_quantity,1401,True,16.66,480,True,8.736133153181065,582.1759133279862,2026-06-15,bm_eligible
NBR,Balancing Reserve,downward,2026-06-15 06:00:00+00:00,2026-06-15T06:30:00+00:00,0.5,7.0,5.346383914650097,0.5,True,17.19854500291828,24.39,0.3108625708595066,0.0,0.0,0.3108625708595066,nonlooped_parent:product,6527,True,0.0,0,True,0.0,0.0,2026-06-15,bm_eligible
NBR,Balancing Reserve,downward,2026-06-15 06:30:00+00:00,2026-06-15T07:00:00+00:00,0.5,7.0,4.794523788168391,0.5,True,15.423290668001524,24.5,0.3108625708595066,0.0,0.0,0.3108625708595066,nonlooped_parent:product,6527,True,0.0,0,True,0.0,0.0,2026-06-15,bm_eligible
NBR,Balancing Reserve,downward,2026-06-15 07:00:00+00:00,2026-06-15T07:30:00+00:00,0.5,7.0,3.8231029461309474,0.5,True,12.298370098273384,24.27,0.3108625708595066,0.0,0.0,0.3108625708595066,nonlooped_parent:product,6527,True,0.0,0,True,0.0,0.0,2026-06-15,bm_eligible
NBR,Balancing Reserve,downward,2026-06-15 07:30:00+00:00,2026-06-15T08:00:00+00:00,0.5,7.0,3.9905808752547847,0.5,True,12.83712241142828,24.78,0.3108625708595066,0.0,0.0,0.3108625708595066,nonlooped_parent:product,6527,True,0.0,0,True,0.0,0.0,2026-06-15,bm_eligible
NBR,Balancing Reserve,downward,2026-06-15 08:00:00+00:00,2026-06-15T08:30:00+00:00,0.5,7.0,3.8363903385894256,0.5,True,12.341113721031633,24.64,0.3108625708595066,0.0,0.0,0.3108625708595066,nonlooped_parent:product,6527,True,0.0,0,True,0.0,0.0,2026-06-15,bm_eligible
NBR,Balancing Reserve,downward,2026-06-15 08:30:00+00:00,2026-06-15T09:00:00+00:00,0.5,7.0,3.392642016792656,0.5,True,10.913639449781009,24.69,0.3108625708595066,0.0,0.0,0.3108625708595066,nonlooped_parent:product,6527,True,0.0,0,True,0.0,0.0,2026-06-15,bm_eligible
NBR,Balancing Reserve,downward,2026-06-15 09:00:00+00:00,2026-06-15T09:30:00+00:00,0.5,7.0,3.177429265040671,0.5,True,10.221331105431474,24.97,0.3108625708595066,0.0,0.0,0.3108625708595066,nonlooped_parent:product,6527,True,0.0,0,True,0.0,0.0,2026-06-15,bm_eligible
NBR,Balancing Reserve,downward,2026-06-15 09:30:00+00:00,2026-06-15T10:00:00+00:00,0.5,7.0,4.506215850373597,0.5,True,14.49584566554385,24.7,0.3108625708595066,0.0,0.0,0.3108625708595066,nonlooped_parent:product,6527,True,0.0,0,True,0.0,0.0,2026-06-15,bm_eligible
DRL,Dynamic Regulation,upward,2026-06-15 10:00:00+00:00,2026-06-15T14:00:00+00:00,4.0,25.0,4.519866025952418,1.0,False,13.116724753064606,14.07,0.3445880058508045,0.0,0.0,0.4853407307322814,standalone_parent:product_margin_quantity,1401,True,13.99,480,True,12.133518268307036,678.9916822944617,2026-06-15,bm_eligible
DRL,Dynamic Regulation,upward,2026-06-15 14:00:00+00:00,2026-06-15T18:00:00+00:00,4.0,25.0,5.408878024298074,1.0,False,15.696652037970074,14.48,0.3445880058508045,0.0,0.0,0.4853407307322814,standalone_parent:product_margin_quantity,1401,True,20.52,480,True,12.133518268307036,995.9191794626416,2026-06-15,bm_eligible
DRL,Dynamic Regulation,upward,2026-06-15 18:00:00+00:00,2026-06-15T22:00:00+00:00,4.0,2.0,6.624532748292904,1.0,False,19.2245018277308,18.16,0.3445880058508045,29.267212319298324,3.6584015399122896,0.4532644871576736,standalone_parent:product_margin,4171,True,28.31,480,True,0.9065289743153472,102.6553410514699,2026-06-15,bm_eligible
NBR,Balancing Reserve,downward,2026-06-15 18:00:00+00:00,2026-06-15T18:30:00+00:00,0.5,23.0,0.0950072312297162,0.5,True,0.3056245432411817,0.0,0.3108625708595066,0.0,0.0,0.3452700803691644,nonlooped_parent:product_margin,554,True,0.0,0,True,0.0,0.0,2026-06-15,bm_eligible
NBR,Balancing Reserve,downward,2026-06-15 18:30:00+00:00,2026-06-15T19:00:00+00:00,0.5,23.0,0.0920652222594187,0.5,True,0.2961605252278099,0.0,0.3108625708595066,0.0,0.0,0.3452700803691644,nonlooped_parent:product_margin,554,True,0.0,0,True,0.0,0.0,2026-06-15,bm_eligible
NBR,Balancing Reserve,downward,2026-06-15 19:00:00+00:00,2026-06-15T19:30:00+00:00,0.5,23.0,0.0893067907605389,0.5,True,0.2872870494302798,0.0,0.3108625708595066,0.0,0.0,0.3452700803691644,nonlooped_parent:product_margin,554,True,0.0,0,True,0.0,0.0,2026-06-15,bm_eligible
NBR,Balancing Reserve,downward,2026-06-15 19:30:00+00:00,2026-06-15T20:00:00+00:00,0.5,23.0,0.0867791342608042,0.5,True,0.2791559434796792,0.0,0.3108625708595066,0.0,0.0,0.3452700803691644,nonlooped_parent:product_margin,554,True,0.0,0,True,0.0,0.0,2026-06-15,bm_eligible
NBR,Balancing Reserve,downward,2026-06-15 20:00:00+00:00,2026-06-15T20:30:00+00:00,0.5,23.0,0.0845255016637239,0.5,True,0.2719063328531917,0.0,0.3108625708595066,0.0,0.0,0.3452700803691644,nonlooped_parent:product_margin,554,True,0.0,0,True,0.0,0.0,2026-06-15,bm_eligible
NBR,Balancing Reserve,downward,2026-06-15 20:30:00+00:00,2026-06-15T21:00:00+00:00,0.5,23.0,0.082584453247859,0.5,True,0.2656622603986081,0.0,0.3108625708595066,0.0,0.0,0.3452700803691644,nonlooped_parent:product_margin,554,True,0.0,0,True,0.0,0.0,2026-06-15,bm_eligible
PBR,Balancing Reserve,upward,2026-06-15 21:00:00+00:00,2026-06-15T21:30:00+00:00,0.5,23.0,1.7244463688893583,0.5,True,3.4703137890485256,2.3,0.4969136722826897,0.0,0.0,0.6607848333906396,standalone_parent:product_margin_quantity,4850,True,4.13,400,True,15.198051167984712,31.383975661888428,2026-06-15,bm_eligible
PQR,Quick Reserve,upward,2026-06-15 21:30:00+00:00,2026-06-15T22:00:00+00:00,0.5,23.0,2.372486709963784,1.0,False,10.99157848198304,12.84,0.2158458599784071,0.0,0.0,0.6029783081641092,standalone_parent:product_margin_quantity,1089,True,13.2,500,True,13.868501087774511,91.53210717931178,2026-06-15,bm_eligible
PQR,Quick Reserve,upward,2026-06-15 22:00:00+00:00,2026-06-15T22:30:00+00:00,0.5,25.0,1.2940137157431606,1.0,False,5.995082397561907,3.87,0.2158458599784071,0.0,0.0,0.3975102911913369,standalone_parent:product_margin_quantity,2845,True,6.08,500,True,9.937757279783424,30.21078213054161,2026-06-15,bm_eligible
PSR,Slow Reserve,upward,2026-06-15 22:30:00+00:00,2026-06-15T23:00:00+00:00,0.5,25.0,0.7609851250288545,1.0,False,1.4377152199852328,1.25,0.5293017104156905,0.0,0.0,0.6075311292880494,standalone_parent:product_margin_quantity,37297,True,1.65,1800,True,15.188278232201236,12.53032954156602,2026-06-15,bm_eligible
PSR,Slow Reserve,upward,2026-06-16 00:00:00+00:00,2026-06-16T00:30:00+00:00,0.5,25.0,0.7365585922456008,1.0,False,1.3915666202309072,1.26,0.5293017104156905,0.0,0.0,0.6075311292880494,standalone_parent:product_margin_quantity,37297,True,1.2,1804,True,15.188278232201236,9.11296693932074,2026-06-16,non_bm
PSR,Slow Reserve,upward,2026-06-16 00:30:00+00:00,2026-06-16T01:00:00+00:00,0.5,25.0,0.699379240584551,1.0,False,1.3213243539970596,1.26,0.5293017104156905,0.0,0.0,0.6075311292880494,standalone_parent:product_margin_quantity,37297,True,1.2,1804,True,15.188278232201236,9.11296693932074,2026-06-16,non_bm
PSR,Slow Reserve,upward,2026-06-16 01:00:00+00:00,2026-06-16T01:30:00+00:00,0.5,25.0,0.7005034605779777,1.0,False,1.3234483221825089,1.26,0.5293017104156905,0.0,0.0,0.6075311292880494,standalone_parent:product_margin_quantity,37297,True,1.2,1804,True,15.188278232201236,9.11296693932074,2026-06-16,non_bm
PSR,Slow Reserve,upward,2026-06-16 01:30:00+00:00,2026-06-16T02:00:00+00:00,0.5,25.0,0.6384305666487875,1.0,False,1.2061751437519292,1.26,0.5293017104156905,0.0,0.0,0.6075311292880494,standalone_parent:product_margin_quantity,37297,True,1.2,1804,True,15.188278232201236,9.11296693932074,2026-06-16,non_bm
DRL,Dynamic Regulation,upward,2026-06-16 02:00:00+00:00,2026-06-16T06:00:00+00:00,4.0,25.0,5.160332797716336,1.0,False,14.975369746184937,17.09,0.3445880058508045,0.0,0.0,0.4853407307322814,standalone_parent:product_margin_quantity,1401,True,16.44,480,True,12.133518268307036,797.9001613238707,2026-06-16,non_bm
DRL,Dynamic Regulation,upward,2026-06-16 06:00:00+00:00,2026-06-16T10:00:00+00:00,4.0,25.0,5.137690426699043,1.0,False,14.909661217063652,16.66,0.3445880058508045,54.12794286120152,0.5412794286120152,0.4853407307322814,standalone_parent:product_margin_quantity,1401,True,18.89,480,True,12.133518268307036,916.8086403532797,2026-06-16,non_bm
DRL,Dynamic Regulation,upward,2026-06-16 10:00:00+00:00,2026-06-16T14:00:00+00:00,4.0,25.0,4.8142805921435565,1.0,False,13.971120614766797,13.99,0.3445880058508045,0.0,0.0,0.4853407307322814,standalone_parent:product_margin_quantity,1401,True,13.42,480,True,12.133518268307036,651.3272606427216,2026-06-16,non_bm
DRL,Dynamic Regulation,upward,2026-06-16 14:00:00+00:00,2026-06-16T18:00:00+00:00,4.0,25.0,6.253471852770948,1.0,False,18.1476770711471,20.52,0.3445880058508045,0.0,0.0,0.4853407307322814,standalone_parent:product_margin_quantity,1401,True,17.3,480,True,12.133518268307036,839.6394641668469,2026-06-16,non_bm
DCH,Dynamic Containment,downward,2026-06-16 18:00:00+00:00,2026-06-16T22:00:00+00:00,4.0,1.0,0.2194683761591831,0.25,False,0.4730762774986836,0.01,0.4639175257731959,0.0,0.0,0.5135466689750611,nonlooped_parent:product_margin,3009,True,0.3,1027,True,0.5135466689750611,0.6162560027700733,2026-06-16,non_bm
DRL,Dynamic Regulation,upward,2026-06-16 18:00:00+00:00,2026-06-16T22:00:00+00:00,4.0,9.0,7.561648110969499,1.0,False,21.94402585864654,28.31,0.3445880058508045,155.3478156270162,4.315217100750449,0.3391947295530913,standalone_parent:product_margin_quantity,1354,True,28.5,480,True,3.052752565977822,348.0137925214717,2026-06-16,non_bm
NQR,Quick Reserve,downward,2026-06-16 18:00:00+00:00,2026-06-16T18:30:00+00:00,0.5,15.0,0.0846200248616052,1.0,False,1.1253036840190047,0.0,0.075197500962039,0.0,0.0,0.4176679787643421,standalone_parent:product_margin_quantity,1125,True,0.0,312,True,6.265019681465131,0.0,2026-06-16,non_bm
NQR,Quick Reserve,downward,2026-06-16 18:30:00+00:00,2026-06-16T19:00:00+00:00,0.5,15.0,0.0068296946527418,1.0,False,0.0908234258501434,0.0,0.075197500962039,0.0,0.0,0.4176679787643421,standalone_parent:product_margin_quantity,1125,True,0.1,300,True,6.265019681465131,0.3132509840732566,2026-06-16,non_bm
NQR,Quick Reserve,downward,2026-06-16 20:00:00+00:00,2026-06-16T20:30:00+00:00,0.5,15.0,0.0026383137762251,1.0,False,0.0350851257351889,0.0,0.075197500962039,0.0,0.0,0.4176679787643421,standalone_parent:product_margin_quantity,1125,True,0.5,302,True,6.265019681465131,1.5662549203662828,2026-06-16,non_bm
NQR,Quick Reserve,downward,2026-06-16 20:30:00+00:00,2026-06-16T21:00:00+00:00,0.5,15.0,0.0327045054980452,1.0,False,0.4349147921093147,6.0,0.075197500962039,0.0,0.0,0.4257593538505713,standalone_parent:product_margin_quantity,391,True,0.0,310,True,6.386390307758569,0.0,2026-06-16,non_bm
NQR,Quick Reserve,downward,2026-06-16 21:00:00+00:00,2026-06-16T21:30:00+00:00,0.5,15.0,0.0188413134883247,1.0,False,0.250557707999314,0.0,0.075197500962039,0.0,0.0,0.4176679787643421,standalone_parent:product_margin_quantity,1125,True,0.0,311,True,6.265019681465131,0.0,2026-06-16,non_bm
PQR,Quick Reserve,upward,2026-06-16 21:30:00+00:00,2026-06-16T22:00:00+00:00,0.5,15.0,2.5139595633864213,1.0,False,11.647013121483608,13.2,0.2158458599784071,0.0,0.0,0.6029783081641092,standalone_parent:product_margin_quantity,1089,True,11.65,421,True,9.044674622461638,52.68522967583905,2026-06-16,non_bm
PQR,Quick Reserve,upward,2026-06-16 22:00:00+00:00,2026-06-16T22:30:00+00:00,0.5,25.0,1.459091948112634,1.0,False,6.759879240948145,6.08,0.2158458599784071,0.0,0.0,0.5867704553048403,standalone_parent:product_margin_quantity,2702,True,6.53,500,True,14.669261382621007,47.89513841425759,2026-06-16,non_bm
PSR,Slow Reserve,upward,2026-06-16 22:30:00+00:00,2026-06-16T23:00:00+00:00,0.5,25.0,0.9905546979450018,1.0,False,1.8714367976764392,1.65,0.5293017104156905,1.8189894035458565e-12,1.4551915228366852e-13,0.6075311292880494,standalone_parent:product_margin_quantity,37297,True,1.75,1801,True,15.188278232201236,13.28974345317608,2026-06-16,non_bm
NBR,Balancing Reserve,downward,2026-06-15 23:00:00+00:00,2026-06-15T23:30:00+00:00,0.5,25.0,0.0623335599243595,0.5,True,0.2005180609296672,0.0,0.3108625708595066,0.0,0.0,0.3452700803691644,nonlooped_parent:product_margin,554,True,0.0,0,True,0.0,0.0,2026-06-16,bm_eligible
NBR,Balancing Reserve,downward,2026-06-15 23:30:00+00:00,2026-06-16T00:00:00+00:00,0.5,25.0,0.0619251878358149,0.5,True,0.1992043868922447,0.0,0.3108625708595066,0.0,0.0,0.3452700803691644,nonlooped_parent:product_margin,554,True,0.0,0,True,0.0,0.0,2026-06-16,bm_eligible
PSR,Slow Reserve,upward,2026-06-16 00:00:00+00:00,2026-06-16T00:30:00+00:00,0.5,25.0,0.7365585922456008,1.0,False,1.3915666202309072,1.26,0.5293017104156905,0.0,0.0,0.6075311292880494,standalone_parent:product_margin_quantity,37297,True,1.2,1804,True,15.188278232201236,9.11296693932074,2026-06-16,bm_eligible
PSR,Slow Reserve,upward,2026-06-16 00:30:00+00:00,2026-06-16T01:00:00+00:00,0.5,25.0,0.699379240584551,1.0,False,1.3213243539970596,1.26,0.5293017104156905,0.0,0.0,0.6075311292880494,standalone_parent:product_margin_quantity,37297,True,1.2,1804,True,15.188278232201236,9.11296693932074,2026-06-16,bm_eligible
PBR,Balancing Reserve,upward,2026-06-16 01:00:00+00:00,2026-06-16T01:30:00+00:00,0.5,25.0,0.8939143494193711,0.5,True,1.7989328917293932,4.76,0.4969136722826897,0.0,0.0,0.6607848333906396,standalone_parent:product_margin_quantity,4850,True,0.15,218,True,16.51962083476599,1.2389715626074491,2026-06-16,bm_eligible
PSR,Slow Reserve,upward,2026-06-16 01:30:00+00:00,2026-06-16T02:00:00+00:00,0.5,25.0,0.6384305666487875,1.0,False,1.2061751437519292,1.26,0.5293017104156905,0.0,0.0,0.6075311292880494,standalone_parent:product_margin_quantity,37297,True,1.2,1804,True,15.188278232201236,9.11296693932074,2026-06-16,bm_eligible
DRL,Dynamic Regulation,upward,2026-06-16 02:00:00+00:00,2026-06-16T06:00:00+00:00,4.0,25.0,5.160332797716336,1.0,False,14.975369746184937,17.09,0.3445880058508045,0.0,0.0,0.4853407307322814,standalone_parent:product_margin_quantity,1401,True,16.44,480,True,12.133518268307036,797.9001613238707,2026-06-16,bm_eligible
DRL,Dynamic Regulation,upward,2026-06-16 06:00:00+00:00,2026-06-16T10:00:00+00:00,4.0,25.0,5.137690426699043,1.0,False,14.909661217063652,16.66,0.3445880058508045,54.12794286120152,0.5412794286120152,0.4853407307322814,standalone_parent:product_margin_quantity,1401,True,18.89,480,True,12.133518268307036,916.8086403532797,2026-06-16,bm_eligible
DRL,Dynamic Regulation,upward,2026-06-16 10:00:00+00:00,2026-06-16T14:00:00+00:00,4.0,25.0,4.8142805921435565,1.0,False,13.971120614766797,13.99,0.3445880058508045,0.0,0.0,0.4853407307322814,standalone_parent:product_margin_quantity,1401,True,13.42,480,True,12.133518268307036,651.3272606427216,2026-06-16,bm_eligible
DRL,Dynamic Regulation,upward,2026-06-16 14:00:00+00:00,2026-06-16T18:00:00+00:00,4.0,25.0,6.253471852770948,1.0,False,18.1476770711471,20.52,0.3445880058508045,0.0,0.0,0.4853407307322814,standalone_parent:product_margin_quantity,1401,True,17.3,480,True,12.133518268307036,839.6394641668469,2026-06-16,bm_eligible
DRL,Dynamic Regulation,upward,2026-06-16 18:00:00+00:00,2026-06-16T22:00:00+00:00,4.0,9.0,7.561648110969499,1.0,False,21.94402585864654,28.31,0.3445880058508045,155.3478156270162,4.315217100750449,0.3391947295530913,standalone_parent:product_margin_quantity,1354,True,28.5,480,True,3.052752565977822,348.0137925214717,2026-06-16,bm_eligible
NBR,Balancing Reserve,downward,2026-06-16 18:00:00+00:00,2026-06-16T18:30:00+00:00,0.5,16.0,0.0942346315136539,0.5,True,0.3031392015227302,0.0,0.3108625708595066,0.0,0.0,0.3452700803691644,nonlooped_parent:product_margin,554,True,0.0,0,True,0.0,0.0,2026-06-16,bm_eligible
NBR,Balancing Reserve,downward,2026-06-16 18:30:00+00:00,2026-06-16T19:00:00+00:00,0.5,16.0,0.089557764191291,0.5,True,0.2880943947149121,0.0,0.3108625708595066,0.0,0.0,0.3452700803691644,nonlooped_parent:product_margin,554,True,0.0,0,True,0.0,0.0,2026-06-16,bm_eligible
NBR,Balancing Reserve,downward,2026-06-16 19:00:00+00:00,2026-06-16T19:30:00+00:00,0.5,16.0,0.0850292950996906,0.5,True,0.2735269635858456,0.0,0.3108625708595066,0.0,0.0,0.3452700803691644,nonlooped_parent:product_margin,554,True,0.0,0,True,0.0,0.0,2026-06-16,bm_eligible
NBR,Balancing Reserve,downward,2026-06-16 19:30:00+00:00,2026-06-16T20:00:00+00:00,0.5,16.0,0.0807267076005388,0.5,True,0.2596861609210039,0.0,0.3108625708595066,0.0,0.0,0.3452700803691644,nonlooped_parent:product_margin,554,True,0.0,0,True,0.0,0.0,2026-06-16,bm_eligible
NBR,Balancing Reserve,downward,2026-06-16 20:00:00+00:00,2026-06-16T20:30:00+00:00,0.5,16.0,0.0767236201588487,0.5,True,0.2468088066913779,0.0,0.3108625708595066,0.0,0.0,0.3452700803691644,nonlooped_parent:product_margin,554,True,0.0,0,True,0.0,0.0,2026-06-16,bm_eligible
NBR,Balancing Reserve,downward,2026-06-16 20:30:00+00:00,2026-06-16T21:00:00+00:00,0.5,16.0,0.0730885267106131,0.5,True,0.2351152359981135,0.0,0.3108625708595066,0.0,0.0,0.3452700803691644,nonlooped_parent:product_margin,554,True,0.0,0,True,0.0,0.0,2026-06-16,bm_eligible
NBR,Balancing Reserve,downward,2026-06-16 21:00:00+00:00,2026-06-16T21:30:00+00:00,0.5,16.0,0.0698836247125698,0.5,True,0.224805529077843,0.0,0.3108625708595066,0.0,0.0,0.3452700803691644,nonlooped_parent:product_margin,554,True,0.0,0,True,0.0,0.0,2026-06-16,bm_eligible
PQR,Quick Reserve,upward,2026-06-16 21:30:00+00:00,2026-06-16T22:00:00+00:00,0.5,16.0,2.5139595633864213,1.0,False,11.647013121483608,13.2,0.2158458599784071,0.0,0.0,0.6029783081641092,standalone_parent:product_margin_quantity,1089,True,11.65,421,True,9.647652930625748,56.19757832089498,2026-06-16,bm_eligible
PQR,Quick Reserve,upward,2026-06-16 22:00:00+00:00,2026-06-16T22:30:00+00:00,0.5,25.0,1.459091948112634,1.0,False,6.759879240948145,6.08,0.2158458599784071,0.0,0.0,0.5867704553048403,standalone_parent:product_margin_quantity,2702,True,6.53,500,True,14.669261382621007,47.89513841425759,2026-06-16,bm_eligible
PSR,Slow Reserve,upward,2026-06-16 22:30:00+00:00,2026-06-16T23:00:00+00:00,0.5,25.0,0.9905546979450018,1.0,False,1.8714367976764392,1.65,0.5293017104156905,1.8189894035458565e-12,1.4551915228366852e-13,0.6075311292880494,standalone_parent:product_margin_quantity,37297,True,1.75,1801,True,15.188278232201236,13.28974345317608,2026-06-16,bm_eligible
NQR,Quick Reserve,downward,2026-06-17 00:00:00+00:00,2026-06-17T00:30:00+00:00,0.5,22.0,0.0019321070986827,1.0,False,0.0256937673987078,0.0,0.075197500962039,0.0,0.0,0.4176679787643421,standalone_parent:product_margin_quantity,1125,True,1.0,300,True,9.188695532815526,4.594347766407763,2026-06-17,non_bm
PSR,Slow Reserve,upward,2026-06-17 00:00:00+00:00,2026-06-17T00:30:00+00:00,0.5,2.0,0.901530607446477,1.0,False,1.7032452185700553,1.2,0.5293017104156905,0.0,0.0,0.7610122968239139,standalone_parent:product_margin_quantity,1990,True,1.16,1800,True,1.5220245936478278,0.8827742643157401,2026-06-17,non_bm
PSR,Slow Reserve,upward,2026-06-17 00:30:00+00:00,2026-06-17T01:00:00+00:00,0.5,25.0,0.8588069647564445,1.0,False,1.6225282251250897,1.2,0.5293017104156905,0.0,0.0,0.6075311292880494,standalone_parent:product_margin_quantity,37297,True,0.98,1801,True,15.188278232201236,7.442256333778605,2026-06-17,non_bm
PSR,Slow Reserve,upward,2026-06-17 01:00:00+00:00,2026-06-17T01:30:00+00:00,0.5,25.0,0.8595480857897084,1.0,False,1.6239284114813397,1.2,0.5293017104156905,0.0,0.0,0.6075311292880494,standalone_parent:product_margin_quantity,37297,True,0.98,1801,True,15.188278232201236,7.442256333778605,2026-06-17,non_bm
PSR,Slow Reserve,upward,2026-06-17 01:30:00+00:00,2026-06-17T02:00:00+00:00,0.5,25.0,0.6447937225735433,1.0,False,1.2181969373708434,1.2,0.5293017104156905,0.0,0.0,0.6075311292880494,standalone_parent:product_margin_quantity,37297,True,0.98,1801,True,15.188278232201236,7.442256333778605,2026-06-17,non_bm
DRL,Dynamic Regulation,upward,2026-06-17 02:00:00+00:00,2026-06-17T06:00:00+00:00,4.0,25.0,5.2718928268929455,1.0,False,15.299118766123,16.44,0.3445880058508045,0.0,0.0,0.4853407307322814,standalone_parent:product_margin_quantity,1401,True,17.66,480,True,12.133518268307036,857.111730473209,2026-06-17,non_bm
DRL,Dynamic Regulation,upward,2026-06-17 06:00:00+00:00,2026-06-17T10:00:00+00:00,4.0,25.0,5.466179268728801,1.0,False,15.86294118169476,18.89,0.3445880058508045,39.18287809545836,0.3918287809545836,0.4853407307322814,standalone_parent:product_margin_quantity,1401,True,18.75,480,True,12.133518268307036,910.0138701230276,2026-06-17,non_bm
DRL,Dynamic Regulation,upward,2026-06-17 10:00:00+00:00,2026-06-17T14:00:00+00:00,4.0,25.0,4.836909851146992,1.0,False,14.03679109261051,13.42,0.3445880058508045,0.0,0.0,0.4853407307322814,standalone_parent:product_margin_quantity,1401,True,13.14,480,True,12.133518268307036,637.7377201822178,2026-06-17,non_bm
DRL,Dynamic Regulation,upward,2026-06-17 14:00:00+00:00,2026-06-17T18:00:00+00:00,4.0,25.0,6.1839717144860025,1.0,False,17.945986538961147,17.3,0.3445880058508045,0.0,0.0,0.4853407307322814,standalone_parent:product_margin_quantity,1401,True,15.93,480,True,12.133518268307036,773.1477840565243,2026-06-17,non_bm
DRL,Dynamic Regulation,upward,2026-06-17 18:00:00+00:00,2026-06-17T22:00:00+00:00,4.0,7.0,7.936247358985257,1.0,False,23.031118971742146,28.5,0.3445880058508045,133.98586545747412,4.785209480624076,0.3391947295530913,standalone_parent:product_margin_quantity,1354,True,12.13,483,True,2.3743631068716398,115.20409794541196,2026-06-17,non_bm
NQR,Quick Reserve,downward,2026-06-17 18:00:00+00:00,2026-06-17T18:30:00+00:00,0.5,18.0,0.0771203634952397,1.0,False,1.0255708302616509,0.0,0.075197500962039,0.0,0.0,0.4176679787643421,standalone_parent:product_margin_quantity,1125,True,7.75,300,True,7.518023617758158,29.13234151881286,2026-06-17,non_bm
NQR,Quick Reserve,downward,2026-06-17 18:30:00+00:00,2026-06-17T19:00:00+00:00,0.5,18.0,0.007467250943296,1.0,False,0.0993018497658005,0.1,0.075197500962039,0.0,0.0,0.4176679787643421,standalone_parent:product_margin_quantity,1125,True,1.3,300,True,7.518023617758158,4.886715351542803,2026-06-17,non_bm
NQR,Quick Reserve,downward,2026-06-17 19:00:00+00:00,2026-06-17T19:30:00+00:00,0.5,18.0,0.0009089301263083,1.0,False,0.0120872384677678,0.1,0.075197500962039,3.637978807091713e-12,4.0421986745463485e-13,0.4176679787643421,standalone_parent:product_margin_quantity,1125,True,0.95,300,True,7.518023617758158,3.571061218435125,2026-06-17,non_bm
NQR,Quick Reserve,downward,2026-06-17 20:00:00+00:00,2026-06-17T20:30:00+00:00,0.5,18.0,0.0253381747487745,1.0,False,0.3369550107997029,0.5,0.075197500962039,0.0,0.0,0.4953096362482532,standalone_parent:product_margin_quantity,321,True,0.0,350,True,8.915573452468559,0.0,2026-06-17,non_bm
NQR,Quick Reserve,downward,2026-06-17 20:30:00+00:00,2026-06-17T21:00:00+00:00,0.5,18.0,0.022964723909203,1.0,False,0.3053921156342147,0.0,0.075197500962039,3.637978807091713e-12,4.0421986745463485e-13,0.3556536721289777,standalone_parent:product_margin_quantity,447,True,0.0,345,True,6.401766098321599,0.0,2026-06-17,non_bm
NQR,Quick Reserve,downward,2026-06-17 21:00:00+00:00,2026-06-17T21:30:00+00:00,0.5,3.0,0.0334016454129191,1.0,False,0.4441855777864331,0.0,0.075197500962039,0.0,0.0,0.3675690281255747,standalone_parent:product_margin,2085,True,0.0,300,True,1.102707084376724,0.0,2026-06-17,non_bm
PSR,Slow Reserve,upward,2026-06-17 21:00:00+00:00,2026-06-17T21:30:00+00:00,0.5,14.0,2.215267204759538,1.0,False,4.18526364296039,3.5,0.5293017104156905,0.0,0.0,0.5538507229858161,standalone_parent:product_margin_quantity,81536,True,4.54,1797,True,7.753910121801425,17.601375976489237,2026-06-17,non_bm
PQR,Quick Reserve,upward,2026-06-17 21:30:00+00:00,2026-06-17T22:00:00+00:00,0.5,18.0,2.5156108446172007,1.0,False,11.654663401321937,11.65,0.2158458599784071,0.0,0.0,0.6029783081641092,standalone_parent:product_margin_quantity,1089,True,12.78,407,True,10.853609546953969,69.35456500503585,2026-06-17,non_bm
PQR,Quick Reserve,upward,2026-06-17 22:00:00+00:00,2026-06-17T22:30:00+00:00,0.5,25.0,1.4949074062763736,1.0,False,6.925809957281191,6.53,0.2158458599784071,0.0,0.0,0.5867704553048403,standalone_parent:product_margin_quantity,2702,True,6.55,500,True,14.669261382621007,48.0418310280838,2026-06-17,non_bm
PSR,Slow Reserve,upward,2026-06-17 22:30:00+00:00,2026-06-17T23:00:00+00:00,0.5,25.0,1.0124450500623228,1.0,False,1.9127938378797085,1.75,0.5293017104156905,1.8189894035458565e-12,1.4551915228366852e-13,0.6075311292880494,standalone_parent:product_margin_quantity,37297,True,1.4,1798,True,15.188278232201236,10.631794762540864,2026-06-17,non_bm
NBR,Balancing Reserve,downward,2026-06-16 23:00:00+00:00,2026-06-16T23:30:00+00:00,0.5,25.0,0.0333625753609661,0.5,True,0.1073225871764546,0.0,0.3108625708595066,0.0,0.0,0.3452700803691644,nonlooped_parent:product_margin,554,True,0.0,0,True,0.0,0.0,2026-06-17,bm_eligible
NBR,Balancing Reserve,downward,2026-06-16 23:30:00+00:00,2026-06-17T00:00:00+00:00,0.5,25.0,0.03328498331694,0.5,True,0.1070729847755879,0.0,0.3108625708595066,0.0,0.0,0.3452700803691644,nonlooped_parent:product_margin,554,True,0.0,0,True,0.0,0.0,2026-06-17,bm_eligible
NBR,Balancing Reserve,downward,2026-06-17 00:00:00+00:00,2026-06-17T00:30:00+00:00,0.5,23.0,0.033725834515749,0.5,True,0.108491139420549,0.0,0.3108625708595066,0.0,0.0,0.3452700803691644,nonlooped_parent:product_margin,554,True,0.0,0,True,0.0,0.0,2026-06-17,bm_eligible
PSR,Slow Reserve,upward,2026-06-17 00:00:00+00:00,2026-06-17T00:30:00+00:00,0.5,2.0,0.901530607446477,1.0,False,1.7032452185700553,1.2,0.5293017104156905,0.0,0.0,0.7610122968239139,standalone_parent:product_margin_quantity,1990,True,1.16,1800,True,1.5220245936478278,0.8827742643157401,2026-06-17,bm_eligible
PSR,Slow Reserve,upward,2026-06-17 00:30:00+00:00,2026-06-17T01:00:00+00:00,0.5,25.0,0.8588069647564445,1.0,False,1.6225282251250897,1.2,0.5293017104156905,0.0,0.0,0.6075311292880494,standalone_parent:product_margin_quantity,37297,True,0.98,1801,True,15.188278232201236,7.442256333778605,2026-06-17,bm_eligible
PSR,Slow Reserve,upward,2026-06-17 01:00:00+00:00,2026-06-17T01:30:00+00:00,0.5,25.0,0.8595480857897084,1.0,False,1.6239284114813397,1.2,0.5293017104156905,0.0,0.0,0.6075311292880494,standalone_parent:product_margin_quantity,37297,True,0.98,1801,True,15.188278232201236,7.442256333778605,2026-06-17,bm_eligible
PSR,Slow Reserve,upward,2026-06-17 01:30:00+00:00,2026-06-17T02:00:00+00:00,0.5,25.0,0.6447937225735433,1.0,False,1.2181969373708434,1.2,0.5293017104156905,0.0,0.0,0.6075311292880494,standalone_parent:product_margin_quantity,37297,True,0.98,1801,True,15.188278232201236,7.442256333778605,2026-06-17,bm_eligible
DRL,Dynamic Regulation,upward,2026-06-17 02:00:00+00:00,2026-06-17T06:00:00+00:00,4.0,25.0,5.2718928268929455,1.0,False,15.299118766123,16.44,0.3445880058508045,0.0,0.0,0.4853407307322814,standalone_parent:product_margin_quantity,1401,True,17.66,480,True,12.133518268307036,857.111730473209,2026-06-17,bm_eligible
DRL,Dynamic Regulation,upward,2026-06-17 06:00:00+00:00,2026-06-17T10:00:00+00:00,4.0,25.0,5.466179268728801,1.0,False,15.86294118169476,18.89,0.3445880058508045,39.18287809545836,0.3918287809545836,0.4853407307322814,standalone_parent:product_margin_quantity,1401,True,18.75,480,True,12.133518268307036,910.0138701230276,2026-06-17,bm_eligible
DRL,Dynamic Regulation,upward,2026-06-17 10:00:00+00:00,2026-06-17T14:00:00+00:00,4.0,25.0,4.836909851146992,1.0,False,14.03679109261051,13.42,0.3445880058508045,0.0,0.0,0.4853407307322814,standalone_parent:product_margin_quantity,1401,True,13.14,480,True,12.133518268307036,637.7377201822178,2026-06-17,bm_eligible
DRL,Dynamic Regulation,upward,2026-06-17 14:00:00+00:00,2026-06-17T18:00:00+00:00,4.0,25.0,6.1839717144860025,1.0,False,17.945986538961147,17.3,0.3445880058508045,0.0,0.0,0.4853407307322814,standalone_parent:product_margin_quantity,1401,True,15.93,480,True,12.133518268307036,773.1477840565243,2026-06-17,bm_eligible
DRL,Dynamic Regulation,upward,2026-06-17 18:00:00+00:00,2026-06-17T22:00:00+00:00,4.0,7.0,7.936247358985257,1.0,False,23.031118971742146,28.5,0.3445880058508045,133.98586545747412,4.785209480624076,0.3391947295530913,standalone_parent:product_margin_quantity,1354,True,12.13,483,True,2.3743631068716398,115.20409794541196,2026-06-17,bm_eligible
NQR,Quick Reserve,downward,2026-06-17 18:00:00+00:00,2026-06-17T18:30:00+00:00,0.5,18.0,0.0771203634952397,1.0,False,1.0255708302616509,0.0,0.075197500962039,0.0,0.0,0.4176679787643421,standalone_parent:product_margin_quantity,1125,True,7.75,300,True,7.518023617758158,29.13234151881286,2026-06-17,bm_eligible
NBR,Balancing Reserve,downward,2026-06-17 18:30:00+00:00,2026-06-17T19:00:00+00:00,0.5,18.0,0.0543987426390295,0.5,True,0.1749928995588694,0.0,0.3108625708595066,0.0,0.0,0.3452700803691644,nonlooped_parent:product_margin,554,True,0.0,0,True,0.0,0.0,2026-06-17,bm_eligible
NBR,Balancing Reserve,downward,2026-06-17 19:00:00+00:00,2026-06-17T19:30:00+00:00,0.5,18.0,0.0507041465545207,0.5,True,0.1631079174772583,0.0,0.3108625708595066,0.0,0.0,0.3452700803691644,nonlooped_parent:product_margin,554,True,0.0,0,True,0.0,0.0,2026-06-17,bm_eligible
NBR,Balancing Reserve,downward,2026-06-17 19:30:00+00:00,2026-06-17T20:00:00+00:00,0.5,18.0,0.0472299470003476,0.5,True,0.151931919207131,0.0,0.3108625708595066,0.0,0.0,0.3452700803691644,nonlooped_parent:product_margin,554,True,0.0,0,True,0.0,0.0,2026-06-17,bm_eligible
NBR,Balancing Reserve,downward,2026-06-17 20:00:00+00:00,2026-06-17T20:30:00+00:00,0.5,18.0,0.044035588494112,0.5,True,0.1416561291774614,0.0,0.3108625708595066,0.0,0.0,0.3452700803691644,nonlooped_parent:product_margin,554,True,0.0,0,True,0.0,0.0,2026-06-17,bm_eligible
NBR,Balancing Reserve,downward,2026-06-17 20:30:00+00:00,2026-06-17T21:00:00+00:00,0.5,18.0,0.0411757273954992,0.5,True,0.1324563690046444,0.0,0.3108625708595066,0.0,0.0,0.3452700803691644,nonlooped_parent:product_margin,554,True,0.0,0,True,0.0,0.0,2026-06-17,bm_eligible
NBR,Balancing Reserve,downward,2026-06-17 21:00:00+00:00,2026-06-17T21:30:00+00:00,0.5,3.0,0.0386992967208098,0.5,True,0.1244900491358924,0.0,0.3108625708595066,0.0,0.0,0.3452700803691644,nonlooped_parent:product_margin_quantity,554,True,0.0,0,True,0.0,0.0,2026-06-17,bm_eligible
PSR,Slow Reserve,upward,2026-06-17 21:00:00+00:00,2026-06-17T21:30:00+00:00,0.5,14.0,2.215267204759538,1.0,False,4.18526364296039,3.5,0.5293017104156905,0.0,0.0,0.5538507229858161,standalone_parent:product_margin_quantity,81536,True,4.54,1797,True,7.753910121801425,17.601375976489237,2026-06-17,bm_eligible
PQR,Quick Reserve,upward,2026-06-17 21:30:00+00:00,2026-06-17T22:00:00+00:00,0.5,18.0,2.5156108446172007,1.0,False,11.654663401321937,11.65,0.2158458599784071,0.0,0.0,0.6029783081641092,standalone_parent:product_margin_quantity,1089,True,12.78,407,True,10.853609546953969,69.35456500503585,2026-06-17,bm_eligible
PQR,Quick Reserve,upward,2026-06-17 22:00:00+00:00,2026-06-17T22:30:00+00:00,0.5,25.0,1.4949074062763736,1.0,False,6.925809957281191,6.53,0.2158458599784071,0.0,0.0,0.5867704553048403,standalone_parent:product_margin_quantity,2702,True,6.55,500,True,14.669261382621007,48.0418310280838,2026-06-17,bm_eligible
PSR,Slow Reserve,upward,2026-06-17 22:30:00+00:00,2026-06-17T23:00:00+00:00,0.5,25.0,1.0124450500623228,1.0,False,1.9127938378797085,1.75,0.5293017104156905,1.8189894035458565e-12,1.4551915228366852e-13,0.6075311292880494,standalone_parent:product_margin_quantity,37297,True,1.4,1798,True,15.188278232201236,10.631794762540864,2026-06-17,bm_eligible
PSR,Slow Reserve,upward,2026-06-18 00:00:00+00:00,2026-06-18T00:30:00+00:00,0.5,9.0,0.6642131895425226,1.0,False,1.2548857796451829,1.16,0.5293017104156905,0.0,0.0,0.5283258568744738,standalone_parent:product_margin_quantity,4397,True,11.47,1800,True,4.754932711870264,27.269539102575965,2026-06-18,non_bm
PSR,Slow Reserve,upward,2026-06-18 00:30:00+00:00,2026-06-18T01:00:00+00:00,0.5,25.0,0.5844839084136283,1.0,False,1.1042547131665228,0.98,0.5293017104156905,0.0,0.0,0.6504406029713924,standalone_parent:product_margin_quantity,16212,True,11.47,1800,True,16.26101507428481,93.2569214510234,2026-06-18,non_bm
PSR,Slow Reserve,upward,2026-06-18 01:00:00+00:00,2026-06-18T01:30:00+00:00,0.5,25.0,0.5849837628522708,1.0,False,1.105199078976809,0.98,0.5293017104156905,0.0,0.0,0.6504406029713924,standalone_parent:product_margin_quantity,16212,True,1.33,1811,True,16.26101507428481,10.8135750243994,2026-06-18,non_bm
PSR,Slow Reserve,upward,2026-06-18 01:30:00+00:00,2026-06-18T02:00:00+00:00,0.5,25.0,0.5157021620880788,1.0,False,0.9743066231225076,0.98,0.5293017104156905,0.0,0.0,0.6504406029713924,standalone_parent:product_margin_quantity,16212,True,1.33,1811,True,16.26101507428481,10.8135750243994,2026-06-18,non_bm
DRL,Dynamic Regulation,upward,2026-06-18 02:00:00+00:00,2026-06-18T06:00:00+00:00,4.0,25.0,5.140543693578939,1.0,False,14.917941443976517,17.66,0.3445880058508045,21.343284040041908,0.213432840400419,0.4853407307322814,standalone_parent:product_margin_quantity,1401,True,20.92,479,True,12.133518268307036,1015.3328086919328,2026-06-18,non_bm
DRL,Dynamic Regulation,upward,2026-06-18 06:00:00+00:00,2026-06-18T10:00:00+00:00,4.0,25.0,5.289804285792338,1.0,False,15.351098111298317,18.75,0.3445880058508045,15.98287476092628,0.1598287476092628,0.4853407307322814,standalone_parent:product_margin_quantity,1401,True,18.32,480,True,12.133518268307036,889.1442187015396,2026-06-18,non_bm
DRL,Dynamic Regulation,upward,2026-06-18 10:00:00+00:00,2026-06-18T14:00:00+00:00,4.0,25.0,4.580181902941368,1.0,False,13.291762409526347,13.14,0.3445880058508045,0.0,0.0,0.4853407307322814,standalone_parent:product_margin_quantity,1401,True,19.68,480,True,12.133518268307036,955.1505580811298,2026-06-18,non_bm
DRL,Dynamic Regulation,upward,2026-06-18 14:00:00+00:00,2026-06-18T18:00:00+00:00,4.0,25.0,5.809265897486985,1.0,False,16.858584160942065,15.93,0.3445880058508045,0.0,0.0,0.4853407307322814,standalone_parent:product_margin_quantity,1401,True,18.22,480,True,12.133518268307036,884.2908113942167,2026-06-18,non_bm
DCH,Dynamic Containment,downward,2026-06-18 18:00:00+00:00,2026-06-18T22:00:00+00:00,4.0,17.0,0.6070677906579197,0.25,False,1.3085683487515158,2.48,0.4639175257731959,0.0,0.0,0.6560693104031714,nonlooped_parent:product_margin_quantity,805,True,0.64,1370,True,11.153178276853914,28.55213638874602,2026-06-18,non_bm
DRL,Dynamic Regulation,upward,2026-06-18 18:00:00+00:00,2026-06-18T22:00:00+00:00,4.0,8.0,6.624963437632005,1.0,False,19.225751695200906,12.13,0.3445880058508045,155.75065596571994,4.867207998928748,0.3166588938587751,standalone_parent:product_margin_quantity,456,True,30.83,479,True,2.5332711508702013,312.4029983253132,2026-06-18,non_bm
PQR,Quick Reserve,upward,2026-06-18 22:00:00+00:00,2026-06-18T22:30:00+00:00,0.5,25.0,1.4241466177590485,1.0,False,6.597979770849058,6.55,0.2158458599784071,0.0,0.0,0.5867704553048403,standalone_parent:product_margin_quantity,2702,True,9.52,500,True,14.669261382621007,69.82568418127599,2026-06-18,non_bm
PSR,Slow Reserve,upward,2026-06-18 22:30:00+00:00,2026-06-18T23:00:00+00:00,0.5,25.0,0.7183709933100288,1.0,False,1.3572051236068208,1.4,0.5293017104156905,0.0,0.0,0.6075311292880494,standalone_parent:product_margin_quantity,37297,True,1.32,1800,True,15.188278232201236,10.024263633252817,2026-06-18,non_bm
NBR,Balancing Reserve,downward,2026-06-17 23:00:00+00:00,2026-06-17T23:30:00+00:00,0.5,25.0,0.0456661270473836,0.5,True,0.1469013362436043,0.0,0.3108625708595066,0.0,0.0,0.3452700803691644,nonlooped_parent:product_margin,554,True,0.0,0,True,0.0,0.0,2026-06-18,bm_eligible
NBR,Balancing Reserve,downward,2026-06-17 23:30:00+00:00,2026-06-18T00:00:00+00:00,0.5,25.0,0.0455706608076052,0.5,True,0.1465942351361457,0.0,0.3108625708595066,0.0,0.0,0.3452700803691644,nonlooped_parent:product_margin,554,True,0.0,0,True,0.0,0.0,2026-06-18,bm_eligible
NBR,Balancing Reserve,downward,2026-06-18 00:00:00+00:00,2026-06-18T00:30:00+00:00,0.5,15.0,0.0460019143898893,0.5,True,0.1479815156347006,0.0,0.3108625708595066,0.0,0.0,0.3452700803691644,nonlooped_parent:product_margin,554,True,0.0,0,True,0.0,0.0,2026-06-18,bm_eligible
PSR,Slow Reserve,upward,2026-06-18 00:00:00+00:00,2026-06-18T00:30:00+00:00,0.5,9.0,0.6642131895425226,1.0,False,1.2548857796451829,1.16,0.5293017104156905,0.0,0.0,0.5283258568744738,standalone_parent:product_margin_quantity,4397,True,11.47,1800,True,4.754932711870264,27.269539102575965,2026-06-18,bm_eligible
PSR,Slow Reserve,upward,2026-06-18 00:30:00+00:00,2026-06-18T01:00:00+00:00,0.5,25.0,0.5844839084136283,1.0,False,1.1042547131665228,0.98,0.5293017104156905,0.0,0.0,0.6504406029713924,standalone_parent:product_margin_quantity,16212,True,11.47,1800,True,16.26101507428481,93.2569214510234,2026-06-18,bm_eligible
PSR,Slow Reserve,upward,2026-06-18 01:00:00+00:00,2026-06-18T01:30:00+00:00,0.5,25.0,0.5849837628522708,1.0,False,1.105199078976809,0.98,0.5293017104156905,0.0,0.0,0.6504406029713924,standalone_parent:product_margin_quantity,16212,True,1.33,1811,True,16.26101507428481,10.8135750243994,2026-06-18,bm_eligible
PSR,Slow Reserve,upward,2026-06-18 01:30:00+00:00,2026-06-18T02:00:00+00:00,0.5,25.0,0.5157021620880788,1.0,False,0.9743066231225076,0.98,0.5293017104156905,0.0,0.0,0.6504406029713924,standalone_parent:product_margin_quantity,16212,True,1.33,1811,True,16.26101507428481,10.8135750243994,2026-06-18,bm_eligible
DRL,Dynamic Regulation,upward,2026-06-18 02:00:00+00:00,2026-06-18T06:00:00+00:00,4.0,25.0,5.140543693578939,1.0,False,14.917941443976517,17.66,0.3445880058508045,21.343284040041908,0.213432840400419,0.4853407307322814,standalone_parent:product_margin_quantity,1401,True,20.92,479,True,12.133518268307036,1015.3328086919328,2026-06-18,bm_eligible
DRL,Dynamic Regulation,upward,2026-06-18 06:00:00+00:00,2026-06-18T10:00:00+00:00,4.0,25.0,5.289804285792338,1.0,False,15.351098111298317,18.75,0.3445880058508045,15.98287476092628,0.1598287476092628,0.4853407307322814,standalone_parent:product_margin_quantity,1401,True,18.32,480,True,12.133518268307036,889.1442187015396,2026-06-18,bm_eligible
DRL,Dynamic Regulation,upward,2026-06-18 10:00:00+00:00,2026-06-18T14:00:00+00:00,4.0,25.0,4.580181902941368,1.0,False,13.291762409526347,13.14,0.3445880058508045,0.0,0.0,0.4853407307322814,standalone_parent:product_margin_quantity,1401,True,19.68,480,True,12.133518268307036,955.1505580811298,2026-06-18,bm_eligible
DRL,Dynamic Regulation,upward,2026-06-18 14:00:00+00:00,2026-06-18T18:00:00+00:00,4.0,25.0,5.809265897486985,1.0,False,16.858584160942065,15.93,0.3445880058508045,0.0,0.0,0.4853407307322814,standalone_parent:product_margin_quantity,1401,True,18.22,480,True,12.133518268307036,884.2908113942167,2026-06-18,bm_eligible
DCH,Dynamic Containment,downward,2026-06-18 18:00:00+00:00,2026-06-18T22:00:00+00:00,4.0,17.0,0.6070677906579197,0.25,False,1.3085683487515158,2.48,0.4639175257731959,0.0,0.0,0.6560693104031714,nonlooped_parent:product_margin_quantity,805,True,0.64,1370,True,11.153178276853914,28.55213638874602,2026-06-18,bm_eligible
DRL,Dynamic Regulation,upward,2026-06-18 18:00:00+00:00,2026-06-18T22:00:00+00:00,4.0,8.0,6.624963437632005,1.0,False,19.225751695200906,12.13,0.3445880058508045,155.75065596571994,4.867207998928748,0.3166588938587751,standalone_parent:product_margin_quantity,456,True,30.83,479,True,2.5332711508702013,312.4029983253132,2026-06-18,bm_eligible
PQR,Quick Reserve,upward,2026-06-18 22:00:00+00:00,2026-06-18T22:30:00+00:00,0.5,25.0,1.4241466177590485,1.0,False,6.597979770849058,6.55,0.2158458599784071,0.0,0.0,0.5867704553048403,standalone_parent:product_margin_quantity,2702,True,9.52,500,True,14.669261382621007,69.82568418127599,2026-06-18,bm_eligible
PSR,Slow Reserve,upward,2026-06-18 22:30:00+00:00,2026-06-18T23:00:00+00:00,0.5,25.0,0.7183709933100288,1.0,False,1.3572051236068208,1.4,0.5293017104156905,0.0,0.0,0.6075311292880494,standalone_parent:product_margin_quantity,37297,True,1.32,1800,True,15.188278232201236,10.024263633252817,2026-06-18,bm_eligible
PSR,Slow Reserve,upward,2026-06-19 00:00:00+00:00,2026-06-19T00:30:00+00:00,0.5,18.0,1.0740923848935595,1.0,False,2.029263015322611,11.47,0.5293017104156905,0.0,0.0,0.5976150939668087,standalone_parent:product_margin_quantity,3361,True,0.84,1800,True,10.757071691402556,4.517970110389074,2026-06-19,non_bm
PSR,Slow Reserve,upward,2026-06-19 00:30:00+00:00,2026-06-19T01:00:00+00:00,0.5,25.0,1.0234479550845188,1.0,False,1.9335814242518643,11.47,0.5293017104156905,0.0,0.0,0.5976150939668087,standalone_parent:product_margin_quantity,3361,True,0.84,1800,True,14.940377349170216,6.2749584866514905,2026-06-19,non_bm
PSR,Slow Reserve,upward,2026-06-19 01:00:00+00:00,2026-06-19T01:30:00+00:00,0.5,25.0,0.5904159324622497,1.0,False,1.1154619772502958,1.33,0.5293017104156905,0.0,0.0,0.6075311292880494,standalone_parent:product_margin_quantity,37297,True,0.84,1800,True,15.188278232201236,6.379076857524519,2026-06-19,non_bm
PSR,Slow Reserve,upward,2026-06-19 01:30:00+00:00,2026-06-19T02:00:00+00:00,0.5,25.0,0.5086680305548019,1.0,False,0.9610171676099746,1.33,0.5293017104156905,0.0,0.0,0.6075311292880494,standalone_parent:product_margin_quantity,37297,True,0.84,1800,True,15.188278232201236,6.379076857524519,2026-06-19,non_bm
DRL,Dynamic Regulation,upward,2026-06-19 02:00:00+00:00,2026-06-19T06:00:00+00:00,4.0,25.0,5.139726672401324,1.0,False,14.91557043522478,20.92,0.3445880058508045,5.289031913305735,0.0528903191330573,0.4853407307322814,standalone_parent:product_margin_quantity,1401,True,18.39,480,True,12.133518268307036,892.5416038166655,2026-06-19,non_bm
DRL,Dynamic Regulation,upward,2026-06-19 06:00:00+00:00,2026-06-19T10:00:00+00:00,4.0,25.0,5.121626956251587,1.0,False,14.863044764445709,18.32,0.3445880058508045,8.545051475524815,0.0854505147552481,0.4853407307322814,standalone_parent:product_margin_quantity,1401,True,16.53,480,True,12.133518268307036,802.2682279004613,2026-06-19,non_bm
DRL,Dynamic Regulation,upward,2026-06-19 10:00:00+00:00,2026-06-19T14:00:00+00:00,4.0,25.0,4.840165984932409,1.0,False,14.046240445838515,19.68,0.3445880058508045,0.0,0.0,0.4853407307322814,standalone_parent:product_margin_quantity,1401,True,11.02,480,True,12.133518268307036,534.8454852669742,2026-06-19,non_bm
DRL,Dynamic Regulation,upward,2026-06-19 14:00:00+00:00,2026-06-19T18:00:00+00:00,4.0,25.0,5.70691335491934,1.0,False,16.561555416964367,18.22,0.3445880058508045,0.0,0.0,0.4853407307322814,standalone_parent:product_margin_quantity,1401,True,30.39,479,True,12.133518268307036,1474.9504806954033,2026-06-19,non_bm
DCH,Dynamic Containment,downward,2026-06-19 18:00:00+00:00,2026-06-19T22:00:00+00:00,4.0,16.0,0.5897113146108309,0.25,False,1.2711555003833466,0.64,0.4639175257731959,0.0,0.0,0.5493763863183293,nonlooped_parent:product_margin_quantity,769,True,2.1,1375,True,8.790022181093269,73.83618632118346,2026-06-19,non_bm
DRL,Dynamic Regulation,upward,2026-06-19 18:00:00+00:00,2026-06-19T22:00:00+00:00,4.0,9.0,7.546333994620308,1.0,False,21.899584043815,30.83,0.3445880058508045,166.4248094667014,4.622911374075039,0.3391947295530913,standalone_parent:product_margin_quantity,1354,True,25.96,480,True,3.052752565977822,316.99782645113703,2026-06-19,non_bm
PQR,Quick Reserve,upward,2026-06-19 22:00:00+00:00,2026-06-19T22:30:00+00:00,0.5,25.0,1.410747926996011,1.0,False,6.535904497483251,9.52,0.2158458599784071,0.0,0.0,0.5867704553048403,standalone_parent:product_margin_quantity,2702,True,11.45,500,True,14.669261382621007,83.98152141550526,2026-06-19,non_bm
PSR,Slow Reserve,upward,2026-06-19 22:30:00+00:00,2026-06-19T23:00:00+00:00,0.5,25.0,0.7317492045463986,1.0,False,1.382480332383046,1.32,0.5293017104156905,0.0,0.0,0.6075311292880494,standalone_parent:product_margin_quantity,37297,True,1.4,1799,True,15.188278232201236,10.631794762540864,2026-06-19,non_bm
NBR,Balancing Reserve,downward,2026-06-18 23:00:00+00:00,2026-06-18T23:30:00+00:00,0.5,25.0,0.0801563507977161,0.5,True,0.2578514054493315,0.0,0.3108625708595066,1.8189894035458565e-12,1.4551915228366852e-13,0.3041550641483485,nonlooped_parent:product_margin,5929,True,0.0,0,True,0.0,0.0,2026-06-19,bm_eligible
NBR,Balancing Reserve,downward,2026-06-18 23:30:00+00:00,2026-06-19T00:00:00+00:00,0.5,25.0,0.0798599555458217,0.5,True,0.2568979447252728,0.0,0.3108625708595066,0.0,0.0,0.3452700803691644,nonlooped_parent:product_margin,554,True,0.0,0,True,0.0,0.0,2026-06-19,bm_eligible
NBR,Balancing Reserve,downward,2026-06-19 00:00:00+00:00,2026-06-19T00:30:00+00:00,0.5,7.0,0.0800796719884815,0.5,True,0.2576047407929124,0.0,0.3108625708595066,0.0,0.0,0.3452700803691644,nonlooped_parent:product_margin,554,True,0.0,0,True,0.0,0.0,2026-06-19,bm_eligible
PSR,Slow Reserve,upward,2026-06-19 00:00:00+00:00,2026-06-19T00:30:00+00:00,0.5,18.0,1.0740923848935595,1.0,False,2.029263015322611,11.47,0.5293017104156905,0.0,0.0,0.5976150939668087,standalone_parent:product_margin_quantity,3361,True,0.84,1800,True,10.757071691402556,4.517970110389074,2026-06-19,bm_eligible
PSR,Slow Reserve,upward,2026-06-19 00:30:00+00:00,2026-06-19T01:00:00+00:00,0.5,25.0,1.0234479550845188,1.0,False,1.9335814242518643,11.47,0.5293017104156905,0.0,0.0,0.5976150939668087,standalone_parent:product_margin_quantity,3361,True,0.84,1800,True,14.940377349170216,6.2749584866514905,2026-06-19,bm_eligible
PSR,Slow Reserve,upward,2026-06-19 01:00:00+00:00,2026-06-19T01:30:00+00:00,0.5,25.0,0.5904159324622497,1.0,False,1.1154619772502958,1.33,0.5293017104156905,0.0,0.0,0.6075311292880494,standalone_parent:product_margin_quantity,37297,True,0.84,1800,True,15.188278232201236,6.379076857524519,2026-06-19,bm_eligible
PSR,Slow Reserve,upward,2026-06-19 01:30:00+00:00,2026-06-19T02:00:00+00:00,0.5,25.0,0.5086680305548019,1.0,False,0.9610171676099746,1.33,0.5293017104156905,0.0,0.0,0.6075311292880494,standalone_parent:product_margin_quantity,37297,True,0.84,1800,True,15.188278232201236,6.379076857524519,2026-06-19,bm_eligible
DRL,Dynamic Regulation,upward,2026-06-19 02:00:00+00:00,2026-06-19T06:00:00+00:00,4.0,25.0,5.139726672401324,1.0,False,14.91557043522478,20.92,0.3445880058508045,5.289031913305735,0.0528903191330573,0.4853407307322814,standalone_parent:product_margin_quantity,1401,True,18.39,480,True,12.133518268307036,892.5416038166655,2026-06-19,bm_eligible
DRL,Dynamic Regulation,upward,2026-06-19 06:00:00+00:00,2026-06-19T10:00:00+00:00,4.0,25.0,5.121626956251587,1.0,False,14.863044764445709,18.32,0.3445880058508045,8.545051475524815,0.0854505147552481,0.4853407307322814,standalone_parent:product_margin_quantity,1401,True,16.53,480,True,12.133518268307036,802.2682279004613,2026-06-19,bm_eligible
DRL,Dynamic Regulation,upward,2026-06-19 10:00:00+00:00,2026-06-19T14:00:00+00:00,4.0,25.0,4.840165984932409,1.0,False,14.046240445838515,19.68,0.3445880058508045,0.0,0.0,0.4853407307322814,standalone_parent:product_margin_quantity,1401,True,11.02,480,True,12.133518268307036,534.8454852669742,2026-06-19,bm_eligible
DRL,Dynamic Regulation,upward,2026-06-19 14:00:00+00:00,2026-06-19T18:00:00+00:00,4.0,25.0,5.70691335491934,1.0,False,16.561555416964367,18.22,0.3445880058508045,0.0,0.0,0.4853407307322814,standalone_parent:product_margin_quantity,1401,True,30.39,479,True,12.133518268307036,1474.9504806954033,2026-06-19,bm_eligible
DCH,Dynamic Containment,downward,2026-06-19 18:00:00+00:00,2026-06-19T22:00:00+00:00,4.0,16.0,0.5897113146108309,0.25,False,1.2711555003833466,0.64,0.4639175257731959,0.0,0.0,0.5493763863183293,nonlooped_parent:product_margin_quantity,769,True,2.1,1375,True,8.790022181093269,73.83618632118346,2026-06-19,bm_eligible
DRL,Dynamic Regulation,upward,2026-06-19 18:00:00+00:00,2026-06-19T22:00:00+00:00,4.0,9.0,7.546333994620308,1.0,False,21.899584043815,30.83,0.3445880058508045,166.4248094667014,4.622911374075039,0.3391947295530913,standalone_parent:product_margin_quantity,1354,True,25.96,480,True,3.052752565977822,316.99782645113703,2026-06-19,bm_eligible
PQR,Quick Reserve,upward,2026-06-19 22:00:00+00:00,2026-06-19T22:30:00+00:00,0.5,25.0,1.410747926996011,1.0,False,6.535904497483251,9.52,0.2158458599784071,0.0,0.0,0.5867704553048403,standalone_parent:product_margin_quantity,2702,True,11.45,500,True,14.669261382621007,83.98152141550526,2026-06-19,bm_eligible
PSR,Slow Reserve,upward,2026-06-19 22:30:00+00:00,2026-06-19T23:00:00+00:00,0.5,25.0,0.7317492045463986,1.0,False,1.382480332383046,1.32,0.5293017104156905,0.0,0.0,0.6075311292880494,standalone_parent:product_margin_quantity,37297,True,1.4,1799,True,15.188278232201236,10.631794762540864,2026-06-19,bm_eligible
PSR,Slow Reserve,upward,2026-06-20 00:00:00+00:00,2026-06-20T00:30:00+00:00,0.5,7.0,0.6960550380814429,1.0,False,1.3150439992623328,0.84,0.5293017104156905,0.0,0.0,0.4580150115793033,standalone_parent:product_margin_quantity,2154,True,1.53,1798,True,3.2061050810551235,2.4526703870071693,2026-06-20,non_bm
PSR,Slow Reserve,upward,2026-06-20 00:30:00+00:00,2026-06-20T01:00:00+00:00,0.5,25.0,0.6448050437115486,1.0,False,1.2182183261889457,0.84,0.5293017104156905,0.0,0.0,0.6504406029713924,standalone_parent:product_margin_quantity,16212,True,0.84,1809,True,16.26101507428481,6.82962633119962,2026-06-20,non_bm
PSR,Slow Reserve,upward,2026-06-20 01:00:00+00:00,2026-06-20T01:30:00+00:00,0.5,25.0,0.5138924732155171,1.0,False,0.9708876111734616,0.84,0.5293017104156905,0.0,0.0,0.6504406029713924,standalone_parent:product_margin_quantity,16212,True,0.84,1809,True,16.26101507428481,6.82962633119962,2026-06-20,non_bm
PSR,Slow Reserve,upward,2026-06-20 01:30:00+00:00,2026-06-20T02:00:00+00:00,0.5,25.0,0.4311861256766226,1.0,False,0.8146320278050638,0.84,0.5293017104156905,0.0,0.0,0.6504406029713924,standalone_parent:product_margin_quantity,16212,True,0.76,1809,True,16.26101507428481,6.179185728228227,2026-06-20,non_bm
DRL,Dynamic Regulation,upward,2026-06-20 02:00:00+00:00,2026-06-20T06:00:00+00:00,4.0,25.0,5.006481520437058,1.0,False,14.528890836103862,18.39,0.3445880058508045,12.84042599282111,0.1284042599282111,0.4853407307322814,standalone_parent:product_margin_quantity,1401,True,21.76,479,True,12.133518268307036,1056.1014300734444,2026-06-20,non_bm
DRL,Dynamic Regulation,upward,2026-06-20 06:00:00+00:00,2026-06-20T10:00:00+00:00,4.0,25.0,4.91024283002232,1.0,False,14.24960459055646,16.53,0.3445880058508045,7.802524964750773,0.0780252496475077,0.4853407307322814,standalone_parent:product_margin_quantity,1401,True,13.21,480,True,12.133518268307036,641.1351052973438,2026-06-20,non_bm
DRL,Dynamic Regulation,upward,2026-06-20 10:00:00+00:00,2026-06-20T14:00:00+00:00,4.0,25.0,4.158506394331044,1.0,False,12.068053222176117,11.02,0.3445880058508045,0.0,0.0,0.4853407307322814,standalone_parent:product_margin_quantity,1401,True,10.65,480,True,12.133518268307036,516.8878782298798,2026-06-20,non_bm
DRL,Dynamic Regulation,upward,2026-06-20 14:00:00+00:00,2026-06-20T18:00:00+00:00,4.0,25.0,6.348990939926114,1.0,False,18.424875016326084,30.39,0.3445880058508045,0.0,0.0,0.4853407307322814,standalone_parent:product_margin_quantity,1401,True,12.85,480,True,12.133518268307036,623.6628389909816,2026-06-20,non_bm
DCH,Dynamic Containment,downward,2026-06-20 18:00:00+00:00,2026-06-20T22:00:00+00:00,4.0,20.0,0.6716715139798228,0.25,False,1.447825263467618,2.1,0.4639175257731959,0.0,0.0,0.6560693104031714,nonlooped_parent:product_margin_quantity,805,True,0.01,1051,True,13.121386208063427,0.524855448322537,2026-06-20,non_bm
DRL,Dynamic Regulation,upward,2026-06-20 18:00:00+00:00,2026-06-20T22:00:00+00:00,4.0,5.0,7.475324615334976,1.0,False,21.69351366968806,25.96,0.3445880058508045,104.70499685296043,5.235249842648022,0.4532644871576736,standalone_parent:product_margin,4171,True,28.82,474,True,2.266322435788368,261.261650397683,2026-06-20,non_bm
PQR,Quick Reserve,upward,2026-06-20 22:00:00+00:00,2026-06-20T22:30:00+00:00,0.5,25.0,1.5607804428309795,1.0,False,7.230995502934907,11.45,0.2158458599784071,0.0,0.0,0.6029783081641092,standalone_parent:product_margin_quantity,1089,True,9.55,500,True,15.07445770410273,71.98053553709055,2026-06-20,non_bm
PSR,Slow Reserve,upward,2026-06-20 22:30:00+00:00,2026-06-20T23:00:00+00:00,0.5,25.0,0.6370860556180362,1.0,False,1.2036349837556666,1.4,0.5293017104156905,0.0,0.0,0.6075311292880494,standalone_parent:product_margin_quantity,37297,True,2.06,1801,True,15.188278232201236,15.643926579167273,2026-06-20,non_bm
NBR,Balancing Reserve,downward,2026-06-19 23:00:00+00:00,2026-06-19T23:30:00+00:00,0.5,25.0,0.1040189924977222,0.5,True,0.3346140778869556,0.0,0.3108625708595066,0.0,0.0,0.3452700803691644,nonlooped_parent:product_margin,554,True,0.0,0,True,0.0,0.0,2026-06-20,bm_eligible
NBR,Balancing Reserve,downward,2026-06-19 23:30:00+00:00,2026-06-20T00:00:00+00:00,0.5,25.0,0.1036971032361545,0.5,True,0.333578606615269,0.0,0.3108625708595066,0.0,0.0,0.3452700803691644,nonlooped_parent:product_margin,554,True,0.0,0,True,0.0,0.0,2026-06-20,bm_eligible
NBR,Balancing Reserve,downward,2026-06-20 00:00:00+00:00,2026-06-20T00:30:00+00:00,0.5,18.0,0.103898151907661,0.5,True,0.3342253511588484,0.0,0.3108625708595066,0.0,0.0,0.3452700803691644,nonlooped_parent:product_margin,554,True,0.0,0,True,0.0,0.0,2026-06-20,bm_eligible
PSR,Slow Reserve,upward,2026-06-20 00:00:00+00:00,2026-06-20T00:30:00+00:00,0.5,7.0,0.6960550380814429,1.0,False,1.3150439992623328,0.84,0.5293017104156905,0.0,0.0,0.4580150115793033,standalone_parent:product_margin_quantity,2154,True,1.53,1798,True,3.2061050810551235,2.4526703870071693,2026-06-20,bm_eligible
PSR,Slow Reserve,upward,2026-06-20 00:30:00+00:00,2026-06-20T01:00:00+00:00,0.5,25.0,0.6448050437115486,1.0,False,1.2182183261889457,0.84,0.5293017104156905,0.0,0.0,0.6504406029713924,standalone_parent:product_margin_quantity,16212,True,0.84,1809,True,16.26101507428481,6.82962633119962,2026-06-20,bm_eligible
PSR,Slow Reserve,upward,2026-06-20 01:00:00+00:00,2026-06-20T01:30:00+00:00,0.5,25.0,0.5138924732155171,1.0,False,0.9708876111734616,0.84,0.5293017104156905,0.0,0.0,0.6504406029713924,standalone_parent:product_margin_quantity,16212,True,0.84,1809,True,16.26101507428481,6.82962633119962,2026-06-20,bm_eligible
PSR,Slow Reserve,upward,2026-06-20 01:30:00+00:00,2026-06-20T02:00:00+00:00,0.5,25.0,0.4311861256766226,1.0,False,0.8146320278050638,0.84,0.5293017104156905,0.0,0.0,0.6504406029713924,standalone_parent:product_margin_quantity,16212,True,0.76,1809,True,16.26101507428481,6.179185728228227,2026-06-20,bm_eligible
DRL,Dynamic Regulation,upward,2026-06-20 02:00:00+00:00,2026-06-20T06:00:00+00:00,4.0,25.0,5.006481520437058,1.0,False,14.528890836103862,18.39,0.3445880058508045,12.84042599282111,0.1284042599282111,0.4853407307322814,standalone_parent:product_margin_quantity,1401,True,21.76,479,True,12.133518268307036,1056.1014300734444,2026-06-20,bm_eligible
DRL,Dynamic Regulation,upward,2026-06-20 06:00:00+00:00,2026-06-20T10:00:00+00:00,4.0,25.0,4.91024283002232,1.0,False,14.24960459055646,16.53,0.3445880058508045,7.802524964750773,0.0780252496475077,0.4853407307322814,standalone_parent:product_margin_quantity,1401,True,13.21,480,True,12.133518268307036,641.1351052973438,2026-06-20,bm_eligible
DRL,Dynamic Regulation,upward,2026-06-20 10:00:00+00:00,2026-06-20T14:00:00+00:00,4.0,25.0,4.158506394331044,1.0,False,12.068053222176117,11.02,0.3445880058508045,0.0,0.0,0.4853407307322814,standalone_parent:product_margin_quantity,1401,True,10.65,480,True,12.133518268307036,516.8878782298798,2026-06-20,bm_eligible
DRL,Dynamic Regulation,upward,2026-06-20 14:00:00+00:00,2026-06-20T18:00:00+00:00,4.0,25.0,6.348990939926114,1.0,False,18.424875016326084,30.39,0.3445880058508045,0.0,0.0,0.4853407307322814,standalone_parent:product_margin_quantity,1401,True,12.85,480,True,12.133518268307036,623.6628389909816,2026-06-20,bm_eligible
DCH,Dynamic Containment,downward,2026-06-20 18:00:00+00:00,2026-06-20T22:00:00+00:00,4.0,20.0,0.6716715139798228,0.25,False,1.447825263467618,2.1,0.4639175257731959,0.0,0.0,0.6560693104031714,nonlooped_parent:product_margin_quantity,805,True,0.01,1051,True,13.121386208063427,0.524855448322537,2026-06-20,bm_eligible
DRL,Dynamic Regulation,upward,2026-06-20 18:00:00+00:00,2026-06-20T22:00:00+00:00,4.0,5.0,7.475324615334976,1.0,False,21.69351366968806,25.96,0.3445880058508045,104.70499685296043,5.235249842648022,0.4532644871576736,standalone_parent:product_margin,4171,True,28.82,474,True,2.266322435788368,261.261650397683,2026-06-20,bm_eligible
PQR,Quick Reserve,upward,2026-06-20 22:00:00+00:00,2026-06-20T22:30:00+00:00,0.5,25.0,1.5607804428309795,1.0,False,7.230995502934907,11.45,0.2158458599784071,0.0,0.0,0.6029783081641092,standalone_parent:product_margin_quantity,1089,True,9.55,500,True,15.07445770410273,71.98053553709055,2026-06-20,bm_eligible
PSR,Slow Reserve,upward,2026-06-20 22:30:00+00:00,2026-06-20T23:00:00+00:00,0.5,25.0,0.6370860556180362,1.0,False,1.2036349837556666,1.4,0.5293017104156905,0.0,0.0,0.6075311292880494,standalone_parent:product_margin_quantity,37297,True,2.06,1801,True,15.188278232201236,15.643926579167273,2026-06-20,bm_eligible
PSR,Slow Reserve,upward,2026-06-21 00:00:00+00:00,2026-06-21T00:30:00+00:00,0.5,25.0,0.7727845905058549,1.0,False,1.46000773339452,1.53,0.5293017104156905,0.0,0.0,0.6075311292880494,standalone_parent:product_margin_quantity,37297,True,1.07,1803,True,15.188278232201236,8.125728854227662,2026-06-21,non_bm
PSR,Slow Reserve,upward,2026-06-21 00:30:00+00:00,2026-06-21T01:00:00+00:00,0.5,25.0,0.6593278010267244,1.0,False,1.2456559048504057,0.84,0.5293017104156905,0.0,0.0,0.6504406029713924,standalone_parent:product_margin_quantity,16212,True,1.05,1803,True,16.26101507428481,8.537032913999525,2026-06-21,non_bm
PSR,Slow Reserve,upward,2026-06-21 01:00:00+00:00,2026-06-21T01:30:00+00:00,0.5,25.0,0.5238900207213739,1.0,False,0.9897757940550268,0.84,0.5293017104156905,0.0,0.0,0.6504406029713924,standalone_parent:product_margin_quantity,16212,True,1.05,1803,True,16.26101507428481,8.537032913999525,2026-06-21,non_bm
PSR,Slow Reserve,upward,2026-06-21 01:30:00+00:00,2026-06-21T02:00:00+00:00,0.5,25.0,0.4377529651299994,1.0,False,0.827038636973622,0.76,0.5293017104156905,0.0,0.0,0.6504406029713924,standalone_parent:product_margin_quantity,16212,True,1.05,1802,True,16.26101507428481,8.537032913999525,2026-06-21,non_bm
DRL,Dynamic Regulation,upward,2026-06-21 02:00:00+00:00,2026-06-21T06:00:00+00:00,4.0,25.0,5.517272558009006,1.0,False,16.011214738558856,21.76,0.3445880058508045,21.24483790020895,0.2124483790020895,0.4853407307322814,standalone_parent:product_margin_quantity,1401,True,12.45,480,True,12.133518268307036,604.2492097616904,2026-06-21,non_bm
DRL,Dynamic Regulation,upward,2026-06-21 06:00:00+00:00,2026-06-21T10:00:00+00:00,4.0,25.0,4.955425385289,1.0,False,14.380725101135816,13.21,0.3445880058508045,56.0757814148983,0.5607578141489831,0.4853407307322814,standalone_parent:product_margin_quantity,1401,True,15.63,480,True,12.133518268307036,758.5875621345559,2026-06-21,non_bm
DRL,Dynamic Regulation,upward,2026-06-21 10:00:00+00:00,2026-06-21T14:00:00+00:00,4.0,25.0,4.416997313438684,1.0,False,12.818198075504409,10.65,0.3445880058508045,0.0,0.0,0.4853407307322814,standalone_parent:product_margin_quantity,1401,True,13.38,480,True,12.133518268307036,649.3858977197926,2026-06-21,non_bm
DRL,Dynamic Regulation,upward,2026-06-21 14:00:00+00:00,2026-06-21T18:00:00+00:00,4.0,25.0,5.689423302579397,1.0,False,16.51079900048156,12.85,0.3445880058508045,0.0,0.0,0.4853407307322814,standalone_parent:product_margin_quantity,1401,True,15.0,480,True,12.133518268307036,728.0110960984222,2026-06-21,non_bm
DRL,Dynamic Regulation,upward,2026-06-21 18:00:00+00:00,2026-06-21T22:00:00+00:00,4.0,8.0,7.49406140256726,1.0,False,21.74788813111489,28.82,0.3445880058508045,163.03371346774748,5.094803545867109,0.3391947295530913,standalone_parent:product_margin_quantity,1354,True,25.63,480,True,2.7135578364247306,278.19394939026336,2026-06-21,non_bm
NQR,Quick Reserve,downward,2026-06-21 18:00:00+00:00,2026-06-21T18:30:00+00:00,0.5,17.0,0.0709525761632534,1.0,False,0.943549655979544,1.65,0.075197500962039,1.8128484956205284,0.2132762936024151,0.3777883907815773,standalone_parent:product_margin_quantity,357,True,0.0,325,False,0.0,0.0,2026-06-21,non_bm
NSR,Slow Reserve,downward,2026-06-21 18:30:00+00:00,2026-06-21T19:00:00+00:00,0.5,17.0,4.44655188627024e-05,1.0,False,0.0058313351879944,0.0,0.0076252723311546,0.0,0.0,0.0076252723311546,standalone_parent:product,7344,True,0.0,0,True,0.0,0.0,2026-06-21,non_bm
NQR,Quick Reserve,downward,2026-06-21 21:00:00+00:00,2026-06-21T21:30:00+00:00,0.5,14.0,0.0106538560654551,1.0,False,0.1416783261299254,0.0,0.075197500962039,0.0,0.0,0.4176679787643421,standalone_parent:product_margin_quantity,1125,True,0.0,348,True,5.847351702700789,0.0,2026-06-21,non_bm
PSR,Slow Reserve,upward,2026-06-21 21:00:00+00:00,2026-06-21T21:30:00+00:00,0.5,2.0,1.7382806362171486,1.0,False,3.2841016796487934,4.4,0.5293017104156905,0.0,0.0,0.7637491480313284,standalone_parent:product_margin_quantity,2784,True,2.98,1801,True,1.5274982960626569,2.2759724611333585,2026-06-21,non_bm
PQR,Quick Reserve,upward,2026-06-21 21:30:00+00:00,2026-06-21T22:00:00+00:00,0.5,17.0,2.30563297113136,1.0,False,10.681849405691692,11.56,0.2158458599784071,0.0,0.0,0.6029783081641092,standalone_parent:product_margin_quantity,1089,True,11.84,500,True,10.250631238789856,60.68373693363596,2026-06-21,non_bm
PQR,Quick Reserve,upward,2026-06-21 22:00:00+00:00,2026-06-21T22:30:00+00:00,0.5,25.0,1.5441344672782564,1.0,False,7.1538757677943385,9.55,0.2158458599784071,0.0,0.0,0.5867704553048403,standalone_parent:product_margin_quantity,2702,True,8.95,488,True,14.669261382621007,65.644944687229,2026-06-21,non_bm
PSR,Slow Reserve,upward,2026-06-21 22:30:00+00:00,2026-06-21T23:00:00+00:00,0.5,25.0,0.6921083335116704,1.0,False,1.307587562806322,2.06,0.5293017104156905,0.0,0.0,0.5538507229858161,standalone_parent:product_margin_quantity,81536,True,3.1,1815,True,13.8462680746454,21.461715515700373,2026-06-21,non_bm
NBR,Balancing Reserve,downward,2026-06-20 23:00:00+00:00,2026-06-20T23:30:00+00:00,0.5,25.0,0.0972116739126214,0.5,True,0.3127159170170923,0.0,0.3108625708595066,0.0,0.0,0.3452700803691644,nonlooped_parent:product_margin,554,True,0.0,0,True,0.0,0.0,2026-06-21,bm_eligible
NBR,Balancing Reserve,downward,2026-06-20 23:30:00+00:00,2026-06-21T00:00:00+00:00,0.5,25.0,0.0969532835274852,0.5,True,0.31188471246126,0.0,0.3108625708595066,0.0,0.0,0.3452700803691644,nonlooped_parent:product_margin,554,True,0.0,0,True,0.0,0.0,2026-06-21,bm_eligible
PSR,Slow Reserve,upward,2026-06-21 00:00:00+00:00,2026-06-21T00:30:00+00:00,0.5,25.0,0.7727845905058549,1.0,False,1.46000773339452,1.53,0.5293017104156905,0.0,0.0,0.6075311292880494,standalone_parent:product_margin_quantity,37297,True,1.07,1803,True,15.188278232201236,8.125728854227662,2026-06-21,bm_eligible
PSR,Slow Reserve,upward,2026-06-21 00:30:00+00:00,2026-06-21T01:00:00+00:00,0.5,25.0,0.6593278010267244,1.0,False,1.2456559048504057,0.84,0.5293017104156905,0.0,0.0,0.6504406029713924,standalone_parent:product_margin_quantity,16212,True,1.05,1803,True,16.26101507428481,8.537032913999525,2026-06-21,bm_eligible
PSR,Slow Reserve,upward,2026-06-21 01:00:00+00:00,2026-06-21T01:30:00+00:00,0.5,25.0,0.5238900207213739,1.0,False,0.9897757940550268,0.84,0.5293017104156905,0.0,0.0,0.6504406029713924,standalone_parent:product_margin_quantity,16212,True,1.05,1803,True,16.26101507428481,8.537032913999525,2026-06-21,bm_eligible
PSR,Slow Reserve,upward,2026-06-21 01:30:00+00:00,2026-06-21T02:00:00+00:00,0.5,25.0,0.4377529651299994,1.0,False,0.827038636973622,0.76,0.5293017104156905,0.0,0.0,0.6504406029713924,standalone_parent:product_margin_quantity,16212,True,1.05,1802,True,16.26101507428481,8.537032913999525,2026-06-21,bm_eligible
DRL,Dynamic Regulation,upward,2026-06-21 02:00:00+00:00,2026-06-21T06:00:00+00:00,4.0,25.0,5.517272558009006,1.0,False,16.011214738558856,21.76,0.3445880058508045,21.24483790020895,0.2124483790020895,0.4853407307322814,standalone_parent:product_margin_quantity,1401,True,12.45,480,True,12.133518268307036,604.2492097616904,2026-06-21,bm_eligible
DRL,Dynamic Regulation,upward,2026-06-21 06:00:00+00:00,2026-06-21T10:00:00+00:00,4.0,25.0,4.955425385289,1.0,False,14.380725101135816,13.21,0.3445880058508045,56.0757814148983,0.5607578141489831,0.4853407307322814,standalone_parent:product_margin_quantity,1401,True,15.63,480,True,12.133518268307036,758.5875621345559,2026-06-21,bm_eligible
DRL,Dynamic Regulation,upward,2026-06-21 10:00:00+00:00,2026-06-21T14:00:00+00:00,4.0,25.0,4.416997313438684,1.0,False,12.818198075504409,10.65,0.3445880058508045,0.0,0.0,0.4853407307322814,standalone_parent:product_margin_quantity,1401,True,13.38,480,True,12.133518268307036,649.3858977197926,2026-06-21,bm_eligible
DRL,Dynamic Regulation,upward,2026-06-21 14:00:00+00:00,2026-06-21T18:00:00+00:00,4.0,25.0,5.689423302579397,1.0,False,16.51079900048156,12.85,0.3445880058508045,0.0,0.0,0.4853407307322814,standalone_parent:product_margin_quantity,1401,True,15.0,480,True,12.133518268307036,728.0110960984222,2026-06-21,bm_eligible
DRL,Dynamic Regulation,upward,2026-06-21 18:00:00+00:00,2026-06-21T22:00:00+00:00,4.0,8.0,7.49406140256726,1.0,False,21.74788813111489,28.82,0.3445880058508045,163.03371346774748,5.094803545867109,0.3391947295530913,standalone_parent:product_margin_quantity,1354,True,25.63,480,True,2.7135578364247306,278.19394939026336,2026-06-21,bm_eligible
NBR,Balancing Reserve,downward,2026-06-21 18:00:00+00:00,2026-06-21T18:30:00+00:00,0.5,17.0,0.1231308956412826,0.5,True,0.3960943104241753,0.0,0.3108625708595066,0.0,0.0,0.3452700803691644,nonlooped_parent:product_margin,554,True,0.0,0,True,0.0,0.0,2026-06-21,bm_eligible
NBR,Balancing Reserve,downward,2026-06-21 18:30:00+00:00,2026-06-21T19:00:00+00:00,0.5,17.0,0.1192691462266785,0.5,True,0.38367162021761,0.0,0.3108625708595066,0.0,0.0,0.3452700803691644,nonlooped_parent:product_margin,554,True,0.0,0,True,0.0,0.0,2026-06-21,bm_eligible
NBR,Balancing Reserve,downward,2026-06-21 19:00:00+00:00,2026-06-21T19:30:00+00:00,0.5,17.0,0.1155405804725618,0.5,True,0.3716773626142983,0.0,0.3108625708595066,0.0,0.0,0.3452700803691644,nonlooped_parent:product_margin,554,True,0.0,0,True,0.0,0.0,2026-06-21,bm_eligible
NBR,Balancing Reserve,downward,2026-06-21 19:30:00+00:00,2026-06-21T20:00:00+00:00,0.5,17.0,0.1120089951727392,0.5,True,0.3603167626872692,0.0,0.3108625708595066,0.0,0.0,0.3452700803691644,nonlooped_parent:product_margin,554,True,0.0,0,True,0.0,0.0,2026-06-21,bm_eligible
NBR,Balancing Reserve,downward,2026-06-21 20:00:00+00:00,2026-06-21T20:30:00+00:00,0.5,17.0,0.1087348167308311,0.5,True,0.3497842034510277,0.0,0.3108625708595066,0.0,0.0,0.3452700803691644,nonlooped_parent:product_margin,554,True,0.0,0,True,0.0,0.0,2026-06-21,bm_eligible
NBR,Balancing Reserve,downward,2026-06-21 20:30:00+00:00,2026-06-21T21:00:00+00:00,0.5,17.0,0.1057740672477523,0.5,True,0.3402598999142827,0.0,0.3108625708595066,0.0,0.0,0.3452700803691644,nonlooped_parent:product_margin,554,True,0.0,0,True,0.0,0.0,2026-06-21,bm_eligible
NBR,Balancing Reserve,downward,2026-06-21 21:00:00+00:00,2026-06-21T21:30:00+00:00,0.5,14.0,0.1031774059680331,0.5,True,0.331906815551184,0.0,0.3108625708595066,0.0,0.0,0.3452700803691644,nonlooped_parent:product_margin,554,True,0.0,0,True,0.0,0.0,2026-06-21,bm_eligible
PSR,Slow Reserve,upward,2026-06-21 21:00:00+00:00,2026-06-21T21:30:00+00:00,0.5,2.0,1.7382806362171486,1.0,False,3.2841016796487934,4.4,0.5293017104156905,0.0,0.0,0.7637491480313284,standalone_parent:product_margin_quantity,2784,True,2.98,1801,True,1.5274982960626569,2.2759724611333585,2026-06-21,bm_eligible
PQR,Quick Reserve,upward,2026-06-21 21:30:00+00:00,2026-06-21T22:00:00+00:00,0.5,17.0,2.30563297113136,1.0,False,10.681849405691692,11.56,0.2158458599784071,0.0,0.0,0.6029783081641092,standalone_parent:product_margin_quantity,1089,True,11.84,500,True,10.250631238789856,60.68373693363596,2026-06-21,bm_eligible
PQR,Quick Reserve,upward,2026-06-21 22:00:00+00:00,2026-06-21T22:30:00+00:00,0.5,25.0,1.5441344672782564,1.0,False,7.1538757677943385,9.55,0.2158458599784071,0.0,0.0,0.5867704553048403,standalone_parent:product_margin_quantity,2702,True,8.95,488,True,14.669261382621007,65.644944687229,2026-06-21,bm_eligible
PSR,Slow Reserve,upward,2026-06-21 22:30:00+00:00,2026-06-21T23:00:00+00:00,0.5,25.0,0.6921083335116704,1.0,False,1.307587562806322,2.06,0.5293017104156905,0.0,0.0,0.5538507229858161,standalone_parent:product_margin_quantity,81536,True,3.1,1815,True,13.8462680746454,21.461715515700373,2026-06-21,bm_eligible
NQR,Quick Reserve,downward,2026-06-21 23:00:00+00:00,2026-06-21T23:30:00+00:00,0.5,25.0,0.0056197102663534,1.0,False,0.074732673219957,0.0,0.075197500962039,0.0,0.0,0.4176679787643421,standalone_parent:product_margin_quantity,1125,True,5.0,299,True,10.441699469108553,26.104248672771384,2026-06-22,non_bm
PSR,Slow Reserve,upward,2026-06-22 00:00:00+00:00,2026-06-22T00:30:00+00:00,0.5,25.0,0.9246014002613012,1.0,False,1.7468324437024008,1.07,0.5293017104156905,0.0,0.0,0.6075311292880494,standalone_parent:product_margin_quantity,37297,True,1.25,1813,True,15.188278232201236,9.492673895125773,2026-06-22,non_bm
PSR,Slow Reserve,upward,2026-06-22 00:30:00+00:00,2026-06-22T01:00:00+00:00,0.5,25.0,0.90356543984104,1.0,False,1.707089590040091,1.05,0.5293017104156905,0.0,0.0,0.6075311292880494,standalone_parent:product_margin_quantity,37297,True,1.25,1813,True,15.188278232201236,9.492673895125773,2026-06-22,non_bm
PSR,Slow Reserve,upward,2026-06-22 01:00:00+00:00,2026-06-22T01:30:00+00:00,0.5,25.0,0.7818105914840507,1.0,False,1.4770603912654103,1.05,0.5293017104156905,0.0,0.0,0.6075311292880494,standalone_parent:product_margin_quantity,37297,True,1.25,1813,True,15.188278232201236,9.492673895125773,2026-06-22,non_bm
PSR,Slow Reserve,upward,2026-06-22 01:30:00+00:00,2026-06-22T02:00:00+00:00,0.5,25.0,0.7018539412530134,1.0,False,1.3259997605180756,1.05,0.5293017104156905,0.0,0.0,0.6075311292880494,standalone_parent:product_margin_quantity,37297,True,1.25,1813,True,15.188278232201236,9.492673895125773,2026-06-22,non_bm
DRL,Dynamic Regulation,upward,2026-06-22 02:00:00+00:00,2026-06-22T06:00:00+00:00,4.0,25.0,5.363529634752514,1.0,False,15.565050273615007,12.45,0.3445880058508045,37.09950925432531,0.3709950925432531,0.4853407307322814,standalone_parent:product_margin_quantity,1401,True,17.75,480,True,12.133518268307036,861.4797970497996,2026-06-22,non_bm
DRL,Dynamic Regulation,upward,2026-06-22 06:00:00+00:00,2026-06-22T10:00:00+00:00,4.0,25.0,5.400600734590818,1.0,False,15.672631208554323,15.63,0.3445880058508045,33.8599486424464,0.3385994864244639,0.4853407307322814,standalone_parent:product_margin_quantity,1401,True,20.83,480,True,12.133518268307036,1010.964742115342,2026-06-22,non_bm
DRL,Dynamic Regulation,upward,2026-06-22 10:00:00+00:00,2026-06-22T14:00:00+00:00,4.0,25.0,4.8096682091412735,1.0,False,13.957735404243016,13.38,0.3445880058508045,0.0,0.0,0.4853407307322814,standalone_parent:product_margin_quantity,1401,True,16.03,480,True,12.133518268307036,778.0011913638472,2026-06-22,non_bm
DRL,Dynamic Regulation,upward,2026-06-22 14:00:00+00:00,2026-06-22T18:00:00+00:00,4.0,25.0,6.069528776392307,1.0,False,17.61387127043597,15.0,0.3445880058508045,0.0,0.0,0.4853407307322814,standalone_parent:product_margin_quantity,1401,True,20.62,480,True,12.133518268307036,1000.7725867699644,2026-06-22,non_bm
DCH,Dynamic Containment,downward,2026-06-22 18:00:00+00:00,2026-06-22T22:00:00+00:00,4.0,17.0,0.4843944323182371,0.25,False,1.0441391096637556,0.4,0.4639175257731959,0.0,0.0,0.507876250391579,nonlooped_parent:product_margin_quantity,958,True,5.75,1350,True,8.633896256656843,198.5796139031074,2026-06-22,non_bm
DRL,Dynamic Regulation,upward,2026-06-22 18:00:00+00:00,2026-06-22T22:00:00+00:00,4.0,8.0,8.186349636066002,1.0,False,23.7569198494112,25.63,0.3445880058508045,150.76055920702174,4.7112674752194295,0.3391947295530913,standalone_parent:product_margin_quantity,1354,True,37.81,480,True,2.7135578364247306,410.39848718087626,2026-06-22,non_bm
PQR,Quick Reserve,upward,2026-06-22 22:00:00+00:00,2026-06-22T22:30:00+00:00,0.5,25.0,1.685090950486634,1.0,False,7.806918097271859,8.95,0.2158458599784071,3.637978807091713e-12,2.9103830456733704e-13,0.5867704553048403,standalone_parent:product_margin_quantity,2702,True,5.0,329,True,14.669261382621007,36.67315345655252,2026-06-22,non_bm
PSR,Slow Reserve,upward,2026-06-22 22:30:00+00:00,2026-06-22T23:00:00+00:00,0.5,25.0,0.9147137069591246,1.0,False,1.7281518063501973,3.1,0.5293017104156905,0.0,0.0,0.5538507229858161,standalone_parent:product_margin_quantity,81536,True,7.81,1800,True,13.8462680746454,54.06967683149029,2026-06-22,non_bm
NBR,Balancing Reserve,downward,2026-06-21 23:00:00+00:00,2026-06-21T23:30:00+00:00,0.5,25.0,0.0651240505600882,0.5,True,0.209494666340905,0.0,0.3108625708595066,0.0,0.0,0.3452700803691644,nonlooped_parent:product_margin,554,True,0.0,0,True,0.0,0.0,2026-06-22,bm_eligible
NBR,Balancing Reserve,downward,2026-06-21 23:30:00+00:00,2026-06-22T00:00:00+00:00,0.5,25.0,0.0649348675946453,0.5,True,0.2088860920602513,0.0,0.3108625708595066,0.0,0.0,0.3452700803691644,nonlooped_parent:product_margin,554,True,0.0,0,True,0.0,0.0,2026-06-22,bm_eligible
PSR,Slow Reserve,upward,2026-06-22 00:00:00+00:00,2026-06-22T00:30:00+00:00,0.5,25.0,0.9246014002613012,1.0,False,1.7468324437024008,1.07,0.5293017104156905,0.0,0.0,0.6075311292880494,standalone_parent:product_margin_quantity,37297,True,1.25,1813,True,15.188278232201236,9.492673895125773,2026-06-22,bm_eligible
PSR,Slow Reserve,upward,2026-06-22 00:30:00+00:00,2026-06-22T01:00:00+00:00,0.5,25.0,0.90356543984104,1.0,False,1.707089590040091,1.05,0.5293017104156905,0.0,0.0,0.6075311292880494,standalone_parent:product_margin_quantity,37297,True,1.25,1813,True,15.188278232201236,9.492673895125773,2026-06-22,bm_eligible
PSR,Slow Reserve,upward,2026-06-22 01:00:00+00:00,2026-06-22T01:30:00+00:00,0.5,25.0,0.7818105914840507,1.0,False,1.4770603912654103,1.05,0.5293017104156905,0.0,0.0,0.6075311292880494,standalone_parent:product_margin_quantity,37297,True,1.25,1813,True,15.188278232201236,9.492673895125773,2026-06-22,bm_eligible
PSR,Slow Reserve,upward,2026-06-22 01:30:00+00:00,2026-06-22T02:00:00+00:00,0.5,25.0,0.7018539412530134,1.0,False,1.3259997605180756,1.05,0.5293017104156905,0.0,0.0,0.6075311292880494,standalone_parent:product_margin_quantity,37297,True,1.25,1813,True,15.188278232201236,9.492673895125773,2026-06-22,bm_eligible
DRL,Dynamic Regulation,upward,2026-06-22 02:00:00+00:00,2026-06-22T06:00:00+00:00,4.0,25.0,5.363529634752514,1.0,False,15.565050273615007,12.45,0.3445880058508045,37.09950925432531,0.3709950925432531,0.4853407307322814,standalone_parent:product_margin_quantity,1401,True,17.75,480,True,12.133518268307036,861.4797970497996,2026-06-22,bm_eligible
DRL,Dynamic Regulation,upward,2026-06-22 06:00:00+00:00,2026-06-22T10:00:00+00:00,4.0,25.0,5.400600734590818,1.0,False,15.672631208554323,15.63,0.3445880058508045,33.8599486424464,0.3385994864244639,0.4853407307322814,standalone_parent:product_margin_quantity,1401,True,20.83,480,True,12.133518268307036,1010.964742115342,2026-06-22,bm_eligible
DRL,Dynamic Regulation,upward,2026-06-22 10:00:00+00:00,2026-06-22T14:00:00+00:00,4.0,25.0,4.8096682091412735,1.0,False,13.957735404243016,13.38,0.3445880058508045,0.0,0.0,0.4853407307322814,standalone_parent:product_margin_quantity,1401,True,16.03,480,True,12.133518268307036,778.0011913638472,2026-06-22,bm_eligible
DRL,Dynamic Regulation,upward,2026-06-22 14:00:00+00:00,2026-06-22T18:00:00+00:00,4.0,25.0,6.069528776392307,1.0,False,17.61387127043597,15.0,0.3445880058508045,0.0,0.0,0.4853407307322814,standalone_parent:product_margin_quantity,1401,True,20.62,480,True,12.133518268307036,1000.7725867699644,2026-06-22,bm_eligible
DCH,Dynamic Containment,downward,2026-06-22 18:00:00+00:00,2026-06-22T22:00:00+00:00,4.0,17.0,0.4843944323182371,0.25,False,1.0441391096637556,0.4,0.4639175257731959,0.0,0.0,0.507876250391579,nonlooped_parent:product_margin_quantity,958,True,5.75,1350,True,8.633896256656843,198.5796139031074,2026-06-22,bm_eligible
DRL,Dynamic Regulation,upward,2026-06-22 18:00:00+00:00,2026-06-22T22:00:00+00:00,4.0,8.0,8.186349636066002,1.0,False,23.7569198494112,25.63,0.3445880058508045,150.76055920702174,4.7112674752194295,0.3391947295530913,standalone_parent:product_margin_quantity,1354,True,37.81,480,True,2.7135578364247306,410.39848718087626,2026-06-22,bm_eligible
PQR,Quick Reserve,upward,2026-06-22 22:00:00+00:00,2026-06-22T22:30:00+00:00,0.5,25.0,1.685090950486634,1.0,False,7.806918097271859,8.95,0.2158458599784071,3.637978807091713e-12,2.9103830456733704e-13,0.5867704553048403,standalone_parent:product_margin_quantity,2702,True,5.0,329,True,14.669261382621007,36.67315345655252,2026-06-22,bm_eligible
PSR,Slow Reserve,upward,2026-06-22 22:30:00+00:00,2026-06-22T23:00:00+00:00,0.5,25.0,0.9147137069591246,1.0,False,1.7281518063501973,3.1,0.5293017104156905,0.0,0.0,0.5538507229858161,standalone_parent:product_margin_quantity,81536,True,7.81,1800,True,13.8462680746454,54.06967683149029,2026-06-22,bm_eligible
NQR,Quick Reserve,downward,2026-06-22 23:00:00+00:00,2026-06-22T23:30:00+00:00,0.5,25.0,0.0708153217681979,1.0,False,0.9417244038993614,5.0,0.075197500962039,0.0,0.0,0.4257593538505713,standalone_parent:product_margin_quantity,391,True,1.0,300,True,10.643983846264282,5.321991923132141,2026-06-23,non_bm
NQR,Quick Reserve,downward,2026-06-22 23:30:00+00:00,2026-06-23T00:00:00+00:00,0.5,25.0,0.0351445825539601,1.0,False,0.4673637036382597,0.0,0.075197500962039,0.0,0.0,0.4176679787643421,standalone_parent:product_margin_quantity,1125,True,1.0,300,True,10.441699469108553,5.220849734554276,2026-06-23,non_bm
PSR,Slow Reserve,upward,2026-06-23 00:00:00+00:00,2026-06-23T00:30:00+00:00,0.5,25.0,1.480684761099356,1.0,False,2.797430523956725,1.25,0.5293017104156905,0.0,0.0,0.6075311292880494,standalone_parent:product_margin_quantity,37297,True,2.0,1800,True,15.188278232201236,15.188278232201236,2026-06-23,non_bm
PSR,Slow Reserve,upward,2026-06-23 00:30:00+00:00,2026-06-23T01:00:00+00:00,0.5,25.0,1.4493772452686398,1.0,False,2.738281809311294,1.25,0.5293017104156905,0.0,0.0,0.6075311292880494,standalone_parent:product_margin_quantity,37297,True,2.0,1800,True,15.188278232201236,15.188278232201236,2026-06-23,non_bm
PSR,Slow Reserve,upward,2026-06-23 01:00:00+00:00,2026-06-23T01:30:00+00:00,0.5,25.0,1.2214059980283645,1.0,False,2.3075799189636577,1.25,0.5293017104156905,0.0,0.0,0.6075311292880494,standalone_parent:product_margin_quantity,37297,True,2.0,1800,True,15.188278232201236,15.188278232201236,2026-06-23,non_bm
PSR,Slow Reserve,upward,2026-06-23 01:30:00+00:00,2026-06-23T02:00:00+00:00,0.5,25.0,1.1478175311511725,1.0,False,2.168550580064679,1.25,0.5293017104156905,0.0,0.0,0.6075311292880494,standalone_parent:product_margin_quantity,37297,True,2.0,1800,True,15.188278232201236,15.188278232201236,2026-06-23,non_bm
DRL,Dynamic Regulation,upward,2026-06-23 02:00:00+00:00,2026-06-23T06:00:00+00:00,4.0,25.0,6.057470726935398,1.0,False,17.578878614707463,17.75,0.3445880058508045,47.31548127623137,0.4731548127623137,0.4853407307322814,standalone_parent:product_margin_quantity,1401,True,21.68,480,True,12.133518268307036,1052.2187042275862,2026-06-23,non_bm
DRL,Dynamic Regulation,upward,2026-06-23 06:00:00+00:00,2026-06-23T10:00:00+00:00,4.0,25.0,6.1109240566008864,1.0,False,17.734001047171443,20.83,0.3445880058508045,28.864347791264663,0.2886434779126466,0.4853407307322814,standalone_parent:product_margin_quantity,1401,True,16.53,480,True,12.133518268307036,802.2682279004613,2026-06-23,non_bm
DRL,Dynamic Regulation,upward,2026-06-23 10:00:00+00:00,2026-06-23T14:00:00+00:00,4.0,25.0,5.2998217218124175,1.0,False,15.38016887362896,16.03,0.3445880058508045,0.0,0.0,0.4853407307322814,standalone_parent:product_margin_quantity,1401,True,15.06,480,True,12.133518268307036,730.9231404828158,2026-06-23,non_bm
DRL,Dynamic Regulation,upward,2026-06-23 14:00:00+00:00,2026-06-23T18:00:00+00:00,4.0,25.0,6.68285797500181,1.0,False,19.393762584688663,20.62,0.3445880058508045,0.0,0.0,0.4853407307322814,standalone_parent:product_margin_quantity,1401,True,31.15,480,True,12.133518268307036,1511.8363762310566,2026-06-23,non_bm
DCH,Dynamic Containment,downward,2026-06-23 18:00:00+00:00,2026-06-23T22:00:00+00:00,4.0,17.0,0.8565071392171715,0.25,False,1.8462487223125696,5.75,0.4639175257731959,0.0,0.0,0.5363384568890717,nonlooped_parent:product_margin_quantity,196,True,7.25,1194,True,9.117753767114218,264.41485924631235,2026-06-23,non_bm
DRL,Dynamic Regulation,upward,2026-06-23 18:00:00+00:00,2026-06-23T22:00:00+00:00,4.0,8.0,9.438908005279709,1.0,False,27.391864618080906,37.81,0.3445880058508045,174.30794475318817,5.44712327353713,0.3391947295530913,standalone_parent:product_margin_quantity,1354,True,59.43,475,True,2.7135578364247306,645.0669688748869,2026-06-23,non_bm
PSR,Slow Reserve,upward,2026-06-23 22:00:00+00:00,2026-06-23T22:30:00+00:00,0.5,25.0,2.627726139652323,1.0,False,4.964514733172922,26.56,0.5293017104156905,1.8189894035458565e-12,1.4551915228366852e-13,0.5976150939668087,standalone_parent:product_margin_quantity,3361,True,16.28,1775,True,14.940377349170216,121.61467162224557,2026-06-23,non_bm
PSR,Slow Reserve,upward,2026-06-23 22:30:00+00:00,2026-06-23T23:00:00+00:00,0.5,25.0,1.7008199405159825,1.0,False,3.213327875287296,7.81,0.5293017104156905,0.0,0.0,0.5384783820628996,standalone_parent:product_margin_quantity,27562,True,10.41,1800,True,13.46195955157249,70.06949946593481,2026-06-23,non_bm
NQR,Quick Reserve,downward,2026-06-22 23:00:00+00:00,2026-06-22T23:30:00+00:00,0.5,25.0,0.0708153217681979,1.0,False,0.9417244038993614,5.0,0.075197500962039,0.0,0.0,0.4257593538505713,standalone_parent:product_margin_quantity,391,True,1.0,300,True,10.643983846264282,5.321991923132141,2026-06-23,bm_eligible
NQR,Quick Reserve,downward,2026-06-22 23:30:00+00:00,2026-06-23T00:00:00+00:00,0.5,25.0,0.0351445825539601,1.0,False,0.4673637036382597,0.0,0.075197500962039,0.0,0.0,0.4176679787643421,standalone_parent:product_margin_quantity,1125,True,1.0,300,True,10.441699469108553,5.220849734554276,2026-06-23,bm_eligible
PSR,Slow Reserve,upward,2026-06-23 00:00:00+00:00,2026-06-23T00:30:00+00:00,0.5,25.0,1.480684761099356,1.0,False,2.797430523956725,1.25,0.5293017104156905,0.0,0.0,0.6075311292880494,standalone_parent:product_margin_quantity,37297,True,2.0,1800,True,15.188278232201236,15.188278232201236,2026-06-23,bm_eligible
PSR,Slow Reserve,upward,2026-06-23 00:30:00+00:00,2026-06-23T01:00:00+00:00,0.5,25.0,1.4493772452686398,1.0,False,2.738281809311294,1.25,0.5293017104156905,0.0,0.0,0.6075311292880494,standalone_parent:product_margin_quantity,37297,True,2.0,1800,True,15.188278232201236,15.188278232201236,2026-06-23,bm_eligible
PSR,Slow Reserve,upward,2026-06-23 01:00:00+00:00,2026-06-23T01:30:00+00:00,0.5,25.0,1.2214059980283645,1.0,False,2.3075799189636577,1.25,0.5293017104156905,0.0,0.0,0.6075311292880494,standalone_parent:product_margin_quantity,37297,True,2.0,1800,True,15.188278232201236,15.188278232201236,2026-06-23,bm_eligible
PSR,Slow Reserve,upward,2026-06-23 01:30:00+00:00,2026-06-23T02:00:00+00:00,0.5,25.0,1.1478175311511725,1.0,False,2.168550580064679,1.25,0.5293017104156905,0.0,0.0,0.6075311292880494,standalone_parent:product_margin_quantity,37297,True,2.0,1800,True,15.188278232201236,15.188278232201236,2026-06-23,bm_eligible
DRL,Dynamic Regulation,upward,2026-06-23 02:00:00+00:00,2026-06-23T06:00:00+00:00,4.0,25.0,6.057470726935398,1.0,False,17.578878614707463,17.75,0.3445880058508045,47.31548127623137,0.4731548127623137,0.4853407307322814,standalone_parent:product_margin_quantity,1401,True,21.68,480,True,12.133518268307036,1052.2187042275862,2026-06-23,bm_eligible
DRL,Dynamic Regulation,upward,2026-06-23 06:00:00+00:00,2026-06-23T10:00:00+00:00,4.0,25.0,6.1109240566008864,1.0,False,17.734001047171443,20.83,0.3445880058508045,28.864347791264663,0.2886434779126466,0.4853407307322814,standalone_parent:product_margin_quantity,1401,True,16.53,480,True,12.133518268307036,802.2682279004613,2026-06-23,bm_eligible
DRL,Dynamic Regulation,upward,2026-06-23 10:00:00+00:00,2026-06-23T14:00:00+00:00,4.0,25.0,5.2998217218124175,1.0,False,15.38016887362896,16.03,0.3445880058508045,0.0,0.0,0.4853407307322814,standalone_parent:product_margin_quantity,1401,True,15.06,480,True,12.133518268307036,730.9231404828158,2026-06-23,bm_eligible
DRL,Dynamic Regulation,upward,2026-06-23 14:00:00+00:00,2026-06-23T18:00:00+00:00,4.0,25.0,6.68285797500181,1.0,False,19.393762584688663,20.62,0.3445880058508045,0.0,0.0,0.4853407307322814,standalone_parent:product_margin_quantity,1401,True,31.15,480,True,12.133518268307036,1511.8363762310566,2026-06-23,bm_eligible
DCH,Dynamic Containment,downward,2026-06-23 18:00:00+00:00,2026-06-23T22:00:00+00:00,4.0,17.0,0.8565071392171715,0.25,False,1.8462487223125696,5.75,0.4639175257731959,0.0,0.0,0.5363384568890717,nonlooped_parent:product_margin_quantity,196,True,7.25,1194,True,9.117753767114218,264.41485924631235,2026-06-23,bm_eligible
DRL,Dynamic Regulation,upward,2026-06-23 18:00:00+00:00,2026-06-23T22:00:00+00:00,4.0,8.0,9.438908005279709,1.0,False,27.391864618080906,37.81,0.3445880058508045,174.30794475318817,5.44712327353713,0.3391947295530913,standalone_parent:product_margin_quantity,1354,True,59.43,475,True,2.7135578364247306,645.0669688748869,2026-06-23,bm_eligible
PSR,Slow Reserve,upward,2026-06-23 22:00:00+00:00,2026-06-23T22:30:00+00:00,0.5,25.0,2.627726139652323,1.0,False,4.964514733172922,26.56,0.5293017104156905,1.8189894035458565e-12,1.4551915228366852e-13,0.5976150939668087,standalone_parent:product_margin_quantity,3361,True,16.28,1775,True,14.940377349170216,121.61467162224557,2026-06-23,bm_eligible
PSR,Slow Reserve,upward,2026-06-23 22:30:00+00:00,2026-06-23T23:00:00+00:00,0.5,25.0,1.7008199405159825,1.0,False,3.213327875287296,7.81,0.5293017104156905,0.0,0.0,0.5384783820628996,standalone_parent:product_margin_quantity,27562,True,10.41,1800,True,13.46195955157249,70.06949946593481,2026-06-23,bm_eligible
NQR,Quick Reserve,downward,2026-06-24 23:00:00+00:00,2026-06-24T23:30:00+00:00,0.5,25.0,0.07990402089309148,1.0,False,1.0625887811541548,2.03,0.07519750096203907,0.0,0.0,0.31703067020227205,standalone_parent:product_margin_quantity,435,True,1.0,300,True,7.925766755056801,3.9628833775284007,2026-06-25,non_bm
NQR,Quick Reserve,downward,2026-06-24 23:30:00+00:00,2026-06-25T00:00:00+00:00,0.5,3.0,0.058622404833615374,1.0,False,0.7795791626534094,3.0,0.07519750096203907,0.0,0.0,0.12999917794803917,standalone_parent:product_margin_quantity,102,True,3.0,300,True,0.3899975338441175,0.5849963007661763,2026-06-25,non_bm
PSR,Slow Reserve,upward,2026-06-24 23:30:00+00:00,2026-06-25T00:00:00+00:00,0.5,21.0,2.838620962967282,1.0,False,5.362954449434809,9.62,0.5293017104156905,0.0,0.0,0.5384783820628996,standalone_parent:product_margin_quantity,27562,True,8.54,1795,True,11.308046023320891,48.2853565195802,2026-06-25,non_bm
PSR,Slow Reserve,upward,2026-06-25 00:00:00+00:00,2026-06-25T00:30:00+00:00,0.5,25.0,3.109705735874563,1.0,False,5.87510993197497,8.47,0.5293017104156905,0.0,0.0,0.5384783820628996,standalone_parent:product_margin_quantity,27562,True,3.21,1800,True,13.46195955157249,21.606445080273843,2026-06-25,non_bm
PSR,Slow Reserve,upward,2026-06-25 00:30:00+00:00,2026-06-25T01:00:00+00:00,0.5,25.0,2.6872862674444207,1.0,False,5.077040588691737,5.97,0.5293017104156905,0.0,0.0,0.5384783820628996,standalone_parent:product_margin_quantity,27562,True,3.21,1800,True,13.46195955157249,21.606445080273843,2026-06-25,non_bm
PSR,Slow Reserve,upward,2026-06-25 01:00:00+00:00,2026-06-25T01:30:00+00:00,0.5,25.0,2.701773624797872,1.0,False,5.104411286855688,9.44,0.5293017104156905,0.0,0.0,0.5384783820628996,standalone_parent:product_margin_quantity,27562,True,1.81,1800,True,13.46195955157249,12.183073394173103,2026-06-25,non_bm
PSR,Slow Reserve,upward,2026-06-25 01:30:00+00:00,2026-06-25T02:00:00+00:00,0.5,25.0,2.652514124562069,1.0,False,5.011346217791172,9.44,0.5293017104156905,0.0,0.0,0.5384783820628996,standalone_parent:product_margin_quantity,27562,True,1.77,1800,True,13.46195955157249,11.913834203141652,2026-06-25,non_bm
DRL,Dynamic Regulation,upward,2026-06-25 02:00:00+00:00,2026-06-25T06:00:00+00:00,4.0,25.0,6.515997245534046,1.0,False,18.90953003267114,18.54,0.3445880058508045,40.49452699265021,0.4049452699265021,0.4853407307322814,standalone_parent:product_margin_quantity,1401,True,20.03,479,True,12.133518268307036,972.1374836567597,2026-06-25,non_bm
DRL,Dynamic Regulation,upward,2026-06-25 06:00:00+00:00,2026-06-25T10:00:00+00:00,4.0,25.0,5.960929758239272,1.0,False,17.2987151526689,16.68,0.3445880058508045,47.38129709257919,0.4738129709257919,0.4853407307322814,standalone_parent:product_margin_quantity,1401,True,20.03,479,True,12.133518268307036,972.1374836567597,2026-06-25,non_bm
DRL,Dynamic Regulation,upward,2026-06-25 10:00:00+00:00,2026-06-25T14:00:00+00:00,4.0,25.0,5.94466973447598,1.0,False,17.25152829913015,19.75,0.3445880058508045,0.0,0.0,0.4853407307322814,standalone_parent:product_margin_quantity,1401,True,13.24,480,True,12.133518268307036,642.5911274895407,2026-06-25,non_bm
DRL,Dynamic Regulation,upward,2026-06-25 14:00:00+00:00,2026-06-25T18:00:00+00:00,4.0,25.0,11.577173721608318,1.0,False,33.59714652001225,56.56,0.3445880058508045,37.361523038238374,0.37361523038238376,0.4853407307322814,standalone_parent:product_margin_quantity,1401,True,29.72,480,True,12.133518268307036,1442.4326517363404,2026-06-25,non_bm
DCH,Dynamic Containment,downward,2026-06-25 18:00:00+00:00,2026-06-25T22:00:00+00:00,4.0,25.0,1.7016230927945923,0.25,False,3.66794311113501,7.0,0.4639175257731959,0.0,0.0,0.5363384568890717,nonlooped_parent:product_margin_quantity,196,True,6.25,1342,True,13.408461422226791,335.2115355556698,2026-06-25,non_bm
PSR,Slow Reserve,upward,2026-06-25 22:00:00+00:00,2026-06-25T22:30:00+00:00,0.5,25.0,4.706612146317393,1.0,False,8.892115883436357,12.83,0.5293017104156905,0.0,0.0,0.5976150939668087,standalone_parent:product_margin_quantity,3361,True,8.74,1780,True,14.940377349170216,65.28944901587384,2026-06-25,non_bm
PSR,Slow Reserve,upward,2026-06-25 22:30:00+00:00,2026-06-25T23:00:00+00:00,0.5,25.0,3.7451725871642005,1.0,False,7.075685782732319,12.79,0.5293017104156905,0.0,0.0,0.5976150939668087,standalone_parent:product_margin_quantity,3361,True,1.22,1800,True,14.940377349170216,9.113630182993832,2026-06-25,non_bm
NQR,Quick Reserve,downward,2026-06-24 23:00:00+00:00,2026-06-24T23:30:00+00:00,0.5,25.0,0.07990402089309148,1.0,False,1.0625887811541548,2.03,0.07519750096203907,0.0,0.0,0.31703067020227205,standalone_parent:product_margin_quantity,435,True,1.0,300,True,7.925766755056801,3.9628833775284007,2026-06-25,bm_eligible
NQR,Quick Reserve,downward,2026-06-24 23:30:00+00:00,2026-06-25T00:00:00+00:00,0.5,4.0,0.058622404833615374,1.0,False,0.7795791626534094,3.0,0.07519750096203907,0.0,0.0,0.12999917794803917,standalone_parent:product_margin_quantity,102,True,3.0,300,True,0.5199967117921567,0.779995067688235,2026-06-25,bm_eligible
PBR,Balancing Reserve,upward,2026-06-24 23:30:00+00:00,2026-06-25T00:00:00+00:00,0.5,21.0,3.3903643782565904,0.5,True,6.822843820501366,10.93,0.49691367228268973,0.0,0.0,0.5890894085119306,standalone_parent:product_margin_quantity,1009,True,4.52,200,True,12.370877578750543,27.958183327976222,2026-06-25,bm_eligible
PSR,Slow Reserve,upward,2026-06-25 00:00:00+00:00,2026-06-25T00:30:00+00:00,0.5,25.0,3.109705735874563,1.0,False,5.87510993197497,8.47,0.5293017104156905,0.0,0.0,0.5384783820628996,standalone_parent:product_margin_quantity,27562,True,3.21,1800,True,13.46195955157249,21.606445080273843,2026-06-25,bm_eligible
PSR,Slow Reserve,upward,2026-06-25 00:30:00+00:00,2026-06-25T01:00:00+00:00,0.5,25.0,2.6872862674444207,1.0,False,5.077040588691737,5.97,0.5293017104156905,0.0,0.0,0.5384783820628996,standalone_parent:product_margin_quantity,27562,True,3.21,1800,True,13.46195955157249,21.606445080273843,2026-06-25,bm_eligible
PSR,Slow Reserve,upward,2026-06-25 01:00:00+00:00,2026-06-25T01:30:00+00:00,0.5,25.0,2.701773624797872,1.0,False,5.104411286855688,9.44,0.5293017104156905,0.0,0.0,0.5384783820628996,standalone_parent:product_margin_quantity,27562,True,1.81,1800,True,13.46195955157249,12.183073394173103,2026-06-25,bm_eligible
PSR,Slow Reserve,upward,2026-06-25 01:30:00+00:00,2026-06-25T02:00:00+00:00,0.5,25.0,2.652514124562069,1.0,False,5.011346217791172,9.44,0.5293017104156905,0.0,0.0,0.5384783820628996,standalone_parent:product_margin_quantity,27562,True,1.77,1800,True,13.46195955157249,11.913834203141652,2026-06-25,bm_eligible
DRL,Dynamic Regulation,upward,2026-06-25 02:00:00+00:00,2026-06-25T06:00:00+00:00,4.0,25.0,6.515997245534046,1.0,False,18.90953003267114,18.54,0.3445880058508045,40.49452699265021,0.4049452699265021,0.4853407307322814,standalone_parent:product_margin_quantity,1401,True,20.03,479,True,12.133518268307036,972.1374836567597,2026-06-25,bm_eligible
DRL,Dynamic Regulation,upward,2026-06-25 06:00:00+00:00,2026-06-25T10:00:00+00:00,4.0,25.0,5.960929758239272,1.0,False,17.2987151526689,16.68,0.3445880058508045,47.38129709257919,0.4738129709257919,0.4853407307322814,standalone_parent:product_margin_quantity,1401,True,20.03,479,True,12.133518268307036,972.1374836567597,2026-06-25,bm_eligible
DRL,Dynamic Regulation,upward,2026-06-25 10:00:00+00:00,2026-06-25T14:00:00+00:00,4.0,25.0,5.94466973447598,1.0,False,17.25152829913015,19.75,0.3445880058508045,0.0,0.0,0.4853407307322814,standalone_parent:product_margin_quantity,1401,True,13.24,480,True,12.133518268307036,642.5911274895407,2026-06-25,bm_eligible
DRL,Dynamic Regulation,upward,2026-06-25 14:00:00+00:00,2026-06-25T18:00:00+00:00,4.0,13.0,11.577173721608318,1.0,False,33.59714652001225,56.56,0.3445880058508045,4.396095514628541,0.08454029835824119,0.4853407307322814,standalone_parent:product_margin_quantity,1401,True,29.72,480,True,6.309429499519658,750.064978902897,2026-06-25,bm_eligible
PBR,Balancing Reserve,upward,2026-06-25 14:00:00+00:00,2026-06-25T14:30:00+00:00,0.5,12.0,3.9157154210459986,0.5,True,7.880071810176282,10.22,0.49691367228268973,0.0,0.0,0.5890894085119306,standalone_parent:product_margin_quantity,1009,True,6.5,599,True,7.0690729021431675,22.974486931965295,2026-06-25,bm_eligible
PBR,Balancing Reserve,upward,2026-06-25 14:30:00+00:00,2026-06-25T15:00:00+00:00,0.5,12.0,3.705624105843754,0.5,True,7.45727942807671,8.72,0.49691367228268973,0.0,0.0,0.6597699437655393,standalone_parent:product_margin_quantity,1664,True,8.0,590,True,7.917239325186472,31.668957300745888,2026-06-25,bm_eligible
PBR,Balancing Reserve,upward,2026-06-25 15:00:00+00:00,2026-06-25T15:30:00+00:00,0.5,12.0,4.048562865595151,0.5,True,8.147416928572573,10.22,0.49691367228268973,0.0,0.0,0.5890894085119306,standalone_parent:product_margin_quantity,1009,True,4.74,588,True,7.0690729021431675,16.753702778079308,2026-06-25,bm_eligible
PBR,Balancing Reserve,upward,2026-06-25 15:30:00+00:00,2026-06-25T16:00:00+00:00,0.5,12.0,4.0607958531243975,0.5,True,8.172034861649465,10.22,0.49691367228268973,0.0,0.0,0.5890894085119306,standalone_parent:product_margin_quantity,1009,True,8.0,599,True,7.0690729021431675,28.27629160857267,2026-06-25,bm_eligible
PBR,Balancing Reserve,upward,2026-06-25 16:00:00+00:00,2026-06-25T16:30:00+00:00,0.5,12.0,11.400931450036172,0.5,True,22.9434851282383,43.98,0.49691367228268973,0.0,0.0,0.5890894085119306,standalone_parent:product_margin_quantity,1009,True,24.62,580,True,7.0690729021431675,87.02028742538239,2026-06-25,bm_eligible
PBR,Balancing Reserve,upward,2026-06-25 16:30:00+00:00,2026-06-25T17:00:00+00:00,0.5,12.0,5.271931924938784,0.5,True,10.609351722444918,13.6,0.49691367228268973,0.0,0.0,0.5890894085119306,standalone_parent:product_margin_quantity,1009,True,8.2,599,True,7.0690729021431675,28.983198898786984,2026-06-25,bm_eligible
NQR,Quick Reserve,downward,2026-06-25 17:00:00+00:00,2026-06-25T17:30:00+00:00,0.5,12.0,0.5488884627189039,1.0,False,7.299291275596934,9.08,0.07519750096203907,0.0,0.0,0.4257593538505713,standalone_parent:product_margin_quantity,391,True,8.32,104,True,5.1091122462068554,21.25390694422052,2026-06-25,bm_eligible
PBR,Balancing Reserve,upward,2026-06-25 17:30:00+00:00,2026-06-25T18:00:00+00:00,0.5,12.0,39.606893185186365,0.5,True,79.70578270314599,171.53,0.49691367228268973,1.6489765543265094,0.2748294257210849,0.5890894085119306,standalone_parent:product_margin_quantity,1009,True,36.29,600,True,7.0690729021431675,128.26832780938778,2026-06-25,bm_eligible
NQR,Quick Reserve,downward,2026-06-25 18:00:00+00:00,2026-06-25T18:30:00+00:00,0.5,25.0,0.24316873626104774,1.0,False,3.233734275076552,5.0,0.07519750096203907,0.0,0.0,0.4257593538505713,standalone_parent:product_margin_quantity,391,True,5.0,254,True,10.643983846264282,26.609959615660706,2026-06-25,bm_eligible
NQR,Quick Reserve,downward,2026-06-25 18:30:00+00:00,2026-06-25T19:00:00+00:00,0.5,25.0,0.09327305869921548,1.0,False,1.2403744473676226,5.0,0.07519750096203907,0.0,0.0,0.4257593538505713,standalone_parent:product_margin_quantity,391,True,5.0,253,True,10.643983846264282,26.609959615660706,2026-06-25,bm_eligible
NQR,Quick Reserve,downward,2026-06-25 19:00:00+00:00,2026-06-25T19:30:00+00:00,0.5,25.0,0.05625186711693017,1.0,False,0.7480550071115666,5.0,0.07519750096203907,0.0,0.0,0.4257593538505713,standalone_parent:product_margin_quantity,391,True,5.0,254,True,10.643983846264282,26.609959615660706,2026-06-25,bm_eligible
NQR,Quick Reserve,downward,2026-06-25 19:30:00+00:00,2026-06-25T20:00:00+00:00,0.5,25.0,0.06550855726698165,1.0,False,0.8711533818131993,5.0,0.07519750096203907,0.0,0.0,0.4257593538505713,standalone_parent:product_margin_quantity,391,True,5.0,254,True,10.643983846264282,26.609959615660706,2026-06-25,bm_eligible
PBR,Balancing Reserve,upward,2026-06-25 20:00:00+00:00,2026-06-25T20:30:00+00:00,0.5,25.0,51.394112156312595,0.5,True,103.42664133232974,230.0,0.49691367228268973,205.50336184714251,16.4402689477714,0.5890894085119306,standalone_parent:product_margin_quantity,1009,True,25.73,400,True,14.727235212798265,189.46588101264967,2026-06-25,bm_eligible
PBR,Balancing Reserve,upward,2026-06-25 20:30:00+00:00,2026-06-25T21:00:00+00:00,0.5,25.0,44.91383507711452,0.5,True,90.3855892529426,198.51,0.49691367228268973,141.8131554973843,11.345052439790743,0.5890894085119306,standalone_parent:product_margin_quantity,1009,True,25.73,400,True,14.727235212798265,189.46588101264967,2026-06-25,bm_eligible
PBR,Balancing Reserve,upward,2026-06-25 21:00:00+00:00,2026-06-25T21:30:00+00:00,0.5,25.0,24.032301924562024,0.5,True,48.36313280365983,99.7,0.49691367228268973,0.0,0.0,0.5890894085119306,standalone_parent:product_margin_quantity,1009,True,10.17,400,True,14.727235212798265,74.88799105707918,2026-06-25,bm_eligible
PBR,Balancing Reserve,upward,2026-06-25 21:30:00+00:00,2026-06-25T22:00:00+00:00,0.5,25.0,19.411094306575276,0.5,True,39.06331298433761,77.81,0.49691367228268973,0.0,0.0,0.5890894085119306,standalone_parent:product_margin_quantity,1009,True,10.17,400,True,14.727235212798265,74.88799105707918,2026-06-25,bm_eligible
PBR,Balancing Reserve,upward,2026-06-25 22:00:00+00:00,2026-06-25T22:30:00+00:00,0.5,25.0,7.764217279485593,0.5,True,15.62488156910402,30.37,0.49691367228268973,0.0,0.0,0.5890894085119306,standalone_parent:product_margin_quantity,1009,True,7.23,199,True,14.727235212798265,53.23895529426573,2026-06-25,bm_eligible
PSR,Slow Reserve,upward,2026-06-25 22:30:00+00:00,2026-06-25T23:00:00+00:00,0.5,25.0,3.7451725871642005,1.0,False,7.075685782732319,12.79,0.5293017104156905,0.0,0.0,0.5976150939668087,standalone_parent:product_margin_quantity,3361,True,1.22,1800,True,14.940377349170216,9.113630182993832,2026-06-25,bm_eligible
NQR,Quick Reserve,downward,2026-06-25 23:00:00+00:00,2026-06-25T23:30:00+00:00,0.5,25.0,0.06288138165086694,1.0,False,0.8362163748315319,1.0,0.07519750096203907,0.0,0.0,0.3777883907815773,standalone_parent:product_margin_quantity,357,True,1.0,300,True,9.444709769539433,4.722354884769716,2026-06-26,non_bm
NQR,Quick Reserve,downward,2026-06-25 23:30:00+00:00,2026-06-26T00:00:00+00:00,0.5,25.0,0.058475944686989016,1.0,False,0.7776314895957597,3.0,0.07519750096203907,0.0,0.0,0.31703067020227205,standalone_parent:product_margin_quantity,435,True,1.0,300,True,7.925766755056801,3.9628833775284007,2026-06-26,non_bm
PSR,Slow Reserve,upward,2026-06-26 00:00:00+00:00,2026-06-26T00:30:00+00:00,0.5,25.0,1.8034925276295948,1.0,False,3.407305308371685,3.21,0.5293017104156905,0.0,0.0,0.5538507229858161,standalone_parent:product_margin_quantity,81536,True,1.81,1800,True,13.846268074645401,12.53087260755409,2026-06-26,non_bm
PSR,Slow Reserve,upward,2026-06-26 00:30:00+00:00,2026-06-26T01:00:00+00:00,0.5,25.0,1.730322804145843,1.0,False,3.2690670936750283,3.21,0.5293017104156905,0.0,0.0,0.5538507229858161,standalone_parent:product_margin_quantity,81536,True,1.81,1800,True,13.846268074645401,12.53087260755409,2026-06-26,non_bm
PSR,Slow Reserve,upward,2026-06-26 01:00:00+00:00,2026-06-26T01:30:00+00:00,0.5,25.0,1.6204735745730408,1.0,False,3.0615309618032245,1.81,0.5293017104156905,0.0,0.0,0.6075311292880494,standalone_parent:product_margin_quantity,37297,True,1.69,1804,True,15.188278232201235,12.834095106210043,2026-06-26,non_bm
PSR,Slow Reserve,upward,2026-06-26 01:30:00+00:00,2026-06-26T02:00:00+00:00,0.5,25.0,1.573048443076489,1.0,False,2.9719315319066046,1.77,0.5293017104156905,0.0,0.0,0.6075311292880494,standalone_parent:product_margin_quantity,37297,True,1.69,1804,True,15.188278232201235,12.834095106210043,2026-06-26,non_bm
DRL,Dynamic Regulation,upward,2026-06-26 02:00:00+00:00,2026-06-26T06:00:00+00:00,4.0,25.0,6.095599261874484,1.0,False,17.68952824351548,20.03,0.3445880058508045,42.304085127640064,0.4230408512764006,0.4853407307322814,standalone_parent:product_margin_quantity,1401,True,23.42,479,True,12.133518268307036,1136.667991375003,2026-06-26,non_bm
DRL,Dynamic Regulation,upward,2026-06-26 06:00:00+00:00,2026-06-26T10:00:00+00:00,4.0,25.0,5.787284026475921,1.0,False,16.794792413586293,20.03,0.3445880058508045,21.178839589329073,0.21178839589329074,0.4853407307322814,standalone_parent:product_margin_quantity,1401,True,16.92,480,True,12.133518268307036,821.1965163990203,2026-06-26,non_bm
DRL,Dynamic Regulation,upward,2026-06-26 10:00:00+00:00,2026-06-26T14:00:00+00:00,4.0,25.0,4.973530689520706,1.0,False,14.43326698861969,13.24,0.3445880058508045,0.0,0.0,0.4853407307322814,standalone_parent:product_margin_quantity,1401,True,13.06,480,True,12.133518268307036,633.8549943363596,2026-06-26,non_bm
DCH,Dynamic Containment,downward,2026-06-26 14:00:00+00:00,2026-06-26T18:00:00+00:00,4.0,4.0,4.424694640270713,0.25,False,9.537675113472424,14.75,0.4639175257731959,0.0,0.0,0.3587852078942326,nonlooped_parent:product,31314,True,5.88,1604,True,1.4351408315769305,33.754512358689404,2026-06-26,non_bm
PSR,Slow Reserve,upward,2026-06-26 14:00:00+00:00,2026-06-26T14:30:00+00:00,0.5,21.0,20.359499934470104,1.0,False,38.46482929080399,26.76,0.5293017104156905,0.0,0.0,0.5976150939668087,standalone_parent:product_margin_quantity,3361,True,26.76,1799,True,12.549916973302983,167.9178891027939,2026-06-26,non_bm
PSR,Slow Reserve,upward,2026-06-26 14:30:00+00:00,2026-06-26T15:00:00+00:00,0.5,21.0,20.428614594488185,1.0,False,38.5954063485728,27.65,0.5293017104156905,0.0,0.0,0.5976150939668087,standalone_parent:product_margin_quantity,3361,True,27.65,1799,True,12.549916973302983,173.50260215591373,2026-06-26,non_bm
PSR,Slow Reserve,upward,2026-06-26 15:00:00+00:00,2026-06-26T15:30:00+00:00,0.5,21.0,20.483915233514256,1.0,False,38.699884830198414,28.35,0.5293017104156905,0.0,0.0,0.5976150939668087,standalone_parent:product_margin_quantity,3361,True,27.65,1799,True,12.549916973302983,173.50260215591373,2026-06-26,non_bm
PSR,Slow Reserve,upward,2026-06-26 15:30:00+00:00,2026-06-26T16:00:00+00:00,0.5,21.0,20.491586539700158,1.0,False,38.7143780880794,28.35,0.5293017104156905,0.0,0.0,0.5976150939668087,standalone_parent:product_margin_quantity,3361,True,27.07,1799,True,12.549916973302983,169.86312623365586,2026-06-26,non_bm
PSR,Slow Reserve,upward,2026-06-26 16:00:00+00:00,2026-06-26T16:30:00+00:00,0.5,21.0,20.497696688980167,1.0,False,38.72592188089128,28.35,0.5293017104156905,0.0,0.0,0.5976150939668087,standalone_parent:product_margin_quantity,3361,True,51.39,1799,True,12.549916973302983,322.47011662902014,2026-06-26,non_bm
PSR,Slow Reserve,upward,2026-06-26 16:30:00+00:00,2026-06-26T17:00:00+00:00,0.5,21.0,20.502141135006056,1.0,False,38.7343186911385,28.35,0.5293017104156905,0.0,0.0,0.5976150939668087,standalone_parent:product_margin_quantity,3361,True,48.5,1799,True,12.549916973302983,304.3354866025973,2026-06-26,non_bm
PSR,Slow Reserve,upward,2026-06-26 17:00:00+00:00,2026-06-26T17:30:00+00:00,0.5,21.0,20.504843832074087,1.0,False,38.73942484706969,28.35,0.5293017104156905,0.0,0.0,0.5976150939668087,standalone_parent:product_margin_quantity,3361,True,59.72,1799,True,12.549916973302983,374.7405208228271,2026-06-26,non_bm
PSR,Slow Reserve,upward,2026-06-26 17:30:00+00:00,2026-06-26T18:00:00+00:00,0.5,21.0,20.505758536288095,1.0,False,38.74115298094118,28.35,0.5293017104156905,30.122632011526093,2.868822096335818,0.5976150939668087,standalone_parent:product_margin_quantity,3361,True,59.72,1799,True,12.549916973302983,374.7405208228271,2026-06-26,non_bm
DCH,Dynamic Containment,downward,2026-06-26 18:00:00+00:00,2026-06-26T22:00:00+00:00,4.0,4.0,2.068097770110955,0.25,False,4.457899637794725,6.25,0.4639175257731959,0.0,0.0,0.5398251048519299,nonlooped_parent:product_margin,526,True,6.0,1350,True,2.1593004194077197,51.823210065785275,2026-06-26,non_bm
PSR,Slow Reserve,upward,2026-06-26 18:00:00+00:00,2026-06-26T18:30:00+00:00,0.5,21.0,20.50486959680537,1.0,False,38.73947352390329,28.35,0.5293017104156905,141.11721520411675,13.439734781344452,0.5976150939668087,standalone_parent:product_margin_quantity,3361,True,59.72,1799,True,12.549916973302983,374.7405208228271,2026-06-26,non_bm
PSR,Slow Reserve,upward,2026-06-26 18:30:00+00:00,2026-06-26T19:00:00+00:00,0.5,21.0,20.50219222362693,1.0,False,38.73441521193159,28.35,0.5293017104156905,189.76755967242616,18.073100921183443,0.5976150939668087,standalone_parent:product_margin_quantity,3361,True,59.72,1799,True,12.549916973302983,374.7405208228271,2026-06-26,non_bm
PSR,Slow Reserve,upward,2026-06-26 19:00:00+00:00,2026-06-26T19:30:00+00:00,0.5,21.0,20.49777222735016,1.0,False,38.72606459414632,28.35,0.5293017104156905,208.3871120550907,19.846391624294352,0.5384783820628996,standalone_parent:product_margin_quantity,27562,True,59.72,1799,True,11.308046023320891,337.6582542563618,2026-06-26,non_bm
PSR,Slow Reserve,upward,2026-06-26 19:30:00+00:00,2026-06-26T20:00:00+00:00,0.5,21.0,20.491685235336817,1.0,False,38.71456455193304,28.35,0.5293017104156905,215.65013212616986,20.538107821539988,0.5384783820628996,standalone_parent:product_margin_quantity,27562,True,59.72,1799,True,11.308046023320891,337.6582542563618,2026-06-26,non_bm
NQR,Quick Reserve,downward,2026-06-26 20:00:00+00:00,2026-06-26T20:30:00+00:00,0.5,21.0,0.02997796248911284,1.0,False,0.3986563663099151,5.0,0.07519750096203907,0.0,0.0,0.4257593538505713,standalone_parent:product_margin_quantity,391,True,2.0,300,True,8.940946430861997,8.940946430861997,2026-06-26,non_bm
NQR,Quick Reserve,downward,2026-06-26 20:30:00+00:00,2026-06-26T21:00:00+00:00,0.5,21.0,0.05114339423294725,1.0,False,0.6801209292681849,5.0,0.07519750096203907,0.0,0.0,0.4257593538505713,standalone_parent:product_margin_quantity,391,True,5.0,299,True,8.940946430861997,22.352366077154993,2026-06-26,non_bm
PSR,Slow Reserve,upward,2026-06-26 21:00:00+00:00,2026-06-26T21:30:00+00:00,0.5,21.0,22.056228536837192,1.0,False,41.67042747607067,16.48,0.5293017104156905,0.0,0.0,0.5976150939668087,standalone_parent:product_margin_quantity,3361,True,41.86,1800,True,12.549916973302983,262.6697622512314,2026-06-26,non_bm
PSR,Slow Reserve,upward,2026-06-26 21:30:00+00:00,2026-06-26T22:00:00+00:00,0.5,21.0,22.0447708531908,1.0,False,41.64878068479658,16.48,0.5293017104156905,0.0,0.0,0.5976150939668087,standalone_parent:product_margin_quantity,3361,True,41.86,1800,True,12.549916973302983,262.6697622512314,2026-06-26,non_bm
NQR,Quick Reserve,downward,2026-06-26 22:00:00+00:00,2026-06-26T22:30:00+00:00,0.5,25.0,0.11233378830196145,1.0,False,1.4938500198120863,6.34,0.07519750096203907,54.333478526061754,4.34667828208494,0.3777883907815773,standalone_parent:product_margin_quantity,357,True,1.0,300,False,0.0,0.0,2026-06-26,non_bm
PSR,Slow Reserve,upward,2026-06-26 22:30:00+00:00,2026-06-26T23:00:00+00:00,0.5,25.0,2.295373950178901,1.0,False,4.336607845790285,1.22,0.5293017104156905,0.0,0.0,0.6075311292880494,standalone_parent:product_margin_quantity,37297,True,3.0,1800,True,15.188278232201235,22.782417348301852,2026-06-26,non_bm
NBR,Balancing Reserve,downward,2026-06-25 23:00:00+00:00,2026-06-25T23:30:00+00:00,0.5,25.0,0.06857141240105204,0.5,True,0.2205843315631674,0.0,0.31086257085950664,0.0,0.0,0.34527008036916446,nonlooped_parent:product_margin,554,True,0.0,0,True,0.0,0.0,2026-06-26,bm_eligible
NBR,Balancing Reserve,downward,2026-06-25 23:30:00+00:00,2026-06-26T00:00:00+00:00,0.5,25.0,0.06834268761889024,0.5,True,0.2198485569682093,0.0,0.31086257085950664,0.0,0.0,0.34527008036916446,nonlooped_parent:product_margin,554,True,0.0,0,True,0.0,0.0,2026-06-26,bm_eligible
PSR,Slow Reserve,upward,2026-06-26 00:00:00+00:00,2026-06-26T00:30:00+00:00,0.5,25.0,1.8034925276295948,1.0,False,3.407305308371685,3.21,0.5293017104156905,0.0,0.0,0.5538507229858161,standalone_parent:product_margin_quantity,81536,True,1.81,1800,True,13.846268074645401,12.53087260755409,2026-06-26,bm_eligible
PSR,Slow Reserve,upward,2026-06-26 00:30:00+00:00,2026-06-26T01:00:00+00:00,0.5,25.0,1.730322804145843,1.0,False,3.2690670936750283,3.21,0.5293017104156905,0.0,0.0,0.5538507229858161,standalone_parent:product_margin_quantity,81536,True,1.81,1800,True,13.846268074645401,12.53087260755409,2026-06-26,bm_eligible
PSR,Slow Reserve,upward,2026-06-26 01:00:00+00:00,2026-06-26T01:30:00+00:00,0.5,25.0,1.6204735745730408,1.0,False,3.0615309618032245,1.81,0.5293017104156905,0.0,0.0,0.6075311292880494,standalone_parent:product_margin_quantity,37297,True,1.69,1804,True,15.188278232201235,12.834095106210043,2026-06-26,bm_eligible
PSR,Slow Reserve,upward,2026-06-26 01:30:00+00:00,2026-06-26T02:00:00+00:00,0.5,25.0,1.573048443076489,1.0,False,2.9719315319066046,1.77,0.5293017104156905,0.0,0.0,0.6075311292880494,standalone_parent:product_margin_quantity,37297,True,1.69,1804,True,15.188278232201235,12.834095106210043,2026-06-26,bm_eligible
DRL,Dynamic Regulation,upward,2026-06-26 02:00:00+00:00,2026-06-26T06:00:00+00:00,4.0,25.0,6.095599261874484,1.0,False,17.68952824351548,20.03,0.3445880058508045,42.304085127640064,0.4230408512764006,0.4853407307322814,standalone_parent:product_margin_quantity,1401,True,23.42,479,True,12.133518268307036,1136.667991375003,2026-06-26,bm_eligible
DRL,Dynamic Regulation,upward,2026-06-26 06:00:00+00:00,2026-06-26T10:00:00+00:00,4.0,25.0,5.787284026475921,1.0,False,16.794792413586293,20.03,0.3445880058508045,21.178839589329073,0.21178839589329074,0.4853407307322814,standalone_parent:product_margin_quantity,1401,True,16.92,480,True,12.133518268307036,821.1965163990203,2026-06-26,bm_eligible
DRL,Dynamic Regulation,upward,2026-06-26 10:00:00+00:00,2026-06-26T14:00:00+00:00,4.0,25.0,4.973530689520706,1.0,False,14.43326698861969,13.24,0.3445880058508045,0.0,0.0,0.4853407307322814,standalone_parent:product_margin_quantity,1401,True,13.06,480,True,12.133518268307036,633.8549943363596,2026-06-26,bm_eligible
DCH,Dynamic Containment,downward,2026-06-26 14:00:00+00:00,2026-06-26T18:00:00+00:00,4.0,4.0,4.424694640270713,0.25,False,9.537675113472424,14.75,0.4639175257731959,0.0,0.0,0.3587852078942326,nonlooped_parent:product,31314,True,5.88,1604,True,1.4351408315769305,33.754512358689404,2026-06-26,bm_eligible
PSR,Slow Reserve,upward,2026-06-26 14:00:00+00:00,2026-06-26T14:30:00+00:00,0.5,21.0,20.359499934470104,1.0,False,38.46482929080399,26.76,0.5293017104156905,0.0,0.0,0.5976150939668087,standalone_parent:product_margin_quantity,3361,True,26.76,1799,True,12.549916973302983,167.9178891027939,2026-06-26,bm_eligible
PSR,Slow Reserve,upward,2026-06-26 14:30:00+00:00,2026-06-26T15:00:00+00:00,0.5,21.0,20.428614594488185,1.0,False,38.5954063485728,27.65,0.5293017104156905,0.0,0.0,0.5976150939668087,standalone_parent:product_margin_quantity,3361,True,27.65,1799,True,12.549916973302983,173.50260215591373,2026-06-26,bm_eligible
PSR,Slow Reserve,upward,2026-06-26 15:00:00+00:00,2026-06-26T15:30:00+00:00,0.5,21.0,20.483915233514256,1.0,False,38.699884830198414,28.35,0.5293017104156905,0.0,0.0,0.5976150939668087,standalone_parent:product_margin_quantity,3361,True,27.65,1799,True,12.549916973302983,173.50260215591373,2026-06-26,bm_eligible
PSR,Slow Reserve,upward,2026-06-26 15:30:00+00:00,2026-06-26T16:00:00+00:00,0.5,21.0,20.491586539700158,1.0,False,38.7143780880794,28.35,0.5293017104156905,0.0,0.0,0.5976150939668087,standalone_parent:product_margin_quantity,3361,True,27.07,1799,True,12.549916973302983,169.86312623365586,2026-06-26,bm_eligible
PSR,Slow Reserve,upward,2026-06-26 16:00:00+00:00,2026-06-26T16:30:00+00:00,0.5,21.0,20.497696688980167,1.0,False,38.72592188089128,28.35,0.5293017104156905,0.0,0.0,0.5976150939668087,standalone_parent:product_margin_quantity,3361,True,51.39,1799,True,12.549916973302983,322.47011662902014,2026-06-26,bm_eligible
PSR,Slow Reserve,upward,2026-06-26 16:30:00+00:00,2026-06-26T17:00:00+00:00,0.5,21.0,20.502141135006056,1.0,False,38.7343186911385,28.35,0.5293017104156905,0.0,0.0,0.5976150939668087,standalone_parent:product_margin_quantity,3361,True,48.5,1799,True,12.549916973302983,304.3354866025973,2026-06-26,bm_eligible
PSR,Slow Reserve,upward,2026-06-26 17:00:00+00:00,2026-06-26T17:30:00+00:00,0.5,21.0,20.504843832074087,1.0,False,38.73942484706969,28.35,0.5293017104156905,0.0,0.0,0.5976150939668087,standalone_parent:product_margin_quantity,3361,True,59.72,1799,True,12.549916973302983,374.7405208228271,2026-06-26,bm_eligible
PSR,Slow Reserve,upward,2026-06-26 17:30:00+00:00,2026-06-26T18:00:00+00:00,0.5,21.0,20.505758536288095,1.0,False,38.74115298094118,28.35,0.5293017104156905,30.122632011526093,2.868822096335818,0.5976150939668087,standalone_parent:product_margin_quantity,3361,True,59.72,1799,True,12.549916973302983,374.7405208228271,2026-06-26,bm_eligible
DCH,Dynamic Containment,downward,2026-06-26 18:00:00+00:00,2026-06-26T22:00:00+00:00,4.0,4.0,2.068097770110955,0.25,False,4.457899637794725,6.25,0.4639175257731959,0.0,0.0,0.5398251048519299,nonlooped_parent:product_margin,526,True,6.0,1350,True,2.1593004194077197,51.823210065785275,2026-06-26,bm_eligible
PSR,Slow Reserve,upward,2026-06-26 18:00:00+00:00,2026-06-26T18:30:00+00:00,0.5,21.0,20.50486959680537,1.0,False,38.73947352390329,28.35,0.5293017104156905,141.11721520411675,13.439734781344452,0.5976150939668087,standalone_parent:product_margin_quantity,3361,True,59.72,1799,True,12.549916973302983,374.7405208228271,2026-06-26,bm_eligible
PSR,Slow Reserve,upward,2026-06-26 18:30:00+00:00,2026-06-26T19:00:00+00:00,0.5,21.0,20.50219222362693,1.0,False,38.73441521193159,28.35,0.5293017104156905,189.76755967242616,18.073100921183443,0.5976150939668087,standalone_parent:product_margin_quantity,3361,True,59.72,1799,True,12.549916973302983,374.7405208228271,2026-06-26,bm_eligible
PSR,Slow Reserve,upward,2026-06-26 19:00:00+00:00,2026-06-26T19:30:00+00:00,0.5,21.0,20.49777222735016,1.0,False,38.72606459414632,28.35,0.5293017104156905,208.3871120550907,19.846391624294352,0.5384783820628996,standalone_parent:product_margin_quantity,27562,True,59.72,1799,True,11.308046023320891,337.6582542563618,2026-06-26,bm_eligible
PSR,Slow Reserve,upward,2026-06-26 19:30:00+00:00,2026-06-26T20:00:00+00:00,0.5,21.0,20.491685235336817,1.0,False,38.71456455193304,28.35,0.5293017104156905,215.65013212616986,20.538107821539988,0.5384783820628996,standalone_parent:product_margin_quantity,27562,True,59.72,1799,True,11.308046023320891,337.6582542563618,2026-06-26,bm_eligible
NBR,Balancing Reserve,downward,2026-06-26 20:00:00+00:00,2026-06-26T20:30:00+00:00,0.5,21.0,0.08076492344083873,0.5,True,0.2598090957606478,0.0,0.31086257085950664,0.0,0.0,0.34527008036916446,nonlooped_parent:product_margin,554,True,0.0,0,True,0.0,0.0,2026-06-26,bm_eligible
NBR,Balancing Reserve,downward,2026-06-26 20:30:00+00:00,2026-06-26T21:00:00+00:00,0.5,21.0,0.07759944528721913,0.5,True,0.2496262096548444,0.0,0.31086257085950664,0.0,0.0,0.34527008036916446,nonlooped_parent:product_margin,554,True,0.0,0,True,0.0,0.0,2026-06-26,bm_eligible
PSR,Slow Reserve,upward,2026-06-26 21:00:00+00:00,2026-06-26T21:30:00+00:00,0.5,21.0,22.056228536837192,1.0,False,41.67042747607067,16.48,0.5293017104156905,0.0,0.0,0.5976150939668087,standalone_parent:product_margin_quantity,3361,True,41.86,1800,True,12.549916973302983,262.6697622512314,2026-06-26,bm_eligible
PSR,Slow Reserve,upward,2026-06-26 21:30:00+00:00,2026-06-26T22:00:00+00:00,0.5,21.0,22.0447708531908,1.0,False,41.64878068479658,16.48,0.5293017104156905,0.0,0.0,0.5976150939668087,standalone_parent:product_margin_quantity,3361,True,41.86,1800,True,12.549916973302983,262.6697622512314,2026-06-26,bm_eligible
NQR,Quick Reserve,downward,2026-06-26 22:00:00+00:00,2026-06-26T22:30:00+00:00,0.5,25.0,0.11233378830196145,1.0,False,1.4938500198120863,6.34,0.07519750096203907,54.333478526061754,4.34667828208494,0.3777883907815773,standalone_parent:product_margin_quantity,357,True,1.0,300,False,0.0,0.0,2026-06-26,bm_eligible
PSR,Slow Reserve,upward,2026-06-26 22:30:00+00:00,2026-06-26T23:00:00+00:00,0.5,25.0,2.295373950178901,1.0,False,4.336607845790285,1.22,0.5293017104156905,0.0,0.0,0.6075311292880494,standalone_parent:product_margin_quantity,37297,True,3.0,1800,True,15.188278232201235,22.782417348301852,2026-06-26,bm_eligible
NQR,Quick Reserve,downward,2026-06-26 23:00:00+00:00,2026-06-26T23:30:00+00:00,0.5,25.0,0.056398616603884635,1.0,False,0.7500065279078301,1.0,0.07519750096203907,0.0,0.0,0.3777883907815773,standalone_parent:product_margin_quantity,357,True,0.01,308,True,9.444709769539433,0.04722354884769717,2026-06-27,non_bm
NQR,Quick Reserve,downward,2026-06-26 23:30:00+00:00,2026-06-27T00:00:00+00:00,0.5,25.0,0.04479721819544128,1.0,False,0.5957274859181244,1.0,0.07519750096203907,0.0,0.0,0.3777883907815773,standalone_parent:product_margin_quantity,357,True,0.01,308,True,9.444709769539433,0.04722354884769717,2026-06-27,non_bm
NQR,Quick Reserve,downward,2026-06-27 00:00:00+00:00,2026-06-27T00:30:00+00:00,0.5,3.0,0.10015145882849985,1.0,False,1.331845573951426,9.0,0.07519750096203907,0.0,0.0,0.3813242144198675,standalone_parent:product_margin,841,True,0.0,308,True,1.1439726432596027,0.0,2026-06-27,non_bm
PSR,Slow Reserve,upward,2026-06-27 00:00:00+00:00,2026-06-27T00:30:00+00:00,0.5,21.0,1.6638041868711857,1.0,False,3.143394691780811,1.81,0.5293017104156905,0.0,0.0,0.6075311292880494,standalone_parent:product_margin_quantity,37297,True,0.93,1804,True,12.758153715049037,5.932541477497803,2026-06-27,non_bm
PSR,Slow Reserve,upward,2026-06-27 00:30:00+00:00,2026-06-27T01:00:00+00:00,0.5,25.0,1.5947584725193724,1.0,False,3.0129478917929786,1.81,0.5293017104156905,0.0,0.0,0.6075311292880494,standalone_parent:product_margin_quantity,37297,True,0.93,1804,True,15.188278232201235,7.062549377973575,2026-06-27,non_bm
PSR,Slow Reserve,upward,2026-06-27 01:00:00+00:00,2026-06-27T01:30:00+00:00,0.5,25.0,1.5331929484193914,1.0,False,2.8966332778620503,1.69,0.5293017104156905,0.0,0.0,0.6075311292880494,standalone_parent:product_margin_quantity,37297,True,0.93,1804,True,15.188278232201235,7.062549377973575,2026-06-27,non_bm
PSR,Slow Reserve,upward,2026-06-27 01:30:00+00:00,2026-06-27T02:00:00+00:00,0.5,25.0,1.4903573493838993,1.0,False,2.8157047673498683,1.69,0.5293017104156905,0.0,0.0,0.6075311292880494,standalone_parent:product_margin_quantity,37297,True,0.93,1804,True,15.188278232201235,7.062549377973575,2026-06-27,non_bm
DRL,Dynamic Regulation,upward,2026-06-27 02:00:00+00:00,2026-06-27T06:00:00+00:00,4.0,25.0,6.40902926278424,1.0,False,18.599107206183906,23.42,0.3445880058508045,41.1978609697635,0.41197860969763495,0.4853407307322814,standalone_parent:product_margin_quantity,1401,True,23.78,480,True,12.133518268307036,1154.1402576813653,2026-06-27,non_bm
DRL,Dynamic Regulation,upward,2026-06-27 06:00:00+00:00,2026-06-27T10:00:00+00:00,4.0,25.0,5.619327177327076,1.0,False,16.30737890441858,16.92,0.3445880058508045,6.251007694483633,0.06251007694483633,0.4853407307322814,standalone_parent:product_margin_quantity,1401,True,26.02,480,True,12.133518268307036,1262.8565813653963,2026-06-27,non_bm
DRL,Dynamic Regulation,upward,2026-06-27 10:00:00+00:00,2026-06-27T14:00:00+00:00,4.0,25.0,4.9584601119814815,1.0,False,14.389531927377456,13.06,0.3445880058508045,0.0,0.0,0.4853407307322814,standalone_parent:product_margin_quantity,1401,True,7.53,478,True,12.133518268307036,365.4615702414079,2026-06-27,non_bm
PSR,Slow Reserve,upward,2026-06-27 14:00:00+00:00,2026-06-27T14:30:00+00:00,0.5,25.0,23.64627239611904,1.0,False,44.67446813566555,26.76,0.5293017104156905,0.0,0.0,0.5976150939668087,standalone_parent:product_margin_quantity,3361,True,3.7,1800,True,14.940377349170216,27.639698095964903,2026-06-27,non_bm
PSR,Slow Reserve,upward,2026-06-27 14:30:00+00:00,2026-06-27T15:00:00+00:00,0.5,25.0,23.75382927939932,1.0,False,44.87767337978956,27.65,0.5293017104156905,0.0,0.0,0.5976150939668087,standalone_parent:product_margin_quantity,3361,True,3.7,1800,True,14.940377349170216,27.639698095964903,2026-06-27,non_bm
PSR,Slow Reserve,upward,2026-06-27 15:00:00+00:00,2026-06-27T15:30:00+00:00,0.5,25.0,23.779142643793016,1.0,False,44.92549745421739,27.65,0.5293017104156905,0.0,0.0,0.5976150939668087,standalone_parent:product_margin_quantity,3361,True,3.7,1800,True,14.940377349170216,27.639698095964903,2026-06-27,non_bm
PSR,Slow Reserve,upward,2026-06-27 15:30:00+00:00,2026-06-27T16:00:00+00:00,0.5,25.0,23.73884479774517,1.0,False,44.849363473814805,27.07,0.5293017104156905,0.0,0.0,0.5976150939668087,standalone_parent:product_margin_quantity,3361,True,3.7,1800,True,14.940377349170216,27.639698095964903,2026-06-27,non_bm
PSR,Slow Reserve,upward,2026-06-27 16:00:00+00:00,2026-06-27T16:30:00+00:00,0.5,25.0,25.858264419330734,1.0,False,48.85354403828164,51.39,0.5293017104156905,0.0,0.0,0.5976150939668087,standalone_parent:product_margin_quantity,3361,True,3.7,1800,True,14.940377349170216,27.639698095964903,2026-06-27,non_bm
PSR,Slow Reserve,upward,2026-06-27 16:30:00+00:00,2026-06-27T17:00:00+00:00,0.5,25.0,25.61410452150576,1.0,False,48.39225722771528,48.5,0.5293017104156905,0.0,0.0,0.5976150939668087,standalone_parent:product_margin_quantity,3361,True,3.7,1800,True,14.940377349170216,27.639698095964903,2026-06-27,non_bm
PSR,Slow Reserve,upward,2026-06-27 17:00:00+00:00,2026-06-27T17:30:00+00:00,0.5,25.0,26.592830204633014,1.0,False,50.24134568495568,59.72,0.5293017104156905,0.0,0.0,0.5976150939668087,standalone_parent:product_margin_quantity,3361,True,3.7,1800,True,14.940377349170216,27.639698095964903,2026-06-27,non_bm
PSR,Slow Reserve,upward,2026-06-27 17:30:00+00:00,2026-06-27T18:00:00+00:00,0.5,25.0,26.59571263623478,1.0,False,50.246791410040345,59.72,0.5293017104156905,30.413141055596043,2.4330512844476835,0.5976150939668087,standalone_parent:product_margin_quantity,3361,True,3.7,1800,True,14.940377349170216,27.639698095964903,2026-06-27,non_bm
PSR,Slow Reserve,upward,2026-06-27 18:00:00+00:00,2026-06-27T18:30:00+00:00,0.5,25.0,26.596599476930542,1.0,False,50.24846690187857,59.72,0.5293017104156905,175.1693878990368,14.013551031922944,0.5976150939668087,standalone_parent:product_margin_quantity,3361,True,3.7,1800,False,0.0,0.0,2026-06-27,non_bm
PSR,Slow Reserve,upward,2026-06-27 18:30:00+00:00,2026-06-27T19:00:00+00:00,0.5,25.0,26.595475552630106,1.0,False,50.24634349234046,59.72,0.5293017104156905,232.07372268371864,18.565897814697493,0.5976150939668087,standalone_parent:product_margin_quantity,3361,True,3.7,1800,False,0.0,0.0,2026-06-27,non_bm
PSR,Slow Reserve,upward,2026-06-27 19:00:00+00:00,2026-06-27T19:30:00+00:00,0.5,25.0,26.59236009398986,1.0,False,50.24045751355192,59.72,0.5293017104156905,252.27982071189717,20.182385656951773,0.5976150939668087,standalone_parent:product_margin_quantity,3361,True,3.7,1800,False,0.0,0.0,2026-06-27,non_bm
PSR,Slow Reserve,upward,2026-06-27 19:30:00+00:00,2026-06-27T20:00:00+00:00,0.5,25.0,26.587306407370914,1.0,False,50.23090967624193,59.72,0.5293017104156905,261.4963732136671,20.919709857093366,0.5976150939668087,standalone_parent:product_margin_quantity,3361,True,3.7,1800,False,0.0,0.0,2026-06-27,non_bm
NQR,Quick Reserve,downward,2026-06-27 20:00:00+00:00,2026-06-27T20:30:00+00:00,0.5,25.0,0.03447812170154722,1.0,False,0.4585008977752111,2.0,0.07519750096203907,0.0,0.0,0.31703067020227205,standalone_parent:product_margin_quantity,435,True,0.0,335,True,7.925766755056801,0.0,2026-06-27,non_bm
NQR,Quick Reserve,downward,2026-06-27 20:30:00+00:00,2026-06-27T21:00:00+00:00,0.5,25.0,0.07134894689885646,1.0,False,0.9488207185884352,5.0,0.07519750096203907,0.0,0.0,0.4257593538505713,standalone_parent:product_margin_quantity,391,True,0.0,335,True,10.643983846264282,0.0,2026-06-27,non_bm
NQR,Quick Reserve,downward,2026-06-27 21:00:00+00:00,2026-06-27T21:30:00+00:00,0.5,5.0,0.06548983211037365,1.0,False,0.870904368795899,5.0,0.07519750096203907,0.0,0.0,0.3813242144198675,standalone_parent:product_margin,841,True,0.0,344,True,1.9066210720993375,0.0,2026-06-27,non_bm
PSR,Slow Reserve,upward,2026-06-27 21:00:00+00:00,2026-06-27T21:30:00+00:00,0.5,20.0,27.455948814246316,1.0,False,51.87201982151845,41.86,0.5293017104156905,0.0,0.0,0.5976150939668087,standalone_parent:product_margin_quantity,3361,True,7.13,1802,True,11.952301879336174,42.60995619983346,2026-06-27,non_bm
PSR,Slow Reserve,upward,2026-06-27 21:30:00+00:00,2026-06-27T22:00:00+00:00,0.5,25.0,27.444313140654998,1.0,False,51.85003675711047,41.86,0.5293017104156905,0.0,0.0,0.5976150939668087,standalone_parent:product_margin_quantity,3361,True,7.13,1802,True,14.940377349170216,53.26244524979182,2026-06-27,non_bm
NQR,Quick Reserve,downward,2026-06-27 22:00:00+00:00,2026-06-27T22:30:00+00:00,0.5,25.0,0.09015163329336084,1.0,False,1.198864751354847,1.0,0.07519750096203907,99.10413148353655,7.928330518682924,0.005361302467892514,standalone_parent:product_margin_quantity,10910,True,1.0,300,False,0.0,0.0,2026-06-27,non_bm
NQR,Quick Reserve,downward,2026-06-27 22:30:00+00:00,2026-06-27T23:00:00+00:00,0.5,25.0,0.04210279465796391,1.0,False,0.559896194944272,0.45,0.07519750096203907,166.63552073418214,13.33084165873457,0.005361302467892514,standalone_parent:product_margin_quantity,10910,True,0.02,303,False,0.0,0.0,2026-06-27,non_bm
NBR,Balancing Reserve,downward,2026-06-26 23:00:00+00:00,2026-06-26T23:30:00+00:00,0.5,25.0,0.09274288316974715,0.5,True,0.2983404625179594,0.0,0.31086257085950664,0.0,0.0,0.34527008036916446,nonlooped_parent:product_margin,554,True,0.0,0,True,0.0,0.0,2026-06-27,bm_eligible
NBR,Balancing Reserve,downward,2026-06-26 23:30:00+00:00,2026-06-27T00:00:00+00:00,0.5,25.0,0.09250201884954236,0.5,True,0.2975656367821405,0.0,0.31086257085950664,0.0,0.0,0.34527008036916446,nonlooped_parent:product_margin,554,True,0.0,0,True,0.0,0.0,2026-06-27,bm_eligible
NQR,Quick Reserve,downward,2026-06-27 00:00:00+00:00,2026-06-27T00:30:00+00:00,0.5,3.0,0.10015145882849985,1.0,False,1.331845573951426,9.0,0.07519750096203907,0.0,0.0,0.3813242144198675,standalone_parent:product_margin,841,True,0.0,308,True,1.1439726432596027,0.0,2026-06-27,bm_eligible
PSR,Slow Reserve,upward,2026-06-27 00:00:00+00:00,2026-06-27T00:30:00+00:00,0.5,21.0,1.6638041868711857,1.0,False,3.143394691780811,1.81,0.5293017104156905,0.0,0.0,0.6075311292880494,standalone_parent:product_margin_quantity,37297,True,0.93,1804,True,12.758153715049037,5.932541477497803,2026-06-27,bm_eligible
PSR,Slow Reserve,upward,2026-06-27 00:30:00+00:00,2026-06-27T01:00:00+00:00,0.5,25.0,1.5947584725193724,1.0,False,3.0129478917929786,1.81,0.5293017104156905,0.0,0.0,0.6075311292880494,standalone_parent:product_margin_quantity,37297,True,0.93,1804,True,15.188278232201235,7.062549377973575,2026-06-27,bm_eligible
PSR,Slow Reserve,upward,2026-06-27 01:00:00+00:00,2026-06-27T01:30:00+00:00,0.5,25.0,1.5331929484193914,1.0,False,2.8966332778620503,1.69,0.5293017104156905,0.0,0.0,0.6075311292880494,standalone_parent:product_margin_quantity,37297,True,0.93,1804,True,15.188278232201235,7.062549377973575,2026-06-27,bm_eligible
PSR,Slow Reserve,upward,2026-06-27 01:30:00+00:00,2026-06-27T02:00:00+00:00,0.5,25.0,1.4903573493838993,1.0,False,2.8157047673498683,1.69,0.5293017104156905,0.0,0.0,0.6075311292880494,standalone_parent:product_margin_quantity,37297,True,0.93,1804,True,15.188278232201235,7.062549377973575,2026-06-27,bm_eligible
DRL,Dynamic Regulation,upward,2026-06-27 02:00:00+00:00,2026-06-27T06:00:00+00:00,4.0,25.0,6.40902926278424,1.0,False,18.599107206183906,23.42,0.3445880058508045,41.1978609697635,0.41197860969763495,0.4853407307322814,standalone_parent:product_margin_quantity,1401,True,23.78,480,True,12.133518268307036,1154.1402576813653,2026-06-27,bm_eligible
DRL,Dynamic Regulation,upward,2026-06-27 06:00:00+00:00,2026-06-27T10:00:00+00:00,4.0,25.0,5.619327177327076,1.0,False,16.30737890441858,16.92,0.3445880058508045,6.251007694483633,0.06251007694483633,0.4853407307322814,standalone_parent:product_margin_quantity,1401,True,26.02,480,True,12.133518268307036,1262.8565813653963,2026-06-27,bm_eligible
DRL,Dynamic Regulation,upward,2026-06-27 10:00:00+00:00,2026-06-27T14:00:00+00:00,4.0,25.0,4.9584601119814815,1.0,False,14.389531927377456,13.06,0.3445880058508045,0.0,0.0,0.4853407307322814,standalone_parent:product_margin_quantity,1401,True,7.53,478,True,12.133518268307036,365.4615702414079,2026-06-27,bm_eligible
PSR,Slow Reserve,upward,2026-06-27 14:00:00+00:00,2026-06-27T14:30:00+00:00,0.5,25.0,23.64627239611904,1.0,False,44.67446813566555,26.76,0.5293017104156905,0.0,0.0,0.5976150939668087,standalone_parent:product_margin_quantity,3361,True,3.7,1800,True,14.940377349170216,27.639698095964903,2026-06-27,bm_eligible
PSR,Slow Reserve,upward,2026-06-27 14:30:00+00:00,2026-06-27T15:00:00+00:00,0.5,25.0,23.75382927939932,1.0,False,44.87767337978956,27.65,0.5293017104156905,0.0,0.0,0.5976150939668087,standalone_parent:product_margin_quantity,3361,True,3.7,1800,True,14.940377349170216,27.639698095964903,2026-06-27,bm_eligible
PSR,Slow Reserve,upward,2026-06-27 15:00:00+00:00,2026-06-27T15:30:00+00:00,0.5,25.0,23.779142643793016,1.0,False,44.92549745421739,27.65,0.5293017104156905,0.0,0.0,0.5976150939668087,standalone_parent:product_margin_quantity,3361,True,3.7,1800,True,14.940377349170216,27.639698095964903,2026-06-27,bm_eligible
PSR,Slow Reserve,upward,2026-06-27 15:30:00+00:00,2026-06-27T16:00:00+00:00,0.5,25.0,23.73884479774517,1.0,False,44.849363473814805,27.07,0.5293017104156905,0.0,0.0,0.5976150939668087,standalone_parent:product_margin_quantity,3361,True,3.7,1800,True,14.940377349170216,27.639698095964903,2026-06-27,bm_eligible
PSR,Slow Reserve,upward,2026-06-27 16:00:00+00:00,2026-06-27T16:30:00+00:00,0.5,25.0,25.858264419330734,1.0,False,48.85354403828164,51.39,0.5293017104156905,0.0,0.0,0.5976150939668087,standalone_parent:product_margin_quantity,3361,True,3.7,1800,True,14.940377349170216,27.639698095964903,2026-06-27,bm_eligible
PSR,Slow Reserve,upward,2026-06-27 16:30:00+00:00,2026-06-27T17:00:00+00:00,0.5,25.0,25.61410452150576,1.0,False,48.39225722771528,48.5,0.5293017104156905,0.0,0.0,0.5976150939668087,standalone_parent:product_margin_quantity,3361,True,3.7,1800,True,14.940377349170216,27.639698095964903,2026-06-27,bm_eligible
PSR,Slow Reserve,upward,2026-06-27 17:00:00+00:00,2026-06-27T17:30:00+00:00,0.5,25.0,26.592830204633014,1.0,False,50.24134568495568,59.72,0.5293017104156905,0.0,0.0,0.5976150939668087,standalone_parent:product_margin_quantity,3361,True,3.7,1800,True,14.940377349170216,27.639698095964903,2026-06-27,bm_eligible
PSR,Slow Reserve,upward,2026-06-27 17:30:00+00:00,2026-06-27T18:00:00+00:00,0.5,25.0,26.59571263623478,1.0,False,50.246791410040345,59.72,0.5293017104156905,30.413141055596043,2.4330512844476835,0.5976150939668087,standalone_parent:product_margin_quantity,3361,True,3.7,1800,True,14.940377349170216,27.639698095964903,2026-06-27,bm_eligible
PSR,Slow Reserve,upward,2026-06-27 18:00:00+00:00,2026-06-27T18:30:00+00:00,0.5,25.0,26.596599476930542,1.0,False,50.24846690187857,59.72,0.5293017104156905,175.1693878990368,14.013551031922944,0.5976150939668087,standalone_parent:product_margin_quantity,3361,True,3.7,1800,False,0.0,0.0,2026-06-27,bm_eligible
PSR,Slow Reserve,upward,2026-06-27 18:30:00+00:00,2026-06-27T19:00:00+00:00,0.5,25.0,26.595475552630106,1.0,False,50.24634349234046,59.72,0.5293017104156905,232.07372268371864,18.565897814697493,0.5976150939668087,standalone_parent:product_margin_quantity,3361,True,3.7,1800,False,0.0,0.0,2026-06-27,bm_eligible
PSR,Slow Reserve,upward,2026-06-27 19:00:00+00:00,2026-06-27T19:30:00+00:00,0.5,25.0,26.59236009398986,1.0,False,50.24045751355192,59.72,0.5293017104156905,252.27982071189717,20.182385656951773,0.5976150939668087,standalone_parent:product_margin_quantity,3361,True,3.7,1800,False,0.0,0.0,2026-06-27,bm_eligible
PSR,Slow Reserve,upward,2026-06-27 19:30:00+00:00,2026-06-27T20:00:00+00:00,0.5,25.0,26.587306407370914,1.0,False,50.23090967624193,59.72,0.5293017104156905,261.4963732136671,20.919709857093366,0.5976150939668087,standalone_parent:product_margin_quantity,3361,True,3.7,1800,False,0.0,0.0,2026-06-27,bm_eligible
NBR,Balancing Reserve,downward,2026-06-27 20:00:00+00:00,2026-06-27T20:30:00+00:00,0.5,25.0,0.10518327876377279,0.5,True,0.3383594186747881,0.0,0.31086257085950664,0.0,0.0,0.34527008036916446,nonlooped_parent:product_margin,554,True,0.0,0,True,0.0,0.0,2026-06-27,bm_eligible
NBR,Balancing Reserve,downward,2026-06-27 20:30:00+00:00,2026-06-27T21:00:00+00:00,0.5,25.0,0.10195916542236881,0.5,True,0.3279879116371618,0.0,0.31086257085950664,0.0,0.0,0.34527008036916446,nonlooped_parent:product_margin,554,True,0.0,0,True,0.0,0.0,2026-06-27,bm_eligible
NBR,Balancing Reserve,downward,2026-06-27 21:00:00+00:00,2026-06-27T21:30:00+00:00,0.5,5.0,0.09913900445005998,0.5,True,0.3189158610377238,0.0,0.31086257085950664,0.0,0.0,0.34527008036916446,nonlooped_parent:product_margin_quantity,554,True,0.0,0,True,0.0,0.0,2026-06-27,bm_eligible
PSR,Slow Reserve,upward,2026-06-27 21:00:00+00:00,2026-06-27T21:30:00+00:00,0.5,20.0,27.455948814246316,1.0,False,51.87201982151845,41.86,0.5293017104156905,0.0,0.0,0.5976150939668087,standalone_parent:product_margin_quantity,3361,True,7.13,1802,True,11.952301879336174,42.60995619983346,2026-06-27,bm_eligible
PSR,Slow Reserve,upward,2026-06-27 21:30:00+00:00,2026-06-27T22:00:00+00:00,0.5,25.0,27.444313140654998,1.0,False,51.85003675711047,41.86,0.5293017104156905,0.0,0.0,0.5976150939668087,standalone_parent:product_margin_quantity,3361,True,7.13,1802,True,14.940377349170216,53.26244524979182,2026-06-27,bm_eligible
NBR,Balancing Reserve,downward,2026-06-27 22:00:00+00:00,2026-06-27T22:30:00+00:00,0.5,25.0,0.09489581718542262,0.5,True,0.3052661403495581,0.0,0.31086257085950664,99.10413148353655,7.928330518682924,0.31086257085950664,nonlooped_parent:product,6527,True,0.0,0,False,0.0,0.0,2026-06-27,bm_eligible
NBR,Balancing Reserve,downward,2026-06-27 22:30:00+00:00,2026-06-27T23:00:00+00:00,0.5,25.0,0.09354539300362572,0.5,True,0.3009220207662223,0.0,0.31086257085950664,166.63552073418214,13.33084165873457,0.31086257085950664,nonlooped_parent:product,6527,True,0.0,0,False,0.0,0.0,2026-06-27,bm_eligible
NQR,Quick Reserve,downward,2026-06-27 23:00:00+00:00,2026-06-27T23:30:00+00:00,0.5,25.0,0.053665448671134736,1.0,False,0.7136600017895001,0.01,0.07519750096203907,0.0,0.0,0.4176679787643421,standalone_parent:product_margin_quantity,1125,True,0.02,303,True,10.441699469108553,0.10441699469108554,2026-06-28,non_bm
NQR,Quick Reserve,downward,2026-06-27 23:30:00+00:00,2026-06-28T00:00:00+00:00,0.5,25.0,0.042032022944872044,1.0,False,0.5589550504622554,0.01,0.07519750096203907,3.637978807091713e-12,2.9103830456733704e-13,0.4176679787643421,standalone_parent:product_margin_quantity,1125,True,0.02,300,True,10.441699469108553,0.10441699469108554,2026-06-28,non_bm
NQR,Quick Reserve,downward,2026-06-28 00:00:00+00:00,2026-06-28T00:30:00+00:00,0.5,4.0,0.08483813896244542,1.0,False,1.1282042338783718,0.0,0.07519750096203907,0.0,0.0,0.3675690281255747,standalone_parent:product_margin,2085,True,0.0,303,True,1.4702761125022987,0.0,2026-06-28,non_bm
PSR,Slow Reserve,upward,2026-06-28 00:00:00+00:00,2026-06-28T00:30:00+00:00,0.5,21.0,1.8365356186922162,1.0,False,3.4697330134260875,0.93,0.5293017104156905,0.0,0.0,0.6504406029713924,standalone_parent:product_margin_quantity,16212,True,1.2,1818,True,13.65925266239924,8.195551597439543,2026-06-28,non_bm
PSR,Slow Reserve,upward,2026-06-28 00:30:00+00:00,2026-06-28T01:00:00+00:00,0.5,25.0,1.8754564865348626,1.0,False,3.543265494196043,0.93,0.5293017104156905,3.637978807091713e-12,2.9103830456733704e-13,0.6504406029713924,standalone_parent:product_margin_quantity,16212,True,1.2,1818,True,16.26101507428481,9.756609044570885,2026-06-28,non_bm
PSR,Slow Reserve,upward,2026-06-28 01:00:00+00:00,2026-06-28T01:30:00+00:00,0.5,25.0,1.6475985113296443,1.0,False,3.112777606623814,0.93,0.5293017104156905,0.0,0.0,0.6504406029713924,standalone_parent:product_margin_quantity,16212,True,1.2,1818,True,16.26101507428481,9.756609044570885,2026-06-28,non_bm
PSR,Slow Reserve,upward,2026-06-28 01:30:00+00:00,2026-06-28T02:00:00+00:00,0.5,25.0,1.5578187407288775,1.0,False,2.943158334979561,0.93,0.5293017104156905,0.0,0.0,0.6504406029713924,standalone_parent:product_margin_quantity,16212,True,1.2,1818,True,16.26101507428481,9.756609044570885,2026-06-28,non_bm
DRL,Dynamic Regulation,upward,2026-06-28 02:00:00+00:00,2026-06-28T06:00:00+00:00,4.0,25.0,6.660958595727573,1.0,False,19.33021022969544,23.78,0.3445880058508045,37.37511792447913,0.3737511792447913,0.4853407307322814,standalone_parent:product_margin_quantity,1401,True,25.39,480,True,12.133518268307036,1232.2801153292626,2026-06-28,non_bm
DRL,Dynamic Regulation,upward,2026-06-28 06:00:00+00:00,2026-06-28T10:00:00+00:00,4.0,25.0,6.493949440813138,1.0,False,18.845546944616547,26.02,0.3445880058508045,5.007922937060357,0.05007922937060357,0.4853407307322814,standalone_parent:product_margin_quantity,1401,True,16.05,480,True,12.133518268307036,778.9718728253117,2026-06-28,non_bm
DRL,Dynamic Regulation,upward,2026-06-28 10:00:00+00:00,2026-06-28T14:00:00+00:00,4.0,25.0,4.7027933873234105,1.0,False,13.647582932296164,7.53,0.3445880058508045,0.0,0.0,0.43496254598643674,standalone_parent:product_margin_quantity,500,True,2.51,475,True,10.874063649660918,109.1755990425956,2026-06-28,non_bm
DRL,Dynamic Regulation,upward,2026-06-28 14:00:00+00:00,2026-06-28T18:00:00+00:00,4.0,20.0,8.032964756040155,1.0,False,23.311794431748645,14.43,0.3445880058508045,12.499809109608577,0.15624761387010722,0.4853407307322814,standalone_parent:product_margin_quantity,1401,True,13.71,478,True,9.706814614645628,532.3217134671663,2026-06-28,non_bm
PSR,Slow Reserve,upward,2026-06-28 14:00:00+00:00,2026-06-28T14:30:00+00:00,0.5,5.0,14.883514887567332,1.0,False,28.11915131707862,3.7,0.5293017104156905,0.0,0.0,0.7637491480313284,standalone_parent:product_margin_quantity,2784,True,2.1,1812,True,3.818745740156642,4.009683027164474,2026-06-28,non_bm
PSR,Slow Reserve,upward,2026-06-28 14:30:00+00:00,2026-06-28T15:00:00+00:00,0.5,5.0,14.889840870106452,1.0,False,28.131102879702805,3.7,0.5293017104156905,0.0,0.0,0.7637491480313284,standalone_parent:product_margin_quantity,2784,True,2.1,1812,True,3.818745740156642,4.009683027164474,2026-06-28,non_bm
PSR,Slow Reserve,upward,2026-06-28 15:00:00+00:00,2026-06-28T15:30:00+00:00,0.5,5.0,14.897875131973363,1.0,False,28.14628186308565,3.7,0.5293017104156905,0.0,0.0,0.7637491480313284,standalone_parent:product_margin_quantity,2784,True,2.1,1812,True,3.818745740156642,4.009683027164474,2026-06-28,non_bm
PSR,Slow Reserve,upward,2026-06-28 15:30:00+00:00,2026-06-28T16:00:00+00:00,0.5,5.0,14.908011238272982,1.0,False,28.16543182255141,3.7,0.5293017104156905,0.0,0.0,0.7637491480313284,standalone_parent:product_margin_quantity,2784,True,2.1,1812,True,3.818745740156642,4.009683027164474,2026-06-28,non_bm
PSR,Slow Reserve,upward,2026-06-28 16:00:00+00:00,2026-06-28T16:30:00+00:00,0.5,5.0,14.846163508353932,1.0,False,28.048584042349688,3.7,0.5293017104156905,0.0,0.0,0.7637491480313284,standalone_parent:product_margin_quantity,2784,True,2.1,1812,True,3.818745740156642,4.009683027164474,2026-06-28,non_bm
PSR,Slow Reserve,upward,2026-06-28 16:30:00+00:00,2026-06-28T17:00:00+00:00,0.5,5.0,14.859389397878118,1.0,False,28.07357147251272,3.7,0.5293017104156905,0.0,0.0,0.7637491480313284,standalone_parent:product_margin_quantity,2784,True,2.1,1812,True,3.818745740156642,4.009683027164474,2026-06-28,non_bm
PSR,Slow Reserve,upward,2026-06-28 17:00:00+00:00,2026-06-28T17:30:00+00:00,0.5,5.0,14.83090202726276,1.0,False,28.019750806426103,3.7,0.5293017104156905,0.0,0.0,0.7637491480313284,standalone_parent:product_margin_quantity,2784,True,2.1,1812,True,3.818745740156642,4.009683027164474,2026-06-28,non_bm
PSR,Slow Reserve,upward,2026-06-28 17:30:00+00:00,2026-06-28T18:00:00+00:00,0.5,5.0,14.832186240029333,1.0,False,28.02217704601933,3.7,0.5293017104156905,0.0,0.0,0.7637491480313284,standalone_parent:product_margin_quantity,2784,True,2.1,1812,True,3.818745740156642,4.009683027164474,2026-06-28,non_bm
NQR,Quick Reserve,downward,2026-06-28 18:00:00+00:00,2026-06-28T18:30:00+00:00,0.5,20.0,0.2691567751332775,1.0,False,3.579331383221794,1.41,0.07519750096203907,0.0,0.0,0.3777883907815773,standalone_parent:product_margin_quantity,357,True,5.0,284,True,7.555767815631546,18.889419539078865,2026-06-28,non_bm
PSR,Slow Reserve,upward,2026-06-28 18:00:00+00:00,2026-06-28T18:30:00+00:00,0.5,5.0,14.831531372651058,1.0,False,28.020939817109262,3.7,0.5293017104156905,25.51509381085998,10.206037524343992,0.057035439919984374,standalone_parent:product_margin_quantity,940,True,2.1,1812,False,0.0,0.0,2026-06-28,non_bm
NQR,Quick Reserve,downward,2026-06-28 18:30:00+00:00,2026-06-28T19:00:00+00:00,0.5,20.0,0.08926599610037964,1.0,False,1.1870872696346992,0.0,0.07519750096203907,0.0,0.0,0.4176679787643421,standalone_parent:product_margin_quantity,1125,True,3.0,280,True,8.353359575286841,12.530039362930262,2026-06-28,non_bm
PSR,Slow Reserve,upward,2026-06-28 18:30:00+00:00,2026-06-28T19:00:00+00:00,0.5,5.0,14.828948630090345,1.0,False,28.01606028902558,3.7,0.5293017104156905,36.168536199584196,14.467414479833678,0.057035439919984374,standalone_parent:product_margin_quantity,940,True,2.1,1812,False,0.0,0.0,2026-06-28,non_bm
NQR,Quick Reserve,downward,2026-06-28 19:00:00+00:00,2026-06-28T19:30:00+00:00,0.5,20.0,0.06878006053078439,1.0,False,0.914658860345714,0.0,0.07519750096203907,0.0,0.0,0.4176679787643421,standalone_parent:product_margin_quantity,1125,True,2.43,279,True,8.353359575286841,10.149331883973513,2026-06-28,non_bm
PSR,Slow Reserve,upward,2026-06-28 19:00:00+00:00,2026-06-28T19:30:00+00:00,0.5,5.0,14.824482203788477,1.0,False,28.00762195184666,3.7,0.5293017104156905,39.52301260808599,15.809205043234396,0.057035439919984374,standalone_parent:product_margin_quantity,940,True,2.1,1812,False,0.0,0.0,2026-06-28,non_bm
NQR,Quick Reserve,downward,2026-06-28 19:30:00+00:00,2026-06-28T20:00:00+00:00,0.5,20.0,0.11258844708100116,1.0,False,1.4972365522869922,0.0,0.07519750096203907,0.0,0.0,0.4176679787643421,standalone_parent:product_margin_quantity,1125,True,0.45,290,True,8.353359575286841,1.8795059044395395,2026-06-28,non_bm
PSR,Slow Reserve,upward,2026-06-28 19:30:00+00:00,2026-06-28T20:00:00+00:00,0.5,5.0,14.818208515537808,1.0,False,27.99576918786118,3.7,0.5293017104156905,41.12980055110347,16.451920220441387,0.057035439919984374,standalone_parent:product_margin_quantity,940,True,2.1,1812,False,0.0,0.0,2026-06-28,non_bm
NQR,Quick Reserve,downward,2026-06-28 20:00:00+00:00,2026-06-28T20:30:00+00:00,0.5,25.0,0.039403491122136626,1.0,False,0.5240000082187326,0.0,0.07519750096203907,3.637978807091713e-12,2.9103830456733704e-13,0.35565367212897775,standalone_parent:product_margin_quantity,447,True,0.0,312,True,8.891341803224444,0.0,2026-06-28,non_bm
NQR,Quick Reserve,downward,2026-06-28 20:30:00+00:00,2026-06-28T21:00:00+00:00,0.5,25.0,0.07441599405451817,1.0,False,0.9896072755407732,0.0,0.07519750096203907,0.0,0.0,0.4176679787643421,standalone_parent:product_margin_quantity,1125,True,0.0,338,True,10.441699469108553,0.0,2026-06-28,non_bm
PSR,Slow Reserve,upward,2026-06-28 21:00:00+00:00,2026-06-28T21:30:00+00:00,0.5,25.0,16.776459183276028,1.0,False,31.695456207954678,7.13,0.5293017104156905,0.0,0.0,0.5384783820628996,standalone_parent:product_margin_quantity,27562,True,3.49,1796,True,13.46195955157249,23.491119417493994,2026-06-28,non_bm
PSR,Slow Reserve,upward,2026-06-28 21:30:00+00:00,2026-06-28T22:00:00+00:00,0.5,25.0,16.76430862370844,1.0,False,31.672500378928465,7.13,0.5293017104156905,0.0,0.0,0.5384783820628996,standalone_parent:product_margin_quantity,27562,True,3.49,1796,True,13.46195955157249,23.491119417493994,2026-06-28,non_bm
PSR,Slow Reserve,upward,2026-06-28 22:00:00+00:00,2026-06-28T22:30:00+00:00,0.5,25.0,2.263251159499263,1.0,False,4.275918847346637,1.9,0.5293017104156905,0.0,0.0,0.6075311292880494,standalone_parent:product_margin_quantity,37297,True,7.77,1802,True,15.188278232201235,59.006460932101795,2026-06-28,non_bm
PSR,Slow Reserve,upward,2026-06-28 22:30:00+00:00,2026-06-28T23:00:00+00:00,0.5,25.0,1.8226966797138937,1.0,False,3.4435873601890066,1.9,0.5293017104156905,0.0,0.0,0.6075311292880494,standalone_parent:product_margin_quantity,37297,True,3.13,1803,True,15.188278232201235,23.76965543339493,2026-06-28,non_bm
NBR,Balancing Reserve,downward,2026-06-27 23:00:00+00:00,2026-06-27T23:30:00+00:00,0.5,25.0,0.08611346879441932,0.5,True,0.2770145938004805,0.0,0.31086257085950664,0.0,0.0,0.34527008036916446,nonlooped_parent:product_margin,554,True,0.0,0,True,0.0,0.0,2026-06-28,bm_eligible
NBR,Balancing Reserve,downward,2026-06-27 23:30:00+00:00,2026-06-28T00:00:00+00:00,0.5,25.0,0.08586239424930642,0.5,True,0.276206923245551,0.0,0.31086257085950664,3.637978807091713e-12,2.9103830456733704e-13,0.3041550641483485,nonlooped_parent:product_margin,5929,True,0.0,0,True,0.0,0.0,2026-06-28,bm_eligible
NBR,Balancing Reserve,downward,2026-06-28 00:00:00+00:00,2026-06-28T00:30:00+00:00,0.5,4.0,0.08618621562077187,0.5,True,0.2772486098357704,0.0,0.31086257085950664,0.0,0.0,0.34527008036916446,nonlooped_parent:product_margin_quantity,554,True,0.0,0,True,0.0,0.0,2026-06-28,bm_eligible
PSR,Slow Reserve,upward,2026-06-28 00:00:00+00:00,2026-06-28T00:30:00+00:00,0.5,21.0,1.8365356186922162,1.0,False,3.4697330134260875,0.93,0.5293017104156905,0.0,0.0,0.6504406029713924,standalone_parent:product_margin_quantity,16212,True,1.2,1818,True,13.65925266239924,8.195551597439543,2026-06-28,bm_eligible
PSR,Slow Reserve,upward,2026-06-28 00:30:00+00:00,2026-06-28T01:00:00+00:00,0.5,25.0,1.8754564865348626,1.0,False,3.543265494196043,0.93,0.5293017104156905,3.637978807091713e-12,2.9103830456733704e-13,0.6504406029713924,standalone_parent:product_margin_quantity,16212,True,1.2,1818,True,16.26101507428481,9.756609044570885,2026-06-28,bm_eligible
PSR,Slow Reserve,upward,2026-06-28 01:00:00+00:00,2026-06-28T01:30:00+00:00,0.5,25.0,1.6475985113296443,1.0,False,3.112777606623814,0.93,0.5293017104156905,0.0,0.0,0.6504406029713924,standalone_parent:product_margin_quantity,16212,True,1.2,1818,True,16.26101507428481,9.756609044570885,2026-06-28,bm_eligible
PSR,Slow Reserve,upward,2026-06-28 01:30:00+00:00,2026-06-28T02:00:00+00:00,0.5,25.0,1.5578187407288775,1.0,False,2.943158334979561,0.93,0.5293017104156905,0.0,0.0,0.6504406029713924,standalone_parent:product_margin_quantity,16212,True,1.2,1818,True,16.26101507428481,9.756609044570885,2026-06-28,bm_eligible
DRL,Dynamic Regulation,upward,2026-06-28 02:00:00+00:00,2026-06-28T06:00:00+00:00,4.0,25.0,6.660958595727573,1.0,False,19.33021022969544,23.78,0.3445880058508045,37.37511792447913,0.3737511792447913,0.4853407307322814,standalone_parent:product_margin_quantity,1401,True,25.39,480,True,12.133518268307036,1232.2801153292626,2026-06-28,bm_eligible
DRL,Dynamic Regulation,upward,2026-06-28 06:00:00+00:00,2026-06-28T10:00:00+00:00,4.0,25.0,6.493949440813138,1.0,False,18.845546944616547,26.02,0.3445880058508045,5.007922937060357,0.05007922937060357,0.4853407307322814,standalone_parent:product_margin_quantity,1401,True,16.05,480,True,12.133518268307036,778.9718728253117,2026-06-28,bm_eligible
DRL,Dynamic Regulation,upward,2026-06-28 10:00:00+00:00,2026-06-28T14:00:00+00:00,4.0,25.0,4.7027933873234105,1.0,False,13.647582932296164,7.53,0.3445880058508045,0.0,0.0,0.43496254598643674,standalone_parent:product_margin_quantity,500,True,2.51,475,True,10.874063649660918,109.1755990425956,2026-06-28,bm_eligible
DRL,Dynamic Regulation,upward,2026-06-28 14:00:00+00:00,2026-06-28T18:00:00+00:00,4.0,20.0,8.032964756040155,1.0,False,23.311794431748645,14.43,0.3445880058508045,12.499809109608577,0.15624761387010722,0.4853407307322814,standalone_parent:product_margin_quantity,1401,True,13.71,478,True,9.706814614645628,532.3217134671663,2026-06-28,bm_eligible
PSR,Slow Reserve,upward,2026-06-28 14:00:00+00:00,2026-06-28T14:30:00+00:00,0.5,5.0,14.883514887567332,1.0,False,28.11915131707862,3.7,0.5293017104156905,0.0,0.0,0.7637491480313284,standalone_parent:product_margin_quantity,2784,True,2.1,1812,True,3.818745740156642,4.009683027164474,2026-06-28,bm_eligible
PSR,Slow Reserve,upward,2026-06-28 14:30:00+00:00,2026-06-28T15:00:00+00:00,0.5,5.0,14.889840870106452,1.0,False,28.131102879702805,3.7,0.5293017104156905,0.0,0.0,0.7637491480313284,standalone_parent:product_margin_quantity,2784,True,2.1,1812,True,3.818745740156642,4.009683027164474,2026-06-28,bm_eligible
PSR,Slow Reserve,upward,2026-06-28 15:00:00+00:00,2026-06-28T15:30:00+00:00,0.5,5.0,14.897875131973363,1.0,False,28.14628186308565,3.7,0.5293017104156905,0.0,0.0,0.7637491480313284,standalone_parent:product_margin_quantity,2784,True,2.1,1812,True,3.818745740156642,4.009683027164474,2026-06-28,bm_eligible
PSR,Slow Reserve,upward,2026-06-28 15:30:00+00:00,2026-06-28T16:00:00+00:00,0.5,5.0,14.908011238272982,1.0,False,28.16543182255141,3.7,0.5293017104156905,0.0,0.0,0.7637491480313284,standalone_parent:product_margin_quantity,2784,True,2.1,1812,True,3.818745740156642,4.009683027164474,2026-06-28,bm_eligible
PSR,Slow Reserve,upward,2026-06-28 16:00:00+00:00,2026-06-28T16:30:00+00:00,0.5,5.0,14.846163508353932,1.0,False,28.048584042349688,3.7,0.5293017104156905,0.0,0.0,0.7637491480313284,standalone_parent:product_margin_quantity,2784,True,2.1,1812,True,3.818745740156642,4.009683027164474,2026-06-28,bm_eligible
PSR,Slow Reserve,upward,2026-06-28 16:30:00+00:00,2026-06-28T17:00:00+00:00,0.5,5.0,14.859389397878118,1.0,False,28.07357147251272,3.7,0.5293017104156905,0.0,0.0,0.7637491480313284,standalone_parent:product_margin_quantity,2784,True,2.1,1812,True,3.818745740156642,4.009683027164474,2026-06-28,bm_eligible
PSR,Slow Reserve,upward,2026-06-28 17:00:00+00:00,2026-06-28T17:30:00+00:00,0.5,5.0,14.83090202726276,1.0,False,28.019750806426103,3.7,0.5293017104156905,0.0,0.0,0.7637491480313284,standalone_parent:product_margin_quantity,2784,True,2.1,1812,True,3.818745740156642,4.009683027164474,2026-06-28,bm_eligible
PSR,Slow Reserve,upward,2026-06-28 17:30:00+00:00,2026-06-28T18:00:00+00:00,0.5,5.0,14.832186240029333,1.0,False,28.02217704601933,3.7,0.5293017104156905,0.0,0.0,0.7637491480313284,standalone_parent:product_margin_quantity,2784,True,2.1,1812,True,3.818745740156642,4.009683027164474,2026-06-28,bm_eligible
NQR,Quick Reserve,downward,2026-06-28 18:00:00+00:00,2026-06-28T18:30:00+00:00,0.5,20.0,0.2691567751332775,1.0,False,3.579331383221794,1.41,0.07519750096203907,0.0,0.0,0.3777883907815773,standalone_parent:product_margin_quantity,357,True,5.0,284,True,7.555767815631546,18.889419539078865,2026-06-28,bm_eligible
PSR,Slow Reserve,upward,2026-06-28 18:00:00+00:00,2026-06-28T18:30:00+00:00,0.5,5.0,14.831531372651058,1.0,False,28.020939817109262,3.7,0.5293017104156905,25.51509381085998,10.206037524343992,0.057035439919984374,standalone_parent:product_margin_quantity,940,True,2.1,1812,False,0.0,0.0,2026-06-28,bm_eligible
NBR,Balancing Reserve,downward,2026-06-28 18:30:00+00:00,2026-06-28T19:00:00+00:00,0.5,20.0,0.11049649500875641,0.5,True,0.3554512680740035,0.0,0.31086257085950664,0.0,0.0,0.34527008036916446,nonlooped_parent:product_margin,554,True,0.0,0,True,0.0,0.0,2026-06-28,bm_eligible
PSR,Slow Reserve,upward,2026-06-28 18:30:00+00:00,2026-06-28T19:00:00+00:00,0.5,5.0,14.828948630090345,1.0,False,28.01606028902558,3.7,0.5293017104156905,36.168536199584196,14.467414479833678,0.057035439919984374,standalone_parent:product_margin_quantity,940,True,2.1,1812,False,0.0,0.0,2026-06-28,bm_eligible
NBR,Balancing Reserve,downward,2026-06-28 19:00:00+00:00,2026-06-28T19:30:00+00:00,0.5,20.0,0.10634643657587275,0.5,True,0.3421011293892171,0.0,0.31086257085950664,0.0,0.0,0.34527008036916446,nonlooped_parent:product_margin,554,True,0.0,0,True,0.0,0.0,2026-06-28,bm_eligible
PSR,Slow Reserve,upward,2026-06-28 19:00:00+00:00,2026-06-28T19:30:00+00:00,0.5,5.0,14.824482203788477,1.0,False,28.00762195184666,3.7,0.5293017104156905,39.52301260808599,15.809205043234396,0.057035439919984374,standalone_parent:product_margin_quantity,940,True,2.1,1812,False,0.0,0.0,2026-06-28,bm_eligible
NQR,Quick Reserve,downward,2026-06-28 19:30:00+00:00,2026-06-28T20:00:00+00:00,0.5,20.0,0.11258844708100116,1.0,False,1.4972365522869922,0.0,0.07519750096203907,0.0,0.0,0.4176679787643421,standalone_parent:product_margin_quantity,1125,True,0.45,290,True,8.353359575286841,1.8795059044395395,2026-06-28,bm_eligible
PSR,Slow Reserve,upward,2026-06-28 19:30:00+00:00,2026-06-28T20:00:00+00:00,0.5,5.0,14.818208515537808,1.0,False,27.99576918786118,3.7,0.5293017104156905,41.12980055110347,16.451920220441387,0.057035439919984374,standalone_parent:product_margin_quantity,940,True,2.1,1812,False,0.0,0.0,2026-06-28,bm_eligible
NBR,Balancing Reserve,downward,2026-06-28 20:00:00+00:00,2026-06-28T20:30:00+00:00,0.5,25.0,0.09878671349209893,0.5,True,0.3177825918989304,0.0,0.31086257085950664,3.637978807091713e-12,2.9103830456733704e-13,0.3041550641483485,nonlooped_parent:product_margin,5929,True,0.0,0,True,0.0,0.0,2026-06-28,bm_eligible
NBR,Balancing Reserve,downward,2026-06-28 20:30:00+00:00,2026-06-28T21:00:00+00:00,0.5,25.0,0.09550639779912326,0.5,True,0.307230290012261,0.0,0.31086257085950664,0.0,0.0,0.34527008036916446,nonlooped_parent:product_margin,554,True,0.0,0,True,0.0,0.0,2026-06-28,bm_eligible
PSR,Slow Reserve,upward,2026-06-28 21:00:00+00:00,2026-06-28T21:30:00+00:00,0.5,25.0,16.776459183276028,1.0,False,31.695456207954678,7.13,0.5293017104156905,0.0,0.0,0.5384783820628996,standalone_parent:product_margin_quantity,27562,True,3.49,1796,True,13.46195955157249,23.491119417493994,2026-06-28,bm_eligible
PSR,Slow Reserve,upward,2026-06-28 21:30:00+00:00,2026-06-28T22:00:00+00:00,0.5,25.0,16.76430862370844,1.0,False,31.672500378928465,7.13,0.5293017104156905,0.0,0.0,0.5384783820628996,standalone_parent:product_margin_quantity,27562,True,3.49,1796,True,13.46195955157249,23.491119417493994,2026-06-28,bm_eligible
PSR,Slow Reserve,upward,2026-06-28 22:00:00+00:00,2026-06-28T22:30:00+00:00,0.5,25.0,2.263251159499263,1.0,False,4.275918847346637,1.9,0.5293017104156905,0.0,0.0,0.6075311292880494,standalone_parent:product_margin_quantity,37297,True,7.77,1802,True,15.188278232201235,59.006460932101795,2026-06-28,bm_eligible
PSR,Slow Reserve,upward,2026-06-28 22:30:00+00:00,2026-06-28T23:00:00+00:00,0.5,25.0,1.8226966797138937,1.0,False,3.4435873601890066,1.9,0.5293017104156905,0.0,0.0,0.6075311292880494,standalone_parent:product_margin_quantity,37297,True,3.13,1803,True,15.188278232201235,23.76965543339493,2026-06-28,bm_eligible
NQR,Quick Reserve,downward,2026-06-28 23:00:00+00:00,2026-06-28T23:30:00+00:00,0.5,25.0,0.07312140276453663,1.0,False,0.9723913937173192,0.02,0.07519750096203907,0.0,0.0,0.4176679787643421,standalone_parent:product_margin_quantity,1125,True,1.13,300,True,10.441699469108553,5.899560200046332,2026-06-29,non_bm
NQR,Quick Reserve,downward,2026-06-28 23:30:00+00:00,2026-06-29T00:00:00+00:00,0.5,25.0,0.06639717268733686,1.0,False,0.8829704689369297,0.02,0.07519750096203907,0.0,0.0,0.4176679787643421,standalone_parent:product_margin_quantity,1125,True,0.0,304,True,10.441699469108553,0.0,2026-06-29,non_bm
NQR,Quick Reserve,downward,2026-06-29 00:00:00+00:00,2026-06-29T00:30:00+00:00,0.5,18.0,0.10599395998327901,1.0,False,1.4095409904218292,0.0,0.07519750096203907,0.0,0.0,0.4176679787643421,standalone_parent:product_margin_quantity,1125,True,1.0,300,True,7.518023617758158,3.759011808879079,2026-06-29,non_bm
PSR,Slow Reserve,upward,2026-06-29 00:00:00+00:00,2026-06-29T00:30:00+00:00,0.5,6.0,1.6480409937471727,1.0,False,3.11361358052834,1.2,0.5293017104156905,0.0,0.0,0.5283258568744738,standalone_parent:product_margin_quantity,4397,True,0.87,1796,True,3.1699551412468425,1.3789304864423766,2026-06-29,non_bm
PSR,Slow Reserve,upward,2026-06-29 00:30:00+00:00,2026-06-29T01:00:00+00:00,0.5,25.0,1.77713148808146,1.0,False,3.357501880516838,1.2,0.5293017104156905,0.0,0.0,0.6075311292880494,standalone_parent:product_margin_quantity,37297,True,0.87,1796,True,15.188278232201235,6.606901031007537,2026-06-29,non_bm
PSR,Slow Reserve,upward,2026-06-29 01:00:00+00:00,2026-06-29T01:30:00+00:00,0.5,25.0,1.414603731063884,1.0,False,2.672584847596498,1.2,0.5293017104156905,0.0,0.0,0.6075311292880494,standalone_parent:product_margin_quantity,37297,True,0.87,1796,True,15.188278232201235,6.606901031007537,2026-06-29,non_bm
PSR,Slow Reserve,upward,2026-06-29 01:30:00+00:00,2026-06-29T02:00:00+00:00,0.5,25.0,1.3019580281658831,1.0,False,2.4597653900331853,1.2,0.5293017104156905,0.0,0.0,0.6075311292880494,standalone_parent:product_margin_quantity,37297,True,5.0,1804,True,15.188278232201235,37.97069558050309,2026-06-29,non_bm
DRL,Dynamic Regulation,upward,2026-06-29 02:00:00+00:00,2026-06-29T06:00:00+00:00,4.0,25.0,7.246223396534629,1.0,False,21.02865820487092,25.39,0.3445880058508045,56.44896019566659,0.5644896019566659,0.4853407307322814,standalone_parent:product_margin_quantity,1401,True,5.34,480,True,12.133518268307036,259.1719502110383,2026-06-29,non_bm
DRL,Dynamic Regulation,upward,2026-06-29 06:00:00+00:00,2026-06-29T10:00:00+00:00,4.0,25.0,6.186168666501918,1.0,False,17.952362129459402,16.05,0.3445880058508045,3.0776754147782412,0.03077675414778241,0.4853407307322814,standalone_parent:product_margin_quantity,1401,True,18.39,480,True,12.133518268307036,892.5416038166655,2026-06-29,non_bm
DRL,Dynamic Regulation,upward,2026-06-29 10:00:00+00:00,2026-06-29T14:00:00+00:00,4.0,25.0,4.394810500287869,1.0,False,12.753811582724326,2.51,0.3445880058508045,0.0,0.0,0.2368096082643678,standalone_parent:product_margin_quantity,179,True,15.25,480,True,5.920240206609195,361.13465260316093,2026-06-29,non_bm
DRL,Dynamic Regulation,upward,2026-06-29 14:00:00+00:00,2026-06-29T18:00:00+00:00,4.0,25.0,7.993272604801205,1.0,False,23.196607162995782,13.71,0.3445880058508045,49.54713361350878,0.49547133613508776,0.4853407307322814,standalone_parent:product_margin_quantity,1401,True,21.11,480,True,12.133518268307036,1024.5542825758462,2026-06-29,non_bm
NQR,Quick Reserve,downward,2026-06-29 18:00:00+00:00,2026-06-29T18:30:00+00:00,0.5,16.0,0.32964609361233826,1.0,False,4.383737350244512,5.0,0.07519750096203907,0.0,0.0,0.4257593538505713,standalone_parent:product_margin_quantity,391,True,5.0,291,True,6.812149661609141,17.03037415402285,2026-06-29,non_bm
NQR,Quick Reserve,downward,2026-06-29 18:30:00+00:00,2026-06-29T19:00:00+00:00,0.5,25.0,0.1434680778666631,1.0,False,1.907883586970372,3.0,0.07519750096203907,0.0,0.0,0.31703067020227205,standalone_parent:product_margin_quantity,435,True,5.0,300,True,7.925766755056801,19.814416887642004,2026-06-29,non_bm
NQR,Quick Reserve,downward,2026-06-29 19:00:00+00:00,2026-06-29T19:30:00+00:00,0.5,25.0,0.12473972167695965,1.0,False,1.6588280206270458,2.43,0.07519750096203907,0.0,0.0,0.31703067020227205,standalone_parent:product_margin_quantity,435,True,5.0,300,True,7.925766755056801,19.814416887642004,2026-06-29,non_bm
NQR,Quick Reserve,downward,2026-06-29 19:30:00+00:00,2026-06-29T20:00:00+00:00,0.5,25.0,0.1485688594525138,1.0,False,1.9757153835140584,0.45,0.07519750096203907,0.0,0.0,0.4176679787643421,standalone_parent:product_margin_quantity,1125,True,1.0,295,True,10.441699469108553,5.220849734554276,2026-06-29,non_bm
NQR,Quick Reserve,downward,2026-06-29 20:00:00+00:00,2026-06-29T20:30:00+00:00,0.5,25.0,0.07113739286811314,1.0,False,0.94600740660284,0.0,0.07519750096203907,0.0,0.0,0.4176679787643421,standalone_parent:product_margin_quantity,1125,True,5.0,300,True,10.441699469108553,26.104248672771384,2026-06-29,non_bm
NQR,Quick Reserve,downward,2026-06-29 20:30:00+00:00,2026-06-29T21:00:00+00:00,0.5,25.0,0.10531980995390021,1.0,False,1.4005759314670227,0.0,0.07519750096203907,0.0,0.0,0.4176679787643421,standalone_parent:product_margin_quantity,1125,True,4.18,299,True,10.441699469108553,21.823151890436872,2026-06-29,non_bm
PSR,Slow Reserve,upward,2026-06-29 21:00:00+00:00,2026-06-29T21:30:00+00:00,0.5,25.0,10.123966134945453,1.0,False,19.12702327561823,3.49,0.5293017104156905,0.0,0.0,0.5538507229858161,standalone_parent:product_margin_quantity,81536,True,21.95,1802,True,13.846268074645401,151.96279211923328,2026-06-29,non_bm
PSR,Slow Reserve,upward,2026-06-29 21:30:00+00:00,2026-06-29T22:00:00+00:00,0.5,25.0,10.113643985775187,1.0,False,19.107521828773937,3.49,0.5293017104156905,0.0,0.0,0.5538507229858161,standalone_parent:product_margin_quantity,81536,True,21.95,1802,True,13.846268074645401,151.96279211923328,2026-06-29,non_bm
PSR,Slow Reserve,upward,2026-06-29 22:00:00+00:00,2026-06-29T22:30:00+00:00,0.5,25.0,2.647754590951274,1.0,False,5.002354118356887,7.77,0.5293017104156905,0.0,0.0,0.5384783820628996,standalone_parent:product_margin_quantity,27562,True,5.43,1809,True,13.46195955157249,36.549220182519306,2026-06-29,non_bm
PSR,Slow Reserve,upward,2026-06-29 22:30:00+00:00,2026-06-29T23:00:00+00:00,0.5,25.0,1.526663110562958,1.0,False,2.884296575131003,3.13,0.5293017104156905,0.0,0.0,0.5538507229858161,standalone_parent:product_margin_quantity,81536,True,2.76,1809,True,13.846268074645401,19.107849943010653,2026-06-29,non_bm
NQR,Quick Reserve,downward,2026-06-28 23:00:00+00:00,2026-06-28T23:30:00+00:00,0.5,25.0,0.07312140276453663,1.0,False,0.9723913937173192,0.02,0.07519750096203907,0.0,0.0,0.4176679787643421,standalone_parent:product_margin_quantity,1125,True,1.13,300,True,10.441699469108553,5.899560200046332,2026-06-29,bm_eligible
NQR,Quick Reserve,downward,2026-06-28 23:30:00+00:00,2026-06-29T00:00:00+00:00,0.5,25.0,0.06639717268733686,1.0,False,0.8829704689369297,0.02,0.07519750096203907,0.0,0.0,0.4176679787643421,standalone_parent:product_margin_quantity,1125,True,0.0,304,True,10.441699469108553,0.0,2026-06-29,bm_eligible
NQR,Quick Reserve,downward,2026-06-29 00:00:00+00:00,2026-06-29T00:30:00+00:00,0.5,18.0,0.10599395998327901,1.0,False,1.4095409904218292,0.0,0.07519750096203907,0.0,0.0,0.4176679787643421,standalone_parent:product_margin_quantity,1125,True,1.0,300,True,7.518023617758158,3.759011808879079,2026-06-29,bm_eligible
PSR,Slow Reserve,upward,2026-06-29 00:00:00+00:00,2026-06-29T00:30:00+00:00,0.5,6.0,1.6480409937471727,1.0,False,3.11361358052834,1.2,0.5293017104156905,0.0,0.0,0.5283258568744738,standalone_parent:product_margin_quantity,4397,True,0.87,1796,True,3.1699551412468425,1.3789304864423766,2026-06-29,bm_eligible
PSR,Slow Reserve,upward,2026-06-29 00:30:00+00:00,2026-06-29T01:00:00+00:00,0.5,25.0,1.77713148808146,1.0,False,3.357501880516838,1.2,0.5293017104156905,0.0,0.0,0.6075311292880494,standalone_parent:product_margin_quantity,37297,True,0.87,1796,True,15.188278232201235,6.606901031007537,2026-06-29,bm_eligible
PSR,Slow Reserve,upward,2026-06-29 01:00:00+00:00,2026-06-29T01:30:00+00:00,0.5,25.0,1.414603731063884,1.0,False,2.672584847596498,1.2,0.5293017104156905,0.0,0.0,0.6075311292880494,standalone_parent:product_margin_quantity,37297,True,0.87,1796,True,15.188278232201235,6.606901031007537,2026-06-29,bm_eligible
PSR,Slow Reserve,upward,2026-06-29 01:30:00+00:00,2026-06-29T02:00:00+00:00,0.5,25.0,1.3019580281658831,1.0,False,2.4597653900331853,1.2,0.5293017104156905,0.0,0.0,0.6075311292880494,standalone_parent:product_margin_quantity,37297,True,5.0,1804,True,15.188278232201235,37.97069558050309,2026-06-29,bm_eligible
DRL,Dynamic Regulation,upward,2026-06-29 02:00:00+00:00,2026-06-29T06:00:00+00:00,4.0,25.0,7.246223396534629,1.0,False,21.02865820487092,25.39,0.3445880058508045,56.44896019566659,0.5644896019566659,0.4853407307322814,standalone_parent:product_margin_quantity,1401,True,5.34,480,True,12.133518268307036,259.1719502110383,2026-06-29,bm_eligible
DRL,Dynamic Regulation,upward,2026-06-29 06:00:00+00:00,2026-06-29T10:00:00+00:00,4.0,25.0,6.186168666501918,1.0,False,17.952362129459402,16.05,0.3445880058508045,3.0776754147782412,0.03077675414778241,0.4853407307322814,standalone_parent:product_margin_quantity,1401,True,18.39,480,True,12.133518268307036,892.5416038166655,2026-06-29,bm_eligible
DRL,Dynamic Regulation,upward,2026-06-29 10:00:00+00:00,2026-06-29T14:00:00+00:00,4.0,25.0,4.394810500287869,1.0,False,12.753811582724326,2.51,0.3445880058508045,0.0,0.0,0.2368096082643678,standalone_parent:product_margin_quantity,179,True,15.25,480,True,5.920240206609195,361.13465260316093,2026-06-29,bm_eligible
DRL,Dynamic Regulation,upward,2026-06-29 14:00:00+00:00,2026-06-29T18:00:00+00:00,4.0,25.0,7.993272604801205,1.0,False,23.196607162995782,13.71,0.3445880058508045,49.54713361350878,0.49547133613508776,0.4853407307322814,standalone_parent:product_margin_quantity,1401,True,21.11,480,True,12.133518268307036,1024.5542825758462,2026-06-29,bm_eligible
NQR,Quick Reserve,downward,2026-06-29 18:00:00+00:00,2026-06-29T18:30:00+00:00,0.5,16.0,0.32964609361233826,1.0,False,4.383737350244512,5.0,0.07519750096203907,0.0,0.0,0.4257593538505713,standalone_parent:product_margin_quantity,391,True,5.0,291,True,6.812149661609141,17.03037415402285,2026-06-29,bm_eligible
NQR,Quick Reserve,downward,2026-06-29 18:30:00+00:00,2026-06-29T19:00:00+00:00,0.5,25.0,0.1434680778666631,1.0,False,1.907883586970372,3.0,0.07519750096203907,0.0,0.0,0.31703067020227205,standalone_parent:product_margin_quantity,435,True,5.0,300,True,7.925766755056801,19.814416887642004,2026-06-29,bm_eligible
NQR,Quick Reserve,downward,2026-06-29 19:00:00+00:00,2026-06-29T19:30:00+00:00,0.5,25.0,0.12473972167695965,1.0,False,1.6588280206270458,2.43,0.07519750096203907,0.0,0.0,0.31703067020227205,standalone_parent:product_margin_quantity,435,True,5.0,300,True,7.925766755056801,19.814416887642004,2026-06-29,bm_eligible
NQR,Quick Reserve,downward,2026-06-29 19:30:00+00:00,2026-06-29T20:00:00+00:00,0.5,25.0,0.1485688594525138,1.0,False,1.9757153835140584,0.45,0.07519750096203907,0.0,0.0,0.4176679787643421,standalone_parent:product_margin_quantity,1125,True,1.0,295,True,10.441699469108553,5.220849734554276,2026-06-29,bm_eligible
NQR,Quick Reserve,downward,2026-06-29 20:00:00+00:00,2026-06-29T20:30:00+00:00,0.5,25.0,0.07113739286811314,1.0,False,0.94600740660284,0.0,0.07519750096203907,0.0,0.0,0.4176679787643421,standalone_parent:product_margin_quantity,1125,True,5.0,300,True,10.441699469108553,26.104248672771384,2026-06-29,bm_eligible
NQR,Quick Reserve,downward,2026-06-29 20:30:00+00:00,2026-06-29T21:00:00+00:00,0.5,25.0,0.10531980995390021,1.0,False,1.4005759314670227,0.0,0.07519750096203907,0.0,0.0,0.4176679787643421,standalone_parent:product_margin_quantity,1125,True,4.18,299,True,10.441699469108553,21.823151890436872,2026-06-29,bm_eligible
PSR,Slow Reserve,upward,2026-06-29 21:00:00+00:00,2026-06-29T21:30:00+00:00,0.5,25.0,10.123966134945453,1.0,False,19.12702327561823,3.49,0.5293017104156905,0.0,0.0,0.5538507229858161,standalone_parent:product_margin_quantity,81536,True,21.95,1802,True,13.846268074645401,151.96279211923328,2026-06-29,bm_eligible
PSR,Slow Reserve,upward,2026-06-29 21:30:00+00:00,2026-06-29T22:00:00+00:00,0.5,25.0,10.113643985775187,1.0,False,19.107521828773937,3.49,0.5293017104156905,0.0,0.0,0.5538507229858161,standalone_parent:product_margin_quantity,81536,True,21.95,1802,True,13.846268074645401,151.96279211923328,2026-06-29,bm_eligible
PBR,Balancing Reserve,upward,2026-06-29 22:00:00+00:00,2026-06-29T22:30:00+00:00,0.5,25.0,4.530481873587377,0.5,True,9.117241336458994,16.06,0.49691367228268973,0.0,0.0,0.5890894085119306,standalone_parent:product_margin_quantity,1009,True,0.02,202,True,14.727235212798265,0.14727235212798265,2026-06-29,bm_eligible
PBR,Balancing Reserve,upward,2026-06-29 22:30:00+00:00,2026-06-29T23:00:00+00:00,0.5,25.0,2.113344924568377,0.5,True,4.252941793410978,1.78,0.49691367228268973,0.0,0.0,0.6887282484296836,standalone_parent:product_margin_quantity,3539,True,0.32,217,True,17.21820621074209,2.7549129937187344,2026-06-29,bm_eligible
NQR,Quick Reserve,downward,2026-06-29 23:00:00+00:00,2026-06-29T23:30:00+00:00,0.5,25.0,0.09972271662878647,1.0,False,1.326144025439464,1.13,0.07519750096203907,0.0,0.0,0.3777883907815773,standalone_parent:product_margin_quantity,357,True,5.91,300,True,9.444709769539433,27.909117368989023,2026-06-30,non_bm
NQR,Quick Reserve,downward,2026-06-29 23:30:00+00:00,2026-06-30T00:00:00+00:00,0.5,25.0,0.09571331627002652,1.0,False,1.2728257594403858,0.0,0.07519750096203907,0.0,0.0,0.4176679787643421,standalone_parent:product_margin_quantity,1125,True,1.0,291,True,10.441699469108553,5.220849734554276,2026-06-30,non_bm
NQR,Quick Reserve,downward,2026-06-30 00:00:00+00:00,2026-06-30T00:30:00+00:00,0.5,20.0,0.13750438467184747,1.0,False,1.8285765206647215,1.0,0.07519750096203907,0.0,0.0,0.3777883907815773,standalone_parent:product_margin_quantity,357,True,1.0,300,True,7.555767815631546,3.777883907815773,2026-06-30,non_bm
PSR,Slow Reserve,upward,2026-06-30 00:00:00+00:00,2026-06-30T00:30:00+00:00,0.5,4.0,2.1909322773935753,1.0,False,4.139288111638469,0.87,0.5293017104156905,0.0,0.0,0.6203624141814766,standalone_parent:product_margin_quantity,847,True,3.12,1805,True,2.4814496567259066,3.8710614644924144,2026-06-30,non_bm
PSR,Slow Reserve,upward,2026-06-30 00:30:00+00:00,2026-06-30T01:00:00+00:00,0.5,25.0,2.30425711766918,1.0,False,4.353390650975824,0.87,0.5293017104156905,0.0,0.0,0.6504406029713924,standalone_parent:product_margin_quantity,16212,True,3.12,1805,True,16.26101507428481,25.367183515884303,2026-06-30,non_bm
PSR,Slow Reserve,upward,2026-06-30 01:00:00+00:00,2026-06-30T01:30:00+00:00,0.5,25.0,1.979922335362557,1.0,False,3.740630903700674,0.87,0.5293017104156905,0.0,0.0,0.6504406029713924,standalone_parent:product_margin_quantity,16212,True,3.12,1805,True,16.26101507428481,25.367183515884303,2026-06-30,non_bm
PSR,Slow Reserve,upward,2026-06-30 01:30:00+00:00,2026-06-30T02:00:00+00:00,0.5,25.0,1.907385818074631,1.0,False,3.603588993839928,5.0,0.5293017104156905,0.0,0.0,0.5384783820628996,standalone_parent:product_margin_quantity,27562,True,2.57,1809,True,13.46195955157249,17.298618023770647,2026-06-30,non_bm
DRL,Dynamic Regulation,upward,2026-06-30 02:00:00+00:00,2026-06-30T06:00:00+00:00,4.0,25.0,6.149552789269239,1.0,False,17.84610225792884,5.34,0.3445880058508045,66.8056003094971,0.6680560030949709,0.2368096082643678,standalone_parent:product_margin_quantity,179,True,19.01,480,True,5.920240206609195,450.17506531056324,2026-06-30,non_bm
DRL,Dynamic Regulation,upward,2026-06-30 06:00:00+00:00,2026-06-30T10:00:00+00:00,4.0,25.0,6.633980076709859,1.0,False,19.25191812852058,18.39,0.3445880058508045,25.980197241438873,0.25980197241438874,0.4853407307322814,standalone_parent:product_margin_quantity,1401,True,14.68,480,True,12.133518268307036,712.4801927149891,2026-06-30,non_bm
DRL,Dynamic Regulation,upward,2026-06-30 10:00:00+00:00,2026-06-30T14:00:00+00:00,4.0,25.0,5.424280488643492,1.0,False,15.741350240124234,15.25,0.3445880058508045,0.0,0.0,0.4853407307322814,standalone_parent:product_margin_quantity,1401,True,14.2,479,True,12.133518268307036,689.1838376398396,2026-06-30,non_bm
DRL,Dynamic Regulation,upward,2026-06-30 14:00:00+00:00,2026-06-30T18:00:00+00:00,4.0,25.0,8.785135139053972,1.0,False,25.49460512232005,21.11,0.3445880058508045,59.87622875235229,0.5987622875235229,0.4853407307322814,standalone_parent:product_margin_quantity,1401,True,17.88,480,True,12.133518268307036,867.7892265493191,2026-06-30,non_bm
NQR,Quick Reserve,downward,2026-06-30 18:00:00+00:00,2026-06-30T18:30:00+00:00,0.5,15.0,0.3588215087597758,1.0,False,4.771721189789469,5.0,0.07519750096203907,0.0,0.0,0.4257593538505713,standalone_parent:product_margin_quantity,391,True,5.0,276,True,6.386390307758569,15.965975769396422,2026-06-30,non_bm
NQR,Quick Reserve,downward,2026-06-30 18:30:00+00:00,2026-06-30T19:00:00+00:00,0.5,25.0,0.1996009005557758,1.0,False,2.6543555038689064,5.0,0.07519750096203907,0.0,0.0,0.4257593538505713,standalone_parent:product_margin_quantity,391,True,5.0,262,True,10.643983846264282,26.609959615660706,2026-06-30,non_bm
NQR,Quick Reserve,downward,2026-06-30 19:00:00+00:00,2026-06-30T19:30:00+00:00,0.5,25.0,0.1792963488657609,1.0,False,2.3843391944138226,5.0,0.07519750096203907,0.0,0.0,0.4257593538505713,standalone_parent:product_margin_quantity,391,True,5.0,292,True,10.643983846264282,26.609959615660706,2026-06-30,non_bm
NQR,Quick Reserve,downward,2026-06-30 19:30:00+00:00,2026-06-30T20:00:00+00:00,0.5,25.0,0.1829445244801333,1.0,False,2.432853780240472,1.0,0.07519750096203907,0.0,0.0,0.3777883907815773,standalone_parent:product_margin_quantity,357,True,5.0,292,True,9.444709769539433,23.61177442384858,2026-06-30,non_bm
NQR,Quick Reserve,downward,2026-06-30 20:00:00+00:00,2026-06-30T20:30:00+00:00,0.5,25.0,0.13314047211549668,1.0,False,1.7705438400500593,5.0,0.07519750096203907,0.0,0.0,0.4257593538505713,standalone_parent:product_margin_quantity,391,True,5.0,298,True,10.643983846264282,26.609959615660706,2026-06-30,non_bm
NQR,Quick Reserve,downward,2026-06-30 20:30:00+00:00,2026-06-30T21:00:00+00:00,0.5,21.0,0.15741844045438763,1.0,False,2.093399892821638,4.18,0.07519750096203907,0.0,0.0,0.31703067020227205,standalone_parent:product_margin_quantity,435,True,2.06,299,True,6.657644074247713,6.857373396475145,2026-06-30,non_bm
PSR,Slow Reserve,upward,2026-06-30 20:30:00+00:00,2026-06-30T21:00:00+00:00,0.5,3.0,13.303768936032753,1.0,False,25.134566305452807,21.95,0.5293017104156905,6.945782934017188,4.630521956011459,0.7295968044769225,standalone_parent:product_margin_quantity,111,True,46.75,1800,True,2.188790413430768,51.1629759139442,2026-06-30,non_bm
PSR,Slow Reserve,upward,2026-06-30 21:00:00+00:00,2026-06-30T21:30:00+00:00,0.5,25.0,13.29500162743461,1.0,False,25.11800239034424,21.95,0.5293017104156905,0.0,0.0,0.5976150939668087,standalone_parent:product_margin_quantity,3361,True,46.75,1800,True,14.940377349170216,349.2313205368538,2026-06-30,non_bm
PSR,Slow Reserve,upward,2026-06-30 21:30:00+00:00,2026-06-30T22:00:00+00:00,0.5,25.0,13.285400679261667,1.0,False,25.099863495298155,21.95,0.5293017104156905,0.0,0.0,0.5976150939668087,standalone_parent:product_margin_quantity,3361,True,46.75,1800,True,14.940377349170216,349.2313205368538,2026-06-30,non_bm
PSR,Slow Reserve,upward,2026-06-30 22:00:00+00:00,2026-06-30T22:30:00+00:00,0.5,25.0,3.7186361838195183,1.0,False,7.025551043277497,5.43,0.5293017104156905,0.0,0.0,0.5384783820628996,standalone_parent:product_margin_quantity,27562,True,2.36,1800,True,13.46195955157249,15.885112270855537,2026-06-30,non_bm
PSR,Slow Reserve,upward,2026-06-30 22:30:00+00:00,2026-06-30T23:00:00+00:00,0.5,25.0,2.8322471661068067,1.0,False,5.3509125520914775,2.76,0.5293017104156905,0.0,0.0,0.5538507229858161,standalone_parent:product_margin_quantity,81536,True,2.36,1800,True,13.846268074645401,16.33859632808157,2026-06-30,non_bm
NQR,Quick Reserve,downward,2026-06-29 23:00:00+00:00,2026-06-29T23:30:00+00:00,0.5,25.0,0.09972271662878647,1.0,False,1.326144025439464,1.13,0.07519750096203907,0.0,0.0,0.3777883907815773,standalone_parent:product_margin_quantity,357,True,5.91,300,True,9.444709769539433,27.909117368989023,2026-06-30,bm_eligible
NQR,Quick Reserve,downward,2026-06-29 23:30:00+00:00,2026-06-30T00:00:00+00:00,0.5,25.0,0.09571331627002652,1.0,False,1.2728257594403858,0.0,0.07519750096203907,0.0,0.0,0.4176679787643421,standalone_parent:product_margin_quantity,1125,True,1.0,291,True,10.441699469108553,5.220849734554276,2026-06-30,bm_eligible
NQR,Quick Reserve,downward,2026-06-30 00:00:00+00:00,2026-06-30T00:30:00+00:00,0.5,20.0,0.13750438467184747,1.0,False,1.8285765206647215,1.0,0.07519750096203907,0.0,0.0,0.3777883907815773,standalone_parent:product_margin_quantity,357,True,1.0,300,True,7.555767815631546,3.777883907815773,2026-06-30,bm_eligible
PSR,Slow Reserve,upward,2026-06-30 00:00:00+00:00,2026-06-30T00:30:00+00:00,0.5,4.0,2.1909322773935753,1.0,False,4.139288111638469,0.87,0.5293017104156905,0.0,0.0,0.6203624141814766,standalone_parent:product_margin_quantity,847,True,3.12,1805,True,2.4814496567259066,3.8710614644924144,2026-06-30,bm_eligible
PSR,Slow Reserve,upward,2026-06-30 00:30:00+00:00,2026-06-30T01:00:00+00:00,0.5,25.0,2.30425711766918,1.0,False,4.353390650975824,0.87,0.5293017104156905,0.0,0.0,0.6504406029713924,standalone_parent:product_margin_quantity,16212,True,3.12,1805,True,16.26101507428481,25.367183515884303,2026-06-30,bm_eligible
PBR,Balancing Reserve,upward,2026-06-30 01:00:00+00:00,2026-06-30T01:30:00+00:00,0.5,25.0,3.627546738372658,0.5,True,7.300154817050353,14.53,0.49691367228268973,0.0,0.0,0.5890894085119306,standalone_parent:product_margin_quantity,1009,True,0.01,230,True,14.727235212798265,0.07363617606399132,2026-06-30,bm_eligible
PSR,Slow Reserve,upward,2026-06-30 01:30:00+00:00,2026-06-30T02:00:00+00:00,0.5,25.0,1.907385818074631,1.0,False,3.603588993839928,5.0,0.5293017104156905,0.0,0.0,0.5384783820628996,standalone_parent:product_margin_quantity,27562,True,2.57,1809,True,13.46195955157249,17.298618023770647,2026-06-30,bm_eligible
DRL,Dynamic Regulation,upward,2026-06-30 02:00:00+00:00,2026-06-30T06:00:00+00:00,4.0,25.0,6.149552789269239,1.0,False,17.84610225792884,5.34,0.3445880058508045,66.8056003094971,0.6680560030949709,0.2368096082643678,standalone_parent:product_margin_quantity,179,True,19.01,480,True,5.920240206609195,450.17506531056324,2026-06-30,bm_eligible
DRL,Dynamic Regulation,upward,2026-06-30 06:00:00+00:00,2026-06-30T10:00:00+00:00,4.0,25.0,6.633980076709859,1.0,False,19.25191812852058,18.39,0.3445880058508045,25.980197241438873,0.25980197241438874,0.4853407307322814,standalone_parent:product_margin_quantity,1401,True,14.68,480,True,12.133518268307036,712.4801927149891,2026-06-30,bm_eligible
DRL,Dynamic Regulation,upward,2026-06-30 10:00:00+00:00,2026-06-30T14:00:00+00:00,4.0,25.0,5.424280488643492,1.0,False,15.741350240124234,15.25,0.3445880058508045,0.0,0.0,0.4853407307322814,standalone_parent:product_margin_quantity,1401,True,14.2,479,True,12.133518268307036,689.1838376398396,2026-06-30,bm_eligible
DRL,Dynamic Regulation,upward,2026-06-30 14:00:00+00:00,2026-06-30T18:00:00+00:00,4.0,25.0,8.785135139053972,1.0,False,25.49460512232005,21.11,0.3445880058508045,59.87622875235229,0.5987622875235229,0.4853407307322814,standalone_parent:product_margin_quantity,1401,True,17.88,480,True,12.133518268307036,867.7892265493191,2026-06-30,bm_eligible
NQR,Quick Reserve,downward,2026-06-30 18:00:00+00:00,2026-06-30T18:30:00+00:00,0.5,15.0,0.3588215087597758,1.0,False,4.771721189789469,5.0,0.07519750096203907,0.0,0.0,0.4257593538505713,standalone_parent:product_margin_quantity,391,True,5.0,276,True,6.386390307758569,15.965975769396422,2026-06-30,bm_eligible
NQR,Quick Reserve,downward,2026-06-30 18:30:00+00:00,2026-06-30T19:00:00+00:00,0.5,25.0,0.1996009005557758,1.0,False,2.6543555038689064,5.0,0.07519750096203907,0.0,0.0,0.4257593538505713,standalone_parent:product_margin_quantity,391,True,5.0,262,True,10.643983846264282,26.609959615660706,2026-06-30,bm_eligible
NQR,Quick Reserve,downward,2026-06-30 19:00:00+00:00,2026-06-30T19:30:00+00:00,0.5,25.0,0.1792963488657609,1.0,False,2.3843391944138226,5.0,0.07519750096203907,0.0,0.0,0.4257593538505713,standalone_parent:product_margin_quantity,391,True,5.0,292,True,10.643983846264282,26.609959615660706,2026-06-30,bm_eligible
NQR,Quick Reserve,downward,2026-06-30 19:30:00+00:00,2026-06-30T20:00:00+00:00,0.5,25.0,0.1829445244801333,1.0,False,2.432853780240472,1.0,0.07519750096203907,0.0,0.0,0.3777883907815773,standalone_parent:product_margin_quantity,357,True,5.0,292,True,9.444709769539433,23.61177442384858,2026-06-30,bm_eligible
NQR,Quick Reserve,downward,2026-06-30 20:00:00+00:00,2026-06-30T20:30:00+00:00,0.5,25.0,0.13314047211549668,1.0,False,1.7705438400500593,5.0,0.07519750096203907,0.0,0.0,0.4257593538505713,standalone_parent:product_margin_quantity,391,True,5.0,298,True,10.643983846264282,26.609959615660706,2026-06-30,bm_eligible
NQR,Quick Reserve,downward,2026-06-30 20:30:00+00:00,2026-06-30T21:00:00+00:00,0.5,21.0,0.15741844045438763,1.0,False,2.093399892821638,4.18,0.07519750096203907,0.0,0.0,0.31703067020227205,standalone_parent:product_margin_quantity,435,True,2.06,299,True,6.657644074247713,6.857373396475145,2026-06-30,bm_eligible
PBR,Balancing Reserve,upward,2026-06-30 20:30:00+00:00,2026-06-30T21:00:00+00:00,0.5,3.0,13.651287551060774,0.5,True,27.472151225685494,23.28,0.49691367228268973,6.945782934017188,4.630521956011459,0.3656378907608966,standalone_parent:product_margin_quantity,100,True,40.01,400,True,1.0969136722826898,21.94375801401521,2026-06-30,bm_eligible
PSR,Slow Reserve,upward,2026-06-30 21:00:00+00:00,2026-06-30T21:30:00+00:00,0.5,25.0,13.29500162743461,1.0,False,25.11800239034424,21.95,0.5293017104156905,0.0,0.0,0.5976150939668087,standalone_parent:product_margin_quantity,3361,True,46.75,1800,True,14.940377349170216,349.2313205368538,2026-06-30,bm_eligible
PSR,Slow Reserve,upward,2026-06-30 21:30:00+00:00,2026-06-30T22:00:00+00:00,0.5,25.0,13.285400679261667,1.0,False,25.099863495298155,21.95,0.5293017104156905,0.0,0.0,0.5976150939668087,standalone_parent:product_margin_quantity,3361,True,46.75,1800,True,14.940377349170216,349.2313205368538,2026-06-30,bm_eligible
PSR,Slow Reserve,upward,2026-06-30 22:00:00+00:00,2026-06-30T22:30:00+00:00,0.5,25.0,3.7186361838195183,1.0,False,7.025551043277497,5.43,0.5293017104156905,0.0,0.0,0.5384783820628996,standalone_parent:product_margin_quantity,27562,True,2.36,1800,True,13.46195955157249,15.885112270855537,2026-06-30,bm_eligible
PSR,Slow Reserve,upward,2026-06-30 22:30:00+00:00,2026-06-30T23:00:00+00:00,0.5,25.0,2.8322471661068067,1.0,False,5.3509125520914775,2.76,0.5293017104156905,0.0,0.0,0.5538507229858161,standalone_parent:product_margin_quantity,81536,True,2.36,1800,True,13.846268074645401,16.33859632808157,2026-06-30,bm_eligible
