simulation,annual_market_value_gbp,availability_fraction,available_days,capex_multiplier,fixed_opex_multiplier,degradation_multiplier,debt_rate_multiplier,project_npv_gbp,equity_npv_gbp,project_irr_fraction,equity_irr_fraction,minimum_dscr,llcr,dscr_breach,equity_irr_below_hurdle
1,972544.1205163434,0.943350378684159,339,1.0827497947607008,0.9692832133902168,1.0753518833367737,1.137719992022221,-24020448.221887853,-21179110.436947856,-0.18109997383094317,-0.3834797987959985,0.1373499273778609,0.17846950658587793,True,True
2,1115436.1321237253,0.9708522388445074,351,1.0859786980641166,1.0331532781578854,0.9947796246397164,1.1573034260177455,-23272968.93168794,-20630053.392828476,-0.15817025743781915,-0.3416378412260023,0.17910091642607542,0.22280389473984777,True,True
3,1181386.0874328925,0.9427605133073305,343,1.005788077714942,0.9639252385223277,1.1097577027035554,0.9075625860235662,-20620869.066827763,-17486009.415712185,-0.13776658684418364,-0.2960671842166483,0.24211645996489004,0.2998640152299285,True,True
4,961680.5410609557,0.9406483204268609,344,1.087853820719091,0.9915320913702416,1.173275683802164,0.9325967785250522,-24383490.226408012,-20745978.82478881,-0.19133503364503923,-0.3970475581487004,0.1291497860510431,0.17457846641252228,True,True
5,1037350.8901572647,0.934969974122202,334,1.0525284142648261,0.965790213372749,1.1379042403119466,1.0504931606051386,-22838415.701135132,-19847352.944806624,-0.1675851918898377,-0.35689106263152176,0.16559609128260147,0.21381032031378905,True,True
6,1132030.3627261836,0.9274948427181895,337,1.0260589932031403,1.1337729928643008,0.9369669264549515,0.9261915391066999,-22007705.0646911,-18725173.38619324,-0.1590221356302401,-0.33436783213329035,0.1894649722513322,0.23592694192325753,True,True
7,1032091.4950762689,0.9783490575219667,357,1.0956847501056624,1.0986403918863132,1.0425653207756551,1.0252413439135974,-24411044.86252335,-21108156.068217542,-0.18508511526332289,-0.387496441379552,0.13537981214305245,0.17822256887285431,True,True
8,1034180.7512032904,0.9717906155579752,351,1.084924168711449,0.9829310775713429,1.0358775038861734,1.0371098580229137,-23660692.370008316,-20520411.281361308,-0.16887030554918106,-0.3566636426100326,0.16340040777531445,0.20641113296403732,True,True
9,1151427.0699379626,0.9607165533902171,353,0.9305013492801686,0.9447468220678442,0.8740177020472473,1.0859918794991463,-18670108.209988758,-16399015.335384995,-0.12590998244049073,-0.2788645640783385,0.26251599362400607,0.30998546078747724,True,True
10,975325.0222183566,0.9905636222843369,363,0.9719840614351368,1.0387820467667368,1.0512349409797765,0.9818708132160427,-21491070.525529545,-18445468.794189874,-0.18045048193071028,-0.37835791782103406,0.14520716228191838,0.1915629924353773,True,True
11,1061731.9508253708,0.9452020510695834,348,0.9541144018234824,1.0734826333110972,1.0561013497284906,1.2098058498017155,-20570832.121820685,-18383503.20808721,-0.1644540237232861,-0.35833724877948947,0.16458611987275262,0.2140525018558819,True,True
12,1153101.645217673,0.9407358090216836,347,0.9445925679976226,0.9623986906989328,0.9768964444308561,0.8722740355571432,-19170748.701570176,-16160569.510365544,-0.13195819857941063,-0.2822085036188979,0.2609550680846466,0.31488750609603067,True,True
13,1243308.877107105,0.9141653673771025,342,0.9131342540116657,0.9684743249277145,1.1038637334957526,1.0573378853467796,-17878702.537069675,-15609644.381985664,-0.119700495983108,-0.27033417130409493,0.2816697805446925,0.3464308105311012,True,True
14,1008025.6478534178,0.9149778406870154,327,1.0198798940589469,0.9712524782704679,0.8439916339805568,0.9567238257110156,-22028011.618567783,-18856700.360633127,-0.1602165081756651,-0.3347171114192919,0.18470375878918918,0.22234088083048004,True,True
15,1076860.5391405215,0.9365915340180497,331,1.1870321176930614,1.0375382477281971,0.9412921544758239,1.054546931503975,-26049781.6811697,-22666690.793317616,-0.17093881577917552,-0.35903756802043696,0.15824720366486753,0.1956868053237925,True,True
16,978959.9463613936,0.9535722150667748,346,0.9026882734933435,1.0682730196495112,1.0770594966291542,1.0738402742553275,-19869169.522712868,-17320567.027383152,-0.17925740382536298,-0.38191383404877977,0.14404493132573615,0.19435840312038696,True,True
17,1038384.6703685345,0.904366615950417,328,1.0883633063765483,1.0070218830984352,0.8715347973694602,1.0072618020624016,-23683551.20959997,-20448830.25772132,-0.16490294834105076,-0.34550422684052656,0.1722615598667113,0.2093129830882891,True,True
18,909339.1344938988,0.9343196289902277,337,1.0344695351947264,0.9959407129382718,1.0148729707903696,0.9078342653265687,-23327859.34132415,-19772862.457404874,-0.1937232406848939,-0.39796165743026185,0.1257050683007857,0.16561772346994977,True,True
19,1060038.4926380548,0.9336888844976812,342,0.9840201759325486,0.9058141300071568,1.0860960856136141,0.9773218869818286,-20685795.83183406,-17764070.96650409,-0.14902494610559114,-0.3189508055296654,0.20928993569771967,0.260564346166204,True,True
20,1014964.0444145334,0.9699918708632236,354,0.9834255269967394,1.1107031743103315,0.9020722805751795,1.0461163679960572,-21667173.13838974,-18815400.32101057,-0.1754676629870404,-0.36903962348758224,0.1508007252181146,0.1918512072118376,True,True
21,1198825.7706627236,0.9631420734501002,356,0.9636142977873471,0.9905035877895306,1.1718905211839252,1.0682482431408098,-19603840.580408666,-17120981.580380093,-0.1357468955277987,-0.30103796491447193,0.23632158425238436,0.29857161685895234,True,True
22,1028986.7481883587,0.9477262090295319,352,1.063895865639027,1.0839708552483533,0.989689559592095,1.0749467905457026,-23539179.268696874,-20536505.395438336,-0.17902726060466329,-0.37725451827572365,0.14338757047381445,0.18498566323464719,True,True
23,1043034.1537486431,0.9561626679023792,348,0.8647782999124638,1.0547202438772416,1.154484993693711,1.1030321773949106,-18471776.052035026,-16195642.532559505,-0.16182379992567641,-0.3527066733904416,0.17520843215629958,0.23438400360315947,True,True
24,908914.5470211054,0.9312146287879043,343,0.9481783204713168,0.9550539397551816,1.1290780539838816,1.0958171429671075,-21087851.996832013,-18449517.519473072,-0.18568322890802696,-0.393244535551015,0.13221662693890504,0.17839578960650734,True,True
25,1040471.5494944414,0.9484179679012245,347,0.9803412250217314,1.0504751585979104,0.9729111267820099,1.029965488271296,-21221262.068383895,-18383805.4692993,-0.16479933401614122,-0.34958582211753486,0.17199883243432548,0.21733266805663537,True,True
26,1034101.2777999912,0.9865422183538917,360,0.9915733442904502,1.1030339129149265,0.9531255208185183,0.9795720529276756,-21741888.46540814,-18663316.343339868,-0.17305734478990828,-0.36291115409181723,0.1583345111919001,0.20248374695214577,True,True
27,989629.2396798476,0.9225823448651529,328,0.9891089149171866,0.9788822593593518,0.9775944552256066,0.9757519498957827,-21523810.151058853,-18470512.957220048,-0.1673306409914017,-0.3512869127651244,0.16936565331316586,0.2127299360587628,True,True
28,1203920.0511062387,0.9338367047456377,348,0.8907897303820135,0.9805946696861615,0.9893077079939367,0.9546120202444277,-17544540.234926388,-15024656.423150368,-0.12066613971607248,-0.2659710772894421,0.2876192458780186,0.34706450980925685,True,True
29,1092672.8611003263,0.9219359151891064,334,0.9742223627074108,0.9949905771472335,0.9736347705092285,1.0243368482792012,-20472678.783855878,-17736631.886177488,-0.14797155207344925,-0.31800154567880884,0.20904888874009686,0.25703918612367416,True,True
30,1161247.873710405,0.974336447710084,358,1.0472785749239946,0.9975520970368159,1.1390618359645486,1.0529975210069378,-21959926.091411564,-19112324.83904013,-0.1488181329353866,-0.32298314169281517,0.20536878719919055,0.25963521660563166,True,True
31,1098883.6854379724,0.9493427173248965,347,1.0440362880991634,0.9706620003423959,1.0459931085753904,1.156326550212682,-22136116.964487825,-19626515.809178665,-0.15293741465114116,-0.33279750278926284,0.1903235976272337,0.23717275830119589,True,True
32,1029828.4061633637,0.9434155831969254,344,1.0395966615075127,1.08983123125991,0.9394163596504223,1.1314868892154215,-22909904.515875775,-20188710.73132757,-0.17553028986554678,-0.3722704377206471,0.14704865058082062,0.1872734594754375,True,True
33,1235006.56870935,0.9712084232228874,352,0.9427938820240072,1.073840422999346,0.914471625016943,0.8948826252343043,-18923450.479688223,-16023105.959366404,-0.127229965911025,-0.2743774131864207,0.27303385483677006,0.3273260372966013,True,True
34,946350.7908488826,0.9666811825404983,352,1.1417349490204067,1.0889023238269406,0.958340059057726,1.1012755874846336,-26075053.647385847,-22827053.217370536,-0.20378172929935393,-0.42216879896881615,0.10467440607346276,0.13913639004849443,True,True
35,1155329.6799556864,0.9283762026716683,336,0.9125253912672451,0.9350220489350106,1.024123737836454,0.9328177262108267,-18284949.596951604,-15588422.582076289,-0.12736092012190006,-0.2772548224094108,0.2693955631442661,0.3270734253696307,True,True
36,987130.6877626582,0.91805474004252,330,1.0803219869505787,1.072067565686328,0.9417160018899734,0.9852444778095657,-24166774.619480114,-20762044.56471113,-0.1859417067216861,-0.3852677881200973,0.13493181731423537,0.1731546983671324,True,True
37,1242952.119323518,0.9800156467473098,359,1.073167714001916,0.9978409640495299,1.2237009778268413,1.1826678167929758,-22108496.969961394,-19708666.619043395,-0.14131331134818137,-0.3158800706166938,0.21527141727232008,0.27419600964892227,True,True
38,1163688.714001105,0.9825569489472761,357,1.0782391433422374,1.053208378953864,1.122381331089261,0.9744098437064258,-22924257.900290165,-19664534.049035292,-0.15606058342247028,-0.33303310965075106,0.1934556629032196,0.24637057058922482,True,True
39,1033320.7659834495,0.9684365427348494,349,1.0191057504123957,0.9825583750831897,0.848405266271424,1.1823519219131586,-21873025.42733427,-19485526.761535686,-0.15678783309307903,-0.3376376759546862,0.18048818652570506,0.21767094580236276,True,True
40,1030509.5219563476,0.9406388025694665,344,0.9558713891226113,0.9819407220547628,1.1809656249433949,1.0278798720505447,-20567281.321156062,-17798089.39232966,-0.1644806300577621,-0.35260003116193017,0.17319362351244982,0.22791693971546198,True,True
41,1119940.755100106,0.9362572394967305,346,0.9333195277402108,1.0993005671516847,0.9852872059876749,1.080529786761451,-19679890.339897122,-17212951.695391044,-0.1511348797637061,-0.32780507705428547,0.19868612904839048,0.2500354741371728,True,True
42,1099444.411758856,0.9795939917102422,356,1.0358459085336156,1.0508180112629264,1.0236593534424694,1.076125588401047,-22228529.960980207,-19417402.20235058,-0.15999725146440666,-0.3429678985248761,0.17954370687697505,0.22658409232675267,True,True
43,1010791.4580467604,0.9159304173277614,337,1.0342660116758535,0.9623921625106628,1.1564163996658112,1.2099324635007567,-22569619.95075795,-20157073.76792255,-0.1716849541195673,-0.37108971400762464,0.151042645586092,0.19812080982891622,True,True
44,1106084.787725051,0.9591107744707729,352,1.1291773277525385,0.9311724984765403,0.9335865939941641,0.9186136739987748,-23962275.609830365,-20378207.863801,-0.15090182646462427,-0.31656751621443435,0.20811788533533196,0.24929461130145542,True,True
45,1035474.1378781205,0.9420243819357148,342,1.0316747447228674,1.0354259862416881,1.052153139748762,1.1299378546869188,-22542082.651429623,-19859699.500574462,-0.17147341976776953,-0.36655607103859483,0.15469468675797962,0.1998245937005099,True,True
46,1164488.6689641306,0.9537760586730426,347,1.0017213696383704,1.007305654433031,1.0023420001432002,0.9093511471773676,-20718524.26912897,-17581413.663934413,-0.14059804131694162,-0.29998995678357454,0.2346713938298475,0.28685519473686316,True,True
47,1040292.1928779796,0.9432050423766302,337,1.0304371647680164,0.9658858926438243,1.0201766320004368,0.9470947253593592,-22174722.031163286,-18936524.47621958,-0.16083227618313256,-0.33840009715436264,0.18427565773524787,0.22998446054386062,True,True
48,1043618.9787738378,0.922111568542802,342,1.001433156942637,1.0111691387656787,1.0993648139661905,0.9384144902760297,-21667952.00393832,-18463248.039989218,-0.16618880697835484,-0.35028877647234125,0.17392304447588414,0.22443470014350755,True,True
49,922891.114345053,0.961961739362387,352,1.104075714858766,1.0673787849215481,1.0912447148720807,1.003502217095003,-25308447.06251709,-21785528.530159973,-0.21130408772752288,-0.43625780526888636,0.09899318280239747,0.1387491374420992,True,True
50,1193887.4202143499,0.9786869673439685,356,1.0577532652499568,0.976972895997749,1.0491648033571122,0.9136010428643391,-21829716.4654853,-18538717.075774968,-0.13965827536096864,-0.29850430414107876,0.2367762814668957,0.2895092373791393,True,True
51,1104933.3393379957,0.9180445379385201,329,1.0588777421691002,1.0519150211131727,0.8623181850905801,0.9600883848944237,-22634345.40559994,-19388340.750263292,-0.15497517402972205,-0.3259570888304493,0.19630630044211664,0.23680176972482078,True,True
52,1050754.4551409804,0.9476764818105847,350,0.9723089063249014,1.0693135558733686,1.1705767441867019,1.09949510241105,-21176213.184494823,-18545668.52830129,-0.1728508319275552,-0.3718559813261285,0.15423842393846499,0.20794399334070057,True,True
53,1052937.9987764205,0.9307428064604228,344,1.0351678173746295,1.0440093949112352,0.9742488108781,1.14917597958155,-22477653.415648237,-19882001.45089707,-0.16611687502639388,-0.3559982141828704,0.16365076141742915,0.20619114119966972,True,True
54,934325.0299295359,0.9294126858466153,345,0.9944246814797287,0.9958147110991533,0.9628378690180223,0.9367213511030306,-22110913.991766255,-18839439.9734712,-0.18187525295104004,-0.3764584211811843,0.14390235263750425,0.1843713251050478,True,True
55,957024.738321557,0.9283107064694216,330,1.0499389217770325,1.0055877108836533,0.8772927618674806,1.1099285294815646,-23312216.702077895,-20469815.248678446,-0.17864067921560609,-0.37485606889066264,0.14194172858251794,0.17687050516490901,True,True
56,990827.170418222,0.9586375950493491,346,0.9647703028369774,1.1058113425722864,1.1770741299929675,1.029156879250896,-21559677.82338881,-18635259.989222802,-0.19298220658436316,-0.4082228671599804,0.12444151578651026,0.17640897941610126,True,True
57,1015637.9005945582,0.9360770301410919,344,1.0289987746361877,1.1146419876156783,1.0218949931634276,1.1198661840347153,-22909320.718553063,-20129571.825082242,-0.18518810351629317,-0.3919121602698814,0.13187872800765235,0.17519943937392063,True,True
58,1191602.8658476023,0.9299970619756717,337,1.0797530468964311,0.9374419784181606,0.9294661731625583,0.8812666969756335,-22131012.442672648,-18698721.79267885,-0.1346510806459641,-0.2857053902879527,0.2528201590917435,0.29935889049403175,True,True
59,844846.4683436158,0.9452774465641992,345,0.9355890377683743,1.012861925058799,0.8339916054599414,1.1835168306844814,-21268444.440470126,-18883202.05426222,-0.1981817173690702,-0.4136687574628614,0.10945675239808704,0.14205022245855228,True,True
60,1074824.6492444675,0.9604515224834782,352,0.9286800454063376,1.0452441861882997,0.8593549757387395,1.113842587251141,-19569206.173936237,-17233249.33586014,-0.14830636612937037,-0.3210948736943085,0.20309548428343316,0.24658788215615915,True,True
61,969151.396233734,0.9294450139839281,328,0.9821856806358371,0.939325407141085,0.7942049121744847,0.95739163404451,-21204242.647512034,-18157908.095400404,-0.15918275616851416,-0.3320466307414095,0.18681096528064142,0.2223479745351752,True,True
62,1061720.2104444616,0.9565049290106166,343,1.0636226398722712,1.0634764503486254,1.1072919113016686,0.9983816043150905,-23309111.705687407,-20065815.620233234,-0.17446228474929368,-0.36808166640780365,0.1551568085760304,0.20329717165402936,True,True
63,1065765.333765719,0.9255136584734315,343,0.9408653925749836,1.0213115487426436,1.0159741796814075,0.9183138473085042,-19970922.58410386,-16964474.76537448,-0.1544126999325753,-0.32683834130639117,0.20036028190695743,0.25173929752642954,True,True
64,1187069.3089051826,0.9386303289418957,346,0.8891002182555555,1.0201444074526709,1.0187626919836883,1.181378419315013,-17807085.1276274,-15905343.794243673,-0.12784227093108586,-0.2897843730783903,0.24978775121043414,0.30756330466176135,True,True
65,1141176.0117497663,0.9443596587121558,341,0.903413365671636,1.0884707949688692,0.937653844772599,1.0063534196404211,-18695612.21614064,-16147695.626115276,-0.14125272278357065,-0.30585151514745784,0.22671099340548043,0.27913557823922347,True,True
66,1062824.3843058248,0.9531823273856502,353,0.9150108987245349,1.1081075704474266,0.7832743329575224,0.8643240769743966,-19502946.78395236,-16422937.192959163,-0.15360500047547176,-0.31973888105923964,0.20516659142037696,0.2472164323717756,True,True
67,1054430.5662338708,0.9094423193613823,337,1.0693913283635386,1.0769690167834018,0.8693019083381276,1.1482699876081737,-23369774.892739713,-20670693.850604255,-0.16823120969651303,-0.35776460904083357,0.15930471841719326,0.19650825722695686,True,True
68,1153407.441437881,0.9232577432703527,330,0.9483105184577009,1.0558287029614686,0.8307167219264032,1.1888163974064383,-19505425.589016072,-17438682.139358867,-0.13628041732210958,-0.3017979497387199,0.2277305349005573,0.2714305942691699,True,True
69,1112411.306830996,0.9592673391228967,353,1.0977011701151465,0.9939605617803927,0.9745867133231305,0.9931567399212178,-23414548.480284102,-20169287.12344083,-0.15487364472088594,-0.32825777842531917,0.19474695300500677,0.238403289905188,True,True
70,1130071.0521732038,0.9778117637825753,360,1.0056819329890843,0.9592593255754392,1.1361584483187177,0.9078896262856256,-20985056.918624304,-17790731.513818968,-0.1463577809579255,-0.31231364267269446,0.22004107464355588,0.27644149429377046,True,True
71,1059684.0050208336,0.9578301805767981,351,1.0060622068054124,1.1126192886299495,1.0280835662363703,1.0180760044558694,-22017943.49298304,-19021412.15732944,-0.17324504252074152,-0.3663144455220885,0.15655736064504783,0.2039337967422281,True,True
72,1038244.2275776985,0.931829403869994,339,0.9801471937339548,0.9781759243270514,1.01632061506481,0.994560673919594,-20978104.540823054,-18065501.9217697,-0.15822345293975432,-0.33611279862083665,0.18749549405302313,0.23486345595230226,True,True
73,1137286.5895859336,0.960176567737746,355,1.0461962651020915,1.0974440220261625,1.1458503930929196,1.2097387917086353,-22505939.736052036,-20110708.833584774,-0.16395997360621126,-0.3583580202147805,0.16557826541376924,0.21752407222190348,True,True
74,1021895.5312224331,0.966021916638675,353,1.1416359345631633,0.9934139364647665,0.934981387068258,1.1321121736927622,-25130279.12065743,-22158421.72445087,-0.1728095495241146,-0.3652353427115632,0.15136648045994372,0.18755465211572256,True,True
75,1080617.5210167668,0.9642932397185867,352,0.9287868372584371,1.021783861899146,0.9367043685579962,1.0623667803252703,-19500005.242718246,-17010806.39215183,-0.1475188765922572,-0.31877620481196367,0.2079321302592485,0.2556670401903584,True,True
76,996471.7604802565,0.9654521498096764,351,1.0768574884564766,1.016848176983255,0.9915356127305383,1.0281427424584688,-23830206.247937664,-20627749.14420293,-0.1783042952747025,-0.37323650332164554,0.14631029362946296,0.18652831995475763,True,True
77,1085350.0715379503,0.968538327488252,355,1.100756052382921,1.1042653559500453,0.972701128518028,1.0484247459466396,-24123477.138637654,-20960111.29323339,-0.17193861188028053,-0.36266616728612067,0.15711027821898452,0.1990719292654565,True,True
78,1042086.144396048,0.9382762766352253,351,0.9997468106913366,0.999850384971579,0.9477904841301754,0.9973451491938602,-21473197.273771804,-18505339.488107648,-0.15910384216306778,-0.3366012443660881,0.18530717822343273,0.22906304081740064,True,True
79,1024766.2656585495,0.9671571069680823,353,0.9739491599081027,1.10894578690377,0.9465147619444776,1.194831765133135,-21386925.14955556,-19051751.132502716,-0.17419851969967043,-0.3734240720182477,0.14709400950895377,0.18960755388870068,True,True
80,1050271.2132051103,0.9553309574828944,346,1.0716585784552668,1.0891004412756773,1.0868812262789496,0.999411827119013,-23677369.137087382,-20383349.78840394,-0.17997232638219018,-0.3781739875177105,0.14527487953713944,0.19175727710780346,True,True
81,1134411.4629461018,0.9564327703825516,349,1.1196211316074574,0.9570643714325644,1.091655195780603,1.0017142218955644,-23756799.559546422,-20489675.82552923,-0.15335444374058618,-0.32728103377974266,0.1977628305238986,0.24598444691719407,True,True
82,1109057.1370806715,0.9512642694650768,338,1.0826735004098493,0.9843149185947406,1.1011393879235594,0.8816563450428031,-23129436.21963086,-19519022.34933578,-0.15771035548843834,-0.3310732975627209,0.19479753784672976,0.2450626726363451,True,True
83,1253448.3651969098,0.9563898422767035,341,0.9601823931229466,1.0231337107130067,0.9690224593944453,1.1279170752814156,-19074556.241243217,-16883550.52620955,-0.12348402735435844,-0.2781302286585868,0.26591874047944963,0.32046679850013987,True,True
84,990116.0072850002,0.9797384957162772,358,0.945700126456944,0.9597491773942539,0.849608992118875,0.9896681772234854,-20262359.856996693,-17447123.006330293,-0.15621738667753388,-0.32938359556429464,0.19187047724637032,0.23172961536763137,True,True
85,1151301.7108136537,0.9851684818436525,357,0.9921246977506579,0.947706604748229,0.8467092770802657,1.027645048814469,-20199283.08526207,-17544418.819705617,-0.13122336910328886,-0.2851582017752794,0.2519317262837479,0.2956574262960797,True,True
86,1246766.3680023914,0.9452117909842229,350,1.0707440078437829,1.0402434197982195,0.9805105375539473,1.058022500816647,-21965634.276170567,-19165444.6202272,-0.13635281985069986,-0.29794348217433025,0.23580512900331133,0.2856258107856156,True,True
87,1055870.5316954604,0.9784522491713654,360,0.9983947573819607,0.9917808976970325,1.096437539531561,0.9825165363027338,-21425552.576052025,-18403307.041943684,-0.1610525700049675,-0.34229533792504757,0.1822382264709047,0.23295038219175793,True,True
88,1232503.4419946931,0.9522390411584686,346,1.0473387034029233,0.9924062831301463,1.082918650654851,0.9016708745963792,-21386640.482567217,-18119518.940125685,-0.13554468545848597,-0.2911933720560531,0.24857372740543462,0.30525264738325847,True,True
89,1118275.5399277993,0.9503658977663358,349,1.1270181992083461,1.0390415665267514,1.035153876284071,0.9396659669345507,-24335946.054706726,-20753124.420690503,-0.16292969532860663,-0.34205381987749417,0.1802030457717482,0.22578069340549645,True,True
90,1078014.6895799523,0.9732389196515446,357,0.9095707482234425,1.050256816507315,1.1347373273410963,0.9998143491561162,-19311546.37372641,-16631746.59002354,-0.15729561410556425,-0.33876047409530446,0.1897169057331355,0.2481086826386965,True,True
91,1286324.8258612866,0.9436988915014236,350,0.9334784127276797,1.0231462930626438,1.0837994377064817,1.0987514018531617,-18281289.22459972,-16089335.546607744,-0.11973958392568627,-0.2721828788977865,0.27834579419822064,0.3423318164991394,True,True
92,1049951.1081518806,0.9319920886557242,332,0.9468083402594979,0.987721993963912,1.078199520441671,1.0097745006293328,-20147475.68196972,-17392365.54051727,-0.15645029214998615,-0.33513158195988185,0.19072038740516564,0.24284086094679982,True,True
93,1144722.9886054052,0.9412027142149261,347,0.9773074554846259,1.1204884252887384,0.9305213794984878,0.9924886866192745,-20638827.29255654,-17774349.04908729,-0.15075308284303532,-0.3221127582860773,0.20448334499763446,0.2528878371317103,True,True
94,970126.0064859185,0.9648795991553614,353,1.0508606726105985,0.9507490448998249,0.9702135435921431,0.968576045609762,-23090095.15626739,-19790416.56609828,-0.17257627989243163,-0.35954586515653597,0.1591935667920517,0.198987929100371,True,True
95,925348.0142521926,0.9748743498742961,357,0.9348889876534361,1.0723519150311267,0.9301071612698302,1.0975084681112102,-20969247.174842246,-18353766.88715825,-0.18980128825325993,-0.3983534798073356,0.12524579368148683,0.16533147097556733,True,True
96,1088795.886716592,0.951248346001284,347,1.0039545239317076,0.9638731739287862,0.9852287899829048,1.0535070811141234,-21129304.13727466,-18402746.986920115,-0.14843813649054105,-0.31969965545552154,0.20618480704904027,0.2528275068485737,True,True
97,1106332.420324773,0.937868414493471,348,0.9822208229161542,1.0202972091097702,1.1150196636744392,1.0247638427400263,-20792239.285913642,-17996597.277688347,-0.15418225030990196,-0.33221702021728505,0.19492472527429977,0.24930873682255866,True,True
98,986668.1656518034,0.9274561333588125,347,0.99786757902363,1.0259269139271068,0.8172073363078028,1.0303273752851663,-21830833.01963751,-18922074.243451063,-0.16817380535358287,-0.3523161581513992,0.16463384704627007,0.20068510953747626,True,True
99,1065871.6192701836,0.9647769901821799,354,1.0604266482558233,0.961584663382083,1.0399396456347787,1.0230192990088391,-22740222.1600471,-19683419.116612613,-0.15885126646095968,-0.3378650126418082,0.18451319497840218,0.23014572267253688,True,True
100,1116025.8978804525,0.9180376748963667,335,0.9258279734894541,1.0234184288802999,1.1199585274093862,0.99795330844083,-19330324.007689334,-16652933.621977093,-0.14773053252833107,-0.32000554180617397,0.21130654998355297,0.27003303964473524,True,True
101,1186261.6110163967,0.9873099104903175,359,0.9963621548278624,0.9926851447360081,1.030200557120746,1.1145973499219703,-20395107.84967062,-17977129.874999925,-0.1362333813500099,-0.30114096609717994,0.23231542099141356,0.2850023887662598,True,True
102,1136558.5567076919,0.9750714291977742,357,0.9697215345153088,0.9358298358710503,0.9894215188257244,1.0253690765556467,-19822584.13015185,-17193175.571392946,-0.1348686809719117,-0.29395354979170035,0.24190389061571108,0.29277305322398167,True,True
103,1147207.9719948438,0.9663013004269079,355,1.1286429826440976,1.0320222453243537,1.0747309875375155,0.9949545849810179,-24175943.720500804,-20819229.955348227,-0.158841936857443,-0.3374109914363202,0.18608659362713087,0.23385730099985766,True,True
104,1022545.2884504516,0.925021666942716,339,0.9495046887679028,0.9482345757509788,0.913187799307725,0.965244315882694,-20125268.98345371,-17253662.439203553,-0.15127843398811874,-0.3203424620536147,0.20465077259394607,0.24863213511894436,True,True
105,1001922.1223390163,0.9433721932835966,346,1.000330362294694,1.1239696391425402,0.8173927901186875,1.0413565828668279,-22171987.125208504,-19241679.659206957,-0.17784601044481033,-0.3713403447440336,0.1463133490029251,0.18276335005736014,True,True
106,1045497.0460187016,0.9899980498960257,363,0.9367613136797763,0.9843268131277668,1.0412539748526402,0.9792257292792053,-19885624.42693093,-17076782.685127053,-0.1545799738963376,-0.3297985133845941,0.19650070889896004,0.2476493009521625,True,True
107,1169194.8615827295,0.9880389727311185,358,1.1459076807397954,1.1028196284514162,0.9295913576306003,0.9699747113163394,-24605976.404536635,-21106630.270504102,-0.1583335643395959,-0.33339507997755136,0.1883329014206084,0.23064066990654775,True,True
108,1057943.9074120135,0.9456860544507458,350,0.9236367536215259,1.0089864149452374,1.0536819830239315,1.0161823563612824,-19576849.529215246,-16920885.43176064,-0.1543311597456923,-0.3315451915989965,0.1950791912924864,0.2477601610279546,True,True
109,1154874.6541131248,0.9512406574027854,350,1.0960271980890808,1.0953375389903368,1.0165851347563957,0.9621323859032438,-23508307.693410583,-20127203.648831185,-0.15945080415789314,-0.33707011339051607,0.18657209370723649,0.23399257652790467,True,True
110,1023804.3654875631,0.959866741319658,354,1.089031201610183,1.007495226105056,0.8467466467316846,0.9162565371813315,-23788535.498738676,-20216604.9595882,-0.16684431315954534,-0.3449917496914339,0.17267586578876457,0.20886063873583458,True,True
111,934646.6379690701,0.9588762751412803,353,0.9489616268707344,0.9938930844750712,1.1699118943763893,0.9018345658521428,-21108478.244344737,-17859738.739624277,-0.18734672086400433,-0.3906737926738678,0.13737965226374874,0.18816358317252363,True,True
112,1039610.4021254077,0.9563596208710792,354,1.0629874352982471,0.9646699468968666,1.0986568443270917,0.9381628530384077,-23049316.72605194,-19644581.084100273,-0.1663653133591418,-0.34930582415559697,0.17329700936660034,0.22067614906757366,True,True
113,941758.4908161463,0.9541463962619323,348,1.1615932152473945,0.9967738559493511,1.100541354404498,0.9061655739244863,-26337538.27988839,-22315407.90895181,-0.19873162917104562,-0.407373849766983,0.11820688699206444,0.15778409141926814,True,True
114,951087.4686263715,0.924487997865756,342,0.9543234817256263,1.0968697659463904,1.1355944816007375,1.0995467555748526,-21513329.177837774,-18815785.29856407,-0.19964834632071574,-0.4224227529931152,0.1124812066211105,0.1607027831449218,True,True
115,1106092.207884756,0.9926937734070106,361,0.9794328309462772,0.9467392233313908,0.9901795055185789,0.9711581461260302,-20327983.391428377,-17448826.896380458,-0.14176880027537908,-0.3042429695305694,0.22755022317162676,0.2771051115793292,True,True
116,935569.1123486401,0.9211993988997245,333,0.9458634950719959,0.9918702095094101,1.0296040067092036,1.0290694391999937,-20919196.66484174,-18103453.429990172,-0.17992900634492248,-0.37843524503125814,0.14398814560760015,0.18844412638348318,True,True
117,901487.0453591172,0.9331620769489956,342,1.0067313060459933,1.0492973411211342,0.8552241089504405,1.0105753133017983,-22794051.320399385,-19664954.287993524,-0.19459296880031385,-0.400909482455175,0.12011626125499894,0.15427681984957456,True,True
118,936942.7531422665,0.9565271113164346,353,0.9241279036301279,0.9784472687492434,0.9836502054156051,1.0550274223442433,-20280150.395954218,-17636789.56684374,-0.1736607323226394,-0.36697401337245483,0.153844878533505,0.19737428620993422,True,True
119,1084235.3283263943,0.9452005507656117,355,1.1336386514130274,1.0449947714625232,1.0340079740787822,0.9204440635114977,-24767218.675704703,-21046462.028101716,-0.17015159785626896,-0.3545621165400909,0.16642239392399977,0.2104727069490741,True,True
120,1169494.516711968,0.9621404565863194,352,1.0725541817325905,0.9477648312683523,1.0829774297466106,1.052558779800066,-22286594.89983144,-19410731.652356327,-0.14299067607087348,-0.3106615429132668,0.21924058032687815,0.27027739258130157,True,True
121,1246661.4638831206,0.9399316452157795,345,1.0188772546284741,0.9228769011696131,1.070322084609794,1.0060214818290532,-20285707.10095932,-17539995.03380951,-0.1246903981107817,-0.2754112315915885,0.27144302481839283,0.3286181341938371,True,True
122,1028166.4835347844,0.9768500370315675,357,0.8865021512872578,1.0450304425006212,1.1490928892346433,0.972375567655107,-19076968.03609166,-16342531.684282856,-0.16571545487107325,-0.35408168984412547,0.1737890537535255,0.23186760126608247,True,True
123,1099460.93403458,0.9352210020463702,345,1.0212963055112199,0.9577070911607807,0.8807103629849721,1.1854397105959151,-21374517.740084127,-19079400.062790677,-0.144004398863594,-0.31511694052293265,0.20893856502410887,0.24975954795124022,True,True
124,1139404.7783664274,0.930173272456277,349,1.0046122695417106,0.9621849781904275,1.0048991867542232,1.1164481803206208,-20792766.211032934,-18328516.411784884,-0.1406176593991293,-0.30840840098087957,0.2212142992288554,0.27028350642994076,True,True
125,1362419.9545280905,0.9536671920700575,355,0.8669617593129216,1.0180040752607786,0.9812678616876946,1.23149307394076,-15952988.741380572,-14475111.101776965,-0.09834897628228428,-0.2382219678247547,0.33466191151795566,0.3998119822830112,True,True
126,1110353.623477663,0.9553699713955098,356,1.1336156438536626,0.943816511513464,0.8933860414713295,0.9410486214085725,-24058864.310343076,-20546239.03412056,-0.15045233880465017,-0.31613576939927124,0.20782620171483013,0.24722277058997552,True,True
127,1120315.4527361663,0.960511845577088,351,1.0081783152645567,0.9098329543580971,0.9973452182316693,0.8955284665127861,-20803539.54564081,-17614456.113671493,-0.138741454870443,-0.2950539863990981,0.240508775935387,0.2903005971731161,True,True
128,1136117.010891462,0.9420532821008879,344,0.9877318181578428,0.9869721801707054,0.9343681518754696,1.0475290512215139,-20432603.272263918,-17791152.925154295,-0.13966445775872133,-0.3029762001834028,0.22801970689551643,0.2752366638280494,True,True
129,1197973.0717029274,0.919310920990946,338,1.0298422193081365,1.0113314868867713,0.838339981020237,1.0983615618409568,-21048365.73491093,-18519527.543939058,-0.13289797524406477,-0.29120891395644005,0.24245317938325447,0.2853149992631023,True,True
130,1159009.0831280486,0.9524334235304056,345,0.9384294911099902,1.0721757083270895,0.9301737689177271,0.998235578222297,-19370884.677892175,-16710615.332424177,-0.13954018952305033,-0.30172513970348647,0.23158744385516924,0.2825535600680695,True,True
131,1102629.2944911274,0.9515018406575005,353,1.0703535350416327,0.9941921226449454,0.9018051341297377,1.1862205568754451,-22741172.596014835,-20281714.61328816,-0.1518467593232279,-0.32951724765424084,0.1909792577292098,0.2308842005897461,True,True
132,1093328.4289509,0.9786823517041034,356,0.9729101407913974,1.0297436571587275,0.8228875835492813,1.0139574939566334,-20447963.266291108,-17694712.983010583,-0.14599215269605162,-0.31163856718921945,0.2143858375508427,0.2557475386556862,True,True
133,1108676.7832763675,0.9213207989391222,339,0.9925617628594877,0.9875984915985554,0.8234001017736887,1.125438113064569,-20659661.21738847,-18251711.44499991,-0.14094081658510535,-0.30665460840861297,0.2199732275481272,0.2602546279480722,True,True
134,1102738.3001680023,0.9397554401933531,342,0.9922844872200268,0.9820159357319327,0.9472412222310849,0.9625597231093652,-20778197.47961795,-17806865.673877735,-0.14557109175221788,-0.31030521724166527,0.21858237737904002,0.265518096509711,True,True
135,1085900.9331868314,0.939613820926801,349,0.934744786013554,0.9384570197146961,0.9082931443832637,1.1092284879986445,-19255220.819854088,-16961679.216599986,-0.13741339682884374,-0.3010815260638519,0.22981776043524565,0.27576550637408664,True,True
136,1216931.4868259598,0.9950184647437673,363,1.124939032677836,0.9945436419200173,1.0820034160967051,0.9629679296782634,-23444930.64273672,-20087242.93690771,-0.14440409999564058,-0.30945916232435833,0.22135579747764894,0.27281340779216495,True,True
137,1093896.5591126722,0.972962144207998,351,1.0448690408228225,0.9530680511777581,0.9832984257924338,1.0950439795873363,-22070905.409832977,-19366261.496244043,-0.14989820581494165,-0.3235713081998026,0.20037851923682914,0.2449765833501156,True,True
138,1030022.1638146379,0.9785911495337207,355,1.107172984535244,0.9276110134087014,1.1545857911024788,1.0318580477721273,-24116727.252680972,-20891014.845207825,-0.1693364105815387,-0.35860357813151705,0.1628933977660942,0.20915327565517566,True,True
139,1134224.634751175,0.9807865735871976,363,0.9153915947472482,1.0512367113698216,0.8800107663455486,0.8604541012579918,-18846959.35452175,-15855685.818583013,-0.13765003878463228,-0.29148646273616396,0.2461015452205721,0.2960288362667645,True,True
140,1095784.956486049,0.9374304567659947,338,1.0622676334879986,0.9793718689578694,1.078607176791516,1.1488332218387949,-22675339.401036296,-20068166.57637526,-0.15703399329784729,-0.3404347405174236,0.1819833195078216,0.22923625815332369,True,True
141,1197411.7531357629,0.9561293756022506,351,1.0726487831553995,1.0882827714886987,0.9432295256417401,1.005002296312267,-22525303.537565242,-19450825.358629532,-0.1471066546309076,-0.3150274907704887,0.21225045174259258,0.25884007600936443,True,True
142,1074534.5303570174,0.9780142405123805,359,0.982002769496699,0.9496594830793237,0.9848736460642962,1.1090250033253386,-20625884.29995899,-18145764.215492003,-0.1474772422967327,-0.32028376577510076,0.20522733796283124,0.25178576905802713,True,True
143,1111239.7697888864,0.9243630726770692,339,1.05643952586757,0.9685618273001038,0.9929146197155193,1.065332380298875,-22305518.877670605,-19467495.516802244,-0.14985104263731028,-0.3224816659545932,0.2021784268603638,0.2476329719973058,True,True
144,1163701.1132871625,0.9836296630308325,359,0.9806922426688556,1.0822325323056587,1.1393282273567746,1.0183392234302397,-20615748.672037676,-17821050.294227816,-0.15151523532418243,-0.3282400707222992,0.20136771484286692,0.25983315838469107,True,True
145,845689.7192489757,0.9535830013146077,351,1.1059336048197286,0.9609829371984593,1.0172128472566513,0.8759671931112065,-25431846.608222157,-21443151.417151686,-0.2107143097472451,-0.42698229259191645,0.10223541581095945,0.1372410142526499,True,True
146,934770.5429514799,0.9347237392765028,338,1.1067473256252045,1.0063716897888486,1.080940616487584,1.0498322883504414,-25040593.23775949,-21734412.62290274,-0.19726578148954121,-0.41034999354258767,0.11569463192148116,0.15518197636305506,True,True
147,1169580.1730688075,0.9632167631278118,353,0.9025580268488019,1.075892581015479,0.9821996174950097,1.1408218933231034,-18458662.783731215,-16345937.62148657,-0.1364617830681687,-0.3034701005735979,0.23011246697772028,0.2847902689542175,True,True
148,1103084.9911955,0.9229045106813093,338,1.0814199798478357,1.1087826056565855,1.0766121710531609,0.9416449146183281,-23616532.779763434,-20133588.938182503,-0.17184471717397568,-0.36068399171511273,0.16260011587968,0.21110268275238844,True,True
149,1131498.58044555,0.9461069283359955,342,0.9316776433501777,1.0263586854314994,0.8925274972384472,1.0026656821224846,-19185536.30709124,-16570743.473352233,-0.137630697768003,-0.2974512354322896,0.23628445885375826,0.2845210603822904,True,True
150,1065199.933199678,0.9176256368221246,336,0.9269382872899051,0.9831941912324855,0.9744431772194426,1.1173537617903444,-19441556.19543081,-17127536.180576943,-0.14731523865633783,-0.32100037176248325,0.20520358956771373,0.2535585646466795,True,True
151,1233694.0268891486,0.9635789351818851,350,1.0231237592944478,0.9635959439164541,0.9410656150230414,1.0171428906065068,-20526626.012277838,-17793577.047293704,-0.12632668292150537,-0.2771894776222414,0.2662981246037016,0.31640352393619836,True,True
152,1044699.8159911884,0.933944131717425,343,1.0803199287401637,1.0774274803733943,1.0894049818180769,1.084199309642014,-23888876.9349232,-20867376.970433977,-0.18038232171489627,-0.3819374653678269,0.14108371716648577,0.1863158797543059,True,True
153,1077937.8436673183,0.9355179143511734,342,1.1545877766123462,1.1131600961966939,1.0702292496916586,1.165698454190866,-25636768.23747313,-22707593.576474294,-0.18258014749311274,-0.38812158998863167,0.13411834490514618,0.17645695193934713,True,True
154,1218971.324731884,0.9332476231519413,338,1.1508775783734664,1.017841810762413,0.9501637646105139,1.0062080741794703,-24051247.160806693,-20781991.42725319,-0.14390321181852267,-0.3082690800164893,0.2199196436418714,0.2644069894549907,True,True
155,1002413.2807889646,0.9483047113130619,341,0.9114663224180201,1.0191831532097066,1.1686841869912532,1.005547194000908,-19794096.720068302,-17054161.919122685,-0.17115482828222794,-0.3652348452323307,0.1615829873710495,0.2171310409962766,True,True
156,1044768.7419320946,0.947407871119962,344,1.1009170642332824,0.9112362677380477,0.9870105813271428,1.0361476387746664,-23660825.658731837,-20535448.020141333,-0.15856639203414435,-0.33615372228852797,0.18419601256099977,0.22521087459299524,True,True
157,1034791.6884628708,0.9517997670522034,339,0.9768634582627951,1.0530625155289302,0.9710126112029355,1.004816977820133,-21183954.40412543,-18269700.40860193,-0.16592917706727683,-0.3507023685179219,0.17096180967783145,0.21634458253427621,True,True
158,1029656.3821457345,0.9198652508061258,333,1.0665086013459109,0.9373705394122619,1.058296744355504,0.9772411538404792,-23068204.934784703,-19802157.95186529,-0.16387912472536703,-0.3452348602198144,0.17626092928022535,0.2211677643333552,True,True
159,935573.315878805,0.9562910421141988,354,1.0167257153798395,0.9626604768453161,0.8758847073255067,0.9263273810539308,-22465421.107367717,-19118761.99164303,-0.17508850388194394,-0.36121119394704587,0.15607501300786455,0.19253024367348534,True,True
160,1123533.9838900273,0.9059991820438709,331,0.9657268795417996,0.9940753515644695,1.174256631175905,0.9952093187114126,-20202605.73146624,-17393665.89936136,-0.14888958298996008,-0.32222154022714783,0.2086743629074689,0.2677974753030834,True,True
161,1190130.0581865278,0.976569748463526,360,1.0915109137679595,1.016331501919352,1.1702167657020295,0.966644152364621,-22963940.448889658,-19673055.450918112,-0.1507921130464702,-0.32332599856409505,0.20581462493383765,0.26135742073479556,True,True
162,1066429.8741851696,0.9101516258440815,336,1.057742701700732,1.0025549766787278,0.9004300172346777,0.9886232999650901,-22720136.652032584,-19556600.119374353,-0.1579289080969782,-0.3327704166881179,0.18813386309286573,0.22860727654006333,True,True
163,1062624.3926036712,0.9851535061691343,360,1.0295304974304875,1.001460182431833,1.1296676816877032,1.0249015301205644,-22220750.845114537,-19224955.240929525,-0.16480374969508613,-0.3513184846840618,0.17242697336374366,0.2228386843867318,True,True
164,1274066.1279047383,0.9477056158905693,352,1.0271623959428575,1.0869379333849791,0.8514867158232119,1.2060675050657519,-20741178.94290505,-18625086.112902727,-0.12840077994867438,-0.28833338179730184,0.24715211325103068,0.2925889944619462,True,True
165,1025746.146634243,0.9913562515857158,361,0.9655788625053098,0.9948531669267501,0.8693999920233829,1.176244870426674,-20655524.33532831,-18380404.60965594,-0.1557778113250122,-0.3365195784171621,0.18307013841233033,0.22294896790657903,True,True
166,1083551.812854256,0.9666244023454076,356,1.1922641407391656,0.9963868418542368,1.1129299814634437,0.8885443791555823,-26107572.021705817,-22059759.957461745,-0.17200841948510623,-0.35706406790360007,0.16428939737026846,0.2092471814626555,True,True
167,1155422.1285215034,0.9723500969229837,361,1.0517095145268935,0.9687091052775073,1.060621160868629,1.0716518311330743,-21929691.51364694,-19163965.67648885,-0.14463932251634165,-0.3144466106981206,0.21410342085940562,0.26440034605744117,True,True
168,1074363.0416183844,0.9536080187259388,342,0.9930177722586612,1.130689998621283,1.0509530317292923,0.9849179062190084,-21677388.164322954,-18617082.720369104,-0.1723978887827237,-0.3643666107418263,0.15981888410135872,0.20975944026503834,True,True
169,1048023.9600419599,0.9250510070268948,336,1.0570939054606139,1.0884735202294147,1.0774757862007234,0.9973881882205382,-23319383.296691336,-20069034.089686725,-0.17883830177294124,-0.37597278338986545,0.14734213918254518,0.19402070248249634,True,True
170,1006686.512136653,0.9382561264578437,331,0.9495266403662396,1.1027829450102489,1.0544349310918346,1.0617206481295973,-20963710.943591103,-18237674.355613876,-0.1806602916690881,-0.38320783558241667,0.14197122532073073,0.19034736243867798,True,True
171,1053598.8011001388,0.9398939333428602,339,1.10514854694993,1.0179242229584942,0.9609109026833849,0.9463003888921542,-24107824.235588904,-20585870.124799266,-0.1678954670391644,-0.3500959499855827,0.16942766172579204,0.2103417776008222,True,True
172,1121924.782856078,0.9278873989355099,339,0.8909986494742563,1.0454028679105187,1.1319864883340824,1.0579140306836299,-18515461.374082275,-16123980.64844369,-0.14617884690673666,-0.32063083124385644,0.2114255773543029,0.2726560068155289,True,True
173,1139522.4413927724,0.9661062548554099,353,1.0147834699728973,0.9392489679185053,1.1599093681498858,1.1852365626293295,-21085991.873297658,-18803270.2176646,-0.1444139388950252,-0.3204541677844467,0.2079068959308906,0.26239079299486046,True,True
174,1025051.6712148346,0.9492441973034286,350,0.8832490692782206,1.0516593259684954,1.153477679386296,1.0787016171413684,-19047340.881183524,-16624026.416575177,-0.1672606313892142,-0.36151316916156323,0.16571678684985708,0.2228713914940018,True,True
175,1087014.7746175402,0.9386024246172848,349,1.1571702371851131,1.0437119939200792,0.8827110994001242,0.8983436107235576,-25206169.209879804,-21352988.013022736,-0.1655032643684329,-0.34222852415808724,0.17643487263645136,0.21411564608953393,True,True
176,944229.466379501,0.9262612189467954,336,0.9983914310987154,0.9859390487334649,1.1173691845863163,1.0266448257809906,-22208543.874248847,-19203916.36096572,-0.1852700192636356,-0.38930998684011,0.135339385764207,0.18107195969876774,True,True
177,1109880.8530154536,0.963684594790442,352,1.0033645253666197,1.0383204157136716,0.9850783626642825,1.1453110006167426,-21259925.401096173,-18813960.614097293,-0.15252669088556253,-0.33157161114016664,0.19188093778016457,0.238638600540255,True,True
178,1119985.7965131935,0.9487860014516886,346,0.9728282740982692,1.1200010080891163,0.8638167917311995,1.1165019272182486,-20646410.237069115,-18182618.589066353,-0.15227698306356155,-0.3287212492714126,0.19396693865354084,0.23741300602806345,True,True
179,1099300.3718677377,0.9855060591171122,356,0.9706328095644673,1.0408705809146386,0.8586942378769085,1.1713322967480195,-20422080.342235994,-18174010.470133983,-0.1471700888057429,-0.3209237023680725,0.2024294746234754,0.24450674644556103,True,True
180,1171115.255347595,0.949447682610446,351,0.9572207418554045,1.0714336806158888,0.9132539839622045,0.9512425529157834,-19735277.769992094,-16881502.759558536,-0.1385919091534011,-0.29750344508142135,0.2372103638314295,0.2873128144053243,True,True
181,996558.2086317072,0.9131064363726343,334,0.9819045553978673,0.9495244285443062,1.0019372972869618,1.1421060201296986,-21195177.70179956,-18729771.580384377,-0.1626094583203699,-0.34940737249798504,0.1708412018345784,0.21442638405388736,True,True
182,1179598.118058835,0.9713775391600125,346,0.9122697860208847,1.045156118855938,0.8832162269878879,0.9734605492064512,-18418392.573083103,-15829959.70042258,-0.12922435396937676,-0.28100666002176156,0.26132748400768935,0.3124809813754438,True,True
183,900713.4270677222,0.9258307892402704,332,1.1018803820423144,0.9704318688960248,1.0359065715664157,0.9346488607898943,-24987327.458230436,-21276652.60157696,-0.19780537370303578,-0.4057146734100452,0.11832993947991576,0.1559382503528423,True,True
184,959356.022356366,0.911995593238841,333,0.9519804304347108,0.9479217794589607,1.0405027680540837,0.9249631424225948,-20734867.579855945,-17630501.397790615,-0.16911456548829443,-0.35384245530654296,0.1684950981171747,0.21512903315346413,True,True
185,1089593.9507696698,0.9629925295410705,354,1.068929127256279,0.9722379922189711,0.9197176690351778,1.0099995655885083,-22727257.858810093,-19642851.983049665,-0.1523490435842541,-0.3234752591503565,0.1994838534306118,0.2410276506492452,True,True
186,1195545.884126086,0.9636703041080448,350,1.060847075631448,1.0693912430357484,1.041996119865604,1.1791942538922744,-22257260.976538297,-19822527.80278149,-0.14810838380898048,-0.32568073493084165,0.1998802239236281,0.2496604361017241,True,True
187,994399.98386467,0.9614617253711104,348,1.0442230419346261,1.0855665534375731,1.0140955418332045,1.1142979062138667,-23319999.085007854,-20471121.783548933,-0.18682511645677918,-0.39392612485096307,0.1292874462174639,0.17084155880664723,True,True
188,1066467.2183524352,0.9563411148205686,348,1.157522599587367,1.0534734744156886,0.9923553988328433,1.052866185844546,-25491620.031636797,-22165201.062846072,-0.17456093828400335,-0.36691890525008697,0.15187180652153545,0.19175872886828607,True,True
189,1143175.25492807,0.982875506754875,356,0.9461338869539111,1.0849018694156012,1.0482735216340324,1.047834622972808,-19830145.29048251,-17241792.62722436,-0.1488357695327334,-0.32316570314157017,0.20580309198936275,0.2607913900765507,True,True
190,1025362.6338632104,0.9791206883384826,352,1.0425893030522386,1.071763118413597,1.0191259694261263,0.9917623790028542,-23006516.171691794,-19785652.0004372,-0.1778391461038756,-0.3726227012631443,0.14907402841493927,0.1931844837498903,True,True
191,1059550.292176611,0.9385343271088626,344,0.8864725763707368,0.9165234343318869,0.9747452821034646,1.0204086214031416,-18204957.76897058,-15771737.953008426,-0.13715952463468098,-0.2982240990650872,0.23621802652045612,0.28745045718682066,True,True
192,1100603.7603686997,0.932161016443949,342,1.0402816151043894,0.9407068973635125,1.1147195773980254,1.0663881326245808,-21966780.835484095,-19164659.803119626,-0.15160769656635034,-0.32767412983268485,0.19817449809912638,0.24884706758142247,True,True
193,1057739.2600476965,0.9536072745216192,351,1.0209127977388799,0.9669725821233514,1.1170463282407475,1.0278322486784088,-21892491.043390013,-18956846.1176008,-0.16049086475884666,-0.34292384941246173,0.18101978352154285,0.23109591782594405,True,True
194,1116439.9064672776,0.9595825323630742,343,0.9632722931558224,0.9752130147690665,1.0159282307787296,1.0543177579292629,-19984875.191027377,-17412600.02918147,-0.14228905572774725,-0.3095330189307512,0.22095949624368838,0.27218819889055995,True,True
195,1078162.7109112053,0.9590010231019794,357,1.0120016255833355,1.0254760878343174,1.0232446954769996,0.9646908724886691,-21683143.153416414,-18572076.235602453,-0.15908988568248536,-0.33678320540408535,0.1872573125943296,0.23546085468687522,True,True
196,1097507.948400893,0.9706726982714238,355,0.9374031480757923,1.0017301155710001,0.8518243457650402,1.1829845858751469,-19442552.735084414,-17354522.05325511,-0.14012780740459524,-0.3085408616177168,0.21848665815199034,0.2615739408008566,True,True
197,1034404.3046776619,0.9458806866071875,346,0.920361207323995,0.9314505388419357,0.9241682410006473,0.9067522792528093,-19252679.16781741,-16334374.105694802,-0.1448925731383058,-0.3065009882172199,0.22383574328197767,0.2707568501483711,True,True
198,1156551.9247591523,0.9486478318709334,352,0.8972003028334731,1.0253795444068012,0.9347088015481544,1.1306650119155228,-18175318.949815884,-16079607.76625639,-0.1313378475210914,-0.29246127269832334,0.24417568335623754,0.29629110554458105,True,True
199,1021070.2594344532,0.9655595570943035,352,1.088811900674511,0.9844993425532074,1.0499824024821072,1.1684649431187237,-23868465.149675068,-21170686.55968537,-0.17244651644359407,-0.3684786140224162,0.15099185010091226,0.1927811742389522,True,True
200,1075422.901623955,0.9433890669895189,348,1.004336523319805,1.1412414277989937,1.1209548825417905,1.2039511191767236,-22050763.114370566,-19658293.597845547,-0.17780907881261723,-0.3844592883773952,0.14133098008285375,0.19156921928898535,True,True
201,1211048.4858569815,0.982935508897262,359,0.9681421120573418,1.0789130334008745,0.8547627717873784,1.0323477400049226,-19695282.810498007,-17115076.24950519,-0.1318356543893635,-0.2876197595375508,0.24984450246641754,0.29734499676503123,True,True
202,1101342.547613106,0.9321665215662659,338,1.0561786610175634,0.9161890478921035,0.8282247970300926,0.9635224816385177,-22023038.114533387,-18895997.186773498,-0.1411001743153182,-0.2994277120286131,0.22979856927384468,0.26877821414117786,True,True
203,948873.2581813027,0.923513710382389,335,0.953102947328644,1.0072688474741942,0.9312287285484586,0.9661519022456013,-20996183.345059406,-17983705.698728178,-0.17520648179698248,-0.3652662624351921,0.15466083001113093,0.196037706310115,True,True
204,906205.9459198612,0.9659076045936463,355,0.9499885180222771,0.9400417774872427,0.9305222368488486,1.0431540641107517,-20957715.457455378,-18192684.236362126,-0.17546960815287843,-0.367945217846524,0.15063043511742208,0.189675198916094,True,True
205,1031949.7340625162,0.9450541254316562,346,1.011926719832677,1.0441730557133344,1.0220653733878635,0.9924319894501855,-22085145.339438025,-19000170.8568763,-0.17046757450448846,-0.3591022799392054,0.16269977419192597,0.2085508744607795,True,True
206,1315957.067532705,0.9452589388818675,337,1.0105996351321287,0.9851710094205515,1.055746451990581,1.1195768513143116,-19820036.943097614,-17521807.574311413,-0.11922849332718542,-0.27079089995343714,0.2785692158110928,0.33741122552129404,True,True
207,1124508.0937331566,0.9182433124817911,338,1.0785043672514267,1.0017319094042318,0.9495080059994166,0.966423849425343,-22857401.202143658,-19599891.558683902,-0.15125360593875298,-0.32035295642818234,0.20459543023709337,0.2486939378532364,True,True
208,1126034.0857641033,0.9551195924173836,353,1.063255048315118,1.0249813197078053,1.0861137017598739,0.9940794153739927,-22673202.949457448,-19520501.274553396,-0.15699043773669175,-0.33473961699500177,0.19026235392155352,0.24051093425242986,True,True
209,1002938.1995027945,0.9735895177409141,350,1.0110929418340888,1.0377711174382878,0.9045534543379699,1.078439747366409,-22157058.61137709,-19356622.837528802,-0.1708502555466017,-0.3607370258201754,0.15762440362570757,0.19693703044460584,True,True
210,1101417.719358204,0.9448508249010328,344,1.0348568750807177,0.9587505226467434,1.0432788427393096,1.0506873375991774,-21838848.460934293,-19005370.713816214,-0.1504177177269932,-0.3238620451566738,0.2017503406666567,0.24995619228833002,True,True
211,1106297.0656938753,0.9366070084137664,344,0.8748723286111566,1.0391339170703384,1.2067068262739842,1.047294684189442,-18258372.44790969,-15859471.197349994,-0.14973941105069383,-0.32855141113807673,0.2038518926784626,0.2690245814448859,True,True
212,1013558.97804622,0.911168759314109,330,0.9765527006911137,1.041604479659087,1.1807855253806845,1.1224277451799838,-21441179.569607187,-18847029.10011412,-0.17815399417664785,-0.38235872365224627,0.1439758268119836,0.19572846576941352,True,True
213,1059105.3814792335,0.9507093865505533,346,0.9141737646718496,1.0087694650900147,1.002770141546611,1.0030997684895133,-19290765.386023566,-16640656.565940814,-0.15121949263610418,-0.32439136772227306,0.20281199231954025,0.2539173834543296,True,True
214,916081.971936754,0.9649757670198866,350,1.0248464224977136,1.0326699695171406,1.0026199541872347,1.0673396392950678,-23177043.86743921,-20177379.664937876,-0.19662169132289145,-0.4096206568664161,0.11606368504634951,0.15501418992813787,True,True
215,1144558.7501669019,0.9451373695863174,344,1.1729593777852938,1.0002860061676395,0.989576343933653,1.0398491486149155,-25103238.780886326,-21803085.079700552,-0.156473470682583,-0.33279810321194747,0.18859461595074142,0.2308361357500895,True,True
216,1124804.0168168624,0.9759698458640181,356,0.9587622513789922,1.004440045603485,0.9279351045630857,0.8719108898859872,-19854108.920606486,-16737217.754639821,-0.14037182702323256,-0.2970564900268043,0.23789759422129236,0.28738673031613365,True,True
217,1016287.9855170363,0.9813997402250396,359,1.0953479035779237,1.1076952382494227,1.1484757538392265,1.1204126295353667,-24631237.03475516,-21627820.893863853,-0.19524021349808054,-0.4125099036169082,0.11719659947115525,0.1623625687692237,True,True
218,755417.3014417044,0.9322677038254109,334,0.9316975406374202,0.9936199147852195,1.1194042269134976,1.0688533364818444,-21909037.937016632,-19041438.707260232,-0.25019294368240047,-0.5175800030580935,0.06163677259922047,0.10059636164769568,True,True
219,1108466.1607159148,0.9238317928027564,332,0.9742266308566037,1.0199557352226156,0.9294430562611559,0.9653031109939906,-20421770.505937144,-17508896.682955373,-0.14623567331525988,-0.31181037666821,0.21681532857924918,0.2640291403914227,True,True
220,985174.1319348526,0.9436309385319159,345,1.0365756373926187,1.013415185242368,1.091694672483494,0.8769584836658236,-22964215.25996938,-19357795.570795577,-0.18152270471675305,-0.3758555146342315,0.14757481443940765,0.1938982937636896,True,True
221,951946.060588795,0.9153528503842738,336,1.0082345074526393,1.1075730748687043,1.1513192930539704,1.0189335904908403,-22908731.362389196,-19763378.65307778,-0.20670284780009468,-0.432468511189083,0.10557647452335857,0.15252247208288883,True,True
222,971985.4223594542,0.9110297062937434,335,0.9597857610790799,1.0790700818942263,1.0529697684525436,1.0607127664636025,-21371772.691788103,-18585847.30677581,-0.18660742053342952,-0.39372695741173763,0.13216609980685412,0.17832695903189638,True,True
223,1098939.6954878578,0.9746509843779091,358,0.9156380329506207,0.9258965213766175,0.9300130992539943,1.172408521750899,-18651323.62578449,-16629409.63977199,-0.13283875354916327,-0.2958701033247463,0.23748269236505615,0.28541126468134914,True,True
224,1012767.9141513174,0.9234737052697708,336,1.0514692162558434,0.929161933164061,1.1197241112543694,1.1227533800494227,-22825916.179490473,-20091303.98057869,-0.1671674170383902,-0.35815619063522797,0.16292755957147234,0.20875797546157224,True,True
225,1128176.9990171972,0.9137756974253749,329,0.969690686555494,1.0332420549535977,1.141277363546343,1.0931995022476189,-20397834.982438255,-17873583.24293542,-0.15153031298652436,-0.3309512982859947,0.19708141286725644,0.2536906425281865,True,True
226,1272937.2240537582,0.9626539545272498,350,0.9926713483387434,0.9626476235358764,0.9783972127977894,1.0935392134175739,-19514593.182271365,-17172611.09522595,-0.11914780054655763,-0.2682913512660566,0.28124311548201786,0.3356402469858938,True,True
227,1119620.2427859441,0.9226709056322675,342,0.8751144925629122,1.0685489932452088,0.983460381073109,1.073287212019216,-18102933.86648276,-15823710.681245327,-0.14191821600131718,-0.310913984812592,0.22080241311205723,0.27553454968328633,True,True
228,964987.7500823338,0.9180507233078731,344,1.0308291647423231,0.9650465294101193,0.8891057224330243,0.9400710747371412,-22623787.38785472,-19300940.78383027,-0.1706956493039156,-0.3538377289603564,0.1639398503884015,0.20143602459743687,True,True
229,1030832.0810161894,0.9500917122703377,349,0.9655383031784941,1.0857204264289182,1.0392557951582222,0.9617553302070145,-21112311.49815306,-18059877.49179806,-0.1730931240161874,-0.3643062958479866,0.15947848236045442,0.2084852856490153,True,True
230,999700.7111579214,0.9309944712148154,340,0.9361602098889853,1.0547265279435902,1.0227737939598494,1.0384503844708588,-20464074.173904236,-17741793.00559691,-0.172586088746876,-0.3660301931704502,0.1569119155597366,0.20453877565358303,True,True
231,986456.5877872311,0.9397487598204599,344,1.1445521671673562,1.0960130392143985,0.8759886193431735,1.066443740516201,-25823456.007626254,-22493397.44991039,-0.1909899563441574,-0.39572438312159075,0.1234283230823778,0.15668062883388145,True,True
232,1124364.1522015808,0.9660045305831048,358,1.0179738938886687,0.9055240500295104,0.9601478181995203,1.003451389466327,-20970701.938345622,-18117628.421707362,-0.13741313968655222,-0.29658446760308727,0.23670317199457228,0.28355842391531155,True,True
233,1168802.324628749,0.9364545312427732,345,1.1573312983711286,0.9636419812796619,0.8455034034074466,1.0381843289913248,-24264480.569596455,-21099072.400453992,-0.14371541365998378,-0.3072651846758991,0.2183712576068915,0.2562999168515989,True,True
234,1128190.6068145507,0.9611389536762306,341,1.019898749685015,0.9970452978998475,0.9740262501724581,1.0746369444086996,-21367966.819650922,-18685150.83428172,-0.14614439041007646,-0.3163630018208076,0.2103732203537106,0.2572751606211933,True,True
235,1179091.3167118616,0.9578052114451883,348,1.1405129194541386,1.0907213792814028,1.0596240742964997,1.068344106968693,-24466807.94761194,-21343161.83522051,-0.1598589508670782,-0.3424310520354146,0.18018338044286347,0.22750391672870515,True,True
236,1019831.9269539466,0.9403621826304652,340,1.0111203132410385,1.0639425856903355,1.0429594653080947,1.034939616134777,-22246347.25166504,-19273188.615095288,-0.17654626826353778,-0.37272119491369315,0.149733740277962,0.19553977684502868,True,True
237,1189954.622206343,0.9439371603067439,339,0.948494300704643,0.9324241629626677,1.099307346016945,1.0682186170222958,-18993057.752265908,-16607016.262786862,-0.1278084004840003,-0.28487808908078727,0.25775465499668093,0.31708644925032736,True,True
238,1096258.8844960157,0.9606035185718591,350,1.1266500937442303,0.9667455260229894,0.993448409963793,1.051878128253562,-24161382.1585387,-21027572.19996901,-0.15771154072973087,-0.33564467225611555,0.18528313227792906,0.22745726037475567,True,True
239,1073031.7471440623,0.9766537379511931,356,0.8880522364251773,1.0555470481330083,0.9659430335761814,1.0593734841858826,-18694692.504831053,-16291611.97577527,-0.1500337644846902,-0.32462669824315665,0.2023735908486487,0.2533688523502322,True,True
240,926916.3298207822,0.9447829093098191,348,0.9028481625839623,0.9692501624764122,1.0259545248962936,1.1183697458019857,-19812901.486332387,-17415871.67119303,-0.17466980399902984,-0.3723516765143882,0.14955226019990744,0.19478549675258372,True,True
241,1256688.7427750523,0.9420531706799453,348,1.1553859342569073,0.9828542746134924,1.0589946653116749,0.8736028800885216,-23855612.494380236,-20113173.18156794,-0.13946492460638582,-0.29592980261025376,0.24001629842080985,0.29165122874575516,True,True
242,1079136.5592799527,0.9090077304984474,339,1.1378133113553248,1.076037228506319,0.9222953025009833,1.0087466871357766,-24940815.484846152,-21529479.046141196,-0.17056596796322634,-0.3570034450732669,0.16115598694475775,0.19991725814823824,True,True
243,1234045.5874422146,0.9102894284114607,340,0.9727297543648494,0.993302583419454,0.8173686686458074,1.0616747296879743,-19265886.744279794,-16860314.11021958,-0.12023053136318558,-0.26676201390267507,0.28119347687842633,0.3271841480270388,True,True
244,1176003.0817685458,0.9790589772171349,353,1.0941719018060008,0.957209575732019,0.9644260299449395,1.0880847525352746,-22714015.568442512,-19924623.943481766,-0.14087232582616294,-0.30633659044373834,0.22234692385761184,0.2673999471596756,True,True
245,1086656.8023785257,0.9551259079782429,344,0.9240724699539632,0.9884439170234788,1.1666329257560717,1.1775588824272858,-19392128.312201515,-17251283.70304086,-0.15075525649340393,-0.3335048903608455,0.1942036657972438,0.2516323067687974,True,True
246,1030512.8917842912,0.9072391684971518,329,1.0987991215032553,1.1034031963604258,1.0752805458471975,1.0624940748363336,-24544278.762125317,-21353580.89239074,-0.18786392113808123,-0.39479698532842666,0.12972215820234675,0.1732611826960218,True,True
247,1071597.9407123593,0.97820218044579,357,0.9990419599291365,1.0178651383486936,0.8716874231253254,1.0766571975662946,-21252699.27654005,-18587077.390442133,-0.15270685906655854,-0.32693926352577035,0.19502800434826192,0.23614768825403573,True,True
248,1028946.283274861,0.9772399375219906,358,0.9559745809523802,0.9735525131057821,1.0619806101395213,0.9048873468694888,-20456972.371327,-17333182.89648962,-0.15908027643500705,-0.3350926344806892,0.1906095773094357,0.24152712062614817,True,True
249,1171647.4626475777,0.9671516589421114,353,0.9937917139750437,0.9469027679331273,0.9886631871241376,1.0054124307621655,-20216163.371147096,-17472963.18443383,-0.13268981798576054,-0.2890304851824271,0.24917278984685298,0.3005004431999304,True,True
250,1081092.1582811337,0.9932449664861821,363,1.034233720832341,1.0437525810589356,1.1655390296459816,0.9892788459534434,-22404950.988088682,-19256258.20681845,-0.16815655289476872,-0.35732836987322625,0.16772083549545203,0.22055490003539988,True,True
251,1156061.4855518288,0.9564805497749799,357,0.9149269362981185,1.0603300521777732,0.9424235197494674,1.1643161820486005,-18768114.78960197,-16694505.880149854,-0.13699123329487906,-0.30440229024826,0.2273464711015928,0.27848992013793245,True,True
252,1218252.290285125,0.9693378017839577,360,1.077688183712516,0.9869138179179118,0.8679331403953737,0.8996895814358181,-22027090.83747718,-18679605.899272356,-0.13293956205083643,-0.2828235496326574,0.2563847768603232,0.30102741344816497,True,True
253,1248097.073349678,0.949944954742879,348,1.010803646750125,1.073703927748778,1.115092113930788,1.0586318115751678,-20716367.849012706,-18059632.666497804,-0.13847680642153232,-0.30496388684366177,0.23010367069512416,0.2893463410314607,True,True
254,1123485.4045231813,0.9675818110459883,350,0.984807125458225,0.9659002642108011,1.0737181207571318,0.9905975150796115,-20484227.248973932,-17635922.01823293,-0.14411809621648325,-0.3109044441632069,0.22038639467969579,0.27400148234171984,True,True
255,1070800.1912931176,0.9722212946685934,353,1.0566403805422038,1.0301199482181218,1.0373494940880352,1.1564404172101772,-22881543.9014389,-20263642.434001114,-0.1652225749865191,-0.3554877943523794,0.16514364466735953,0.20991730989301605,True,True
256,1090632.924360006,0.9232016032696467,344,0.9509955882108557,1.069455212945625,0.863777157967049,1.1783089352177973,-20112374.24062895,-17912655.05878854,-0.15024151652177123,-0.3272735811131942,0.19513024801767734,0.23791203406115932,True,True
257,1113566.7999808541,0.9563374137449655,352,1.0620201921134922,1.010293429499569,1.015304424369862,1.0057757576430473,-22613445.28353054,-19517866.224329386,-0.15493364976166354,-0.3300352166311664,0.19404327210912936,0.2407897549952199,True,True
258,936300.3736121327,0.9211492428801547,337,0.9796385307420885,0.9954938561682799,0.9125878348721994,1.0746255655586072,-21690085.2660804,-18928098.24790423,-0.17793947648942546,-0.37360964209418346,0.14492475721080258,0.18313570601770754,True,True
259,1123397.2438202915,0.9366423827949448,343,0.9816129182650557,1.0128465349966265,1.0365634615234054,1.034670170468229,-20561017.886944182,-17841854.49211741,-0.14739256097132972,-0.318595085775144,0.20983683614169457,0.2615295121234648,True,True
260,932652.8366705005,0.9325097529177157,332,0.8950855818889941,0.9371581419325228,0.8975730310019625,1.0667364257368634,-19359408.49659625,-16886896.76034473,-0.16271023052638825,-0.3454829849724417,0.17416684384795694,0.21526378900069254,True,True
261,1155243.0932859345,0.966035520326612,355,0.8687414782559412,1.099361198732825,1.2146044305501398,1.042815061728821,-18008702.710669827,-15628476.263040096,-0.147233807970981,-0.3248087115514173,0.2099148341352318,0.2789012672196663,True,True
262,1258067.2977167158,0.9448684367923146,348,0.9931689759271225,0.9190529498253057,1.0386725377982222,0.9964186094177938,-19516949.16212059,-16852900.76642595,-0.11948219871089295,-0.2652095827608246,0.2878073577723157,0.3455428858848215,True,True
263,1083620.7087548568,0.9518135909047576,343,1.0258741428728568,0.9425134768271138,1.015782199813486,0.9927815524417749,-21654164.519647665,-18652413.741881274,-0.1500613651356488,-0.32028353569750356,0.2058957933931354,0.25312387631794214,True,True
264,938339.8101394082,0.9451602386954038,348,1.015278452222685,0.9711404101843318,0.9764571865147689,1.1297422543911404,-22514671.781531334,-19829626.600419614,-0.17966118957217267,-0.37940320132975225,0.13985946490658652,0.17873162761684097,True,True
265,1019824.7260780751,0.9291901191498484,339,1.0975439548637154,0.9319940347820184,1.19520297469725,0.9397264478016338,-23995717.822111305,-20449398.547036108,-0.1725627155105808,-0.3618142674936194,0.16113322093703866,0.20959883041230337,True,True
266,1025057.7325245205,0.9274204119911754,342,0.9394182032426226,1.0529060237807906,0.9165692477635448,0.9902133669620106,-20274847.154937577,-17446062.969688848,-0.1624166142379448,-0.3429877141369052,0.1788012339822725,0.2233014709511759,True,True
267,1041139.784878129,0.9350819392303161,337,0.9085417675186244,1.0721581855375153,0.9400201729840056,1.031636636056997,-19482007.02719717,-16885634.81611066,-0.15957341209603937,-0.34047542109645595,0.1828273726039191,0.23026732306833414,True,True
268,1058365.4782851636,0.9292586108508523,334,1.076972941513131,1.0664826076801506,1.0252541594978237,0.9284722965780791,-23613966.32239343,-20090744.492506944,-0.17311960591276304,-0.36103937518744456,0.16046818759309053,0.20531873079186155,True,True
269,1024440.67504727,0.9344045202047859,338,0.9527650362731943,0.9333986430221016,1.2089350486169936,1.04745822199002,-20359716.246815164,-17683418.407056406,-0.16037867631438724,-0.34568587895909797,0.18048551346097425,0.23598985765536115,True,True
270,1205006.5040049823,0.9520649004843509,346,0.9423753758675518,1.0489174456557069,0.991382003262997,0.9947901315741385,-19100635.477085847,-16470446.519895202,-0.1321863230936266,-0.28894827652255956,0.25123592559215213,0.3071549054707917,True,True
271,971370.1467195486,0.9271123212974393,341,0.9982418664860206,1.031002187386481,1.124839470472324,1.0119708374462506,-22197751.729247477,-19143676.148597904,-0.1858522981430964,-0.3907469901357048,0.13520095063412071,0.18266413388427377,True,True
272,1085848.8153155954,0.943010730470016,339,0.953034355426329,1.0455001924665772,1.0349615124690523,0.9502976741945997,-20243383.12050476,-17292359.987167764,-0.15521922242161534,-0.33015115040436627,0.19675513219733975,0.24897577156861175,True,True
273,1098812.7071551636,0.9518549819398572,347,0.9673523498888841,1.021435942184774,1.14180681720424,1.1348384139558887,-20500012.443604264,-18092040.004711878,-0.15539394233278306,-0.3396532498818428,0.1864628999927713,0.24132743523358494,True,True
274,1214896.0508840734,0.9555104320937294,348,1.0159055176535576,0.9820912802955833,1.0040899452292542,1.0441665841783723,-20613190.52955266,-17944511.104319375,-0.13189558255692146,-0.28960438631637403,0.24856127083689925,0.3009678511365758,True,True
275,1062502.154158829,0.9492857317906561,341,0.9116811201423229,1.0609667684580635,0.9968429225252973,1.0345841305011718,-19407469.327524044,-16829420.244588096,-0.15634862673730213,-0.335642168575274,0.18967273668223766,0.24050647832022212,True,True
276,971133.3524744719,0.9483621019080016,335,0.9599597408244039,1.002787573566044,1.082053736874858,0.960927071912215,-21099124.171935495,-18044504.145945013,-0.1765378791415034,-0.3705760102290959,0.1530771247248646,0.20121919885295186,True,True
277,1167786.5797274178,0.9376659298971638,346,0.9666632398247719,1.0151490436282673,1.0121468090140349,0.8760225178415878,-19858317.12183956,-16745834.775976285,-0.137950815567695,-0.2942144198387152,0.24399618205035925,0.29905162376590144,True,True
278,941801.6439685875,0.9330619791207605,344,0.8961456853763544,0.9535319847014504,1.0199418649577034,0.9396200804559027,-19472092.223371923,-16598524.43901025,-0.1679455989633806,-0.3526672438891536,0.17023010786649312,0.21787067116071313,True,True
279,1024478.951125471,0.9904905212105121,365,0.9512386601495353,0.9496496167178117,0.9224400193783695,0.8850632611414783,-20167490.846650895,-17041844.327961933,-0.15156204722340094,-0.3176759467921706,0.2087521752120701,0.2538261778092225,True,True
280,1023256.0792622424,0.9567363542710458,351,1.0366167737782146,1.021121768313718,0.9577549683956972,1.0766026870390988,-22623096.86666107,-19757969.67785297,-0.16876138930411425,-0.35744024320020906,0.16175883383232653,0.20296745954848247,True,True
281,1196798.0349364555,0.9696325138562548,352,1.0575276032158811,0.9249939754213642,0.978637030174152,1.017509138504015,-21532793.532972973,-18657273.843818877,-0.13247231641739823,-0.28840316788712345,0.24896231794939566,0.29767149398892845,True,True
282,1095245.0690908402,0.9412988601283129,340,0.8677156942427879,1.0834032982858588,1.1079613975887095,1.0459645887371873,-18253937.006634597,-15853999.193205884,-0.15270751063850774,-0.3326372651457203,0.1973139381238299,0.2576748262676224,True,True
283,1185479.0866902252,0.9268234692656958,334,0.9632350783060796,0.9876098454519294,0.8856822181600816,0.9566351901601475,-19422704.618305016,-16645487.574078644,-0.1280994034066306,-0.2774821653009181,0.26588098859655174,0.3148496809685532,True,True
284,1097001.3763675499,0.9762751920571514,358,0.9855020976704025,1.0387472763959276,1.0951054880289375,0.9722372599838781,-20997690.749432895,-18002620.292753022,-0.15755407840250396,-0.33608739544986244,0.1903972252413587,0.24382075756325464,True,True
285,1012480.9844870992,0.9216624889217465,336,1.1238232653973759,1.047312976776283,1.0369677994649864,0.9719273307345554,-25045517.683911562,-21464928.177686203,-0.184235236611932,-0.3827735718167368,0.13854073117224444,0.17973463247599675,True,True
286,1192493.6360241517,0.9744840488460159,359,0.983692648398381,0.9464307208724677,1.088029939536321,1.042709735121754,-19900877.972534787,-17313271.68862073,-0.1317300051791234,-0.2905533806837962,0.2488981712076141,0.305980167150829,True,True
287,1160200.294309185,0.9563102718916091,353,1.0142730809638547,0.9783278297774447,1.0902059619332474,0.8964856653515202,-21023636.355863556,-17791061.11819313,-0.14256649623640505,-0.3041566338805067,0.23034730742684897,0.28582435645426235,True,True
288,1321150.7379455066,0.9493315822274531,353,1.0696023111954989,1.097202764253247,0.8838704870677527,1.0125902996668334,-21533265.14956158,-18650617.53515768,-0.1274346784688548,-0.2786813381929805,0.2635780620783305,0.31211352568024636,True,True
289,1261048.2983662672,0.9875051745236989,361,1.1339506856106807,1.0350850642628275,0.8669540296427952,1.1297109511140258,-23313868.651033133,-20625071.762932606,-0.13546632967188915,-0.2971134514219993,0.2335559501165244,0.27555830171196244,True,True
290,1069640.4516043784,0.9474174736706712,349,0.9786729268977852,0.966771742660268,1.0771522707598389,0.9677917668260785,-20719842.067807514,-17757532.4269614,-0.15316254274777955,-0.32670718890288963,0.20030332117095306,0.25203804439269795,True,True
291,1178743.5597794836,0.9302417442248325,347,0.9873473753664586,1.038614865743858,1.0085138738849806,1.0376885254278645,-20387357.800701898,-17711195.18419875,-0.1402479075650401,-0.30532801961634803,0.2271221671137554,0.27971047474197963,True,True
292,1086584.010927661,0.946724967096889,345,0.9532231972573492,1.035602251211262,1.043172581537493,1.0254538149349195,-20210068.641236585,-17498315.842987407,-0.15426230555019566,-0.33152876877183474,0.1946972318160095,0.24656787302678695,True,True
293,953912.7025809223,0.9484285268513597,348,1.1190835044389125,0.9905080852443497,0.8585817811173673,0.9475910042125508,-24989624.14787863,-21344863.718085196,-0.18168662304511704,-0.37313378172171846,0.14285150771438845,0.17587946983638678,True,True
294,919032.339536812,0.9567980734070213,354,1.1642667899112997,0.9859484010705301,0.8547624757717505,1.1206593115375394,-26351956.346259896,-23167218.553409126,-0.1918357295320568,-0.39744599408161957,0.11974322966578484,0.14922450872201581,True,True
295,1141372.6156399567,0.9571534142561291,347,0.9465987573171264,1.007678414669822,1.1533439054981711,1.0490367696865643,-19635621.72370672,-17076310.34245479,-0.14469985404773378,-0.31674235387283795,0.2153742688501626,0.2750806520130518,True,True
296,1174255.350095237,0.9571122647882416,347,0.9209019616592522,1.0093445184147507,1.098427363594025,1.0407861259028608,-18720423.575096745,-16270352.220499717,-0.13486926283985404,-0.2975969744583305,0.24059511908565095,0.30116692300042297,True,True
297,1093899.8822546601,0.9402593473745999,342,1.016120623993281,1.0045991518429838,0.8073099908246849,1.0249051481418094,-21410659.947636906,-18566990.827400163,-0.14659737206526802,-0.31242890892834874,0.21218684143372135,0.25104254475559196,True,True
298,950794.7174340375,0.9362132240860045,344,1.1863785221164076,1.0032005315449855,1.0524780754716603,1.172920855435472,-26884758.485718753,-23825277.812995464,-0.19697332631138298,-0.4125037890503801,0.11170337250440424,0.14746248251453697,True,True
299,1146683.7263366235,0.9860247804149961,356,1.0394993373221113,1.0041532359899836,0.9477661403583957,0.9578484967246548,-21730709.447817072,-18608958.238242872,-0.1445992068191637,-0.3081431463878727,0.22127747153836894,0.26793196234925803,True,True
300,1183065.4266726975,0.964059904057644,347,0.9902533612332617,0.9525946926736845,1.1863076626970697,1.0858968944865415,-20242082.854624037,-17735268.656108312,-0.13752787824404708,-0.30462567626990755,0.23060946225697404,0.29083439060512284,True,True
301,1054585.7783703352,0.9982876516415335,365,1.0038220673153238,1.0275379821179917,0.9966755559915732,1.0425280230130252,-21634328.408016272,-18785847.67404341,-0.16213054299257246,-0.34512457068049335,0.17677212311932364,0.22252039989599137,True,True
302,946643.3304029605,0.921021699223461,339,1.0711564033877943,1.0368357533671078,1.0840294913609991,1.021616979354846,-24190099.753712844,-20894599.382954538,-0.19667549282060934,-0.4093133905580155,0.11780057558917546,0.15944363032829945,True,True
303,1099759.232131705,0.9750729589542723,357,1.0190246876073357,1.034039541203368,1.0078731807657744,1.1689097268480888,-21725841.876327004,-19299254.420196094,-0.1560734624285076,-0.33918795975611926,0.18303101179939124,0.2293923832420328,True,True
304,1078686.2747797356,0.9540373322010358,352,0.9905553293657017,1.0602535307714818,1.0195458492335814,0.9339048026097435,-21278892.005500995,-18123325.13649426,-0.1610650655422755,-0.3397257602891015,0.1847549733319671,0.2341559722484824,True,True
305,1095846.3087990987,0.9816663812604738,357,1.0406984483839243,0.9450582397732408,0.9547120165561224,1.0149882402657573,-21897062.358101275,-18945195.44229228,-0.14747219743900583,-0.31538311337093405,0.2106837826128659,0.2550286864424055,True,True
306,1003172.0498464821,0.9694564357392053,349,0.9813071756900049,0.933128779590017,0.8673935539021602,1.183514776446683,-20965082.522002727,-18684591.53086986,-0.15445167627364645,-0.3336974190677178,0.18542536508505986,0.22366926470061305,True,True
307,1022655.3087526571,0.91877783096447,338,1.0092901253315594,0.9254682362038996,0.8872575291717186,1.090547124024597,-21508128.277731813,-18858359.73704663,-0.15313133525299494,-0.3276778173510731,0.1932128267923289,0.23258326455155595,True,True
308,1032669.5110779197,0.9567613666815391,348,1.0209028274780971,1.0567323484484301,0.8991971877223104,0.9727261378569019,-22258539.77072492,-19094955.266414385,-0.16756079264367904,-0.3505628587065931,0.16889772219408414,0.20957653045938693,True,True
309,1045673.7470824071,0.9271037788779416,331,1.076891758805198,0.9992586110992355,1.1654400110337813,1.0083099147009593,-23543327.252538864,-20302584.111402564,-0.17303529220425798,-0.3659752777228141,0.1573069184036476,0.20620585652095683,True,True
310,1013477.2229955434,0.9561909695102595,348,0.9337136634427687,0.9384121173811526,0.9991077216404656,1.0863979839761917,-19822772.11416553,-17357567.13365281,-0.15354426168195778,-0.33102097392357094,0.1927841671655456,0.2397649065100053,True,True
311,1136026.2990729585,0.9458274967117836,355,0.9077496930772583,0.9465646381047019,0.7755781645272479,1.0977492878503234,-18134134.043771997,-15975642.758096881,-0.12308328628841052,-0.2729318352850883,0.2700881637515142,0.3130317188898916,True,True
312,1034848.1429804403,0.9220449145001067,336,1.1028822510422338,1.0545051741610512,0.9537529559244964,1.2192963315791907,-24326269.148699425,-21763643.336095598,-0.17542562789691354,-0.3745624769094971,0.14348253497096566,0.18148479259362765,True,True
313,1161446.86323179,0.9820442576850811,358,1.0898093712803547,1.0453916522974807,1.1094210858154032,1.00543068002723,-23187080.197764974,-20002495.865749992,-0.1560771074209082,-0.3338960086602373,0.19167113093145574,0.24308673459426364,True,True
314,1043994.9579169397,0.9190496875480404,331,1.0147002849183728,0.9515874164926079,0.8847085175280989,0.9903549736077042,-21590775.24920665,-18596834.37306661,-0.1524413036753868,-0.3225001640670059,0.2003776452487984,0.24101219404298632,True,True
315,1142992.1445535978,0.9506203403322828,353,0.9866539357561066,1.0006414845031992,0.9553909727430703,1.2032049769706152,-20428763.85430054,-18295764.23736152,-0.14048051640453527,-0.3113662228669281,0.21633504756981653,0.2634653914763324,True,True
316,1061223.4245931301,0.9398073523330238,343,1.061736552859301,1.0034387981398984,0.9854554622430454,1.0003344360954651,-22929590.8520628,-19767078.411177892,-0.16241358520726437,-0.3429083530896908,0.1781107473644646,0.22154086421074531,True,True
317,1004983.0694763723,0.9398473931073146,346,0.9684857825812011,1.0439721519540799,0.8306943238724732,1.006986220341647,-21044922.779790703,-18167955.273009393,-0.1645947021969217,-0.34556784437360194,0.17309655620235886,0.21167178592368188,True,True
318,1028746.6545187563,0.927648860495419,340,1.1108777185975536,0.9554302710773921,0.9531973877159104,0.9904421724470449,-24174690.12594163,-20807470.77581156,-0.1656842344622758,-0.3470314217367626,0.17158037635243348,0.21070588419755035,True,True
319,1128366.7937233131,0.9194983158395601,332,1.1638960670488359,1.012491671521425,1.0237649280242274,1.2129137695620429,-25070408.26523745,-22436104.450616732,-0.16079592148175822,-0.3481954665107989,0.17096336459839026,0.2128552343499219,True,True
320,1047960.2054476745,0.9333442044335241,340,0.9057886325839406,1.0427644090914592,0.9314825925859039,0.9797673666139715,-19240044.769026674,-16529188.620125353,-0.15389584724289454,-0.32743735729890244,0.19799899455522915,0.2459711138245496,True,True
321,1086771.762598379,0.9369064981399143,335,1.1394367529059892,1.1026803095503872,0.9091061390134014,1.1016170385967734,-25021559.53556233,-21947153.485671226,-0.17173106291594178,-0.3626988857703465,0.1548259902939003,0.19263414838302922,True,True
322,1094627.4451327906,0.9879963071415767,354,1.0470510988492663,0.9920694305933583,1.0026993275208493,0.9763912576096722,-22291669.311532862,-19140996.682580836,-0.15462941398014332,-0.3280152575793484,0.19633592275075437,0.24268354892187483,True,True
323,1089895.8117110902,0.9179859224196295,325,1.1536914042989952,0.9309779359029976,0.8865804903835903,1.1492592915410473,-24652119.903409407,-21843114.39572363,-0.1537607278119519,-0.3302041581761666,0.1885452894371845,0.2248270845391714,True,True
324,1038279.2393957883,0.9333770162402609,343,0.9342941415760325,1.117401801542008,1.0413984502630051,1.0009536772650665,-20406035.37543796,-17572173.314367108,-0.17321211342912204,-0.3670593447873755,0.15772230328668801,0.2084488416409303,True,True
325,1015602.5416223324,0.9336475422306941,336,1.0277203850122443,1.1041769956726493,0.9907685567733603,1.1888189084038665,-22812152.735374082,-20286853.373853985,-0.18209146071918647,-0.38788488087985007,0.13408300471063858,0.17573416028354674,True,True
326,1070276.9113190381,0.9406376575932716,345,1.0577124359574854,0.9796197664383298,0.7960724442982963,1.0726058635672604,-22514271.036455564,-19686883.981609408,-0.15123620896240586,-0.32211527815447183,0.1983851819158592,0.2341173856614393,True,True
327,1110804.1156397753,0.9561276691672367,349,0.9669922892579754,0.988025655599381,0.984271799222387,0.9396994218843298,-20142823.321627315,-17187538.380235907,-0.14380593523330296,-0.30701028493962745,0.22445663362061963,0.27489444645107725,True,True
328,1066498.3937318276,0.9460496076845724,344,0.9680486227416392,0.9790713801811703,0.877827370038455,0.99680651537276,-20365258.207325675,-17564894.349472746,-0.14699497244331597,-0.313335746812033,0.21298059398265148,0.25613104497342104,True,True
329,985618.3368705091,0.9051294761286385,337,1.1205244780107881,1.0766519547975664,1.064369451295394,1.195271264274882,-25291854.065448433,-22494898.001934454,-0.19563658340179815,-0.4130100233635077,0.1134979339497653,0.15297657248568644,True,True
330,1058309.837779347,0.9761567445020464,360,1.0281942834477575,1.0370627508818921,1.1674215452612717,0.9271842097771203,-22389164.186911374,-19032608.84289127,-0.17148496784472927,-0.3610921955438927,0.1642366933556331,0.21695339055994695,True,True
331,1162047.4798491783,0.940972843339117,346,1.090757035164507,0.9630522220336281,1.0979459443703405,0.9385191432448725,-22868401.918697845,-19502759.373978492,-0.14753334731456177,-0.3144001837307313,0.21518934407698775,0.2667670544312784,True,True
332,875333.512029208,0.928062729212999,344,0.9751005086620977,0.9716147029633597,0.9739037926109984,1.0430994695920515,-21962906.68852464,-19047940.27349943,-0.1922699425932026,-0.3998569947001907,0.12303350152408764,0.1613173902747723,True,True
333,1239489.073536672,0.9395643786160696,345,1.1679304065856642,1.0898336666102566,1.1290605244280192,1.1300677552447964,-24782552.356142983,-21860759.789756596,-0.15467571606423317,-0.336433186565347,0.18803358448878457,0.23883331990466777,True,True
334,1079180.7819226473,0.9596219296509793,346,0.9081281452226763,1.1373918878099427,1.1934324400445984,1.0496784293623904,-19661107.037942845,-17063493.77859825,-0.17141999755805687,-0.3701457106375408,0.15961661586713072,0.2202463687126071,True,True
335,1161463.1772872803,0.9808195797014075,357,1.0379332634247442,1.0011844495178392,1.0060794524652732,0.9333543361582709,-21624349.739673957,-18430879.443119433,-0.14378971162915039,-0.3065788808823588,0.22486570459150604,0.2750347048825925,True,True
336,1183557.6260270914,0.9892176903906285,360,0.9945510414914683,1.081392488587865,1.007104283475618,1.2041813096442562,-20702270.844349127,-18529129.794462502,-0.14429653811122842,-0.3198904371247924,0.20725457167247743,0.2580093849293161,True,True
337,957418.6559852898,0.9213752252918379,332,1.0195635083425911,1.0056496227079335,1.0730950008332554,1.0275056761104004,-22691659.340320133,-19627927.15080415,-0.1847168377585092,-0.38732244158536555,0.13598131757400453,0.1797843987462079,True,True
338,1090758.5816122792,0.9870434871232672,360,1.1521126674986155,1.0326275023087839,0.9965811005170401,0.9629634926939511,-25102581.24568092,-21496184.268910605,-0.16751045234164566,-0.35042236319646985,0.16944137796802045,0.2112908696033877,True,True
339,922532.0508487795,0.9055286967514967,327,0.9192511484088789,0.9450122782716869,1.161571363615392,1.1617639550479193,-20250465.934716675,-17921933.190931242,-0.1795743767299303,-0.385415520892369,0.13982146663866923,0.1887876868295306,True,True
340,1067466.043188411,0.9545173244988453,347,0.9202178304411698,1.0805827652116262,1.1626347217542847,1.0503755176442846,-19795037.35976015,-17192121.07224928,-0.16570263717495146,-0.35744218354067714,0.1700355946037492,0.22786904736630303,True,True
341,1116938.593005279,0.9733106206709244,352,0.9979661130783105,1.0010121464208723,0.956112403041739,1.0825189720387627,-20901173.489077207,-18303795.769233488,-0.14589345406829232,-0.3161461109062305,0.2105207400327909,0.25712033020847436,True,True
342,998907.531760273,0.9513481692157995,349,1.0407200793269644,0.9854194705858752,0.996611837903735,1.0802991191520404,-22787832.951986007,-19910413.738873772,-0.17120254966986698,-0.362354875026632,0.15700226535951814,0.1985008599178657,True,True
343,1004552.662729211,0.9331036582763006,331,1.0418992250038859,0.9664383077144268,0.9204350902430846,0.9990873874557933,-22643316.11909433,-19519199.6216647,-0.16495240950650708,-0.34615431807022423,0.17271229170611954,0.21211643510113132,True,True
344,1086875.5729150996,0.9264874931463281,332,1.0042734474171535,0.992611512362876,0.9820586780620637,0.9213688947523779,-21263022.407439128,-18080431.14754293,-0.15169997402658383,-0.32039400098840154,0.20630594981483139,0.2538958082438682,True,True
345,1022734.233003525,0.9202338951756766,333,0.9079703924116761,1.0472255757807118,1.049946940748631,1.0606193108177353,-19585596.372462012,-17050277.256101403,-0.16493079851706127,-0.3536016356102411,0.17067849830291634,0.2218908656218046,True,True
346,1205149.842310388,0.9298343098285508,343,1.0173623369117595,1.0985241964695425,0.9895690387976435,0.9307781999174357,-21170391.00933249,-18031907.683085784,-0.1438171560386239,-0.30724954809050276,0.22503738643300852,0.27739008758694006,True,True
347,1097270.3537514154,0.9727949625669517,355,1.0325764956812784,0.9830871845370678,1.1027241253104019,1.197333478115855,-21956952.969623446,-19600116.96755528,-0.15559148771418416,-0.3405139850647988,0.18263527672255034,0.23183387964017205,True,True
348,1062318.3088549892,0.9366321426478025,353,0.983965606034847,0.940225056890783,1.066115924394746,0.9624437741136138,-20789641.186196122,-17803565.937661372,-0.15163223385592786,-0.3231311575713602,0.2040815141312872,0.2547717313280478,True,True
349,998483.336235636,0.9549644918032636,349,1.0927451282702534,0.9844207748721013,0.8915563289565187,0.8808291850481155,-24008020.272426255,-20273583.619693927,-0.17109466732166778,-0.35190759052358017,0.16587703519352548,0.20298761574537919,True,True
350,1085996.5146043836,0.9108567620774137,340,1.074972324387638,0.9183700451991413,1.0285950070437297,1.0791798522953098,-22778808.29941036,-19926836.248535126,-0.15172614315895758,-0.3264351776657028,0.1970717768462598,0.24201268655116345,True,True
351,1132070.6663014367,0.9422850046181735,340,0.8809274890222031,0.9180977064367597,0.8541342809508757,1.092504790192284,-17447783.67731624,-15354708.882761944,-0.12077746779368095,-0.26975331778895045,0.276963600757089,0.32518049025640056,True,True
352,1121837.5546474508,0.912302534020367,334,1.1380713886716307,0.9520334371286812,1.1404755584546713,1.0761452087100392,-24327704.91515316,-21253213.223488677,-0.15792834939486988,-0.3392555817325661,0.18374581221570113,0.23183189493645165,True,True
353,994609.604618145,0.9270674562389835,344,1.1263441441129962,0.9896871823602224,1.0233050799005876,1.1065077646831303,-24996177.825547837,-21927465.74276351,-0.18014859337613232,-0.3793378542732658,0.13987118775757107,0.1787730993575815,True,True
354,1019764.6929315057,0.9146194848683191,341,0.9809237339430461,0.9791148183899983,1.0111586905102947,1.1595694301625685,-21129468.007791527,-18728657.02463598,-0.16182179404837707,-0.3491718909426769,0.17167020801437616,0.21653708233231456,True,True
355,1022474.4732656608,0.9554888344696804,352,0.9034263561557376,1.0326949245690402,0.9724772845438048,1.1039446861297963,-19356469.77435553,-16991720.371529814,-0.1593740052532061,-0.3432934885167783,0.1795674286231509,0.2272236603058137,True,True
356,1086920.189366933,0.9688515903705339,352,0.9200660404892641,1.0966749882259232,1.0665467288856114,1.0561302643137804,-19641153.072941754,-17088105.81509964,-0.15948568020657372,-0.34412171734848157,0.18206650833935958,0.23657861163690158,True,True
357,1150709.5926343794,0.9597206615495272,361,0.9985483293234954,0.9865330717755117,1.124357882854785,1.0943204457475653,-20759666.17159328,-18208968.073429678,-0.14468401335065634,-0.31724774780115345,0.21265446023917167,0.2679798144020309,True,True
358,982338.2986187846,0.935094047076987,344,1.082357908358372,0.9661703121738173,0.9921734493602837,1.1938938612024454,-23867503.07382025,-21260930.424323224,-0.17525436580501533,-0.3732867691774965,0.1447444723317357,0.18301050656093645,True,True
359,1075409.3171141634,0.9532207107329896,350,1.075310206350484,1.0195952131892243,0.9142600873392133,1.0888582547991514,-23173582.21428284,-20298514.716316424,-0.1600324034195563,-0.34084681866457633,0.17846351454348844,0.21840630676008832,True,True
360,1202451.996873672,0.9190112746982372,341,0.9707263562002652,0.97075291963233,0.8315465557324334,0.9612423345160915,-19369779.299571212,-16625388.640495071,-0.12313898560941612,-0.26772372329197786,0.2803887135746782,0.3268831503464444,True,True
361,1173411.4964053747,0.9214747329805626,343,1.0577596824685447,0.992434792533389,1.2327086969688765,0.9421500448142962,-22196097.988653746,-18925325.38251031,-0.1504803328790324,-0.3229184738975652,0.20801556397032384,0.26743333524031593,True,True
362,974129.7553132178,0.9616533514876978,352,1.0937829808974406,0.9126574750758664,0.9258441262489356,0.9591740664053172,-23949794.253588866,-20502599.450824037,-0.16885047173835172,-0.3508323758766794,0.16655489931233772,0.2034252483485997,True,True
363,1135576.6720574326,0.9216366552053409,339,1.051352835604813,0.9469422816950229,1.1078505801694147,1.0816001455143636,-22015101.551771354,-19266539.35659896,-0.14721480131861261,-0.32013467906322657,0.20738450931109081,0.258688175409494,True,True
364,1189953.43779413,0.9555033730529288,355,1.022630401707645,1.0249049205191976,0.9624983252318434,0.9495320316527324,-21093296.491696354,-18037449.03440728,-0.1387536234544222,-0.29765030653700203,0.236826598491736,0.28680784579234087,True,True
365,1031944.0349474503,0.9871872594372135,360,0.9634615704773372,1.0205572069216111,0.9422735741520321,1.0195564465889413,-20717353.84777473,-17921461.69519888,-0.16017625496191404,-0.33994151698306463,0.1819554133521794,0.2264934776896185,True,True
366,1043065.0471543018,0.9479201081501798,340,1.0516930943826899,0.9992208498290036,0.9839187162285061,0.9543351146892881,-22790763.14731799,-19487590.9014127,-0.1644904626996374,-0.34489646860697054,0.17612435102109802,0.2195365199014172,True,True
367,1165413.8118878484,0.9579218224963562,352,0.9082324195022663,1.051294212138894,0.9473951749578514,0.9360293786255929,-18501717.321646694,-15780448.466309544,-0.13399214555426472,-0.2892868358733449,0.250589856452667,0.3050668262268567,True,True
368,1176867.7615159235,0.969280725041228,354,1.1105633077691113,1.0041415106476135,0.9819712745297206,1.048476245432424,-23320257.153515235,-20297502.506012347,-0.14683227199051863,-0.31601380985448474,0.21022634295977108,0.25570999857460097,True,True
369,1159881.1385145537,0.943055052394613,347,1.088853314095996,1.0454533665682135,0.9444768663040722,0.9705604622803171,-23031245.324569445,-19763482.47108719,-0.15039219125587497,-0.31914488035869665,0.20641397115862334,0.2512167880757918,True,True
370,1237549.3320743705,0.9488948841780004,347,0.9096104502271345,1.001107974518102,0.9889148548208035,0.9647888421750751,-17855284.481952865,-15322016.226460533,-0.11941347173874686,-0.26412919979188393,0.29060901186001736,0.35031327037787885,True,True
371,997862.5326710873,0.9461236745762811,346,1.0971339867413625,1.0079553255782323,0.8408679518630191,0.9037065792571642,-24177291.756287426,-20500539.33050093,-0.17237302795026233,-0.3544340701832871,0.1621123155074922,0.19698197265948406,True,True
372,1017226.3550518109,0.9520022294540155,347,0.9761420052428399,1.0078373664432836,1.1319521447097656,1.0882295363055492,-21234011.52096673,-18567711.420463033,-0.17043759094697622,-0.36508840377384955,0.15878517153230984,0.20917094251504662,True,True
373,1229994.9505691375,0.9640894891580329,349,1.1032514370330073,0.9907602726610126,1.0900669254528481,0.8750161843281942,-22802239.584168315,-19224107.553809315,-0.1407006991358357,-0.29916465663412717,0.23661872321258304,0.29090698117008196,True,True
374,1256496.5773491086,0.9535459097015171,340,1.0807187617646496,1.0551442426774393,0.9975190185606353,1.1807143948250811,-22220648.075671125,-19825188.088950865,-0.13762996225939894,-0.3056990482322123,0.22464180156891456,0.27401865711769885,True,True
375,901287.5557336188,0.9158349434063211,337,1.0233423072523065,1.0295092235564476,0.9132475485890355,1.09485424569524,-23171871.187949702,-20272185.258246444,-0.19555512024865312,-0.4065543167426532,0.1161198818967809,0.15122069865407692,True,True
376,1243826.0434946043,0.9306079972061554,344,1.001685281731446,1.044201689017209,0.932111329386468,1.041562503876829,-20230509.539225634,-17609876.63380949,-0.12946159335543417,-0.28448399523183354,0.2555813432712918,0.30650063024547675,True,True
377,1147906.9783326308,0.9722284418563888,358,0.881778329677143,1.0975247201302325,0.8704307154347954,0.9961883562121508,-18083472.166316323,-15598991.369222203,-0.13630002075584857,-0.2953790872882599,0.24027254213362967,0.290875927190005,True,True
378,1046496.4026667441,0.9910599581286701,362,0.9933685496121081,0.997077397020187,0.8006173503970313,1.0737770245724214,-21153006.84684746,-18496769.83397367,-0.1520177781681085,-0.3242192033362306,0.1966224053188973,0.23401025657989852,True,True
379,995378.2365516564,0.9467072921966242,344,1.007350646481851,1.0446317251979886,1.02577697208867,1.174965286222409,-22236723.475516956,-19733360.15670023,-0.17833512175254784,-0.38073979716599415,0.14082244647809913,0.1838955566910082,True,True
380,1058580.202102356,0.9584786383726214,353,0.9057266327215456,1.0343967451179696,0.8720889909492872,1.1990535329382757,-19080567.179020222,-17059324.65726399,-0.1484932662166951,-0.3252347682473826,0.19794857727440204,0.24176157365444756,True,True
381,1036352.620385292,0.9317041067682322,345,1.0595066544932905,1.0227692609116739,0.9964513206483367,1.0146383477323813,-23137921.65956645,-19988337.89863704,-0.16968003055926573,-0.35722658650442723,0.16290972530701314,0.20572037653149147,True,True
382,1173672.4686615833,0.9623860631605373,359,1.0553086458665641,1.0763432200914378,1.1123074227756937,1.0686370743927205,-22363871.129226156,-19510134.066146627,-0.15454653619902195,-0.3344131106808846,0.19169785652709428,0.24484073614791854,True,True
383,1087739.575222624,0.9461593185299559,350,1.0274754464917668,0.9415700290214328,0.9413673844850668,1.0284969859157593,-21599938.956720646,-18735068.99966706,-0.14690535710118266,-0.314766507591838,0.2112395462549766,0.2551484162908085,True,True
384,1034983.6998470626,0.9658378831383562,359,1.0482039731758128,0.9231481228479509,1.0318153730134199,1.011434792820217,-22495490.97163128,-19433357.217853125,-0.15891654326865723,-0.33709513703474697,0.18491511088890317,0.2295268163917701,True,True
385,1189562.385021917,0.9596905339291564,350,0.9534131817488063,1.0239105273554807,0.873365984696661,0.952946835257815,-19281054.28925594,-16510868.168253314,-0.12939382513580594,-0.27979531997366,0.2624433531411652,0.3114938843679843,True,True
386,1077843.1351901004,0.978104088837753,354,1.0001288430904658,0.9356555826390203,0.9519991867755937,1.0645881219050308,-20972711.49086989,-18309623.259461354,-0.14596173721956676,-0.31488033865629805,0.21136955695240497,0.25621755944335767,True,True
387,892438.4376459962,0.9359486227428041,340,0.8950318147354073,1.0507920122830379,1.0735542160068532,1.0810181854390972,-20220579.851337012,-17632205.84715793,-0.20035506300466524,-0.4218175477699654,0.11181303309787122,0.15787635121929333,True,True
388,919704.9602253187,0.9695872922963947,351,1.108620907785975,1.0017819014614187,0.9454961656999912,0.9328100767485592,-25082681.969091978,-21357856.55418155,-0.1941489034253948,-0.3973472231225708,0.12345121107199439,0.15862969135616353,True,True
389,996068.397521437,0.9488566004250039,347,0.921730115988482,1.0045581617356905,0.9085441984220827,1.1110647973450574,-19843325.602735262,-17444941.656261794,-0.16052897924836135,-0.3438725190489316,0.17657380841619108,0.2193115986206063,True,True
390,1115178.209124535,0.9427178544900776,339,1.0517484720621637,1.010450034408627,1.025121856365073,1.1609514065075268,-22353957.744137388,-19833722.027380247,-0.15418486555191807,-0.3351960646760395,0.18740169428906894,0.23371551349907943,True,True
391,1023455.4099436973,0.9322374217356513,339,0.9992259861495216,1.139837345762776,1.000851800701618,0.978965355699509,-22193402.472491436,-19037729.936589953,-0.18363294920908124,-0.38404762090335176,0.1399268467906879,0.18523792031076522,True,True
392,1072197.0635935692,0.9589730591734081,348,1.1449934844776601,1.0814329059047831,1.1093983954154878,0.9407159161922567,-25342421.454180565,-21598923.75312427,-0.1807412107059878,-0.37676098527334473,0.14619483189892818,0.1919294137418198,True,True
393,1103655.935452292,0.9603539149034044,352,1.1392321364549736,1.0648643681348986,1.1219315180940101,0.9648423684761241,-24919767.748519618,-21331102.438766856,-0.17268139662983428,-0.36284894226454073,0.15980598978812222,0.20737377640796678,True,True
394,1001377.6947331738,0.9506300582679452,346,1.0693171714937615,0.956384485121087,1.0022062471313598,0.8932428526330458,-23373524.047445588,-19772193.716631655,-0.16962138395578533,-0.3515938485544039,0.16860315996901945,0.21076588367544244,True,True
395,926811.1598409205,0.9388227072169798,342,1.039944823299145,1.0837021739259818,0.9620596872995149,1.0169895732348204,-23652768.036595073,-20416419.331782423,-0.20136969659424458,-0.4162180268317916,0.11094517003682376,0.14872270463361095,True,True
396,1065942.4714051746,0.937630855669886,341,0.9305954901388305,1.0412182605072822,1.1735186859232472,1.2316125797572919,-19916797.89389387,-17865120.0944384,-0.16221882869741996,-0.3575483914422474,0.16812968029303027,0.2238023790979598,True,True
397,1117110.9979042741,0.9313224217712497,343,1.0117991806297235,1.084200245708637,0.9597244687329326,0.8696330276286779,-21580435.213204343,-18177808.414142612,-0.15597894341014992,-0.32650433207650614,0.19946382715233124,0.24749529817218888,True,True
398,1088754.228130616,0.9389890825414451,347,0.8947749808632328,0.9817806723590369,1.014796571057274,0.8554160893102757,-18495702.161183268,-15534781.850836538,-0.14116599318952228,-0.29970195789096726,0.23688160858963545,0.2926860537527774,True,True
399,1062845.0515977845,0.9275905931285103,347,1.1505542503728272,1.0815344062776875,0.9232084230626288,0.930461373295996,-25399656.373156767,-21627598.423273787,-0.17527652831301507,-0.3625318762554673,0.1557191444196098,0.19407374620436946,True,True
400,1074900.1960695137,0.9486809517631771,346,1.023328671265388,1.092963039421639,1.011203220194079,0.9898434082352296,-22248960.431846123,-19133451.12478727,-0.16820165355726108,-0.35501596085321513,0.16728246813464243,0.21408363142044787,True,True
401,1022549.4132574416,0.9290673253029854,331,0.9830639997231111,1.0510204820879925,1.1615241643761234,0.9171219822373642,-21563853.87611857,-18294739.92508581,-0.17711969829809643,-0.37206789696942905,0.15439051644384752,0.20752968653560303,True,True
402,1079873.0456089634,0.9786003125593873,358,1.130735976994904,0.98095276470658,1.0771726219931232,1.0850936332563725,-24505252.715347204,-21434638.649263676,-0.1652457981168323,-0.3522084382990137,0.16826056165709202,0.21247803781072883,True,True
403,1067657.6839611572,0.9328959740881332,334,1.1388184759551419,1.0528532696670567,1.0462624442987312,0.9839268252874371,-25056156.000843648,-21523969.61956391,-0.17507530331882123,-0.3664097235463265,0.15417429497164442,0.19728525129643393,True,True
404,1177152.0006890395,0.9415350663513474,340,1.087979024480673,1.021678690265664,0.8846612358082703,0.9766679572176385,-22736572.669820234,-19544945.948390365,-0.14335849947435275,-0.305441800432649,0.22318541615651716,0.26602606950253294,True,True
405,993239.2774102113,0.911933487658916,336,1.1384264031826519,0.9230432071977943,1.0056371426882598,1.1662965762742779,-25029190.518667385,-22197558.28296893,-0.1725678965482831,-0.3666538370529709,0.15044245747394625,0.1878654500852482,True,True
406,1151376.1820938326,0.990906933278078,364,1.0257321672711985,0.9538146504930625,0.9917003053064337,1.1531929828751846,-21190252.501435515,-18808871.715881843,-0.13938039696714105,-0.3072316328995761,0.2220059418162897,0.26967036204834216,True,True
407,1128062.145092728,0.9653089730857222,351,1.1032626215419197,1.0598964356154208,0.9818168019249369,1.0639045191720837,-23710166.075657524,-20672845.56561093,-0.1596476010313857,-0.3404905343734512,0.1807023833448449,0.22445494611135317,True,True
408,1036068.0869985697,0.9687914902665549,354,1.072732604941433,0.9686737671015603,0.8783067510617374,0.9971612852329735,-23162103.492004476,-19968247.05722997,-0.1601875512628677,-0.33644597133651766,0.1826440769817537,0.22048880020130301,True,True
409,1108887.0337032862,0.9638171431372476,352,1.0416358933127428,0.9626881296782404,1.1466412248353737,1.1703116650071568,-22055746.729659628,-19596243.389247574,-0.1537241483191588,-0.336522640681718,0.18797221905573316,0.2392449885252921,True,True
410,1003357.6139870365,0.918815542538518,339,0.9993145944052987,0.9957175276170864,1.1426524253269692,0.8581282062444707,-21870913.590327967,-18371245.11865524,-0.17421434229365843,-0.3627428979016123,0.16213640428746048,0.21327178447512327,True,True
411,1013144.6985814471,0.9459809853908581,346,1.0175809746976188,1.0700859825423046,0.97851380565584,0.9757936751178713,-22431035.89881992,-19240531.268711884,-0.17655022181327107,-0.3690555810926304,0.15197276114410338,0.19516140027360276,True,True
412,929769.333488208,0.9370916687492765,342,1.118402669978441,0.9971689612476264,1.098101704510806,1.1152944945182879,-25342656.589175284,-22237507.71219456,-0.19871125803983572,-0.41542459679482674,0.11159033276480167,0.15052399466553587,True,True
413,1079526.327802656,0.9494906746858814,347,0.9849039627952716,0.9788632889859791,0.9996194503877188,1.0890854957040916,-20790996.604531575,-18218991.757957526,-0.15046725185196075,-0.32541904129803695,0.1995168852325244,0.2469563392828756,True,True
414,1174530.6354106101,0.9672782178375238,359,1.0413900226643888,1.084293537013123,0.881873939654017,1.0953298850699316,-21837962.63501112,-19173102.23202956,-0.1456609754367036,-0.3152756715302857,0.21032744102038614,0.2538703917967762,True,True
415,1069978.7170240926,0.9938054303587404,363,1.0026759180462057,1.0312083882721752,0.929114266264699,1.0273018901921285,-21455360.173135072,-18590806.53046557,-0.15690972445277368,-0.33372520327268673,0.18849068228487328,0.2322402836925662,True,True
416,1095489.0083929463,0.9396565153899326,337,0.8795467580873122,1.0086236144717526,1.0959915553948232,1.1170198025832978,-18240167.828891452,-16062170.516793797,-0.14436568504619743,-0.3187378468118457,0.21216916032603927,0.27038180458692124,True,True
417,1071376.4192907987,0.9464533764424096,335,1.0152818443194187,0.9895020106430703,0.9563851198498152,1.0231433633675318,-21616307.91065178,-18719401.06953364,-0.15415499986260026,-0.32851034359271225,0.1947802778038578,0.23922187975790338,True,True
418,995445.721505296,0.9179246675363244,335,1.0688450806758483,1.0504552201485637,1.1504306646832667,1.1617184622061503,-23888921.97135704,-21130270.427340735,-0.18967616241528631,-0.40315250762659227,0.12373918862277176,0.16879710712342175,True,True
419,1061819.3514274592,0.921170034878299,339,1.0023724379654717,0.9594209992397725,1.0442799140514907,1.0848819119544064,-21312593.284627035,-18654078.414425362,-0.15465922679293773,-0.33332129932539956,0.19040295538458488,0.2381156951635785,True,True
420,984352.8607850275,0.9517551993123471,344,1.0195916380599126,0.9573599298936672,0.9172758623890507,1.0650499363379444,-22192992.416454304,-19351044.02409152,-0.1659580656563549,-0.3506394276772828,0.1675263765770665,0.20637347622810975,True,True
421,1093008.0366011257,0.9154878242180137,337,0.976266447406286,1.0142921517811454,0.9047210785261638,1.0761064206649353,-20541192.258396957,-17967566.104074497,-0.14766821598092494,-0.318515235439839,0.20670757452115138,0.2511059584536224,True,True
422,1091522.548272255,0.9673051434283721,348,0.9958449629481618,0.9848856311252251,1.0390553893818237,1.0872483836386315,-21034857.190855995,-18422696.71450382,-0.15135878148096357,-0.32763021283874255,0.19762864822547335,0.24675545284648204,True,True
423,1040217.2706089085,0.9715551120085315,355,1.1321372483329113,0.9331568976682532,1.0123482153945433,1.0741627755626308,-24581180.32529152,-21466796.498431914,-0.1648865560507986,-0.3495000041176157,0.16922777579043352,0.20956088116850272,True,True
424,998089.204983214,0.9666040002606814,346,0.9303826366893903,0.9537053987428676,0.9318206993397884,0.9475428956519133,-19859968.62752019,-16967220.3158297,-0.1555768358882912,-0.3280487192817222,0.1958179468034614,0.2405879882628546,True,True
425,1154746.7986832508,0.9703096830788794,359,1.069708234741943,1.1280252430728122,0.931925688920263,0.9353546369168158,-22907788.689501777,-19526155.199014198,-0.15761440359515747,-0.33156945919108466,0.1919726050579511,0.23713290564624864,True,True
426,1015367.9639676574,0.9562433312018653,349,0.9547847455954342,1.017413109087085,0.8092346322301822,1.0758352202095711,-20503975.153446306,-17926166.167234622,-0.15720173965636713,-0.3343230193632519,0.18509881180283805,0.2231978680424093,True,True
427,1116293.9771878044,0.9845526367778468,353,0.9132915393227518,1.0323224331511276,0.990684136842038,1.012488462141715,-18942888.609433472,-16376490.52292593,-0.14264121379423234,-0.30902016024592277,0.22278272142628525,0.27602211015117345,True,True
428,1060035.5921714914,0.9553055786870962,348,1.0733576130916367,1.0696179870994953,1.156468569177783,1.0736031672431414,-23627351.755777538,-20598968.704272155,-0.17848120642618887,-0.3794507014777245,0.1450246419006666,0.19381892425444294,True,True
429,1114716.8405804597,0.9327752583871112,334,1.0187918951895203,1.0453993171049818,0.9220980807105852,1.0021578924554808,-21585998.16470467,-18626876.27662201,-0.1514329618936745,-0.3225412999667479,0.20219380749136606,0.24695792098882158,True,True
430,995054.9157209597,0.9048675733289722,330,0.9395711225512764,1.0092426056750807,1.0275256572833802,1.045808896392049,-20404771.978460744,-17718869.533681784,-0.16785981614891937,-0.3570057876305222,0.16538088861804792,0.21274468396144816,True,True
431,1088987.113135938,0.9746114438907105,356,1.0669495220090708,1.0785447445971357,0.9274014653766589,1.1129252553283342,-23112296.991208613,-20321356.88848303,-0.16384507858332598,-0.3495760437439857,0.1696575020323362,0.210765604259215,True,True
432,960892.9742428185,0.9261843534705487,336,1.1277786909237077,1.1195330245052548,0.7999999379643827,0.8791577023000489,-25627222.802957334,-21632255.40742242,-0.1958491710923334,-0.39657496897972694,0.12219558916512023,0.1535539910143152,True,True
433,1023049.0761016279,0.9625048342377164,346,0.9355514367544849,1.1348636666869454,1.1633207869201447,0.9143167722884828,-20708105.398479484,-17551211.788482297,-0.185971834829755,-0.39127336902182336,0.13990003014705618,0.19587113145884613,True,True
434,1130250.2207168334,0.9597677106224947,351,1.180668735578185,0.9543580865192755,1.0132132157743727,1.0402818457255443,-25235578.816147316,-21920866.01489762,-0.1557231019134733,-0.3313955593154425,0.19018395903248866,0.2325074218098497,True,True
435,958890.0377816206,0.9289808070377832,325,0.9676877606242673,1.1006670812064645,1.06587704002407,1.1801757985542707,-21757935.162966054,-19298190.98869116,-0.19519465004246722,-0.41471216150531776,0.11546312632929737,0.16011770076140014,True,True
436,1047940.253673073,0.9115216325863181,324,1.0182248905319011,1.0132158526838955,1.0231016650366285,1.100610281759701,-22005717.057289265,-19301009.779811647,-0.16396920840585463,-0.3509833641257049,0.17022193164658667,0.21560392000889297,True,True
437,934247.2105785164,0.9045399231183446,335,1.0060798366035644,1.0108586108325084,0.9399574264201256,0.9893867223018707,-22446641.133984134,-19298700.55791701,-0.18401588369671598,-0.38198975339217467,0.1380127523576363,0.17676147137096102,True,True
438,1039918.8793453334,0.9229963145489036,336,1.0768229313087172,1.0261169988989498,1.0392231719390468,1.0542455271428675,-23591968.449634124,-20515770.81885298,-0.1724266604607821,-0.36449079087375835,0.15604091297005349,0.19960050978209698,True,True
439,994328.0887177642,0.9717162144184693,354,0.9278411889753493,0.9632869389848134,1.0379892529143457,1.0527129545796088,-19941300.75617855,-17344358.955547214,-0.16136157001431536,-0.3450825349994992,0.17797729438810214,0.2262775620381751,True,True
440,891726.5812121839,0.9264265763253952,338,0.9223463696230613,1.0265135226173157,1.0554475864627497,1.0987631053177365,-20799694.065149426,-18196895.590224065,-0.197125366121352,-0.4147426473306284,0.11520627994846437,0.15905326917655865,True,True
441,1015123.0794995722,0.9280301683756021,340,1.0712445584512484,1.024675606767401,1.0624358308974622,0.966561136221125,-23641249.854971338,-20243317.47688866,-0.1778886121159712,-0.37167850270583425,0.14999327827915107,0.1943137125020554,True,True
442,1077939.3473917728,0.9476911903762103,352,1.0626485134667154,1.0866968124056766,0.941947785513296,1.0815009223670478,-23128918.619784117,-20218787.696781736,-0.16714167288677534,-0.3547704109417777,0.16470431020239207,0.20638281716972923,True,True
443,1267207.4573719872,0.9672334814951291,351,1.0287468309658339,1.0496554625078316,1.0073239481208336,0.9617166416569698,-20832056.23611459,-17855621.661749415,-0.1314350752754517,-0.2856744504908497,0.2557000156600642,0.3106882659049641,True,True
444,994239.1868082576,0.9432875297417451,342,0.8878128497887198,0.9675594330195539,0.9672443904370633,1.0488583311092476,-18905401.654931318,-16441232.937224159,-0.15537112199527284,-0.3330858549030358,0.19086823062949396,0.23828266990135724,True,True
445,949559.8873670677,0.9192739838183045,330,0.9571065397376531,1.0647297724962206,0.9108923322844544,1.0088615623058335,-21305699.229250655,-18377603.01535385,-0.18294225543474188,-0.3814399738240711,0.13928820095690575,0.17938012738893327,True,True
446,986495.309803997,0.9052382688586467,330,1.1682258932113887,0.9465576015276043,0.8956836766241979,1.0014449394200227,-25834073.028646618,-22276079.371244706,-0.17463432723925304,-0.3622296739095209,0.1532859229259758,0.18694077605327358,True,True
447,1067498.342366478,0.9450176842279329,349,1.1526759943647518,0.9352176332278388,1.060808894413623,0.9090336415741228,-24946366.810728487,-21162469.076153908,-0.16357006630390458,-0.34118123101513603,0.18023533738096978,0.22396836972450293,True,True
448,1077934.7573598232,0.9980782331156838,364,1.0651456229249452,0.9994365601880073,1.005222059134103,1.0416810164426995,-22894992.656891033,-19882875.24635183,-0.15992563729787457,-0.3402988073098956,0.18125705910707385,0.22567160016017113,True,True
449,1098469.6434251964,0.9745788464748566,357,1.0033025529795112,0.9799638703554565,1.1030138909225637,1.0728801144999802,-21204389.777564205,-18517685.235337358,-0.15255029279218654,-0.3302569705322151,0.1957921145789203,0.24767968861784298,True,True
450,1027601.63021735,0.9593372629313035,347,0.9899283823491333,1.0143134623469228,1.0634399866563828,1.0854729798121838,-21478995.866352387,-18781181.606167886,-0.16743208238526772,-0.357901405163573,0.16434720121974192,0.2118609013333054,True,True
451,1067856.458072779,0.9174432721908748,344,1.136819545593834,0.974283211783249,0.8857671031672559,1.1633029622066793,-24562072.576674305,-21801216.56292249,-0.16031368388788753,-0.3429327585568151,0.17399287135561173,0.20994453199557594,True,True
452,1024816.4530597667,0.963454445389468,355,1.1545747999324365,1.1438781093263426,1.0476981427434235,1.1221607821323376,-26119446.58013661,-22945525.84744105,-0.1977393218786388,-0.41443503031188933,0.11293382507729734,0.1527517447924766,True,True
453,1138430.862910178,0.9475132602469964,344,0.9528434310650312,1.0577074606177213,1.0070683800268736,1.1069757822382735,-19888167.507472645,-17486880.38865984,-0.1457970823021233,-0.3188684204147821,0.20939351168533357,0.26127606333886744,True,True
454,1139233.011382233,0.9544153847124625,349,0.9030007969816236,0.9670398600971137,0.8294746030381497,1.1708623033753645,-18121009.723781895,-16174151.187020501,-0.1256696405206198,-0.2816792073621441,0.25714377220260487,0.3025616041582936,True,True
455,1199811.6803791136,0.9664727856320703,346,0.9556186186705037,0.9684244458417127,0.9852112932046001,0.9614509048580498,-19142509.425674617,-16413046.99325388,-0.1266656609561902,-0.27655033422414455,0.2693521145693618,0.32429867823538994,True,True
456,1144859.4192354102,0.931126512261445,344,1.1506476177145577,0.992542526278129,0.8302948275428577,1.0401388795729545,-24373531.994599454,-21193310.05626125,-0.14879334485105217,-0.3164739658557906,0.20592217141908767,0.2426619422295488,True,True
457,1044639.5781334837,0.9666135935874038,352,1.1767119106143968,0.9603502824091923,1.182973552348871,0.9570635532986127,-25904434.54143486,-22143649.441661295,-0.17653538366281846,-0.3691165903313841,0.15278885171287734,0.19852717732560224,True,True
458,975842.2273170857,0.9290969617889333,340,0.9545441786043528,0.9717719410411507,0.8990515255063601,1.2419201875402592,-20672210.951444235,-18590893.20648086,-0.163263620557858,-0.3530200727856899,0.1647644249692503,0.2038522299408277,True,True
459,931306.7653982311,0.9395480727659612,345,1.1500558510287169,1.0835132538944687,1.124592734052234,1.0096621999157651,-26485541.831166368,-22818248.64218728,-0.21683984957427732,-0.4472689194323362,0.09238431331113518,0.13189248263944106,True,True
460,995182.5632903015,0.9200876065121176,332,0.9424314651974027,1.0725604473129489,0.9519599012521973,1.07288756997478,-20671163.399593268,-18031966.491196517,-0.17352830630706423,-0.3676801721499549,0.1534162448640845,0.19728983799991298,True,True
461,1059623.6737689343,0.954187178005451,346,1.039973697530913,0.9419295277827463,1.0675674151104715,1.0718333781832774,-22216953.781998254,-19397523.269064184,-0.15714324771482804,-0.33718505680153615,0.18566558594690385,0.23258289741959592,True,True
462,962936.1977911608,0.9472650127049191,347,1.148166863631734,0.9759235274078332,1.0721516114765242,0.9124727523241805,-25748341.552663624,-21844489.429973524,-0.1886595164818015,-0.388205660634301,0.1333443463796268,0.1732985034821245,True,True
463,957324.5814528532,0.9830154282181309,360,0.9569442841270358,0.9586209095884166,0.968413502431147,1.155272737206332,-20864258.518036112,-18471267.026566416,-0.16850945638469456,-0.36040292275499564,0.15879167788308315,0.20035816770711673,True,True
464,1034445.6796758223,0.9713876088331715,356,0.9580561280401995,1.0432820233732523,1.121974795439339,1.0792192012860324,-20793881.18902791,-18153821.81156616,-0.1694808624834183,-0.36353359172799493,0.1611097448313828,0.21299648063425594,True,True
465,994166.0786867114,0.9198976333480582,331,0.958110530444911,0.9210115903693402,0.9655321415864807,1.1473197385610707,-20476523.366434626,-18123954.504625063,-0.15625906990037897,-0.33735291570777004,0.1835858128299856,0.2266475303214304,True,True
466,1191170.1005061807,0.920722362687151,337,0.9970194397531567,0.9435535187574576,0.7638394420902191,0.9773875714024783,-19938512.947962943,-17174254.662450697,-0.12293884609746483,-0.2668118374733577,0.2799921310917008,0.3213480006643754,True,True
467,1028403.2605447172,0.9336400762112511,353,1.0968824537125574,1.0529241540941565,1.1025634210167854,1.160929569409337,-24330948.42302273,-21532016.81459543,-0.182434433783044,-0.3883042821584455,0.13466008166505056,0.1783549071484861,True,True
468,1117906.7352614952,0.9241970317583502,339,0.9229031709716204,0.9628306134036598,1.1389665366745225,1.11014280996162,-19018047.371911,-16731915.912138548,-0.14117224730910014,-0.3123235218034515,0.2201368784190102,0.2787835951449144,True,True
469,1147634.6809603558,0.957028067828084,343,1.075835632750524,0.9641233752503747,0.9230906912483257,1.112080406453129,-22451202.213350985,-19778203.672831662,-0.14293551966393006,-0.31056831222732284,0.21581365299216157,0.25860396906300454,True,True
470,1135590.5048957057,0.9264420352182127,338,0.958279524728533,1.0098647625070198,0.9471925977919335,1.065146017625596,-19802395.82666061,-17295207.458440755,-0.13971948829358422,-0.30446739549563767,0.22675428198721667,0.27583894738086345,True,True
471,1053336.5183912748,0.9154625163419231,338,1.1076461349045879,1.1403070316466333,1.0027854682635367,1.0751982125439843,-24693267.38155048,-21536279.441385426,-0.18507556789978388,-0.38885014151475555,0.13340281115198907,0.17478632802349695,True,True
472,1077804.8101715038,0.9667266016420497,350,0.9069359764458617,1.0452545542730358,0.8295500229164549,1.1346676958767545,-18979279.14182824,-16784136.49182964,-0.1445525925122734,-0.31478476684774187,0.21071326230254708,0.25378846045199516,True,True
473,1175582.1311077303,0.954429888245777,345,0.9503337507549554,1.0378967811366488,1.094819971436325,0.9963618112855716,-19557488.883448903,-16852914.7414123,-0.1402876032120298,-0.3055636983001733,0.22961185071211898,0.2886963089176861,True,True
474,1028758.1817047552,0.9423956483369968,344,0.9948562072768237,1.0466224347755126,0.905041803635412,1.0132808969750815,-21599974.695752867,-18662532.409878656,-0.1652113860013206,-0.34813991788809806,0.17172284800826085,0.21323258068591186,True,True
475,1010420.5717394853,0.9803969287782403,360,0.9714160276939865,1.029662896152778,1.1494940394854916,0.997612371936846,-21264011.16660573,-18296663.917486127,-0.1753037645763102,-0.3714074607446697,0.15403850910479222,0.20589301558625683,True,True
476,931859.2453108304,0.9288207299010799,346,1.005431079187064,1.0567896953163312,0.998693871889272,0.9796917072513043,-22672068.359702572,-19448700.291283544,-0.1946436151363075,-0.40333184417321183,0.12208813261525545,0.16300452264062695,True,True
477,1064339.386627581,0.9479287351660102,339,1.1644610312876813,1.0699180779813922,0.9088291830190616,0.9406849549816606,-25678580.565445375,-21906514.802541513,-0.17404758785947982,-0.360179878118877,0.15745768967076096,0.19479931346387314,True,True
478,1073806.3422493336,0.9419857397975129,349,0.9525413699137688,0.978141636949671,1.0645103736971473,1.0528539759210873,-20072174.094301388,-17468945.800748073,-0.15084416645653723,-0.32613997592953514,0.20078480930600573,0.2527467757495741,True,True
479,1118393.930902774,0.9441478129779478,347,0.9571037929648689,1.0583267576661488,1.1048375317565158,1.0836278318822397,-20222118.420006998,-17687448.935457718,-0.15362806013412422,-0.3341732756480921,0.1930136968759849,0.24836200727317556,True,True
480,1054677.571256698,0.938083230987285,337,1.072362787668547,1.0011697454359505,1.1652821319982776,1.1159840622605548,-23374204.669262554,-20539073.89800139,-0.17114048298568,-0.36673604765262774,0.1560647849598004,0.20459760069498542,True,True
481,936538.0548977348,0.956921609053599,344,1.1124023013732396,1.0217517416173036,0.9624276468888749,0.9765297735294678,-25147544.803667966,-21569466.083330404,-0.19402289664573133,-0.39928882943620475,0.12227631142372564,0.15825103950670044,True,True
482,1060935.012567509,0.9958401566011088,364,1.023862992976316,1.063195194118452,0.7993595161041069,1.096099019618757,-22072279.08493298,-19364784.82630902,-0.15903231268701282,-0.33804597188767055,0.1800777682945944,0.21664589839208492,True,True
483,1173077.0204639356,0.9863570156156095,362,0.9224012544741848,1.0910786026521586,1.0555449986148884,1.0516124982148534,-19054689.504015803,-16585015.828920335,-0.1421445978831133,-0.3114754343240952,0.22152926975979656,0.2797238398303823,True,True
484,1086735.2569875433,0.9501831572717396,340,0.9637322077537223,0.9718198974744842,0.949645960679029,1.0291217903959062,-20141003.039402857,-17470355.035505045,-0.14478667668850484,-0.31185721069853184,0.216404928648625,0.26353998883637264,True,True
485,988469.2842796823,0.9668489422939535,352,0.9593244612559433,1.0520554670934834,1.019885367773655,1.115435434189459,-21110659.97043474,-18544364.713985484,-0.17673429253486186,-0.37622534744712854,0.14610563675324653,0.1912874407691479,True,True
486,992830.3120745867,0.9419489786656101,336,0.9924357291659203,0.9954523597145626,1.196992081610251,0.9871342286345648,-21811758.19783791,-18731353.394016046,-0.17828863397987021,-0.3767563674264612,0.14915075086208082,0.200930889285843,True,True
487,1094603.7330244896,0.9356656652350798,349,1.140991456572502,1.0873602087946002,1.0544467061331682,1.0648638544389575,-25062624.97835094,-21831253.26289089,-0.17444625334139585,-0.3689120351305028,0.1519392597066849,0.19568811414042048,True,True
488,1152193.5963095133,0.9286972359607499,334,1.0263501419902603,1.0358566597066807,1.0693897529487215,1.157196747983733,-21593892.585335135,-19150302.995004542,-0.14996681076076304,-0.32869014710495487,0.19693503709542073,0.24788933156906015,True,True
489,1013541.0081570204,0.936282044670771,351,0.9296344436446463,1.060590942423971,1.1845861353439564,1.023085995464263,-20346858.240565747,-17578071.39969507,-0.17707468454794595,-0.3778222633045071,0.15024137178229502,0.20578153068584115,True,True
490,1034056.5396341626,0.961978138110851,357,1.1128728510314376,1.0042095751061937,0.8262681057445407,1.155016738098642,-24280539.90963185,-21511908.44090666,-0.16557714135232254,-0.35147194875250626,0.16375437845798166,0.19718480682239234,True,True
491,1124497.6681886276,0.9258298508638991,337,1.0690282544463279,1.078472773749896,1.0206388976221703,1.0466809825647096,-22986756.631365918,-19974837.786893025,-0.16105616956490162,-0.3436155214083554,0.17881162914108656,0.22556545314680845,True,True
492,1079168.2110121031,0.9309716623835781,346,0.901062989224494,0.985549343062816,1.206678603370394,0.9787047820102077,-18889696.58769402,-16207729.506198091,-0.15112198977982835,-0.3270827004494661,0.2045677539449635,0.26709662101572196,True,True
493,994523.2904723353,0.9709262633589437,350,1.0568198853424338,1.0771177132650995,1.1065742809915047,0.939437826898356,-23668898.98790164,-20160911.018547602,-0.19094660399630417,-0.39693310537614107,0.12968630808268372,0.17555471243767518,True,True
494,1184397.6301991227,0.974257135925257,360,1.0450668439651305,1.099584691846073,0.9564938260212184,0.9818675301985639,-21986493.38732722,-18902347.585502215,-0.1485159013539772,-0.3172046003720964,0.2103049607774508,0.2584142472954547,True,True
495,1061406.3410182754,0.9519115071955272,342,0.9326920153635656,0.9783567357950217,1.0304885607654866,1.0319686983181955,-19638068.64245608,-17029540.38746014,-0.15007251582711895,-0.32345794610338147,0.20374957432793558,0.25490854395315643,True,True
496,993246.6145517121,0.9441162643298147,346,0.9597072483802991,1.0823193050198554,1.0276295043770105,1.0577381429754602,-21212484.709190305,-18444647.94742266,-0.18044841485095933,-0.38154073800137234,0.14222633077344557,0.1884125313176368,True,True
497,1043533.3657301392,0.9794548628708851,359,0.9374794514549768,1.1043301252505848,0.9994833363447027,1.0416686558859471,-20363297.582904574,-17667713.35082742,-0.1685268815024504,-0.35872040745403544,0.1644657945483315,0.21306840603248617,True,True
498,986631.5597922066,0.9490292076594411,349,1.0041804199884372,0.9648569278158521,1.1897798899315428,0.9164508641110939,-22021707.97091902,-18684703.80522416,-0.17602545472700964,-0.36891720449086635,0.1561094751699325,0.20738043117969698,True,True
499,1078903.6181723443,0.9546317852823386,339,0.9780320189120749,0.9411661484599355,1.1258436035667867,0.8949497702296193,-20574837.386722166,-17401357.693229023,-0.15036417640144767,-0.31907715836461503,0.21113665555485708,0.26619831389512566,True,True
500,1180940.1351779406,0.9772502390543425,358,0.9220152695408957,1.0503532739277979,1.0092311854091416,1.0908589566491669,-18785763.85942726,-16485314.476993924,-0.13485813105372485,-0.2984879975995933,0.2374383322786151,0.29333282175564196,True,True
501,957542.2510640724,0.9404248537331353,342,1.044215842163668,0.9675257431032689,0.9953180425268453,1.1865028656306646,-23099399.324417703,-20545074.056771535,-0.17790734349385773,-0.37830873712432284,0.14059749021251752,0.1794229960752234,True,True
502,924958.5201055867,0.9640859149669891,351,1.0508838404888134,1.0886307508019266,1.0685813625765732,0.9501341480068508,-24033122.20349815,-20503912.19028743,-0.2096411849868174,-0.43203744411535133,0.10287008337283707,0.14437755751504644,True,True
503,986549.6573415219,0.9606957634086787,346,1.1951458046257781,0.9406423420586095,1.2025610704502125,1.1602088355857785,-26709102.526475843,-23627341.794800334,-0.187478877501433,-0.3967347774578762,0.126424267430448,0.16795704542514248,True,True
504,995127.0383833812,0.9579859614602785,346,1.0307829875817784,1.0143554223720683,1.1115409262993081,1.1092407639546695,-22767159.16804239,-19972860.742053207,-0.17981846977162302,-0.38211548137697177,0.14108794230152927,0.1868417828569971,True,True
505,987015.9221193386,0.943310975139784,339,1.117304698318245,1.1074690684981374,1.1236395878294392,1.0436602555053154,-25367650.840828422,-21984814.617735792,-0.20300941536988693,-0.4233583654055822,0.10873759120975988,0.15152913753665526,True,True
506,1121962.5573392995,0.9352176736091858,333,0.9229689538201217,1.040176439777236,0.803821624194679,0.9004809080495787,-19015511.966223657,-16124679.553216567,-0.13670210766877502,-0.29005527105227,0.24592618538947877,0.29067750467350345,True,True
507,963804.9906880256,0.9748987169884332,359,1.007762187438128,1.0795684729030923,0.8751419709980475,1.1933697802666838,-22501928.144083787,-20029471.13136802,-0.184006555601287,-0.3889357624008748,0.13024738797867969,0.16625087564682411,True,True
508,981578.8230594292,0.9546445333826992,349,1.1011767704786042,1.0039412642725647,1.0641309716731737,0.994864792756666,-24546874.17659934,-21118783.771989506,-0.18469561713627555,-0.3847561352790234,0.13691943839999057,0.1784459530122013,True,True
509,1159573.7830558135,0.952772034584918,350,0.927382873943117,0.9938768918978691,0.7721077922948811,1.0085683558004883,-18637718.417730108,-16140978.866142392,-0.12551597758979144,-0.27358173539778036,0.2697530862313341,0.3132073972862408,True,True
510,988062.2374673206,0.9454009919148264,349,1.0691587429686036,1.063895102493754,1.117750567712602,0.9670544403289557,-23978599.32928557,-20520775.053984556,-0.1919725719487516,-0.3997496616395948,0.1270267677190988,0.17223510332917344,True,True
511,1079152.9639063333,0.9528957117835739,347,1.008501750711971,1.105637144775943,1.1227829335720296,1.0004093248370138,-21988031.782640554,-18931061.758023493,-0.17253883038853834,-0.3662728182766091,0.1589980513620472,0.21122095962815182,True,True
512,1039963.6958828797,0.9385311875127575,346,1.0008857440971697,1.0457981183335614,0.9833776551658772,1.2263031838134577,-21728087.48095052,-19475792.623351995,-0.1664938511545132,-0.36022430276118117,0.15960045916616253,0.2028010894320431,True,True
513,1011919.8279113735,0.9726006034223791,353,1.1056010934240417,1.0183250869840605,0.9511795769654121,0.8769063881477114,-24413092.311395343,-20594693.09332595,-0.17575482959820596,-0.36161684404544886,0.15729183578623718,0.1967344411440799,True,True
514,1148285.6364770955,0.9717435422943062,352,0.9464591125113903,0.9854797298029356,0.9499028450504474,0.9599277342791861,-19320582.45205276,-16556500.685189921,-0.13421537897880462,-0.2899008749559382,0.24828984166714393,0.2996860910037128,True,True
515,1038718.3756264935,0.9453877070753935,346,0.9462297939901537,1.0181218583859661,0.9635502968867473,1.0471388082055941,-20244753.877424777,-17598601.27103738,-0.15781646995416188,-0.33729601854258057,0.18562789216070644,0.23196060524308895,True,True
516,1071807.5621570023,0.9387228163082407,341,0.9318859908803895,0.9764714000652549,0.8696960012036493,0.9472560152309857,-19405629.67723884,-16590991.990732292,-0.1421425741550076,-0.3025518320752599,0.22823979981013642,0.27333194413876866,True,True
517,1153207.7323401726,0.9757991078291949,352,0.9629331959141295,0.9477876707231075,1.0218298763874916,1.1690837705835315,-19609214.69833325,-17465126.356615826,-0.13378565235214152,-0.2987468630236867,0.23506834214449956,0.2871501607804578,True,True
518,1179393.3121395155,0.9510301356320304,341,1.0045817201449754,1.102294637213483,0.9264084144790911,1.0142363056880104,-20994281.133617926,-18159747.6824776,-0.1450480395938258,-0.3120502418140591,0.216739504756166,0.264863475049127,True,True
519,1059718.2527773227,0.9625190409563087,351,0.9967405432466034,1.034580720599703,0.95719438519742,1.1825935267380758,-21417027.20686224,-19065929.787657205,-0.1598182622457182,-0.34581006229684896,0.1745548801267537,0.218048242576745,True,True
520,953950.6376626769,0.9517694958519733,340,1.006512174602918,1.0189810008882918,1.0709047291634406,0.8908006953001626,-22441620.663221262,-18961585.01356604,-0.18643810274265535,-0.38567789504062044,0.13860789713280827,0.18390097839131406,True,True
521,1088351.682549397,0.9302915104613262,347,0.9269331224298699,1.02898274780302,0.9762619370083507,1.1376890139887346,-19459154.317656063,-17202759.89887002,-0.14817866420093287,-0.32389269872898613,0.20210628458918017,0.2514082094856168,True,True
522,1162026.5535426144,0.9395167131655541,341,1.09301063392117,0.9966267408818401,0.868377850289592,0.940187127282201,-22857691.562260434,-19521822.020288885,-0.14329385142831838,-0.30333411269301175,0.22567640849404294,0.2673562774786296,True,True
523,1106404.797900424,0.9669047252842291,355,1.1379105666245788,1.0704881580225765,1.1484507559389008,1.1766893021658023,-24911336.035256688,-22117346.44798176,-0.17379674905186163,-0.37369293603981873,0.14869751289884164,0.19553709250848977,True,True
524,1049023.0370894226,0.9700630316378637,352,1.0183913247209797,1.0600774236759025,0.9630455293772965,1.0799879891967767,-22141541.835060757,-19348677.620061826,-0.16702341575575316,-0.3551090794350923,0.1651176151399646,0.2083063624291365,True,True
525,962167.4290409747,0.9436429771058877,331,0.9590959788280125,0.9904512663699471,0.8120560252205651,1.0325780170741012,-20895223.42996439,-18121119.21886327,-0.16549660112439052,-0.3474715430970903,0.16986046416510311,0.20621110512875232,True,True
526,1114727.1247081298,0.9537720772921031,349,0.9143318401511054,0.9894036441178651,0.8440195033603313,0.9953487128026751,-18684652.511465535,-16125457.673541242,-0.1334437651709324,-0.28857053514778025,0.2480800882471823,0.2941669290782996,True,True
527,923869.4178144406,0.9543700245988629,350,1.02552199885653,1.0077856800650062,1.1696945512027812,1.1139447499840636,-23153567.732401133,-20304755.11882737,-0.19879257943936815,-0.4189085472536238,0.11245339995791254,0.15707352647905204,True,True
528,936029.800886031,0.9220254453796861,335,1.1227654936805733,1.0053406200881523,0.8810143841506509,1.1157519757091194,-25286917.64823059,-22213515.482536566,-0.18887011978522814,-0.3929945648056612,0.12476823138856291,0.15680309909239343,True,True
529,1085539.65185067,0.9489442250182804,352,1.014313272461587,0.9901200654816115,0.9122287307361313,1.0715165681591174,-21456251.168900985,-18750374.191049047,-0.1500638561201665,-0.32228101582822366,0.20133598141902745,0.2441327488312389,True,True
530,1079361.3738587257,0.9735625421715911,351,1.0890248691219369,1.0107056622765596,0.88105081278349,1.1972819092561529,-23425094.7372978,-20918520.352876566,-0.15826320797502688,-0.3411266081261481,0.17667951264664752,0.21419281364203804,True,True
531,873234.8937305964,0.9204331785522554,332,0.9852869763748346,0.9963194590543717,0.9751636372292483,1.2038539418188394,-22331957.605724517,-19890319.53558102,-0.1979998574182819,-0.416393746724626,0.10970195863746654,0.14642570049934106,True,True
532,984856.2621924891,0.9319727773076847,336,0.977532547480896,1.0775117852100948,1.1028970403215956,1.0893791465639044,-21754088.509714026,-19008280.229671765,-0.18700332786423296,-0.39641268169101884,0.1306689233901868,0.1782645489203658,True,True
533,935764.390650007,0.9588045238467393,354,1.0628060321053667,1.0968592377161785,1.0065981438120697,0.9504186869723518,-24243755.708831012,-20690615.757442288,-0.2052274054801299,-0.42200671749540924,0.10808084529784816,0.14744471267613968,True,True
534,1144953.2139910306,0.9381671114195358,345,0.9811500051645703,1.0186635741170011,1.1409527676469287,0.9320819309952083,-20507510.94571413,-17457533.25863131,-0.14800974488728474,-0.3173981474725357,0.2145849461348644,0.2731035497968509,True,True
535,990890.1196732793,0.9575738194787081,350,1.006856641643881,1.050342946354241,1.0236057641954268,0.9305709387727962,-22277594.150410164,-18955801.00442643,-0.1800421214381006,-0.3746482090179027,0.147839029966839,0.19267186574099204,True,True
536,971362.8027217473,0.9532890968236636,347,0.9694545197515393,0.9530087225026879,1.1113487631011076,1.0409318517045045,-21157519.37580365,-18351342.725335605,-0.1715699706105927,-0.36423000361315117,0.15857036227092053,0.20666092503435993,True,True
537,1214676.0559985375,0.9615378397751271,351,0.9183102608627288,0.9714694804503928,1.1791638495595111,0.9960096221601311,-18290312.23915053,-15766173.351126239,-0.12722234801897206,-0.28263962708474916,0.26433733271280463,0.3317932919463103,True,True
538,1149469.333298531,0.9748613510515953,358,0.9628946697621866,0.9643561339174742,1.1580420882675857,1.0373280962170417,-19817207.8767977,-17204519.9143199,-0.140528801534078,-0.30798135536038657,0.2262551856568722,0.28571003278579243,True,True
539,1068810.1007751583,0.949609062878878,344,0.8879863935229166,1.0043550694946441,1.0485212115327542,0.9880531377234841,-18585605.86796808,-15986952.168244006,-0.14800728347717534,-0.31898563963990983,0.21126179140197582,0.2666731860489383,True,True
540,1075701.406697324,0.9333698172280847,341,1.1671487154103573,0.9686435526230744,0.8885513131965566,1.0196513607076954,-25243229.627996255,-21849975.850452885,-0.16072962394393137,-0.3378411578232868,0.18021439982205759,0.21655538823587372,True,True
541,1161506.03217071,0.953891764488583,349,0.9716782579941075,0.9542648851855163,0.8149709464774204,1.0066125107410853,-19611576.047911152,-16974489.684140272,-0.12736408336576752,-0.2769807198674712,0.264454184881059,0.3081242014719556,True,True
542,1027002.602355391,0.9467195899398717,342,1.043584902416084,1.0840192095051862,0.9933602607072645,1.0981649452977904,-23048664.75430079,-20188894.57529886,-0.17806393708939344,-0.3766905101289694,0.1441954229319306,0.18647787371536997,True,True
543,1077866.940804106,0.9386546978681692,348,1.1450561015509653,1.0748446885339016,0.9854728049731407,1.0175021857196858,-25177836.210769553,-21759480.618557222,-0.17369807679077492,-0.3641886466423966,0.15505566786798855,0.19582514572582024,True,True
544,1012280.0496094382,0.9225959010532538,340,1.024571141872561,0.9602411041646379,1.0041578015229258,1.1607183116387978,-22193648.12009926,-19673581.760046687,-0.16445222956717007,-0.3531900142138121,0.16626982206017105,0.20863650732833636,True,True
545,1016538.484007141,0.9554901976707028,349,0.9299614924421116,1.081839100713939,0.9069655422187091,1.0534710896861783,-20207903.288904745,-17577607.342399172,-0.16677967992072576,-0.35377284591742264,0.16693252875172798,0.21056349600508747,True,True
546,1238734.7809828122,0.9596501618681539,347,0.9353971121827953,0.9722300903707863,1.144563196824597,0.9483643925198075,-18519886.371504694,-15825658.451944781,-0.12429862631818014,-0.2743909252349952,0.2765944560988541,0.34298181139698863,True,True
547,1146651.9103792135,0.9244840710063652,340,1.0234044456407738,0.9089020893542167,0.9858886227929955,0.958749439000675,-20981873.705532037,-17978029.29600925,-0.13561644098795092,-0.29179558562018776,0.24452574089581441,0.29361513703881115,True,True
548,1006380.594940705,0.937741047385002,343,0.9245717028038459,0.9877027227978995,0.9315883252778387,1.0410172003021647,-19790221.228999812,-17187670.2223682,-0.15745387849878573,-0.33569703158591735,0.1866513801278035,0.23126835432459464,True,True
549,1127143.5812180885,0.9812872513904353,359,0.9532770034387781,1.0483524986786448,1.0109404988643174,1.0555725026980163,-19945790.045409016,-17373515.678960655,-0.1469865828518297,-0.3188999422562321,0.20961170626003844,0.26163192003216557,True,True
550,1094914.0956051152,0.9698664309207495,358,0.9442884146644652,1.1242727212967776,0.9375829261469178,1.2032132551475903,-20193738.905674674,-18042612.240030468,-0.15806798074357692,-0.34457058533283835,0.1773365428274034,0.2237159569162635,True,True
551,1115007.1114997913,0.9713344976731028,348,0.9207940621141462,1.1139764713721203,1.03063111482849,1.0935748176278397,-19498620.70214506,-17085505.014493544,-0.15447932158141534,-0.3357737661486199,0.1906910363773461,0.2445084126837718,True,True
552,1036591.9066100147,0.9278311711845123,340,0.9920152359918837,1.0287469042079405,0.8844043929073222,1.163342469956144,-21384679.965416368,-18976159.287202828,-0.1604379566354783,-0.34478905656004905,0.17405116219768654,0.21398825985150516,True,True
553,1009846.7822401589,0.9561616458967965,341,0.9767933052316358,0.9484847942888354,0.9535993092853853,1.0072652760321417,-20931260.677996293,-18071963.55933611,-0.15762771250781293,-0.33412391894595106,0.18794416284736798,0.23150040405203068,True,True
554,962230.0868678984,0.9649841613507318,352,1.0017975000602208,0.9622635713152534,1.1195175536027295,1.1029977549922056,-22073465.308996603,-19346121.86674552,-0.17793469598360043,-0.37821924032781634,0.14448269177367876,0.1903462053535487,True,True
555,1239973.5320495935,0.9694184939678262,353,0.9854522910291331,0.933929050625245,1.007086126234112,1.0083787981141146,-19483082.988025293,-16861663.745310664,-0.12148834007731275,-0.2690689137668771,0.2809099434950288,0.33657332377988297,True,True
556,1073440.2421483456,0.9229277220212369,338,0.9229984024910078,1.0752561903112379,0.9042437439090503,1.1233445807055227,-19593719.983186994,-17272073.535528358,-0.15320366173633349,-0.33159449052366397,0.19162848510763708,0.23732051429039236,True,True
557,1256138.8612331501,0.950535002828383,350,0.9736209006218584,0.9943784422985067,0.9074298698646056,0.9981483405737267,-19217866.31376588,-16607746.299638951,-0.12005253582146412,-0.26500774172889097,0.28643195753141765,0.338494698129805,True,True
558,1033304.6745669538,0.9137909225062081,326,0.8904018053559022,1.0117174678873313,0.8763976345878612,1.1215552399366806,-18793966.31726021,-16570103.055355132,-0.14951376609032685,-0.3240086716389027,0.19991408674221448,0.24424633874964535,True,True
559,1039944.5031538246,0.9462390304570032,341,1.0268684979535223,0.9728682837394499,1.0287578147313887,1.1101328504023344,-22122510.693236116,-19440451.779339146,-0.16171902693034007,-0.34681458393732706,0.17419436556652376,0.21899182306287157,True,True
560,967364.343107154,0.964512497713321,354,0.974458578625572,1.0101703521270156,1.182076222901374,1.0008622795979525,-21589161.13934111,-18580257.78649829,-0.18435457344700612,-0.38890900113997917,0.13837605424297822,0.18906550052109644,True,True
561,1029066.5308069771,0.949182783723995,344,1.0049724955665362,1.1467786978267418,1.1386744135257274,0.9968370161507943,-22430097.28737186,-19285386.86278703,-0.19085658148106224,-0.40183553039551223,0.12851647329972962,0.1791483241697587,True,True
562,1061388.2470969632,0.9323527503557574,340,1.0711472807632874,0.9994345266365592,1.0419249610618686,1.0367802767555376,-23192682.3035532,-20116080.096983127,-0.16479167302955738,-0.34961372521435574,0.17154977628742257,0.216495364495644,True,True
563,1250665.1151243257,0.9883217045094167,362,1.0439612701454495,0.9936896714116307,0.9780420709930115,1.0246255190305376,-21080167.6704138,-18290722.542920794,-0.12945366029191022,-0.28381068349322897,0.2567557641442274,0.30822135738394596,True,True
564,968158.1344574121,0.9257052236976993,337,0.9682128976612783,1.0017345476248567,0.8027995774226854,1.0668924990971238,-21117424.992362004,-18423296.492973834,-0.1660406109404053,-0.3496454954622392,0.1671092131440048,0.2027317753267015,True,True
565,1167858.8927909727,0.9488566403708826,341,1.1037617815161382,0.941139845353479,1.1812840131713032,1.0326609552062949,-23136668.844164193,-20064618.459212765,-0.14835501467031992,-0.3209000717850914,0.20753177321875707,0.2612036535935163,True,True
566,1181468.68635123,0.9748078817627006,356,1.012610095374579,0.9739125116574742,0.9341250721345951,0.9552057151377091,-20675143.929915555,-17706872.69743284,-0.13360794908669252,-0.2877525817394846,0.2503402058607207,0.2990698390371736,True,True
567,1097666.5772676542,0.9769417790752037,355,0.9710650075046539,1.067707257334301,1.1623110803305579,1.0453846806179026,-20801928.526337903,-18057100.52069742,-0.16232879435069034,-0.3498893910051704,0.17678739530793042,0.23318213575936816,True,True
568,1021388.9439115745,0.9623435711073209,344,1.165604266274825,1.1192006025565808,1.1918803780789988,1.0234297049112746,-26430051.989042602,-22824973.635258988,-0.20291703239174538,-0.4235422107755468,0.10974196550925094,0.15461928268401562,True,True
569,961055.9821877882,0.9153408641238757,331,0.9628852830935176,0.9694744727142582,0.9338662834134145,0.9615537447267007,-21004094.11567326,-17981821.347397126,-0.16824329309879338,-0.35175064421931196,0.16812407040083127,0.20974895678607794,True,True
570,1137202.6562650828,0.9396846125241244,343,1.0068662263755812,1.0964882556117161,0.9441566064753482,1.0345424603136382,-21348152.979097642,-18523329.696808003,-0.15264240264744017,-0.3270508019793297,0.19769504656624692,0.24461183215117258,True,True
571,965465.3597898346,0.9055640106915367,321,1.1247311942135068,1.07755434394404,0.8417226226667243,0.995788628453904,-25381314.75063496,-21849732.684890427,-0.1904191064215174,-0.39139125806181935,0.1266152569187076,0.1589808889412724,True,True
572,1292161.3671937084,0.9899934182498913,361,1.0415931500044142,1.001905836925864,1.0484817244789801,1.0745467006329688,-20824056.587328147,-18237674.938049115,-0.12638956774684354,-0.28158719796840254,0.2614522665879741,0.3176381242922052,True,True
573,1127289.763563832,0.9628688705930871,353,1.1388482921704677,1.0677701071330679,0.8155352424411918,1.009773711111968,-24493739.985456042,-21170212.624365386,-0.15723792066415285,-0.33083809603163084,0.18832569809699112,0.22448905462389362,True,True
574,1033940.7235007118,0.9340995295705345,336,0.9720718349453629,1.0077807587554064,1.0075269500369357,1.1419908112463373,-20918191.507939186,-18483813.159582395,-0.16154915921227708,-0.3483441530962471,0.17312966934855223,0.2190364429779474,True,True
575,930752.9824663408,0.9342844415412286,329,1.098200432679827,0.9534375430995111,0.9994593031766519,0.9540664711931401,-24587757.36592299,-21013155.563619763,-0.1861899337411524,-0.38407402432718535,0.13552224460832138,0.17314648412684983,True,True
576,999991.21996538,0.9453814931065311,340,1.0057482921843157,0.9796118779202567,1.1341191595582587,1.103053030924842,-21985022.612023223,-19273190.589222424,-0.17295132071418318,-0.3695255535884922,0.15335965893940018,0.20138176011282802,True,True
577,1067442.7813813053,0.9315442152896635,337,1.0366387474001788,0.965567856352759,0.783323724487638,0.9907167313876526,-21941609.22793369,-18912776.484414134,-0.1481687790292719,-0.31308129274769597,0.21035657231111243,0.2467431363253186,True,True
578,1122117.0010565678,0.9594238566740981,347,1.1089323942467029,0.9724586773064119,1.2062805214366472,1.0809186647544364,-23732820.34667154,-20741463.737041652,-0.16004569129658117,-0.34498447969510854,0.17924922733863083,0.23105788009239306,True,True
579,1287924.179209341,0.9646672115571059,352,1.1530490885797153,0.9812398005730949,1.0998673544509903,0.9949234708252166,-23607493.55722815,-20353997.776243314,-0.1362254347068911,-0.2958813809985833,0.24020281321916873,0.29378579948805006,True,True
580,1153759.5766218544,0.9748487902281618,357,1.0471204618131271,0.9797939200187246,0.9397478764485643,1.0187936893740015,-21766150.732948877,-18852349.314587507,-0.14156849015770198,-0.3048116628190009,0.22500719837578906,0.27072014412212675,True,True
581,1052370.7205665074,0.9642887476869622,355,0.9361009991123782,1.037395632337037,1.005149559577285,1.0389277723460975,-20003175.406594872,-17358929.453957044,-0.15812844151353922,-0.33868957600087585,0.18553238565951888,0.23489350298192677,True,True
582,1023841.0815891696,0.9664216896469471,355,1.0880693961836096,0.9693635982303648,1.1403630988661406,1.1122180183283914,-23838434.531935427,-20933484.504647642,-0.17352013103732883,-0.36985762737868627,0.15169056554483024,0.19728077950377396,True,True
583,1086141.5003787037,0.9607797468996042,349,1.0390255209368833,1.0242849981572062,1.1665321924843617,0.9612509779538045,-22412380.12493903,-19170695.766760256,-0.16524565850956402,-0.3504799125728897,0.17480857283399504,0.22796591074983646,True,True
584,1052874.840427949,0.9185012065449158,331,1.033585096150449,1.0336696008840005,1.1106279882437273,0.9650928991889645,-22504607.543573555,-19263635.394104436,-0.17024664129384978,-0.35900461488713664,0.16461359648349064,0.21418306461713524,True,True
585,1139429.9704140357,0.93942440331667,346,1.074730606298155,0.9853647552665279,0.9955182705440772,0.8851898959501594,-22629913.677569278,-19120880.46942614,-0.14850050611228185,-0.31256729687914503,0.21614473805168177,0.2636664963957867,True,True
586,949909.8006961306,0.9457869969165081,343,0.991096082714569,1.1099623134151853,0.994494361618708,0.9831930751848967,-22393334.658895567,-19217181.258400686,-0.19736378808473196,-0.40954306227999004,0.11829730870014302,0.16042199951345798,True,True
587,1035985.639303785,0.954154581603202,350,1.0019495743764917,1.0377752458674245,0.8944837768933052,1.1144855684885953,-21681402.07679785,-19071246.67641398,-0.16285398782461308,-0.3474519201946424,0.1715288322274364,0.21182058673083848,True,True
588,1131387.4660669318,0.94687825894719,341,0.9670180648887654,1.0401571614000005,1.057291563300301,0.8819091203436631,-20265508.365705177,-17100262.223927103,-0.14833116249371353,-0.31469653698795164,0.2169524692687005,0.2723262169838548,True,True
589,1203404.389119057,0.9678550148209378,350,0.9008213822017669,0.9855676415572163,1.00812572940045,1.1013985257635404,-17835881.4490677,-15705313.12888563,-0.1228686636288888,-0.2767168328290306,0.2694594255451705,0.3275853428465376,True,True
590,1167887.2649153932,0.9579336150980564,354,0.9369527111794741,1.0524473232563056,0.8923366133091557,1.0358159591388354,-19157600.684014376,-16651290.5650585,-0.1346003320698393,-0.29349119608907653,0.24205347265066893,0.2912418868191467,True,True
591,964397.5165372133,0.9136869308788917,333,0.987533361527476,1.094336229404869,0.9917701754217281,1.0569316831627755,-22136150.780057803,-19239698.913803235,-0.19026219984617398,-0.39868238371256365,0.12619723103400549,0.1684207948291185,True,True
592,1047771.8260288436,0.9735138589430895,353,0.9453870680906914,1.1332854994330246,1.0728060990569985,1.0406769428768419,-20703505.517342966,-17947474.076736405,-0.1757606602105392,-0.3741858704050585,0.15152036825633142,0.20307795146914365,True,True
593,1026132.7708457184,0.9522788361781562,347,0.959984411452737,0.9839337443134418,1.0295149982938265,0.9302241947858585,-20593747.86703427,-17529925.133850645,-0.16000586621230112,-0.33730841269214906,0.18715906070294355,0.23610754392780187,True,True
594,945555.5291329338,0.9444751410362867,336,0.9614962599090452,1.0282968238779333,1.0852839447289042,0.9294061615597877,-21423161.59948616,-18217193.638839632,-0.18705718220185005,-0.38954103688983327,0.13639912802244653,0.18360498771056238,True,True
595,1023786.4034366931,0.9355988495852053,336,1.0369869954580173,1.059414767569095,1.050069922311445,1.0204514089753076,-22852198.69918401,-19748664.40010235,-0.17744124122753802,-0.37356258956421723,0.14868223077446438,0.19391465782605524,True,True
596,1002688.8773549501,0.9513653649110014,347,0.9805707375425038,1.106770040763946,1.0005819450527906,1.1741871629581513,-21743750.39165925,-19286367.129470225,-0.18224555647161597,-0.38860274285079816,0.13462476550669114,0.1782241737381238,True,True
597,1273586.7037375956,0.9872500963176994,356,0.9312229653182762,1.0266632068202628,1.0026833788173382,1.029479258569846,-18252198.38054887,-15858677.658761363,-0.119046607529442,-0.2665753731287902,0.2863408885867125,0.34636585639182815,True,True
598,938554.7371872296,0.9417252270824178,346,1.0395939444730544,1.12875288397919,1.0095705311383698,1.224839660605211,-23772714.6738469,-21229713.701759294,-0.2088018366413177,-0.439261020141954,0.09607706277852648,0.1345194078807047,True,True
599,1018693.4725525207,0.9301834439717079,334,0.9685032852208416,0.9074447542024651,0.8615813182644029,0.962142364869862,-20425304.393007766,-17510270.743312947,-0.14749898407340298,-0.31197033482465525,0.21378726262336895,0.25455817673883474,True,True
600,890282.4594162728,0.9725955966502181,359,0.9702126520605672,1.0181518324103125,1.1802359706141745,1.1371285092595087,-22055413.59242155,-19406763.133778412,-0.2069749440168415,-0.4368512841029781,0.1016887449863195,0.14730047789325945,True,True
601,1164872.32373071,0.9301930101584823,337,1.0799548905612246,1.016809722623852,1.1527640345683738,0.9626845427557165,-22839762.659067363,-19551947.820650987,-0.15335190353833597,-0.3276906585332571,0.20016300435177764,0.25442843382516833,True,True
602,1161328.7884052987,0.9714762256681988,354,0.9547157904030116,1.0048770946249095,0.9414006315902854,1.0466434778261955,-19502913.382537276,-16983971.319950815,-0.13447387556049561,-0.2940345534172255,0.24157327391049854,0.2918546222450407,True,True
603,982630.2630884157,0.9385120632357536,336,1.0760850485177065,0.9965671288516813,1.0459471843117722,1.0728083788547282,-23869376.7936611,-20814910.645226125,-0.18083724853938432,-0.3804240441685282,0.1403022261466558,0.18158382811136173,True,True
604,1010112.2566845845,0.9289677672559333,342,1.0475036880442292,0.9826904576944782,0.9962155140976849,1.0155255077273537,-22865946.520887308,-19758049.898903374,-0.16911490391418826,-0.3559063286984931,0.1638879842267595,0.2060767733673637,True,True
605,984636.1466573146,0.9216927786433662,334,1.0644697368409117,0.9969232345392608,0.8115417111297052,1.1039111995650788,-23390797.615362987,-20534084.78837542,-0.17013879457852943,-0.35778699859867286,0.15727101042662928,0.1903218396245527,True,True
606,1023264.4134987332,0.9606189572582886,349,1.0379245054788637,1.0243158819163076,0.953337121756816,1.127563115711134,-22665042.98170967,-19969964.3051374,-0.16907806120530014,-0.35991839124575686,0.1588589782291891,0.19945614862016461,True,True
607,931903.2636885958,0.9553321565251297,340,1.0040495239776728,1.0772707775627262,0.9117268618760468,0.9567648346734197,-22657538.16283308,-19366862.705637503,-0.1934676561256441,-0.39854990625896697,0.12419638509095227,0.1621079467754045,True,True
608,1175159.2087162887,0.9460449526885103,343,0.8911252674507898,1.1014193434549315,0.9911087641319478,0.8736487278769838,-18242448.796704188,-15370856.018505711,-0.13732483826871764,-0.2941236221254048,0.24589578490904304,0.3049021717729176,True,True
609,1030481.6306675149,0.9620850846461383,356,1.1397709610708087,1.0578832519774575,1.0086572525731883,1.0872280287576734,-25336035.10046591,-22149678.06509037,-0.18170023804337032,-0.381826144883197,0.1381271175702951,0.1775888279947246,True,True
610,930874.4814379544,0.9679279118236811,354,1.0978134006064293,1.0031764444592381,0.7921443938006296,0.8933858214296466,-24628205.28726381,-20845684.664649,-0.18420850478375453,-0.3747394270771334,0.1403948236735259,0.17123691094738852,True,True
611,1031097.3540414532,0.925406366587841,339,1.0066738536679678,0.993499442840873,1.0824422183811413,0.9353936680144599,-21804357.332341056,-18572015.39433307,-0.1662832491227184,-0.3497231080807876,0.17377169927880148,0.22276771619267285,True,True
612,1039113.9442440844,0.9435372185811112,344,1.1045243207278417,0.9692982072305696,1.155698307024244,0.9728260049730587,-24153457.25669339,-20704407.426165823,-0.17237775752472598,-0.36245200914871306,0.15993591150913358,0.20728088178257165,True,True
613,1043171.5725053252,0.9407850757365019,346,1.109752237236647,1.0248579851028394,1.0373631684809275,0.9534656034078349,-24385525.65395807,-20839158.002813686,-0.1740338635566481,-0.36311535850979476,0.1574293517455579,0.20057599559074457,True,True
614,1104605.6754901693,0.9451807419584085,346,0.9065945969062869,0.9246102599343683,1.0440088671507948,0.9178196873754277,-18474061.63643433,-15699789.765941015,-0.1346105390602988,-0.29017391712700963,0.2500307238391689,0.3066599014986749,True,True
615,1103252.7049200204,0.9794050764699066,363,0.9545768453659403,1.0061378423880236,0.933366530925695,0.9368561847362621,-19916354.128702436,-16988421.0179438,-0.14405173130825855,-0.306734897221719,0.22404868730823363,0.27245261418481675,True,True
616,1208624.9444895633,0.93756761120986,343,1.0759818796700245,1.0871896459819428,0.908344945899238,1.097178375361933,-22491426.188848726,-19754959.386435885,-0.14428824083982617,-0.3130747880333556,0.21349492145359483,0.2580251972122051,True,True
617,1132432.7868958763,0.9261544342935358,343,0.9864221449681816,1.120229402887028,1.0566705467699484,1.189437150166883,-21061845.15729653,-18765338.97989168,-0.1588640542918646,-0.34740705783779263,0.17654161653027617,0.22779057563285413,True,True
618,1132065.3156532594,0.9211062456679334,341,1.181942139029463,0.9923563716657484,0.9741389263947253,1.1165613585022824,-25372622.423827615,-22336923.739308156,-0.1578227592688583,-0.3379143183542808,0.1816485715599818,0.2219461006406089,True,True
619,1124727.2757359664,0.971962645995353,357,1.0101450871060993,1.0031036601338574,1.0509684867607545,0.939858071020347,-21238094.2407474,-18114714.196101546,-0.14918573383281886,-0.31779936425427613,0.21122527543006436,0.26306364821408096,True,True
620,1200006.5581816188,0.9604620140323887,356,1.0153039234947487,1.026385999181657,0.8948603916428445,1.1699716650456138,-20782086.39063898,-18519171.623563394,-0.1344556901639416,-0.2981004342758567,0.23351123660564613,0.2791122521058379,True,True
621,951745.5656249141,0.93145291984338,345,1.1054916315012748,1.1263683373019444,1.039245917460644,0.9569569238112625,-25337407.433585476,-21643789.082001075,-0.21075994480825552,-0.43328224432526347,0.1009333145782846,0.14048785534054667,True,True
622,961086.1805577264,0.9918503796027378,364,1.1383876646803934,1.0074915410147824,0.8601998844830696,1.0588078193209434,-25488965.140235998,-22184692.8348063,-0.183735677675985,-0.3810772591909973,0.13495982121029615,0.16704380365489063,True,True
623,1080405.098514569,0.9659635787122578,351,1.0026619498529772,0.951635657240259,0.967545922712367,0.9299667258634452,-21093997.390500605,-17969406.952952705,-0.147898738652896,-0.31318229033643985,0.2148578282199962,0.26153393271405745,True,True
624,1051840.3350365323,0.9349000685200557,337,0.9790509282228806,1.0035608276081605,1.0881277495851855,0.9873067238571303,-21011014.150342986,-18061678.642234344,-0.16125066945938407,-0.34307429884238794,0.18162559323768346,0.2327496257050614,True,True
625,1115743.7921638086,0.9369555670133971,339,0.9579147232944295,1.124187502158027,0.9811768429364269,1.112544790423631,-20420636.84909415,-17955123.193999764,-0.15694251196914502,-0.3396606977866201,0.18428916551665647,0.23364926411347264,True,True
626,1099066.3129230975,0.9325684793978076,341,1.0610050296118336,1.020943003869844,1.0891387743434908,0.9667192767232212,-22794777.65345339,-19526634.08470445,-0.16126167110995018,-0.34153079921515916,0.18253490659241875,0.23206184135113728,True,True
627,985774.5648752372,0.9235228829260438,333,1.0583449309065285,0.9131616145085579,0.9918684494363599,1.1441069149939995,-23030999.844417542,-20356885.598897103,-0.16632539429926554,-0.3548936611638045,0.1631839047349097,0.20280812031920054,True,True
628,988630.4909852422,0.9224834349411523,338,1.0028609897586536,1.037058261209134,0.918032378046206,0.9538852281469311,-22062095.82292139,-18859332.07106556,-0.17377212027313893,-0.3616148414068002,0.15776393904909297,0.19830509350050268,True,True
629,1068546.2872378398,0.9516169163161085,350,0.9414950131560877,1.030750880782832,1.200326797118369,1.1170424828895185,-20150202.375666153,-17711969.92597479,-0.162449053077666,-0.3537320913192317,0.17309661622200587,0.23056627224436285,True,True
630,1186271.815849177,0.9163748988919347,340,1.0014450809650155,1.0467123206532372,0.8113164898649201,0.9517621009667996,-20540026.395588588,-17587246.964028187,-0.13438943350340873,-0.2876610238931341,0.24862756128900626,0.2921778978962877,True,True
631,1125478.8163226193,0.9112062650641822,328,1.1044089614611385,0.9433528299498598,0.7691165025601304,1.0701645983867591,-23109530.08025463,-20219319.917484514,-0.1419023302650259,-0.3043443673056851,0.22093198326842145,0.2558132656999566,True,True
632,980106.2936468645,0.913840671493175,334,1.1146269667611284,0.9711342781896465,1.0901402336022756,1.0462283864690631,-24781775.802611973,-21510272.278953813,-0.18267247828514196,-0.38288988947776137,0.13823748238098513,0.17968562535834687,True,True
633,1013791.2828743546,0.9146199548177759,331,0.9084188267390662,0.9059134918279531,0.9080779037455452,0.9490009500202486,-18988753.666100517,-16236993.773404442,-0.1441938685813766,-0.30662602011459594,0.2228770325883348,0.26836381460647984,True,True
634,1028855.0339177541,0.9472445467422503,345,1.1655121300326978,1.100909380677915,1.0801051947677467,1.0051453076835504,-26217635.71720842,-22587184.416938465,-0.19280114411926833,-0.4010103312986823,0.12393248213970381,0.16552351504277793,True,True
635,1035512.1784186515,0.9496962190982834,346,1.1892520348137319,0.9921641480249305,1.193038201604833,0.9339571923173852,-26416534.17331763,-22486767.778810743,-0.18341041399776067,-0.38141244901791765,0.14174973953977552,0.18714382041160682,True,True
636,1059660.4137211037,0.9386508360645084,343,0.918132962553698,1.0349154384217272,1.0751206940131182,1.161876156195563,-19547311.621711776,-17332789.523094285,-0.15748795392199927,-0.34407659636262,0.18073381403118408,0.23332330119593006,True,True
637,1258712.2717756927,0.9289611816597675,338,0.9770827279095596,0.9586634103278106,1.122047458811114,0.8750039041540253,-19346079.30519395,-16307567.773466112,-0.12365433293474877,-0.2690631202814908,0.2846317949091877,0.34882606239522923,True,True
638,1000146.1714606857,0.9481090267384903,350,0.9972144814116728,1.01897033391469,1.1446903366161225,1.0033281807286574,-21935272.47439523,-18893279.709294092,-0.17807553350708372,-0.37613168359695653,0.14869429170386808,0.19845578123321844,True,True
639,921734.0622011204,0.9078760798307003,336,1.1629483934770617,1.0194006638412558,1.0331334825042144,0.9745797463955028,-26557305.80477283,-22762733.640929025,-0.20419752043835918,-0.41887853441938117,0.10800152795093497,0.14410381785778684,True,True
640,1144524.2721223703,0.941864590007297,341,1.0569025355779478,1.0757029401004938,0.9908248897488265,1.0367836794655108,-22503785.42018226,-19529834.032327667,-0.155099208597235,-0.3318290949543164,0.192046658181828,0.23900543199972346,True,True
641,995352.8136460914,0.944542209384051,342,1.044930216083631,1.0244181055346064,1.056296526160658,0.9239946241188532,-23118515.84478242,-19649501.48336733,-0.179866869674065,-0.3738999317518096,0.14834438930589128,0.19302805093251746,True,True
642,839828.2383395344,0.9441889603512781,346,1.034915522693405,1.0198916632462725,0.9134470435529867,0.9626837397685832,-23867302.587923523,-20415925.314947106,-0.2132228326753239,-0.4342693713136388,0.09654189602428136,0.12970783482737738,True,True
643,1140885.1833296265,0.9651285191998111,359,1.0651410362355933,0.9873678982695329,0.9088184818742097,1.041816947365799,-22312853.720331796,-19405108.22283905,-0.14477966113362883,-0.31102426634330327,0.21558961010210592,0.25851632619497955,True,True
644,1154064.1008980987,0.9484402983483985,346,0.9689201329258591,1.105796525362197,0.8908544614355215,1.164983268428478,-20268306.504848275,-18016851.279386736,-0.14525660233855106,-0.31834236639527635,0.20729969250884853,0.25310993151035704,True,True
645,991351.0997313973,0.9100843238999279,335,0.97498044925032,1.0704486409649376,0.88846729172425,0.8983946857897844,-21456188.34886865,-18165779.87775229,-0.17406797152730763,-0.3600597423279278,0.1597894069169833,0.20081654934264004,True,True
646,1119842.2121406333,0.9524833781000013,352,1.0116658073213505,1.1436829509836342,1.1092524931578605,0.9973536218795546,-21919833.515845433,-18864506.67176822,-0.16862492809245885,-0.35899260903098323,0.16660893458883702,0.22008640577962932,True,True
647,1240401.271095379,0.9632484045595001,345,0.9095752537451849,1.0355875610004992,0.8928680712519048,1.118164465034101,-17881069.307807453,-15811551.149488699,-0.11892704632600383,-0.2687122050283542,0.28015528943258694,0.3331729906885546,True,True
648,1135200.3223886322,0.9717957760427354,354,1.0939560854456145,1.0061095842290702,0.918604857473375,0.9821570352659527,-23157516.223919373,-19917387.169164218,-0.15011428824465228,-0.3183390448993008,0.20631967076115376,0.24878963493072062,True,True
649,1043415.8706398546,0.9334902582133932,331,1.168473079979585,0.9350860793862554,0.9816908415039884,1.0130779218726782,-25450324.389469843,-21992137.017757285,-0.16609814029931952,-0.3485264589340724,0.1695787668693043,0.2081532023948724,True,True
650,1156846.7391161653,0.9424391935459774,355,0.9533754053916661,0.9997868061361705,0.8593231551811641,0.9414826226473303,-19409001.39155509,-16584873.95621828,-0.13185500236530162,-0.2833918415714971,0.2563498719465872,0.30345802588948967,True,True
651,974925.8026582822,0.9671065044013346,356,1.069920017494676,0.9369647961513979,1.0447166315225995,1.0285569073628726,-23531681.90543118,-20373733.303533066,-0.17422257167000835,-0.36591720193406363,0.1536256532043403,0.19512025717259557,True,True
652,1039266.3017877091,0.9619527929005779,359,0.9894116282035631,0.9394946588336635,0.9729568538949922,0.8955142642767759,-21014300.24049416,-17788085.005807083,-0.15290511683482277,-0.32100784369999297,0.2049344699909459,0.2509662754844391,True,True
653,891719.8291942098,0.9636402541440448,354,1.040951937102225,0.9205814404719747,0.8269564833713682,1.030537390369039,-23188103.62226627,-20091766.802991014,-0.1792964842141803,-0.37135154913909363,0.14353024952405455,0.17510307199709335,True,True
654,1206423.6587777678,0.9730574668497984,355,0.9433775629984494,1.0605000851435926,1.0220172474667797,1.1888206279773528,-19189459.708166532,-17148364.290391102,-0.13423050430812233,-0.30157213059735527,0.2326155092145171,0.28803653642691385,True,True
655,1021975.5397950059,0.9262566120477668,341,1.0722021368456713,1.0710391036581295,1.0856460984796885,1.0646374691286162,-23818887.45852591,-20733443.593783297,-0.18374547866303723,-0.3873775740017234,0.13625718598807163,0.18086717131118873,True,True
656,1094085.3935419917,0.9836728695014334,360,1.088965187341802,0.9409925632902838,0.8930223599479526,1.072825431187101,-23048897.30079072,-20153500.546960864,-0.14928068331695274,-0.319669103063394,0.20294648078759114,0.2423460800799395,True,True
657,1159494.0831258928,0.9388378291165105,346,0.967825517105297,1.0514580512658904,0.9556117053277206,1.1365107478563754,-20042052.821885895,-17729937.633139115,-0.14104541100834656,-0.31026324860736815,0.21901151965570553,0.26836909183689883,True,True
658,1117687.7661681361,0.9293227052719367,352,0.958703868020547,1.0317970268819896,1.0607621861909078,0.9154753843118306,-20124771.449722216,-17084874.76419208,-0.1492375203665623,-0.3178785148541207,0.21268156373774363,0.26766513654718677,True,True
659,1065037.8077471722,0.9824100729725501,357,1.0002788217894016,1.0345903351107626,0.975290525579243,1.020203389313059,-21481802.35735749,-18583698.94114498,-0.1597948700580893,-0.33964569999986727,0.18276047065695405,0.22842381865502506,True,True
660,1090759.276419078,0.977087321605029,355,1.0141885089109333,1.0283514503828894,1.016877846339894,1.035385549849428,-21654053.02338269,-18783741.31765068,-0.15701723455185773,-0.33573284386392005,0.1879640777227552,0.23571132088126456,True,True
661,1054229.2808184396,0.9722533287423029,354,1.033928788188524,1.0499256496228047,1.1608924686428839,0.8860581415300963,-22607475.299445275,-19080106.10040188,-0.1741953935259032,-0.36449210529236553,0.16100535023346685,0.21338133653644353,True,True
662,1014753.9845831582,0.9613681367221463,348,1.0541575915231534,0.92282663911812,0.8452966577218186,1.040216380980508,-22643927.533624556,-19677498.526253972,-0.15654131304123892,-0.3307874174653907,0.18820881904309258,0.22433946973243354,True,True
663,1072080.0381781843,0.9642774655954783,352,1.1544216024597584,1.078140520865165,0.8664477866553582,1.019920202269821,-25369670.011157397,-21946135.950375043,-0.17113741509666658,-0.35733440572771663,0.15931057087502626,0.19509787970699008,True,True
664,906827.720099057,0.9504008617255796,341,1.014383460173141,0.9719831684367881,0.829824164045667,1.063612976990731,-22620585.95867576,-19706667.130347114,-0.180879857698012,-0.3762779296136122,0.13969320009315897,0.17254064085781523,True,True
665,1209831.1980456354,0.9695207414380702,358,0.900066886417104,1.0603881603665257,1.0202973688547998,1.0064244797336417,-18080332.671538144,-15623012.55096752,-0.12926342159421006,-0.2851140642662379,0.25833615524244685,0.3185182445444777,True,True
666,1151905.4188306052,0.9968528276671973,364,1.1053621608696604,1.0157674633018778,1.1291066739110331,1.1528406930819355,-23542134.81326859,-20847748.080825455,-0.15655726897535288,-0.3406048284581732,0.1828424730062664,0.23251632200960254,True,True
667,978788.7086155331,0.9432798467031845,342,1.0315560896126954,1.0687691202790337,1.117051693956254,1.0747765768646749,-23123076.73432475,-20151397.358934503,-0.1921880859503249,-0.4048238253701664,0.12308803189536145,0.1685458811993426,True,True
668,1132550.7282453696,0.9504198633524975,348,1.0501287206535928,0.9731691749182367,0.7994212643662043,1.01888267046617,-21846095.433922548,-18935733.992027692,-0.13997153232210513,-0.2996677126463505,0.22914116376041951,0.2677622327466869,True,True
669,1088978.2817791295,0.9304232869457011,348,0.9406827217596846,1.0110037781551429,1.0619506630697908,1.0215233318442616,-19796678.43009797,-17130964.53954735,-0.15054836769890154,-0.3247560897060044,0.2033060878057494,0.25686751430606225,True,True
670,1189829.0303279003,0.97467166044995,360,0.8925815011264306,1.0790179429346998,1.149893620191315,1.0258462526425938,-18224955.723432053,-15783112.748518964,-0.13846666788094814,-0.30568637273476057,0.23221359979396697,0.29833542463564966,True,True
671,1205701.9953980674,0.9713589374257453,354,1.1170461786913284,0.9926449344976314,1.1126509716288444,0.897794618556878,-23347188.63744524,-19762936.569504574,-0.1462624431874315,-0.310636491874385,0.22087080627618058,0.27415883767876026,True,True
672,956176.0084858362,0.9065065416920514,322,0.8966144475161498,0.992140908793819,1.0244816545191593,0.9985938310212855,-19538216.70569045,-16824278.0291218,-0.1703288535214699,-0.360055040502684,0.16290574118407833,0.2108991662998742,True,True
673,1233877.314734918,0.9222257428171036,340,1.035937276522403,1.0649358203671193,0.9984437882240143,1.2005239563409429,-21303083.64200651,-19072629.1098333,-0.13806119249570484,-0.30775171841838006,0.22235412400455637,0.272795225812291,True,True
674,1049756.0271447906,0.9140475396362868,336,1.1196982082011073,1.0911804901509505,0.9991659004194893,0.948484280403432,-24821515.7402254,-21190895.095219046,-0.1800726367566219,-0.37397815234231574,0.14665382033313887,0.18830720178991456,True,True
675,1068893.069996305,0.9696562704496877,357,0.8987060056329057,0.9457768489481377,0.9439391019608045,0.9681475681159015,-18535402.939908214,-15904258.49077421,-0.1387748525998625,-0.2985728643660195,0.23554256990048197,0.28556378596811605,True,True
676,1035787.0086960322,0.9339459873335315,351,1.0382759817265523,0.9999072798191617,1.076597209297574,0.9992729859786089,-22582149.000365537,-19451313.54992384,-0.16849939488145943,-0.3559659295012283,0.1661747326749466,0.21309364664596245,True,True
677,1149974.4902228652,0.9537329676970431,351,1.1689817972463936,1.0342799345965608,0.9714675056781406,1.1096120780458054,-25084774.99613484,-22054740.814939234,-0.15795833902202447,-0.3382874555734733,0.1817868238100705,0.2231272313365187,True,True
678,1080272.2938524527,0.961136249456028,356,0.8941971304168568,1.1040808022176045,1.2024523674016743,1.1803876520000651,-19179495.288135555,-17038942.910855073,-0.165463378135111,-0.36395702576277517,0.16468151656706873,0.22523506766143883,True,True
679,1116695.3256979503,0.9400458886941279,353,0.9802050271552296,1.1132029979329152,0.981417174378461,1.0489717023249097,-20927477.701074958,-18194980.769285522,-0.15746349245676056,-0.3376793605806501,0.18642737926300534,0.235295780313457,True,True
680,1034164.3959952565,0.9452968212782191,345,1.1133033746444465,1.0559726943256407,1.075596317029644,1.0413267679977543,-24692096.372825988,-21412979.630205564,-0.18163700790375784,-0.38163343224626667,0.14041578099064872,0.1837230388424357,True,True
681,1186150.792394972,0.9761434779994659,357,0.9126438608486859,0.9893896835667549,0.947224599103916,1.1302319969183732,-18215693.803001106,-16127832.688878324,-0.12513504263344905,-0.28098982598568745,0.2611539296715934,0.31433752256032443,True,True
682,1032263.4221074488,0.944635740394536,339,1.1557046658976864,0.997072570050345,1.0212119435676337,1.0711927962745431,-25488928.80308946,-22231658.66838281,-0.17553868753818241,-0.3693572435492717,0.14928300162571576,0.18882047476021124,True,True
683,1044122.5319418878,0.9524121744046695,351,0.9683884575793099,1.0703352615066037,1.2195703869929921,1.026152606932947,-21166333.659791324,-18295323.51390949,-0.17638553462887938,-0.37689380443143095,0.15132676851475546,0.20763750960130462,True,True
684,1091774.222526506,0.9710275925469175,350,0.9711983604323858,1.0164932525609116,1.0738931570587122,1.0379819003444894,-20571259.13643655,-17850632.262320004,-0.15389639093456534,-0.33153085736304355,0.19479608632681833,0.24716475839077973,True,True
685,1003372.7085957727,0.9553314326312273,346,1.032643130417018,1.0553221126911085,1.1013517459666424,0.949570576923396,-22911021.209938508,-19552180.460583836,-0.18345076538360944,-0.38316188767565473,0.14145889595427164,0.18853003459550463,True,True
686,1003342.5709135707,0.9753094506527001,356,0.9441871238311406,1.0627952415966564,0.8963117477095363,1.0523963629431852,-20574937.496919785,-17894119.412226282,-0.1680037502092543,-0.3553729737464722,0.16446413089737902,0.20643651711956418,True,True
687,957935.7572424272,0.9129344589744125,339,1.094754091069839,1.1169719340687194,1.0155309936096222,0.8989390728694333,-24970337.29109552,-21128049.593095623,-0.20517146376173304,-0.4200647265829531,0.109766019077341,0.14958728126188428,True,True
688,1227611.7415275625,0.9560588228218283,351,0.9975570180669278,1.0588590410199752,0.9116906791419982,0.906125670418107,-20283660.860071838,-17212369.679411173,-0.1321198339794175,-0.28325636375144086,0.25809770993590725,0.30885201429093745,True,True
689,1122468.7203019254,0.9338712374114209,348,1.0601200193710951,1.0224637502892415,0.9114464098036795,1.0646123112497952,-22462683.997846227,-19604962.525823202,-0.15083242766189608,-0.3232817775916876,0.19994349322196206,0.2423061218836073,True,True
690,1041607.4851896809,0.9529144138288361,350,1.0711186346284016,1.021008702043663,0.858861390004285,0.9567860706142243,-23274671.13581672,-19920040.31198462,-0.16404806031055036,-0.3419731385562604,0.17656218296188958,0.2141864591081933,True,True
691,938612.2891181281,0.9432057692684145,344,1.0848424714847755,0.9066320015494577,0.9820272431415837,1.0046918101273177,-23998599.024790216,-20696588.193079963,-0.176627722679723,-0.3677588172803947,0.14988937112178097,0.18733518943911645,True,True
692,1173306.978212112,0.9304069108447683,337,0.8751377919927462,1.0872936625659384,0.7851201734501796,0.8851121589866434,-17615069.185463615,-14896608.628320007,-0.1270849658986425,-0.272176813528783,0.27459724538231056,0.3230433555500189,True,True
693,1038321.7025640067,0.962992948424223,356,1.1483238867942365,0.9679837632416727,1.0379043691148608,1.0589649720115324,-25158119.14627617,-21901949.135538734,-0.17115336585049715,-0.36095514711217375,0.1578768590752271,0.19857916302343606,True,True
694,1109322.7084916066,0.9248348063855205,329,1.031557468509713,1.0697533358829048,1.0957056794940656,0.8987607507363741,-22185780.155167103,-18772580.772865094,-0.16278114693749,-0.3425929264189954,0.18307580544979948,0.2354414835377675,True,True
695,1080212.3488673344,0.9484029252210333,342,1.1451335393586162,1.0116785234227377,0.9431769799894769,0.9625984236738188,-24876612.43780392,-21308286.48235528,-0.16467253863855816,-0.34414615789013153,0.17506245324352324,0.21474808194717554,True,True
696,958315.7612296387,0.9368424001268958,340,0.9382929889552915,0.9447238325568548,0.97783054159951,1.017076738438995,-20342262.847004678,-17584155.40598007,-0.16520156606341577,-0.3492073992776771,0.17167941348741755,0.2156098616749013,True,True
697,1111353.4279423521,0.9378548840732039,351,1.0893349064316542,1.0388517301411155,1.0015093827419486,0.9066969695250393,-23414478.20711151,-19853960.660845432,-0.15999564719366363,-0.3350475978666321,0.18824467656189334,0.23403101817021676,True,True
698,904664.1445376871,0.9512922537815769,345,0.9372028881278416,0.9494617358091919,0.821721580567508,1.0340873774606043,-20611419.820396934,-17873663.64899108,-0.1715370165773259,-0.35853794443300857,0.1579350192175187,0.19328230266904833,True,True
699,1186794.6423755179,0.9603788522578798,349,1.0760017725382616,0.9936768385102505,1.0749795510261604,0.891377942010042,-22425893.99215602,-18963027.256857663,-0.14464060683011926,-0.30710696240258417,0.22538646773095652,0.27826804122896104,True,True
700,1065841.2067734746,0.9620568967572446,351,1.0854105099315965,1.025227743541408,0.7839351755636108,0.8980973480609625,-23410977.33578158,-19840902.16661072,-0.15840339958861346,-0.32795817186211973,0.19172993877864647,0.2270753354262519,True,True
701,997521.4007620224,0.9152630184105305,336,0.9959989364336442,1.01524925658099,1.0676132005660182,0.9091212699835303,-21851649.729335178,-18523817.680230312,-0.1746873722964191,-0.36442604610819523,0.15865735771776282,0.20622094520528828,True,True
702,1090512.6921466766,0.9447564656431351,345,0.8558793780444247,0.9906672131213416,1.2329769357273894,0.9796043860274435,-17721862.298007034,-15206381.39044513,-0.14595487673260768,-0.31877757254278094,0.21664399486577463,0.28441851087160097,True,True
703,986597.5586810621,0.919247576136227,340,1.025932829692391,0.9304332591850251,0.9832644465710709,0.9676458944601511,-22277255.899864234,-19094362.5691983,-0.16528408598473335,-0.3464101944796026,0.17371805858931982,0.21567945314650444,True,True
704,1171528.324464403,0.9528912683175655,349,1.0158454003652793,0.9389358744261023,0.8811884023212309,1.1238333789418902,-20641050.85080033,-18250315.038553424,-0.13066059624247725,-0.28853597927635755,0.24667136527198025,0.2909271290706614,True,True
705,1077749.0187031147,0.9082108890068483,332,1.0518525624981119,1.0667989734584027,0.9215370797231943,1.019845190234456,-22764369.291531228,-19693330.776208233,-0.16322042773421044,-0.3446927582014994,0.1754353156940184,0.2171914272949148,True,True
706,1077678.596710098,0.9592072143252375,347,1.1386765476906342,1.0139619546158487,1.028025758824303,1.0576121192283563,-24811434.58387184,-21597532.13189098,-0.1680221004123453,-0.355586714022909,0.1640311616539973,0.206282712761223,True,True
707,1173993.724605735,0.9654606416156358,351,1.1110561209241536,1.0060255313360307,0.9021753199092623,0.9577647363753145,-23289698.43790127,-19950200.978067216,-0.1448555764028516,-0.3073871429851959,0.2205971159636592,0.2633396983337295,True,True
708,983870.5296962885,0.9591718588503556,345,1.1236841716061574,0.9432767237957842,1.0092819782866125,0.9652534090019825,-24811063.028480563,-21251120.404516652,-0.175843454290459,-0.3653344382987574,0.15314680539441725,0.19227474031625602,True,True
709,1138921.7516044134,0.9325172302485856,347,1.0472333643665999,1.0103780907477058,0.9237815960972674,1.0526092194631484,-21984058.92888388,-19151730.24813714,-0.14629112971851277,-0.31476211237781,0.21130860294943846,0.2554531773654733,True,True
710,1038387.7641602189,0.9786050485678623,359,1.0103240404491314,1.1092111642664295,0.9258784489973183,0.8959806984171028,-22182965.73699679,-18770347.966017056,-0.17326371120699885,-0.35925055519079363,0.16161536468084742,0.20468383009723795,True,True
711,1133146.1278867335,0.9433554851405688,342,1.0858241265127808,1.0680374753196242,1.0328813820453027,1.05752395171671,-23313620.847734135,-20298854.474772878,-0.16017117677498163,-0.3423786975942007,0.18008108265910627,0.22686698327986213,True,True
712,1068473.5175513932,0.975570089872772,358,1.0051829378946169,0.9510660890683051,1.0484644513416164,1.1194681871194179,-21305440.151572935,-18765761.442837823,-0.1529480062682472,-0.3315556026915097,0.19228897500286096,0.24002806656399484,True,True
713,1049699.8449808406,0.9485383089818702,343,1.0616680191919352,1.0200443014273106,1.0252324900448702,1.011841123420388,-23108117.271861736,-19952431.5582195,-0.16802842146709435,-0.35457921402305814,0.16633664584362867,0.21075081909957072,True,True
714,967818.5526974727,0.9481490369809509,350,1.083237747443026,1.0960901432589965,0.9691425431553927,0.9923681903048729,-24494713.94614093,-21060254.888876025,-0.19577432847335988,-0.4046174787717325,0.11959673775680185,0.157898090964312,True,True
715,1159239.2728877882,0.9595194710451642,344,0.9179749149375033,1.0472611375619862,0.8305037388036762,1.0110255841552465,-18670162.086845357,-16161605.411486443,-0.13153113597448887,-0.28591889685499583,0.25224438621067385,0.29914316478328307,True,True
716,1072612.061027682,0.9570100259022348,351,1.009322705574371,0.9881168625802483,1.1275334199073668,1.107975095093331,-21590089.74843829,-18960941.17967022,-0.15956987326371455,-0.34502990482787355,0.17895630134657914,0.2299733666111988,True,True
717,1137071.0975801814,0.9698422434367368,358,1.1176952442923083,0.9621182928890394,0.9710173294293922,1.0254241781399003,-23607271.268615853,-20461519.42272636,-0.14928023950790933,-0.31894025096810485,0.20573351571008594,0.2491490733055385,True,True
718,1015708.0159772707,0.948259690978714,347,0.9993690165806457,1.0691353921927504,1.0892025619651586,1.1544737945658854,-22037649.95042989,-19482213.45089281,-0.17934296132400313,-0.3837142271707716,0.14033282018655546,0.18724601069483174,True,True
719,963376.3603912579,0.9428680275702539,345,0.9904050134299625,1.1278129518068194,1.0409604699265846,1.2213762457393178,-22384257.346753515,-19987386.466623116,-0.19919407536568212,-0.4230004021465714,0.10863646592573052,0.15123183795365885,True,True
720,984933.6402987012,0.9576494396002344,353,1.000666103974527,1.0162098218104199,0.8419325178849116,1.1406903877605628,-21893491.324238423,-19340390.66036463,-0.16855717751448296,-0.3576242960321988,0.15894344625255236,0.1950654219026011,True,True
721,848904.562159441,0.9103838444181771,321,0.8955058366675158,1.0434679613060536,1.104881159772064,0.9071644523266849,-20532441.398072936,-17383362.099377096,-0.21644973132698886,-0.44753182833147387,0.09707398577185254,0.14350197119732425,True,True
722,1115895.2772727553,0.9576624698147084,355,1.009875857909796,1.1040380138970995,0.8536492494469632,1.0199488728273685,-21529985.31795947,-18637787.784464177,-0.15412429740171393,-0.32751545811749333,0.1950235184527114,0.23703170135561807,True,True
723,1051882.9135747922,0.9599460798803834,351,0.9009894425394702,0.9701388223181499,0.8577284533361211,1.0439796920787676,-18743025.30518795,-16309945.077247135,-0.14165926005358548,-0.30574382203752415,0.2232723204437443,0.2676474649077506,True,True
724,1106046.2308909632,0.9830791578743399,361,0.9875396156493942,1.0549686909841771,1.0504136423705048,1.0510004834032847,-21012369.38838603,-18274200.390714042,-0.15616469012891362,-0.33602326327077914,0.18912511013251634,0.24015909453523923,True,True
725,1041769.0269970007,0.9678804300468439,347,0.9185915663949136,0.9158194021321721,1.1350383408513325,0.925661942203887,-19257391.504567076,-16376178.42806476,-0.14904993239515532,-0.3184919726557831,0.2124436859510967,0.2691241055604545,True,True
726,1058886.3368646102,0.943641329953846,342,1.0734063882369111,1.0900340983464814,1.2400802454595194,0.8683912852060424,-23782738.488755986,-20002937.50745257,-0.1853491325824997,-0.3866645013663484,0.14224944831348738,0.19611585827848022,True,True
727,1053373.0195814762,0.9478775417352043,348,0.9502137185551014,1.0673358156464965,0.9119666285291108,0.9421026261792407,-20393937.639096938,-17402486.488221645,-0.15909755553083027,-0.33484634248236345,0.18840886741158647,0.233827711092027,True,True
728,1091293.6466875006,0.951804069525099,348,1.1208003341932713,0.9930670546047505,0.9909245620728906,1.0307406461480855,-24153588.57510125,-20937846.36066751,-0.16070502335913436,-0.34048363790273334,0.18003870622267015,0.22231279671907886,True,True
729,1001040.8352510149,0.9940688519228246,363,1.1059444273165844,0.9411502127592692,0.8293943221902598,1.1273071379689177,-24099242.499922857,-21252502.07136493,-0.16444495333098913,-0.347975468556652,0.16717741013215326,0.2000250703784628,True,True
730,1014454.9742633264,0.9316115302115668,338,0.8905348643047283,1.0297586398418235,0.9086007491457393,1.1163104414189977,-19030958.511920605,-16749561.045814898,-0.1568674232783497,-0.33802015964144855,0.18408038539196372,0.22909020709736833,True,True
731,969366.8639792869,0.9712050013156834,354,1.0651985451696364,1.046785682228339,1.1633255719333222,1.199579631329036,-23976222.031993173,-21334244.195090182,-0.19592435412928044,-0.4164173253437701,0.11364227311843374,0.1577944350908187,True,True
732,1131036.2779815025,0.942214494100588,347,1.0230423591565487,1.0258489840496465,1.07687379315119,0.9834914396340284,-21628067.45594609,-18588094.49862588,-0.1525307916518364,-0.3263495604242879,0.20086812103354695,0.25303210096792955,True,True
733,872823.2085075253,0.9360531572484118,346,0.8892942757431629,1.0786792372304508,1.0178203858968458,1.067941424148324,-20291422.43563501,-17651447.374050032,-0.20922015485536188,-0.4373708592936454,0.10067112461652768,0.14401413765626367,True,True
734,929092.1803035075,0.9339714185234993,347,0.9242726062849236,1.0266744446257539,1.0237957509117042,0.9258046427032685,-20560383.41657911,-17476009.091266736,-0.1849528028277395,-0.3846107315995406,0.1398536581490929,0.1856957904307645,True,True
735,990243.2101982909,0.9356476815670827,340,1.0335739277998477,0.9624326160849683,1.021188499165487,1.1254311921580715,-22597906.73545548,-19899143.786592647,-0.17050954094830661,-0.36310374397731926,0.15635188722973614,0.1983328991962453,True,True
736,1114708.8228423102,0.9438463627947443,341,0.9769171744960197,0.9398406141136556,0.999293806549028,1.1558250109224637,-20183443.633573227,-17921514.2167232,-0.13974491182135046,-0.3083999086352553,0.22094469425176555,0.2697058333596992,True,True
737,1242711.8715351298,0.9759863058594112,355,1.0558242579563466,1.050963094770816,0.9209484519949497,0.9158716768763298,-21608436.683264088,-18370332.962721147,-0.13465615428144606,-0.2879963438223585,0.2502910256437568,0.29918834878860495,True,True
738,1078455.8656565188,0.9369028223950547,351,1.1381538832674898,1.0080315644761615,0.8901839496698429,1.0415782650074146,-24656756.61051011,-21420395.886596654,-0.1621851706099533,-0.3418808778005469,0.17615309878992508,0.2134228682540839,True,True
739,954644.4662586341,0.9476199646793916,338,1.0472107883325945,1.0165822153912636,0.9494323003654852,0.9398081567422815,-23357540.31365647,-19913682.874340884,-0.18357807807441098,-0.3790647194586341,0.14064978800647684,0.17939913570105312,True,True
740,1016233.6445716827,0.9209237780328683,333,0.8925750528385364,1.0052895230617716,0.9112080770998682,0.9345632929974119,-18973571.73231355,-16171426.812209269,-0.15375682446125977,-0.32469531817187985,0.20082704679182287,0.24750620583601646,True,True
741,1072284.8120776347,0.9647073838798731,356,1.1388807019067468,1.0381783711442187,0.9752075640325275,0.9913283148668697,-24909035.05563941,-21435337.34037666,-0.16972026552034256,-0.3553761851582129,0.16369291720323445,0.20429021448998513,True,True
742,1079698.5401554978,0.9634012918912737,349,1.1548102033857353,0.9281192674403914,1.0788325734441833,1.0994804021651423,-24899063.401800714,-21842262.605712056,-0.16156261691189444,-0.3453539810556734,0.1748319504140485,0.21806344727986302,True,True
743,1074320.388269708,0.9300462517620168,341,1.0181203822366791,1.0006894972931997,0.7907237841940653,0.9657638166015836,-21574416.297787163,-18510076.088489253,-0.14918102332206856,-0.3143612567894956,0.20945632132677686,0.2472459629449847,True,True
744,1310627.300240337,0.964229242565671,351,1.0260523996733966,0.9729184961255363,1.113916789458235,0.9157054063834156,-20252087.078873973,-17206565.245594483,-0.12215451769064212,-0.267759693243477,0.2859070429303193,0.3488167426476909,True,True
745,1031176.8581555476,0.9683375048106463,352,1.0614347136847915,1.0573384360438163,0.8591261938916814,0.9792081108361839,-23253449.312321384,-19974010.121127035,-0.16953893924595526,-0.3532992811850215,0.16441869135773646,0.20185622982607596,True,True
746,1024194.2453727975,0.9353675854137712,335,0.8791306875033826,0.9661375710657759,0.9376718076262776,0.9357656138144969,-18444422.82257164,-15726105.103084251,-0.14717095654583243,-0.31286885728438224,0.21640243272739132,0.2654073785987277,True,True
747,1079278.4126624782,0.9607443389941988,346,0.9662566254581334,0.9503545010954988,1.0636902262809067,1.1556651612847404,-20264688.133009404,-17971416.236965746,-0.14803864191797994,-0.3247468016936937,0.2013296482697793,0.2518016611109561,True,True
748,942627.9142566726,0.9591202752275167,346,0.971083145002107,0.9647782116252082,0.8549296395091743,1.170857972475544,-21266456.08647316,-18883233.187550083,-0.16920854536330776,-0.3599866431284972,0.15639018203675192,0.19231291067968562,True,True
749,1005447.1579944314,0.9330839705218715,339,0.969356376576083,1.0400886072455895,1.1338716386258036,0.9745343973611769,-21277587.49591732,-18234730.839665364,-0.17706361924381991,-0.37365288373920036,0.1518675442144507,0.2031804123980498,True,True
750,1053846.4598822615,0.9332091821621217,345,1.026829176856272,1.0527648770989395,1.007154566923866,1.080942087619645,-22323669.23556997,-19507876.497568395,-0.16763976017388982,-0.3569795885966022,0.16398281513162383,0.20877105471634946,True,True
751,1056126.454263719,0.9882037101551493,362,1.145040793597904,1.012071663859981,0.8347114029624264,0.8786130484623846,-24961927.691977404,-21078353.927921537,-0.165059591871295,-0.33965151053158343,0.17819246454190557,0.21348785261408093,True,True
752,1201560.485443235,0.9344139310572585,350,1.035708788438561,0.9418042816303283,1.1366766206976096,0.885090644682297,-21161716.755893923,-17870050.19479597,-0.1362418629134582,-0.2922558706302038,0.24776180347578092,0.30627012363062395,True,True
753,1000492.3090055459,0.9726251504077025,352,0.9744919222749158,1.0688298630306872,1.0086034523967096,0.8936239839230077,-21462297.91951777,-18145552.57424797,-0.1770830732243172,-0.368046358363169,0.1549126209981654,0.20139782864402114,True,True
754,1216715.2473675185,0.9904680999905338,364,0.9763377265394874,1.1307833191938201,0.9510572823318477,0.8872648607637474,-20155054.730553754,-17032314.539437678,-0.14000164827621198,-0.2983087729253323,0.23783679846093567,0.2914276116675668,True,True
755,889963.890789863,0.933916447904622,338,0.9167491322519788,0.9656242396496058,1.1197178150293465,0.9578149095611956,-20472045.304307766,-17490690.269043405,-0.18941013233820952,-0.3956164898399835,0.13165453516246994,0.17930155345066526,True,True
756,1067615.3338498194,0.9784393041053572,357,1.0020977689708774,1.1194513726826774,1.1057574407514605,0.974351344933537,-21951158.102146648,-18812287.28795047,-0.175622868663802,-0.3709493079527596,0.15450802657669815,0.20605891554447273,True,True
757,1196094.8999595363,0.9651334344882851,355,1.0342179139146015,0.9796355556461913,1.1377614287409414,1.0624976416992848,-21314811.1545674,-18594792.97464393,-0.1404392075477582,-0.3079715186736241,0.22489092694391666,0.28133397659994963,True,True
758,1043946.3521211167,0.9961531705493447,364,0.9440870256808619,1.0776476699838147,0.9683278092288552,0.9960387163613327,-20394652.684062485,-17561211.89039908,-0.16413600918343857,-0.34767138058621466,0.1751601376380984,0.22249480189785764,True,True
759,1164998.818262027,0.9444016377212222,346,0.9051755003230938,0.9750115699878508,1.0070978240900899,1.1371797338570162,-18176647.904423784,-16103334.10659224,-0.12831918374538487,-0.2880078852339576,0.25166963396775077,0.30724663009278774,True,True
760,1017308.3534646268,0.9518783065914351,352,0.9980685713261093,0.989504116473909,0.8629264170307767,1.0335192127395916,-21502678.44527242,-18655523.090312902,-0.15937490522368963,-0.3369360574659238,0.18262471028840402,0.2216576928545724,True,True
761,1149785.646575074,0.9572128270675645,344,1.1142969963805531,0.9377355908218343,0.776691711030123,1.015425722968805,-23162686.299796686,-20070737.91363368,-0.1388490590051303,-0.2966334228837991,0.2322769536996593,0.2682857242409761,True,True
762,1192432.2056815468,0.957032282098764,348,1.100176660362693,1.0034834008323992,1.138772298068376,1.0195048316096302,-23085599.032677364,-19972762.416385114,-0.14880880513916245,-0.32112610165994293,0.20730256565461594,0.26067038495461453,True,True
763,969815.015225397,0.9333283944948862,340,1.0667580003723105,1.0046707632994787,1.0401991668055621,0.9706562410887974,-23755704.676041786,-20354624.38454426,-0.18385655186860325,-0.3822303002566703,0.13928505602159594,0.18097940857241665,True,True
764,1085881.7671147708,0.9526136376418816,345,0.9839774277016906,1.0531161785983876,1.0873721296032521,0.9985569005714325,-21089493.04763925,-18163648.950059414,-0.16094994384410607,-0.34350048950790735,0.1817709394057165,0.23414124617360346,True,True
765,1011973.279609272,0.9222712512771415,339,1.1383921699786053,0.9636272839942502,0.9352056124253739,1.0780944699591466,-25002182.56449437,-21844980.45382321,-0.17107758847751134,-0.3597909394954222,0.15684487354635004,0.19315654093491139,True,True
766,1041379.2307473877,0.9709246532827427,357,1.0933576358355828,0.9806566731856132,0.9226912679804142,0.9863333783898446,-23722211.24925285,-20405854.07875377,-0.16370754159591672,-0.34311532697206676,0.1758514490697746,0.21495843904040637,True,True
767,965770.1501145675,0.9545761644181691,346,1.024283932483075,1.0389701051877596,0.9910705361735991,0.9740254927580871,-22823851.335270036,-19567589.274695985,-0.1842539501936204,-0.38306298690597645,0.13852703018200965,0.1799114473759342,True,True
768,1120328.5640093759,0.9837806768524164,355,0.9256775081227145,1.124232007030667,1.0721588278521086,1.0856762950211045,-19658307.23480771,-17194947.01774688,-0.15686591937411143,-0.34082952586988285,0.1860799300915299,0.24187816373803903,True,True
769,972395.7872571046,0.9491708086365042,343,1.097573610266936,1.0797610497263863,0.9722679390502265,1.1677968673570565,-24757413.412656017,-21925687.068117213,-0.1932846425425133,-0.4059932743708201,0.1172779691586608,0.15413521057354665,True,True
770,1014395.7782576545,0.9572962020731711,351,0.8926322651049559,1.01725889915398,0.9452580683566822,0.9760625250077981,-19062243.44578773,-16362752.910813529,-0.1569847010923319,-0.3331465787446185,0.19130745917953695,0.23908955975052804,True,True
771,1081570.8330394635,0.9371966171418914,347,1.1753943097656978,1.1029567421607578,0.9872644747557058,1.181830111831821,-26023243.627397027,-23126152.585784405,-0.17849407198368564,-0.379193571225292,0.1397923817148206,0.17850295890280216,True,True
772,1021820.318654285,0.9561554197476426,346,1.1741968533336113,1.031047414700401,0.8804483519200097,1.0725426806799874,-26052414.78037357,-22734820.655904472,-0.17736093139999012,-0.3703297657084774,0.14546129800431676,0.17915272466694443,True,True
773,1126174.060772833,0.9484305016412852,343,0.9779603912902803,0.9882058249419217,1.139976203615569,0.9888683093669425,-20438102.187413827,-17580846.831449907,-0.14767869716330728,-0.3188667305719112,0.21188643602175508,0.26897000951126104,True,True
774,1066284.1384260578,0.9450718780422604,349,1.095101576929658,1.0465859188098772,0.9884941577535863,0.9200638284717819,-23901850.856927793,-20312338.094409086,-0.16907757179890645,-0.35211082068268,0.16851533457092627,0.2115936986915603,True,True
775,1198917.258247953,0.986093623162309,357,1.095475653238104,1.0815481246690866,1.0871483336565486,0.9042514378222429,-23187710.262356166,-19645816.093033478,-0.15320185359583094,-0.324299946881892,0.20390709012313596,0.2567752069671545,True,True
776,1058986.8696555358,0.9640979802943053,356,0.9250521397764371,1.0303753254525212,0.8814942560570197,1.0979670144503597,-19552343.19967365,-17165453.336359013,-0.1501548752832287,-0.3241309957686931,0.19975252732632567,0.24391026133940377,True,True
777,1061328.8125340901,0.9368528131683183,356,1.0217194165402979,0.9288443268946897,0.9914331533161622,0.9407801883258458,-21635817.712106332,-18464622.172974367,-0.15128459779897385,-0.3198615325140316,0.20604541082494918,0.25194355004116076,True,True
778,1074446.1304379413,0.9556928594472104,345,0.9386312620337148,1.053638274420994,1.0718025269835765,1.0522038220385797,-20026663.730040777,-17414505.4433899,-0.1585921895422531,-0.34160074527310985,0.184014576136403,0.23710574870409407,True,True
779,1257105.2722693956,0.944194862606151,348,1.1617897893751188,1.0178752889572906,0.8569782533951926,1.0874125207318874,-23960268.024389733,-21033033.68793553,-0.13649991760017968,-0.29680948950988384,0.233639618525055,0.27440019621183603,True,True
780,1011556.2050224327,0.9480012160792388,341,1.0275903108598998,1.0203015085684837,0.9490647891925426,0.9757411773413425,-22471700.100350473,-19284066.24721211,-0.16998742474199258,-0.3556623294404352,0.16403018545544215,0.20557343519655508,True,True
781,1174296.572581755,0.9380355005716235,344,1.1614440545544602,0.9471432070216284,0.9751974874290406,1.1447343593820838,-24377511.747518342,-21594299.192919284,-0.14585320951973205,-0.31728587636734257,0.20684989953107205,0.2492071170484561,True,True
782,1059221.4437453006,0.9681768456981836,358,1.007079409136736,1.0082401617091612,0.7754121290625736,1.105307988401524,-21426487.86865207,-18844253.656363543,-0.15115690204354337,-0.3234828040565135,0.1968040870850741,0.23283686160076705,True,True
783,1041245.2645043391,0.9338113473900567,339,0.9331718156342013,0.9780618164245264,0.8678573556230671,0.9622803303688239,-19664611.731878657,-16854062.337706897,-0.14793798249690226,-0.31373523145949234,0.21281319219225317,0.256349992558653,True,True
784,1192544.1114047067,0.9337462192000859,348,1.0298928257315991,1.0367528825768344,1.1437236833672924,0.9274088196253503,-21464689.018311683,-18258902.290322877,-0.14634944058893246,-0.3138293765179426,0.21887020565522564,0.2771126308981316,True,True
785,1093806.54823927,0.9573125273488929,348,0.9104964626116221,1.0120233197384936,0.8329473931547664,1.0705530264123528,-18821971.2870207,-16463462.535317585,-0.13857222560212712,-0.3010680689184256,0.22943092580319088,0.2736657821497557,True,True
786,1165266.3456085229,0.9586057661932965,345,0.9940450776713143,1.109044597353344,0.9708083456126525,1.1100742150226763,-20898945.717936374,-18383122.951529354,-0.1488849980758631,-0.324007640297221,0.20205204126430373,0.251279886108576,True,True
787,981007.1532975588,0.9282019799100232,340,1.0089873133998246,1.060819742762034,1.0039500319988188,0.9670460906969243,-22428783.21942399,-19204094.6992079,-0.18317375373974124,-0.3815736315406825,0.14084098655630709,0.1840696742942868,True,True
788,952469.2256890341,0.93050814706107,336,1.1272714535660522,1.0785025815093876,0.9811178221106476,1.1885734243708272,-25644366.206219666,-22780140.230398875,-0.20067017909489326,-0.42004886309577766,0.10636393518986552,0.1416662280186201,True,True
789,1110336.604431557,0.9606221973764475,346,0.962795685835418,1.066205731119516,1.1882956514571081,0.9496875621897213,-20521120.379002586,-17511834.513940778,-0.1599686849957671,-0.3422302901426133,0.18669393488144093,0.24642804288591888,True,True
790,1164208.7645669992,0.9501549184321586,342,1.0781440668406503,1.007969837003582,1.0390605159078485,1.1557069723719688,-22665784.366651393,-20103461.371406946,-0.14848143263592006,-0.3246279206810898,0.20026932953683096,0.24805452642011663,True,True
791,1131738.822590279,0.9550455906838405,340,1.0340770108152086,1.0445444040355687,1.096197201112246,0.9044999261821509,-21989705.414229114,-18628792.226744596,-0.1560645138669496,-0.33003265243710017,0.19738840094078353,0.25064463186646396,True,True
792,1016304.0540253315,0.9624624193454279,353,1.0332548652997509,1.061775402090849,1.0531345523784938,0.8944404272840497,-22823951.13103701,-19298626.18157782,-0.17926528818065557,-0.372207824205702,0.15086167723680508,0.1971397363789167,True,True
793,1058671.4430778082,0.9962973511850578,363,1.0442127044324936,0.9736156976130319,1.1276275788584358,1.1089288311776562,-22503148.278255034,-19762399.667870846,-0.16340337039714642,-0.3515123680407537,0.17105428993517027,0.21972076320402809,True,True
794,1201060.1307245325,0.9539143700625996,355,0.9231391235226829,1.0328415544898575,1.0381378564374257,0.9094951206485897,-18626066.514228288,-15802124.16217413,-0.13097486385850712,-0.28383370191650326,0.2607182777111348,0.32098151704303984,True,True
795,1043230.2630271357,0.9294270074471168,339,0.9728973738562596,1.0730734000405464,0.9155967879070117,0.9810146519587701,-21060120.03813927,-18091956.970507406,-0.1640340106265532,-0.3454038000337813,0.17586942740954603,0.21963454724085277,True,True
796,1191870.9808856486,0.9846629619493594,360,1.0351893203332498,1.0332211695947657,1.17467982693839,1.1974786054371591,-21614879.278279185,-19306474.07084732,-0.1476587506246772,-0.32794612941613066,0.1998781700629572,0.2562393624201648,True,True
797,1067883.9744915536,0.9538184304693347,347,1.0444582613299735,1.055765565514501,0.9454831477584628,0.9118893890590015,-22626193.23823128,-19203784.68257325,-0.16419097901203022,-0.3425549597717318,0.1789421648025921,0.22247123802042643,True,True
798,821113.3746028697,0.9296800696691664,340,0.9177745800473105,1.048255554551894,0.9860803311230717,1.0905417651315534,-21232306.057162028,-18534935.226847336,-0.2224229558874345,-0.4609567225150076,0.08454204225098715,0.1227836710319902,True,True
799,1113805.031656744,0.962157760310616,358,0.9376114826260735,1.0115743874266436,1.12579245661817,0.9436566620847806,-19598206.377187546,-16718041.549955318,-0.14814998514629793,-0.31831061309435477,0.2135780243567137,0.2723196111656042,True,True
800,971494.742568814,0.9275510081727857,333,1.008890183774802,1.0833308716741044,1.0614132270477386,1.0284366592402023,-22625980.0439674,-19566318.744446628,-0.19185506378168324,-0.40178032152582643,0.12506097210704611,0.1695354269771073,True,True
801,949943.1538788035,0.9284814255704155,339,1.0069106138626236,1.00687340935246,0.9560696918680348,1.0334921913049262,-22349963.321406525,-19362574.302417655,-0.18044635620477603,-0.3773568968051372,0.1423912581074996,0.18203395081683016,True,True
802,968449.4151548864,0.983443477949647,356,0.9258135919217605,1.0887122546634824,0.945029222521465,0.9872383407531883,-20507499.838144947,-17620719.775776304,-0.1807599409852639,-0.3781304407900304,0.14429649933541094,0.18817649504753828,True,True
803,1159041.5224132533,0.9672706558700344,347,0.944841720568202,1.1010457064980497,0.8612257569570184,0.9993697811960658,-19585055.464049146,-16902853.680091105,-0.14057066027492196,-0.3025946803519436,0.22892363959694526,0.2761199748803071,True,True
804,1139004.5214127363,0.9644789047087601,348,1.133307640551622,0.97184079575665,0.809778035846029,1.0950364641608048,-23882174.550544534,-20977916.809380975,-0.14587795860039665,-0.3131154658901435,0.20966099504909724,0.24555936022261368,True,True
805,1196545.5507144204,0.9908195097375089,362,1.0185943373211412,0.9447199219782354,1.0048589379617403,1.0876254301119586,-20663526.00845114,-18136489.011160985,-0.13157302917001165,-0.29057718920338,0.2464211815704284,0.29751654112935005,True,True
806,1094613.642590706,0.9466980835152135,348,0.9469980432377637,0.9277034334114992,1.1141369107670478,1.0375955880778671,-19624781.89959057,-17039810.065283306,-0.1429282226125321,-0.31139615825736766,0.22034628741732507,0.275981877765031,True,True
807,1027807.3182288567,0.95208739732588,354,1.0551489535524425,1.0617552485915676,0.9942264535347212,0.933259570291013,-23243913.28119979,-19792925.416939937,-0.17588819807174533,-0.36593450301435365,0.15497354471144983,0.19818453667953764,True,True
808,974715.4657847203,0.9193852311217202,334,1.0603200503091796,1.1213862701591673,1.0288948556077222,1.1955195639158793,-24016834.625556715,-21355348.32393218,-0.19951093195769176,-0.42096923090514554,0.10850189421437423,0.14853024723338293,True,True
809,1102170.8643644121,0.948670046401367,344,1.1829149786849544,0.9824268242818119,1.1579438449202215,1.0349952291156053,-25722952.66915257,-22295882.113319796,-0.16823718473804697,-0.3566738796347618,0.16485739680102418,0.21127922410931044,True,True
810,944773.0843277138,0.9754601614461096,351,1.0413018288149787,0.9442464586965,0.9520674643308734,0.8970183713993483,-22994432.407705903,-19466004.228944317,-0.1756501596331324,-0.3620707853532784,0.15653497616328785,0.19551599379933277,True,True
811,1190846.1040078755,0.9685772695019371,353,1.0287695918666122,0.9214187062140665,0.9002459596766053,1.1161961377594682,-20771529.040374517,-18344997.49620931,-0.12813162054213975,-0.28376827585155207,0.25410050297220194,0.29945667246241425,True,True
812,1359978.2310960595,0.9741570131074784,357,1.0426445889565152,1.0308021656020097,1.1906275726792244,1.027052924757317,-20625017.535827205,-17890516.520299386,-0.12421026882261026,-0.27804300169502644,0.27057810994447784,0.33727199350496617,True,True
813,1166019.3089716309,0.931464712814869,347,0.9957989476322732,1.019827804962014,0.8270442178390168,0.9747524310183175,-20453848.005005352,-17586646.813799106,-0.135128394630675,-0.2901018870852039,0.24496038723322483,0.2885809096966493,True,True
814,1204544.4311477598,0.9774679341503341,353,1.1822652780292713,0.9770597846873643,0.8725216341294817,1.0210783105703731,-24706043.332107212,-21416681.202070653,-0.1424610770886464,-0.30465315101804236,0.22257888250297433,0.2620826697773753,True,True
815,1320489.8189097634,0.9868805519008089,362,0.9964237392455942,1.110369216313988,0.8640729182924958,1.0934142389736483,-19741066.456665765,-17371583.872439217,-0.12134768564224745,-0.27140303208737837,0.27509124560763587,0.3253323746968653,True,True
816,1069643.1517070504,0.9795785799870023,355,1.1186040647881816,1.0911675131396903,1.004033655396021,1.0733646973872688,-24655544.684282836,-21508760.3973499,-0.1761106510050738,-0.3715750341493482,0.14847078177363035,0.1901440141229097,True,True
817,1171726.4841105328,0.9429562037642696,348,0.9457696509333704,0.9865069640444297,1.0093039679810827,0.9671462340654299,-19191108.790539186,-16463910.44720202,-0.13247251747382258,-0.2880206974909098,0.2524187317215985,0.3077647243458317,True,True
818,1019565.6097593103,0.9402150896768333,345,0.9252068397446715,0.9515860896509858,1.0396608158640825,1.0096245486956978,-19649994.618664466,-16967400.424326353,-0.1546205075065118,-0.3308590960713388,0.19468190029658333,0.24482622000438656,True,True
819,1096125.9885083153,0.9302464475619754,346,1.0739663437849383,1.0390306891923193,1.0308661453057308,1.0670574864836162,-23164180.1388517,-20200264.900699604,-0.16263839936105082,-0.34705841278745014,0.17448032055712526,0.22007597203667262,True,True
820,1123290.421820046,0.9515850594579689,346,0.98189238977818,0.9915848301696083,0.9905531677150377,0.9506628829025388,-20445231.46373982,-17480608.9059428,-0.14362521835813913,-0.30714889118009436,0.2241977795647171,0.27461049188151687,True,True
821,973677.356074756,0.9232517331004144,339,1.010453621002744,1.0548530095211224,1.0817217053997035,0.9748559481785021,-22550717.803742167,-19326596.171231966,-0.18788900389275326,-0.3923440702091753,0.13316372120692427,0.17888621156699158,True,True
822,1143070.4954137914,0.9725303559026285,354,1.0977471749129986,0.9244312667838955,1.2184151956509806,1.020978977732804,-23124940.252096523,-20006405.546049,-0.15130157096809912,-0.32630247350898217,0.20139537057161364,0.2557859420396659,True,True
823,1024140.4402594138,0.9638887188987898,351,0.9441007282753194,1.0490515228474893,0.7640287402898417,1.0664930112021005,-20262983.505519446,-17689168.821469054,-0.15643015925096837,-0.33206798042791125,0.18722485883351303,0.22415435743870898,True,True
824,1167178.833888338,0.916453236407174,342,1.0788201033098983,0.971703591487032,1.0844489103589514,1.0572458493273231,-22556394.25947493,-19656946.622222792,-0.14614022831445786,-0.3167787196622135,0.21135584993191495,0.262012205338398,True,True
825,1133358.6325615034,0.9724063986076641,351,0.9948366900356143,1.0211448224582407,0.9737142257959466,1.2264240928446173,-20800096.046977345,-18692201.436019972,-0.1454895178804147,-0.3217761667505503,0.20321197262444113,0.25015890494788745,True,True
826,938237.0470726724,0.9446570980555361,344,0.9785003654003354,0.9432971497226565,1.0473961692666474,1.1662393184226176,-21534911.626222298,-19086856.172230817,-0.17576393577849586,-0.3751760212139164,0.14540371955366158,0.1880556199041885,True,True
827,1053695.4582066643,0.9185061281168188,323,1.0137859118919261,1.0551399390006986,1.1060635555053515,1.0355875207990595,-22085847.54533937,-19137162.44499881,-0.17100837127890403,-0.3636603861864663,0.16002323863485537,0.20974878230273133,True,True
828,1136442.586753413,0.959501107250053,355,0.8693485208844721,1.0038514009981252,1.0013356946314433,1.2098255983952158,-17595439.445553064,-15790801.395950098,-0.13198844812667285,-0.2982575420682231,0.23702340377869952,0.29243247120085974,True,True
829,882104.7277470077,0.9543181411424699,348,1.0213099286796374,1.074870888660613,0.9418207280306801,1.106011575184525,-23459720.467357706,-20545203.7536525,-0.21092865366440017,-0.43678713012554143,0.09601391948365537,0.1313341656666734,True,True
830,1078590.292054676,0.9323663539531055,333,0.9535996238943824,1.0528308190880105,0.8927509156087357,1.0224543813224651,-20222629.55735012,-17512904.480243415,-0.15200698989322506,-0.32456381386470357,0.19977074907066836,0.24453688653449246,True,True
831,1115713.171106753,0.9407116618634754,345,0.9395787267076035,0.9468365938548027,1.0117430794737396,1.1335954575588614,-19281109.483622078,-17053806.96405033,-0.13716957290908185,-0.3034201545598349,0.22874332312016923,0.28026631021712833,True,True
832,1059815.295722168,0.9437238273455275,345,1.0375710078200444,0.9276381668771057,1.0243063402316985,0.9616779669670068,-22064312.615965776,-18897204.391496368,-0.15387707086358166,-0.3258701767021646,0.19882368203202913,0.24510861052583563,True,True
833,1002245.8262684809,0.9373194321510383,349,1.0801020052863175,0.9805826907501464,0.9953907216096562,0.9906247421458488,-23728255.770647537,-20412880.789122693,-0.17293583395198392,-0.3615677835638932,0.15761848323377786,0.19837695394510385,True,True
834,1045149.2057983943,0.9842467121509204,362,0.9895209620915031,0.9312914138801329,0.974885498485788,1.0889638128018708,-20943589.403336264,-18354940.792031866,-0.1510355405289174,-0.325514719636295,0.19815222966142357,0.24285108646111978,True,True
835,1028770.6927829381,0.9633539003143994,353,1.068201125911999,1.0298550112626186,0.9241196863854062,0.9490950274542618,-23381602.89936244,-19975373.761267327,-0.1698541661443567,-0.35358291495652516,0.16537701329026236,0.20525750954036515,True,True
836,1076282.747680686,0.9249616889079719,341,0.911989583379097,0.9646975753286491,1.0446468493756498,1.135664906287374,-18971219.24713624,-16769115.407781491,-0.14433088583624765,-0.3175705100392261,0.21111860443163943,0.26378941355737545,True,True
837,853741.051062773,0.9228483306885248,338,1.0342340720871386,1.0542661591857823,1.0486556683923867,1.0588840411974492,-23973736.434972715,-20819606.859843284,-0.22415487911254783,-0.4624343365239221,0.08320950883397489,0.12071167656642602,True,True
838,1056804.2016637072,0.9741163370654506,360,1.0069324947227032,0.9948088188689551,1.01751835292877,1.0429707653341778,-21582260.483010463,-18745442.25929131,-0.15896180204530053,-0.33934019121833087,0.18335090084568412,0.22990480866481902,True,True
839,1079110.6342402555,0.9374997845248777,339,0.9228021013668529,1.007606808017369,0.9345708717448824,1.0320958381501395,-19302991.01752311,-16749901.05573812,-0.14559003850316657,-0.3138882781078372,0.21432960029830925,0.26248230457299626,True,True
840,973645.4436025824,0.9616457298994763,351,0.9436214196059934,0.9713112853558513,1.2161683220915815,0.9538310359720669,-20643422.204120316,-17624267.671255965,-0.1758433859911826,-0.37170721217529307,0.15514087003050014,0.20963783770622776,True,True
841,1083123.3498425689,0.9557008274681922,345,0.9751789179587006,0.9479841263249017,0.9979757228077681,1.0423888308514724,-20397664.863626286,-17732139.87197567,-0.1456519875217521,-0.314494541803221,0.2134755211167753,0.2618996830958954,True,True
842,866393.4809147188,0.9474653479617816,342,0.9056743620661537,0.9805898854669811,0.9466308412051923,1.0745154500448626,-20309386.224525407,-17708762.58667131,-0.1891638436473985,-0.39584852894767464,0.12687569837224263,0.16640896465659785,True,True
843,1093089.2305122912,0.9817340957386648,354,1.0265185242712163,1.0573485556353064,0.902439983655407,1.0419137809518988,-21966647.40713182,-19085581.080884524,-0.15650853390668132,-0.333107348624753,0.18853863152859845,0.23094221335833376,True,True
844,1011065.2435127035,0.9607782321328746,354,0.9939259209953389,1.0373160018003589,1.1057091076860046,1.05792672321728,-21820047.95153727,-18975463.446002055,-0.1761938574683158,-0.3741978345479725,0.14962108293604678,0.1980705216756873,True,True
845,1166917.465125362,0.9536859777296197,352,0.9890726933687268,1.0817331610921694,0.867921709137848,1.1178950742335527,-20562580.449751463,-18133938.822086353,-0.14162158197990615,-0.309039450504719,0.21878159114778062,0.26348566919322486,True,True
846,1002339.829111835,0.9406606668903751,341,0.9912153734566719,0.9260942514711498,0.9545831162606022,0.9884227307585669,-21257340.95978552,-18293516.510624334,-0.15778172508534397,-0.333304919189955,0.18855411984204598,0.23134976535519894,True,True
847,1089816.4685575112,0.9458542477157158,348,0.9806417173549689,0.913312823885764,1.047096820201366,1.1851959199724609,-20388175.06197503,-18190451.00820041,-0.14312785930860603,-0.3162418273945655,0.2109860077987918,0.2602348481065306,True,True
848,1290259.299404056,0.9539997962940874,348,1.0443025879457377,0.9982436662854868,1.1634480992335754,1.0081708544496544,-21000571.85403976,-18147444.06767987,-0.130180932198211,-0.28739692579215587,0.2553662484678848,0.31749380945786104,True,True
849,978014.0219674194,0.9184510525701995,339,1.0076283980954766,1.0564279353182402,0.9903785050111484,1.073317688924015,-22388753.57669298,-19522751.340272862,-0.182512004389957,-0.3840256369697624,0.13767437668986482,0.17945850679592826,True,True
850,1067379.9323495657,0.935822303463822,342,0.9601758371073794,1.0337412039662814,0.9364723060198191,1.020622996394957,-20427673.159847114,-17679924.458148163,-0.15424641940900907,-0.3291636589168341,0.1948301871329054,0.2407891195848596,True,True
851,1068132.2223456712,0.9380151597490188,346,1.0464561661258973,1.0252409684524093,1.0714421077267293,1.1325374930263539,-22653688.179385424,-19975374.639601815,-0.16567505319589657,-0.35610935130685045,0.16547090264141517,0.2120921485135432,True,True
852,966891.6171413981,0.9640902226198109,352,0.9785637001035243,1.0026212130839647,1.1390565743720285,1.1568276117081704,-21634464.253423717,-19129238.642615713,-0.1816576027994401,-0.38853235924057383,0.13649264477565337,0.18392191383332093,True,True
853,984146.8088549165,0.9468745970249426,344,0.9856945174213222,0.9427034727447932,0.948548046524662,1.1171191955961985,-21311988.395066816,-18754420.492808655,-0.1625871956657324,-0.3472918811446955,0.1719258204733174,0.21293354685142543,True,True
854,987835.2049348105,0.9332480155972995,346,0.9899977919533989,0.9402219940100925,0.9557036066198561,0.9654129941972811,-21388462.749438908,-18327728.005439516,-0.16218734472072113,-0.3406036164675653,0.18030412648551464,0.22276234370464182,True,True
855,954135.491452843,0.9290672829729724,338,1.0712920187653954,1.0644359381903812,1.034487621404658,1.0746749681251901,-24215082.230466068,-21105552.55280327,-0.1967168565723576,-0.4105819405568119,0.11581954057760026,0.15567566264932864,True,True
856,1078556.957832994,0.9444944386717582,346,1.056197811626057,0.9909710390920745,1.1060529943328583,0.8757011268749255,-22714196.88537784,-19145710.58760317,-0.16187907331592719,-0.3389683125972348,0.18602163281661985,0.2363852058808458,True,True
857,937397.6856668795,0.9128959432068079,330,0.9435921271177856,1.0544590014277726,0.982994226157146,1.0725086549855336,-21066043.753279872,-18361031.297882464,-0.18691684950865053,-0.3929456374849044,0.13081125516555211,0.17329811786319246,True,True
858,1114852.3742915397,0.9049468599395964,328,0.9347972106634123,0.9737688002428194,1.0378793961363375,1.1192385061409977,-19296920.489306178,-17013906.851538777,-0.1404769973634188,-0.3095903689926266,0.22138225864546146,0.27446380690348277,True,True
859,1100558.763431625,0.9249863382428687,344,0.930134062152144,0.9715096550467117,1.1971889534747793,1.0618340181780679,-19402916.879077937,-16907000.927988544,-0.1479710944159353,-0.323924980724392,0.20690053818188187,0.26729706288498434,True,True
860,1013476.2713634442,0.9613465338427771,350,1.0672819186357008,1.0372711054682475,1.0006049346587538,1.1522496556174304,-23557220.908113256,-20829786.033276066,-0.17697620275369325,-0.3760213503806658,0.14370856254326525,0.18436256835120984,True,True
861,1028566.3643554904,0.9493577943342802,352,0.9698619878752999,0.9922646882917634,1.0614516430164274,0.9608782592302351,-20881051.040863413,-17867457.209257744,-0.16265725067835426,-0.3440617181746002,0.17997962589764366,0.22959401537523963,True,True
862,1091592.6447274091,0.9534409326294601,347,1.0791545138966308,1.1019592319051592,1.0660490036190324,1.0512965328971922,-23605785.929619983,-20512295.617383618,-0.172678270408504,-0.3662630383612661,0.15601548946655472,0.20271426360897452,True,True
863,1120220.8483134075,0.9834169252196991,359,1.0416579652333504,0.9875407789433847,0.9034955674454741,0.9637583356766963,-21871382.440417197,-18752863.873789474,-0.14597942780780296,-0.31003706110064577,0.21745601679880872,0.26096596686099666,True,True
864,957755.9540773233,0.9856145191804222,360,1.0469328416648203,1.113102349426795,1.117600702893126,1.0023957346627401,-23833454.085612167,-20508136.861361686,-0.20690744545786457,-0.4305733325490204,0.10532981666106696,0.1497778343921624,True,True
865,1047810.9206071321,0.9698894210713307,359,1.0106766628258395,1.0007393945666945,0.8820225961726063,1.0451872322281546,-21656303.978129234,-18829523.130985815,-0.15660073101008024,-0.3326857697356689,0.18806058863557532,0.22847146475625407,True,True
866,1039497.9872853353,0.9484230026598792,345,1.131177043015975,0.9753831748166117,0.9739936154559476,1.090596095475607,-24700651.654811073,-21629194.57320236,-0.1681712824762346,-0.35585428380196216,0.16199603741497784,0.20084201852205957,True,True
867,1120514.5755830929,0.9572683290201184,351,0.97857377613244,1.0505064881291892,1.0398513871741857,1.0600450230218148,-20658494.3415227,-18001324.753569216,-0.1518028150517352,-0.3282172217262454,0.19825038952992277,0.24986985001723858,True,True
868,1058944.210012837,0.9260603177225077,338,1.0019956683534748,1.002786775232896,1.0483985339082318,1.0695675206108946,-21499807.121753782,-18757626.47573208,-0.16022553746429663,-0.3434450609002382,0.17942500749208531,0.22733106250183627,True,True
869,1144319.3197580855,0.9352951080047349,342,0.883299540172675,0.9920814755832301,0.8900434267867747,0.9889666605445347,-17744380.462544728,-15297512.61144611,-0.12715613654263952,-0.2778772387512903,0.2660712138049239,0.3175299006667312,True,True
870,1119553.1464270276,0.9536437251216816,354,0.97399975082226,1.067411979232684,1.0508356808687105,1.0022051078320298,-20627579.465582643,-17784962.815005492,-0.15387716243364735,-0.33011238250608516,0.19687078125640958,0.24974933728195042,True,True
871,1145048.035433436,0.9682452190877806,356,1.0448114782972568,1.0628503902563629,0.9207938650545691,1.065592436762696,-22085848.05504003,-19277975.400291003,-0.15013379430541984,-0.32266947452567935,0.2015626721193037,0.24580922417744214,True,True
872,1070734.685708744,0.9835318063933163,352,1.104718975703372,0.9926892788542632,0.9886267664246692,1.0127651502242858,-23895616.148683038,-20646087.081089526,-0.1629655648341102,-0.3439786690178405,0.17624440960575755,0.218381179342169,True,True
873,1215563.1293211465,0.9526391378215169,347,0.8714860150668404,1.0002171248316587,1.04921138985606,0.9512903826859764,-17111257.78568291,-14636998.938215349,-0.12054487240499463,-0.2669081041196047,0.28787518259147354,0.352576193001371,True,True
874,1155258.2306899754,0.9574710096674747,351,1.1565116045833366,0.9564033385506245,0.9166886394930263,0.9589350125234717,-24376644.762544826,-20885591.4052379,-0.14723681759464893,-0.3113577025200173,0.21456095321695168,0.2555472021627076,True,True
875,1144360.6220945525,0.9747168745687202,352,0.9883056145212772,1.1103523760454441,0.9560900031324256,1.07818727588821,-20898166.82338064,-18274125.191749986,-0.15168466819359974,-0.32762383288362507,0.19748271558798722,0.24573122727294558,True,True
876,1124530.9772149664,0.9391131619275187,337,0.9545921181704294,1.0449135394299578,0.7666347318949228,1.044089351665881,-19773761.74251515,-17218308.641878024,-0.1384438694537975,-0.29849665404826375,0.23152048533156505,0.27192063318158516,True,True
877,915976.2217198187,0.9293554145776581,338,1.0165475703716462,0.9639328758852956,0.9368698915068832,1.1341919447654798,-22650840.32774761,-19963583.343314283,-0.18229635523667145,-0.3834739662751114,0.1350820761182915,0.17156312563246068,True,True
878,1060226.0401278655,0.964134202065625,348,0.9754269452947212,1.0794847634205615,1.0774671867886931,1.1262378123850987,-21155163.374993183,-18625054.782607857,-0.1683369655183396,-0.36250374322383183,0.16103824250200663,0.21099070683376872,True,True
879,1023685.1314010805,0.9309397045686342,347,0.9413459827972636,1.082651417987669,1.1746303638252815,1.0623782928044787,-20648842.756356098,-17960061.600713126,-0.1785477200011953,-0.38203133826074104,0.1460484871232954,0.20063334950211706,True,True
880,880208.8460395588,0.9399224462601894,342,0.9805057768039462,1.055023770853631,1.0599498097425437,1.1435064887887916,-22452320.008499704,-19778077.035812307,-0.21156901846799933,-0.44294946612340497,0.09531818469687522,0.13584696794201406,True,True
881,1134952.2105351186,0.9383931284266491,348,0.9278161643616506,1.0325437287258532,1.1058822360233524,0.9678262735838115,-19270698.87339976,-16513418.30305738,-0.14498582475917884,-0.3134491102825697,0.2197567647684811,0.27902589224859325,True,True
882,1160939.8185366718,0.9729652026561506,360,0.9485975071760533,0.9770020710161486,1.0220649282734187,1.0608310608889506,-19312224.136572853,-16857389.29525668,-0.13397747156948234,-0.29491128151705726,0.2417670159244553,0.29608729336900197,True,True
883,1020993.5317642976,0.9834600270170188,358,1.01361467745317,0.9566436055954246,1.0105942819615172,1.1351263591548222,-21847936.24882738,-19284798.579353377,-0.16167684130306273,-0.3473440229716509,0.17302037566291106,0.21666857107893567,True,True
884,1113301.7800141363,0.9738515350687776,361,1.0199999771810773,0.9780809850588426,1.1411396311928064,1.1818219234932217,-21540556.983609874,-19179168.37596204,-0.1525726595565505,-0.3351939839686638,0.1898867774398719,0.24212195703765352,True,True
885,814052.4293207688,0.9376701362642041,346,1.1439402081540195,0.9333225782877742,1.0631314064369237,1.0859762274033244,-26525916.85745635,-23148783.008875944,-0.2200996663525232,-0.4516225470618519,0.0854962489770526,0.11805695797263967,True,True
886,1096285.655724504,0.9180447647950759,330,0.9827445765472758,0.9888576194888379,1.1790589274313148,1.1828745223739836,-20802781.681723103,-18517273.792226203,-0.1549055058194876,-0.34079661193447613,0.18497368143196682,0.23990779608903315,True,True
887,1104453.6602437021,0.980474589666705,359,0.9992017138255074,0.942084254615507,1.1153790679277475,0.9846252564749308,-20918562.117002893,-17985529.831048097,-0.14758168630027807,-0.31734457151205203,0.21231153938457684,0.2661022957068505,True,True
888,1105453.9408196686,0.9384523306799685,341,1.0780399535906315,0.9504474429743556,0.806251612369428,1.0561345438858762,-22657398.732794728,-19765257.295247976,-0.1446734893285193,-0.309479587961986,0.2149251502338262,0.2516739980110982,True,True
889,1113820.0464965694,0.9630317602365954,343,1.0410146360311576,1.0350601881198105,1.0733876187233302,1.1934676593342408,-22233550.20535337,-19828868.580845326,-0.1579422197177756,-0.34457601960868556,0.17799364381746588,0.22639266323190163,True,True
890,1029748.9055137449,0.964051563473977,351,1.1259558578408606,0.9540975778423311,1.0766671949247066,1.0829078665603211,-24634491.86738665,-21532599.62488301,-0.17097313512952803,-0.3623000064017153,0.15728862450290504,0.19963234694824963,True,True
891,1063787.7012761529,0.9549100329417225,348,1.0296872854861028,1.093674943276717,0.9293205403048961,1.062284542702901,-22424512.395304743,-19536479.947822053,-0.16765230962995492,-0.35512673874900547,0.16465407000706636,0.20673954814550383,True,True
892,1167529.1561845476,0.9809013384084543,358,0.9951096740601026,0.9912197345298659,1.0961927109817255,1.027599977327574,-20549119.802697938,-17812645.28483971,-0.1411428452645994,-0.307554375729529,0.22541692193219418,0.2811885063470136,True,True
893,1215652.5288630151,0.9787436990544924,353,1.0801074742255108,1.1295944541549978,0.9474592290791414,0.9869149488101262,-22748898.998730354,-19576332.140684914,-0.14889068384353235,-0.31788393615602234,0.20909836600105547,0.2564230701521484,True,True
894,1051878.8063161522,0.9268302421870328,342,0.9900237949598314,1.0991123966409087,0.9040125502300118,1.1154680731192617,-21520294.48838096,-18924689.50189278,-0.16644564813207996,-0.35497054067890604,0.1645670239074206,0.20636177499927072,True,True
895,1084443.1303196587,0.9546623829804136,356,1.0757283062196425,0.9540683981512379,1.002150867120832,0.9969060225645677,-22929601.233851686,-19763483.915880125,-0.15474900427446145,-0.328465958687263,0.19482988407498847,0.23932677780477452,True,True
896,1023551.6447093847,0.9339879175433268,340,0.9314776418665089,0.9505561838826583,1.1525743549706113,1.0039341826007993,-19859908.934212606,-17120048.653881654,-0.15857605031321959,-0.340004872685089,0.1865233826469273,0.241367640935871,True,True
897,1207867.1813029214,0.9600871353775869,354,0.9597748344722843,0.9918649996123395,0.9644043795312294,0.9887695477087752,-19263099.58687719,-16602538.251498949,-0.12728758732525447,-0.27869652273327433,0.26552843053679154,0.31927810098113396,True,True
898,1245604.7936522693,0.9381395890915034,343,1.0735310592195348,1.0157236783821129,1.0758824866885377,1.0330366411538605,-22034845.99382886,-19128244.693235584,-0.1377204050581069,-0.3007154358659788,0.2337696438125593,0.28796110970780225,True,True
899,1085521.61698455,0.9755941287101677,361,0.8824230034172976,1.0384303919736277,0.9176393537236172,1.1175379464398767,-18356180.774706993,-16178918.432996253,-0.14320950847030822,-0.31347249637574875,0.21496928792282124,0.2640012932753629,True,True
900,897847.9289270083,0.9677929708762059,347,0.9849105662053056,0.915536421660926,0.8969208893598032,1.184988942447822,-21770426.724904936,-19366433.62157858,-0.17555572870061337,-0.3721288789094114,0.14431558280046897,0.17946274990546005,True,True
901,1164628.753941277,0.9547423743510777,350,1.1894755363126568,0.9673445051070142,0.8153091311950345,1.1383651441734097,-25086142.50999887,-22207447.237707686,-0.14608288614163673,-0.31500320293955886,0.2066225793366063,0.24152990969005694,True,True
902,900743.4994677575,0.9739714047555896,355,0.9398691026358623,1.0020206879572484,0.8456089021096532,1.1401493040344595,-20932786.01511519,-18470659.392477807,-0.1813939524539471,-0.38152772414128816,0.13628526266310997,0.1716001777238246,True,True
903,977149.2043751819,0.9713167184814777,357,0.9638917243260913,1.0237350328849766,0.9770673935747471,1.0820501648394019,-21161409.111188114,-18489372.29654447,-0.17384238940941263,-0.3682483429486231,0.15233323076858335,0.19537707143482172,True,True
904,1179652.815847665,0.9448041190605143,349,0.9698121744127596,0.9636687611490521,0.8241014724205177,0.9589851054707008,-19478165.77570939,-16709574.838265682,-0.12556967547810324,-0.27187681940570496,0.27331969476580026,0.31862137675964247,True,True
905,1081971.1352540036,0.9391726121586907,342,1.0137740327329603,0.9767660415283526,0.8894614221916276,1.0764817745710178,-21396550.19404184,-18719280.507496823,-0.1484772896563883,-0.3191161406738454,0.20470842859992527,0.2463815460255099,True,True
906,1196813.466158797,0.9425697376574209,352,1.0266429390003564,1.0005602369221305,0.9646154334892572,1.0274538123095767,-21049138.775120214,-18264348.71502443,-0.13590944847376613,-0.2956098278858887,0.23904289672157722,0.2884782624872128,True,True
907,1063938.7837897595,0.9305716043258084,346,0.9328696171455513,0.9706260995243005,0.8322943331057187,0.9795158902881609,-19433499.79246213,-16716458.547216663,-0.14173049479462715,-0.3024870621115045,0.22720122438520682,0.2698954881141983,True,True
908,998403.0983992721,0.9754870803465078,351,0.8887038106145921,1.062651325144814,0.9417355588342324,0.9903832362895959,-19257548.949062414,-16564376.444044359,-0.16602851734504512,-0.35097289649402896,0.17164944358321552,0.21859940059059144,True,True
909,979079.4980486693,0.9594586677683402,351,1.0911484303817758,1.009996149589788,1.142291133468211,1.0692097920245218,-24394765.413088858,-21245894.962411076,-0.1888188444290946,-0.39702077730580754,0.12797740478794378,0.17186745881661622,True,True
910,1173138.4299351636,0.9608934399033359,352,1.0178383796966677,1.0785608820000658,0.8292157898806339,0.9361960726371008,-21188995.749577552,-18082898.334749352,-0.1414742396879279,-0.3002721388464077,0.23070866419311153,0.27406637467217854,True,True
911,1193893.135479949,0.9417909762496681,346,1.0309869075581164,0.970964620888404,1.024760622471557,0.9206423704971332,-21114778.596991185,-17958215.08510558,-0.13601482782953078,-0.29190864989988247,0.24605570130685187,0.2989626529050827,True,True
912,1055896.8483674512,0.945486531442216,348,1.107348366980115,1.0319626930686692,1.0186526665361428,0.8858528095471385,-24248154.94067988,-20481910.123027842,-0.171474920428804,-0.3554578087843077,0.16544660047617224,0.20906963187908906,True,True
913,1034735.652015576,0.9598113019138225,348,1.0059538234411782,1.0123756816382907,1.058139120232119,0.9939030098680284,-21817051.967277877,-18775357.438536834,-0.16686073528631265,-0.35290236186649787,0.1697212400713837,0.21740890137437427,True,True
914,1171936.6483039055,0.9492711988494296,352,1.0127686959402242,1.0018673997973808,1.024493991069273,1.01382318280099,-20939164.174842548,-18111812.74522418,-0.14062418203009677,-0.3047295532122737,0.22767483187789989,0.27960224612943574,True,True
915,1020012.0072423641,0.9552565119572176,346,0.9559550890531989,1.0214167647864678,0.9645511882463443,0.8913712486451559,-20636314.539254345,-17448174.661796797,-0.16295040174918626,-0.3403825829650706,0.18282759806526924,0.22926137204023678,True,True
916,867341.9864465147,0.9337993306946569,344,0.9273463291247207,1.0194190342138443,1.0681049441390214,0.9076895781904308,-21078264.054517806,-17854184.79567085,-0.20464900241602735,-0.42221314511409097,0.11106782774649408,0.1555162669943072,True,True
917,1128841.3290254904,0.9285480467734456,344,1.019832872941889,1.0908465615308922,0.9632223460940652,1.05715004383274,-21726368.07672709,-18923422.469075035,-0.15537853865268442,-0.33316067673609645,0.19036859813688226,0.2369850211163856,True,True
918,1134165.6646748525,0.9675630008592793,356,1.0871109322462305,1.0411975408608225,1.0321657532612887,1.0274073405658208,-23230909.482063133,-20123974.346150793,-0.1572330940243344,-0.335491820988989,0.18784869558053813,0.23485815541127036,True,True
919,1113988.7732411553,0.940842841324151,349,0.9966291933433259,1.0002996487038793,0.9733110852330672,1.0512405687743138,-20900616.324472237,-18197638.776893165,-0.14680634347047514,-0.31682334912087423,0.21020511350454665,0.2577753747013268,True,True
920,1064125.6116101118,0.9508721782097459,347,1.0755127209507724,1.0459064418971307,1.1567404131066878,1.0565658880628301,-23558093.323413618,-20483110.7846418,-0.17473453630944907,-0.37148054660211244,0.1522210933639654,0.20127196960955687,True,True
921,1192313.523104859,0.9723986119869993,360,0.9844307346165138,0.9909280115592443,0.9526321207331783,0.9804911121293668,-19976986.479491938,-17188474.17985109,-0.13151131974799796,-0.28564664973376525,0.25426662384225923,0.3055069410890093,True,True
922,1064556.0737621603,0.9569536801992256,346,1.1607877593248477,1.011105145730586,0.9716943585050468,1.2224597032912208,-25401474.598809306,-22752188.216368437,-0.16958196815029725,-0.3634800057525829,0.15357935486265056,0.1913290158724075,True,True
923,998652.1046128399,0.9890018653332412,360,1.1417321183821403,1.040654440718896,0.8504334262535496,0.9971381217555312,-25424189.490603518,-21901215.61912091,-0.17975222110332514,-0.3716231316322133,0.14428142438145455,0.17756369021349927,True,True
924,1086136.0519951317,0.9819165974763606,358,1.1450321440925308,0.9795431665627098,0.8911483338086315,0.9195542597672974,-24660287.873963848,-20973239.90930267,-0.1585437870099755,-0.3301105046444728,0.1903326434689534,0.22855600623477598,True,True
925,1088255.2965615876,0.9468941355079818,353,0.9532227982102632,1.0672187670680675,0.9278369221377061,0.935019390015797,-20229621.33767699,-17242582.059135236,-0.15310651758600777,-0.323770476006774,0.20232099173003756,0.24989556019979137,True,True
926,951173.7511989244,0.9583233638333872,353,0.9820084682419394,1.0038479028090934,0.9273798649398919,1.0409945679106833,-21685803.867840514,-18815916.749947906,-0.17645440276383947,-0.3699799059600178,0.14903438359712673,0.18857544640929008,True,True
927,873303.4875555893,0.9575752423974883,349,1.0062268820033289,0.9319488453839558,1.1926012822483048,0.9313751900676288,-22739391.743381277,-19339068.145382717,-0.19912197305333668,-0.41235796592840906,0.11775070608695236,0.16300518938283662,True,True
928,1048061.235629667,0.9477774287750487,345,1.0994124018974238,1.0338583281584712,1.1238845283199692,1.0820056064593837,-24195398.2601823,-21131221.09831876,-0.17691578211147324,-0.3753368051438788,0.14704963446846972,0.19290517028470647,True,True
929,1050708.4220633074,0.9572512059588736,348,0.9932382652941142,0.9247211620114011,1.1598695342653886,1.0532503511070919,-21115104.896825343,-18368583.013798613,-0.1561534757766347,-0.3365744684910799,0.18894240622024594,0.2415442045886396,True,True
930,1124065.2664590837,0.9398225049730202,345,1.0051697713648344,0.9803146534715018,0.9840044163611543,1.0802527635083907,-20971137.82569423,-18359134.786185686,-0.14422395009103497,-0.31325465902334604,0.21463957146135298,0.2624405590839985,True,True
931,1158783.4705517339,0.9975385671396856,365,0.9428167500042298,1.0866410968470352,0.9905831179941571,0.99240832493537,-19592786.230447832,-16874402.607126694,-0.14371869003984925,-0.3103500616264476,0.2213932717697027,0.2751274836551305,True,True
932,912655.1562788754,0.9251004472952891,337,1.113142289610022,1.07562914209254,0.8992925994010611,1.1078065432215152,-25508838.86021902,-22356307.481957838,-0.20585078621194466,-0.42502183873713134,0.10146979151531398,0.13361518452516963,True,True
933,1098386.2490765115,0.9456888791781559,339,1.1185147286342212,1.091167983991938,0.9996068223502806,1.119491319932548,-24443837.26056467,-21502604.07356703,-0.17030201405869874,-0.3626127498254525,0.15704846892022142,0.19930961334376973,True,True
934,1252957.852692911,0.9639241577999054,350,1.0369903630672075,1.0608442375851168,0.8956988528936537,0.9853385951770484,-21078867.094735224,-18157590.02541892,-0.13155347723987892,-0.28514475372661,0.2539251428275036,0.30222836414219906,True,True
935,1136055.4580206866,0.9625237114355343,346,1.1211141962925348,1.0159200418413188,1.0230011817702505,1.008706710518225,-23958935.7779861,-20689526.8548079,-0.15665219219853174,-0.332967703564042,0.1900142099588557,0.23547183796358384,True,True
936,888506.2528721907,0.9131786841466963,337,1.0731040679787105,0.9814961008405231,1.0704980506942914,1.1598669750799209,-24422075.31648608,-21586021.978744812,-0.2025023844930916,-0.4237648117341716,0.10514020583203527,0.14273732844689288,True,True
937,1096257.7411187864,0.9936823700889242,360,1.1453291321332018,1.1258311269892143,1.0766709186175687,0.9626365977634371,-25330790.022011433,-21671609.488552686,-0.18005600603388922,-0.37621357433807917,0.14648171937186555,0.19181503534461586,True,True
938,1048320.5592732199,0.9308901310093983,341,0.8954959199586504,0.9743192392053133,0.9069688336598458,0.9543325057297212,-18687728.734286573,-15992247.847751936,-0.1439865901100943,-0.30716892722401035,0.2231152060090523,0.27072876589880607,True,True
939,1151628.380998271,0.9829329489361128,357,1.061555521013428,1.0030464177583178,1.0198500520810185,1.2046122910079802,-22304637.533476815,-19959156.78102463,-0.14799832496852042,-0.32548479111173734,0.19866471146099232,0.24545325569677065,True,True
940,1125955.9467666773,0.9903900938159841,363,1.1097831093176829,1.076569987501342,0.872483943094063,0.9838145369102089,-23861237.785141908,-20522515.428838864,-0.15820977482760032,-0.33279983323942286,0.18775083196527537,0.22736652799657125,True,True
941,1256269.3362818793,0.9554915981973311,345,0.963547830098261,0.9804213860280498,1.0862759897547376,1.0076019233990468,-19078443.29175569,-16496588.067606475,-0.12343676228823099,-0.2743257041935975,0.2747593755025864,0.3364708214086714,True,True
942,1086011.3936232645,0.9762901082662044,353,1.0340843572743403,0.9891753849996554,1.006277137338663,1.0386927442625484,-22020588.79410277,-19118454.58972357,-0.1548863389256675,-0.3311829927134766,0.19234225366360694,0.23850298202631362,True,True
943,1181062.2334260964,0.9480120560292442,345,1.008140693102137,0.9818916903606316,1.0057359661945469,1.0733718640758152,-20662008.046679214,-18077100.070681132,-0.13629802174799086,-0.29892502866842763,0.23489091393150313,0.2860243208449198,True,True
944,1107463.4507516096,0.9426223344957059,343,1.1057619917551025,0.9607277564003098,1.0608185608930643,1.1480068336912765,-23590737.646538187,-20880543.86913665,-0.15595601889476068,-0.33754437641622853,0.18418797188412125,0.2293995369015621,True,True
945,1017485.7072113843,0.9090693584999684,338,1.0528992904522307,1.0023330025550559,1.0751368161812496,1.0002558980078289,-23086354.92304635,-19885696.737508923,-0.17361675977038662,-0.36528029192245226,0.1563496466778893,0.20173622139441014,True,True
946,1061882.3362142819,0.9490766288721636,349,1.1096835232798223,1.1305386121160188,0.9705701655224283,0.9049091914433367,-24618292.217485983,-20860701.347436596,-0.18058426355675117,-0.37321202359901023,0.1476129688463976,0.1893809334047825,True,True
947,1096481.2897880625,0.952982176990092,348,0.9921925983419191,0.9959899317233805,0.9653699127064851,1.1299602979974084,-20891717.50025268,-18446724.841158614,-0.1487156604647524,-0.3233765275942859,0.20120697627144168,0.2472104606237772,True,True
948,1249153.9459783784,0.9836678585737819,360,1.0988222488222605,1.094331801805915,1.1611541417457787,0.9722464902244101,-23033985.386482198,-19751451.191305634,-0.14940740037394887,-0.3215855858396877,0.20879065206494987,0.2662447723713003,True,True
949,971487.4051684435,0.9323740353677418,335,1.0804687954681924,1.001366650094402,0.8198969530698353,0.9657728576969222,-23910837.344139356,-20492476.65757233,-0.174936858295289,-0.36124113168341887,0.1543048379782591,0.18759214437478194,True,True
950,1175097.8515115208,0.9593406027954864,354,0.9437669651128057,1.0169309669788817,1.1306818859950978,1.0228069296195783,-19344343.934741303,-16749900.604819072,-0.1388707635676148,-0.3045956279296135,0.23141773232150328,0.29230347138118545,True,True
951,954048.5797964486,0.9045756174114636,332,0.8884229746483344,1.035951858803922,1.1221782377658154,1.041947754784785,-19592612.53432579,-16981954.694440953,-0.1814621218365742,-0.38570958156988033,0.14178364247868436,0.19375890752143915,True,True
952,1147311.160594048,0.9616018891029259,357,0.9950943182306099,0.9968020813269163,0.9981338979965659,0.8865315678263044,-20630372.12382192,-17433439.328013368,-0.14161731054047064,-0.3007754334757917,0.23355470366131756,0.2853428706734103,True,True
953,1106715.5576267503,0.9871736326347005,360,0.8935534213720976,0.9637481832702172,1.1473844432808595,1.0017386868022438,-18373835.19695343,-15844719.822920814,-0.1405947558337421,-0.3071928222475346,0.22841494661939354,0.29001254248077196,True,True
954,1033999.2156919469,0.9315162198101492,333,1.0328719772183446,1.0742126842396118,0.8246493905963936,1.0828861350213905,-22558708.6524674,-19732026.865849964,-0.16734234824263372,-0.3530942559883054,0.16388528623363616,0.20032666682306532,True,True
955,1119739.159224385,0.937278178826084,342,0.9726583801917704,1.035843117896449,0.9722824091231239,1.0558041640858757,-20400858.392852977,-17774395.30592862,-0.14732279462376527,-0.3184874038853193,0.20876416498635994,0.25766981425668767,True,True
956,1155211.1433035168,0.9359996680322444,347,0.9247818713268406,1.0090526542220233,1.1035084383096765,0.998431151301036,-18955635.51408539,-16341405.429116812,-0.13858150782194523,-0.30265462366398055,0.23381021940784452,0.2938707495191882,True,True
957,1037902.0135933394,0.9747301842458038,359,0.9628939217360994,1.0242271995512815,1.0348921165989824,1.0018880996964339,-20747237.41824364,-17882007.779019464,-0.16305759967409816,-0.34640513503140186,0.17708873105962986,0.22600773534964688,True,True
958,1169996.2587748463,0.9341694550996574,339,1.126386730003422,0.9731037655552112,1.0004242371994652,1.0069075218667562,-23657682.895935826,-20437448.358981077,-0.14689416356816953,-0.31434180429692543,0.2125352139831007,0.2582260266069219,True,True
959,1099030.2595222853,0.9656094902719528,351,1.1345920132282672,0.9847218723830665,1.0248219832624748,1.0497372416661999,-24437611.4102313,-21253148.254302494,-0.16075582618896572,-0.3417244223473197,0.17900288698517228,0.22219014595104547,True,True
960,1034594.3596492814,0.959742164073514,353,0.9457732081258633,0.9244109269464048,0.9033432665221214,1.139474107852478,-19842143.60174433,-17559890.92327555,-0.14578072459431413,-0.3171479234371379,0.20742838682426426,0.25023869436960083,True,True
961,958937.2755969956,0.9390969537451623,350,0.9100297352093822,1.0400034059803613,1.1686198752515322,0.9876522554389617,-20147140.45080884,-17295835.97987078,-0.185147995793478,-0.3914201281143368,0.13802235712653999,0.19142289948382982,True,True
962,1054364.9513762323,0.9637062777117608,357,1.0228062714976485,1.0159933446834601,0.9880049942272998,1.062004676240118,-22057613.931202855,-19220905.979364455,-0.1620734232081456,-0.3453032462894211,0.1758354634415349,0.22021183498428157,True,True
963,1072610.884599601,0.9541275262384081,349,1.0933462138289778,1.01664217700375,1.0197131669869517,1.139846658688372,-23718378.348624427,-20946262.67227963,-0.1655399764811181,-0.35456499578101336,0.16513628333469357,0.20795270375600763,True,True
964,1013285.0150810244,0.9485804003212829,341,1.1246354261536076,1.0466675795434768,1.1099195354945903,1.1032409411721975,-25112495.915504094,-22001138.120712068,-0.18723319500920937,-0.3947252576846883,0.12907477122075334,0.17176821401607564,True,True
965,1124651.1266569602,0.9025367077443334,338,0.9290894318063462,1.0286028615820708,1.0546412707454984,1.0571995995268937,-19316977.976813298,-16830205.598219834,-0.14462461987940503,-0.3155234001602076,0.21513355689233515,0.27042384386270724,True,True
966,1086516.5646294213,0.9348150315121806,337,0.9615311102332208,0.9352163623782974,0.9807195523404206,1.1865793490216914,-19967141.938681405,-17824737.54224064,-0.14192922223504595,-0.31338292473964235,0.21380881474467278,0.2610211153122481,True,True
967,1070923.3039872753,0.9937628096187875,360,1.0312269638457396,1.0147211514538934,1.0018165960483207,0.9433480987228321,-22155417.791467194,-18907382.104563452,-0.1600193891198515,-0.3369151416905258,0.18628215477171828,0.2325760106642528,True,True
968,1113510.3272536008,0.960583641570691,346,1.082884372614138,1.0208521405926934,1.2315642606646398,1.0859500708778134,-23355385.16749831,-20417307.850370754,-0.1657967464323118,-0.3571651170866932,0.16770599435694064,0.22126632015882047,True,True
969,1112675.415822985,0.9395031319375862,351,1.1049312935222309,1.0564827199640316,1.0829454111493981,1.17953725751626,-23932908.20494961,-21276593.03268522,-0.16596439366222743,-0.3583848254075238,0.1627450488515953,0.20877594058484308,True,True
970,1025287.8615045832,0.9591114453944726,351,1.0639955926523332,0.9644541348325246,0.8593990823648725,0.9614131216816872,-22990226.203067638,-19697032.91809237,-0.16034046709962485,-0.3350006577989276,0.18414293834951492,0.22141398989951314,True,True
971,1112380.39149877,0.9255203394957896,340,0.9995494079133325,0.9802139225860793,0.9174776437291121,0.9475769152540806,-20858045.173386525,-17831201.01677657,-0.1433962301175029,-0.30513491859129727,0.22497424854292164,0.27077129263859806,True,True
972,1129436.957073525,0.939230551839131,349,1.0382180116642237,1.0114572360882044,1.1225294245465456,0.9523095552073839,-21999662.812165134,-18798101.51347401,-0.15422445437543783,-0.32869912465813816,0.1987983038315166,0.25236615355435155,True,True
973,981941.4235706793,0.9654582816576363,354,1.071379976918002,1.0920910005846427,0.9759467207984409,1.163753781690692,-24085868.860854734,-21318192.894443255,-0.19105582614794928,-0.40235659037863003,0.12083939069161055,0.1591267885969685,True,True
974,980612.6426698073,0.909549207163843,336,0.9865482542100272,0.9700497690800229,1.0443317384032018,0.9368040222372956,-21538448.370983783,-18351378.82947633,-0.1705632206147747,-0.35692336937877606,0.16505556949410577,0.21109914359184287,True,True
975,1017340.0252842947,0.9427779249654542,342,1.0533556575896523,1.0386439950068844,1.070417114282624,1.1409761955992188,-23239979.07326112,-20503329.85635817,-0.1782241484853233,-0.379520031516965,0.1423593884149769,0.18636622919977675,True,True
976,1166924.3080589364,0.9577934980185386,350,1.0350943483571058,1.004032193406017,1.0674067236432214,1.0854654216509951,-21579146.38956416,-18901846.697448675,-0.14503544439148178,-0.31633337044433896,0.21235805646474196,0.2641305984303074,True,True
977,1013846.6715015882,0.9588617254977752,351,0.9540045559888894,1.0104341956796137,0.9102601598211205,1.0168253417877928,-20546346.411386847,-17766923.051917136,-0.16053244056611257,-0.33987235582266706,0.18126151338165497,0.22411525973885754,True,True
978,1185069.0961703495,0.9824645573035748,359,1.0159983404439883,1.0161822831135097,0.9558648773729992,0.9793425547202881,-20921906.442241523,-17990901.530907385,-0.13789855866787668,-0.29723931751402555,0.23706593908761547,0.2865741531518474,True,True
979,1027737.7556156482,0.9365322512555173,342,0.9498195968684708,1.017031828047042,0.7647244087536846,0.9037071724725068,-20252447.479630575,-17181151.25392441,-0.15258773127732403,-0.3181718671781836,0.20503608888138855,0.24306384527402078,True,True
980,1040432.1368097197,0.9311837243691464,347,0.9445043665923292,0.9510069377295896,0.8676868606683925,0.9325211750391693,-19845843.684863526,-16920810.57393084,-0.14620850762383356,-0.30901225901781726,0.21887120712139463,0.26208945677291484,True,True
981,1133404.7604087917,0.9481259597954567,350,0.9280617912730551,1.0719840176624003,1.0117274713689137,1.082638943655737,-19365482.54803295,-16950190.495965235,-0.14608115273098385,-0.31890104087473864,0.21019084968258914,0.2636862352635903,True,True
982,1198573.0815360064,0.9564763171995445,351,1.0763122128907308,1.0285543018431687,1.0255730355716304,1.0348907613547857,-22444779.013411187,-19485285.05160221,-0.1444507186689975,-0.3123110057942656,0.21682615306801045,0.26664692894518244,True,True
983,1119951.3692433871,0.9832970530362343,360,0.9328727457141514,0.9272281672503183,1.123041495469263,0.9194861769027034,-19097767.489215933,-16227645.19846747,-0.1375635061477698,-0.29676988068896615,0.24180084175560926,0.3013123662812542,True,True
984,1120087.0532629641,0.9170396553935475,346,1.0557967648503408,0.9650425532717753,1.0306016798072997,0.9254499840789296,-22243673.548617195,-18928568.915385507,-0.14927410691972207,-0.31623580539595436,0.21179253479911395,0.26046425592594097,True,True
985,1096559.611081102,0.9358574068665162,348,0.9594656785327712,1.0728786724722064,0.8509814715876702,0.9930429717787579,-20283935.560411923,-17478733.099083014,-0.14979473140390703,-0.31865290737881624,0.2065775131815639,0.25012454489790786,True,True
986,1119668.9476585533,0.9448560373778369,344,0.9483540653585507,0.9287798481721458,1.0520227694830868,0.9716037783761315,-19433956.085745934,-16681232.568043558,-0.13690817393950086,-0.2965062524345551,0.24006419568402787,0.2947493807073974,True,True
987,1053744.0074718157,0.9558561714305058,344,0.9358130973034571,1.109914806416258,1.0405922819588482,0.9913765361727757,-20303221.971547086,-17457818.10877674,-0.16870423378140506,-0.3580837189253577,0.1666571524760607,0.21811345907489335,True,True
988,1241529.4161858393,0.979925515275688,357,1.0575662832957748,0.9924142443124312,1.2026371760198253,1.1657970330754686,-21687720.292764403,-19280427.39744367,-0.1390028862941426,-0.3107048295497807,0.22188079380368095,0.28088971160013837,True,True
989,1154067.278670055,0.9711731757404796,354,1.0522074419720506,1.0347791057761162,1.203185017527177,0.9722042302244102,-22336522.864037443,-19145199.316054117,-0.15661263686708238,-0.33556788333523424,0.19247513493479323,0.24966379283687606,True,True
990,955799.5322297553,0.9127549400211716,336,0.9993967775635446,0.9270968816033596,1.022915166689496,1.187662918028568,-21850049.56246777,-19448529.700137,-0.17048370115122383,-0.36541314543017644,0.1537154676905233,0.1952035241456028,True,True
991,1024253.4716832578,0.931842720488942,336,1.0978988636207718,0.9834344465751254,1.0138470056636089,1.1752242243233268,-24041013.49764173,-21353485.068169866,-0.17098762442318718,-0.3652999163112484,0.15320634241099573,0.19344826012211747,True,True
992,1000362.299821017,0.9750761569152808,352,1.0582563890885943,1.0167880601017587,1.0674105009672765,0.9622007874498956,-23393861.604452603,-20015145.746549096,-0.17923598595648263,-0.3741680051578145,0.14781628138520927,0.19224915888614744,True,True
993,1095914.5657173058,0.9568837529249399,348,0.9232441376913763,0.9793696316694402,0.9625733523304052,1.1625157186362787,-19103508.90054093,-16980969.195814706,-0.14060031205261606,-0.31043501574803284,0.2185015197256621,0.2674887185351662,True,True
994,1129727.6118087645,0.9489326346507143,344,1.0222137563168785,1.0233600539213845,0.8034781665817213,1.1284720120113523,-21372505.93452455,-18889047.062322382,-0.14281926079341944,-0.3098740608268636,0.2151712344480636,0.25412080404818826,True,True
995,1166760.6942156267,0.9772497700892363,355,1.0363933336953017,0.9865890557243258,0.8157564709869773,1.016588086405235,-21320634.865899168,-18477099.060576595,-0.13527195882702409,-0.2915044114272668,0.2416917381077796,0.28277859667494026,True,True
996,1028522.5997003128,0.9256774841868927,336,1.0814766045173663,0.9894192469083072,1.111458009860678,0.9910207372516799,-23698570.129983976,-20379557.03956021,-0.17342722494371465,-0.3647794369767854,0.15712105992390304,0.2032030776510383,True,True
997,1149145.7498146382,0.9854578840363319,361,0.9193085935305557,1.0243238647126351,1.0830154593858448,1.1152234213980705,-18905197.141509764,-16651611.341551248,-0.13994207093208966,-0.30995813664784244,0.22291120741559972,0.2807392974298726,True,True
998,1084352.821651387,0.9512904288638524,345,1.0846457350004899,0.9323037331216962,0.9519223294671245,0.9975441533424166,-23025339.219773814,-19856550.94585659,-0.1516108923446425,-0.3217074469817259,0.20187533671580782,0.24400535121114697,True,True
999,1039986.1286626586,0.9364283829071137,340,0.9781807219616245,1.007751734253535,1.1412946529453039,0.876109757238209,-21130990.325905994,-17804421.32248076,-0.1662035644994716,-0.34888720556910735,0.17722251169422445,0.23112626408042108,True,True
1000,1118650.0619797306,0.947484183396805,337,1.1371901413129928,0.9532282929085545,0.9653038563962173,0.9747913271946225,-24186743.434849888,-20772282.54129272,-0.15263585800756221,-0.3226543944415124,0.20078710334694977,0.2429475035711385,True,True
1001,1269710.1963602528,0.9532458718014438,350,0.923089749407706,0.9139505181136003,0.8348147688808382,1.0110018968688683,-17465177.304759253,-15161252.853439223,-0.10457020158673357,-0.2364453781322444,0.3360589402967243,0.3873847565988082,True,True
1002,988122.9660586902,0.9685784653462074,346,1.0023885833408572,1.0342563589216975,0.8669004605198991,0.966594756204338,-22004205.491825745,-18856619.579755895,-0.17132719248109826,-0.356578651373028,0.16163703224169038,0.2000295684672968,True,True
1003,1056532.1555276425,0.9783303676388498,359,0.9820234375812125,1.0411546026855483,0.8892845530758703,0.9927670830468636,-21043693.013346717,-18124344.17290666,-0.15730361526550884,-0.3326025782732295,0.18944857524696865,0.23211936018221646,True,True
1004,1006594.2255920387,0.9666801726740195,353,0.8864653901290962,1.0716139735215906,0.8762477754116409,1.2127797793157833,-19128065.4534829,-17114159.175024696,-0.16228884561284104,-0.35152693822852293,0.16829862667089093,0.2109415659300983,True,True
1005,1134932.8656377634,0.9407281384509701,329,1.0346877715325011,0.9713174851190215,0.9464752700834004,0.9958581792378909,-21563056.44152267,-18596333.133771233,-0.14289795776073136,-0.3063974046810403,0.22311523423445234,0.2691157069183901,True,True
1006,1011886.3096093999,0.9642547468684078,350,0.933780471173453,1.0532250938954062,1.039563674714378,1.0190384896708014,-20324223.50279884,-17561922.594177682,-0.17010524211858802,-0.36104032154506965,0.16250573673693278,0.21172368817944223,True,True
1007,1062559.9197772383,0.9537499732183455,351,1.0169352970298908,1.0354447598641576,0.9284195564662978,1.2143268648129886,-21881715.85065363,-19590009.78610887,-0.15996743840474478,-0.3465642954754977,0.17263268497592354,0.21397221213375325,True,True
1008,1027560.4981418512,0.9657225242109757,352,1.0957391120546585,1.0494345461095353,1.0420527170272986,1.0829353867473224,-24248168.9116778,-21182423.50730134,-0.17945764352158294,-0.37862629840150547,0.14234591724790438,0.18451988392642488,True,True
1009,1192646.7462133188,0.9361228025604751,341,1.0679151042288928,0.986149104196552,0.8985807167082948,0.9530325941369848,-21993660.04080593,-18830544.809144776,-0.13669686304844939,-0.29245083441739916,0.24213140572483635,0.28718473006308853,True,True
1010,972131.5269168712,0.9442136380492728,348,0.9534078310281113,1.0101562077967143,1.0247461443859822,1.1314642240038022,-20916052.327144198,-18428121.68898398,-0.17427421181456285,-0.3719113096673352,0.1496574938138135,0.1944248347693827,True,True
1011,942610.2743793098,0.9274286209380185,333,0.9370209382258654,0.9642042244132679,0.8760618376916531,1.217687777808191,-20428009.923049066,-18287756.62015136,-0.16703299956926287,-0.35857704829489084,0.1585898491742818,0.19632623247436748,True,True
1012,1066995.1901918878,0.9262762209290303,337,1.0021439743038545,1.0399855771686282,1.0852676031362405,0.9786522957946765,-21623711.43737592,-18557330.601937003,-0.16455799315292613,-0.3489527893515883,0.17525809949142931,0.22588854569787728,True,True
1013,1123872.4733367101,0.9861721123650881,362,0.9445968061394079,1.0669970605285473,1.060589612055313,0.9753308431864237,-19868248.50428386,-17047894.864675842,-0.15071902781544314,-0.32369525231061,0.20566286416595927,0.2611316838745016,True,True
1014,914154.0223136279,0.911676663507351,321,1.1662776203050556,0.9239270552149204,0.9040144480165049,1.1944429466147566,-26224911.3532093,-23349135.788097173,-0.18679013648285167,-0.39125427061630147,0.12500137542946188,0.15538534669316584,True,True
1015,959350.8585779013,0.968985553373605,353,0.8834148842571558,1.0364096336530237,0.91507372200725,1.2025494116316382,-19282764.992589936,-17207598.613218714,-0.16990152864823546,-0.36553104449758717,0.1544035666222946,0.19690202481261007,True,True
1016,1074077.9233497775,0.9756064541923997,359,1.0605710654133371,0.9292886713127205,1.0112070335826693,0.9042810263600547,-22533429.889653787,-19104024.16716162,-0.15305670945188712,-0.32159484619497275,0.2040021173376785,0.24986788429462226,True,True
1017,1173320.4363681057,0.9386082498054283,339,0.9877295889925124,1.0380566587117506,0.9023952454961484,0.9354190480324703,-20339295.013032507,-17351886.632354945,-0.13745433989945674,-0.2940517873300554,0.24132073234391974,0.2895887424029905,True,True
1018,1123095.8417418636,0.9837205846380581,361,1.0007224209819516,1.0220485513072166,0.8315757042066949,0.9475589183711,-20902854.08238268,-17875739.49463092,-0.14287913935406835,-0.30308581313861505,0.22632059154854328,0.2685565512136673,True,True
1019,1025603.3711568645,0.9622688237523707,351,1.0316787638903764,1.0742693540171742,1.0567407108843236,0.9073326716724288,-22770865.264154576,-19295775.542543933,-0.1789394181054904,-0.37237133449837484,0.15095600674278586,0.19775553422510384,True,True
1020,1039025.1617106523,0.9244813841153647,335,1.1644827260822963,1.0520707237102822,1.0718827539955673,1.0630933814356964,-25918608.66144332,-22560665.14646396,-0.18358187455418648,-0.38530353411125695,0.136126206175343,0.17742775673022465,True,True
1021,1078713.8834730124,0.9478524300268574,345,1.0994544384868934,0.9697369716539187,0.9853809846811895,1.0504262493311414,-23612638.455978703,-20543156.264909618,-0.15862261072618664,-0.3373467152584702,0.18342976726553106,0.22565696803730886,True,True
1022,1030944.0041297302,0.9636829911153548,351,1.163625748649405,1.0113060015263653,0.9949148367271277,0.9319363666317567,-25732770.394595493,-21913482.020265512,-0.17700561717297356,-0.3662724874398289,0.15250414386597794,0.191840793199075,True,True
1023,1105979.2863671957,0.9655225530654764,355,1.0038255634049784,1.0517954471684627,0.8481770374896563,1.099328530990335,-21237955.797736812,-18654972.83568512,-0.14966746209266313,-0.32216047909419776,0.20068958290820785,0.24171260570894634,True,True
1024,1116721.7298170598,0.9702641942971636,361,1.0150863236882675,1.003951163537107,0.9336388565782828,1.0881310896631533,-21323438.042748045,-18692874.8030099,-0.14694022093591447,-0.3177685413674992,0.2076939996755502,0.25247934369543706,True,True
1025,1028538.4494973251,0.9206037940737918,345,1.0916232430781405,0.9816691187636499,0.9520165349968368,0.9932933723285335,-23798507.23345589,-20491065.724297337,-0.16715534201493795,-0.350215151363672,0.16856241475707434,0.2083040333587872,True,True
1026,1057102.4961739832,0.9469359070265311,348,1.0416019261707659,1.1004219673070632,1.0944755304382607,1.0068508999315808,-22928547.642184503,-19763018.217407674,-0.1780206481148007,-0.3755726914976958,0.14855579624105103,0.1969205563298888,True,True
1027,1125542.8621332627,0.9849841851000288,362,1.0084162456256351,0.9420850427531449,0.9079100510477043,1.0273906937095225,-20824405.252113476,-18072157.405607555,-0.13809839964201912,-0.2983683903830376,0.23337591088226967,0.27818897954299826,True,True
1028,1031190.9314100367,0.9240093217304554,333,1.0470341295959429,0.9218901778843398,1.0184288392312457,1.0096405590916138,-22477970.406450763,-19413068.207740124,-0.15889777013553588,-0.3367570425177973,0.18502461076683832,0.22902125221836941,True,True
1029,1178035.3591128523,0.9196886280645996,337,1.0124517167413887,0.9318986893844073,0.9064802082523911,1.013578539570384,-20503699.432440244,-17760859.971055742,-0.12957427843877628,-0.2822470108245121,0.2574315320497747,0.30420302725422255,True,True
1030,949800.9377736642,0.9491958202006603,344,0.9588051211146242,1.1424755636967925,0.9819241730128736,1.1267376472123543,-21707462.179672968,-19079390.59886295,-0.2000166728553572,-0.4205151960773741,0.11026287033282861,0.15216034865820494,True,True
1031,1058707.2212804833,0.9494005698856772,354,1.0116478161001776,0.9449017897246613,0.9398217154513584,1.1763549402650821,-21425555.1823565,-19074926.208825707,-0.15078640566219612,-0.3279080563053213,0.1938971101203805,0.23605597676506715,True,True
1032,1072157.3426822592,0.95403049392247,349,0.8971855842118724,1.076649020388372,1.024786208048555,1.085039020207549,-19060894.068288177,-16675238.359889958,-0.15607647535553731,-0.3381540633241723,0.18768534230582268,0.24061153910210475,True,True
1033,1128142.925119693,0.9730459873000181,355,1.0394820505315225,1.0582034993311566,0.9739489978308404,1.068571405852611,-22101629.241836444,-19292294.964938786,-0.15406078468105203,-0.3309107740393661,0.19259287729593663,0.23865840815288983,True,True
1034,1058916.9167340077,0.9368925534329824,331,0.917650785633645,0.916542176531698,1.09619526001694,1.059150347131281,-19085224.613843933,-16635247.228285823,-0.14454222534221617,-0.31513385491773394,0.21512753142960306,0.2696561018109539,True,True
1035,1253109.565435292,0.9549490098113863,353,0.9540685240227648,1.026323782410224,0.9480114330689665,0.9806861027936338,-18916949.296580054,-16284371.405240742,-0.12253488726305156,-0.2697166729950189,0.28009549174209075,0.3354173715444315,True,True
1036,945114.8231673818,0.9353306645003353,335,0.9329766545292145,1.0342633321524277,1.0368101341413718,0.994988688086123,-20702947.29169413,-17806936.57976496,-0.18333557490865335,-0.3844966042807045,0.1398544900516299,0.18596485077113614,True,True
1037,1150964.9635757399,0.970612270502854,355,1.01620671886444,1.0300782412495657,0.9685614643409439,0.9309127627908658,-21239006.089609418,-18094821.25303392,-0.14513665510780746,-0.3087395041079794,0.22167732780488772,0.27077644055924377,True,True
1038,1072686.1258430216,0.9233197483638809,331,1.0185949814758044,0.982936089644177,1.060316676507792,1.0478478083268348,-21747246.588428617,-18904835.372480337,-0.15725586682850104,-0.33695045172449656,0.18677597352919065,0.23519300179595182,True,True
1039,1003399.0828068571,0.939034033674818,342,0.9877715716671169,0.9870761907546105,0.9806951434448301,1.065328714619586,-21426510.929281924,-18678085.216701083,-0.16550925500249164,-0.3516488028317868,0.16873431104845202,0.21214577745327545,True,True
1040,1170810.9664578675,0.9695256987339449,354,1.1468775984561839,1.0736370187496664,0.9645902729554474,0.9757353161141432,-24533267.921924975,-21065468.712667845,-0.15653848212709764,-0.3307086112320468,0.19201168528000534,0.23572828612497787,True,True
1041,1134568.6189038125,0.9399949637623367,346,1.0641798109711493,1.0332814862751183,1.0920756408298895,1.0416509247286283,-22673839.874985483,-19686611.937327314,-0.15668888398351988,-0.3363116754331752,0.18838555733132936,0.23876278070977194,True,True
1042,1044416.0701725617,0.9504647005922894,356,1.0169660068763418,1.0591068141328435,1.0617319717596194,1.1730465691915752,-22212516.882289708,-19713348.624516536,-0.1718511162801989,-0.3695838669575369,0.15231703765255028,0.19849833982751067,True,True
1043,1188355.316258219,0.9781799155153402,360,0.9983814382804734,1.0435786726812708,0.8848078426354129,1.181020101566646,-20502831.611720417,-18303264.71438752,-0.13595819752118657,-0.30134328100988245,0.22897177328664492,0.27433380997457374,True,True
1044,980465.5661632163,0.9113380702682533,325,1.010011808609625,1.0929563652630452,1.0619188796785142,0.9597072887725322,-22628908.964029998,-19341900.11624477,-0.1911764242505132,-0.3980960744664521,0.1286211944916775,0.17406324710223964,True,True
1045,1104662.5837591062,0.915539395761666,338,1.032212598419482,0.9897482882846885,1.0580964388049732,0.914509174661185,-21885387.2712692,-18580628.7806864,-0.15338093905049394,-0.32424168253198093,0.20281824821682579,0.2531875077959942,True,True
1046,1076750.2426277504,0.9114834196084338,333,0.9860129869499178,1.0006388033248494,1.1115868030996106,1.0677047553631624,-21015325.652563445,-18327095.18559658,-0.15762603665426583,-0.33997006744586156,0.185116181769034,0.23727610249671655,True,True
1047,1079964.383774255,0.9735592746375364,360,0.9884048027573133,0.9858586321542526,0.9865890579871315,0.9559391312774527,-20892676.2521136,-17875994.302800845,-0.15098410299558748,-0.32068627910806263,0.2059631772011919,0.25389095772109344,True,True
1048,1097016.1437968311,0.94019432966032,344,1.0729661513733957,1.0561043772359626,0.993380848396279,1.180303618000882,-23170022.462657794,-20611483.07950175,-0.1628648503641041,-0.3513824412450128,0.16855078181673216,0.2118136552956474,True,True
1049,1177530.647052599,0.9573020498326528,348,1.103499318672979,0.9365879173679685,0.8373093118954291,1.0804801494212268,-22739857.115404926,-19940386.594641767,-0.13574292945415425,-0.29469041554417724,0.23610330458234263,0.2755094368941572,True,True
1050,1085726.7087136768,0.954366312253821,350,1.0059637550242884,0.9237617292580196,0.9873927999633731,0.9791633248888536,-21043424.02256697,-18088510.477442864,-0.1451396993126727,-0.3102666929967558,0.21856196263142033,0.2657301359174936,True,True
1051,975091.8383028271,0.9347024881875772,342,1.0310393830096731,1.0379658747604281,0.9047446120501332,0.9875621068764215,-22858134.66007616,-19652369.978440523,-0.17861909338583057,-0.37127489676963626,0.14725594831862412,0.18539383377095317,True,True
1052,1170292.1275863056,0.9369915902261281,343,0.9943095265260635,1.116514691776192,0.8899875392323662,1.0639539928841482,-20827397.943604983,-18179352.411484372,-0.1457822395817654,-0.31500283657557654,0.2119610011781095,0.2580513559554154,True,True
1053,1236796.3371188906,0.9747560559714682,359,1.1343591524810324,1.1120130552785,0.8994237545247158,1.083974322899912,-23837637.007677726,-20885062.759656657,-0.1465534633847783,-0.3162425272576251,0.2088312705584766,0.25177568251193255,True,True
1054,854827.0193647655,0.9537181940536048,344,0.960928372228066,1.0089997169963778,0.9419404326930367,1.1156774246579568,-21884277.06629261,-19203538.015837856,-0.20221700966584305,-0.4209055229368503,0.10668090631717476,0.1429982251157672,True,True
1055,1043537.7281399326,0.9305414041295085,344,1.035579845976604,1.0243714366224093,1.1231207969804793,1.0614115221814255,-22593164.730896987,-19665307.517829604,-0.17164959175278466,-0.3655002909593484,0.15756844847505963,0.20619852936334707,True,True
1056,1031400.3423208252,0.9565311547659483,353,0.9979211162830313,0.9785182595447793,0.941562641467912,1.0689705743359184,-21414619.687295623,-18691770.793343384,-0.15831977020854232,-0.33774212784415075,0.18320703270714234,0.2257570606555313,True,True
1057,1052825.1131522206,0.9357271060746457,340,1.0788132784733755,0.9603374153908384,1.0377084867206818,1.023325573299658,-23286231.272093695,-20154212.987761304,-0.16243271757440475,-0.3441981770681083,0.1769172103291956,0.22113560729389448,True,True
1058,956718.8510072689,0.9621373616980292,351,1.0040078152694252,0.9974643312744707,0.9335209888576583,1.0005865992642105,-22174773.246003952,-19107671.35662785,-0.17636383499206199,-0.3680558995283169,0.1508519644605998,0.1902848777131143,True,True
1059,1059305.0412365599,0.9553626848198973,348,1.0294937062271137,0.9952413770299465,1.0953057538374993,0.9350354372328532,-22191575.638867974,-18901828.91271121,-0.16337410635823485,-0.3443165014188886,0.17976313366075802,0.22950544327235148,True,True
1060,1084212.8537484645,0.9687754276776696,354,1.0886888574427385,1.0792533543927456,0.884660246297222,1.0836506842872604,-23657755.10522925,-20697111.36452695,-0.1648459519246169,-0.34926037738587334,0.16887936663729597,0.20752259425743014,True,True
1061,1216007.2138984357,0.9573084683495038,349,0.9521136560228175,0.9460384308922251,0.8809231351454068,0.9661006732642183,-18753181.239315994,-16111533.31307345,-0.11880983527130938,-0.2607864023476273,0.29307080859931595,0.3435480258495649,True,True
1062,1079605.1391376294,0.9468953759940921,346,1.0583786884382331,1.00593574606164,0.9295301383990466,0.9559707660963538,-22678045.695236538,-19406134.441212855,-0.15703426745618146,-0.33033670446610996,0.19194972296543475,0.23435693971137148,True,True
1063,1223231.5733728237,0.9731466112259807,362,0.9519365442263945,1.0263957531346877,1.0058298078992132,1.1398350675646396,-19132493.78913458,-16957871.96129616,-0.1286670157541345,-0.2887389579351212,0.25054465391757613,0.3059432084249883,True,True
1064,1149528.8390675006,0.9426755393291899,345,1.103537865808887,0.9847636097087207,1.2001153265961926,1.05259734830857,-23449652.438698597,-20395857.241687495,-0.15614537119523358,-0.33678098576557713,0.1889705471791563,0.2423479433643887,True,True
1065,1060056.7568240445,0.965698735858404,356,1.0467894159014306,1.0302291565528319,0.9042537686190485,1.0697022324571996,-22605852.306186043,-19732368.727366984,-0.16138104980231896,-0.34270198836854393,0.17665313844109962,0.2168415830054063,True,True
1066,1293371.6813329407,0.9469121647042863,350,1.0244478723863457,1.0216364658993788,0.9611190096508866,0.9903988668985606,-20380568.22979822,-17577430.585416436,-0.12357069842294179,-0.27170548675891903,0.27627831173689943,0.3300175497792872,True,True
1067,1134225.7951778993,0.962801050365249,353,1.0638509408219972,0.9568581622253165,0.9564915805491752,0.8774754906163635,-22248189.045780987,-18777553.628860768,-0.14443544371174105,-0.3040246093918221,0.22682866063286805,0.27299943441653896,True,True
1068,1197592.924395179,0.9772113186668833,354,0.9203047416827155,1.0436637348725784,1.0068510760805267,1.2336619804423616,-18595011.825233,-16763997.090392701,-0.1312175578122407,-0.2977843353216416,0.23744742887123058,0.29263456676668315,True,True
1069,996713.7085184932,0.9149263339206726,332,1.0796569635739934,0.9444936321315445,1.1088986885528187,1.1021922993418163,-23697326.04501684,-20775600.447369646,-0.17397531272430547,-0.3694802232479558,0.15113820340905032,0.19485590071291692,True,True
1070,1161173.3956070743,0.9639218312519836,349,0.9511999984363647,1.0708162818679552,1.0459285993090435,0.9423049717432437,-19770330.26904457,-16867647.50358831,-0.14447783896373148,-0.3104136020127127,0.22265568537345115,0.27922104793319014,True,True
1071,925252.9072427391,0.9418709482289559,354,0.9758259705049951,0.9791965064558081,1.0329560563946583,1.0358117789275185,-21693730.451499786,-18794322.40872026,-0.18324136375038838,-0.38427745860867685,0.1379620543839034,0.18064744041461722,True,True
1072,1164847.9772385154,0.9699520791002149,355,0.9173410250742616,0.9989311932130716,0.9764708875044463,1.0765669518521215,-18550368.376169674,-16246247.291623728,-0.1308574067934361,-0.28960151199209333,0.24911729011041062,0.30305904243035187,True,True
1073,953710.5239627748,0.927698002781162,332,1.1009959608767494,1.1179511429350253,0.9549466590848896,1.1969788434610158,-25116977.368664764,-22338371.160737757,-0.20364310652574685,-0.42611674594905946,0.10238971664744893,0.1376568624450539,True,True
1074,1002432.6517573096,0.9207277570678886,334,1.0223388092674692,0.9688101217011208,1.0592010583078948,1.0293079449549187,-22283803.88864244,-19296286.141670574,-0.16939456384009563,-0.35826889810802104,0.16293986098444388,0.20813552553757672,True,True
1075,1032897.8395497177,0.9447837062053147,343,1.0921916834951046,0.9914756050046242,1.1800716949816386,1.1295400886174374,-23995833.95564222,-21127663.733376246,-0.17637061346423305,-0.3767841275264977,0.1461369651801959,0.1932057583515829,True,True
1076,1183327.351612776,0.9847535712943688,357,0.9621952203244428,0.9343157983678605,0.8595872712051476,0.9032959446629911,-19176210.770397253,-16277150.02457314,-0.1228767680581114,-0.2649364791668881,0.2858184181992327,0.33392756755269154,True,True
1077,1166799.3936092542,0.9537454880209405,350,0.9254884806140901,1.1205177904934231,0.9003499177734237,1.1215330499218417,-19157370.41229882,-16901877.857492737,-0.14081860243051214,-0.30922189285995877,0.22056301349801474,0.2699186332469549,True,True
1078,1182038.7036913596,0.925934604429174,341,0.9169207712806051,0.9438399646924961,0.901713130313568,1.2353969914804062,-18129771.311532397,-16390156.746114641,-0.12066314309777462,-0.27631865851519893,0.2663373605090749,0.3158188651622686,True,True
1079,1105468.917163833,0.9716583045310252,353,1.0285540180814439,0.9790123704269835,0.8715724011355139,1.0056697233888823,-21589578.087799903,-18655083.931408305,-0.14539418439628554,-0.3102323162050554,0.2163022806071833,0.25805532001899106,True,True
1080,1018890.3162308526,0.9560361075772457,349,1.0723063005606899,1.043170910047962,0.8652363634111383,0.9917642112951991,-23562867.84096969,-20282698.727898493,-0.17141504720010364,-0.3571074974591631,0.1601510158121465,0.19691655073847816,True,True
1081,991956.502065841,0.9623496601885078,358,0.9024909725843158,1.089620588758656,0.9710551483871188,1.0055746896546973,-19778206.881680723,-17049224.66129018,-0.17410533998231212,-0.36740911630109063,0.1555949231356088,0.2026792652244468,True,True
1082,1021076.9614058807,0.9525933271160367,345,1.0286333022680005,1.063975924047731,1.0867294576211157,0.9424493576012433,-22708710.69820869,-19357847.006861154,-0.179635954779714,-0.37560312918200484,0.14831966916048614,0.19590643642328226,True,True
1083,935712.5420788,0.9542396966172106,353,1.071437507020412,0.9970056585867203,0.8602516625739084,1.0059258805153455,-23957911.555128016,-20664901.14745798,-0.18322062638458256,-0.37866994905882134,0.1380247905289941,0.1715488181940422,True,True
1084,1329938.0677249033,0.9455082217972456,345,1.1214721062037776,0.9899922841521954,1.0427134784934629,1.0090200893575982,-22498557.50241428,-19464541.633974843,-0.12720729647103937,-0.2795181392602081,0.26409868466241393,0.31820818556222075,True,True
1085,1128858.4321585111,0.9401409880975082,338,0.9911054183189578,0.9765562258542447,0.9170637130932381,1.006261799437988,-20512935.661813635,-17728684.30852044,-0.13956845265457127,-0.30067346047501786,0.23095739985434352,0.2772895376317464,True,True
1086,1029495.5765077553,0.9284221248295422,345,1.0137277388380785,1.0997130160328015,1.0404121174453458,0.860710911214896,-22383252.77720344,-18814227.496616445,-0.17942590529633215,-0.3716877336810346,0.15220993327521373,0.19978485705378896,True,True
1087,1014589.6283588064,0.9729389214890423,357,0.9241466182642519,0.9981790784430856,0.8976895877049575,0.9451642878284637,-19735948.936766185,-16854720.404234167,-0.15569985875223782,-0.3280477755666381,0.1956939544825122,0.24001023253409345,True,True
1088,1064385.3980203448,0.9583857584469881,351,1.0280459795334824,0.9908507036694106,1.153624027320852,1.1232757084550424,-22147679.543997034,-19495461.82321504,-0.16400774971692336,-0.35409530617016555,0.16931269662997664,0.21988496968710503,True,True
1089,1053045.452738804,0.9665969732285848,351,0.9942432463102346,1.027479929119363,1.0612448331468598,0.9049978046654709,-21456567.00242253,-18178402.63016049,-0.16417149424886276,-0.3447137688849792,0.17972682844881435,0.22979925666604295,True,True
1090,1111268.451607558,0.9656043175099462,351,1.156305566437211,1.0505706076908967,0.944138804080928,1.1864170038495998,-25087953.37048646,-22344172.621237423,-0.1641625673810397,-0.3522552033456894,0.16543625217513608,0.20424021677426946,True,True
1091,983093.6535649872,0.9328574320585575,348,1.1329510419484439,1.075789554557393,0.8912065277019281,1.0305207533802176,-25488653.644146055,-22069216.86305095,-0.18886469154518626,-0.39073805988411175,0.1280703309937053,0.16230753893226935,True,True
1092,953112.9329108873,0.9205027459908504,336,1.087585285970819,0.9508755632873388,1.1830114600977149,1.1172841088633485,-24281775.13501993,-21321575.989309285,-0.18775427162089312,-0.3968030155703324,0.1278485945995522,0.17166063414714428,True,True
1093,1000970.3787723167,0.9303010783427753,343,1.0558981350672552,1.0558927849394841,1.0180919134002977,1.172815270149243,-23449584.941681955,-20797816.5131911,-0.18210976672396062,-0.38691733669504813,0.13450915574979228,0.1755721141307687,True,True
1094,925707.6577620588,0.9120077801474354,329,1.0825360067409662,0.9802483144230194,0.9451396837282278,0.9835141270747995,-24301218.35428663,-20873577.660220627,-0.1876740504398393,-0.3873407200040056,0.13183397805144983,0.16773424574619705,True,True
1095,1078386.8417188283,0.9752939671506597,352,1.0765824937344197,0.9314197705114875,1.1820771014087192,1.0049989895174067,-23047985.607136637,-19876521.04244734,-0.1597183519880599,-0.340739078792317,0.18376324674669253,0.23487009272545056,True,True
1096,1149760.5282532433,0.9311089237841946,334,1.0333749695238252,0.9655511300836094,1.0898894078847952,0.980359251162824,-21524064.639786996,-18496847.42777561,-0.14464139019077138,-0.31125114265389303,0.21970317994418778,0.2727946913661352,True,True
1097,1196688.0849492108,0.95577435659469,350,0.9674723893395741,1.0610967462650556,1.0058099089251582,0.9583749806179436,-19849240.166629784,-16994612.504172917,-0.13759684012714266,-0.2974209105122669,0.23922618506105386,0.2944040117769176,True,True
1098,923353.6516325054,0.9136526210130486,334,1.0095035426090888,1.0196863169754762,0.926063788455722,1.0995138541055303,-22636219.55542638,-19826212.19545709,-0.18770277540419145,-0.39264076613094634,0.12784560564173986,0.16472903962263644,True,True
1099,1096738.0427038646,0.9381409021043569,345,1.1518206220174745,1.0525235615579325,1.065376513383077,1.0201032525719467,-25188211.233371977,-21775703.801716555,-0.17122897450195565,-0.36097117900775394,0.159780125154705,0.20397325577868747,True,True
1100,967818.4887122307,0.9534183215859439,356,0.9197231203055772,1.096936985714172,1.066118679351266,1.0292673783603905,-20480602.305277735,-17711338.094560403,-0.18796329951403115,-0.39651956410095585,0.1315852873889006,0.18037088992985909,True,True
1101,1011257.5618075173,0.9666291156151607,352,0.9861357664696735,1.000155891223024,1.0963696724575192,1.0260954390356396,-21468797.98507444,-18574324.4881344,-0.17006501225629064,-0.3609773751334687,0.16212225433316219,0.21088931328433677,True,True
1102,866528.1497390489,0.9491772428611491,343,1.090613977701157,0.992952963803004,0.9491715650578747,1.0661897109137377,-24982858.648628313,-21744266.28452011,-0.20580252344334754,-0.4237676795804488,0.10277837183146377,0.13574389383868118,True,True
1103,934974.8612255038,0.9832923460782864,355,1.0303180758538537,1.0206360594220385,0.9530868337142777,0.8980232779732968,-23095628.54104853,-19548162.197206546,-0.1877900306456943,-0.38560489101576684,0.13531574772925703,0.17433380651455838,True,True
1104,1065087.360201215,0.9885188434470434,361,0.9798092568510566,1.0087149661051458,1.1022100148579956,0.9614052435875129,-20967614.17334033,-17941269.28332671,-0.15989912853919844,-0.3398425407940311,0.18588379011308417,0.23846225749068348,True,True
1105,1141174.5181582896,0.9707157071400042,357,0.9726870927653399,0.9691590872752442,1.007244246875974,1.045285392912267,-20011777.17860868,-17414127.88313492,-0.13818026927502033,-0.301374763734665,0.23188143247627394,0.2834289063569936,True,True
1106,1103875.1540559463,0.930515004859444,345,1.1230214552427173,1.0112288260368978,0.9919800134529928,0.9145560024683286,-24192177.46021089,-20545192.531042397,-0.16063231996454383,-0.3358230502788909,0.1862997559729053,0.22997163288051103,True,True
1107,1080949.4857878122,0.900964464930477,337,1.1587373618921257,1.067995085244008,1.0378175011529065,1.0385171151398347,-25512910.51995324,-22124289.503521714,-0.17538164662735817,-0.36888443212766847,0.1512075124648989,0.19335872254748462,True,True
1108,1010061.3913695341,0.9493664423620405,350,0.9452485263080866,0.989406553918567,1.0840156386779716,0.9549588170938733,-20402989.16164466,-17436278.917229626,-0.16483767018536624,-0.34860104456520963,0.17589576397577047,0.22688657710429735,True,True
1109,1062476.737842057,0.9670050827085744,350,0.9922229187565725,1.0921393820932985,1.0361187203919973,0.9480924582249713,-21576760.05704773,-18416445.658106763,-0.16915412666277208,-0.3560366961870173,0.167587971955399,0.21673611619422453,True,True
1110,1100223.935332941,0.9402832631133213,347,0.9322375452669127,1.0695066124399277,0.9804460165378761,0.9406985016718509,-19671519.92248225,-16779588.692608263,-0.1511897588673243,-0.3217288707797556,0.20655864114235317,0.2581877962603194,True,True
1111,1161632.6468271604,0.971389512506615,356,0.8797192139670008,0.9907697991885773,0.9673273028077028,1.0676634407422643,-17592361.764948834,-15388086.737882169,-0.1263989752610687,-0.2812255544852759,0.2620760589501013,0.31778993441313874,True,True
1112,947078.9350979587,0.9493746825412251,344,1.0341979396463639,1.0609749583918404,1.0524425236272772,0.999078602256842,-23337005.697164077,-20081223.93748858,-0.1961776197725891,-0.4078000388926234,0.11938515863487446,0.16159602670912676,True,True
1113,923916.3101335627,0.9472926023275328,338,0.9582676896504928,1.0317321258065943,1.0720377960280765,0.9945975990600587,-21500684.93016714,-18485656.105395712,-0.1925520322341828,-0.40214818378796185,0.12529140247736492,0.17050646772287878,True,True
1114,989823.9982183618,0.9289677589269784,335,0.9506063838523102,0.9897282699511564,1.1488745209591413,1.075241102432026,-20729381.14291504,-18081992.305033185,-0.17248220070844725,-0.36886828277222744,0.15568724121844602,0.20681984578193782,True,True
1115,1137585.1275443216,0.945634204472174,352,0.9910040002728159,1.0555984046928804,1.1378341153470048,0.9687851546810591,-20950495.544138674,-17949184.30705091,-0.15411045936459733,-0.3305195438096738,0.19827963246164534,0.2553051100660523,True,True
1116,933751.0458604947,0.9637832863226237,350,0.9997427106615719,1.018146248887762,0.8832837930895063,0.9637219065884908,-22280547.334490128,-19076695.027467206,-0.18214797986010398,-0.3765522849183392,0.14197080346159913,0.17899140093775343,True,True
1117,1180467.9142880468,0.9998067108719526,365,1.0615473371797588,1.1114359965008453,0.8964673976029929,1.1973289190328122,-22420192.031664148,-20037474.238612503,-0.14952299148644732,-0.32668716892897126,0.19566327663648936,0.23842038389860606,True,True
1118,1041334.318737606,0.9694518164549468,356,1.0587189842929092,0.9426807189153915,1.0002696187951892,1.0088304276832465,-22766251.00403454,-19659420.91113349,-0.15964244231238328,-0.3378749410122823,0.18345204038425755,0.22669577887343081,True,True
1119,970166.6390516625,0.9073968016953932,337,1.180749365864746,1.096283424213517,0.8739978656208038,1.0750169652989985,-26846215.077589467,-23412367.810188785,-0.19723041102841432,-0.4070122182467524,0.11377136691337736,0.1453555450348282,True,True
1120,996462.1101801333,0.9689802199720062,359,0.9199867224500132,1.0022160153768134,1.1258155722471874,0.9573854535807995,-19949917.98026897,-17049438.894849952,-0.16899500707674733,-0.3578917140537512,0.1677301071954945,0.221151064326448,True,True
1121,1143781.6629054963,0.9471565897814913,348,1.112374922465991,1.0627143565800257,0.9981009527417386,1.1158698248969083,-23850403.276265252,-20987169.29276189,-0.15853826802272142,-0.3407738638371999,0.18042143885680587,0.22464220175313598,True,True
1122,1004845.931788533,0.9407351953672478,340,1.0029123068813766,1.0644961840683236,1.0281865224686668,0.9902582529985536,-22139125.268481527,-19032189.436268147,-0.17869891317012054,-0.37480213836435783,0.14777650449193053,0.19308426906488882,True,True
1123,950023.5546768652,0.9514132696627406,338,1.0051641184524818,1.0005557089527497,1.0112814163114865,1.0942161508137542,-22320062.062312286,-19533666.8310074,-0.18181617810987674,-0.3832601856496847,0.1379256751956714,0.17922023387713631,True,True
1124,937963.9288637934,0.9768768175999033,360,0.8898882069580757,1.0972903460960486,0.9160622858949548,0.9866054430984756,-19842585.32642592,-17044869.141859334,-0.1858005773833027,-0.38756095551632136,0.13589322842228815,0.1788868369381905,True,True
1125,1136660.354144989,0.9653514354167584,356,1.0850197982519558,0.9964244436652645,0.9500282141209991,0.877423447260822,-22912058.02767182,-19336113.110447817,-0.1493037308652894,-0.31298495014276706,0.21462938610305973,0.25972080045751794,True,True
1126,886214.3430983492,0.968904646128679,354,1.0176861014318848,1.0247750525113823,1.0047356224349897,1.062638604949424,-23181877.741107527,-20160366.865793686,-0.20335799999393628,-0.4220153559122242,0.10697917204008124,0.14503016886782064,True,True
1127,1082885.8258856912,0.9466313969346591,339,1.0775369973128035,0.9616971902710159,0.828842952368329,1.0941473318260486,-22873560.37409512,-20078555.67596488,-0.15006394203893147,-0.32114798063023603,0.19988921838992485,0.23656400723057186,True,True
1128,1123599.3418001954,0.9272961828833391,341,0.9397650260362799,0.9709898727479321,1.0069763310514304,1.1421898565738047,-19321606.433723412,-17114191.605267096,-0.1381303476313417,-0.30565889827495185,0.22579502502349105,0.27737046865790294,True,True
1129,1073142.7033551838,0.9238010887891399,341,1.071778673468474,1.075161204931416,0.898392432260422,1.0311160854496535,-23310212.79821066,-20204764.27328695,-0.1657161712550085,-0.3491585510815982,0.16971115414519106,0.20950186519352304,True,True
1130,980905.1863640981,0.9975758137974258,365,0.9715381441165439,1.0123020301649963,1.0394122866947788,1.0954695842646855,-21325939.73923358,-18672122.060319357,-0.1747497350501069,-0.3715031769766144,0.150324874566599,0.19552189961143465,True,True
1131,975190.8601783714,0.9265159835683507,344,0.98196328025388,1.0823568688263647,1.0460451112920042,0.887511842122034,-21911437.048723876,-18500693.30331249,-0.18778782554016035,-0.38888759542092616,0.13677350634732918,0.18328054308786323,True,True
1132,983617.4061406252,0.9546609907037573,346,1.0899141117869728,0.9681635227146983,0.9407292248568986,0.9400173438959417,-24016958.10058053,-20485618.44353367,-0.17380267811941721,-0.35995322089792214,0.1579898668149567,0.1960322330215954,True,True
1133,1153708.9454076597,0.954642803306684,342,1.0012205712088575,1.0355800288129031,0.7764814408804636,1.1143902974694102,-20696862.781806286,-18257676.35896445,-0.1373301386658228,-0.2991974713321715,0.22982690201693243,0.2692865019285848,True,True
1134,960826.0607160395,0.9715358781103874,354,1.0624037507431536,1.0332752679888595,0.8422007322779131,1.0730070317495661,-23680759.57526562,-20661973.785483677,-0.18093877453896978,-0.37712921993114773,0.13932979804915696,0.17295293061711578,True,True
1135,1263522.0379835954,0.9387951408176445,339,0.9460099748342043,0.9440124829449168,0.9558819132406445,0.9626758654671645,-18319884.043850828,-15727210.743545579,-0.11365147297684057,-0.25239178775032883,0.30930227648666303,0.3661742036543698,True,True
1136,1070477.6372311045,0.9215497893219013,335,1.049238878016905,0.9646286693926867,0.9512946671796725,1.0803486300595544,-22368422.10786026,-19570871.09490658,-0.1543328447066276,-0.3305422549623272,0.19118382274631135,0.23348687754453984,True,True
1137,1238085.6116119344,0.9605996948642519,352,1.0013075031540601,1.107975621981403,0.9577745339275054,1.090524224858192,-20540789.88846164,-18025979.19015833,-0.1368993339218645,-0.30100784964523924,0.23228677216386606,0.2837716532226031,True,True
1138,1168364.2641048115,0.9387975284846524,347,1.0831230731544514,1.0049185811749584,0.9343202344323116,0.9129888936099417,-22656274.085624892,-19246888.964020204,-0.14443189945350923,-0.30541113721603813,0.2245435724485308,0.26996934468713923,True,True
1139,1085997.193923272,0.9635178214763259,351,1.0641188686335177,1.0424410161676056,1.0830619487572613,1.0257362618857575,-23046178.054149177,-19943966.362907603,-0.1661497286601255,-0.3530142486795244,0.16960024118096664,0.21761403801782722,True,True
1140,1034652.0496573343,0.9881700347188889,360,0.965099414130135,0.9330824450087711,1.0217283609082095,0.9816970791990199,-20452031.98580128,-17577393.69818613,-0.152613557814112,-0.3250658490752587,0.20067812373381375,0.24896386987891644,True,True
1141,963781.152443524,0.9484676915178996,349,1.0267653527130853,0.9656596582441659,1.0249681701872309,1.0352826829074038,-22632433.100928668,-19614872.44447165,-0.17613403942848627,-0.3701334916479023,0.15000100520565587,0.19197018088283824,True,True
1142,1171567.4856892242,0.9582587098101735,353,0.9332817599903649,1.0285147849977139,0.9858893754805498,1.1183128256682706,-19026881.589685865,-16785526.06643332,-0.13454145731851982,-0.2983459531439859,0.23649229691465506,0.28986192697378427,True,True
1143,998609.1855982838,0.9178317740289644,342,1.0778323279686421,0.9926366255448923,1.1623902526291556,0.9557265873372883,-23869582.529185247,-20392941.39868091,-0.1818821021757083,-0.38019816559504543,0.14373049093705195,0.19074649344957922,True,True
1144,873287.776551899,0.9541271454714089,352,1.0164332637985463,0.9435080809606924,0.9068862768882509,1.0332459243568588,-22854497.60451419,-19797647.357998256,-0.18847806980869947,-0.39018537145660864,0.12858831046933478,0.16301036243048644,True,True
1145,928766.3816317318,0.9745032464541309,352,0.9944558747761352,1.0893759233867137,0.9398955473328863,1.0811168909320774,-22508514.427362096,-19640940.803236894,-0.19713431277495713,-0.4108938970575692,0.11489526836518998,0.15319581157647266,True,True
1146,1084419.5236247028,0.945703154113467,352,0.9479039744653653,1.0213616185978391,0.9248267824676026,0.9997490736919787,-19939051.756560605,-17199469.467555907,-0.14812051628296738,-0.3168752673802091,0.21018284898112588,0.25713358010934595,True,True
1147,931377.6737146873,0.921093101375003,335,0.9476246960993085,1.0201829270926586,1.1210495158666745,1.135451102221615,-21169362.1248107,-18639557.479997605,-0.19011471486303796,-0.4039502647606732,0.12428076454339332,0.17098525436421444,True,True
1148,1047072.6945205806,0.9450122460068919,342,0.9282347635382594,0.9694686558997746,0.9377895311113146,1.0079393638878786,-19520424.82129086,-16863558.974194318,-0.14795615935080542,-0.3168629197024567,0.21006298773652254,0.2568703460837156,True,True
1149,1130396.9888355755,0.9945264286146133,363,1.1443679593049318,1.0158838082195363,0.8910306687312614,1.1063920592513683,-24467725.979638558,-21511334.019398037,-0.15475914209300448,-0.33106105897312416,0.18872312283354473,0.22713862456103856,True,True
1150,932275.8592303043,0.9097279181977869,327,1.0278156505195724,0.9506702450439147,0.9761611458703119,1.2118844661372317,-22789838.776040096,-20356336.933176555,-0.1791918062630026,-0.3811764687364625,0.13738291584483073,0.17494622482969696,True,True
1151,1011227.0824924172,0.9386091334071619,349,0.9011141555328652,1.068834282155178,0.9943220416817894,0.9832908393141087,-19540184.98657269,-16782127.999481343,-0.1674293999587385,-0.3543431432275518,0.16937032413722583,0.218683555272131,True,True
1152,1168898.5086179604,0.9791631868979292,356,1.072492558773999,1.0152506771986733,1.0524712374124152,1.0162870310063754,-22531769.127850186,-19488216.443081856,-0.1484363254428198,-0.3191851138326983,0.20838408749753853,0.2584591577376949,True,True
1153,1069515.2892874174,0.943059596765752,346,1.042925639674743,1.0970791458350648,1.0027263771516548,1.1254995404326067,-22787015.418155797,-20062122.829170965,-0.17104092072595187,-0.3651752737523989,0.1556421310167707,0.19984881669404722,True,True
1154,1067575.1549114739,0.953858776647457,351,1.0581715733313986,0.9708327551336593,1.1348791093469373,1.124343566870099,-22783798.91851695,-20064059.525452193,-0.16283741245028957,-0.35102792860132426,0.17142252786048878,0.2199861370057172,True,True
1155,984959.6427899551,0.9242669824074708,341,0.9984477095961327,1.0055935085782939,0.9904229475330398,0.9933749163451281,-21906814.179695703,-18851239.26099472,-0.1730922837552449,-0.3630505443306649,0.15748539328252154,0.20060019457002976,True,True
1156,1119627.443309135,0.9763897638495126,357,1.0468398722703782,1.0222094378141113,0.9158947773314233,1.1360380133116652,-22154002.293801915,-19583607.766478613,-0.15034852404838814,-0.3254691590901154,0.19709187959326788,0.239501526666188,True,True
1157,1013852.9669565532,0.9226099495032528,340,0.9010452226422725,1.0303594741070181,0.90348692127033,0.9440756380394344,-19296515.985527843,-16472421.843501959,-0.15786882008349587,-0.33268088082572544,0.1910183542081456,0.2367130806885687,True,True
1158,881575.0972522767,0.9516593435701116,351,1.1400185287695324,1.0276147207007174,0.8988877474445123,1.1314255825760686,-26214086.55680812,-23063682.362601858,-0.20825292702634407,-0.42923020990686184,0.09745836417935003,0.1276312710549982,True,True
1159,930784.0066577948,0.9567924424773246,352,1.1631995471900618,1.0292211980146517,0.8367435803969753,1.1685412806456679,-26399403.81304045,-23391453.204553016,-0.1942494360681837,-0.40360398495066374,0.11466988132152796,0.14371989950303599,True,True
1160,1027033.8123263866,0.9348673395965953,341,0.9196532439625699,1.0620491427759255,1.10462200402871,1.1684245316966166,-19947865.73287082,-17686936.910044536,-0.16951176292426204,-0.3675678816322988,0.15722318303203847,0.20928295719762557,True,True
1161,1037094.3994800235,0.9479367329144935,344,0.9954102970037877,1.097033286025849,1.0569848408718403,1.0284317323196739,-21873258.4672736,-18925708.24130333,-0.17657726326706363,-0.37351735356949595,0.15018888966609262,0.19813072468307266,True,True
1162,987455.8661058132,0.915925369536504,335,1.042613838067634,1.0326729791045508,1.0290942537872247,0.9642171842182102,-23129684.009564172,-19796331.90131302,-0.18141768975032438,-0.37790926280844783,0.14385139149007373,0.186925923001836,True,True
1163,1201025.521268967,0.9767908943741416,356,0.9787635292795787,1.0110849325691427,1.2225806403115245,1.005055778543297,-20093623.021804597,-17333981.522018045,-0.14059587709386837,-0.3082320060550303,0.22807712807957753,0.29255717576119306,True,True
1164,1092715.7767082895,0.9252079505289112,338,0.9847174983841385,1.0327812885459982,1.1324914220105753,1.058353185345132,-21014900.0253046,-18291754.00426443,-0.15905988476796687,-0.3430655054121259,0.1826826415796926,0.23665995937890708,True,True
1165,1010251.9245239042,0.940415880145912,344,1.0044236225625047,0.9623479675253976,1.1092474485981534,1.0135380448282807,-21792043.496955607,-18816314.60994712,-0.1674767773669173,-0.3552148713430864,0.1675831147212262,0.21602640325385222,True,True
1166,993604.0843287499,0.9445167092200467,337,0.944356808165395,0.9592985973681504,0.8367246140764463,0.9588781276459087,-20191749.376308504,-17293562.959246565,-0.15487496470950063,-0.32546220891880867,0.19658638196403158,0.23632065675710254,True,True
1167,969179.889193749,0.9272885602571274,331,1.040428635942156,1.0968123857597196,1.024576906576511,1.0723441663687998,-23457988.75710807,-20437309.635173097,-0.1952086288258753,-0.4084390237255982,0.11828898645875319,0.15963566136871218,True,True
1168,1230005.5427264473,0.9443946293404548,347,1.084784454270664,1.0037921793095534,1.0841682794781042,1.2094640865035506,-22387054.589614093,-20067556.987898313,-0.14014049339967133,-0.312406655106728,0.2166407423195466,0.26823692226370865,True,True
1169,1158305.3706537173,0.9218188545451198,337,0.9139115397119826,0.9749868877835517,0.9338741096001315,0.8918160973808508,-18378831.35848802,-15553531.798651446,-0.127869502621411,-0.2752413291877919,0.271379541619276,0.32494683116186873,True,True
1170,893971.5090171306,0.92850638220261,344,1.0766409733876137,1.0186066511512633,1.0546294743833815,1.0712842907725546,-24609004.55375289,-21428962.57016323,-0.20693301215162105,-0.4291067048981223,0.1021030872248979,0.13992895067333402,True,True
1171,870577.2634281969,0.9317444411783901,343,0.9346215734131916,1.01116459936154,1.1252353291363788,1.0046771899204565,-21241099.083670974,-18283688.83126026,-0.20582992446675166,-0.4291955436185652,0.10681697790054526,0.15232759222691478,True,True
1172,1164954.6547201234,0.9461552752810913,341,0.9707570265301756,0.9395379852859342,0.8703448212284177,1.0663134542292196,-19554257.55359253,-17111583.159765527,-0.12718988913297813,-0.27997330559888395,0.2603750666729221,0.3064045109958835,True,True
1173,1105873.378313269,0.9321653822613447,339,0.9864551528853536,1.032643750081702,0.9015085086794699,0.9597507198307395,-20773266.774891123,-17793251.91582788,-0.14810453551493769,-0.31450953749249816,0.2125871857846587,0.2578877437289051,True,True
1174,889439.5162672733,0.9287464876714082,331,1.0766287503868253,0.9964573009079655,0.9641224119281937,1.1720250272567994,-24492247.203452967,-21699837.42287921,-0.19976512214340547,-0.4169498565597532,0.10780257348926472,0.14188541859468273,True,True
1175,1072650.3019150184,0.9217809589707965,334,1.0824934374066555,1.0088538181554538,1.0023653703422504,1.1104418069781863,-23401762.834756374,-20565761.26274256,-0.1631771116559749,-0.3488270999926116,0.17114137446870828,0.21396336042081296,True,True
1176,1060348.4581812304,0.9297531016987082,332,1.085773503577622,0.9904932980838037,1.0448353530084882,1.0028796864793157,-23532415.837173928,-20290142.87362525,-0.16522147167278514,-0.3488666362275257,0.17229116952572818,0.21698334868951333,True,True
1177,1166418.3948699892,0.9863545230329829,362,1.0130523931579973,1.0857487739510598,1.0199567736349253,0.9767446993605468,-21316108.431595262,-18301759.862072334,-0.14975479364363548,-0.3206092075786686,0.2077361080155542,0.25956284821977815,True,True
1178,1194244.7488133498,0.923745449740315,335,1.1469533387315871,1.0375531562096718,0.7769241328362639,0.9330687480991853,-24051146.781890687,-20523423.966230705,-0.14330800704750885,-0.3016201350603423,0.22608600487217345,0.2630075011522555,True,True
1179,1060307.3482010188,0.9549968760262322,344,0.9690922741659046,1.028910556744876,0.925410403781664,1.0597039202452756,-20673426.76811335,-18017386.546707083,-0.15542440557793102,-0.33255933393386555,0.190054209233027,0.23447693447050938,True,True
1180,1034939.8503005375,0.9466685246764199,350,1.0108850831920577,1.037055275322336,0.855992478505659,1.0543472622210257,-21879002.412269223,-19047496.0247304,-0.1622177270534919,-0.3431165262422097,0.17563030130157886,0.21439662769382534,True,True
1181,1125040.230043043,0.9418720537805847,343,0.9875327357094825,1.0707691997385613,1.1648619509712248,0.9840133760864433,-21035138.026530497,-18064609.098408084,-0.15893359880542332,-0.3409130136233641,0.18697071744079238,0.24458069511722322,True,True
1182,1018698.0040008918,0.9254980488899218,339,1.1028945260210115,1.0227117709943103,0.9618158252402705,1.0794667385882057,-24322305.269842982,-21246109.3860014,-0.1751410824482603,-0.3686194571972041,0.14962643913887314,0.18831251712592506,True,True
1183,1096245.9099687778,0.9799477686837306,357,1.0110496547145738,0.9608732464660344,1.044941134732285,1.2282139082767247,-21290373.126637023,-19126689.91642672,-0.14953449058224189,-0.3296956720585922,0.1939832979343414,0.2415658526609715,True,True
1184,1095807.1622600262,0.963483835040421,349,1.0098331215126413,1.0329405171125645,1.147801924831563,0.9807841527879165,-21633944.33410262,-18570988.72733776,-0.16126157949327932,-0.34398128259871463,0.18206238850238843,0.23626176302860485,True,True
1185,1286853.0965781342,0.9415165505766059,345,1.0873100756176608,0.9143287215788326,1.1468795864140537,1.1931739699677206,-21749551.75317764,-19473498.699028075,-0.1270282772447511,-0.2883313284853664,0.25099997283224,0.30777242118139,True,True
1186,1060536.367050373,0.9352404502808739,339,0.8883581660163369,1.0453549784910605,1.0454618166762855,0.9846701693923938,-18814891.273954876,-16168006.421438988,-0.15454066116076118,-0.3313790113537019,0.1964853017698417,0.25133699640081775,True,True
1187,998290.5441684674,0.9606068942759618,343,0.9210661211516238,0.9990710507035435,1.172455569343334,1.1573276617576416,-19985695.425016053,-17683641.959365964,-0.17025700217532447,-0.36906363943696713,0.15636683848515007,0.20972897947239993,True,True
1188,1058458.4907352468,0.9209468914810758,331,1.1586964110418747,0.9937620146252437,0.9373478579694702,1.0642570518957593,-25296355.259861052,-22053663.575802967,-0.1673943435530767,-0.35273922074304187,0.16459538798630383,0.20208398657058604,True,True
1189,1084516.4378837873,0.9731023994973006,354,1.1633377480073341,0.9322332388442671,1.051731270064715,0.9631762505020514,-25072533.524428286,-21476218.180017307,-0.16089020269458906,-0.3382182505124107,0.18308348453841813,0.22632187447226487,True,True
1190,1048943.1384415748,0.9547200642030137,358,1.1184602311311134,0.9622321275559702,0.816031043047775,1.004970044954905,-24135987.025628988,-20844461.69087243,-0.158582587145095,-0.3324729106550782,0.18550115099921616,0.21981487475053835,True,True
1191,1072375.2500402257,0.9808880602944028,357,1.1193404775025555,1.0614851517201154,0.9006113767595016,1.0607841580336677,-24452111.149782162,-21303194.88927269,-0.1680115386613245,-0.3539991166685081,0.16365036991894155,0.20159546625815586,True,True
1192,1053962.379808242,0.9339453716346806,332,1.052777652815662,0.9893057485520932,0.8107848729960755,1.0882605570316124,-22560919.19764729,-19774543.526296206,-0.15517215239055573,-0.33017926158080785,0.1887052114068047,0.2245504970798408,True,True
1193,1081651.4563657627,0.9384366620113108,336,1.1312666963997757,1.0057042657348816,0.9915338462804931,1.0963082485099143,-24535261.272054598,-21508982.450230554,-0.16452245296187867,-0.3500562786272708,0.16900087725718538,0.21002814234628825,True,True
1194,1072781.3690163745,0.9427659617779129,345,0.9168004235445596,1.016345177977346,0.9357253394762216,1.0649137248135059,-19234377.96122478,-16787021.289770212,-0.1472000634713858,-0.3183537243199548,0.20854079375816525,0.2564808521831672,True,True
1195,1094027.2539193742,0.9745702678235463,351,1.0767760572150065,1.0992498806642,1.0042136081579078,0.995197311084821,-23467604.291844025,-20202206.106344424,-0.16911128560164035,-0.3562137518602042,0.16509828658315526,0.21004198180002756,True,True
1196,961238.1323631785,0.9770478161751774,349,0.9599077676431488,1.0769569551832814,0.9580789096040365,1.0329984044685547,-21374447.832884472,-18508504.1639739,-0.1843553974726741,-0.38617812491276615,0.13629580310499437,0.17845763880082813,True,True
1197,1080808.2461150186,0.9392898550860029,338,0.9553349619559179,0.934652708376102,1.2300973981046381,1.0042363338749507,-20050539.879188906,-17287324.65745443,-0.15093940764435937,-0.3268283606826496,0.20336086976380374,0.2631378229244156,True,True
1198,1069275.415230154,0.9121010781491521,333,0.9813163948709904,1.0756656038999923,1.0697944581943475,0.9740075251808477,-21216768.914180815,-18190895.526422888,-0.16612498468179368,-0.35208574381718055,0.17243153027752045,0.22363568770275574,True,True
1199,1173046.6443916056,0.9795224870659278,356,0.9429010001118066,0.9896738738869999,0.9137013695579058,1.188313742224088,-19037790.87113865,-17033374.111762237,-0.1291382071175695,-0.2898794287985714,0.2462207309673046,0.29496936265834645,True,True
1200,1011305.8732291523,0.9459321489525796,344,0.9943285666372372,0.9680225148025261,0.9873647089378295,1.02749124721336,-21462804.627504505,-18589921.134292617,-0.16240917440169314,-0.344322108553426,0.176818700764958,0.220861756422289,True,True
1201,1024435.042680711,0.9466072426905056,344,1.0948442408126449,0.9913341471840953,1.1354584517009212,1.0093601159814434,-24087494.091433488,-20776302.344412792,-0.17646101915960888,-0.37143179164777207,0.15082602430553482,0.1968681721888477,True,True
1202,1048181.7383081137,0.9581947861201355,343,0.968803646067731,1.0247249505891387,1.0716688679877675,0.9792427393897951,-20852349.461362496,-17898390.071436156,-0.16302785214317891,-0.346106195230385,0.1783771052964323,0.2292480178308253,True,True
1203,1065381.8406760336,0.9366692166442815,345,1.0218980330116738,1.0537415265259928,0.9078617809148133,0.9196798760750691,-22041693.895932328,-18737003.556084808,-0.16113270043258335,-0.3367366390175786,0.18499687938321693,0.22772003378288497,True,True
1204,1064484.1740877763,0.9597683607529967,350,0.9164351842742766,1.0310213110752262,0.9564527876188016,0.9734602354156897,-19360310.953561082,-16614660.601874966,-0.1512112834071194,-0.3224676471075582,0.20452898856821008,0.2539134438154451,True,True
1205,1081876.139638929,0.9916217485506638,363,1.0934133807723432,1.0514111544903115,1.0061407589156783,1.0122146232602165,-23781406.832422957,-20537271.9412413,-0.16723293263717232,-0.3527793675594065,0.1678289900893443,0.21153142111859,True,True
1206,1174024.5041180651,0.9564617390761617,357,1.0659848649313943,0.9928861385046841,0.9432611711979817,0.9559321820503295,-22146984.198680647,-18963397.483584657,-0.14134933583753595,-0.3017846840250688,0.22963249458846138,0.2760298443993207,True,True
1207,1238453.5777985614,0.9432350637307728,348,1.002285890557866,0.9907263742263686,0.9865828538897043,1.1106408288344447,-20122124.597450137,-17745024.441955067,-0.1274314075274306,-0.28425024097492263,0.2561170077955663,0.30875797206741856,True,True
1208,1144922.8300328488,0.9507189168146689,349,0.9891977705182854,1.0448880674201297,0.9587312456537126,1.0615454689472517,-20657742.791240755,-18021629.23983765,-0.14490072798637885,-0.313980998148869,0.2141894260526178,0.2626894433661686,True,True
1209,1026420.5307906137,0.9868267852337917,358,0.9374250658600439,0.9668426139785982,0.9908808358072532,1.1229931320700346,-19929809.412715178,-17563686.894608736,-0.15439748760222793,-0.33416019833683,0.18898825082437207,0.2357098793105237,True,True
1210,1264149.5087266092,0.9382519178949874,347,1.0254260615340467,1.0352838621642249,1.1892184419124359,0.9284177629810684,-20884065.799074896,-17768286.506410237,-0.13632469597639973,-0.29615953904608,0.24432958719769135,0.3084875644237096,True,True
1211,1021204.8779790583,0.9528404983688957,350,1.0031484746786399,0.9998700550949606,1.0880199892511195,1.1043635311026614,-21816106.416588414,-19136308.145336356,-0.16902985667984252,-0.3617200068111673,0.16044790091055275,0.20783163530038953,True,True
1212,1070203.273564557,0.9293292621197259,343,1.0779413143961227,1.0518175118949258,1.0673327544218847,1.0943230227568574,-23528763.523966946,-20602527.4963831,-0.17076505753695564,-0.3638339840993273,0.15752361615976318,0.20303935939681383,True,True
1213,1047130.1026551577,0.9110790605676204,327,0.9618595309120411,1.0979040335458303,1.0226707634276138,1.0381241915466828,-20939638.53563834,-18154785.35241128,-0.17004517129356952,-0.3614754878245142,0.16171966965193255,0.21027184662541007,True,True
1214,1182920.2894130298,0.9622796101397437,353,1.0515018674768912,1.037711850668414,0.9567798417400057,0.8845256106927613,-21911604.689410128,-18513584.329054248,-0.14333823824748249,-0.3030399950922361,0.22923964222096363,0.2779052430613736,True,True
1215,1002805.4388867286,0.925143220018599,336,0.9594122741362456,1.1147771817623704,1.0850385995459848,1.05827153399877,-21309150.840540133,-18520759.487629417,-0.1859265312985401,-0.39375026189823975,0.13367894745799358,0.18263234566774625,True,True
1216,1216547.581824706,0.9758046300424404,355,1.0388472465087257,0.9626760848474774,0.8882627508234288,0.9958193575121841,-20990751.503335323,-18125325.970056772,-0.12845466748068832,-0.27923031456685876,0.26196133106441993,0.30833188810777884,True,True
1217,1019078.8668485573,0.9073858627228486,330,1.1339739231707082,1.091390739931299,0.937661266273378,1.1192881470988412,-25351695.207448117,-22283304.991366725,-0.18501706198370746,-0.38808236029395415,0.13126761120701866,0.1677811266986136,True,True
1218,938505.2477491953,0.9260565680621757,336,1.0385852285779948,1.042456764254941,0.9572481971697531,0.9007440942112459,-23366833.448708568,-19785177.697142795,-0.191060867862267,-0.3920596859122745,0.12998040397079896,0.16896637698295866,True,True
1219,1128350.218420273,0.9735846148750996,356,1.0660151943288785,0.9535600823802619,0.8527140027700105,1.1154933743636397,-22242178.871694475,-19613320.268897597,-0.1418838248520575,-0.3077010758748951,0.2181999076104638,0.25768362510761605,True,True
1220,1036131.1910845663,0.9302624801043455,348,1.1297887863465088,1.0792813356631625,0.8911291387470444,0.9963198368031824,-25039135.51729855,-21563748.714865427,-0.17757021083817567,-0.36884641083456476,0.14853999544383995,0.1849575618823484,True,True
1221,1012105.3915197775,0.9889693020174724,361,1.099253940213282,0.9247491039890876,1.1435554263413639,0.9318164672586976,-24025420.82378569,-20451496.735026766,-0.17136430150581866,-0.358226987201917,0.16361488163083576,0.20988101342463758,True,True
1222,1101313.8181630764,0.9615270223559511,351,0.9995141037957195,1.055131315094451,0.8273850570702851,0.9091174405027741,-21159805.188963126,-17964796.836435776,-0.14971334365156452,-0.3141183737767014,0.21170521928495337,0.2532864208140127,True,True
1223,1061281.0510873217,0.9666908056427149,355,0.9983010733094447,1.1141888976842778,0.8358482241287589,0.945439046609801,-21663872.684561014,-18500608.0206559,-0.164184433676661,-0.34279873807331296,0.17711617500366772,0.21732826015526058,True,True
1224,1071955.241421062,0.9396497705806695,342,1.1110795871295776,0.9952071403377599,0.9200703255829208,0.8923027458498517,-24000302.091458105,-20308600.31048698,-0.16103385447981713,-0.3343811792227035,0.18643904849297652,0.22666711295665676,True,True
1225,1043763.7092653816,0.943590260398892,349,0.990754951279393,1.0059252135160983,0.9777370583391854,1.0868965211084793,-21284158.618653804,-18631053.301170655,-0.15985227141900168,-0.3422674045826324,0.17920518658181692,0.22392369145263613,True,True
1226,1016661.6328058463,0.9450302742517602,344,0.9112529565692876,0.942273825938921,0.7797072656667754,1.0107254872505373,-19083438.163454928,-16510942.989061393,-0.14344387531145633,-0.3059880899851821,0.22086052276053061,0.2599683695735714,True,True
1227,1158551.417478411,0.9461075593110247,337,1.0313712860531672,0.9664430306133878,1.1215390217815133,1.073798163031195,-21442290.176163606,-18740721.497306388,-0.1442206916181725,-0.314966735282228,0.21496248531927575,0.26897962547855403,True,True
1228,1140654.1275864749,0.9299489749898774,348,0.9341996289850282,0.9906516580457608,0.8706070228044515,1.0735780151255894,-19020787.057554387,-16655898.862041736,-0.13212033745181956,-0.2897933528772155,0.24616747058956484,0.2929493074462166,True,True
1229,978309.7596232368,0.942783655267966,334,0.9987753681560361,1.0443846243214008,0.9591938264522333,1.2112036418941228,-22094278.59254133,-19731420.92895873,-0.17858386654182887,-0.3812079552758185,0.13874001524983115,0.17867416110731732,True,True
1230,952305.1283290898,0.9739934460737262,359,1.1693897134964482,1.075213636243253,1.044727108325011,0.8720837304787487,-26730842.79504928,-22519380.825992648,-0.20624347010952784,-0.42002093691021897,0.10876778106963995,0.14697470358891018,True,True
1231,1137959.9187147089,0.9243034029572579,342,0.9604699997666648,1.0114780180043308,0.9640808778947896,1.074862504765776,-19861060.91006679,-17375189.44370019,-0.14027316879661966,-0.30616903295645587,0.22473109331077604,0.2745026317465567,True,True
1232,1046204.0265948685,0.9772893126725198,356,1.006333044150309,0.9863700146716993,0.9205029109932628,0.9874662598260905,-21532785.90610311,-18529487.56026146,-0.156355381712588,-0.3304952662137972,0.19176935074559687,0.23435433412647158,True,True
1233,961086.040098421,0.9133236822355145,330,1.0413541564667241,0.9529153460899142,1.0748881260316132,1.0523091568011427,-23001413.78676169,-19988942.058122043,-0.17820939242962994,-0.37524354375003766,0.14572668827398194,0.1886405200925351,True,True
1234,1104620.7602924898,0.9338333308199267,347,0.9255734280530957,0.9300457946054904,0.7854411817286189,1.0705709084862647,-18752698.07303367,-16425861.573730199,-0.1286574781544324,-0.28173077629512894,0.2561314388995665,0.2977742508010352,True,True
1235,1119012.1920856237,0.9504000557723168,346,1.0112546104921867,1.1059798995646988,1.0324792579767397,1.0212542111225273,-21701204.825518053,-18769174.690143794,-0.1609220000418576,-0.34352737696888214,0.1805865703179722,0.2305185811453681,True,True
1236,1182195.6190872532,0.9625964907277382,351,1.0205480100277338,0.9650456168781623,1.0215652170881246,0.9847039393227591,-20910960.94007288,-17997507.246408246,-0.13620828112019506,-0.2950081265047357,0.24107486878205447,0.293211473928189,True,True
1237,1270785.5100326072,0.9411768541397698,346,1.0500996058559702,0.9998466267644738,1.0984844479290503,1.0261893743842645,-21228128.88659081,-18410797.27310777,-0.13147913011263257,-0.2894648327742829,0.2507226078346704,0.30836965480275164,True,True
1238,933440.9860763529,0.9629993863478176,352,0.9786285125398562,1.0090383707783661,0.8614467782542038,0.9660614516179816,-21703023.957411032,-18592938.47652596,-0.17823310074811832,-0.3691302169087589,0.14872223221145198,0.18566170536315116,True,True
1239,1076886.8576293811,0.9334563093815712,344,1.1810949738765755,0.9953594892283637,1.1057152570032094,1.0084463481675376,-25865683.00092936,-22315871.596611183,-0.17203860613675745,-0.3618231595672957,0.15868536020963,0.20251803988447825,True,True
1240,1176997.0500905644,0.931222376238689,334,1.1039052094257242,1.0517181052648714,1.0247386095434134,1.0826852353354526,-23380360.758695304,-20461367.08709932,-0.1522424413828631,-0.32843316008112616,0.19583939566379566,0.24307956810679054,True,True
1241,1202221.3723516336,0.9762712432954787,356,1.1241443949184802,1.088283750219198,0.9262844665470582,0.9322535265278805,-23762576.88838614,-20252816.254916005,-0.1498485080775555,-0.316319334232304,0.20998547044405547,0.25450735607257374,True,True
1242,1035135.5259551052,0.9794137847770661,353,0.9746085791073991,1.007936530561955,1.0388644525851483,0.924450949317184,-20997982.97872783,-17853425.18232704,-0.16278627194705575,-0.3425057522393446,0.181565073262285,0.23065015752999143,True,True
1243,1004484.849178542,0.9538852262623371,349,0.8616763362623994,1.0199911487644966,1.0003411726937923,0.9089997552295485,-18412405.079749025,-15610596.225386413,-0.15871630493118977,-0.33516252133206553,0.1913763620142591,0.24361581345335137,True,True
1244,1053167.393210726,0.9032916183065628,338,0.9238550665670662,0.9811773399198331,0.8454461300385274,1.097026657584525,-19339394.3923299,-16988536.268821225,-0.14438829801187988,-0.31256531638246227,0.21328558632532096,0.2556247459224877,True,True
1245,1058185.0662491377,0.9160218332499567,340,0.9822185173629391,0.9796721583247896,0.8765720819439444,1.012260035396388,-20781209.058562614,-17971088.483188074,-0.14976984061881643,-0.3188909181940851,0.20541365897848962,0.2474319310393887,True,True
1246,1052075.1138472222,0.9367429300610061,344,0.9726537516380981,0.9302061934763972,1.1961509865838176,0.9525418762737965,-20640697.040969297,-17631624.590366464,-0.15602389480018827,-0.33318254815177434,0.1948021545876915,0.2511219561541397,True,True
1247,1111418.1189409378,0.969944883860622,356,0.9271690584957706,1.0110198806446036,0.9624742558383018,1.0555080252509383,-19216219.18620652,-16748770.336246727,-0.14156923426759518,-0.30800713983223077,0.22273257661396453,0.27319685315122594,True,True
1248,1154010.0893786792,0.9787773193771593,357,1.1178467993408985,0.957621077065589,1.1322983904075128,1.1305913808482482,-23610296.229941268,-20837505.250578962,-0.15155144132102008,-0.32994899423803115,0.19471593674527066,0.24425168866992666,True,True
1249,977615.1308379287,0.9786516775001649,355,1.0426424772490408,1.0664891480852914,0.9761066644411269,1.0369302829600748,-23296560.11109114,-20187360.22707166,-0.18615864934890053,-0.3887487325309199,0.13292290709576707,0.17303832440862407,True,True
1250,1122709.963519039,0.948983127441241,345,1.0004299494976294,0.9620634829256015,1.0995670742052976,0.9943356006001328,-20886560.54435421,-17991409.408849455,-0.14614425272263246,-0.3150354595112403,0.215190715821224,0.26901876100902905,True,True
1251,1023400.4522302361,0.9800169862466368,359,1.0937712322040798,1.0239331022994973,0.9449606997365032,1.0097370429763763,-24052213.929317366,-20762480.060134653,-0.1729891824966062,-0.36179238428178995,0.15655875473013217,0.1956384448605081,True,True
1252,1054681.2295684395,0.9312466486918887,345,1.08721293038879,1.023297164527445,0.939536008199473,1.1782959069071126,-23655996.706826136,-21034515.852814443,-0.1661262105498428,-0.3557485658927051,0.1620593748082706,0.2011141055491318,True,True
1253,1063490.145583679,0.964918749864705,350,0.9276339521782984,1.0034701001877315,0.9465418291095256,1.0783000510710845,-19529623.23154827,-17083496.63536571,-0.14893867345796957,-0.32204313102896315,0.20368575952108167,0.2510260715875416,True,True
1254,1049983.6795321929,0.9622105443311837,352,1.1354411971797698,0.9533831395917798,0.9341467995050352,1.1177279961355824,-24612569.37778113,-21665859.82750836,-0.16282783630503583,-0.3463268430980076,0.17113580182066548,0.20859173631254063,True,True
1255,1025958.6733547237,0.9435413880671019,342,1.0583949006815798,0.9569298939251606,0.9235269466127908,1.0525707453431175,-22865579.775429755,-19900847.979840886,-0.16124578384061306,-0.3413552035225266,0.1776832346814365,0.21702047947327283,True,True
1256,1213732.3853903522,0.942415930492867,350,0.9463007790188982,1.0158971865540354,0.8332358508136716,1.1989760819809143,-18858427.684300836,-16928435.024039056,-0.12300891043377989,-0.2781681721839385,0.26257288390665556,0.3086970567496902,True,True
1257,1077789.0843038196,0.984285609083874,359,0.9526548919080928,1.0348510853560193,0.8612443458602188,1.0737172130219834,-20107154.872010753,-17580192.85929508,-0.14890352030433338,-0.32027196491660137,0.2039637708132521,0.2468853685807289,True,True
1258,1112479.7700437922,0.9733602949508195,352,1.0421131818715141,0.964309655897481,1.1557054614170477,1.0007442745925768,-22056214.400465257,-19011089.08330612,-0.15364299893620884,-0.3296679454702978,0.19732702100015773,0.2507674271053738,True,True
1259,1120805.0851511224,0.9716432496541672,354,1.0606342011231868,0.9325649126391228,1.0755862401296985,1.1631206661179423,-22267625.518163007,-19777471.29644036,-0.1478730549841335,-0.3238877908449281,0.2011961188735531,0.24935420662647814,True,True
1260,1136850.3042549537,0.9710107859895725,354,1.0297497839212628,1.066322331458532,0.8571587194634407,1.0301555446098642,-21727098.266067553,-18851491.515722398,-0.14832654162962042,-0.3169690573858003,0.20779980007649698,0.2498467826494897,True,True
1261,919975.8675026357,0.9291936204974702,334,0.933063568520535,1.0869509556233052,1.0974777831973297,0.852797231605261,-21136104.499579262,-17733414.734847248,-0.20342758237057298,-0.41994490271965296,0.1151658409262018,0.1636732244452545,True,True
1262,1031059.7121821715,0.9615235075751148,343,1.1052593794383339,0.9878103867740342,0.9938142868291537,1.0444408269078598,-24178264.35192104,-20998268.851667415,-0.16997843500214296,-0.3580602641228881,0.1607639175278971,0.20126747227235373,True,True
1263,1003810.856645077,0.90493659067314,324,0.9384770649346951,1.0536426903537466,0.9824298771591761,0.915203344529534,-20457867.969597433,-17364244.26390764,-0.16990044049847597,-0.35523112623361663,0.1675641438900381,0.21467001015705311,True,True
1264,961994.5234538238,0.9535546586211052,345,0.9911708930037986,1.0812017735376613,0.9645906188353451,0.9146423692425287,-22172240.728523087,-18814756.908353116,-0.1877128235783495,-0.38769819902566216,0.13528724657420224,0.17733725033877426,True,True
1265,911864.3232254207,0.9733155960876327,355,1.009642632463231,1.0117496333333007,1.033561830510377,0.9089270621187707,-22764912.863292575,-19295926.669806313,-0.19464798882250314,-0.4007655808794097,0.12456337190381593,0.16623621954407147,True,True
1266,1107346.3389602706,0.9633538835309979,350,0.9634876975032893,1.03124350718342,1.1122965364878623,0.9621116458592575,-20358141.333610445,-17423043.66944716,-0.15345023396386862,-0.3285753369336816,0.20013080200140554,0.25616377891365094,True,True
1267,1154098.8873444018,0.9472992532920531,349,0.9241477976541861,1.0245030762398273,0.922474361229046,0.9457796100818782,-18852481.458964664,-16113006.41934977,-0.13394719920135364,-0.2888386684333529,0.25007389825493753,0.3017359917302459,True,True
1268,1046698.4960572674,0.9326204521660377,346,1.0171841230229606,0.9319414197912326,1.0347039498947554,1.1007422552671893,-21673668.196929783,-19024850.95485265,-0.15530003060304817,-0.3345246488651882,0.18809193225669066,0.2339247915085926,True,True
1269,1097123.0180451483,0.9512285686564096,353,1.0399228391078223,1.006508434279334,0.9661267537775695,1.116520669351933,-22122918.22286776,-19478884.979924385,-0.15381431561093342,-0.3317677882924698,0.19047966306075187,0.23453864693565848,True,True
1270,1095096.4676983242,0.9824116852095773,361,0.9041001414509572,1.000495074270896,1.1028821910274371,1.1126887699563093,-18829974.294649303,-16566507.38800361,-0.14623452720159005,-0.3217088678553439,0.20802708997181854,0.26499973285585376,True,True
1271,1075022.340637418,0.9607071934478899,354,1.117382228253656,1.0312974785652569,0.8626207783929293,1.0352176699617865,-24232418.68293087,-21028380.233454216,-0.16268169502920296,-0.3423985122039668,0.17543602338937694,0.21225534664498802,True,True
1272,1046661.8342453337,0.973296330915513,355,0.8896860584585289,0.9754196667889025,0.91518723936435,0.9729201305398746,-18565418.722580146,-15940398.948819157,-0.1441413671120619,-0.30844877238498286,0.22155189147368462,0.26962226902383685,True,True
1273,1106544.6350271152,0.9565460991935977,350,0.9460483811499285,1.0995440310586142,0.9834194820067035,0.9052550197031078,-20093639.95279473,-17028221.364409387,-0.1548536089250212,-0.3272457851743789,0.2001736063671379,0.25182990016938633,True,True
1274,1290882.812377157,0.9360433519011068,337,0.9234564072150288,0.9964978650412359,1.1717341359303217,1.0039712357210433,-17975915.722427253,-15527718.687762724,-0.11853977795546138,-0.2670882885497082,0.2890140287070033,0.35980153394669206,True,True
1275,927163.7725721267,0.9364571719119283,342,0.9742164728570782,1.0326263847572499,1.0117860737832352,1.0346810815601315,-21838138.011880558,-18909891.36614761,-0.19007141109503387,-0.39726899489350725,0.12719400728907757,0.16926146693184668,True,True
1276,1106927.536089709,0.9389832234302331,349,1.0058598130046428,1.008965122048313,1.1296355845647996,1.104025932187592,-21345776.80605108,-18738146.37281951,-0.15542537431327702,-0.337595607960074,0.18790647718017323,0.24086290934465046,True,True
1277,1105072.0000339071,0.9911202258462413,362,1.1452689638966376,0.9210601284988195,0.8765947931099805,0.9459172502393796,-24283560.063925143,-20759600.257584933,-0.14954241022223214,-0.3142126472383959,0.20968121285396388,0.2477931143125606,True,True
1278,1092380.8692361398,0.9637195487666058,348,0.9848975874129432,0.9881478665066578,1.071507572423176,1.0814351124755206,-20794491.84347415,-18189845.898718704,-0.15176429024359966,-0.32887662405562,0.19708421347716673,0.24823213495726007,True,True
1279,993776.0070342672,0.9645382163273774,353,0.9293627678093099,1.0242500375021923,1.0705917328116938,0.94983348414381,-20250471.294496078,-17286114.601948883,-0.17115674283506743,-0.36060785001440826,0.16375419460947496,0.21426825755335807,True,True
1280,1120644.6092488598,0.9531037275254416,348,1.1422917669405233,1.066078705744143,0.8150718371517436,0.9101014189460019,-24621221.421040624,-20908504.537202142,-0.15842849792650013,-0.3289227830108629,0.1910694634403343,0.22758090265694356,True,True
1281,1039432.105499361,0.9386048833854832,346,1.0820845381939446,1.0089808465930021,0.9050833985175737,0.9644247390753545,-23553427.5507686,-20181531.326823298,-0.16569719053588544,-0.3459116936826617,0.1728580633613605,0.2117787665443797,True,True
1282,1037808.4340662092,0.9746128481820272,356,0.9505403004678014,0.9491893764861284,0.9777150682404523,1.0878535582790057,-20095363.444070607,-17606158.397445083,-0.15093445055336402,-0.32587390803055355,0.19851273102680816,0.24484796439211856,True,True
1283,1221285.67984088,0.9854436244287128,359,1.1047180580585632,1.0289702534515357,1.0599448135432936,1.0623850168699394,-23025674.400514275,-20087724.969834182,-0.1445161482136697,-0.3139264395580487,0.214966453560646,0.26563878427448795,True,True
1284,1130708.89783083,0.9653049503298855,351,1.079170213058398,1.0163257699884387,0.9639942820220173,1.1191558018205428,-22899958.37553934,-20176451.017778073,-0.15222599851252042,-0.3287091458579742,0.19381064957042093,0.23745860200062552,True,True
1285,964398.0044524668,0.962687828674675,349,1.177638894552383,1.0216601330683688,1.094164623123767,1.0507884666958012,-26672843.956137788,-23155509.482928615,-0.1977944929444677,-0.4109279757618759,0.11476585503301631,0.15346061724453305,True,True
1286,1130279.0620456943,0.9609076816092637,349,1.0885339888358425,1.0188844541450766,0.8867286887262812,1.039943667237467,-23080978.52326761,-20059269.185100418,-0.1506216304485668,-0.32124177371285867,0.20176997355773046,0.24247985037262415,True,True
1287,1191125.750205012,0.9745606755817693,355,1.1272939922041005,1.0251376919003587,1.1884355475801833,1.038568536356854,-23902512.739492696,-20739215.563588876,-0.15496428106544027,-0.3340443775620749,0.19231134391060759,0.2461344210824336,True,True
1288,990285.2056312886,0.9575310295097796,344,0.9308954782121123,1.0180711433217369,1.1494120819210965,1.0466656588131245,-20346734.25894543,-17656209.554383814,-0.174732921794697,-0.37275518504206284,0.15305038954824962,0.20559234620934735,True,True
1289,1146762.671479127,0.9170398387297531,333,1.0085473670134444,1.01575084826431,1.0337394152175399,1.0478484918989812,-21076790.94004408,-18336050.532549616,-0.14601577974674612,-0.31633319140259347,0.2123010906099035,0.2634077980986574,True,True
1290,1297240.0436074901,0.9511652241738284,353,0.9023967092422888,1.0419421991366578,0.857166135643223,1.2242152476129473,-17279693.20597134,-15625173.62152447,-0.10934102279188378,-0.2555911674259454,0.30096053548527785,0.3537632252386729,True,True
1291,1169570.7200416394,0.9906100376408119,361,1.0559056059202856,1.0095085760976228,0.9417936604239051,1.062282493244925,-21992062.5190968,-19196779.24571444,-0.1426655669109606,-0.308813137009726,0.219543270884315,0.26521130042481955,True,True
1292,1012939.0451856006,0.9792863503889148,358,1.032672285653701,0.9475830305761009,1.0804586417589073,0.9859866313947085,-22398745.62302338,-19251871.159907002,-0.16635244041404615,-0.35098864487676357,0.17094740869257963,0.21734384045875338,True,True
1293,956602.1753495014,0.9512513748942701,342,0.9551938509205214,0.968045178548469,1.1058014434660293,0.9865227168647458,-20961533.186628822,-18006687.55226331,-0.175537443016798,-0.3697797377644992,0.15375848595450595,0.20210711418965405,True,True
1294,974457.5625263441,0.9225059491023222,332,0.9324417728253264,0.997904224410471,0.8832613748265082,0.8802211984728129,-20222099.957441773,-17070584.796345774,-0.16428873579695494,-0.34085070507644255,0.1803148012755256,0.22240528955209335,True,True
1295,1095325.2787588397,0.9306142395835177,339,0.9981746395962053,1.103659595411802,0.9249223577381391,0.9931364451061255,-21445227.536482695,-18464773.465788834,-0.15976983195759756,-0.33824754996549167,0.1842387414434436,0.22933405123987652,True,True
1296,972336.7255654784,0.9720715604399214,357,0.9663858650838999,1.0699139096274555,1.098236295248655,1.011081131277022,-21530500.98751516,-18562855.55372108,-0.18786922886930665,-0.3950878054227486,0.1322128917152378,0.1802694549790675,True,True
1297,1034997.2652396827,0.981770073915961,358,1.0247468598565574,1.1269241035241966,1.0492972418426298,1.0370733639859235,-22734828.47627054,-19695505.267664798,-0.1833486506313754,-0.38628168776429067,0.13820417290869672,0.18430303742176093,True,True
1298,1134288.0319508659,0.9781536489408149,358,0.9941547436003313,1.0114803112970479,1.1312275980486615,0.9698180020860596,-20871146.48542721,-17890130.483481266,-0.14989977102468577,-0.322084340802993,0.20779900469724474,0.2641775834887606,True,True
1299,1193036.002426134,0.9765821888370274,360,0.995659767527203,1.0020960649027215,0.8737821954291474,1.0886013379006165,-20225419.30032377,-17763946.666733265,-0.1308954114809753,-0.2879063107889109,0.24845948756412162,0.29439181779395535,True,True
1300,1031496.8693192818,0.9444564239388613,344,0.93211748443356,0.9969169682077785,1.01903658518091,1.0601713992757729,-19902426.209619727,-17337702.09164239,-0.15757702858996958,-0.3383932819173151,0.18555476123793363,0.23454765779287218,True,True
1301,1126086.475719639,0.9511664098309603,347,1.0023844858458282,1.0506284121283913,1.1853411874095185,0.9020808196277278,-21335678.962659676,-18056320.756990016,-0.1584877374155169,-0.33663274849237146,0.19234620603542943,0.2509379538308369,True,True
1302,1047005.5919151412,0.9240884263746469,337,0.940741400842754,1.0747726305147112,1.1206349943971015,1.1713904081918174,-20396677.40597755,-18093813.13348426,-0.1694213724786222,-0.3677101517893581,0.15727662636516268,0.20979520141362315,True,True
1303,1080413.8066461226,0.9612579083128363,350,0.9991662201948242,0.9776678318796496,0.9957754234124538,1.0155993068399278,-21133306.28902118,-18276441.101267386,-0.15129811979107943,-0.3237131222895394,0.20175323639257642,0.24904192433742525,True,True
1304,1060126.3939117827,0.9722799788473517,355,1.1218224360504225,1.0841092183599534,0.9198531066001737,0.9799060765329688,-24708554.398128595,-21219369.758179292,-0.17391876448017948,-0.3621947944321987,0.1561287148561968,0.19486893029161412,True,True
1305,1078314.0932033376,0.9613553016556634,350,0.9927560826604142,1.0207750314769057,1.2343983217413939,1.100843329713618,-21350203.650596302,-18710157.8880995,-0.1651676616982638,-0.3579118981405128,0.1684626943769884,0.22499517326335647,True,True
1306,1191115.2340117153,0.9848116062781028,359,0.9326551599506274,1.00484559530231,0.9104860075807496,1.2229026732719506,-18708591.363873452,-16853516.629249677,-0.12660281795660822,-0.2869083010190355,0.2506723994668592,0.3002386124121839,True,True
1307,1035232.9755228155,0.9812730909925215,354,0.9790225100729198,1.0440264199328535,1.0064610005401484,1.048669568604421,-21226370.52483217,-18444813.98305869,-0.16634609991262342,-0.35379744977308863,0.16811294733042442,0.2145104585327664,True,True
1308,972736.2253587546,0.9207462395200232,334,1.0998444977863995,1.011785508489143,0.8038201873929074,1.0629144294146275,-24415565.569492072,-21275569.14367241,-0.17674974467414517,-0.3678896466324585,0.14673724234058483,0.17830506958798967,True,True
1309,1131429.8913722471,0.9568235696700819,342,1.0552832492719484,1.0421462071739103,0.9755162418969328,0.9743011081955075,-22410374.25517756,-19237478.138455003,-0.1531836695241324,-0.32519227671618317,0.19976763986593365,0.24616057087269044,True,True
1310,1091746.7376562376,0.9460073304189968,344,0.965350137083547,1.1150414809014944,1.012842580893793,1.0146332869345287,-20768311.65517382,-17938936.071128096,-0.16263869176505244,-0.34672864309324464,0.17745333441488448,0.22767968905135522,True,True
1311,1076403.1031776033,0.9897350447178049,361,0.9282166295361204,1.0803863060453758,1.076739541771028,1.163038939046496,-19862965.379523754,-17609654.852129348,-0.16079069333069732,-0.35068905726358607,0.17405134964541483,0.2269507220968636,True,True
1312,1037336.8956878003,0.9402392109658871,337,0.9673683806013146,0.9414113052533699,1.178895882117142,1.0050138771912176,-20643572.693921067,-17798834.12379464,-0.15902193597450212,-0.3407838490972207,0.18546308011685864,0.24004536972912643,True,True
1313,1137186.812377008,0.9360974277022773,342,1.0169735738208465,1.0327502789843983,0.9879078995254709,1.162092622111391,-21384450.318139207,-18989414.513983898,-0.1484627238071874,-0.3247268806130036,0.20001296052430714,0.24725432071733816,True,True
1314,963290.0714074617,0.928339741305907,335,0.9827579945739567,0.9778155490881023,0.8802197605073809,0.9480441206076107,-21478672.291643485,-18349178.65405058,-0.1683814233767554,-0.35033192570130944,0.16827594248767344,0.20712136877058251,True,True
1315,972784.0349358919,0.9225471839467487,332,1.0780383269895575,1.003190147085525,0.9370239063297392,1.091488862283664,-23935053.521924008,-20947008.625463717,-0.179460589923696,-0.3765103117202478,0.14144303883927759,0.17827477538121259,True,True
1316,1152285.8721594703,0.947603457108106,348,1.028303307039789,1.0166572495455353,0.8545376525537628,0.9893416223511411,-21378379.978223726,-18423311.35185069,-0.14078987766676895,-0.3011920891740322,0.22895178979805045,0.27184127022360904,True,True
1317,1125295.7111482676,0.9485331598657276,341,1.1098349150524744,1.133157555924425,0.8721142640287178,1.036959135539275,-24092590.638757735,-20907281.36295653,-0.1642576365273546,-0.3464043024038339,0.17233467793999047,0.21151344861692967,True,True
1318,1066706.5194796163,0.9482983549126428,345,0.95236234681058,1.0529011198714497,0.953138360442989,0.9844601599498716,-20327043.818936702,-17475497.799892966,-0.15654226431093585,-0.33249857659431337,0.19178433919152238,0.23915719808220637,True,True
1319,1184318.2409969834,0.9543868745562729,354,0.9813905385058973,1.0328884302530912,1.192349826731799,1.0283407479238384,-20337030.761863187,-17616816.1524312,-0.1447181293876717,-0.31650628313543755,0.2165598479626698,0.27832758499633276,True,True
1320,943811.4500358598,0.9329858771212238,344,0.9274248562266147,1.0159167166479346,1.131748127513587,1.0535777436700837,-20566861.815041468,-17861631.063419987,-0.18484737826540662,-0.391620475956305,0.1355412820378603,0.18505891701671998,True,True
1321,1060311.624693876,0.944775154865359,345,0.930692928174005,0.929434091528547,0.9176102822504572,1.1455985678904823,-19310567.409571942,-17116505.207376245,-0.14081450174960186,-0.3088429983599681,0.21901476835231268,0.2641858964431375,True,True
1322,1038235.108458166,0.9375757105582785,334,0.9986626617246623,0.9780423528991803,0.9367706406350413,0.9703128218336585,-21378223.786408167,-18338931.768297445,-0.1568590940739319,-0.3309970050343634,0.19161585363385142,0.23502174301764775,True,True
1323,1171535.6091278533,0.9328599853292986,345,1.0928949326438477,1.0908630361032925,1.0138612124383872,0.9369356462990807,-23290622.417189226,-19854232.464007862,-0.15578541342540284,-0.32921954583515567,0.1960380800217974,0.24439668406678805,True,True
1324,1187532.1696073501,0.9761571633385817,358,1.0869351312690174,1.043191221171863,0.8590827852462052,1.1293059576619897,-22697702.939235285,-20060579.45308919,-0.14277085147366378,-0.31043708848844453,0.2152192747394991,0.25614569339974086,True,True
1325,1041456.9017449159,0.9271828543247427,338,1.0745911825438885,1.0742361078458935,1.1233093542417398,1.0740585358325372,-23782091.052251667,-20734255.133186895,-0.1817322497678823,-0.3848337516588608,0.1393885488197729,0.18605592572936236,True,True
1326,1140726.000217461,0.9581752835514555,348,1.055798673209043,1.089674905935389,0.9363652954854361,0.9415349564441502,-22512174.868864994,-19212140.064682726,-0.1551011410030076,-0.3270742171263342,0.1972545984475319,0.24259505033879641,True,True
1327,1099809.6871969588,0.9618977796218975,350,1.057677464253119,1.0235657076453788,0.9223857257663669,1.1763398442015514,-22579008.87601742,-20092518.133140817,-0.15501086551324372,-0.33553256475319615,0.18470350223018822,0.22589035321129636,True,True
1328,977021.4763839213,0.9157491970910386,335,0.9417498865271363,1.0321283245175976,0.886281514123102,0.9792682041413474,-20574896.273888994,-17668498.693329044,-0.1691884267888715,-0.35417337918642183,0.1654596105303663,0.20658587038642073,True,True
1329,1174838.4102185527,0.9750523492323719,359,1.0520984302280474,1.0280882362408943,1.1892200584058237,1.0267735726148846,-22149462.55927847,-19177477.548735965,-0.15187784997374953,-0.3287227429863196,0.19992773981045206,0.2569684239287782,True,True
1330,1045162.2186370603,0.9634536312460346,350,1.0080132952915264,0.9645040394390904,0.9263452550443075,1.0014177228054868,-21499792.295550875,-18549159.91348023,-0.1545059343183932,-0.32757909650818356,0.1951214636068451,0.23772379257613782,True,True
1331,1036952.5431723162,0.9613074406728822,347,0.9293747373469766,0.920820923760478,0.9051195798682509,0.9758711719184511,-19402208.521328446,-16672809.044688856,-0.14349676625353608,-0.3063871161103911,0.22291597045989556,0.26802700728253787,True,True
1332,1265762.8585468368,0.925902952758089,344,1.069313947953088,1.0385518277480623,0.9096850024951981,0.9962317517889474,-21718842.9810868,-18748185.787928835,-0.1311169116337333,-0.2846863100141821,0.2543408163161594,0.3022325407269082,True,True
1333,1044407.2555064225,0.969877568941035,355,1.0933747015346056,0.9671968148438388,0.9944629273930715,1.033832184778436,-23703801.764532547,-20554833.77963633,-0.16428157232970247,-0.3471671372709897,0.17248646408993848,0.21406765048961315,True,True
1334,1123620.0845834431,0.9668022609889996,359,1.0826364011729546,1.0158239593228209,0.8296918696865623,1.0905483860087193,-22920436.177196473,-20107275.04386867,-0.14899969153373022,-0.31944450538907054,0.20260825091076753,0.24054442980899443,True,True
1335,1052893.664271824,0.9744622213674057,351,1.1391966516756689,0.9545146990626802,1.0077259384263368,1.0124841501121358,-24748460.471103303,-21380717.06827261,-0.16529317603993327,-0.34788369648944056,0.17139649812469468,0.21227436975149627,True,True
1336,1096599.6006215364,0.9406866076077667,336,1.0342028516476884,1.124548572079793,0.9708755828424709,0.9196404094655,-22458173.487877313,-19080593.3079466,-0.16687133867137463,-0.34913401677675365,0.17327329352569265,0.21943742388294005,True,True
1337,1101405.200161598,0.9556048881577357,354,1.0075826230572533,1.0548184477507507,0.9447765991575234,1.0842158736957306,-21458419.71251932,-18783193.862692248,-0.15470662079298983,-0.33245843100856987,0.1903270915391119,0.23533902528644102,True,True
1338,1004659.7318739331,0.9337773432032067,347,1.0240826106939698,1.0094256483194668,1.058158705780624,0.9386072360892055,-22472673.873341866,-19150595.021773696,-0.17424516183650493,-0.3641305289913293,0.15799196938293372,0.20395531040144216,True,True
1339,1017758.9819602815,0.9397403804302845,341,0.9402855407901092,1.033625100542245,1.1056545534153208,1.0950782170702271,-20416859.361973796,-17874663.74935037,-0.16955306109552734,-0.3640690005926637,0.16023597752940982,0.21142871618569833,True,True
1340,1146666.0660604734,0.9393381450773722,344,1.0337362410313844,1.0828051251814266,1.0896095637696492,1.086796653182458,-22022243.87952307,-19271175.213683117,-0.15731557791185116,-0.3401229875786905,0.1848058204640074,0.23667349059896386,True,True
1341,1090436.7506209235,0.9093547533620787,337,1.022648211416656,0.9632247823413687,0.8413996267417305,0.9068131582321495,-21462895.480899714,-18220037.265095826,-0.14483910434122801,-0.3045317642097991,0.22390086239003523,0.264780019021941,True,True
1342,1103259.799803745,0.9563329017512687,357,1.1243608280531243,0.9917058081586877,1.0635767524974051,0.8612484886138707,-24211390.26139767,-20362686.963445622,-0.16136529005225164,-0.3360143198286494,0.18769815805897505,0.23457043309658754,True,True
1343,1200648.1418599354,0.9901508190860211,364,0.8868005978055873,1.0721595410872147,1.0053705148138952,0.9256233758581012,-17847798.597493052,-15187976.070127824,-0.1300257386024524,-0.28294061278848326,0.2622342180627109,0.3229857253241069,True,True
1344,1114862.2884927827,0.9797361725223268,360,1.0323966625379069,1.0359285364636053,0.9789803716562946,1.1110927734307001,-21935327.945673913,-19293330.43245273,-0.15363717604355942,-0.3318020431820817,0.1912236017282179,0.23690678277143354,True,True
1345,945407.8537386275,0.9515516281582569,348,0.9848425047692496,1.022498861547098,0.9568433073044968,0.9443143358283889,-21893743.785590556,-18677564.776231777,-0.18205479132919203,-0.37742233588819857,0.14338429946897913,0.18444035577659612,True,True
1346,1115159.1633869773,0.925555464670239,340,1.0354011532348875,0.9210907723349979,1.03826154671652,1.0102956481671066,-21600151.116573296,-18670288.774558067,-0.14431404829269487,-0.31063308076902013,0.21863251137101147,0.26757620539961063,True,True
1347,1144437.5708563393,0.9461714894068506,349,1.0219249065301943,1.0311118660117882,0.8798394251222004,0.9146011870368502,-21355823.478492517,-18149423.778935414,-0.14373302841481742,-0.3039522424165555,0.22627149748299125,0.27092063926211374,True,True
1348,1026094.3998960871,0.9358339033431724,345,0.999083578789759,1.0993617837350498,1.033422926519944,1.2205647579174768,-22034648.18341297,-19704309.00700641,-0.17864714492957542,-0.384038246855552,0.13879286718360506,0.18348301445042917,True,True
1349,897351.6633312524,0.9461940472069916,343,0.8857189256264225,1.048895292173597,0.8936008269180822,1.0114079873551554,-19823582.081942484,-17102505.11554444,-0.18762006543878687,-0.39071319087995016,0.13167861210099252,0.1718955477004987,True,True
1350,1087623.2817949161,0.9365953438346467,345,1.160875945205564,1.0829234202997462,0.9907772065084876,1.1156036851644555,-25539883.378631227,-22447976.691120997,-0.17410648559254469,-0.36872580204565786,0.15009916953468494,0.190128627135053,True,True
1351,1013068.7840277329,0.9210374887021189,330,0.9053647742723159,1.0396344975673457,1.1679639564453277,1.0711070413438206,-19647552.03569264,-17122043.880422715,-0.17105901972928336,-0.36806943671892756,0.1588860987737066,0.21468028045024415,True,True
1352,968296.7454420365,0.9342209999533864,346,1.0596276868875427,1.0291605256804734,1.0696491820279437,0.9284622704970171,-23707172.47641396,-20161792.478199612,-0.18852898701577572,-0.39037494249378835,0.1335004742793124,0.176811151422035,True,True
1353,1194536.266915469,0.9613220581948466,346,0.9387279509303719,1.0598974805240116,1.119899339160645,1.1062009273286268,-19242782.16635471,-16918899.348923676,-0.13915350804758028,-0.3089770441218224,0.22536890301963255,0.2861123341773056,True,True
1354,1099752.4503325548,0.9578994144786799,353,1.0580719406729706,0.9378096865374536,0.9319551734430814,0.994740867113332,-22255418.72017242,-19188468.54308001,-0.14683099564275692,-0.31283133052980544,0.21342457417216615,0.2564192348681846,True,True
1355,1151856.23736434,0.9359052846382142,339,0.9923033439226873,1.005614581257513,0.8682504448442987,1.012304547227355,-20449599.982426893,-17699599.217521828,-0.1371059806284572,-0.29587163089425295,0.23703474253182275,0.2819162832661895,True,True
1356,995142.3991272453,0.9447519821336214,338,0.9386280680078366,1.0103151918353444,0.9407309457146698,0.984941338417772,-20319765.147949494,-17466880.761474494,-0.16429850640699506,-0.3462783957944519,0.1751484952823612,0.2194591989981412,True,True
1357,1060276.1713953568,0.9421716466430481,346,1.0863795632646074,1.0927876354811799,0.987301025378918,0.9854573157151465,-23910119.591097176,-20545739.491702564,-0.17512101614571302,-0.36640876330646044,0.15405243546654138,0.19665080218537495,True,True
1358,1004466.359022002,0.956404151489082,349,1.0919208566886547,0.9556518834715795,1.11816999366317,1.1022278365258165,-24000383.680723816,-21039370.136837676,-0.17510036156455985,-0.3717214931193841,0.14915829975275802,0.19304294105111683,True,True
1359,1033628.2790764795,0.9426977769748371,346,0.9963125541756688,1.0201659461798587,1.0986033962044714,0.9510214946083311,-21646048.879385356,-18483638.426754598,-0.16891133030175978,-0.3560297260771967,0.16791435569322602,0.21804815132731967,True,True
1360,962174.5115287835,0.9412468700782348,341,1.0149247115510176,1.0492125817756561,1.0901397396252195,1.0373916445800353,-22727724.83721365,-19684736.71710258,-0.19068865779589234,-0.39995895157352696,0.12648794640342648,0.1712493190317263,True,True
1361,1099702.5369760715,0.9591884186538597,351,1.008452936107031,1.0794682838310843,0.986847944986595,1.1920769215188216,-21625664.161442883,-19281703.574185822,-0.15947964199526746,-0.34648114162126953,0.17490635940402538,0.22067737071293872,True,True
1362,913870.0140681278,0.965574312101818,354,1.110811925737215,0.979455116480703,0.9326101716876122,1.009043406055934,-25081562.17094043,-21635779.17129127,-0.19185797063099433,-0.39539355124813097,0.1241111841656426,0.15807189170325342,True,True
1363,986117.1853919633,0.9431251102430224,344,0.9726226758337203,0.926970074788556,1.0192078492673264,0.9092014765111227,-20960784.554911043,-17779293.79541005,-0.1618084543258168,-0.33880306330827237,0.1842165130756785,0.23041499369377463,True,True
1364,1009831.6051434943,0.9609482526465098,350,1.1707970200170277,1.0105629216835195,0.822465648599622,0.9910103943662489,-25927755.985918134,-22319796.845773555,-0.17487042087068103,-0.36153436921684956,0.15315842650545142,0.18502798772330276,True,True
1365,1128727.619026132,0.9386297895211481,338,1.0109872755473894,1.03138621836173,1.0364052453491535,1.0169342732118838,-21331111.102205295,-18447384.204312854,-0.15100626375582987,-0.3243712068305893,0.20243376350438327,0.2530248131255061,True,True
1366,1087927.779381408,0.923698002699387,333,1.0970263562580145,1.0228507611965598,0.916195625781916,1.059452721884682,-23640575.3429635,-20601523.168822862,-0.15990642783212744,-0.33933844390297063,0.18018653880106786,0.22009006424466998,True,True
1367,1040877.9749433165,0.9738825121124516,352,1.0102714533952808,1.038945391463352,1.00100842365998,1.1679838894605585,-21942662.622759897,-19468742.029229145,-0.1669585775644623,-0.3590120425847661,0.16132242579313874,0.20531911591374175,True,True
1368,984094.8058890711,0.9407761481148019,339,1.0184467685371867,1.0039889172580287,0.9752982413675563,1.1388250758389225,-22395378.72407789,-19762107.168693893,-0.17406967785290628,-0.3698709623709794,0.14929502921196605,0.1898238758604624,True,True
1369,1035919.3514065,0.9538043775169738,351,0.9546901093251393,0.9998569512748189,1.0803476289435627,0.9838123563009009,-20494248.83554887,-17606019.49334049,-0.1615139316114058,-0.34353257830233247,0.1812867077086235,0.23262799280008045,True,True
1370,965799.8491583449,0.9297421189604558,353,1.0185898769866149,1.0504406244172937,0.9061895123646017,0.9900556218333302,-22664925.865489725,-19491534.157872565,-0.1815957593347451,-0.3771637538641983,0.14202344825305435,0.18029677246026923,True,True
1371,1164210.2328637375,0.9655027144497837,348,1.053973946500562,1.0344186112546212,0.9091031409235637,1.167277994902262,-22052788.989983425,-19616221.853462998,-0.14457546617551298,-0.3162302778775208,0.20866681844637433,0.25192051477425653,True,True
1372,1071953.1126708672,0.9356725108755614,341,1.1749964966019766,0.9764720048506653,0.7548325719786984,1.16347877040613,-25387224.1721818,-22547911.044962585,-0.1581715392903182,-0.33678771437598265,0.1781138822448668,0.2082744948378283,True,True
1373,1129525.7997638118,0.9449792886254773,356,0.9925485498861545,1.121993358382361,0.9752918009766525,1.016566235790437,-21173796.49866043,-18304753.476362363,-0.15685356859580332,-0.3350641449006436,0.18944652433014245,0.238285586748209,True,True
1374,1181019.4465232883,0.9841532726636383,359,1.0230484965271849,1.0484750625311883,0.9226884411515448,1.0594550480126623,-21226323.68400988,-18520454.328337952,-0.1410472398600328,-0.30599270529018124,0.22378407604091846,0.27053208432182485,True,True
1375,1144025.894921635,0.9427140578536374,340,0.9943454581655543,1.0126182212029,0.8876818534101701,1.08449623563971,-20602459.331893627,-18063154.712783415,-0.13986463466468832,-0.3042522717046672,0.2251939744389444,0.26996911816792873,True,True
1376,1155735.1760062869,0.9762594926780157,357,0.9757934950747043,1.051135614818182,0.8520790768265833,1.1518942153769385,-20175807.32916283,-17910621.691408575,-0.1387443805677549,-0.30483958446993314,0.22381911336763793,0.2676715982378679,True,True
1377,925498.2422211003,0.9688471133388968,356,1.0189860796417043,1.003181470185862,0.9559494233737549,0.9038078856031031,-22812975.43098281,-19328244.47639075,-0.18677622212562697,-0.3839229880344453,0.13676525608469595,0.17587948789850563,True,True
1378,1081469.921749087,0.95121435754102,346,1.0026190331169826,1.0475519133514395,1.0373320705179676,0.9697628774046276,-21524350.895084154,-18449064.992351472,-0.16076276519955446,-0.34069470043055755,0.1834967918917057,0.23285249119496695,True,True
1379,1158965.2035348054,0.936926243273483,336,1.0297606253087734,1.0223667314435465,1.0718935769177973,1.0184506104304134,-21579378.600647632,-18668881.46680141,-0.14784277627544276,-0.3189919182932161,0.20970640861480683,0.2622428716902481,True,True
1380,983804.8851401322,0.9242084351142945,332,1.0036332006044026,1.0476989066964812,1.1186799944346058,1.0091548884818402,-22306696.43328269,-19228527.482074726,-0.18550086024259385,-0.39001905045297725,0.1358955886601607,0.1835020692735348,True,True
1381,1000202.714712995,0.9181985714789653,344,1.0763285475563715,1.0437512995818157,0.9231657004667785,1.1784358639152557,-23845752.545080785,-21181990.010191668,-0.1780863166521821,-0.37743270044756133,0.14044146273540528,0.17726290854106233,True,True
1382,1022264.0333539516,0.9495966182142941,341,1.1419230865042986,0.9465686194981104,1.098103822015377,1.0587291840969657,-25073117.089509882,-21820897.89050856,-0.17346453134350465,-0.36605834568512374,0.1537401722523973,0.19611126761962938,True,True
1383,1255334.1829475705,0.9669611734444518,346,0.9844143820974067,1.0247506807478852,1.0990054451067632,1.0483096531979506,-19795315.114048507,-17238026.57584131,-0.12989804116548362,-0.28832287866621426,0.25339388678411845,0.3139127416693293,True,True
1384,1031990.2789203203,0.960358436216144,348,1.0697041156438234,1.008050254056153,1.0061294353907762,0.9832064274901332,-23372951.203746367,-20081328.29402166,-0.1699501731925912,-0.3564033684125841,0.16381488864341937,0.20666056908358646,True,True
1385,1065694.9158534394,0.9404681326056318,339,1.103101559251778,1.0279295393341064,0.9322081097090342,1.085398032744316,-23986351.46066553,-20988775.923988346,-0.16551994308818682,-0.3508344956154036,0.1674664633205162,0.2067610057324261,True,True
1386,988655.499482507,0.941351674628088,351,0.9829978506164065,1.132121805294089,0.8882136695465547,0.993404854818331,-21921826.312621407,-18858596.76108176,-0.18427039106289156,-0.38327489867686704,0.13768060480057165,0.17752200916334018,True,True
1387,1137528.798541921,0.967831635544679,355,0.8930104318600529,0.9999424750103886,1.125429560904723,1.113503183906332,-18268777.31991889,-16085532.72475961,-0.1382513965111074,-0.3076375762954206,0.22713179590520155,0.28811986096884296,True,True
1388,1098578.8185016843,0.9329089667030152,334,1.0244363331130306,1.0790208741096827,1.0762708923904836,1.1023354551628817,-22105042.71153461,-19387451.904545117,-0.16456859519643738,-0.353904133891456,0.16923184973855618,0.21868636546624415,True,True
1389,1033908.7516320703,0.9372000501119745,348,1.136034890304643,1.013547833492147,0.9583166083888259,0.9698880997504756,-25002143.442820873,-21435042.846474286,-0.17331698108979818,-0.3605940878186063,0.15764320730942843,0.19643142228511937,True,True
1390,1184541.4979809176,0.9464754744001432,342,0.9651822126184797,1.0594907812409649,1.085764226515997,1.063802650434012,-19943275.438217476,-17398180.023810226,-0.1420711962915861,-0.31159754122110556,0.22088796732386543,0.2783418216449525,True,True
1391,1185476.3663592916,0.9433465722725505,347,1.0172593714887115,1.0424483842301298,0.995981768986968,0.9184829135955573,-21091085.733370125,-17926829.429441255,-0.14177731300816143,-0.3026053401564982,0.23101060448293498,0.28293505532524443,True,True
1392,1165618.0324582942,0.9402112350101027,342,1.1120532794891411,1.0243838363073783,0.9803338947617661,0.893128435889372,-23517505.488451473,-19899961.37959068,-0.150527873709412,-0.31640949725219786,0.2107131905503132,0.2569815889860725,True,True
1393,940783.6127606923,0.9575447154634558,347,0.9463935094458094,0.9621142131288951,1.1042898951012146,1.1786542978409926,-20828900.097287603,-18493409.50410662,-0.17756923990590082,-0.38088819088280973,0.14222650139665063,0.18846699563269437,True,True
1394,1006728.9989445757,0.9408702643852931,343,1.054259592659072,0.9677016782277982,0.9887572817447369,1.113081386942169,-22993688.172165208,-20210180.15611937,-0.16823134454856395,-0.3577176984456283,0.16105062367875558,0.20179438285039467,True,True
1395,1120772.2824392982,0.9258842979943871,345,1.0161626269869508,0.9328613935606767,0.9834483582258633,0.9972092469633553,-21079950.09430065,-18183930.34538347,-0.141103248016546,-0.3036128104662944,0.22754146901599961,0.27540640437396874,True,True
1396,1093493.7589789238,0.9305263146553675,343,0.952893241355481,0.920903390318023,0.8529695852307378,1.0221794012452237,-19537765.06230299,-16947379.337399285,-0.1343832830656676,-0.29080006470952746,0.24365261795985432,0.2872290713528228,True,True
1397,1064646.5192718268,0.9364246463928588,343,1.0816497543846666,1.0099741602020824,1.1186448264710946,1.0968561814527755,-23534716.429023955,-20617206.45403022,-0.16916122410277407,-0.36144378133151767,0.1604501677707634,0.20747048727526524,True,True
1398,1014184.6544330956,0.9527803623845272,350,1.0007062070157235,0.9233249185640606,1.0798235385654982,1.0779716526428864,-21493563.3015504,-18780460.29418117,-0.1605510010226591,-0.3440634574460952,0.17823136465607886,0.22532042518476303,True,True
1399,991562.0921652804,0.9522963900385811,342,0.9694856783014573,0.9530119992108865,1.1858476944921423,1.1429120545228935,-21069640.37939771,-18598974.11065913,-0.17024350817306735,-0.36726166002233723,0.15674802278821723,0.20774400007121893,True,True
1400,1021684.1058589458,0.9291994627195276,340,0.860803792894129,0.9617924454435425,1.0275996564775307,0.9325787491228867,-18056273.200982664,-15377759.402889922,-0.14866159120002853,-0.3173208480948104,0.2130450070306932,0.2672819019885598,True,True
1401,1283403.1052151136,0.941152731183397,336,1.0767248013360011,1.053965750711121,1.0116176624792328,0.9983318197930741,-21936892.51391719,-18930535.55903976,-0.13381742054376083,-0.29134936366544884,0.24655050796572553,0.2995928247911142,True,True
1402,1051360.435346242,0.9429363148284327,354,0.9243164844807173,0.992297099799166,1.091086773229475,1.0246438659250332,-19603465.894115586,-16966792.417164225,-0.1551318711029772,-0.3338991942436794,0.19286529740052516,0.2467408676361757,True,True
1403,1162732.0068933228,0.9910328156219049,361,0.948511414466219,1.0598804325934572,1.0425760903756565,1.1453684053924,-19645497.008711554,-17397032.17551377,-0.14267999270338588,-0.3154917727579965,0.21449042379470093,0.26900575903871665,True,True
1404,948108.6664021868,0.9474587996439905,342,0.9519308716408443,1.0321834365428897,1.1232138207154279,1.0485174958603831,-21208023.87067688,-18401091.122674756,-0.18809664418414562,-0.39715120928284736,0.1305004364089335,0.17868592304795441,True,True
1405,1050972.2056921464,0.9475349479157846,341,1.046301807768709,0.9568054724446979,0.8679928617158631,1.027408269126783,-22337576.606733438,-19367910.46774682,-0.1538041745470604,-0.32601212240948285,0.19512029854146806,0.23383619365534283,True,True
1406,1216025.1288645824,0.9470065274982086,352,0.9972765109050314,0.9761293245077043,0.9867462253092636,1.1439223388386235,-20099748.03634356,-17832858.41067499,-0.12895657576766764,-0.2883510650129562,0.2496015427523191,0.3012353253653877,True,True
1407,1028314.2950462268,0.9432083897890317,344,1.01010911810679,1.0478149650744186,0.8703947585257912,0.9896628626995911,-21962040.927702952,-18900170.499055095,-0.165324453485625,-0.3466032762830763,0.17250212702920137,0.21212189188852906,True,True
1408,1086041.414066611,0.9397297831350904,347,0.9895228684188841,1.0034768355532764,0.8875679330824238,1.1688432258169104,-20865681.404769238,-18557729.063715614,-0.1483378014376641,-0.32297611014069066,0.19986055229792862,0.24190150584874898,True,True
1409,1130391.7674202085,0.9296593717537032,323,1.076558479344428,1.0640459077949462,1.044658597898864,1.0524038054855451,-23095683.372871455,-20090132.181723308,-0.159941893315684,-0.3420275891177602,0.18085486668352269,0.22845311357971249,True,True
1410,1192782.0730064593,0.9557932562670111,350,0.8936771197813137,1.129626439464779,0.9603014897507937,1.055770286198408,-18264605.380487192,-15921809.694636412,-0.13628877632887904,-0.2997378259585155,0.23614410224330845,0.2922154461071388,True,True
1411,1191596.6354832305,0.9745465212270495,358,1.0395903249775749,1.0292741551570868,0.9491114224246823,1.0945096084972648,-21510825.548216444,-18890129.282941796,-0.1399292660693365,-0.3055908681075494,0.2243477898299338,0.27165022193281807,True,True
1412,978098.4067048144,0.9457994965567222,334,1.0154355094364396,0.9788847755487333,0.7832221742855427,1.061662039844455,-22119363.609006636,-19285291.295204934,-0.16436894655474762,-0.3454608664220838,0.17051836711793308,0.20409738842020325,True,True
1413,1055940.6879960308,0.9350047255150706,341,1.0579481266909057,0.96781766533279,1.0857717047455093,1.040685624270595,-22810005.406957746,-19797501.310869485,-0.162798773383047,-0.3467078585840719,0.17546292305816535,0.2223920601896877,True,True
1414,929869.5075268076,0.9391718044781372,341,0.9459881667935212,1.0454891631937926,1.002307009680999,1.0535483519183408,-21157728.216811888,-18379473.917940013,-0.18865435512577536,-0.39576892265379154,0.12884648734571658,0.1717781772132962,True,True
1415,981110.3828124097,0.9826135837521263,362,1.0312083332639204,1.0611532487928763,0.9322620744168297,1.0643362298238073,-22931780.34537567,-19970890.90900986,-0.1816642747400465,-0.38061915320739387,0.13907675078371268,0.17792992085657885,True,True
1416,1085356.998853275,0.9528927242720036,344,1.0207999507866286,1.0260255476550109,0.9125316651960521,1.0482990876585405,-21763123.908046413,-18932894.28602652,-0.15443169567014892,-0.32953772297247147,0.19275982135758749,0.23547648974821522,True,True
1417,985166.3463809754,0.9345904455414165,332,1.156580063329023,1.0334427022776567,1.0091444976826098,1.0262225269320182,-25983525.502912927,-22475200.643037945,-0.18945077943434638,-0.3933098718646098,0.12771126547313558,0.1653344874679628,True,True
1418,1286944.4903042016,0.9444756743967984,345,0.9670854011929088,1.0557244588291685,0.8436774542929475,1.1694812262096033,-19013389.021217298,-16985770.50491729,-0.11812986012599334,-0.2684312126521536,0.27882645164573977,0.32749442643314935,True,True
1419,1159694.4942923002,0.9428666148350265,346,0.958596526698448,1.1048356915858648,0.9914420170004192,1.0842117128632673,-20054029.165665247,-17558118.344482854,-0.14700443086647438,-0.3202439364682489,0.20792796116690535,0.25995216908891516,True,True
1420,1110328.8914863681,0.9881152624349968,362,1.036306371036947,0.9396765621143007,0.9901957430935451,1.134793196154732,-21691298.745719753,-19177430.569060493,-0.14538943394417525,-0.317096744575242,0.20858333508668248,0.2541732165353744,True,True
1421,1052526.955285932,0.9241901437409034,333,0.92605555191342,0.9863143250261833,1.0801154272772666,0.9847423992348473,-19606240.940021962,-16850425.165844854,-0.1539276519189674,-0.32971850294515614,0.19772633607433227,0.2514839450416047,True,True
1422,869311.5723962982,0.9620152200091892,347,1.044009889169495,1.0407017689590006,0.8130831186568102,1.0575632937185062,-23897577.73335469,-20776783.071001258,-0.202995121702376,-0.4164830860955113,0.10621244567378987,0.13627654513427218,True,True
1423,889952.565158016,0.9360921949426025,342,0.9488649329047661,1.0299322004892975,0.9696601628214194,0.9099809107148009,-21431630.716729034,-18169739.38138289,-0.19587585172841857,-0.4028818854109715,0.12266362636217026,0.16352752007836116,True,True
1424,1142332.8698652242,0.9542887603768021,354,1.0571438412361265,0.9739433696502482,0.898260118886777,0.9581479484249054,-22039742.603609614,-18882739.525050487,-0.14229934086183302,-0.302819774831708,0.2270596663439876,0.2705954059007048,True,True
1425,985541.6815598132,0.9867813549335877,359,0.9640648538568451,1.1096876759777532,1.143038433391432,0.9788885417338512,-21570022.76599133,-18487441.307624318,-0.19320321626474043,-0.405946018027031,0.12570956504679817,0.17660086646892537,True,True
1426,1131331.8581083817,0.9564915726672815,353,1.0842250759667653,1.0581657547815049,1.0152246068580157,1.154533736031009,-23232279.072878186,-20580855.659359757,-0.15865077033106634,-0.34303657191235154,0.17832416995924086,0.22356155030417443,True,True
1427,1014757.9383536658,0.9494839979220651,352,1.1200920531585752,0.9602569825264572,1.0057778006221803,1.1538768845318865,-24565225.877195396,-21739986.32160902,-0.17144848280389327,-0.36471971313989976,0.1531368599950179,0.19209096652755867,True,True
1428,1114604.2584200306,0.9879755927946027,361,1.1840479876815904,1.1303285083664756,1.017275048122981,1.1010603867013364,-26136879.278677788,-22908255.371848553,-0.17715769298242595,-0.37454519912323403,0.1454703944119348,0.1867644471559922,True,True
1429,1203494.476837411,0.9526638388788858,353,1.0875673898162699,0.9824651687121321,1.0783315815804932,0.9144063284674773,-22554641.780262142,-19154220.88748776,-0.1421641380974474,-0.3034132771792272,0.23017279876274518,0.2831407525595187,True,True
1430,1224163.8635040924,0.9706767132701942,354,1.0487519508291894,1.0761018982334318,0.8817011295731711,0.9427735431656871,-21629187.68005282,-18480158.13401381,-0.1377073180705148,-0.2943121743297687,0.24015546167255256,0.28653185398225317,True,True
1431,1142286.1226373417,0.9580524985619846,352,0.9305123040358657,1.034508246072401,0.8369786270208739,1.025587426876999,-19062088.962341703,-16541806.780694194,-0.13457392921601605,-0.29198947161924466,0.2429163506430911,0.28870467431192154,True,True
1432,1077797.4782472067,0.9333856862090839,339,0.932129577428408,1.0975339803554913,0.9796895830968662,0.987623778780972,-19940923.218149543,-17146703.815584145,-0.1589371536524362,-0.3383116599065676,0.18658122372766384,0.23667922760572366,True,True
1433,1002735.5518420403,0.9531991938632921,347,0.9863017975864286,0.9239275404014095,0.9419645366768462,0.9017537719618863,-21113432.209787346,-17893802.827118702,-0.15658529210990724,-0.32737353923247947,0.19598352999081592,0.23920582865520765,True,True
1434,979659.4651597174,0.9401814779368876,343,1.1103873141687304,1.0511042709540235,1.1708853796310215,1.1903307340858968,-25056107.1471112,-22259153.672113527,-0.19765796116442075,-0.4188016119526595,0.1114180034320875,0.15454096663427397,True,True
1435,1159618.6314031892,0.9732948406914768,355,1.06793128764696,0.987540934230036,1.1262779270110537,1.087216503499151,-22436904.93106614,-19649760.62498481,-0.14936739368888152,-0.3248642820477924,0.2021138249270576,0.2543932107243837,True,True
1436,1027262.3537048809,0.9537860940707072,353,0.9828447432767431,0.9956253072287471,0.9532577514426297,1.0007254840328939,-21144833.122419983,-18231359.819124103,-0.160252336327766,-0.3390707291857921,0.1827061698007296,0.22678113452972587,True,True
1437,961323.6964865148,0.9241413335562536,329,1.0756081854395203,1.052628677033735,1.0839042530633862,1.1575748915252861,-24260017.46984298,-21439631.237187862,-0.19574170677291616,-0.41263212611881206,0.114744502653069,0.15579688207180653,True,True
1438,1180228.440211431,0.9918802851121339,363,1.098143954873005,1.007537466683927,1.0939867330740718,0.9633201937410494,-23098033.19009327,-19784601.497079104,-0.14940438796511893,-0.3191634715320431,0.20922656384308747,0.26084824885452507,True,True
1439,1104102.122051688,0.9875200331867807,364,1.0252938116532615,0.9735502792222125,1.1410695532066297,0.8826444628699035,-21719722.403871693,-18327445.14964878,-0.15412979942535424,-0.3256571692223938,0.20302125420062972,0.25754062349364326,True,True
1440,992434.3513728658,0.9144677587704861,330,1.0289022641632004,1.0861422070845388,1.0159662398140816,1.1299157480781825,-22954727.605086397,-20203885.736899246,-0.18629483417457593,-0.3937932748231121,0.12962747353218465,0.17166390516326815,True,True
1441,1087535.1798106215,0.9313290254008488,341,1.1324278207739042,0.9826045175335445,1.076355105245082,0.9488394813950054,-24499024.769694652,-20924523.301247388,-0.16417794913529696,-0.34482602363348985,0.1770925288112274,0.2226852256196906,True,True
1442,1175621.8677737531,0.9604009920180205,349,1.0927922217346193,1.0487394950519713,0.8689404802464067,0.958148987742477,-22961730.42239985,-19670438.792193886,-0.14591822682301045,-0.3092212261679629,0.2179527706421765,0.2600089858562115,True,True
1443,1110225.1674879445,0.9253816618230473,332,0.8671599569817202,0.9833802683741965,1.0625946173754754,0.9031016672425763,-17697800.148437634,-14991879.096029377,-0.13635100315523668,-0.29404699970041803,0.24629808158856567,0.3069165317339991,True,True
1444,1131430.7481861897,0.9444003364518193,342,0.9242227665194385,0.9504411194273829,1.1323748568125813,1.1096451558579876,-18900665.429788932,-16634179.019223701,-0.1374880842845632,-0.305288279315619,0.22927437875385975,0.2882485462255115,True,True
1445,1042758.5846587713,0.9691200623460592,352,1.085313260844116,1.0119840837465706,1.0054084923790954,0.9253328468330835,-23701205.144822832,-20159875.435845666,-0.16948475532078447,-0.3531217659957613,0.16744201504950224,0.21055764837017363,True,True
1446,1055814.864314365,0.9758465493150712,359,1.0425938598702995,1.0081174100861336,1.1376344651656298,0.9289695089158585,-22628200.27681324,-19247605.652925864,-0.16830987980442966,-0.35405030730892784,0.17012354237822727,0.22080595400218678,True,True
1447,1200414.8843290699,0.9158807630821696,335,0.8900735671689083,1.038046266116544,0.9974861848726169,1.1372958768639962,-17788189.03088197,-15760731.976871716,-0.1267915617055225,-0.285762606282962,0.25579274086617404,0.3135313151425155,True,True
1448,1021460.6322549544,0.9253108762278833,335,1.1008898454565574,0.9959909463804206,0.9751248468528848,1.19786093698334,-24156063.698161762,-21539774.69167772,-0.17175104162845908,-0.3669198605414188,0.15076629182505522,0.18925392943604205,True,True
1449,1010149.2142480994,0.9699136695617632,354,0.9266099584056695,0.933318235194258,0.9186597782624618,0.8769770274385461,-19587260.496587675,-16527798.136050126,-0.1500274454186443,-0.31452767669789283,0.21295915500905716,0.25848577799677147,True,True
1450,1077164.5569786984,0.932140570872537,334,1.11612484259022,1.0466899177241251,0.9768919375432814,0.9508944938988284,-24340389.541904975,-20798902.568486873,-0.16816015313916438,-0.3512375789322104,0.16876998707739696,0.21076988100993868,True,True
1451,987628.2132746167,0.9451239313500325,350,1.0095885037135661,1.027632113678748,1.0471461363522703,1.0028747517768037,-22296053.847663566,-19209124.45601348,-0.17885319460311833,-0.37539274225747177,0.14690528159997873,0.1917619270781148,True,True
1452,1096021.3217960633,0.9442146509501548,342,0.9346191290098051,0.993811932133272,1.181629029414636,1.1601898279650993,-19623317.255243152,-17401067.85795452,-0.1512015521560295,-0.33384539016245457,0.19416452426619127,0.2522668810292066,True,True
1453,1145473.3686100794,0.950555742552537,347,1.0136103219356225,1.0543098424017192,1.0197810072033153,1.0800111597290967,-21354307.861784365,-18679560.300178353,-0.15013031906960736,-0.3252523298220323,0.20086005340943305,0.25073892175294726,True,True
1454,1049853.597506567,0.9198536091617864,336,1.047694132107134,1.0411888721719529,0.978489664793006,1.225633736225265,-22805081.67844357,-20438210.939171407,-0.16756454133897133,-0.3614673296774428,0.15749469174519248,0.19897666663082,True,True
1455,1025442.9638019537,0.9425481230192271,346,1.0567310262419474,0.9825557538948774,0.9292995654559171,0.9480559870126644,-22934360.588878255,-19594072.76860792,-0.16429128924330968,-0.34308897362728025,0.17665326135118214,0.21704770033702955,True,True
1456,1101321.017319519,0.9686995621993905,350,0.895900215075719,1.00998677798098,0.9721616542391598,0.94900304928825,-18511056.986909203,-15821191.354265086,-0.14053051532838778,-0.30207346545166397,0.23225321607620283,0.2855370741291681,True,True
1457,1131096.8847362308,0.9442351626243642,347,0.9403664141608329,1.1399328648776623,0.7668679592581173,1.1455126203207036,-19748904.425791133,-17499436.195606828,-0.14565217385502555,-0.3164753526364393,0.20747993217514166,0.24796414588157947,True,True
1458,1012598.8621318557,0.957736951108762,356,1.04921609230277,1.011669630557983,1.0896236543935167,1.0038442691775584,-23077125.87024323,-19886622.563242152,-0.17615680930054536,-0.37057461263939123,0.1516451983153933,0.1974828664150283,True,True
1459,987252.1347401182,0.936768021619166,336,0.9864133435648235,1.0050130272020246,1.1743732328246252,0.976283645819439,-21722114.464927495,-18619662.261362445,-0.17945034277357233,-0.37826962118695134,0.1475473266477379,0.1985964764842956,True,True
1460,1091536.2192895452,0.9271283400815317,340,0.929324964995864,1.0015607283121295,1.0026235232161491,1.054800655012157,-19408428.750223193,-16906011.64675352,-0.14576248715310472,-0.3162624367696603,0.21254306956648658,0.26384489143572804,True,True
1461,1106792.517397278,0.9384797709984587,337,1.090315340059638,1.0613263922721234,0.9126899245533826,1.0216717925092331,-23486889.129470304,-20330703.60959013,-0.15997096311807887,-0.33827368308436756,0.1820502903994938,0.22304529505097048,True,True
1462,1039044.0936602689,0.9747667741370329,360,0.9647584244992616,0.9933434890706384,1.1614154646957342,1.08116142301148,-20760021.79351294,-18135936.6143868,-0.1641966300297193,-0.3538254810309675,0.17113003728761852,0.22446660789834175,True,True
1463,986709.9036877004,0.9267982631623947,332,1.033670181350752,1.112314342810855,0.9432749864468583,0.979594753434065,-23165119.582822405,-19877550.62161716,-0.18848918762555508,-0.39091021281616695,0.13135798736323007,0.17139150041791013,True,True
1464,1288977.1856960817,0.9682054115225417,352,1.1407569204082162,1.0684567041500022,1.0130458438934205,0.936333261042643,-23556961.434056938,-20092685.386663925,-0.13953359107619576,-0.2987897941211853,0.23560363370119036,0.28654683291242145,True,True
1465,1102419.0801429087,0.9660319675910601,348,1.0071160720500107,1.028926299212527,1.0388262376100568,0.9751133151331389,-21414270.185098447,-18376988.361935165,-0.15517089924835586,-0.3303661928713545,0.1953568086815424,0.24545730921771855,True,True
1466,1101210.3550294717,0.9532322711835586,348,0.943812358065323,0.9702852967713977,1.0229843573594295,1.0919152904907377,-19593476.473181486,-17187109.062062506,-0.1428073241337223,-0.31231181777540096,0.2173774611219691,0.2689047097687693,True,True
1467,1201832.6548067504,0.9856546682069952,362,1.0714264769498776,1.0280622218379736,1.2321703193893094,0.9953751385512246,-22480610.96122352,-19352528.981313623,-0.15063435019370996,-0.3256967442461361,0.20454970281768878,0.26400448020913087,True,True
1468,993249.9297669523,0.9628238253174444,351,1.0660516430650757,1.0849222181568037,1.0282700000277698,1.1190525727454577,-23881923.55871558,-20978280.26873732,-0.18933678018173805,-0.3987429399979707,0.1252334503224111,0.16636089326824202,True,True
1469,1119943.0506477552,0.9725689319566284,359,1.0893988822528102,0.9675314969930254,0.8858389291150969,1.0055456091116495,-22972056.22718815,-19847873.43736981,-0.1474527591516973,-0.31369288472788565,0.21124399241929312,0.25177573385299934,True,True
1470,1231194.7248920356,0.9951424810172159,364,1.0200834264236167,1.0143448665969277,1.045014240868823,1.194489816678041,-20767249.250789486,-18580808.272208985,-0.13404690815505196,-0.30075461707719825,0.23270405364332067,0.2860041024369485,True,True
1471,996317.2345440281,0.946507081370611,345,0.9927485198183228,1.0051252738659735,1.0395385518548705,1.0550412729648446,-21717730.618403267,-18886554.87704642,-0.17212948697088026,-0.36473498264735293,0.15673923911379195,0.20201228126650142,True,True
1472,1122576.024082795,0.959470168748663,357,1.0205322912814692,0.9641180359089649,1.0538940077318264,1.1308498083785854,-21360139.880490948,-18863367.748912733,-0.14657630145855646,-0.3205175718134859,0.20606123769704618,0.2555860626388006,True,True
1473,1038122.8604286129,0.9218013204593888,332,0.9482123498335282,1.1154130636318913,0.8940751197613579,1.1125807868768702,-20631664.315272324,-18131494.644910384,-0.16747514128374,-0.3572147201368644,0.16283000899671976,0.20549051600921864,True,True
1474,920816.2161718233,0.9419271344960408,335,0.9786304208447372,1.0976627615305057,1.0255793276400775,1.0806578456623335,-22262688.525833387,-19413178.949244544,-0.20467199636596073,-0.4276748794921618,0.10551490614880166,0.14725038254207476,True,True
1475,960974.5938831384,0.9491638669275118,348,1.0960238137631522,0.9517803617503048,1.083167551341775,1.0138335764896855,-24370336.168142375,-21037122.132355727,-0.18256542445874627,-0.3812930018063827,0.13964886979629532,0.18099477851582477,True,True
1476,1096106.6224780153,0.9416516952609288,344,0.9908353141851285,0.9388093300849616,1.029811239658611,0.9716816143220578,-20685651.371660482,-17752325.28010086,-0.1449967195276189,-0.31065284089782613,0.2193980079786731,0.2696706040633887,True,True
1477,1091720.1933261047,0.9829063347316903,359,1.0219349904618058,1.0114674700761097,0.9745025767389252,0.9809950006545783,-21738737.022881567,-18682518.913371414,-0.15408884696432612,-0.32712940813126723,0.19732556158260214,0.2434491430868205,True,True
1478,1170407.4161217078,0.9300705910888759,345,1.1294186113486666,1.0960863673590882,0.9068769747506462,0.963449130578548,-24137933.707506347,-20685291.559523616,-0.1554097971810489,-0.32746308136983787,0.1951777802914782,0.23724921834638654,True,True
1479,1169209.2704567271,0.9423747865342389,340,1.1153319122379668,0.9879954864827282,1.0829100050956018,1.1838168219903227,-23518382.21676304,-20959613.455835063,-0.15024434885849425,-0.32919837222445825,0.1947436474533614,0.2426230003037528,True,True
1480,1054349.9044984463,0.9787982721156947,357,0.9942043700457501,1.095939394980919,1.0535648549986079,0.9647770702583304,-21713182.257515457,-18583878.69194029,-0.17233143985425042,-0.36302918609764245,0.16076086852714178,0.21000899402287776,True,True
1481,934109.6372523087,0.9626502227061258,345,1.1487773221620388,1.052377523612209,0.9439004175581737,0.9692667529118689,-26183374.683915146,-22428187.38522441,-0.20091406300640455,-0.41130470607248415,0.11232445747191029,0.14651382342720926,True,True
1482,1183535.480293233,0.9945218169063061,362,1.1193782365362075,0.9806518504145012,0.7810372618007267,1.0422517440682757,-23217258.35313729,-20216380.79509761,-0.1380846095364258,-0.2966531666638363,0.23252254553363602,0.2694218689210164,True,True
1483,967884.141026701,0.9724652485304922,352,1.0198166776383764,1.0683612010013837,1.0590099036699239,1.0081894428776639,-22863432.756109737,-19705639.65933509,-0.19111604928462378,-0.3991648958290631,0.12676663417313097,0.17068029463491324,True,True
1484,1017168.1389320428,0.9350859092398233,344,0.9475751699290085,1.102877277400005,1.0278687961370283,1.1196991285128215,-20820445.811287634,-18300330.5395131,-0.17665103968837964,-0.37731679055374656,0.1463347181335231,0.1936963558879513,True,True
1485,1212053.5408016965,0.9534255317182272,357,0.9595663340378223,0.994007052072011,0.8001321846645384,1.1174094908793535,-19084068.718961198,-16876621.45975245,-0.1216483671193687,-0.2715323187995508,0.2727076435374433,0.31714556458259163,True,True
1486,1085516.6450644182,0.989893059420086,365,0.9402181619551625,0.9381996744228982,1.221744448389089,0.9786424565175496,-19647233.019135177,-16862383.30298891,-0.1487777795371722,-0.32183335999112783,0.2098883192094043,0.2708234723848634,True,True
1487,980313.1210911217,0.9651978833535046,353,1.031147125501219,0.9132168298401057,1.0965403503989675,1.0823479315510043,-22467081.407975513,-19635718.024502303,-0.16909889769812403,-0.359713231173959,0.16101895822677945,0.20576109532642714,True,True
1488,995962.5119709236,0.9510616503837235,344,1.0608385535477634,1.0649131938265146,1.046566880716888,0.9881200992816066,-23666082.360483613,-20333770.528971463,-0.18621796620214534,-0.388309417194307,0.13498287309123091,0.17813190317409763,True,True
1489,1124406.3614056432,0.9600438512446127,350,1.0639253971581402,0.9833946099807103,0.8236261108848371,1.0891245211759433,-22312391.46481896,-19578604.50821749,-0.14411503576148044,-0.31039124112462513,0.21433338428466514,0.25271571630270245,True,True
1490,1182560.24822509,0.9792903315800514,357,0.9671934056505449,0.9893339461601109,1.0236321525803829,1.0467064447146128,-19673144.962311566,-17128158.162487876,-0.1335662132066242,-0.2935260538468104,0.24382467932006066,0.29831162676844,True,True
1491,986821.4031751413,0.9451817930987317,337,1.0165655293845117,1.033427121482089,0.8603626067410364,1.1616086821497833,-22359832.26483524,-19816244.17670835,-0.17238286130298203,-0.36572011374948166,0.1510106873720386,0.18720510456270395,True,True
1492,1069430.7386351866,0.9569174409032459,354,1.021414744544779,0.9124671255025898,1.0429170400382717,1.1170180045750415,-21546110.011933163,-18976896.69031862,-0.14991834511401111,-0.32531884989188736,0.19911999573217515,0.24594201030360474,True,True
1493,1154847.0495583578,0.95780797996105,348,1.0091402837503467,1.068062157235418,0.9655084839094806,1.0756183317467953,-21183200.148785017,-18522468.074099682,-0.14757376926476312,-0.31957927847167955,0.20700612758997614,0.25513742107204923,True,True
1494,1121811.3856973208,0.9710564049962525,356,1.1239834998801492,1.010277018744436,0.8221530265734114,1.1049391231681913,-23938672.71718713,-21050882.00328178,-0.1517412157535145,-0.3245384086002748,0.1954504990386726,0.23153163767366727,True,True
1495,1053236.2776365783,0.9469452126559441,347,1.1642351151693524,1.0895758425175828,1.0677346054571846,0.9316841020363302,-25957637.555833317,-22091102.710133094,-0.1852586372455844,-0.383827403032319,0.13858988858940932,0.18137239150835346,True,True
1496,966598.1538605358,0.9494343118633418,342,1.0059988789554806,0.9797542268935568,0.8903707550745072,0.8964726679726611,-22050923.644092556,-18668982.166225553,-0.1702500071482101,-0.351691401551764,0.16700471547852946,0.20586374672515637,True,True
1497,1143935.437656643,0.9797704613707541,355,0.9928134241112078,0.9761070149172149,0.971208993151568,1.1001553459192441,-20491832.038390227,-18014050.08300373,-0.13905040686103698,-0.30454553787771466,0.22617573800267096,0.2746701741822231,True,True
1498,969466.0490437492,0.9304021269595668,341,1.1252373833872231,1.0113699702707855,0.9055985122444125,1.0035471028125824,-25148400.21425725,-21680963.306014176,-0.18337390381741914,-0.37936799715286884,0.1379739440714451,0.17264190670263144,True,True
1499,1074570.4404721027,0.9369289082663818,337,0.9161229317113168,0.9902083597865525,1.0409140161315535,1.0567395392473449,-19185462.422215313,-16712302.073765151,-0.14775958714671109,-0.32074738931969204,0.2077188272894175,0.26067737397624324,True,True
1500,1081775.3270638427,0.9540182546256702,355,1.0030680170951691,1.0411641256129738,1.040377731525581,1.1666830633041134,-21510394.66796571,-19090111.3124512,-0.16011536163284998,-0.3473510122369701,0.1749017024359513,0.222583578302539,True,True
1501,1084632.2652445233,0.954966128283968,345,1.0251799255489271,1.099563282859762,0.9928636365620148,0.9046819819002188,-22236967.53321959,-18841999.048639994,-0.16642946090723773,-0.3479882921193158,0.17496193979695954,0.2220945251564266,True,True
1502,1271401.5424767048,0.9786230170031472,357,0.9111156710495311,1.113671043105838,1.0315164187665562,0.9137464447396182,-18139506.888397604,-15400154.220244775,-0.12608613459880372,-0.27569764344827324,0.27438120550171485,0.33859540868720855,True,True
1503,1132937.617853231,0.956409227147013,353,1.0137125725422165,1.1014300459316264,1.0151078082590141,1.1015491368182833,-21630352.562536564,-18981769.245428313,-0.1572940290596214,-0.33963951258272834,0.18403041897244024,0.23295858786184262,True,True
1504,1126510.8925465853,0.9780643813934206,359,0.9450436760875773,1.086874653483648,0.8828625010599408,1.0583444079004292,-19788747.78662273,-17255108.929377016,-0.14568398408168673,-0.3146780587232539,0.21254945863930916,0.2589378922632843,True,True
1505,1017886.237468745,0.9581277983905965,348,1.0026991957795213,1.0000354481428233,1.036151910228785,0.9986474970167813,-21789754.02765402,-18768884.458829172,-0.16760727180465126,-0.35392739444886656,0.1679239139649661,0.21407333171558027,True,True
1506,1140035.9091705834,0.9371343770009863,346,0.9892187575073565,1.0109195901569044,0.8699670088829238,1.0742070296514097,-20480992.618050817,-17925187.737372525,-0.1392917259184594,-0.302518882565541,0.22731158963623593,0.2714327864442223,True,True
1507,1164361.2750022635,0.9584134239436474,350,1.154121859335685,1.075332433099808,0.9717231095043581,1.0830963224791723,-24773781.58733052,-21676985.300999966,-0.15855116160507002,-0.3387835709615242,0.18196499588989892,0.22458250372942323,True,True
1508,1013463.5893981548,0.9362396373006783,335,0.9785956573219431,0.9778553500986906,0.9098189581083149,1.0543032022446897,-21033680.293026306,-18312681.429509807,-0.15886695661363037,-0.33775585610422104,0.18276076629000026,0.22420922142982697,True,True
1509,1147060.983524277,0.950018390910155,346,1.0117315463444883,1.0173778640990239,1.1127553761240485,1.0852223400173164,-21228171.839916874,-18582423.8834746,-0.14921534590168306,-0.325147121024809,0.20265688090845077,0.2566831445439403,True,True
1510,1203550.4522037138,0.9574844146369104,349,0.9883832705909207,1.0630350252203997,1.1163121847465163,0.9757527396968401,-20429712.102797806,-17534689.349790815,-0.14252495777963015,-0.3090431851701451,0.22529812141381142,0.2847005131955786,True,True
1511,1085592.8790955788,0.9697239170056363,355,0.9838743992140402,1.0306939458039142,1.0195890420062732,1.0863014789619785,-20944690.641898233,-18333656.25524565,-0.15572626683143237,-0.33582586480173965,0.18811730511192803,0.23675187535843165,True,True
1512,965640.9391708965,0.9700907573610478,353,1.0960615799451134,0.9769536921023505,1.0090120655930075,1.0825557616097958,-24385018.87869656,-21302486.763183124,-0.18186757336934975,-0.3814739414941545,0.13789242078054215,0.17639154056205328,True,True
1513,1036014.1221406084,0.973540295194978,354,0.9273583939393184,1.0741965618186677,1.1234838727310412,1.0884353090473489,-20139737.904665392,-17607062.425363917,-0.17073930323971076,-0.3672513914432928,0.158574677817197,0.21223148519852666,True,True
1514,927988.7129499048,0.9474072908709721,346,1.0799673264548173,0.9553025098056382,1.0799872175366136,1.002955230929197,-24215025.045808066,-20859177.761345398,-0.18920628899275654,-0.3933049214501397,0.12927119471168982,0.16976906269747505,True,True
1515,1035788.9066678437,0.9894649884531251,363,0.9823271203549928,0.9982437969271101,1.037178407974531,0.8847392797391138,-21146339.767436136,-17854761.39979108,-0.1620759365802517,-0.3393232009780548,0.18513131823902299,0.23416283344286606,True,True
1516,919328.098145553,0.9493478731828432,347,0.9190302610196945,0.9712724077209756,0.8302585309897661,1.0271239560483616,-20143061.505534314,-17446322.643826593,-0.16984593475939758,-0.3557577190802872,0.16163552259684755,0.1986625250748012,True,True
1517,937731.2093038303,0.9536009392837042,349,0.9548991136925866,1.0096723426351253,0.9420899990794929,1.0006422575383704,-21138793.832268726,-18210607.11042292,-0.17887754947685505,-0.37362020195200274,0.14659986948488185,0.1875739690111982,True,True
1518,1012079.4670888986,0.9387189597407694,337,1.0150412420784622,1.0249069462708793,0.9990411839314093,1.111352104149927,-22210731.027228545,-19507983.08630181,-0.17148787045467914,-0.36486768877554776,0.15530152245061804,0.19825496779263915,True,True
1519,996580.3550269937,0.9090183708016654,328,1.0783336675854307,1.0005608696220898,1.0543089085759534,1.181011286623532,-23848277.50562654,-21186496.916499022,-0.1788756115375321,-0.3810593780486712,0.13942334893093336,0.18066205591985435,True,True
1520,1136953.9391243784,0.9920131026024134,363,1.0000039882951817,1.03913259772719,1.1989381097418352,0.9344591165633351,-21165285.15047288,-18016756.97139867,-0.15550587706213465,-0.3325671140247562,0.1971208935737415,0.2566450396673052,True,True
1521,1101059.5528959776,0.9473096263367625,354,0.9299108640530328,1.0490267481314695,1.0503612304263983,1.0778055260902493,-19583455.427890312,-17117164.75376133,-0.151174598415838,-0.3285634531862776,0.19874724838425323,0.2524264137319024,True,True
1522,1001187.7383925542,0.9773594355193751,361,1.0648899636367988,1.0218270291046503,1.0445312975232246,1.140340059399081,-23556835.446824353,-20781603.619406134,-0.1792654242949489,-0.3805003068485343,0.14042000560901144,0.18234026244140303,True,True
1523,923395.795908439,0.9327069168396268,342,1.0170421306614683,1.0835921478376929,1.0892665212203327,0.8804056782102019,-23192304.513855662,-19554884.426772214,-0.20785963986258768,-0.427290744220063,0.10762186381630233,0.15175788853868497,True,True
1524,988289.5937906593,0.9264247682202589,338,0.9749638408485448,1.067932780449461,1.0552712841537883,0.9691074066480841,-21592370.760885376,-18489510.10222735,-0.18210312464375436,-0.3814350587307944,0.14302039226019503,0.19012295465419782,True,True
1525,909452.0024671992,0.9436763533308705,342,0.9871133292977012,1.0104016805362512,0.922310864593046,1.04332358893826,-22137222.42513002,-19205432.931156904,-0.18790132376578259,-0.3910332159797067,0.12959877432908667,0.16700759080759978,True,True
1526,1290499.2351333937,0.9704527987524751,350,0.9643068702726628,0.9451476205007611,1.1310819836068202,1.106657266480353,-18756585.88191317,-16538719.095579952,-0.1171647209704176,-0.26770003310368684,0.2852663775924033,0.3497065899174954,True,True
1527,1249775.0307291483,0.9524228810306495,352,1.0121629621327846,0.9633200784170527,0.778239479670705,1.0497851083368337,-19979468.39645435,-17454716.409920264,-0.11822796588731242,-0.26172386526438124,0.28849281937488186,0.3313817385799658,True,True
1528,1085171.8772134064,0.9664320589947142,352,1.1825971634708528,1.1144655904964842,1.1813726719099842,1.1458680250461533,-26379802.949244697,-23272929.263657402,-0.18813350904683512,-0.39970626697177086,0.126570559298874,0.17214699267563913,True,True
1529,1287866.8181526281,0.9658983696826625,355,0.9293547488492047,0.9965996127695366,1.196362074730522,1.0056743592145239,-18168220.167031214,-15694921.497759093,-0.12037944344174424,-0.27089961672301716,0.28324539850184766,0.35468812224747603,True,True
1530,1238050.8706116863,0.9296428560069132,335,1.1360150214359503,1.0339734401401173,1.0285453818469346,1.0176257002721203,-23679656.015358485,-20495400.504291262,-0.14394099850822822,-0.3102925813963524,0.21911142245006673,0.26815435250759023,True,True
1531,897527.8218820032,0.9549388012451604,343,0.9379358177406534,1.0833530408965137,0.9977586496956449,0.9353622885483319,-21335924.476243783,-18159114.66773128,-0.20441205605184637,-0.42183307816531684,0.11027785372132426,0.15284524800029495,True,True
1532,1132772.8079789227,0.9798616309396342,353,1.073664835941612,1.0345538309654596,1.0329005097930812,1.0776238214690135,-22878839.614727985,-19998110.578449294,-0.15573698745192763,-0.3348586056625643,0.18843848736683502,0.23556133904509777,True,True
1533,953216.4631885595,0.915312128783645,329,0.8720041181524443,0.9864739844477834,0.9903713368346119,0.9704845327874098,-18897097.85813309,-16196194.035102367,-0.16640126606136235,-0.35120022314301763,0.1718862116319626,0.21986772360300297,True,True
1534,1108473.9709102677,0.9156462207230204,336,1.0272200273980943,1.0941999439481505,0.9157886497720994,1.1247003562325717,-22031012.38184724,-19418642.385783885,-0.1582777540083053,-0.3402097104957415,0.18054494706214355,0.223420120057601,True,True
1535,1093221.3619037913,0.9514706074827453,349,1.091275866669495,0.9727441365571043,1.0407886680097966,1.228823217780777,-23361524.64116354,-20970644.83488114,-0.15775183070223234,-0.3438560681700087,0.17642523092628515,0.2202272650351379,True,True
1536,1068236.645135826,0.9586969820882398,348,0.99737364795648,1.0226938712285731,1.0207218944655607,1.205659857944613,-21375267.85637794,-19103665.7407435,-0.15930784804715978,-0.34687475178666183,0.17458573140512215,0.22080547663745273,True,True
1537,969850.5314410815,0.9495007466126565,336,1.1360255936147863,1.0025327848307246,1.107160732536279,0.9317468450834506,-25526922.93902639,-21722344.790841606,-0.19150185185096344,-0.3954244886147803,0.1284136709026378,0.1701060913993623,True,True
1538,862486.8028947948,0.9242883294803612,338,1.0052334535009149,0.9941191039335867,0.8736847449285894,1.1014039765350916,-22832524.96658651,-19998226.193532217,-0.19714046693254633,-0.4085759793755984,0.11331928138362202,0.14612694394227696,True,True
1539,1087778.830562955,0.9269540811804484,348,1.0439302547291809,0.9559301287908742,1.0560337953599475,1.1551526239815182,-22162058.789033607,-19643884.659268074,-0.15364394342438942,-0.33406058693558716,0.188842047399105,0.2356292321001782,True,True
1540,1140786.3228213547,0.9464931809618957,343,0.8860526039832661,1.023365606730644,0.9064275679357168,1.1646243110823158,-17977782.431757554,-16006296.930003515,-0.13166977664389073,-0.2940838305192229,0.24106832763793815,0.2913744237113174,True,True
1541,1209103.3666643773,0.9574692838537439,350,0.9610187580791212,1.008566107160122,0.9984818428933963,1.063629371099933,-19382944.73143474,-16935692.0681423,-0.1298330205336559,-0.28724790316633875,0.2527815617899945,0.30744060854978533,True,True
1542,1084518.4661982977,0.9736256840007598,356,0.8763143056211241,1.0034353661672162,1.088030658614707,1.1236440789808173,-18210073.218577202,-16054289.164145684,-0.14520877315559788,-0.3203889164824404,0.2098056817325019,0.26720433420156486,True,True
1543,1240323.4383892915,0.9756387990755323,357,1.0933684279254798,1.0114327712390172,0.9134842051572669,0.963927032513813,-22399665.144850962,-19217452.768403187,-0.13458342103132898,-0.2893205041260708,0.2470853377635255,0.2934394454986907,True,True
1544,1041262.1724637762,0.9503389849783422,349,0.9437907765436765,0.9635129643840918,1.086218085923191,1.1064519687305114,-20043469.09040694,-17604913.606124967,-0.15528532098557907,-0.33681213480244304,0.18805509569067957,0.23931266494879894,True,True
1545,1055297.974929858,0.9612223901723289,354,1.1298442878129151,1.0081573774895096,1.048706967898343,0.9035016157516297,-24743663.692962877,-20964230.336073622,-0.17164149759769237,-0.35654691826694157,0.16426354378845195,0.20796854952257277,True,True
1546,1072221.13983867,0.9494391691676597,346,0.9872770398024653,1.0307416073359585,0.8820232831075276,0.9369287522131295,-21013863.32783551,-17923804.685211837,-0.15334821022008843,-0.32279629826227874,0.20147562905518618,0.24468770116422126,True,True
1547,1182074.2862088354,0.9800868753743641,355,1.1949850698133095,1.08523634343816,1.0329975442558204,0.9140624395363658,-25762006.307894036,-21871678.294646006,-0.16180794889799946,-0.33875752121066965,0.18389268605195358,0.22946845724056908,True,True
1548,951265.8090086739,0.913900113063553,335,0.9316934515783473,1.0199500133041546,1.1576871455155677,0.9033541360887472,-20655151.372876365,-17479644.20554307,-0.18520126990170127,-0.38717465599019263,0.14102050785755132,0.19316654037168454,True,True
1549,1124256.4624573,0.9267284543443318,335,0.9748931328767779,1.0453539133663121,0.9678042843605871,1.0489456760886817,-20458384.977004334,-17802227.507647343,-0.14756887563461057,-0.3186386074167735,0.2085920895929868,0.2574425302065872,True,True
1550,999062.9711842714,0.9440438506896369,351,1.0484553903013931,0.9916802871557503,0.9605649272895883,1.0944566424236004,-22977902.98264905,-20128072.625717074,-0.17113269768199654,-0.362073245116614,0.15638050930500735,0.19613236295279288,True,True
1551,1194523.0189656275,0.9296163569946385,345,1.086484736220457,1.137742384625191,1.1789531679103193,1.0617477827530066,-23299017.724818304,-20284112.888964914,-0.16266511307662582,-0.35081358202310714,0.1752085926278212,0.2305790148996852,True,True
1552,1283613.7442886583,0.9420628282933841,340,1.0028381314845447,0.966713234834921,0.977039306745622,1.1579080041684258,-19706997.80000672,-17557539.06689382,-0.11896281941384108,-0.2706917073573699,0.2767931830900594,0.330375956924463,True,True
1553,1047170.443766874,0.9907482719166399,364,0.8905986749187083,1.015215151673854,0.8271636153755619,1.0228358569858738,-18672602.076747008,-16182420.243154401,-0.14536410500808664,-0.3115290151774281,0.21544035117877458,0.25884970641133015,True,True
1554,1139835.4146527795,0.9690284635062123,358,1.0306596690651073,1.0616628360237734,1.0511213330527633,0.9701889023598833,-21876876.778406013,-18756524.227457173,-0.1545072428775201,-0.32925755339579266,0.19715258661882767,0.24835172166591019,True,True
1555,1012663.0019047434,0.9544965276423107,349,0.913030011084924,0.9766035684044732,0.8831105019092297,1.0653278514519875,-19374699.482828587,-16909317.851768643,-0.15193639542094592,-0.32571143264801233,0.19747198495083995,0.24058873955936394,True,True
1556,1126189.6728760288,0.995602893169638,364,1.0060613320720024,1.0680538452166195,0.7661322965783086,1.053482101190697,-21140120.932395212,-18430047.581518613,-0.14504503024504384,-0.3106052410271008,0.2142730123580402,0.2525717159466898,True,True
1557,1144562.3779376557,0.9649232532489893,356,1.0452358898705965,1.0146927809525859,1.1804074691168351,1.0230473889451905,-22129757.65873971,-19145762.81280271,-0.15466705825884264,-0.33347284714050107,0.19390578949772178,0.24951671420211513,True,True
1558,1261445.6003596112,0.9222544654144162,340,1.1015014805850127,0.9317742044480194,0.9874803987374793,0.9928728394626877,-22203416.66712349,-19156239.12109905,-0.12823639973457923,-0.2795965179246969,0.26257732389384886,0.3125000980784596,True,True
1559,1279255.14007716,0.9502386031031623,349,1.054352402688026,1.0229363894649073,1.0397843655138719,1.0895161940505986,-21310552.17210538,-18708070.433235023,-0.1307626786788924,-0.2900898944597016,0.2483614817312207,0.3027536468032238,True,True
1560,1211590.9769628723,0.9813679555472689,358,0.9653950890763046,1.0814764753421426,0.8475092174729375,1.0206539952963964,-19626129.537155088,-17018856.040353905,-0.1314788556177383,-0.2863886664108242,0.2516702309080326,0.2990631450509174,True,True
1561,1059902.019636165,0.975009434898025,356,0.9580800941899996,1.018199583595305,0.9563562635698294,1.092785010644361,-20383219.266669832,-17868275.051035967,-0.154469114383541,-0.332737598921863,0.1904302199220164,0.23641316905178622,True,True
1562,1045656.8737254866,0.9647531878344802,352,1.0926712370655638,0.9879369603904633,0.8102510088720376,1.0348564447425428,-23613067.272391334,-20497803.61969103,-0.15963211998434257,-0.3358175264191278,0.18172717473556046,0.21631721489258135,True,True
1563,963294.4995976426,0.9539858859791278,353,0.9095019285549367,0.9197230007379945,0.9172857895213429,1.1137509650215793,-19442894.313267495,-17109069.607477635,-0.15604113480671133,-0.33523078008011303,0.18577384925663706,0.22800464153477085,True,True
1564,988442.9546097945,0.9377665500152185,337,1.1054903244106984,1.012869831026686,1.0904432210613098,1.1102275397080101,-24660797.428734224,-21634400.238356628,-0.18584892003674605,-0.39179270425546037,0.13083917062940228,0.17249351353030107,True,True
1565,1204755.6008743122,0.9537379145093153,346,1.0008014891125665,0.9997634475724981,1.0855174972880608,1.069176010115758,-20451923.804524157,-17872206.579760455,-0.13628514245144652,-0.30027923257088546,0.23505997255013608,0.29134643167591556,True,True
1566,1022535.3858206264,0.9403647028362756,336,1.0090204875851918,1.0077231297062164,1.1338549856956137,1.082084893028775,-22019442.126689076,-19233265.31395394,-0.17214232500572738,-0.36757004602515075,0.15581773882069355,0.20494520678054806,True,True
1567,1065161.6857546954,0.9557090093503792,352,0.8769920982651177,0.9591171585867513,1.0252334821677729,1.0161044013058949,-18137865.825488698,-15690648.61301024,-0.14155007913141476,-0.3074724586127433,0.22523308465766528,0.27974801243615455,True,True
1568,1255434.5729819553,0.9689967959558063,352,1.037801650813526,1.1125099398590406,0.8432569310058288,1.0033398874165447,-21236735.495826423,-18354881.11314624,-0.13396937682831564,-0.2897881641853552,0.24608734431009782,0.29170940155592406,True,True
1569,1094753.5787188567,0.9456790496932136,346,0.9934711644176594,0.9175976867656961,1.0841397073641998,1.0237413602238687,-20720996.921985675,-17948384.71073328,-0.1451276114217883,-0.31376111575380267,0.21582622585605282,0.2677343494273608,True,True
1570,1039243.7109267112,0.9523195784965509,346,1.0335962048309146,1.0683985434520689,0.9332169363962476,0.9887580408885541,-22601685.2440861,-19439095.069588892,-0.17006148352317046,-0.35644503986399756,0.16333003810651342,0.20501938734506042,True,True
1571,1260815.808092912,0.9289045393755906,345,1.119696972242661,0.9588261958475427,1.0060917943566545,0.9876010117453344,-22788311.193891402,-19633749.846129134,-0.132507321192162,-0.2874487732932975,0.2509374406952607,0.3009028543772702,True,True
1572,1091602.998743039,0.9908286574202028,360,0.9719814252175689,0.9937749102630663,1.0968133561185056,1.1265080905541167,-20520066.140915234,-18091985.031712797,-0.15229710991316472,-0.33236405610815695,0.19348426974340954,0.24591625805864395,True,True
1573,1055226.447566593,0.9528171347098758,345,1.067092064672921,0.940945887691204,1.105813530071051,0.9493913873544272,-22952232.454838403,-19603840.47660043,-0.16138023092439935,-0.34039192307846794,0.18304357970936075,0.23112258427826696,True,True
1574,1076272.078438087,0.9794916960540728,361,1.0197478038125656,1.0047241265764384,1.1046343648685346,1.0011448598110397,-21872829.53874757,-18849495.293024246,-0.16081839230962944,-0.3426773782979356,0.18176473556550163,0.2325298680735311,True,True
1575,1134501.973901175,0.9880786681889534,362,0.8961117931428213,1.0205774984322065,1.20670291199397,1.0325833007553076,-18517646.79753778,-16048836.807562461,-0.14437340122099793,-0.3173259475239893,0.21716485213401107,0.28259544521163993,True,True
1576,1098748.2166140454,0.9467083380067215,344,1.088120880059254,1.038530863807223,0.9738433161924195,1.0269853132896398,-23450242.08685628,-20312796.14587433,-0.16107718244903688,-0.3414180403409987,0.17954635090365534,0.22273889503700214,True,True
1577,1071746.2542045556,0.926179667894244,336,1.0203419511265632,1.0871640578452355,0.8535433068047663,1.2133487547513575,-22045465.631685227,-19732916.643967614,-0.16146812457093573,-0.3482592320926568,0.16957039666293905,0.2080803671204276,True,True
1578,954563.1197896685,0.9291561156236904,327,0.9549369819861212,1.091006656421001,0.9479054618370382,0.9839125184701547,-21346865.326818373,-18328655.233810715,-0.18743943039107472,-0.39011765470709,0.13318046100312628,0.1752538381002183,True,True
1579,1056571.8132738387,0.9733257139254481,357,0.9602148991418457,0.9889421330610251,0.915241896263844,1.116069119957596,-20310961.66005566,-17888851.163775083,-0.15048193133457335,-0.3253597638429677,0.1979476446114814,0.24171391022522765,True,True
1580,1095367.0062515438,0.9417013139982123,337,0.978711623768694,0.9856053277362068,0.8727417606244767,1.1545831218149187,-20444133.592930112,-18147884.271153998,-0.1434136569539428,-0.3132065593686653,0.21218659150249308,0.2545175558158208,True,True
1581,1125270.777237657,0.9505907037643346,348,1.12361857742774,1.0772588001509882,1.1028553727392054,1.1187828503012223,-24410081.378291644,-21467244.75666743,-0.16819148231945785,-0.3605368585600345,0.16131866621132124,0.20836937852732826,True,True
1582,1092099.2529135344,0.9199410450763762,336,1.1456172548933792,1.0280034672800704,0.8821332574428185,1.0533010087960006,-24817364.9793119,-21604398.39102936,-0.162129050074713,-0.3422128710697742,0.17568979812086505,0.21279504498312346,True,True
1583,822093.3831903359,0.9379980899754053,341,0.8766691681703471,1.0390471527866831,0.9996228046425054,1.0599679113942302,-20169309.379750334,-17519474.648717288,-0.2171812099579857,-0.4512354353184623,0.09131515080796276,0.13212446232811895,True,True
1584,853386.5794728022,0.9470699076406848,345,0.9890269595464825,1.0496032524928152,0.8879388900338703,0.9640563779084798,-22723914.084735326,-19442435.860397536,-0.20978583206942814,-0.42848181968764515,0.10099031520103338,0.13535267935723563,True,True
1585,1201176.3483501752,0.9445753311862578,346,0.9313185991126494,0.9864080589262411,1.106990874624948,1.1519794634731273,-18706146.108546585,-16608848.235769855,-0.1296578752958244,-0.29264212323417044,0.24674018784675691,0.3071624374813009,True,True
1586,1079668.0637988253,0.9416919332015034,342,1.0017143093063599,0.953450823535661,1.0718320760845237,1.1387320406914359,-21167244.692344543,-18708554.99013341,-0.1517515108362858,-0.3306305511581162,0.19391480396097613,0.24310364921067917,True,True
1587,1023398.595364881,0.9532946235046322,346,0.9235405289727722,1.0711682769199486,1.0012294506639945,1.1020060723471112,-20028218.782366022,-17562745.235191662,-0.16735201027506197,-0.3587279278617482,0.16389013819885426,0.21180451769046238,True,True
1588,1110121.7626415216,0.9438339548809956,348,1.1767748001179181,0.9446268156110473,1.1323425431770027,1.1899462704875028,-25341813.534598,-22582117.945311125,-0.1616587425800727,-0.3499520893125826,0.1703896625970106,0.21516210346170864,True,True
1589,1060161.9006379119,0.969699896676657,355,1.0080401757186077,1.02809936862994,1.1606750619445434,1.1558708862086908,-21831291.084382694,-19318267.886176653,-0.16801664000731265,-0.36365969833252104,0.16032103756608035,0.211657090194557,True,True
1590,979194.2698539947,0.9782377202790757,362,1.0413924193900204,0.9817468696917455,0.942357706473587,1.1271097608825649,-22891158.058346897,-20164186.045736287,-0.17274047778285276,-0.36586406816698114,0.15193348517746347,0.190253716946279,True,True
1591,1035229.6006209691,0.9235315643885534,332,1.0464023002324085,1.0708247371871915,0.8927522075205668,0.9470833725642631,-22928577.882257633,-19581199.40494566,-0.17053573597891306,-0.35477275128436914,0.16417011393756398,0.2038911369791687,True,True
1592,1149056.7489593844,0.9519274678365636,354,1.1471905892948693,0.9350027613958662,1.0036663604288774,1.0006642745029406,-24178690.942208935,-20864319.693027712,-0.14829952711253916,-0.31623915829701915,0.2094890386389685,0.25372852024606324,True,True
1593,1069426.6114093438,0.9750928812098647,356,1.0567672023647219,1.0130543488750656,0.8326446700414954,0.9806095649676764,-22660351.601652518,-19484206.000996325,-0.15598406813455262,-0.3278402070417477,0.19277199701749398,0.23066177120794773,True,True
1594,1186981.6526254693,0.9654636060402598,346,0.9513756605192067,1.01537871320877,1.2003911220178123,1.0638213551562115,-19505132.25705624,-17011052.62205355,-0.13994264630996106,-0.3095058441578473,0.22596867573606613,0.28977890438763004,True,True
1595,1183492.3731201906,0.9291505300857774,339,0.9306907677874903,0.9336422256809003,1.0458961042089054,1.0600131417623775,-18551615.6777091,-16203152.585470427,-0.12543460936016607,-0.2795058459228102,0.26519346881908984,0.3228166210363987,True,True
1596,1050886.6057582982,0.9588863186053042,354,1.0437004084689978,0.9914751808077572,0.8875230164057493,1.1635869772856646,-22427076.284023374,-19909124.98135926,-0.15795627692254033,-0.3395716900573121,0.17902512781111155,0.2176294421712736,True,True
1597,1085729.3725028099,0.9625220214184178,347,0.9343090869981611,0.9738955352230892,0.9997016907832177,1.1248227604042993,-19461949.314302567,-17172861.730560794,-0.1441868151939443,-0.31590044971931314,0.21210342491587894,0.26206822783311656,True,True
1598,1076457.7570597818,0.9161245690228064,340,0.9620662963971959,1.004002242679854,1.0763475962012776,1.0282506066571933,-20404004.919381022,-17673904.61865276,-0.15460060994958422,-0.33244349108711074,0.19377103393046724,0.24609681373751563,True,True
1599,1030762.8442914549,0.9286589008723549,340,0.8952547999689602,0.9501660796884274,0.8473410694762447,0.9925804982707057,-18665397.990701526,-16091509.617862428,-0.14247167782925538,-0.30478331899750966,0.22448097956466412,0.26818370643998324,True,True
1600,1147408.8228507196,0.9591144183421578,352,0.9268974062695204,1.0371821258024758,1.1066933220394684,0.9608615617056453,-19178657.346780136,-16414370.704328228,-0.14322184482830164,-0.30995852992425377,0.22454874474336978,0.2846461888449614,True,True
1601,1002444.938674087,0.961538566437323,352,0.9785939293932919,1.0681300855732587,0.9555146804548245,1.0340821164925924,-21507971.399774496,-18636994.26322906,-0.1744822920833869,-0.3674770415690167,0.15323324125081503,0.19625012586392102,True,True
1602,955249.4878656674,0.9517239449375064,354,0.9230127448159428,1.0570909919810751,1.1600363847250892,0.8845114212370606,-20559771.344210256,-17339528.00603887,-0.18982635106007067,-0.3962395921353041,0.13450791729838174,0.18765068371768442,True,True
1603,925630.8265833587,0.9417677522637162,349,1.0039433866303096,1.006812546628843,0.9610860595799714,0.889930031702706,-22454024.780577403,-18978115.799354024,-0.1863460911700343,-0.3829427932604434,0.13814233896069555,0.17814685228664834,True,True
1604,1028569.9823723822,0.9143592985488234,328,1.033834869937087,0.9985286323742083,0.889628159625195,1.023928359010739,-22371983.527371734,-19372839.104482397,-0.16219338053351817,-0.34193062992523887,0.1771746648813445,0.21641564787899784,True,True
1605,893504.6791365335,0.9198402642359084,331,1.1082818263080547,1.1299390361090833,1.0539705636377419,1.0336623842984913,-25846731.143216565,-22349141.417583574,-0.23248608433067447,-0.47772404484919834,0.07570537508735604,0.11267223391076467,True,True
1606,1158152.47326581,0.9447650515491303,345,1.0792722263466425,0.9694625311120786,1.0937292466632103,0.9665894314058764,-22630833.273643028,-19398189.48314568,-0.14767436288829403,-0.3159273387481237,0.21314153282469822,0.26464063606642774,True,True
1607,1029217.6071660874,0.9263536639984943,342,1.0386576750858323,1.1114896073185188,1.0781265496926333,0.9934755180119814,-23084362.510787945,-19847682.103999812,-0.1849437282847113,-0.3878485913818497,0.1373138227623836,0.18402805258891475,True,True
1608,1228769.2410056288,0.9933949320692752,362,0.9871299400145781,1.0537185352994791,1.1285934465335727,0.9023563733994913,-20193910.46482429,-17100065.3617764,-0.1378855949518142,-0.29741799018724036,0.24212739119517762,0.30430503749610144,True,True
1609,1090028.3899959992,0.9409039571970147,340,1.000386264367941,1.0239471761724677,1.0128847747365604,0.9417456058659102,-21293401.14372536,-18166523.211125027,-0.15533067330963937,-0.32882143479336357,0.19683360979813247,0.245901074790249,True,True
1610,1007712.4595189744,0.9709861300770545,354,0.9613837597475704,1.040585595110938,1.0532519471539936,1.1866858797309296,-21003996.22267746,-18683238.800026517,-0.1723335323596161,-0.3713460120521626,0.1509746058056027,0.19765582609780702,True,True
1611,1040738.7248091714,0.9597583077675305,347,0.9032281795669976,0.9972568179367377,0.8731814563907998,1.020888353996625,-19000464.230225045,-16456011.71477326,-0.14751943980182855,-0.31593848824579635,0.21034649179024548,0.25505490163468764,True,True
1612,1116464.2199126831,0.9254163612868084,340,1.0802188526506937,1.1061125008015797,0.9225264256672739,1.1488582293903737,-23351444.078149393,-20662768.50948754,-0.16263736571510273,-0.3488160395904558,0.1703794001477713,0.2115325408178822,True,True
1613,985072.7867510038,0.9637153612702504,354,1.027017740456216,1.0438497499295631,0.951429276096411,1.0128118216266173,-22743761.66717132,-19635094.35493438,-0.17886981169755803,-0.37377210129987076,0.14601406446438078,0.18629879417656464,True,True
1614,999932.8974742807,0.9455501993583777,352,0.9553566959134395,0.9851864628742364,1.0524299381436997,1.1263482136174516,-20687282.089291535,-18220635.203880444,-0.16605288720158237,-0.35681601898984794,0.1651022908132015,0.21220710122902275,True,True
1615,950250.4172141837,0.9255127584334222,341,1.017548955653206,0.9740313292023824,0.8515193163104424,1.202195037384671,-22407053.95285503,-19998526.175176054,-0.17242857401296602,-0.36655637213385966,0.14905830717013294,0.18329284096787724,True,True
1616,1112291.7490951177,0.9741778444705851,359,0.9919593119485862,1.002557958004979,1.1228877914220567,1.00176566023743,-20929272.088689294,-18042883.03269268,-0.15229288350390177,-0.32760781064793865,0.20041491093130373,0.2551296088726639,True,True
1617,1076003.34866112,0.9447184222575746,345,0.9910495459353114,1.0418409016416759,1.2164198768571266,1.0881864806656547,-21393593.768350806,-18704098.364114027,-0.1674220310172254,-0.3615686694448206,0.16475367275345368,0.22067486792555194,True,True
1618,1168316.787941697,0.9641310014901721,355,1.086419573214635,1.054003883160646,1.0726882497025783,1.014679822987866,-23056172.728402585,-19926857.291367743,-0.1542114249889002,-0.3302991696625408,0.19526535361187877,0.2455325873662797,True,True
1619,1102429.8486339333,0.9711798528264436,355,1.0537340927663603,0.9762654855978626,0.9175999838577882,1.1015311736554414,-22268929.01909525,-19567828.028835732,-0.1492924926173508,-0.3217695208063379,0.20137242147126552,0.24319595058106025,True,True
1620,931946.6780623628,0.9645599994659666,353,0.9628621460464318,1.006662926898701,1.0754438703595313,1.085786361127451,-21460875.638738856,-18744539.764705136,-0.18674620027543623,-0.39423027999335003,0.1308036757610563,0.1755475332042717,True,True
1621,964148.944932102,0.9476559419135917,347,0.981531093009783,1.1247191121376154,1.082958477371954,1.0101834129867135,-22174734.373456758,-19107860.36175615,-0.20011416657322487,-0.41855673179858255,0.11431286437550099,0.16065817209671562,True,True
1622,939294.1550441002,0.9260464946529013,336,1.0509805529260503,0.9170210833034862,1.1213314157512368,0.9367080352243794,-23286208.601875164,-19835514.85976101,-0.1807478120419443,-0.3757885022667661,0.1461070447334544,0.19020504349072925,True,True
1623,1089977.9989115251,0.9566652808582264,346,1.0183043333296837,0.999973669827861,1.024375351684052,1.1771935229746604,-21655534.640239608,-19267828.918109942,-0.15466858032338315,-0.33692663187929206,0.18555673736355902,0.23213990141848087,True,True
1624,1080608.7454070225,0.9361931462443188,344,1.0078514496830155,1.0604812062437725,0.9130078176382165,1.0054581307774715,-21611487.869949866,-18653016.832657427,-0.15801549219561334,-0.3347893963235276,0.18725019982665655,0.23069710610093747,True,True
1625,1049713.2162436766,0.9468829389181119,344,1.0426331761073493,1.021289981953161,0.8705575147209778,1.0721432765177497,-22514131.799725477,-19664067.123762492,-0.1607294639204505,-0.340962505995606,0.17779347893247882,0.21637654778470175,True,True
1626,1208013.4349949472,0.9808769480343926,359,0.9814817124919153,1.0156497467584473,1.0094591534873842,1.1386200978414842,-19940529.47244492,-17661580.144676067,-0.13295072942864786,-0.2961697377351023,0.23925181225227896,0.2924977448501204,True,True
1627,962301.8462831643,0.9391286651747393,343,1.066778220402086,0.9183489225334628,0.9657311424923801,0.9943413257072267,-23411841.17605196,-20158978.649851166,-0.17124938187137692,-0.357552442800341,0.16041817305026854,0.19895191544649973,True,True
1628,1019347.5951454141,0.946473244695599,337,0.9222577720638652,1.0259091125401723,1.0747876844405737,1.0294914359030605,-19900803.397635963,-17229647.864268992,-0.16519037115565574,-0.35287645701086123,0.1716399478971417,0.22324979894549135,True,True
1629,1016291.7213927901,0.9582159769214192,348,0.9596575848527282,0.9732294131003407,0.8990389456385471,1.0248611191100108,-20512983.811980363,-17770431.42858448,-0.15571027717761649,-0.33075914529524597,0.19118113215286842,0.23334380329275242,True,True
1630,1013216.7429550814,0.9439310255604871,340,1.0874820801438416,1.0440784646244787,1.0913698251968973,0.9616927546966267,-24159899.04613806,-20664809.69881002,-0.18336790741048614,-0.3823146739393933,0.14079498986345235,0.18546521371442604,True,True
1631,1183244.2344765025,0.9605151459015161,351,1.024848332689506,0.9685674362198584,0.8570893246344132,1.0971998146330164,-20877416.808388885,-18367708.42253244,-0.13154286114808914,-0.28877211525446284,0.2461593189524982,0.28957685890543744,True,True
1632,980197.132537116,0.9570958435016056,348,1.052007211219709,0.9951842471341604,1.1608373278419042,0.8921443992705784,-23362670.579797078,-19740980.181852516,-0.18430640249305558,-0.3826423691866895,0.14230446372701758,0.19010770996417406,True,True
1633,1043108.517087356,0.9838624242621299,359,0.9623204252611589,1.0010949969293683,0.9762721301033397,1.1159539121699888,-20557592.178117514,-18091116.32862439,-0.15686890046915267,-0.3382022233037686,0.1840421901948919,0.22974218553992198,True,True
1634,1161572.2332862595,0.9664588689797947,355,1.1113431334813615,1.061918726433252,1.0793158776647411,1.0353442033813998,-23764487.703577213,-20610225.86541834,-0.15834732610717397,-0.3386890389793586,0.18510818530134968,0.23404135949402766,True,True
1635,1280612.020791573,0.9953366746401254,364,1.0113606655786853,0.9790788309057801,1.040903883163758,0.985128723399779,-20052315.07531593,-17271172.593305115,-0.12309511344660005,-0.27161877137570234,0.2777987535731272,0.3357462394857766,True,True
1636,1110442.529292458,0.954484665965514,348,1.0614202906937285,0.9992756731862018,0.8769775400895584,1.1084863364855924,-22460493.735853765,-19762695.81114828,-0.14946799201264635,-0.32181650733173633,0.20055743294356257,0.2406448640142246,True,True
1637,1108183.6539499713,0.9704221047723273,353,1.09832159412715,0.9565363364814033,0.9693558264743958,0.9341832395423932,-23306861.197532546,-19870582.732037116,-0.15175379124540275,-0.3197326247772502,0.2052573841905142,0.24900197422315795,True,True
1638,1086213.077658309,0.9172781133942763,339,0.983701898267757,0.9926773759188591,1.096598229912829,1.0147434655013372,-20846752.041293167,-18014084.763873152,-0.15419608568601215,-0.33114362396030156,0.19538260511089858,0.24801624345005033,True,True
1639,873368.6424084906,0.9454526309577626,341,0.918236996071978,0.9579032941599317,1.2037736412383748,1.0413665100551708,-20649781.420470156,-17885947.59914244,-0.19726675370060584,-0.4155055177830612,0.11746411796514399,0.16643525057985495,True,True
1640,1135452.832513316,0.9442604126944987,342,1.0770629241694438,0.954171548985731,0.9195415981995707,1.0172413410768817,-22527124.164604522,-19506455.84325555,-0.14388912073395893,-0.3082366054084975,0.2192709036545642,0.2621699704087842,True,True
1641,1041229.4270114156,0.9449348762236748,345,1.0863548044915765,0.9932436542376178,1.008725621069007,1.2173019345731244,-23666078.393296078,-21179536.9294944,-0.16780238448536802,-0.3612464594804208,0.15730798571519922,0.19814607956406244,True,True
1642,1175994.8492073119,0.9616144782189358,350,1.0205458485369765,1.059876652682386,0.7912340321705639,1.0964472770752463,-21126851.564294767,-18573113.744566597,-0.13821476578871658,-0.3003146774378031,0.22869550680048778,0.2689791803608251,True,True
1643,1127498.7949800852,0.9489637499201197,351,0.9407382067281344,1.0598899974485745,1.023779955835807,1.1209873268828625,-19686627.417715613,-17349062.357661925,-0.1474878517538699,-0.32301998156650663,0.20466919046882592,0.25734892798356973,True,True
1644,1088954.8073825534,0.9163452062997132,342,1.1354464374513886,1.0211999668961205,0.8962553383328445,1.1141865806939015,-24570527.463642646,-21617828.51461801,-0.16173461496478567,-0.3441491461836314,0.17355806585793157,0.21099974590557805,True,True
1645,979021.7855472987,0.9506649563810101,350,0.9580531021744707,0.9863817222206274,1.086506733989018,1.0938809091356485,-20933267.942819774,-18323445.40524939,-0.17243061046828523,-0.36799288951760556,0.1547096060421746,0.202308658140258,True,True
1646,1002220.3074923836,0.938384298044249,335,0.9616362650388192,1.0906668994037936,1.1650881436868044,0.991390853149958,-21332023.897518124,-18324793.72835254,-0.18647270487311252,-0.3938429670896793,0.13568366876681337,0.18832187861355265,True,True
1647,1014720.8943754947,0.9477803938589199,354,0.9962782542475012,1.007729173709777,0.9540988814046394,1.1516481608201392,-21619854.305309694,-19133723.087942343,-0.16540534317052455,-0.3544375653299841,0.16486040314149908,0.20664395814947756,True,True
1648,1115213.1080663595,0.9309017127943263,345,1.0133660729780067,1.0681837979382927,0.9813597939235374,0.9638296000008567,-21587628.513827156,-18491601.227443498,-0.1555272059058015,-0.32981579482456125,0.19515054233703635,0.24312165111560313,True,True
1649,1131751.4176880307,0.9415851211188422,349,1.149975869430704,0.9564513418738231,0.9966312188969066,0.993637837447781,-24451764.461420897,-21068127.11247176,-0.15288072387728252,-0.3243081212836265,0.1991734302482535,0.24242555493508552,True,True
1650,1116027.7314323601,0.9470625164434967,346,1.0860564380463305,0.9701175879699101,1.1619590259212074,0.9975971705941593,-23158070.398802526,-19947304.98106221,-0.15745915285468415,-0.33628133260597953,0.1890283061293921,0.2407454866548184,True,True
1651,1051884.5083740402,0.9479036969710048,355,1.140340714232751,0.9732371037032077,0.9402784851895971,0.9461362923890381,-24805385.127242435,-21187399.37402625,-0.16515662114582988,-0.34401949321829894,0.17480466250119214,0.2136261017781156,True,True
1652,1104857.0918277297,0.9650600354581105,357,0.8955232549577747,0.9819983881803502,0.9590041534170168,0.9709342763180447,-18353670.417257424,-15755563.717788357,-0.13643885009223436,-0.2950208451090232,0.2415037766129391,0.2941094335819183,True,True
1653,1123263.4221329058,0.9178000288641643,334,0.9213096101681311,1.0266441120316359,0.8846165936951962,0.9012057982048999,-18980349.863909055,-16089609.201786961,-0.13778954806861662,-0.2933491409465818,0.24283051627808663,0.2918048893838278,True,True
1654,993200.6406317285,0.9331666509071269,337,1.1799333413372577,1.1267644698029313,1.0632505652543702,0.8994718867200683,-26922065.551108614,-22781108.995059796,-0.20554946432605634,-0.4207943421123663,0.10919238070059628,0.1490960739875873,True,True
1655,1121066.9581516816,0.941504714504571,344,0.8811570865054174,0.9719875970826296,0.8807019762758937,1.0245169717794864,-17771223.62240671,-15423223.760044754,-0.12852438469210442,-0.28162397821434,0.2595593651350562,0.30927697249964753,True,True
1656,1077779.257250263,0.9365122257986054,342,0.8904080865351812,1.0111730357658664,1.2226061733069935,0.9395740220723716,-18747720.221893754,-15967554.230579346,-0.15412000143649043,-0.3319148010187962,0.20011435224033675,0.26451488722509864,True,True
1657,1043940.3642209992,0.9639383928479335,353,0.9954855774141901,0.951685792662955,0.8713537129498377,1.0114358325139945,-21100528.301205035,-18245666.837255847,-0.15034974392624909,-0.3194905470243468,0.20404815469574275,0.24473327138548115,True,True
1658,850201.0931508599,0.9415373707071849,340,0.957998061796663,1.0277139782155984,1.1383968042138894,0.9826239616606718,-22043806.74506177,-18899502.933896005,-0.21950582404586125,-0.45495493267617787,0.09119870018702515,0.13519000151178362,True,True
1659,983448.526112733,0.9602855488986346,346,0.9216388872478789,1.081872364657761,1.148103835183307,1.0837918347021462,-20416928.84909952,-17818778.76277972,-0.18561779331234665,-0.3959518158775258,0.1336105473365923,0.1858959043883849,True,True
1660,1046446.1716445619,0.9162563751834235,340,0.9878970857101252,1.061522164923995,0.9717019757526908,0.9109403292036796,-21410319.05751649,-18163505.346605632,-0.1655362761348209,-0.3461810622633006,0.17641899637112265,0.2226489778318824,True,True
1661,1087439.036185768,0.9593005307479928,353,1.055443828510203,1.1068256687670055,0.8020894097624098,0.9388701615785724,-22844102.222223546,-19493049.77218664,-0.16148228660713018,-0.3363656182361811,0.18295648286415195,0.22053373591004286,True,True
1662,1184887.825454599,0.9888518436699371,362,1.0205319989223218,1.010334399733025,0.9594935818189726,1.113971445987596,-21016492.419820633,-18524893.53215498,-0.13790913579065456,-0.30291498213046286,0.2281925751313912,0.27640334698460733,True,True
1663,1095440.1430215123,0.9590264862870995,348,0.9260573024889392,1.102252438344506,1.0005827955167024,1.150172439898973,-19698498.834067404,-17435464.25615215,-0.15622782839221838,-0.3404283321519014,0.1839260964766732,0.23458766485547614,True,True
1664,835295.249083976,0.9536107339713364,347,1.1146407411610202,0.9222707940079302,0.9564407562299384,0.9466050847225241,-25531296.62081131,-21788626.496066112,-0.2045116970588697,-0.4160292720684779,0.10766607424977499,0.13969006244608562,True,True
1665,935815.9675537996,0.9646161588803356,351,0.8920981830565796,1.1451123977398854,0.9455253299268412,0.9708425411926658,-20124934.006968074,-17232228.770139776,-0.19710429789377076,-0.40983228072548045,0.11952906329925546,0.16369120954456046,True,True
1666,1089984.7330401973,0.936900635055931,340,0.972212709955338,1.0706189438608988,1.135460330913398,1.0877322042572302,-20874798.895929933,-18257404.51423486,-0.16321846517431607,-0.3526851240838798,0.1728625883143173,0.22722374623152794,True,True
1667,957709.3275960576,0.9807646788073695,357,1.0124982427344398,1.0086934139166053,1.0241019029979912,0.9569244696533463,-22490068.44910746,-19224501.133852284,-0.18232952032364513,-0.3792964781548842,0.14257650645830658,0.1854690968284489,True,True
1668,1029664.2306710692,0.9652579980682827,352,1.1269009759450972,0.9966821847351011,1.1528430955519013,1.199901592230116,-24886478.385587573,-22175931.949327163,-0.17914745800073711,-0.3835937093401791,0.13847243703089754,0.18244868528129937,True,True
1669,1186892.0453225607,0.9889152673899774,365,1.145395253059381,1.1090822702927219,0.8350331364975914,1.015470425625694,-24404591.896561936,-21117552.309324685,-0.15262109653804176,-0.32326671793987066,0.19850531589917023,0.23714796756010742,True,True
1670,1060478.623050388,0.9660260389670063,357,0.9521414166849314,1.0217792511181838,1.004334084955076,1.07930950103359,-20283230.80342531,-17732316.18648923,-0.15607658145744746,-0.3361597621338168,0.18774745838890006,0.2362458511000933,True,True
1671,1198122.316077006,0.96256364471042,350,1.0216726854721974,1.0977407838208664,0.9982466548823523,1.0376542668862654,-21333248.16998948,-18525684.198225427,-0.14558167688812562,-0.31510751526119096,0.2140062138616483,0.26519219426206087,True,True
1672,1051248.2975473132,0.9175045786871565,333,1.0424540624892629,0.987058152500074,0.9622163331078817,0.9559787384483517,-22435361.68336665,-19193949.400086276,-0.1600253927108964,-0.33634828966439434,0.18543452983465677,0.2286854863026,True,True
1673,1087636.8037786677,0.9584901417588495,349,0.9924680805288926,0.9609479894018557,0.9676148575001167,0.899601227273995,-20824347.23249654,-17642066.49281744,-0.14671988862254273,-0.30990778311166856,0.21968167043423256,0.2674329801454471,True,True
1674,1137948.513849231,0.9520396136157384,346,0.9970294767562913,1.142236974447166,1.0618665301026493,0.9957090353906954,-21379887.95033623,-18402824.985725198,-0.16153976100630202,-0.3448523227190096,0.1807928360698685,0.2338543450796507,True,True
1675,977904.0496850177,0.9498940353997549,351,1.1099892254508277,1.0173189635056898,0.953853982878966,1.195434855883614,-24765698.110370353,-22053710.21979666,-0.18324816884781825,-0.38738393892314316,0.1312412105005028,0.16708324848811673,True,True
1676,977749.6002076337,0.9385133157317754,345,0.937367459131354,1.016569538112016,0.9949741753346493,1.0328417477212342,-20478614.93156238,-17741689.462127104,-0.17117615623888896,-0.36207253597589556,0.1595565799502749,0.20499205548240668,True,True
1677,1122283.2191580571,0.9813243372413925,359,1.0696543849672127,0.9739038250184462,1.1937821446156314,0.9380714862585351,-22745221.015768036,-19381469.02913384,-0.156611997236226,-0.3330499424173896,0.19421723131357688,0.24890290713737337,True,True
1678,1096566.2661575335,0.9474724732016108,350,0.9425507049795124,0.9539855640221171,0.8961392229468984,1.1511488711832667,-19424966.41676772,-17243251.33167243,-0.1375014915037634,-0.3028383060093501,0.22693850073803415,0.272040769636183,True,True
1679,1145850.87174772,0.9256161386179094,343,1.033247768410313,0.9697764954533927,0.9354008106640141,1.0389415319626638,-21432636.918488305,-18633458.203629505,-0.14054518386856016,-0.3037529389348656,0.2263144759383717,0.2719574452805411,True,True
1680,1221871.1278359983,0.9578818634725849,353,0.9209490471430871,0.9856553165693376,1.0639871564451147,1.1566556016980583,-18258289.256308414,-16240984.177112352,-0.12396232308823003,-0.2818459004977811,0.26205753278047067,0.32201282478972654,True,True
1681,1038452.0835106175,0.9527224916720817,348,0.9862673258020019,1.0003577926867393,0.7971169097518208,1.1355852118870162,-21044590.809429105,-18602629.223727375,-0.15312043747044024,-0.3286980263631733,0.19080013342377009,0.22758929029767663,True,True
1682,1215857.3971070806,0.931273266196269,341,0.9644244173244428,1.0320145855432765,1.0225530301328996,1.097995459006593,-19535138.497892026,-17171983.121899392,-0.13208128419551687,-0.29338353673198103,0.24424021336124935,0.29983181322077607,True,True
1683,1128466.2935327368,0.9364116480315572,332,1.1560789174796524,1.0481758443490279,0.9689234211456452,1.0527174566128994,-24969972.438447908,-21728607.532339953,-0.1618561894410391,-0.34328404082079883,0.17651861131303062,0.21788087467666342,True,True
1684,1250925.9720048618,0.9240038191476732,340,0.9887530895037455,1.0617032414783119,1.1486957283186705,1.0415128693968958,-20128245.86240862,-17491296.17970669,-0.13605253523553557,-0.30049781497138234,0.23735994767684063,0.2998732963083427,True,True
1685,1090756.9492415828,0.9915631541319375,359,0.9021755289969562,1.0145920851728365,0.9674764603213728,1.1081229657649003,-18758339.975419477,-16502908.319138749,-0.14341146645726238,-0.31394500114931445,0.2150095388581399,0.265643727694846,True,True
1686,957389.649780379,0.9115841738042254,332,1.0731740437586546,1.041274757452536,1.0301893886568525,1.1584777040107739,-24143495.346993078,-21347459.95766224,-0.19217879007223354,-0.40472209668746034,0.11945803620126262,0.15861506754996094,True,True
1687,1135145.2925519855,0.9752622105222198,357,0.8909159607101832,1.0617086317065296,1.094531615062263,1.0000724849745275,-18453542.83748927,-15905273.00243018,-0.14412571328022372,-0.31381851919874243,0.21989036783811766,0.28069054144951744,True,True
1688,937520.1066828056,0.9275267511343303,341,1.0667244041649386,0.9745672005810521,0.9525151649502909,0.9153174485206225,-23803407.007650785,-20211490.985293757,-0.18328225458244093,-0.3769266983436288,0.14195056202592518,0.1795940015474442,True,True
1689,1122550.005442991,0.9252383298398423,340,0.9843976375378962,1.030385239494723,0.8994266474826689,0.9904982457908492,-20590332.196252163,-17738150.699548863,-0.1447136992501603,-0.3095619676667554,0.2189930084094378,0.2647080491786121,True,True
1690,1064346.9991020248,0.9532054762192239,344,1.106869565183592,1.0476568072495775,1.214290299681526,1.1504624015210805,-24392263.328207564,-21545562.022505853,-0.17972099180091197,-0.385087570737704,0.13990892616431283,0.1887911744419411,True,True
1691,1042037.2216172249,0.9424957066790733,343,0.8849846883281418,1.055901667150113,0.9955730368575993,1.0044064543420423,-18865525.966813467,-16269947.268803831,-0.15736654452524196,-0.33657795969257576,0.18913374355153098,0.240726995639866,True,True
1692,975867.1582387048,0.9428029047794351,349,0.9343954144184501,1.1303968624061187,0.9384596200703498,0.9444373196556369,-20829911.322196342,-17763788.158157937,-0.18587314401047997,-0.38635281550284745,0.13747236872038385,0.18136386929228218,True,True
1693,1033560.0012271695,0.920456466141917,326,0.9868855185355715,1.0351966244619315,0.914824207469553,0.9370693675375086,-21328115.46914753,-18184141.63082598,-0.16256197725861032,-0.340374647211285,0.18107391644548101,0.2241455668080604,True,True
1694,1255113.6130048826,0.9551997945484558,353,0.9701522461275738,0.9644357175333141,1.018774276123591,1.1299405684644965,-19124823.07725599,-16939334.472587477,-0.12079222682912584,-0.2736335226548542,0.27336156859322686,0.3298828075510044,True,True
1695,1150122.2135781762,0.9566294278818093,351,1.0458196015104986,1.024657720599893,1.046006443338141,0.9409042165953335,-22030666.84876151,-18794883.896658387,-0.14998576058281834,-0.3190964563639307,0.20923890285350127,0.26021392375657404,True,True
1696,1107746.1350524765,0.9288915034499485,347,1.1475449750627178,1.0577470777300695,1.1961338138178172,0.9564135556961268,-25130677.24432042,-21473576.309543837,-0.17466072620847276,-0.36747578147304494,0.15670579945114677,0.20693059155458116,True,True
1697,1225577.641974911,0.972828856820616,355,0.9196423913026215,0.9801675858369404,1.0464500081641406,0.971282546841622,-18161341.977408376,-15597478.052360367,-0.12221310101746612,-0.27020911234764594,0.28136629770106797,0.342805278717129,True,True
1698,1112519.6117904687,0.9033418930076644,332,1.1057498829541732,1.113186129851999,1.1680995960389713,1.002960750185598,-24250463.792365067,-20886283.249592677,-0.17626703072018507,-0.37301595546353283,0.1519522538199192,0.20277225713089855,True,True
1699,1157078.8788386858,0.9640451702430537,357,1.069755862198914,1.0066449284414218,1.118740587449045,1.032490796331845,-22570190.003728375,-19569737.821268603,-0.15156872624121265,-0.32668911169137616,0.20021797034020503,0.25252015025821445,True,True
1700,1010373.4281497988,0.9941646476248268,362,0.9563944530158804,1.0995466367644093,1.0248127548334336,1.0687613816518307,-21073871.698981587,-18360133.887500003,-0.1784175566952247,-0.37840788945763826,0.14530940247341573,0.19224200427825205,True,True
1701,1269575.8922885673,0.9171448792967802,338,0.9960822981593347,1.0375395853261644,1.086103890778909,1.0097617493819442,-20024873.433974776,-17313260.154092103,-0.1296240565270571,-0.2859316212758421,0.2569732207634041,0.3172682304047612,True,True
1702,1139641.7222433565,0.9629885327755993,348,0.9801845390097341,0.9787442728694677,0.8654141897198783,1.0801733562693128,-20125759.18226794,-17641411.475781523,-0.13534798015703015,-0.29540034362821466,0.23712790212043014,0.2813787028427162,True,True
1703,1145818.7186377952,0.9240590649451418,335,1.1340041065698114,0.9378996060900306,1.1096704406477866,0.9835360925008235,-23974330.860288564,-20611743.543334957,-0.15144729549849,-0.32304822496794633,0.20314657558959742,0.25210569232290175,True,True
1704,1028071.6920780635,0.924861962933138,338,0.8756095256110137,0.9859008776416346,0.999228418029099,0.9949635763913711,-18455011.71599902,-15896296.234238146,-0.15072385022338156,-0.32329124437540335,0.20445155613559957,0.25616005482605886,True,True
1705,1099312.8583440091,0.9679928198076837,352,0.9878087195157789,0.9682322375360621,0.9261754805948779,1.0411749534010155,-20618461.73272834,-17927900.04639628,-0.14364447821165566,-0.3096504185637293,0.21844862484840818,0.26382474081106816,True,True
1706,1084841.308923387,0.9774468179894773,359,0.9605296786672776,1.0982707800195688,0.9551762530371481,1.0439006032596636,-20583209.000244576,-17879384.720524274,-0.15915303201704847,-0.3401358192343081,0.18305134970709236,0.2303766780720444,True,True
1707,1252380.1587326445,0.9377905636641232,345,0.8878968727851795,0.9744407651939772,0.8887256817101705,1.0780833135470607,-17004603.85948002,-14941533.460801302,-0.10953120821961698,-0.24968464568927454,0.312706306454264,0.36772347793672266,True,True
1708,1186885.34690751,0.9467285382049839,346,0.9199316700889817,1.0427724632182418,0.8824386458317631,1.0017018772659283,-18546882.567938816,-16026417.407203399,-0.1285688482211131,-0.2809459794016745,0.2610964394226119,0.31182345077669915,True,True
1709,959164.7820469742,0.9063172771022944,333,0.9613434742716386,0.9158692666452533,0.8467197849245369,0.9954489655380429,-20701654.37178299,-17843702.114813335,-0.15854161605557443,-0.3332794647689577,0.18631600600040626,0.2241414381911869,True,True
1710,1123150.5432728538,0.9491402374678283,342,0.8737809235214158,1.0928323759888432,1.0882287418236751,1.0668212803804729,-18229068.569656268,-15898632.134966077,-0.1480583584313838,-0.32443115046087645,0.20660667378464007,0.2668683616820145,True,True
1711,896912.6626916089,0.9359435963867974,341,1.1199147915359933,1.0578995719772726,1.1778406751802293,1.0851393224609,-25908234.54573648,-22592696.355324637,-0.22394015954200458,-0.46482933856727127,0.08330925095424918,0.12343388215873852,True,True
1712,1104195.3908368987,0.9106197322307406,330,0.9897421124580594,1.1031128794798932,0.9650192621532198,1.0552327292631034,-21201738.108114082,-18454212.43189619,-0.1588756313530691,-0.3399856787690559,0.18302282552817006,0.23010364607198575,True,True
1713,1069183.984513739,0.9367994286113347,338,1.1028056507339665,1.0735643996132407,0.8964312643372132,1.0160576232444238,-24106585.710864365,-20838537.25935103,-0.16858495063001597,-0.35347569191145556,0.16465035036436051,0.20321230108139335,True,True
1714,1200005.708381501,0.9291689435415812,338,1.0439314092922465,1.0852310959495866,0.8570070707416713,1.15508229656503,-21697595.307064906,-19268024.499206968,-0.1410097022349238,-0.3088689715763768,0.21800232535844039,0.26076161247582247,True,True
1715,1203904.9824813162,0.9647549044728359,352,0.924101667622058,0.9833337435613765,1.0402287867321014,1.0592801163663468,-18434353.69111558,-16095803.595997317,-0.12603044097393287,-0.2809433850697037,0.2635199723753546,0.3222776967660265,True,True
1716,1097006.284268071,0.9754138241145132,359,1.0129465387322525,0.957332148159218,0.8236823931718565,1.0443123963084866,-21134038.646012835,-18398323.99883045,-0.14177068507377247,-0.30446824619058915,0.22291954633730793,0.26258683910037306,True,True
1717,950981.5102249584,0.9177212525917958,339,1.0037046293252665,1.090825604628275,0.9256974527331308,0.9408242399221964,-22575110.891157284,-19243921.025125884,-0.19119153399197833,-0.3942288815267962,0.12845057800657805,0.16780710745304311,True,True
1718,1037392.5015607373,0.9158647572373786,331,0.9593320498861178,1.0037976341995607,1.0682470771817543,0.9028502746396843,-20606205.668401077,-17450807.468615368,-0.16163909967140278,-0.34020335403302077,0.18524457736248334,0.23668877126015206,True,True
1719,1034108.2359598977,0.9462106473123123,345,1.0258205408471752,0.9512750764941416,1.0612142911172509,1.0145699296430226,-22076983.825017285,-19075900.263985045,-0.16145026838256285,-0.342890920824603,0.17953629353466627,0.2262100627413798,True,True
1720,972247.5492301522,0.9633718196417619,353,1.0480702889175257,1.0266619599530744,0.877151707317705,1.0290739386202599,-23238937.697781254,-20125823.335616145,-0.17788746407457628,-0.370670065449979,0.14661134862776387,0.18269829482641659,True,True
1721,1142859.2632922647,0.9580379870694091,348,1.0121714591860353,1.060791702126081,1.109541011291808,1.152066006237031,-21439265.24491675,-18983151.497045312,-0.15450649692846533,-0.33797940952766203,0.18740194816564482,0.24040547217897842,True,True
1722,1108024.427277023,0.9226295743139467,339,1.0913537787083656,0.9465798605849053,1.0577482049228903,0.9423449547569273,-23167603.798418228,-19772480.20421485,-0.15321145746987225,-0.3241380482281783,0.20145901947922304,0.2489763171913783,True,True
1723,1236593.15143691,0.9564947041161329,347,1.020132712806928,0.995172544002014,0.990842570161627,0.8937995150834624,-20603332.3323923,-17439954.135317285,-0.12984629672915027,-0.279187751778394,0.26535663608570725,0.31937269905768756,True,True
1724,1133663.390475188,0.9419827282546024,348,0.9012571119928096,1.0990633914243213,1.0082702433377342,0.9851455275831453,-18798523.084801387,-16162822.118196864,-0.14632243003055226,-0.31581478057000045,0.2155363974736533,0.27148601123253596,True,True
1725,1165673.421634575,0.9727479671339712,355,0.9277851029862954,1.043707194241423,0.8368358128879201,0.9870850210712223,-18860010.56033606,-16253465.473894957,-0.13132043109992644,-0.28451211366490736,0.2545458889348143,0.30174523908065826,True,True
1726,1158391.9971959824,0.9614734165961771,347,1.0066174542003046,0.949618260396816,0.949855791712746,1.0140289843023154,-20608758.78666994,-17841657.788076937,-0.13488208280413527,-0.29269932369918544,0.2427200849596891,0.29096963966615164,True,True
1727,1067264.275052277,0.9570652656773716,350,1.155545928691336,1.0093533249349431,0.8788445553942911,0.9572120384654209,-25168680.8861935,-21543456.908083327,-0.16514180328404435,-0.3435973170438765,0.174148782859296,0.2106356857554832,True,True
1728,1046102.1901349645,0.9250590916002313,331,1.1118473830306401,0.9397882123911346,0.894067120897259,0.9302244414909544,-23964614.53685914,-20419983.274446785,-0.15895727135168,-0.3312543076649225,0.18881779957677403,0.22676602408381452,True,True
1729,1061128.4441080797,0.95100092609797,346,1.0000110106441849,1.0230326112272883,1.0743017032416382,1.1029737601209515,-21535812.243839733,-18893622.692204997,-0.16303972179785436,-0.35070382563254726,0.17215270965313226,0.22100269612581994,True,True
1730,1046665.9476798458,0.9508470663380366,352,1.0319729628925307,0.9919978467710431,1.036410656216154,1.1128644225335957,-22284368.540773585,-19588613.972383033,-0.16336359964228986,-0.35022229048967446,0.1708005796099025,0.21593945099919232,True,True
1731,956932.1306978026,0.9063680091254108,334,1.0523931969153046,0.9855300499524782,1.1551698565054371,0.913395629438144,-23493733.56006112,-19924446.216303315,-0.18809442825081227,-0.3902862355517158,0.13507662290842165,0.18133919088026468,True,True
1732,1063667.8815236567,0.9541534466519358,349,1.0081645120126972,1.0673996926463492,1.073504777883008,1.0526310582392873,-21897834.92564374,-19034560.549242552,-0.16866727879266075,-0.3595377360234211,0.16361929140950177,0.21261803256708903,True,True
1733,994619.3234385168,0.9577529662984258,350,1.1064313167948316,0.9700807668776215,1.0885277334498356,1.1976805544924063,-24468503.781407457,-21799405.281135578,-0.17883005873588143,-0.38155087513878516,0.13881178524188884,0.1799529165387982,True,True
1734,1114420.1559813865,0.973371422763478,357,1.0331505982147449,0.9832232390933587,0.8920081457144792,1.108705201462991,-21673697.963235226,-19077290.83334374,-0.14540613206148395,-0.31482496354860817,0.2100877985004587,0.25206087217950823,True,True
1735,1117143.5119798677,0.9846571556069124,359,0.9910369610983384,1.1345410113347782,0.9920652922727223,1.13790683513239,-21289081.355431158,-18796060.689635616,-0.16126598137748518,-0.3485403528935123,0.17407677813713687,0.22209516317215586,True,True
1736,1070225.3969218456,0.978110073880984,357,1.003036506552915,0.9799123129458451,1.0140667787720576,0.9982898880612098,-21326736.49926675,-18382325.53724656,-0.15435620111311263,-0.3289088431681906,0.1957891109974911,0.24337362869955073,True,True
1737,1013206.3200395618,0.9497888799132261,351,0.9394438822756886,1.0623283763394658,1.042234242571417,1.0495181190015803,-20494703.48125164,-17801861.71857481,-0.1717012733374161,-0.36530188497636495,0.15814613633245544,0.20696217920787685,True,True
1738,1123709.8325994227,0.9686693154656932,357,0.9352441951999313,1.066315850580492,0.9270797037500045,0.979630538245758,-19519989.18656979,-16777461.499613356,-0.14472501417808384,-0.31037443906491374,0.21971001008395755,0.26931811353287954,True,True
1739,1221889.8014950608,0.9590930575934355,351,1.0225535625571764,1.0361731879758693,1.0974184902818584,1.117057707125934,-21030008.54153174,-18533123.757188372,-0.139418431764187,-0.3083563902413958,0.22405016009476736,0.27996305635665797,True,True
1740,1048626.2944985665,0.9623812496377767,350,1.1173360783858552,1.0955095858866077,0.8377034920166856,1.0455740325124527,-24659017.409880918,-21423207.797956157,-0.17388564859282343,-0.36324865763796826,0.15300575313190992,0.18790706737383725,True,True
1741,1214487.7159395649,0.9695670814116486,356,0.9780450244403136,0.9637808563429883,0.9528050408621728,0.9773218352271638,-19549639.416692585,-16818186.70546877,-0.12524503236474724,-0.273965477366223,0.27241222572805845,0.32498651812039586,True,True
1742,1107068.5665815629,0.9366649658945654,344,0.95617879472997,1.0444397224717121,0.8713972682286703,1.169516636820052,-20029255.466299426,-17821301.292258244,-0.14530173984148387,-0.3178586658057812,0.20689484085757018,0.2505036870595602,True,True
1743,1210354.3989755868,0.9356780731378981,341,0.9132493240087238,1.0383726144519054,0.9793077858772545,0.9068940575381089,-18281092.63211961,-15508401.21467072,-0.12702256834119818,-0.2755859963192707,0.2724675979348227,0.33076117940930194,True,True
1744,1059878.3651457282,0.9850012074266756,360,1.0140529351735903,1.026901824531514,0.8817425764910141,1.1405631565344607,-21757250.907978427,-19236010.09765714,-0.1575077809065889,-0.3383171899796527,0.18120771264704255,0.22121445582442692,True,True
1745,1214637.0718977996,0.9616304248583687,349,0.9045850002089921,1.0397448410708932,0.9930650851773977,1.1033115085833545,-18051795.163072582,-15894459.296847567,-0.126049684645177,-0.28274367723004373,0.260325499484263,0.3179463778462545,True,True
1746,1079215.8583820588,0.9143840995179233,343,1.0440894605587943,1.011230985004167,0.9345730482659491,1.04353590554035,-22348865.322653003,-19422812.292211737,-0.15668981327563566,-0.33351495972620443,0.18802014234007203,0.230491625596394,True,True
1747,1046384.1056373545,0.9819528841412382,355,0.9848461486736529,1.0623695345267463,1.1609532524330484,1.1484715817532671,-21485325.756570958,-18977657.144908205,-0.17349902667938003,-0.37440335075955095,0.15089648731890573,0.20284077760908115,True,True
1748,1057653.7533230456,0.9369234645678676,339,1.0885059320518569,0.9699956298235946,0.897293300115637,1.0467400305324905,-23420422.650811914,-20368964.52777902,-0.15837903476070614,-0.33535996630179055,0.1839859103112528,0.22244325466196607,True,True
1749,1172857.7484067194,0.9689200730166581,355,1.0107768614220416,0.9690398193706067,0.9298620435417899,1.2278410438822935,-20668207.69409337,-18614109.48332637,-0.13417101942050527,-0.3001612603333803,0.23048467809397977,0.2763435855339769,True,True
1750,1164967.351492886,0.9859730746705518,355,1.0292923267957177,1.0014047332280134,1.0614801549451895,1.181104554099327,-21432399.885057393,-19102703.303126696,-0.1443900341111753,-0.3190096390789502,0.20827674170680682,0.2590851037813997,True,True
1751,1038583.3020086379,0.9415149574293655,348,0.8926803188904177,0.996476767739627,0.9444370074597968,0.992197274269282,-18805679.048307944,-16195790.550952349,-0.14948991340542556,-0.3197719881973709,0.20743804982654526,0.2561689256653865,True,True
1752,1080258.3671366966,0.9594585171546605,352,1.0684718660993253,0.9964656107722599,0.9580075014751298,1.0965318835255595,-22911223.80871207,-20096925.45157133,-0.15774940412833066,-0.3376289457781853,0.18295515476165683,0.2250150003573015,True,True
1753,1116992.67110777,0.9663902621554779,354,0.9765093089129981,1.005119089053761,1.1459852637770482,1.098548065826017,-20539008.364793412,-18016161.477404583,-0.15120764782676588,-0.3302440822959081,0.1974593398219078,0.2532625724972158,True,True
1754,1132687.7284614206,0.9630555684376303,354,1.086990139231801,1.0274714107142247,0.9230879895568029,1.2422782805512196,-23090540.729314614,-20795862.85374905,-0.15219637809967312,-0.3328593906836898,0.18734041272931629,0.22814357106331642,True,True
1755,967636.074547962,0.9475273117103387,340,0.9745110176125297,1.0197016547565445,0.9485370947917304,1.0331077059720453,-21458261.017251316,-18592244.276838947,-0.17513390772599238,-0.3679640700136762,0.15192069954167786,0.1933509702371461,True,True
1756,1189102.3431759833,0.9433526392491084,344,1.008352395724754,0.953880667386735,1.019562109393331,1.0181624792486537,-20510410.62326821,-17766666.032278184,-0.1330102338943296,-0.2905938749835563,0.24733662439689216,0.29998444547642666,True,True
1757,1180812.071070371,0.9284843980145315,339,1.176594871257273,1.1046970865212,0.9141271959155486,1.0680225774863583,-25282916.26601923,-22068340.956710383,-0.15829467611980666,-0.336778042920748,0.1831816023505181,0.22341565037266892,True,True
1758,1264924.6593868544,0.9613214708780528,349,1.0426720275384715,0.9983560261195227,0.9275417754746004,0.9801268793136262,-20915800.35753789,-18005452.52952517,-0.1261868699460899,-0.2752287749307457,0.26955501253558195,0.31966161460583287,True,True
1759,1024995.4992984628,0.9370749498923376,348,1.1319371059344132,1.0268602826473654,0.9095251353206681,1.1849380860381167,-24978943.314166103,-22222571.013851643,-0.1744203693890224,-0.370068452349598,0.14629962181154801,0.18165718505969067,True,True
1760,1215004.0076161502,0.9549205039698165,358,1.048769596529957,0.9626874748704092,1.0499395962138036,1.222785558511048,-21398383.031085555,-19246213.809118424,-0.13454504054970068,-0.302238872186336,0.22964989175304326,0.2807581827113985,True,True
1761,1143488.0936339342,0.9738630562981828,356,0.9137577585229805,1.1008240690666282,0.8703393937971758,1.0554855009275872,-18928120.846192233,-16502308.506990869,-0.1406422017288714,-0.3055407748138888,0.22514486261963218,0.27324216191793965,True,True
1762,1038758.1759656342,0.9562121430338956,344,0.9002104483518876,1.148869963561138,1.1819566207861163,0.9450067423520746,-19783980.37496414,-16853719.991643213,-0.18197038552983935,-0.3863688354331101,0.14568022197670985,0.2052221068756061,True,True
1763,1092787.2896245664,0.9402848705799397,350,1.0276128651443852,0.9897081397144905,1.061679568885409,1.1388877062483589,-21857707.40602068,-19313376.29145558,-0.15519858693068941,-0.3368501811354195,0.1864234493946226,0.23454472823523073,True,True
1764,1011377.8172171887,0.9733180770643428,353,0.9353161008493623,1.013990032008527,0.8606822111895872,0.9155584774003321,-20072839.57873633,-17054127.486909974,-0.15784692762331326,-0.3301248568276948,0.19243474544556563,0.23468421927270697,True,True
1765,1006059.7113696735,0.9585568881528322,349,1.0551465875771435,0.9510266112998453,1.0087506660325316,1.0562870365943349,-22969313.279270116,-19991206.262246758,-0.167208642201281,-0.35382706236567246,0.16565130471550688,0.2075134583641718,True,True
1766,1270963.3250489081,0.9795654418981371,358,1.1217928837322737,1.0656359797462631,0.8204563220344563,1.0115820632804091,-23014239.791809738,-19927875.154513374,-0.13412194908594738,-0.28927599648900365,0.24514518494226145,0.28675167509507127,True,True
1767,1081471.8659934716,0.9207840794802822,331,0.9241450630939242,1.0746321262598904,0.8313697654603959,1.0473076197302078,-19501388.64108464,-16970081.194363896,-0.14882506205244134,-0.31909724323343314,0.20571379992652686,0.24891813615196928,True,True
1768,1113070.1340655533,0.9761118822877893,360,1.0505885100247463,1.050978488626211,0.9501192415678517,1.2157573882148198,-22438712.755505655,-20102059.828569412,-0.15598818849006457,-0.3396530729743676,0.18074078223693626,0.22353058979659007,True,True
1769,1071838.937452911,0.9644540773436328,348,0.9015021758005428,1.0277561296149602,0.8765536179406096,1.0203251010756653,-18855877.615932673,-16330581.873603309,-0.14496551349644984,-0.3115934827983515,0.2165869592412511,0.26288641319682093,True,True
1770,1161344.5963783269,0.9256946187016679,345,0.9675388683765107,0.9344081926740554,0.8935979159546097,0.9997535963696215,-19500221.53292236,-16849884.29952075,-0.12769419323548653,-0.27835720812391485,0.26380590872463594,0.31155808509840033,True,True
1771,1052112.353848193,0.9491196498431039,344,0.93908559601632,1.0215362335200275,1.103058942397481,1.1106804612875107,-20093255.5550695,-17651319.515124142,-0.16043061535274583,-0.3475781075024571,0.17723740002363772,0.22996180571745467,True,True
1772,938507.8124813136,0.9557356105413534,350,0.9669000920894952,1.017074394381275,0.9544310942347388,1.0481015581627209,-21471501.145900127,-18645607.465143178,-0.1813579197551417,-0.38020456955421883,0.14042654552674588,0.18103770706403166,True,True
1773,1048899.0397413103,0.9557227331366595,353,1.0602731235576504,1.0173562600181116,0.8472955773385556,1.0011960483903324,-22926640.78376257,-19778753.78298965,-0.16099336034446493,-0.33803597865865376,0.18073500937476328,0.2182219928432307,True,True
1774,1156330.5666774795,0.9567895267346592,355,1.1332779132305935,0.9442129874799416,0.9984239316052912,0.9615955313852548,-23810945.697450083,-20403760.1500169,-0.14680878577916537,-0.31199042892425777,0.21547907307521144,0.2606682319281893,True,True
1775,1049322.121085444,0.9347210939216377,337,1.1183515002274886,1.0288790282410292,0.7641953533677015,1.1912380714005684,-24354032.747400835,-21719916.164171387,-0.16354750071815813,-0.3482938314204925,0.16594819830036636,0.19716048228546368,True,True
1776,935850.7068851655,0.9295938090015443,334,1.0463610979221176,1.0118620542256402,0.9528114173387143,0.9659042697972902,-23455226.668032717,-20084000.53906497,-0.18747705973372308,-0.38727840881612613,0.13311400511418942,0.17106387063631343,True,True
1777,967609.1355462559,0.9434328690026683,343,0.9832580258722077,1.0077688177408224,0.8947924242175401,0.9795625744547541,-21590020.952773172,-18541093.133894976,-0.17196603793323137,-0.35873594107621104,0.15990851755010368,0.19925673175824887,True,True
1778,1004616.2112970127,0.9325933982796532,339,1.0716052721425706,1.0906009493973865,1.0221173833586825,1.0018571029899088,-23957588.17145168,-20632726.74605541,-0.18756427712214735,-0.39099237143973875,0.13221309631897685,0.17429059464294835,True,True
1779,1207912.7195640367,0.9781851991846386,359,1.0050866509717888,1.0196757966417862,1.097845472913731,1.2130092505357994,-20627064.300253827,-18502410.57328232,-0.1384727292788363,-0.3106381661906813,0.22044972374670788,0.27571254723275074,True,True
1780,1045408.5755511252,0.916869289537312,328,1.1290032366439002,1.0271662602858607,0.8977912217955241,0.9731303685738013,-24749833.416056335,-21237096.513455734,-0.16984692574736332,-0.35347926312234906,0.1640211116827301,0.2012031032625337,True,True
1781,1129766.4767527329,0.9496801424331031,353,0.985002523898891,0.9985457885650572,0.9554595389768314,1.0171996079216317,-20474373.286814395,-17723402.629262358,-0.14230973098755684,-0.3069882167835428,0.2232715501293633,0.2715879800201686,True,True
1782,975318.9729324158,0.9742134245877437,358,1.023486952011309,0.9951036195878507,1.1241694342989317,1.0171141440775608,-22657367.892344784,-19562942.38208825,-0.1815661519806911,-0.38196234328814666,0.14181914010051458,0.18823026737961068,True,True
1783,968811.8408547953,0.9435863054039824,344,0.9067788069417332,1.0476768042172584,0.8352492874087977,1.1364012598868738,-19784197.95415828,-17462158.891078733,-0.16786392924202717,-0.35738841772298113,0.16074168396346122,0.19969806167456236,True,True
1784,1329395.3473153026,0.9775010181973076,356,1.08045818177753,1.0412405854955775,1.12476969108241,0.9318115364875155,-21762398.415630102,-18539887.347647153,-0.13038934640479724,-0.283868680784342,0.2605296396139527,0.32146058645206715,True,True
1785,1193343.791472531,0.9376667258138205,339,1.1308931243651588,0.9655881381792975,1.054098742377499,0.9872577862834317,-23621096.140035372,-20331504.19768479,-0.14484294594757172,-0.3105487799111799,0.21873450251850324,0.26755099546251143,True,True
1786,1007645.8941325891,0.9860950894211152,360,1.10421715185709,0.9483690879831854,1.1114091628066973,0.9069726645807964,-24251224.10840222,-20555334.19497687,-0.1742317462541659,-0.36218761587254844,0.1592226925578191,0.20415118230841234,True,True
1787,947252.9450191655,0.9708855903051337,354,1.1616886708927734,1.0356445021860439,0.971301611762367,1.0475180614793829,-26364373.79014021,-22882269.186773047,-0.19723962202187956,-0.407575561396314,0.1150680827749942,0.149730748810262,True,True
1788,1095222.2376378125,0.9463793396757763,352,1.0155617385421802,1.0282349840539446,0.8219048884511658,1.032708860516128,-21493586.62103082,-18659718.807119347,-0.14920359544286146,-0.31788633301548286,0.20551705364036052,0.24502641457203694,True,True
1789,1085039.302376044,0.9473190819941198,351,1.0618562502375353,0.9895799803567579,1.0579370759318791,1.0462550291977961,-22765401.745202597,-19783518.497751337,-0.15924253172800742,-0.340112457343445,0.1825561388191252,0.22945565841920842,True,True
1790,949115.9488915696,0.9510837046001632,351,0.8909509759141132,0.9973256522704138,1.090114252817511,1.0065608179854244,-19514188.91677371,-16818795.514996495,-0.17523936766464127,-0.37116318156886385,0.15372932459850164,0.20431945314358507,True,True
1791,1048843.4075701626,0.9546893954065481,354,1.1736422452597581,1.0822968786666929,0.9460207842365222,1.166254539234028,-26099170.914930623,-23131270.315009244,-0.18069476962842884,-0.38160285084329953,0.13647288033888688,0.1727562062036378,True,True
1792,1122493.3683581303,0.9364996218108211,344,1.1585389995256812,1.081927735029002,0.9608882420905093,1.025427168961608,-25202137.71464098,-21820230.110803533,-0.16627841730646226,-0.3504076077653617,0.16888975138502063,0.2098494626093294,True,True
1793,1029797.5333549421,0.9511118219831548,346,1.1303535546066354,1.1185252046268632,0.842636067105215,1.0757952417886845,-25217321.67452022,-22011489.83889482,-0.18177245801633185,-0.37894113341052227,0.13786119643041944,0.1717298313147878,True,True
1794,1099049.1532860077,0.9481244460308331,345,1.0043584758505213,1.030049268645389,1.0962712812393733,1.1701801964687712,-21420851.776378028,-19023452.800850175,-0.15785287652193958,-0.3443061732472907,0.17942146245188262,0.23007486302293878,True,True
1795,1017836.920490345,0.9881904611101963,362,1.1387129527064412,1.0106043348952705,0.8601701547520727,1.1790445442532524,-25096909.40224892,-22311988.659189787,-0.1725103794166311,-0.36530342215114825,0.14972271211361607,0.18293572434312408,True,True
1796,1077803.1895892606,0.9395892274736153,346,0.9017966830592773,0.9702646102388421,1.0731504900383353,1.0708621761733212,-18750647.537256718,-16377139.39068907,-0.14469415151739926,-0.3162594148978054,0.21411469831235122,0.2694149986493906,True,True
1797,1254777.7695030011,0.966424991818177,354,0.9714387409526131,0.9696976703297607,1.17014709655602,1.1684459820723896,-19321220.217620764,-17214009.647275437,-0.12613105938030333,-0.2874607827833591,0.2548914448434365,0.31824530385140126,True,True
1798,998709.526437324,0.968746036687402,354,1.0605449159578753,1.08787910849362,1.0966923059787805,1.0999419264979795,-23767956.791241087,-20804256.864103947,-0.1913651621448737,-0.40353678305371843,0.12327111914757018,0.1674492858258367,True,True
1799,976139.0863644931,0.9486734834529716,349,1.0614446245030589,0.9591819975587207,1.0320341562334858,1.038107777052479,-23390458.256104525,-20283186.909374576,-0.17564040674591846,-0.3690003934256682,0.15067490097025227,0.19202450891739384,True,True
1800,1057038.28550416,0.9151511709922977,323,1.0287974867959468,1.1182440528223088,0.8705427584760413,1.1921620965589435,-22501534.10023404,-20049528.33691956,-0.16951661198065063,-0.3625830864093538,0.1551749052428404,0.19367745991925195,True,True
1801,1061634.7285256474,0.960803444471267,349,1.0333675353461191,1.0044502473902033,0.9982703594285137,0.9299136773956216,-22231686.02853778,-18927890.70833086,-0.16063681313170483,-0.33731289001776804,0.18563099612662975,0.23140030786045618,True,True
1802,1030383.3159723858,0.9245864898007978,337,0.9580622951396587,0.9765319131529077,0.7888594505142825,1.1198767058400305,-20296945.54113685,-17899129.702480167,-0.1492575070370543,-0.32100214608450306,0.20038847004098045,0.2377183706227637,True,True
1803,959276.321225471,0.9699955769290903,351,1.0129050154606705,0.9834145417483405,1.0170766690511597,1.0941709147550598,-22383216.819237433,-19593443.46674434,-0.17811181512125096,-0.3762426748386653,0.1441470290420039,0.1857375924468545,True,True
1804,1133853.6969623934,0.9565523232427009,349,1.0212993176088625,0.9674271215833499,1.0599825580058304,0.9590142103975975,-21317318.86938109,-18249451.167964123,-0.14533288102034722,-0.31123769573032195,0.21935652275489784,0.27124945064415257,True,True
1805,1185971.7615355095,0.9260767761144233,338,0.9883594639352856,1.0331858498583606,0.9796584264707056,0.9516436148401357,-20313534.203928202,-17374963.843208548,-0.13766280602620887,-0.29637709033081566,0.23954759588832292,0.29189310215087083,True,True
1806,1101948.1663788424,0.9502230582979051,348,0.9583637510518658,1.0172636475281835,0.9474073377807344,1.09371900376726,-20076522.211778507,-17615282.8672553,-0.14630184802912005,-0.31770332495376163,0.2089365073295962,0.25631789723619663,True,True
1807,1074940.6132558358,0.9563170996789151,347,1.0103995806373332,0.9924424126540101,1.1311271060895323,1.039395452668084,-21620645.488797806,-18757903.29110379,-0.15986280866297747,-0.34293009435748684,0.18184019997458248,0.23371923101594322,True,True
1808,1083003.561203521,0.969920772765897,351,1.0155781502274923,0.9915129795995258,1.0721551555483342,0.9870762158109252,-21642117.799710434,-18610482.703848526,-0.15651322494814018,-0.33345635325399636,0.19169059367822752,0.24177644497585785,True,True
1809,1119636.882321295,0.9699209067956788,352,0.9932066434611072,0.994444301905596,0.9118604425175038,1.0068458916025278,-20698981.21977946,-17887420.35491528,-0.14283547010473524,-0.3066766081328944,0.22261753343078208,0.268233400088185,True,True
1810,1086232.348359125,0.9416551578970149,339,0.9649869834650602,1.0218235274142655,1.0949219572031406,0.9512363522607916,-20493581.70695036,-17505366.066539302,-0.15579200685661965,-0.33200237903881563,0.19544516793844532,0.2496769569521592,True,True
1811,1110278.9587311354,0.9520805681864446,349,0.9895592847216437,0.9711439933732217,1.1073116550254358,0.933109043239656,-20745489.99264981,-17668963.238891635,-0.14849233977438256,-0.31711341931101866,0.21330266287497643,0.2680887367962732,True,True
1812,1220622.8559095266,0.9136534121935744,337,0.9992166722363856,1.0435250545960495,0.9273578089961245,1.0949624640016906,-20329102.60117601,-17867571.064493906,-0.13247957116625672,-0.29217017824151204,0.24361830136350845,0.29298239767459217,True,True
1813,1138403.8135909783,0.9351055223035712,341,1.0029546795141795,0.9359371392712571,1.0392542235900923,1.0568740941699815,-20683165.785067007,-18035075.228331733,-0.13924718742126818,-0.30378493570344833,0.22835941375532434,0.27953239637775307,True,True
1814,1019467.3140605598,0.948090718871849,351,0.8890793445371424,0.975448324387787,1.040829931016333,0.9415946435835383,-18843524.52219147,-16071532.850080514,-0.1541298128721081,-0.32788475210714196,0.19972041145440048,0.2526288823162244,True,True
1815,1074940.7188868308,0.9551908776284623,348,1.0682084163132037,1.0367313006733945,1.0595672834972292,1.140959773727018,-23185383.59582458,-20473228.193013966,-0.16698662278490572,-0.35848974968344854,0.16251231070880018,0.20795064841510363,True,True
1816,1117780.0712420144,0.9628875343494053,357,1.0946578908097266,0.9073896777940763,1.0542821808807634,1.102545854377008,-23021623.14138223,-20229132.48461321,-0.14801964707759271,-0.3208421980646875,0.20423162039469384,0.2504639560388162,True,True
1817,1201161.501798293,0.9515992169445038,354,0.9977832450217836,1.13569350325372,0.7942271814664946,1.0570181888758567,-20678512.64013337,-18043818.580044862,-0.13930777892568075,-0.30134642701339726,0.22844963262747184,0.27099447847834046,True,True
1818,1141173.9986430793,0.9600980876471183,352,1.0363477684308586,1.0328040683017328,1.16163959579834,0.9961244963666989,-21987865.795197558,-18930737.807456743,-0.15576558280714556,-0.3343576180941596,0.19299328450628137,0.2484143082748864,True,True
1819,1023570.8171370188,0.9582500235425458,347,1.1729434687766838,1.0625612009602894,0.8499579997851877,1.1514969864359057,-26110085.247123845,-23091212.24108024,-0.1794324886186879,-0.376753869630968,0.13867727464669477,0.17091613355463645,True,True
1820,1038046.3074852949,0.9413239574493245,337,0.9670974145736781,1.0969882650621963,1.0414150648620162,1.0896104448042268,-21146414.307210468,-18494544.272810575,-0.1732530197018252,-0.36976771039595996,0.15355787133173587,0.2017427694645846,True,True
1821,1251944.7884330912,0.9525840229685776,345,0.9824059558003436,0.9581258441545191,0.9786656970046286,1.118134355587305,-19390912.29258687,-17140477.874883804,-0.12067712877098453,-0.2721605635945159,0.2748107505115741,0.3286351998453061,True,True
1822,1066927.5403977367,0.9380721598959242,343,1.0337818599939776,1.079785065986304,0.9327791299655548,1.204522265588847,-22451646.767279282,-20052648.481446847,-0.16582519003289423,-0.3571609813864085,0.16167272899606466,0.20275323679709845,True,True
1823,961761.8649328179,0.9299731872802393,335,1.0554552024334019,0.9825194559009398,0.8244060180573949,0.9381339204568817,-23284715.05091603,-19861936.950868007,-0.17293732354560742,-0.35663946876015695,0.1593865717384563,0.1934708080894212,True,True
1824,1021023.2359204197,0.9160287311452986,344,1.0442431349031958,1.008418201498537,0.9776130324726624,1.1984926626920926,-22794494.341949426,-20331031.021908548,-0.16906155976410267,-0.36282063154351585,0.15581896379933738,0.19646533947615272,True,True
1825,1116247.44400793,0.9801355576852655,357,1.0480593220374788,0.941126107708117,0.9839089453046823,1.098935645564916,-21943172.85163424,-19275925.726000402,-0.1453665331112661,-0.3154092343762524,0.21073192086481896,0.2560949559662652,True,True
1826,978307.0016300533,0.9553482209394795,343,0.9931299794040968,1.012028626506729,1.158001529742902,0.9741689242770137,-21969165.18482641,-18824303.3567673,-0.18240919928303337,-0.38337946546500257,0.1424852990064822,0.19213367256457492,True,True
1827,1032342.0197940439,0.9722903114183105,353,1.1699034763655227,1.0185456007113212,1.0854128721142786,1.048240670436892,-25978380.62625522,-22558029.48958156,-0.18165210401008156,-0.38099016940767044,0.1398504018030728,0.1812690981448538,True,True
1828,1095749.161440116,0.9546329453703608,349,0.9728561597371844,0.9775253811394174,0.9389518888082227,1.112434205509545,-20318050.108804103,-17893346.574629493,-0.14427777416565934,-0.31416052523981813,0.2126068166374788,0.2584850373022602,True,True
1829,1010818.8944294198,0.9479111783406926,342,1.1093516421679495,1.0620138498920024,0.8520909513047432,1.0073047900913426,-24612569.527642913,-21239001.159278702,-0.17760802299668368,-0.3686100763552377,0.14783646364810968,0.18250215734692601,True,True
1830,1183297.9225879165,0.9565073643179824,345,1.1601296821154263,1.042928083192521,1.207029315797396,1.0182531614288528,-24865382.930903252,-21488952.05353829,-0.16115668889885687,-0.3448163584625984,0.18017822093715063,0.23304704835845141,True,True
1831,1105499.4133773735,0.9148336860248222,337,1.0540035678595283,1.099803458643233,1.0817420957880568,1.093278970241355,-22882384.497363828,-20032378.98299293,-0.16834379066115515,-0.36050374843699795,0.1623559543445205,0.2110265533981428,True,True
1832,1069499.6745860965,0.9466200521380643,346,1.0549170752052297,0.9857890358903789,1.0619316739203606,1.179312817533255,-22690642.183860745,-20182328.344026417,-0.1612116817749851,-0.34906323558548713,0.1719289021112767,0.21747285951407713,True,True
1833,1031645.1078279089,0.9521238215051089,354,0.9568817124828382,1.0682570543313237,1.2129509950763835,1.1737609327752132,-20952762.421934206,-18578391.823277928,-0.1776680393202301,-0.38498046863845947,0.14306486147799727,0.19758368753053507,True,True
1834,1062668.3985867982,0.9504954659614566,345,1.0019287909634527,0.9517042344968036,1.164892643023753,1.0107115180285506,-21359596.67077099,-18437914.808136493,-0.1579772070268186,-0.338525378739943,0.18732309328918992,0.24068852054166126,True,True
1835,1093494.176400434,0.9781405720370269,359,1.0244685165715417,1.0452143170586479,0.9310416900185274,1.163560233915775,-21887890.707511555,-19429572.496856235,-0.15601788816176515,-0.33749738383080163,0.1833016834007077,0.22603916776427813,True,True
1836,991075.5019074229,0.9378705276841368,339,0.9588502964023783,0.9715208573770052,0.9621408611233713,1.2199289668480942,-20716049.90556796,-18557031.320192978,-0.16289264970849415,-0.35267156739702343,0.16664470077370763,0.20883314067096576,True,True
1837,1314281.7522199322,0.9720182223595366,360,1.1144774615928825,0.9103482304048548,0.9737005033519458,1.068391693791178,-22049746.591585796,-19313395.163950846,-0.12066973125430422,-0.26884524351946765,0.27892771107585906,0.3289727664266861,True,True
1838,1017314.3416606081,0.9111252645363416,334,0.9942328618072724,0.9527375579294816,1.048229368612593,1.0136198943572603,-21402807.58537793,-18489709.197434258,-0.16169635660251294,-0.3434191867802014,0.1791099018773782,0.22597639269490546,True,True
1839,1063463.3640935018,0.9606445382675769,352,1.0408203225593862,1.0578363247387699,1.1205406467841936,0.988709381852711,-22714640.921556387,-19521009.11912547,-0.1721416826963878,-0.36389317451410064,0.15999899520872704,0.20988699759032547,True,True
1840,1258939.390814507,0.9420933179694989,348,1.0688080629456962,0.9336770014981272,0.928441508802468,1.1045634059013245,-21355427.76503732,-18827557.101429645,-0.12419867776161245,-0.27647959567453273,0.26596291022677804,0.3135262663447122,True,True
1841,1174810.2996251045,0.959083431942392,345,1.0922832215975933,1.0254573051956193,1.153124126287309,1.1121457940744903,-23112690.556964207,-20322624.648330238,-0.1536113967695804,-0.33427295272020036,0.19131295247361027,0.24393800536577234,True,True
1842,1027071.0735348389,0.9542801976417205,344,0.9362096242443291,1.0447806482846906,0.9283607780513355,0.9862263498831533,-20156898.2821118,-17332627.926763948,-0.16116275412480813,-0.3407031746384929,0.18166407978220014,0.22695887497192332,True,True
1843,1034759.2984403602,0.9626175687125516,351,0.881831110969084,0.9586544415061816,1.0670679388597974,0.934649766189078,-18506542.70621078,-15764867.04007995,-0.1493071822639528,-0.3190495858190117,0.2113614256412524,0.26679182120401884,True,True
1844,1212349.4039613681,0.9418033002807014,349,0.9485701545541347,1.0897136460160175,0.8887974491551834,1.0798560658409753,-19271176.58666211,-16891096.91982926,-0.13193229285968228,-0.2906297253092763,0.24617615996403167,0.296015263679114,True,True
1845,1070933.6827776604,0.9823423912342204,358,1.104097844414887,0.9960982452474407,0.9607570200313533,0.9587038053081218,-23869730.480143197,-20431415.041556455,-0.16223905697581084,-0.34003683385668687,0.18045242251126692,0.22197492906349242,True,True
1846,1101204.278887862,0.922355535807515,342,0.9445008942181696,1.0518448913342295,0.8315236555281382,0.9761477592229361,-19775684.649716813,-16995425.036144115,-0.14459795903678893,-0.3080732109882696,0.2202067962993113,0.26384334541344806,True,True
1847,906525.7277358745,0.922660534498341,339,1.038645587865971,0.9323165402102809,1.0334952435091116,0.9915854900651294,-23211396.83174944,-19960571.08520901,-0.18582566753487015,-0.3858968190296542,0.13496977760088158,0.1746100360506692,True,True
1848,1008542.3836858852,0.9214712938385825,327,0.9615883146089006,1.0394870046416456,1.0821667538269664,0.9475639578269287,-21020527.67418997,-17935444.18552036,-0.173283346331924,-0.3644685686306704,0.15980333728856427,0.2098469829881286,True,True
1849,1031690.4837899787,0.9581871269797158,355,1.012653640975861,1.0495411989161694,1.015385632734557,1.0659543184197402,-22121404.338491585,-19275975.058369387,-0.1709913635360611,-0.3628629619013993,0.15835610322612345,0.20326769053588503,True,True
1850,1069955.134385211,0.9346235180557415,341,0.9761847712908068,0.997435157903463,0.8867839641599197,0.9647775512056314,-20624112.27167034,-17682617.027372137,-0.1493630666844874,-0.31655993264316423,0.2092178663684632,0.25280979942652976,True,True
1851,1163565.5515573546,0.9243646170352778,334,0.9900675497904616,1.0631039042307213,1.0410085911220273,1.1676383125713594,-20689942.961785186,-18389434.486880377,-0.1466420912997933,-0.3231825825760446,0.20391556622396279,0.25589490349839716,True,True
1852,1304169.820927756,0.950398047084182,352,0.9204721897903778,1.0338442197019841,1.045790805488289,0.9572303551113442,-17835142.969270747,-15279315.30273069,-0.11554914910859147,-0.25777682126614776,0.3028899659174784,0.36834793671990856,True,True
1853,1056710.0524188962,0.9652359148299555,347,1.0793437087987579,1.0309259258979027,0.9582144726221337,0.9819747257428029,-23489999.194048017,-20183149.58764931,-0.1667188904175319,-0.34967245606088054,0.1701427398431338,0.2117688214900299,True,True
1854,1105558.4719161305,0.9580382371179669,351,1.0854016516900729,0.9401278896050663,0.976238468717805,0.9260599178271749,-22943061.02114316,-19532685.089848954,-0.14979405473367624,-0.3158869703916994,0.21041717171107838,0.2549283996836022,True,True
1855,1152331.5255113072,0.9752798644561091,359,1.0782191374875518,1.060023271329941,1.0109733107689443,1.0564006273592308,-22935663.14726926,-19974725.631077863,-0.15460522735100998,-0.3317401634599572,0.19204946964448857,0.23906349206562208,True,True
1856,1168713.8187061572,0.9456365895309772,344,0.9811653042151283,0.9123965362310501,1.0112753614373085,0.9764294687447682,-19803854.20201418,-17026411.699518763,-0.12957079815695263,-0.2822794433783295,0.2598848149312175,0.3130960358801645,True,True
1857,1201349.8385213735,0.9604025960344108,354,0.9328385301142911,0.9870947817468507,1.130341614623089,1.1636425756476747,-18766383.3996424,-16694957.112802504,-0.13062442804386368,-0.29530010320572153,0.2433236522076512,0.30464743862309285,True,True
1858,1103459.9619485224,0.9481106149040561,342,1.0033956245619322,1.001344800176113,0.9359464214097606,1.0954826484551792,-21118381.71673363,-18535378.858825564,-0.14800314023756467,-0.32011404902975016,0.20478616196015317,0.24959341556240197,True,True
1859,1006751.4209547448,0.9331034761957666,345,0.8943861649357716,1.0176108920015412,0.9931438870338476,0.9831309117330717,-19198975.74441713,-16494687.993304126,-0.16079718114798808,-0.34143697759534053,0.182811774645578,0.23222500635381507,True,True
1860,1152590.0873015882,0.9245460520368988,339,0.8966766436330544,1.0060375923112748,0.9004175684128637,0.9618498017849275,-18083630.396273617,-15507930.044328704,-0.1288808671582981,-0.2800015722149652,0.2631392218329936,0.31500299551947314,True,True
1861,1169635.3938239801,0.9489054726918484,347,1.0159559676379368,0.9602401323242559,0.9957935053947058,0.9623511462959683,-20844146.00143596,-17867951.22785745,-0.13643793821153893,-0.2940529662034554,0.24204546819835382,0.29290530648842317,True,True
1862,1054738.3495217552,0.9696813731751039,351,1.1176917949732665,0.969012364085268,1.0110670191323143,1.033513200235792,-24258074.446536116,-21032962.270074427,-0.16505471700014263,-0.3486600650871346,0.17093796088373567,0.21263327882233085,True,True
1863,1182016.5653796813,0.9434905961506346,348,1.050155201549415,0.9984894601079852,1.0822340003197348,1.1589194519718224,-21839249.52036563,-19387835.062633917,-0.1439089857288732,-0.3173748806839056,0.21067092869543302,0.26228759855498446,True,True
1864,950972.946327578,0.9470809692074238,339,1.0608464335788228,1.0226805502953584,0.8794887403944059,1.050932309517893,-23698558.575043667,-20595621.500964813,-0.18325503725439904,-0.38117348040998955,0.1364320140628696,0.17124470382767984,True,True
1865,992461.6057301089,0.951949946084014,351,1.08879321837078,0.9628373399630471,0.8791526897004921,1.0088473650520813,-23857405.593709234,-20601483.38377981,-0.16899832178723287,-0.35275373212031536,0.1638939808899582,0.19956323691124,True,True
1866,1111933.228324607,0.9328330021961845,340,0.8987564741668679,0.9906120082633856,1.0372801611242681,1.0447419251435388,-18483377.389939867,-16075340.884357762,-0.13918149221721193,-0.30463448373465624,0.229339933584442,0.2851505205079239,True,True
1867,1121429.056741538,0.966339051574263,356,1.0091567957055234,1.0812529365447494,1.1189423693972933,0.9309095286574605,-21605032.13407288,-18382735.793129038,-0.1608809137186143,-0.3412604169187753,0.18553799570533136,0.24032622503229487,True,True
1868,1266914.5388404913,0.9668317826403834,353,1.083038741363317,1.1317629567451322,1.1284023504020073,0.9995590261719747,-22632960.55612249,-19505971.39515997,-0.14777975815679548,-0.31966643922861543,0.2110368932786706,0.268388077228115,True,True
1869,1243197.9144971985,0.9471117439802375,344,1.1216069814697787,1.0480768948428698,1.1376087329501916,1.18389302171306,-23439630.08873821,-20892012.198733017,-0.14695843505064377,-0.3247242436758574,0.20216184627234182,0.2550424798899222,True,True
1870,1060358.884818302,0.9205331992169735,342,1.0052483170156037,0.9632363177902539,0.9702739833101455,1.1325406034445107,-21351182.76519983,-18854486.890287913,-0.15294706877362668,-0.3308165827521163,0.19152309951198487,0.2356127078433038,True,True
1871,1138418.9427330843,0.948536684315063,350,0.9331171190810329,1.0269984651053798,0.97093904160712,0.9780088763284547,-19241706.332546316,-16535717.881542727,-0.13941003401170818,-0.30101213574019803,0.23321195087685637,0.2857431426553515,True,True
1872,1008460.6310902111,0.955591204867563,349,1.1605391755567076,0.9945992986820879,0.9816929928805901,0.9652983758177515,-25740116.672812786,-22046422.81965048,-0.178702710092741,-0.37028738445027565,0.1478841347499124,0.18576311997364225,True,True
1873,1022443.7576620477,0.9406091927032753,353,1.0865071510741648,1.0630706623556563,1.0279648935170647,1.0554407485855637,-24097449.487895403,-20950338.717999697,-0.18105748984916495,-0.3805271700840983,0.14073223873246896,0.18275793262383805,True,True
1874,1225942.3373785978,0.9519152496917321,359,1.1444308621586199,1.0101280933156138,1.1145702716938213,0.9351772955888253,-23959944.517179206,-20419967.412251264,-0.14706937202037199,-0.3136784137558489,0.21652555761863923,0.26911497713749966,True,True
1875,1054595.3765482078,0.9542901736981259,344,0.9828109407862878,0.9653732281797278,0.93460724551599,0.9492063033540222,-20811712.70334763,-17789997.488355562,-0.15099609995596058,-0.31938804337519777,0.20626280329155255,0.251150625564153,True,True
1876,1150914.976352627,0.9592116030795091,346,1.0789755676377508,1.0742362009301152,1.0305813755018105,0.9814690554373382,-23038283.2136035,-19793424.28402214,-0.1571001808527843,-0.3337516291094589,0.1906726732342261,0.23908925555053726,True,True
1877,1188627.9662852697,0.9413233053211794,343,1.0601132628472754,1.0305752707861981,1.1126956880331078,1.1038948063447904,-22195991.859584868,-19498794.41659582,-0.147846709571667,-0.3230459429796565,0.20469480522716726,0.25793528217533995,True,True
1878,1253927.7462135057,0.9875104519353309,358,1.0029695059599517,1.0065530639877036,0.8019268719968556,0.9167711930016887,-19914542.750043575,-16953413.60663,-0.12090771883818771,-0.2613197028342815,0.2910032403851116,0.33678578667028275,True,True
1879,1147045.8379543058,0.9238747604348984,341,0.8887019285965925,1.0181268734851163,0.9263156482963824,1.0471473700093248,-17995204.903748885,-15675475.628520506,-0.13104885971354235,-0.28825123115606666,0.2507729202215192,0.30334726891048674,True,True
1880,1054030.7493820565,0.931120980672067,341,0.9990791452757811,1.0252336289696846,0.9809011284952847,1.1936627587203557,-21498027.116982423,-19171945.51831754,-0.16095066020599108,-0.34863349125203097,0.17177588357224544,0.2158049206115237,True,True
1881,1066730.1105845217,0.971440951048209,352,0.9615621650713775,1.0150993068317775,1.0830376163476605,1.108431576443097,-20510074.125624027,-18016198.299549207,-0.1579760040596425,-0.3421715581859161,0.18230914249817048,0.23369695376984623,True,True
1882,1152394.3750206549,0.9820457710388233,364,1.0818474244445333,1.0094831140701326,0.9661406655099656,1.0911675255414168,-22785541.672313448,-19982646.463961426,-0.14832496500566317,-0.3204665709094556,0.2042402329327221,0.24893735781495227,True,True
1883,1230302.2660065526,0.9601074649956335,346,0.9854326281319566,1.0423475287975195,1.039291120550689,1.1907131256886079,-20013712.199344862,-17894271.32216864,-0.1333626964678235,-0.29981086709856497,0.23468652184835515,0.28958955402140446,True,True
1884,1138295.849077789,0.9496261322947728,339,1.0685315987049941,1.0155621025738317,0.9834976046842691,1.018206232517231,-22593144.63794881,-19550882.27977239,-0.15071640207496792,-0.32228012837042896,0.20290391062944246,0.24895336938879714,True,True
1885,1148452.3187755577,0.9571261009551297,354,1.0909099812743694,0.9972926116202673,1.0694705683167727,1.0572996930581915,-23080832.028774112,-20106274.396581654,-0.1520363295415564,-0.3274084217903336,0.19769627903414153,0.24638183051208262,True,True
1886,1130843.531496867,0.9589948270846665,351,1.0735043305813923,1.1280997544333762,0.9145080848649366,1.0505877965060542,-23160482.284687307,-20145490.732006025,-0.1615606566334222,-0.3431037862947846,0.17738960831890693,0.2197760849807174,True,True
1887,1192472.1949037965,0.9467510164129411,345,0.9949565487741476,0.9285472735315496,1.0693118540285256,0.9102409405683528,-20094746.18859659,-17056300.214282382,-0.13058821095063816,-0.2821505554085076,0.2617802659015145,0.31876727480162675,True,True
1888,1165277.0314288945,0.9359010953045225,342,0.9791162956036327,0.9779268748937551,0.8258656348033784,1.0622097095834395,-19874102.92157482,-17375744.429799113,-0.1299101117607828,-0.28421389247708434,0.2531410865524798,0.2966913034564741,True,True
1889,1088072.1478705057,0.946148661721106,348,1.1208411039861734,1.0503559704581145,1.0984563180688511,1.1298992872209697,-24493478.84677798,-21578069.96929335,-0.17163675908127957,-0.36690640816520936,0.1543545948170682,0.19970752882859735,True,True
1890,1025261.119960029,0.928396814607916,336,1.0256343127586482,1.0315779611841305,0.963589665853109,0.9913562979596707,-22380313.49430479,-19257043.04806138,-0.16898690130836544,-0.35486107643224973,0.1653392813619101,0.2079799960568014,True,True
1891,1013673.8221050138,0.9555634909856648,349,0.9166192828172705,0.9682621449268369,0.8124030875736348,1.0048043902107844,-19368765.76877362,-16731351.011449013,-0.1485256669885794,-0.3156702429509157,0.20879917853611044,0.24909759563655448,True,True
1892,1213458.2233323778,0.958204779608629,351,1.1392333911424697,1.0532732083822114,0.8352320283202928,1.0866049069011867,-23834604.040280607,-20905895.515291903,-0.1431225751942539,-0.3086865730300044,0.2169210164360695,0.25612146565883925,True,True
1893,1173876.9408891685,0.9700250459603742,353,0.9415634002370477,1.0747479496079777,0.9127229527919398,1.1317933822439699,-19336616.508065715,-17100573.893324822,-0.136951047274572,-0.30230048135347554,0.22955301173320916,0.27887311919165625,True,True
1894,974913.0381471277,0.9560883031037214,350,1.1537864403494686,1.0022679813728144,0.9164459194750032,1.01616899673532,-25794485.04884017,-22286085.90853873,-0.18346791346809158,-0.3798621606360549,0.13726575720112436,0.17155228818927157,True,True
1895,1116049.9307382186,0.9850782588110306,361,1.1650831938196466,1.0234475150106,1.1068883250712993,0.8939952832075326,-25300862.658368308,-21397558.727303747,-0.16710142789105056,-0.3486652324767103,0.17394521617578068,0.22105483601119938,True,True
1896,1078421.9847363634,0.9494785767622336,342,1.052419932111566,1.128237590847286,1.0243546397050525,1.2299695808173714,-23102296.702194203,-20700704.629410908,-0.17482862702507737,-0.37678175683779525,0.14471566669129834,0.18887822538157684,True,True
1897,879514.2116418708,0.9517451004924731,342,1.1087466561105392,0.9925913255470213,0.9361162065919719,0.9818164361246416,-25332503.034060113,-21745233.64155187,-0.20270757693472632,-0.4145801218521535,0.1092743050599853,0.1423004669057938,True,True
1898,961697.4993296738,0.9661669758869106,352,0.971712396016271,1.1017825019132852,1.0243026080663233,1.1328082287252532,-21813162.239732917,-19198599.446683478,-0.19266581748476197,-0.4071392796672003,0.12031779107343038,0.16374271170428975,True,True
1899,1061056.9133614262,0.945555195063069,340,1.0066980731061763,1.0215961820068233,1.1684082405080838,1.027895827673671,-21771532.88308135,-18839382.095973797,-0.16721892027703092,-0.3572594440178277,0.16773195026583393,0.22073266879608758,True,True
1900,1005687.1453892561,0.9541137157230501,342,1.0579492524730685,1.0128804571155536,0.9007816135269124,1.0847127779537162,-23206457.926359247,-20298004.572152965,-0.17075273587705048,-0.3600058079165887,0.15733713077881117,0.1948250157073054,True,True
1901,1004505.823575724,0.9553232345480782,348,0.9435201108868667,1.1095924485738524,0.8565843849737649,1.0167881995499797,-20705850.524206664,-17894252.030426953,-0.17227875644159152,-0.3615285245905554,0.15787466568208358,0.19850009168394356,True,True
1902,808642.603244265,0.9313953733340097,337,1.025179083024689,1.0299553050676258,0.8572391895931561,0.896302051064426,-23854717.44221812,-20183910.33491271,-0.22232496413808045,-0.4478366334120347,0.08732557761517061,0.11814648206812908,True,True
1903,993838.2677161121,0.9542879593422438,351,1.027793519018104,0.9535716492615842,1.0054370039912077,0.9298503671483135,-22380630.148091227,-19052644.209690083,-0.16761315293399812,-0.349802961957348,0.17096029716136632,0.21431655326285123,True,True
1904,1080161.4079310442,0.9666366714430784,351,1.1292346361795333,1.0110089739459476,0.9274187688893354,1.1137787044927527,-24463921.581916224,-21518617.215970095,-0.16287216260837148,-0.3466884149313047,0.1713319010872762,0.20985232898273337,True,True
1905,1075139.8557390117,0.9402754904303088,345,0.9836000067370179,0.9404879834379267,0.991720673170077,1.189545597862925,-20630453.805137124,-18415310.375453215,-0.14679562888571887,-0.32232826973483475,0.20223185944617972,0.2483360850620283,True,True
1906,1066041.3419382034,0.9782682995467952,355,0.993981800947208,1.0382903562574533,0.8111604901399554,0.9568673704186723,-21198333.5104461,-18151477.526429195,-0.15327113781464852,-0.32223150162170916,0.2003869327696666,0.23977184872008425,True,True
1907,1182412.4476851407,0.9250336708789552,340,0.8881404935193465,0.9586287156193021,0.9515539967998886,0.9997502320071073,-17511289.147884518,-15131404.761112744,-0.12047801960452936,-0.26689510383351456,0.28472342203430373,0.3407847174457962,True,True
1908,1199615.0563712432,0.9579410254423687,350,0.9140627445993362,1.1030017260644942,0.9090897358782541,0.9714771492446931,-18572331.83792698,-15948729.970417539,-0.1326063096978236,-0.287970050825437,0.2519212325798623,0.3052381918862111,True,True
1909,1123416.1986971362,0.9473415337872633,346,0.9341116121009618,0.9578089196246233,1.0521791844892194,1.0101327981902273,-19167049.9406743,-16567159.253148932,-0.13782053361194957,-0.3002389592137788,0.23507062136013515,0.2903774392809564,True,True
1910,1119961.9662853046,0.9481386835389981,351,0.9349362032705484,1.0473665162269996,0.9741744454529102,1.0176940352122212,-19503739.612262428,-16876462.355605837,-0.14508377840463244,-0.313330991396469,0.21645861348935252,0.2678043261928037,True,True
1911,1168041.9316724287,0.9676366120362114,358,1.0103277546872218,1.072430605145703,0.9196863851544161,0.95540815037574,-21094862.34166934,-18055394.792936984,-0.14424786306519521,-0.30770306432147926,0.22237432980703817,0.2699823168960774,True,True
1912,1082812.1649656873,0.9893203643315146,364,0.9382832121961072,1.0037496076802213,0.8802766034868754,1.0880082528190675,-19603150.3859961,-17190211.16573917,-0.1440160652012573,-0.3121868816985547,0.2147380956193412,0.2592798003713048,True,True
1913,1108733.3604666693,0.9374795614735639,345,1.0054181210536908,1.0515505371891207,0.9880110704061357,0.9813242855617492,-21374688.721968435,-18367099.833008878,-0.15445623993742008,-0.32860775107922935,0.19657874248426388,0.24477984023646024,True,True
1914,1178557.4964954192,0.9604347761592056,343,0.9044942394432035,1.0018050400850194,0.9882438517079146,1.009682921409837,-18152657.89531541,-15701917.872653918,-0.12801468394185495,-0.2818678452868102,0.26175438743750506,0.3184146303092689,True,True
1915,1010790.8114953055,0.9679210333127192,354,1.098975802870825,0.9610517440257409,0.8462011614434068,0.9966040015985411,-23946324.838084538,-20641069.486385778,-0.1648761420830203,-0.3441404600505861,0.17265421351714164,0.20749632417719296,True,True
1916,1198478.3784094616,0.9917091988156979,362,0.9173737770416783,0.9817369629541247,1.039765387033312,1.1839093406715266,-18298087.116687585,-16357054.429338925,-0.12601656682294324,-0.28632569109155587,0.25454156998614447,0.3120879563354145,True,True
1917,997232.3905027977,0.9562175368896533,347,1.1530658691661466,1.0102389422391356,0.9902826945849268,0.9112572027547419,-25702674.15078216,-21808039.77526368,-0.1827505631449694,-0.37604012918992813,0.14308114702271246,0.18147129944728727,True,True
1918,968453.9553583505,0.9131638613297888,341,1.118146593118701,1.0108626110809138,1.2299665639847837,0.99466685594791,-25210307.87517943,-21669899.071570583,-0.1974987384874932,-0.4120420171032262,0.11802257451071875,0.16386478255888517,True,True
1919,1035495.0208948771,0.947157220155631,338,0.9022363332621708,1.0154140977565604,0.8658399512979448,1.1039306596691802,-19080296.195728544,-16769442.551523892,-0.150257535076587,-0.3243621942942622,0.1991797229729387,0.24268561532058977,True,True
1920,1135764.776686661,0.9516932151102793,353,1.0536296077604888,0.9909671319704908,0.9207495350045852,1.0290143401387866,-22086764.09804865,-19161845.978380226,-0.14537461995316078,-0.31187508965705685,0.21492730321107995,0.25874697996515966,True,True
1921,1188811.4582609045,0.9142315081685424,340,1.0270876788691106,1.0403494048313409,1.1749811638624381,1.2124586478155348,-21462538.02115104,-19220390.481398944,-0.14819205748707023,-0.3297044066200483,0.19788387222757803,0.254400619486237,True,True
1922,902838.957410663,0.9226888293473867,331,1.0087615599234734,0.9437222178092853,0.8605168755092037,0.9947190385574349,-22417772.838041514,-19302745.860064074,-0.17872566479079915,-0.37010117678966536,0.14632989292762566,0.18076869299707835,True,True
1923,1116666.5602125982,0.9414723768270443,339,0.9272792238955598,1.0706297555407784,1.0276492579601681,1.015701924736351,-19473608.501692705,-16834278.114149813,-0.14957042432807421,-0.3228608370431029,0.20597098522571633,0.26014047249546995,True,True
1924,1134469.6455449783,0.9401254418248975,340,1.100485692160469,0.9986650819241042,0.8867328898487615,1.0314639254089457,-23268791.435927644,-20195197.529021893,-0.14896962233615496,-0.31767184279417887,0.2061014175514461,0.24658341362694464,True,True
1925,1110940.11296323,0.9586041236125311,346,1.0048157253138754,0.9637409755173492,1.008088364631404,1.0027002107713574,-21010525.700398758,-18133843.787779573,-0.14553720508604306,-0.3126850547871782,0.21615931358857535,0.2651654580072826,True,True
1926,1080657.3755626618,0.9843822377883246,359,1.0042065061045304,1.050655135905203,1.0539355316543944,1.1756782640385635,-21595606.583171394,-19191394.107911956,-0.16207829989434588,-0.3516592555765468,0.17059531299219405,0.21864627935759876,True,True
1927,979197.2436960236,0.9519392370357632,350,1.0909276445082967,1.0344175968780365,0.9117046927572746,1.05780969939833,-24316681.975279104,-21157254.212903682,-0.18205621527221222,-0.3796979778927541,0.1382871484039291,0.1742542297804388,True,True
1928,1246587.9542468917,0.9732274255422817,357,0.9959545913949556,0.9846637083996843,1.0019506005252221,0.9552901955928198,-19895732.426044364,-17039294.67634381,-0.12564631483649077,-0.27450148133507635,0.27276467534614923,0.3284403666889884,True,True
1929,1196561.7744294188,0.9143248465459136,334,1.0089612300329702,0.9662004047529796,0.8587134911600741,0.8978426966940939,-20375445.23978062,-17274835.718346152,-0.12801872329106503,-0.27393632513279337,0.2707680997532916,0.31716617262485086,True,True
1930,1102535.347759333,0.9129647088966579,341,0.9662565273534918,1.0792577397163836,1.2324504320296963,1.1161488733879947,-20749972.60783635,-18229468.4838546,-0.16534674876077837,-0.3601432962433421,0.16763351706409238,0.22677059777335756,True,True
1931,1066403.7835020588,0.9285294284805278,345,1.1244025737187424,0.9806417607716853,1.0104728452832168,0.9653911196713297,-24388256.74848674,-20895336.461282544,-0.16471172653379276,-0.34537188238178024,0.17499825729925672,0.21742503312239,True,True
1932,1128465.822223342,0.9284334639260008,342,0.9557194778588968,0.9845834974751158,0.9137390498305613,0.873712586223553,-19660269.38716316,-16582130.777346924,-0.13703391201071932,-0.2906486425159678,0.24678568882385,0.29588761403110897,True,True
1933,1115213.5656860599,0.9642904029661191,353,1.1036082868704733,1.1044413102639055,0.9951541437936665,1.0172785010398058,-23999803.209382273,-20743272.302081916,-0.16735052931596933,-0.3534313565080817,0.16742242444377914,0.2115761241201094,True,True
1934,1107310.0269486373,0.917743439853577,334,1.0626900342286527,0.9574073770044417,1.137304591228434,1.0661029619751026,-22564559.717915185,-19679237.91930443,-0.15485093307283945,-0.3339441438794723,0.19100795347581084,0.24180893900922107,True,True
1935,1078221.1403993438,0.9634965300872552,347,0.9834268146452263,1.0128681215897746,0.9356675110660038,0.9823795763780365,-20846896.082837313,-17923809.958791185,-0.15193511951686103,-0.3229205313407258,0.20218907022308852,0.24781155468980237,True,True
1936,1116419.3337377652,0.9456758710394093,349,0.8928124244246783,0.9463875381093946,0.9208409129149869,1.0774505109335568,-18028443.759586312,-15799290.325478185,-0.12933623964554025,-0.28573562659446833,0.25337642590673287,0.30375122528675724,True,True
1937,904139.7333974721,0.9565142440377892,353,1.0225953557427834,1.0096338277003893,0.9380894743696278,0.9896962336306291,-23070413.355280746,-19831435.505292628,-0.19270994565026925,-0.3977906419559067,0.12397825495240647,0.16080426165386333,True,True
1938,1158641.1090846995,0.9747068590465955,355,1.0185227327508926,0.9661696618756975,0.8517098888418567,1.010017201925628,-20883854.515395314,-18075210.847894333,-0.13427811777051035,-0.2899572510958338,0.24478339761453732,0.28802218991894246,True,True
1939,947338.8075646532,0.9847809548736108,359,1.0113042248325732,0.9772946512054028,0.8058978176727574,1.1579017935336318,-22251825.5033715,-19714194.48400222,-0.17115892456388876,-0.3618437003774183,0.15307256257292862,0.1859962531403758,True,True
1940,1072264.120985529,0.994558510435837,364,1.0491086912416931,1.104335256200035,1.0809046238398414,1.0581569569522986,-23013470.46097314,-20016400.69115597,-0.1752631451145052,-0.372062399234739,0.15119349556926817,0.1989014263776469,True,True
1941,1136509.1737012714,0.9856605630285835,358,0.8659477878307696,1.1064866479905586,1.0970652299003871,1.0506369786959402,-18000303.81691466,-15652917.32687766,-0.14663176739436493,-0.3215805783802861,0.21089010384256746,0.2730514832531981,True,True
1942,1018699.6878279939,0.9692821898761551,350,1.1739521341589314,1.0885195280039959,1.1012543716431722,0.9687042488358625,-26467372.61431275,-22660467.465977997,-0.1949290407862276,-0.4038069893191892,0.12204833761506999,0.16393001625599643,True,True
1943,1017328.1091486362,0.9606637465960761,349,0.910039448888469,1.037046534026565,1.0975072786839304,0.9221603259006804,-19671258.899404943,-16708127.440809827,-0.16700391986790186,-0.3527845248481898,0.17344322868426607,0.22771446664408573,True,True
1944,1198097.3645051888,0.9610091801283035,360,0.9783361475933614,1.0828137753875533,0.9903924725296787,1.0062387819367073,-20183428.044881918,-17432839.797026645,-0.139955542631387,-0.3036139416428202,0.22993237974707464,0.28332322692530915,True,True
1945,884541.483946561,0.9615326711179648,355,0.9658511936644656,1.0617956885723638,1.1647928560892429,0.9712357287602348,-22150703.05254945,-18953150.502887934,-0.2171679025255365,-0.4515036449982273,0.09453295352503678,0.14095436885789903,True,True
1946,1101070.499829081,0.9406811306919055,336,1.067857318087014,0.9825201950048961,1.094363487399688,1.019398138730005,-22802958.569124963,-19721779.5846398,-0.15746726018377663,-0.3362971937424554,0.18779882909577678,0.2368158696144904,True,True
1947,1185279.2982033568,0.9661209658597248,351,0.8993495315913039,1.0669099036567213,1.0964897601446495,0.9660571331924813,-18331228.09571841,-15706525.446653001,-0.13667669925830278,-0.2985096507764357,0.24095468914620743,0.3043520359562358,True,True
1948,1027172.3499880636,0.9177864785853155,337,0.9592273985383492,1.0285996614427981,0.9135346570329833,0.9496752329346543,-20655527.044178613,-17650223.085244365,-0.16060822301154723,-0.3374886516488291,0.1846342136020593,0.22851191716659866,True,True
1949,1157535.8378273987,0.9440757768980673,341,1.0615590234611476,1.02669564846881,1.1087943897430508,1.121436664997145,-22433452.754761867,-19762002.8865484,-0.152501803112119,-0.3321379494914906,0.1932441998955855,0.24469225592553706,True,True
1950,1059944.25642915,0.9596072711888366,352,1.0759719168394861,1.0603167760130237,0.9374857726884214,1.1023822257801457,-23482956.015227273,-20602627.279758506,-0.16842702395917575,-0.3574425466351043,0.1611645500997849,0.20130937896591172,True,True
1951,1079864.755698843,0.9553530391227464,346,1.0986164085660073,1.0212351440005145,0.9889931670133985,0.9939507649018674,-23791662.352635592,-20486235.05930277,-0.16397313395698873,-0.34540665108613827,0.1751732736563394,0.2180721868936882,True,True
1952,1117431.2767917863,0.9289874680896114,343,0.9843709318518739,0.9338524175477225,1.0461982359753992,1.0289607755471042,-20365683.918944206,-17664207.839845125,-0.14094429505262374,-0.3059520672051685,0.225861684274329,0.27761628698494045,True,True
1953,1187537.052083489,0.9699206114873334,357,0.962147929369403,0.9881604506136262,0.9753408761860693,0.959563039949774,-19463650.6926181,-16679299.856077623,-0.1306227345257079,-0.28363116224183554,0.25821295067467165,0.31176136307708535,True,True
1954,1225060.7534836377,0.9901563314622409,362,0.9528039198661634,1.0329672441797995,0.8765803009997734,1.1316987643375958,-19047228.68398545,-16874807.78742035,-0.12483049701420655,-0.27934838318483657,0.26215878839993884,0.31119214412766083,True,True
1955,984922.8452811635,0.9408328463754034,341,0.9771801615207714,1.075033419995698,0.9171442727781265,0.9783027238897948,-21597585.642713953,-18535549.292246103,-0.17768993214915876,-0.37053221123798696,0.14967427368334718,0.1908963653702201,True,True
1956,983858.0142337892,0.9506457052605868,346,1.0708074089431516,0.9692212106000554,0.99793944118025,1.0386458548320376,-23584274.684800588,-20456300.49932429,-0.17467388216646787,-0.3666244236215059,0.15228194220286384,0.192366926417017,True,True
1957,1125753.9069351084,0.9638865934589874,359,1.0662037070310522,0.9641899720648232,0.8035324013095335,1.110034679971149,-22265486.438677095,-19618080.31125127,-0.14169124369769232,-0.30644139859698205,0.21902125805844877,0.25636331273749446,True,True
1958,1053531.7560595511,0.926518382637555,342,0.8768932249460846,0.9921681765703667,0.8759903302510803,0.9983679995713405,-18231193.081788145,-15729979.875014717,-0.14200104048763357,-0.30518041481967795,0.22533018713869418,0.27228364932906485,True,True
1959,987052.0509885496,0.9308176153717538,337,0.9476595352317523,0.9175339139497296,0.8593348592810846,1.0171691823783888,-20172726.75403191,-17459408.95907759,-0.1524972286020285,-0.323519975887648,0.19873057723189397,0.2385890983059225,True,True
1960,1011416.7851886733,0.9525250669405685,352,0.9741975527376836,1.0079719279289956,1.220510136934876,0.8962061072358124,-21292628.153251886,-17996227.892501585,-0.17537427951497217,-0.3687137693533875,0.15863634902351956,0.2142494337151917,True,True
1961,1175968.2076616122,0.9479261609470022,344,0.9936597733068719,1.005528495836582,1.0693048915266758,0.9919997229824696,-20486576.23837795,-17645229.146009613,-0.14014040494654775,-0.30388857704669,0.23028330417996906,0.2856850933546346,True,True
1962,1145102.255497286,0.9420653419878052,345,0.99342166978695,0.9829233753774426,0.9467802345702405,0.9841168635523014,-20504672.725401044,-17647955.60424786,-0.13875704337512704,-0.29877461993723653,0.23450373716694836,0.28296627890326453,True,True
1963,1123524.279847536,0.9380749218792456,348,0.8718496173123503,1.109849922963276,0.9774474497675063,1.025933688875254,-18152846.234531227,-15725581.79617831,-0.14532572824051573,-0.3155610283909227,0.21547769860352017,0.27079444400529595,True,True
1964,954858.1556554809,0.9644457504789526,351,1.057643072718504,1.0019953258738383,1.1283409681893983,1.076186854049387,-23686368.07046001,-20651970.324912313,-0.19025451891119327,-0.4000039366360909,0.12556276939977795,0.16918986679892642,True,True
1965,1086351.3357796026,0.9209143291391713,341,1.0846601687718203,1.0748647617072842,1.1931312973391914,0.9780320537389044,-23774568.325242255,-20386948.81530384,-0.17616140586512263,-0.3721391432899406,0.1532624188049797,0.20504539179262135,True,True
1966,965118.0328457411,0.978305850357166,357,1.1265814306380526,0.9330121536018535,1.003355605295894,1.06557725253647,-24972487.223619148,-21759506.380165737,-0.17833839071071225,-0.37348124798618,0.14436305528702942,0.18172973409737214,True,True
1967,1081124.119237649,0.950721116321774,350,1.1107720383648805,1.0008211960787599,0.7626832615526612,0.9634411838046008,-23817867.07497921,-20426477.126865983,-0.1545128267053321,-0.32289995632403257,0.19686328317488963,0.23059726935578498,True,True
1968,1121808.1309332,0.9610633509039315,351,0.9637084669580792,1.0239016164959667,1.0859507378995887,0.9784968833361971,-20210100.36148721,-17353133.192239724,-0.14902820879335432,-0.3204802942169174,0.20936345694046202,0.2647504209936974,True,True
1969,1022339.0964048479,0.9594463068920867,353,1.027123806225874,0.9402879026032769,0.9347898150930612,1.0690538702918322,-22052344.465186756,-19251896.52988496,-0.15794772371008897,-0.33632743747648514,0.1838733800075871,0.22458366290267504,True,True
1970,1189366.3430087974,0.9652902408321368,360,0.9577601687413156,1.064740722126254,1.171582486876993,1.0181056219646378,-19819717.901924364,-17136067.524439685,-0.14424813917135812,-0.3154724547220781,0.2183718618408339,0.2810819403119217,True,True
1971,1086533.08930794,0.9472507850309883,342,0.9985449999666174,1.017538022849905,0.9563637556077349,1.1018727729956124,-21200555.686193258,-18618515.031070728,-0.15301079897105788,-0.33002878448992307,0.19309264457983039,0.23824419597717758,True,True
1972,987004.2983684535,0.9047775672481412,330,1.0369658538367044,1.0039663964432584,1.0904552258498343,0.9348718299922053,-22922410.507385362,-19517366.542714242,-0.17976676902858793,-0.3746741719671111,0.14816678968604416,0.19400087153910986,True,True
1973,964702.3787724592,0.9197122861084408,336,1.078412219085933,0.9821210216929914,1.0858161934187989,0.998194503958677,-24026421.627674975,-20681309.645434987,-0.18470560279740283,-0.385327473416558,0.1368730316736677,0.17927386581975824,True,True
1974,983364.4298642728,0.9551620664840534,355,0.9906210477549638,0.9911831796542632,0.9716340345864246,1.1057862108235845,-21651213.113369703,-19001979.76054955,-0.170120908777727,-0.36149707786782953,0.15796142345980557,0.1997135546797426,True,True
1975,1101621.9066817497,0.9598826159237616,349,1.1008714355768452,1.0255164296264732,1.0616178325502434,0.9729095908709859,-23768987.13472354,-20385743.109174382,-0.16340831378474013,-0.3448674780942399,0.17758821842076147,0.22430236529429945,True,True
1976,972375.4605883113,0.9486618547851626,349,1.1406214148825708,1.0506059728386474,1.0866310749669843,0.9011530360684172,-25800774.421719927,-21839985.633433487,-0.19738247058855865,-0.40546115796419785,0.12063543149439827,0.16182378576913967,True,True
1977,1047503.1322385491,0.9393581897735588,346,0.8952881478416894,1.042253057119734,1.0322026211359747,1.001839519181558,-19058315.406727318,-16427271.271977842,-0.15698551014599546,-0.3362191827106739,0.19011868349523767,0.24309569625243066,True,True
1978,1176268.3105403702,0.9413339048487753,337,1.0642229425099052,0.9743940378321196,1.0562741796689339,0.9573838240110771,-22112987.04690328,-18928694.983692713,-0.14285916550537142,-0.3062793963999698,0.22561339903195182,0.27713131192799695,True,True
1979,1273592.2440184378,0.9748240957243971,360,1.067178256277999,0.9951200220819898,0.9655265848788377,1.1844848858354498,-21489639.074859884,-19216384.52267854,-0.12805852941034346,-0.28776452916474116,0.24931668092044787,0.29850317281516553,True,True
1980,1090088.8408502424,0.945195069552886,345,1.1065861385300464,0.9852256797802025,0.9424024862873341,1.1592712410098183,-23735658.482292116,-21054589.520950034,-0.15731877097823968,-0.33864816605227716,0.18058752950433823,0.22049646034673212,True,True
1981,1127867.291759279,0.9501356668960327,346,1.0065119609347524,1.0236206389242692,0.9813495569080419,1.014615560705329,-21147789.80413942,-18288954.64236071,-0.14797517612379324,-0.3177022366232448,0.20961652757478277,0.25799342378491796,True,True
1982,1091837.2052311613,0.9460385691282704,347,0.9554254030116737,0.9539079850373885,0.8092669832220138,1.108400979562863,-19707933.427377008,-17366365.473481234,-0.13662839699743412,-0.2979870590929943,0.23199372991821887,0.27268667863273033,True,True
1983,1076824.9036566035,0.9599978255975411,355,0.9436007673289539,1.0085606941796383,1.0298270562967546,1.0060088494663704,-19920558.099660102,-17191778.845238976,-0.151608102843582,-0.325396461433156,0.20173428434355334,0.25325900568322224,True,True
1984,1094058.4785321825,0.9499811943462856,348,1.0625504289183079,0.9154643036912009,0.9483465346126065,0.9485901496188351,-22332984.020960677,-19095470.726038177,-0.1465118948405698,-0.3103776219999293,0.217026886229075,0.2606756161248798,True,True
1985,986584.6982010013,0.9807036899552309,359,1.0219044338694216,1.1074131772164204,1.0441176599081055,0.9656371078796424,-22927201.318129938,-19617532.514464594,-0.19192795058768755,-0.39932355202587405,0.12714273425180506,0.17161084345930894,True,True
1986,939303.6426723294,0.9125399633601738,330,0.9601949450916147,0.958904012230084,0.8868566418276946,0.8801134065354238,-21017984.293162655,-17743380.786313176,-0.16952624576031872,-0.3498855016988758,0.1693061569116142,0.2088519014428356,True,True
1987,1104567.9007660877,0.9359572432634056,334,0.9687329096221854,1.0546064377484028,0.8091227375221596,0.934238379467729,-20348875.266184904,-17357577.82341799,-0.14569253289230966,-0.3077467242499869,0.22008273122764802,0.26203954648643973,True,True
1988,1165086.2449089726,0.9517355044543967,349,0.898627598326514,0.9340639826858413,0.860984315108653,1.160038292800297,-17719885.04619136,-15798985.851878501,-0.11919986236026225,-0.2699134515240152,0.27637901518852237,0.32476607597494855,True,True
1989,1018826.9131534356,0.9378414000103136,349,1.0831418290213655,1.0558171441775235,1.1239934030074563,1.1030805509882342,-24082982.483132992,-21098573.467518274,-0.18487890910411262,-0.391378564312263,0.13305699715180785,0.17812912474124595,True,True
1990,877778.445129419,0.9855343702951835,361,1.160968143219806,1.0604343964765788,1.0615930320622886,0.9998128658160537,-27003824.87150874,-23228136.60375275,-0.2262730021064712,-0.46241398463654937,0.08173916230012619,0.11685415908945526,True,True
1991,1073567.1674257722,0.9394531294267083,350,0.8965526046932245,0.9843435260524814,1.1785801452463096,1.0262856698441682,-18789341.5617047,-16263732.066153834,-0.15053199315179383,-0.32746382870636154,0.20315280525979568,0.2638450398544029,True,True
1992,1053568.1010843965,0.9390881835975972,339,1.036466137747523,1.0187192097206001,0.8355109731345967,0.9739281116873654,-22293359.02872199,-19143223.09207707,-0.1579265282271474,-0.3313493443864758,0.18884262890142703,0.22706991398491572,True,True
1993,1069058.0799273686,0.9747970264038155,359,0.9469784886250566,1.0315044804521138,1.0443084673444862,1.1293731682228279,-20163507.09101375,-17780995.842118222,-0.1566425248636654,-0.3401667060608878,0.18402901916589792,0.23445769853390203,True,True
1994,1068828.0413397,0.9238007477422626,340,0.8804610417396873,0.9810662019698444,1.0739461030781705,1.0266447669670633,-18324753.713004556,-15874482.217055786,-0.14548941249887629,-0.3162740619415388,0.21491522353951514,0.2715901778629492,True,True
1995,1040646.82314085,0.9622200540095283,351,1.1537158528531373,1.0198296629386516,0.9646861901776613,1.0350946282601663,-25425738.73074031,-22043747.746364474,-0.17425655030654966,-0.3648584683924296,0.15300859433567288,0.19120632203585994,True,True
1996,965026.2847520537,0.9583618743965648,349,1.1269360895179408,0.905725711975539,0.8916290182680535,0.9939718482868121,-24791562.502392873,-21353442.79051306,-0.17102657606705884,-0.3552687594052793,0.1604526923424779,0.1944894246405958,True,True
1997,1076902.0248420634,0.966585795424525,357,1.0023285288881363,1.0458799951669402,0.9125319220214865,0.9646847841675703,-21441615.91665799,-18374623.9967805,-0.15659127161776984,-0.3304306796039824,0.192578435825798,0.23643284305510318,True,True
1998,1008479.9510239655,0.976859314463514,356,1.0509728094285282,1.0456878357056518,0.8435521262651923,1.058781700459992,-23098416.935381703,-20115096.323294975,-0.17134612752979891,-0.35938559757148997,0.15724141961518498,0.19306400988234398,True,True
1999,1162234.2809364,0.9579138962127035,352,1.0489896393556009,1.0250755864712466,1.101423759219828,1.0243099062369856,-22073139.761282556,-19111834.93083145,-0.1502520178529365,-0.324021848948834,0.20373388538689502,0.2566562962902964,True,True
2000,956562.877573722,0.952353256455891,351,0.8978957012423603,0.9295567262532832,1.0322451533130443,1.1118852912243378,-19323555.925466567,-16982727.641572773,-0.1620173006669321,-0.34848839621090827,0.17369894234791636,0.2209505255311418,True,True
