bmUnit,settlementDate,settlementPeriod,pair_count,bid_mean,offer_mean,spread,accepted,accepted_up,accepted_down
V__MCEND001,2026-08-28,16,2,110.0,150.0,40.0,0,0,0
V__MCEND001,2026-08-28,17,2,135.0,150.0,15.0,0,0,0
V__MCEND001,2026-08-28,18,2,132.505,147.505,15.0,0,0,0
V__MCEND001,2026-08-28,19,2,135.0,150.0,15.0,1,1,1
V__MCEND001,2026-08-28,20,2,135.0,150.0,15.0,1,1,1
V__MCEND001,2026-08-28,21,2,135.0,150.0,15.0,1,1,0
V__MCEND001,2026-08-28,22,2,135.0,150.0,15.0,1,1,0
V__MCEND001,2026-08-28,23,2,102.0,142.5,40.5,0,0,0
V__MCEND001,2026-08-28,24,2,125.975,140.975,15.0,1,1,1
V__MCEND001,2026-08-28,25,2,127.5,142.5,15.0,1,1,1
V__MCEND001,2026-08-28,26,2,127.5,142.5,15.0,1,1,1
V__MCEND001,2026-08-28,27,2,127.5,142.5,15.0,1,1,1
V__MCEND001,2026-08-28,28,2,127.5,142.5,15.0,0,0,0
V__MCEND001,2026-08-28,29,1,153.0,168.0,15.0,0,0,0
V__MCEND001,2026-08-28,30,2,127.5,135.0,7.5,0,0,0
V__MCEND001,2026-08-28,31,1,153.0,168.0,15.0,0,0,0
V__MCEND001,2026-08-28,32,2,127.5,135.0,7.5,1,0,0
V__MCEND001,2026-08-28,33,2,127.5,142.5,15.0,1,1,0
V__MCEND001,2026-08-28,34,2,127.5,142.5,15.0,0,0,0
V__MCEND001,2026-08-28,35,2,127.5,142.5,15.0,0,0,0
V__MCEND001,2026-08-28,36,2,127.5,142.5,15.0,1,1,0
V__MCEND001,2026-08-28,37,2,127.5,142.5,15.0,1,1,1
V__MCEND001,2026-08-28,38,2,127.5,142.5,15.0,1,1,1
V__MCEND001,2026-08-28,39,2,129.0,144.0,15.0,1,1,1
V__MCEND001,2026-08-28,40,2,129.0,144.0,15.0,1,1,1
V__MCEND001,2026-08-28,41,2,105.0,136.5,31.5,1,1,1
V__MCEND001,2026-08-28,42,2,105.0,136.5,31.5,1,0,1
V__MCEND001,2026-08-28,43,1,105.0,120.0,15.0,1,1,1
V__MCEND001,2026-08-28,44,2,120.14500000000001,135.145,15.0,0,0,0
V__MCEND001,2026-08-28,45,2,84.23,133.615,49.385000000000005,1,1,1
V__MCEND001,2026-08-28,46,1,94.93,109.93,15.0,1,1,1
V__MCEND001,2026-08-28,47,2,93.99000000000001,108.99000000000001,15.0,1,1,0
V__MCEND001,2026-08-28,48,2,95.0,110.0,15.0,0,0,0
V__MCEND001,2026-08-29,1,2,95.0,110.0,15.0,0,0,0
V__MCEND001,2026-08-29,2,2,95.0,110.0,15.0,0,0,0
V__MCEND001,2026-08-29,3,2,95.0,110.0,15.0,1,0,1
V__MCEND001,2026-08-29,4,2,95.0,110.0,15.0,1,1,1
V__MCEND001,2026-08-29,5,2,95.0,110.0,15.0,0,0,0
V__MCEND001,2026-08-29,6,2,95.0,102.5,7.5,0,0,0
V__MCEND001,2026-08-29,7,1,120.0,135.0,15.0,0,0,0
V__MCEND001,2026-08-29,8,2,97.5,105.0,7.5,0,0,0
V__MCEND001,2026-08-29,9,2,97.5,105.0,7.5,0,0,0
V__MCEND001,2026-08-29,10,2,97.5,105.0,7.5,1,1,1
V__MCEND001,2026-08-29,11,2,100.0,107.5,7.5,1,1,1
V__MCEND001,2026-08-29,12,2,100.0,107.5,7.5,0,0,0
V__MCEND001,2026-08-29,13,2,100.0,107.5,7.5,0,0,0
V__MCEND001,2026-08-29,14,2,105.82,113.32,7.5,0,0,0
V__MCEND001,2026-08-29,15,2,123.315,130.815,7.5,0,0,0
V__MCEND001,2026-08-29,16,2,126.27,133.76999999999998,7.499999999999986,0,0,0
V__MCEND001,2026-08-29,17,2,129.45499999999998,136.95499999999998,7.5,0,0,0
V__MCEND001,2026-08-29,18,2,128.17000000000002,135.67000000000002,7.5,1,1,1
V__MCEND001,2026-08-29,19,2,127.495,142.495,15.0,0,0,0
V__MCEND001,2026-08-29,20,2,126.295,141.29500000000002,15.000000000000014,0,0,0
V__MCEND001,2026-08-29,21,2,124.495,139.495,15.0,1,1,1
V__MCEND001,2026-08-29,22,2,123.06,138.06,15.0,1,1,1
V__MCEND001,2026-08-29,23,2,135.35,150.35,15.0,0,0,0
V__MCEND001,2026-08-29,24,2,135.35,150.35,15.0,0,0,0
V__MCEND001,2026-08-29,25,2,134.875,149.875,15.0,1,1,1
V__MCEND001,2026-08-29,26,2,133.86,148.86,15.0,1,1,1
V__MCEND001,2026-08-29,27,2,134.45,149.45,15.0,0,0,0
V__MCEND001,2026-08-29,28,2,134.57999999999998,149.57999999999998,15.0,1,1,1
V__MCEND001,2026-08-29,29,2,133.535,148.535,15.0,1,1,1
V__MCEND001,2026-08-29,30,2,133.465,148.465,15.0,1,1,1
V__MCEND001,2026-08-29,31,2,136.0,151.0,15.0,1,0,1
V__MCEND001,2026-08-29,32,2,136.0,151.0,15.0,0,0,0
V__MCEND001,2026-08-29,33,2,112.0,151.0,39.0,0,0,0
V__MCEND001,2026-08-29,34,2,112.0,151.0,39.0,0,0,0
V__MCEND001,2026-08-29,35,2,112.0,151.0,39.0,1,1,1
V__MCEND001,2026-08-29,36,2,112.0,151.0,39.0,0,0,0
V__MCEND001,2026-08-29,37,2,112.0,151.0,39.0,0,0,0
V__MCEND001,2026-08-29,38,2,136.0,151.0,15.0,0,0,0
V__MCEND001,2026-08-29,39,2,112.61,153.305,40.69500000000001,0,0,0
V__MCEND001,2026-08-29,40,2,114.81,154.405,39.595,0,0,0
V__MCEND001,2026-08-29,41,2,133.29500000000002,148.29500000000002,15.0,0,0,0
V__MCEND001,2026-08-29,42,2,115.0,147.0,32.0,1,1,1
V__MCEND001,2026-08-29,43,2,115.0,147.0,32.0,1,1,1
V__MCEND001,2026-08-29,44,2,137.70499999999998,152.70499999999998,15.0,0,0,0
V__MCEND001,2026-08-29,45,2,137.7,152.7,15.0,0,0,0
V__MCEND001,2026-08-29,46,2,137.87,152.87,15.0,1,1,1
V__MCEND001,2026-08-29,47,2,92.0,131.0,39.0,1,1,0
V__MCEND001,2026-08-29,48,2,120.0,135.0,15.0,0,0,0
V__MCEND001,2026-08-30,1,2,92.0,131.0,39.0,1,0,1
V__MCEND001,2026-08-30,2,2,119.93,134.93,15.0,1,0,1
V__MCEND001,2026-08-30,3,2,92.0,131.0,39.0,0,0,0
V__MCEND001,2026-08-30,4,2,92.0,131.0,39.0,0,0,0
V__MCEND001,2026-08-30,5,2,92.0,131.0,39.0,0,0,0
V__MCEND001,2026-08-30,6,2,92.0,131.0,39.0,0,0,0
V__MCEND001,2026-08-30,7,2,92.0,131.0,39.0,0,0,0
V__MCEND001,2026-08-30,8,2,92.0,131.0,39.0,0,0,0
V__MCEND001,2026-08-30,9,2,92.0,131.0,39.0,0,0,0
V__MCEND001,2026-08-30,10,2,92.0,131.0,39.0,0,0,0
V__MCEND001,2026-08-30,11,2,92.0,131.0,39.0,0,0,0
V__MCEND001,2026-08-30,12,2,92.0,131.0,39.0,0,0,0
V__MCEND001,2026-08-30,13,2,92.0,131.0,39.0,0,0,0
V__MCEND001,2026-08-30,14,2,92.0,131.0,39.0,0,0,0
V__MCEND001,2026-08-30,15,2,120.98,135.98000000000002,15.000000000000014,0,0,0
V__MCEND001,2026-08-30,16,2,132.47,147.47,15.0,0,0,0
V__MCEND001,2026-08-30,17,2,123.345,138.345,15.0,1,1,1
V__MCEND001,2026-08-30,18,2,126.825,141.825,14.999999999999986,0,0,0
V__MCEND001,2026-08-30,19,2,126.77,141.76999999999998,14.999999999999986,0,0,0
V__MCEND001,2026-08-30,20,2,130.97,145.97,15.0,0,0,0
V__MCEND001,2026-08-30,21,2,131.09,146.09,15.0,0,0,0
V__MCEND001,2026-08-30,22,2,126.685,141.685,15.0,0,0,0
V__MCEND001,2026-08-30,23,2,127.25,142.25,15.0,0,0,0
V__MCEND001,2026-08-30,24,2,128.65,143.65,15.0,0,0,0
V__MCEND001,2026-08-30,25,2,128.305,143.305,15.0,0,0,0
V__MCEND001,2026-08-30,26,2,127.155,142.155,15.0,0,0,0
V__MCEND001,2026-08-30,27,2,122.5,137.5,15.0,1,1,1
V__MCEND001,2026-08-30,28,2,92.0,123.5,31.5,1,0,1
V__MCEND001,2026-08-30,29,2,92.0,123.5,31.5,1,1,1
V__MCEND001,2026-08-30,30,2,130.89,145.89,15.0,1,1,1
V__MCEND001,2026-08-30,31,2,131.0,146.0,15.0,1,0,0
V__MCEND001,2026-08-30,32,2,147.5,162.5,15.0,1,1,1
V__MCEND001,2026-08-30,33,1,180.0,195.0,15.0,0,0,0
V__MCEND001,2026-08-30,34,1,180.0,195.0,15.0,0,0,0
V__MCEND001,2026-08-30,35,2,147.5,162.5,15.0,1,1,1
V__MCEND001,2026-08-30,36,2,147.5,162.5,15.0,0,0,0
V__MCEND001,2026-08-30,37,2,147.5,162.5,15.0,0,0,0
V__MCEND001,2026-08-30,38,2,115.0,162.5,47.5,1,0,1
V__MCEND001,2026-08-30,39,2,125.0,172.5,47.5,1,1,1
V__MCEND001,2026-08-30,40,2,125.0,172.5,47.5,1,0,0
V__MCEND001,2026-08-30,41,2,125.0,172.5,47.5,0,0,0
V__MCEND001,2026-08-30,42,2,125.0,172.5,47.5,0,0,0
V__MCEND001,2026-08-30,43,2,125.0,172.5,47.5,1,1,1
V__MCEND001,2026-08-30,44,2,118.95,169.475,50.52499999999999,1,1,1
V__MCEND001,2026-08-30,45,2,150.805,165.805,15.0,0,0,0
V__MCEND001,2026-08-30,46,2,146.11,161.11,15.0,0,0,0
V__MCEND001,2026-08-30,47,2,123.46,138.45999999999998,14.999999999999986,1,1,1
V__MCEND001,2026-08-30,48,2,123.46,138.45999999999998,14.999999999999986,0,0,0
V__MCEND001,2026-08-31,1,2,127.37,142.37,15.0,0,0,0
V__MCEND001,2026-08-31,2,2,127.38,142.38,15.0,0,0,0
V__MCEND001,2026-08-31,3,2,118.875,133.875,15.0,0,0,0
V__MCEND001,2026-08-31,4,2,121.115,136.115,15.000000000000014,0,0,0
V__MCEND001,2026-08-31,5,2,121.34,136.34,15.0,0,0,0
V__MCEND001,2026-08-31,6,2,122.38,137.38,15.0,0,0,0
V__MCEND001,2026-08-31,7,2,127.425,142.425,15.000000000000014,0,0,0
V__MCEND001,2026-08-31,8,2,131.49,146.49,15.0,0,0,0
V__MCEND001,2026-08-31,9,2,123.23,138.23000000000002,15.000000000000014,0,0,0
V__MCEND001,2026-08-31,10,2,125.4,140.4,15.0,0,0,0
V__MCEND001,2026-08-31,11,2,125.0,140.0,15.0,1,1,1
V__MCEND001,2026-08-31,12,2,95.0,127.5,32.5,0,0,0
V__MCEND001,2026-08-31,13,2,95.0,127.5,32.5,0,0,0
V__MCEND001,2026-08-31,14,2,95.0,127.5,32.5,0,0,0
V__MCEND001,2026-08-31,15,2,55.0,107.5,52.5,0,0,0
V__MCEND001,2026-08-31,16,2,55.0,107.5,52.5,0,0,0
V__MCEND001,2026-08-31,17,2,55.0,107.5,52.5,1,0,1
V__MCEND001,2026-08-31,18,2,53.57,106.785,53.214999999999996,1,1,1
V__MCEND001,2026-08-31,19,2,-3.0,52.0,55.0,1,0,0
V__MCEND001,2026-08-31,20,2,37.0,52.0,15.0,1,1,1
V__MCEND001,2026-08-31,21,2,37.0,52.0,15.0,1,1,1
V__MCEND001,2026-08-31,22,2,37.0,52.0,15.0,1,0,1
V__MCEND001,2026-08-31,23,2,29.82,44.82,15.0,0,0,0
V__MCEND001,2026-08-31,24,2,49.365,64.36500000000001,15.000000000000007,0,0,0
V__MCEND001,2026-08-31,25,2,52.17,67.17,15.0,0,0,0
V__MCEND001,2026-08-31,26,2,56.575,71.575,15.0,1,1,1
V__MCEND001,2026-08-31,27,2,59.71,74.71000000000001,15.000000000000007,1,1,1
V__MCEND001,2026-08-31,28,1,93.56,108.56,15.0,1,1,1
V__MCEND001,2026-08-31,29,1,148.11,163.11,15.0,1,0,1
V__MCEND001,2026-08-31,30,1,170.49,185.49,15.0,0,0,0
V__MCEND001,2026-08-31,31,2,137.235,152.235,15.0,1,0,1
V__MCEND001,2026-08-31,32,2,137.55,152.55,15.0,1,1,1
V__MCEND001,2026-08-31,33,2,137.425,152.425,15.0,1,1,0
V__MCEND001,2026-08-31,34,2,142.275,157.275,15.0,1,1,1
V__MCEND001,2026-08-31,35,1,160.0,175.0,15.0,1,0,0
V__MCEND001,2026-08-31,36,2,150.75,165.75,15.0,1,1,1
V__MCEND001,2026-08-31,37,2,153.26,168.26,15.0,0,0,0
V__MCEND001,2026-08-31,38,2,120.0,155.0,35.0,1,1,1
V__MCEND001,2026-08-31,39,2,120.0,157.5,37.5,1,0,0
V__MCEND001,2026-08-31,40,2,120.0,157.5,37.5,1,1,1
V__MCEND001,2026-08-31,41,2,118.78,156.89,38.109999999999985,1,0,0
V__MCEND001,2026-08-31,42,2,140.0,155.0,15.0,0,0,0
V__MCEND001,2026-08-31,43,2,110.0,152.5,42.5,1,1,1
V__MCEND001,2026-08-31,44,2,138.0,153.0,15.0,0,0,0
V__MCEND001,2026-08-31,45,2,137.5,152.5,15.0,0,0,0
V__MCEND001,2026-08-31,46,2,137.5,152.5,15.0,1,1,1
V__MCEND001,2026-08-31,47,2,133.25,148.25,15.0,1,1,1
V__MCEND001,2026-08-31,48,2,133.215,148.215,15.0,1,1,1
V__MCEND001,2026-09-01,1,2,132.075,147.075,15.0,1,1,0
V__MCEND001,2026-09-01,2,2,132.195,147.195,15.0,1,1,1
V__MCEND001,2026-09-01,3,2,131.81,146.81,15.0,1,1,1
V__MCEND001,2026-09-01,4,2,132.275,147.275,15.0,1,1,1
V__MCEND001,2026-09-01,5,2,125.765,133.265,7.499999999999986,1,1,1
V__MCEND001,2026-09-01,6,2,125.0,132.5,7.5,1,1,0
V__MCEND001,2026-09-01,7,2,127.5,142.5,15.0,1,0,1
V__MCEND001,2026-09-01,8,2,127.5,135.0,7.5,1,0,0
V__MCEND001,2026-09-01,9,2,127.5,135.0,7.5,0,0,0
V__MCEND001,2026-09-01,10,2,132.11,139.61,7.5,0,0,0
V__MCEND001,2026-09-01,11,2,136.595,151.595,15.0,1,1,1
V__MCEND001,2026-09-01,12,2,105.0,142.5,37.5,1,1,1
V__MCEND001,2026-09-01,13,1,105.0,120.0,15.0,1,1,1
V__MCEND001,2026-09-01,14,1,105.0,120.0,15.0,1,1,1
V__MCEND001,2026-09-01,15,2,86.72,148.36,61.640000000000015,1,1,1
V__MCEND001,2026-09-01,16,2,126.25999999999999,141.26,15.0,0,0,0
V__MCEND001,2026-09-01,17,1,82.81,97.81,15.0,0,0,0
V__MCEND001,2026-09-01,18,2,92.5,107.5,15.0,0,0,0
V__MCEND001,2026-09-01,19,2,92.5,107.5,15.0,0,0,0
V__MCEND001,2026-09-01,20,1,50.0,65.0,15.0,1,1,1
V__MCEND001,2026-09-01,21,2,85.76,100.76,15.0,1,1,1
V__MCEND001,2026-09-01,22,2,87.96000000000001,102.96000000000001,15.0,1,1,0
V__MCEND001,2026-09-01,23,2,64.66,79.66,15.0,0,0,0
V__MCEND001,2026-09-01,24,1,95.0,110.0,15.0,0,0,0
V__MCEND001,2026-09-01,25,2,60.0,67.5,7.5,0,0,0
V__MCEND001,2026-09-01,26,2,60.0,67.5,7.5,0,0,0
V__MCEND001,2026-09-01,27,2,60.0,67.5,7.5,1,0,1
V__MCEND001,2026-09-01,28,2,60.0,67.5,7.5,1,1,0
V__MCEND001,2026-09-01,29,2,64.255,71.755,7.5,1,1,1
V__MCEND001,2026-09-01,30,2,92.08,99.58,7.5,1,0,1
V__MCEND001,2026-09-01,31,2,93.205,100.705,7.5,1,1,1
V__MCEND001,2026-09-01,32,2,106.22,113.72,7.5,0,0,0
V__MCEND001,2026-09-01,33,2,136.525,144.025,7.5,0,0,0
V__MCEND001,2026-09-01,34,2,136.04500000000002,151.04500000000002,15.0,0,0,0
V__MCEND001,2026-09-01,35,2,123.865,131.365,7.500000000000014,0,0,0
V__MCEND001,2026-09-01,36,2,125.745,133.245,7.5,1,1,1
V__MCEND001,2026-09-01,37,2,154.125,169.125,15.0,1,0,1
V__MCEND001,2026-09-01,38,2,153.55,168.55,15.0,1,1,1
V__MCEND001,2026-09-01,39,2,115.0,172.5,57.5,1,1,1
V__MCEND001,2026-09-01,40,1,115.0,130.0,15.0,1,0,0
V__MCEND001,2026-09-01,41,1,120.0,135.0,15.0,0,0,0
V__MCEND001,2026-09-01,42,2,160.0,175.0,15.0,0,0,0
V__MCEND001,2026-09-01,43,2,120.0,175.0,55.0,1,0,1
V__MCEND001,2026-09-01,44,2,160.0,175.0,15.0,1,1,1
V__MCEND001,2026-09-01,45,2,160.0,175.0,15.0,1,1,1
V__MCEND001,2026-09-01,46,2,160.0,175.0,15.0,1,1,0
V__MCEND001,2026-09-01,47,2,137.5,152.5,15.0,1,1,1
V__MCEND001,2026-09-01,48,2,139.01999999999998,154.01999999999998,15.0,0,0,0
V__MCEND001,2026-09-02,1,2,139.535,154.535,15.0,1,0,1
V__MCEND001,2026-09-02,2,2,142.425,157.425,15.0,0,0,0
V__MCEND001,2026-09-02,3,2,145.08499999999998,160.08499999999998,15.0,0,0,0
V__MCEND001,2026-09-02,4,2,144.25,159.25,15.0,0,0,0
V__MCEND001,2026-09-02,5,2,150.535,165.535,15.0,0,0,0
V__MCEND001,2026-09-02,6,2,148.255,163.255,15.0,1,1,1
V__MCEND001,2026-09-02,7,2,145.505,160.505,15.0,0,0,0
V__MCEND001,2026-09-02,8,1,185.32,200.32,15.0,0,0,0
V__MCEND001,2026-09-02,9,2,149.125,164.125,15.0,0,0,0
V__MCEND001,2026-09-02,10,2,149.64,164.64,15.0,0,0,0
V__MCEND001,2026-09-02,11,2,148.22,163.22,15.0,0,0,0
V__MCEND001,2026-09-02,12,2,148.39499999999998,163.39499999999998,15.0,0,0,0
V__MCEND001,2026-09-02,13,2,157.4,172.4,15.0,0,0,0
V__MCEND001,2026-09-02,14,1,105.0,120.0,15.0,0,0,0
V__MCEND001,2026-09-02,15,2,105.0,157.5,52.5,0,0,0
V__MCEND001,2026-09-02,16,2,130.0,177.5,47.5,1,0,1
V__MCEND001,2026-09-02,17,2,161.22,176.22,15.0,1,0,0
V__MCEND001,2026-09-02,18,2,162.5,177.5,15.0,1,1,1
V__MCEND001,2026-09-02,19,2,162.5,177.5,15.0,1,1,0
V__MCEND001,2026-09-02,20,2,162.5,177.5,15.0,0,0,0
V__MCEND001,2026-09-02,21,2,162.5,177.5,15.0,1,1,1
V__MCEND001,2026-09-02,22,2,130.0,177.5,47.5,1,1,1
V__MCEND001,2026-09-02,23,2,125.0,167.5,42.5,0,0,0
V__MCEND001,2026-09-02,24,2,152.5,167.5,15.0,0,0,0
V__MCEND001,2026-09-02,25,2,155.1,170.1,15.0,1,1,1
V__MCEND001,2026-09-02,26,2,152.5,167.5,15.0,1,1,1
V__MCEND001,2026-09-02,27,1,180.0,195.0,15.0,0,0,0
V__MCEND001,2026-09-02,28,2,150.93,165.93,15.0,0,0,0
V__MCEND001,2026-09-02,29,1,180.0,195.0,15.0,0,0,0
V__MCEND001,2026-09-02,30,2,150.0,157.5,7.5,0,0,0
V__MCEND001,2026-09-02,31,2,150.0,157.5,7.5,1,1,1
V__MCEND001,2026-09-02,32,2,156.905,164.405,7.5,1,1,1
V__MCEND001,2026-09-02,33,2,154.57999999999998,162.07999999999998,7.5,1,1,1
V__MCEND001,2026-09-02,34,2,155.16,170.16,15.0,1,1,1
V__MCEND001,2026-09-02,35,2,157.5,172.5,15.0,1,1,1
V__MCEND001,2026-09-02,36,2,157.5,172.5,15.0,1,1,1
V__MCEND001,2026-09-02,37,1,125.0,140.0,15.0,1,1,1
V__MCEND001,2026-09-02,38,2,157.5,172.5,15.0,1,1,0
V__MCEND001,2026-09-02,39,1,125.0,140.0,15.0,1,1,1
V__MCEND001,2026-09-02,40,2,125.0,177.5,52.5,1,1,1
V__MCEND001,2026-09-02,41,2,125.0,177.5,52.5,1,1,1
V__MCEND001,2026-09-02,42,2,161.855,176.85500000000002,15.000000000000028,1,1,1
V__MCEND001,2026-09-02,43,2,161.45,176.45,15.0,1,1,1
V__MCEND001,2026-09-02,44,2,150.25,165.25,15.0,1,1,0
V__MCEND001,2026-09-02,45,2,149.695,164.695,15.0,0,0,0
V__MCEND001,2026-09-02,46,2,152.945,167.945,15.0,0,0,0
V__MCEND001,2026-09-02,47,2,127.5,142.5,15.0,0,0,0
V__MCEND001,2026-09-02,48,2,127.5,142.5,15.0,1,1,1
V__MCEND001,2026-09-03,1,2,127.5,142.5,15.0,1,1,1
V__MCEND001,2026-09-03,2,2,127.5,142.5,15.0,0,0,0
V__MCEND001,2026-09-03,3,2,122.5,137.5,15.0,0,0,0
V__MCEND001,2026-09-03,4,2,122.5,137.5,15.0,0,0,0
V__MCEND001,2026-09-03,5,2,122.5,137.5,15.0,0,0,0
V__MCEND001,2026-09-03,6,2,122.5,137.5,15.0,0,0,0
V__MCEND001,2026-09-03,7,2,115.0,130.0,15.0,0,0,0
V__MCEND001,2026-09-03,8,2,115.0,130.0,15.0,1,1,0
V__MCEND001,2026-09-03,9,2,115.0,130.0,15.0,1,1,1
V__MCEND001,2026-09-03,10,2,115.0,130.0,15.0,1,1,1
V__MCEND001,2026-09-03,11,2,110.0,125.0,15.0,1,1,1
V__MCEND001,2026-09-03,12,2,60.0,125.0,65.0,1,1,1
V__MCEND001,2026-09-03,13,2,60.0,125.0,65.0,1,1,1
V__MCEND001,2026-09-03,14,2,60.0,125.0,65.0,1,0,1
V__MCEND001,2026-09-03,15,2,35.0,112.5,77.5,1,1,1
V__MCEND001,2026-09-03,16,2,35.0,112.5,77.5,0,0,0
V__MCEND001,2026-09-03,17,2,35.0,112.5,77.5,0,0,0
V__MCEND001,2026-09-03,18,2,35.0,112.5,77.5,0,0,0
V__MCEND001,2026-09-03,19,2,30.0,100.0,70.0,0,0,0
V__MCEND001,2026-09-03,20,2,30.0,100.0,70.0,0,0,0
V__MCEND001,2026-09-03,21,2,85.0,100.0,15.0,0,0,0
V__MCEND001,2026-09-03,22,2,85.0,100.0,15.0,1,0,1
V__MCEND001,2026-09-03,23,2,21.22,90.61,69.39,1,1,1
V__MCEND001,2026-09-03,24,2,77.775,92.775,15.0,1,1,1
V__MCEND001,2026-09-03,25,2,65.185,80.185,15.0,1,1,1
V__MCEND001,2026-09-03,26,1,110.0,125.0,15.0,1,0,0
V__MCEND001,2026-09-03,27,2,60.0,70.0,10.0,0,0,0
V__MCEND001,2026-09-03,28,2,60.0,70.0,10.0,0,0,0
V__MCEND001,2026-09-03,29,2,60.0,70.0,10.0,0,0,0
V__MCEND001,2026-09-03,30,2,60.31,70.31,10.0,1,1,1
V__MCEND001,2026-09-03,31,2,81.495,96.495,15.0,1,0,1
V__MCEND001,2026-09-03,32,2,93.26,100.76,7.5,1,1,1
V__MCEND001,2026-09-03,33,2,88.045,95.545,7.5,1,1,1
V__MCEND001,2026-09-03,34,2,95.105,110.105,15.0,1,1,1
V__MCEND001,2026-09-03,35,2,132.5,147.5,15.0,1,1,1
V__MCEND001,2026-09-03,36,1,95.0,110.0,15.0,0,0,0
V__MCEND001,2026-09-03,37,2,132.5,147.5,15.0,1,1,1
V__MCEND001,2026-09-03,38,2,95.0,147.5,52.5,1,0,0
V__MCEND001,2026-09-03,39,2,150.0,165.0,15.0,0,0,0
V__MCEND001,2026-09-03,40,2,120.0,165.0,45.0,0,0,0
V__MCEND001,2026-09-03,41,2,119.61,164.805,45.19500000000001,0,0,0
V__MCEND001,2026-09-03,42,2,113.57,161.785,48.215,1,0,0
V__MCEND001,2026-09-03,43,2,151.045,166.045,15.0,1,1,1
V__MCEND001,2026-09-03,44,2,113.57,128.57,15.0,1,1,0
V__MCEND001,2026-09-03,45,2,135.88,150.88,15.0,1,0,1
V__MCEND001,2026-09-03,46,2,144.71,159.71,15.0,1,1,1
V__MCEND001,2026-09-03,47,2,118.805,133.805,15.0,1,1,1
V__MCEND001,2026-09-03,48,2,110.735,125.735,15.0,1,1,1
V__MCEND001,2026-09-04,1,2,115.14,130.14,14.999999999999986,1,0,1
V__MCEND001,2026-09-04,2,2,121.43,136.43,15.0,1,1,1
V__MCEND001,2026-09-04,3,2,113.94,128.94,15.0,0,0,0
V__MCEND001,2026-09-04,4,2,115.84,130.84,15.0,0,0,0
V__MCEND001,2026-09-04,5,2,107.705,122.705,15.0,0,0,0
V__MCEND001,2026-09-04,6,2,100.0,115.0,15.0,0,0,0
V__MCEND001,2026-09-04,7,2,105.15,120.15,15.0,1,1,1
V__MCEND001,2026-09-04,8,2,102.5,117.5,15.0,1,0,0
V__MCEND001,2026-09-04,9,2,102.505,117.505,15.0,1,1,0
V__MCEND001,2026-09-04,10,2,102.5,117.5,15.0,0,0,0
V__MCEND001,2026-09-04,11,2,94.995,109.995,15.0,1,1,1
V__MCEND001,2026-09-04,12,2,95.355,110.355,15.0,1,1,1
V__MCEND001,2026-09-04,13,2,94.575,109.575,15.0,1,1,1
V__MCEND001,2026-09-04,14,2,45.0,102.5,57.5,1,0,1
V__MCEND001,2026-09-04,15,2,35.0,100.0,65.0,0,0,0
E_ARBRB-1,2026-08-28,16,2,-9999.0,9999.0,19998.0,0,0,0
E_ARBRB-1,2026-08-28,17,2,-9999.0,9999.0,19998.0,0,0,0
E_ARBRB-1,2026-08-28,18,2,-9999.0,9999.0,19998.0,0,0,0
E_ARBRB-1,2026-08-28,19,2,-9999.0,9999.0,19998.0,0,0,0
E_ARBRB-1,2026-08-28,20,2,-9999.0,9999.0,19998.0,0,0,0
E_ARBRB-1,2026-08-28,21,2,-9999.0,9999.0,19998.0,0,0,0
E_ARBRB-1,2026-08-28,22,2,-9999.0,9999.0,19998.0,0,0,0
E_ARBRB-1,2026-08-28,23,2,-9999.0,9999.0,19998.0,0,0,0
E_ARBRB-1,2026-08-28,24,2,-9999.0,9999.0,19998.0,0,0,0
E_ARBRB-1,2026-08-28,25,2,-9999.0,9999.0,19998.0,0,0,0
E_ARBRB-1,2026-08-28,26,2,-9999.0,9999.0,19998.0,0,0,0
E_ARBRB-1,2026-08-28,27,2,-9999.0,9999.0,19998.0,0,0,0
E_ARBRB-1,2026-08-28,28,2,-9999.0,9999.0,19998.0,0,0,0
E_ARBRB-1,2026-08-28,29,2,33.28,165.01,131.73,0,0,0
E_ARBRB-1,2026-08-28,30,2,32.15,163.73,131.57999999999998,0,0,0
E_ARBRB-1,2026-08-28,31,2,28.64,156.35,127.71,0,0,0
E_ARBRB-1,2026-08-28,32,2,31.16,156.93,125.77000000000001,0,0,0
E_ARBRB-1,2026-08-28,33,2,36.99,158.52,121.53,0,0,0
E_ARBRB-1,2026-08-28,34,2,37.28,165.76,128.48,0,0,0
E_ARBRB-1,2026-08-28,35,2,90.92,159.58,68.66000000000001,0,0,0
E_ARBRB-1,2026-08-28,36,2,83.22,163.83,80.61000000000001,0,0,0
E_ARBRB-1,2026-08-28,37,2,95.09,167.96,72.87,0,0,0
E_ARBRB-1,2026-08-28,38,2,100.95,176.51,75.55999999999999,0,0,0
E_ARBRB-1,2026-08-28,39,2,95.1,166.69,71.59,0,0,0
E_ARBRB-1,2026-08-28,40,2,94.71,186.32,91.61,1,1,1
E_ARBRB-1,2026-08-28,41,2,115.38,203.62,88.24000000000001,1,1,1
E_ARBRB-1,2026-08-28,42,2,115.44,203.72,88.28,1,1,0
E_ARBRB-1,2026-08-28,43,2,84.63,165.85,81.22,1,0,0
E_ARBRB-1,2026-08-28,44,2,0.0,141.23,141.23,1,0,0
E_ARBRB-1,2026-08-28,45,2,0.0,147.17,147.17,0,0,0
E_ARBRB-1,2026-08-28,46,2,0.0,167.75,167.75,0,0,0
E_ARBRB-1,2026-08-28,47,2,61.73,121.52,59.79,0,0,0
E_ARBRB-1,2026-08-28,48,2,58.31,116.3,57.989999999999995,0,0,0
E_ARBRB-1,2026-08-29,1,2,66.85,131.01,64.16,0,0,0
E_ARBRB-1,2026-08-29,2,2,61.14,120.92,59.78,0,0,0
E_ARBRB-1,2026-08-29,3,2,57.12,116.07,58.949999999999996,1,0,1
E_ARBRB-1,2026-08-29,4,2,48.54,103.11,54.57,1,1,0
E_ARBRB-1,2026-08-29,5,2,50.71,105.98,55.27,1,1,1
E_ARBRB-1,2026-08-29,6,2,51.94,108.43,56.49000000000001,1,1,0
E_ARBRB-1,2026-08-29,7,2,48.0,103.35,55.349999999999994,0,0,0
E_ARBRB-1,2026-08-29,8,2,45.43,101.21,55.779999999999994,0,0,0
E_ARBRB-1,2026-08-29,9,2,44.93,100.66,55.73,0,0,0
E_ARBRB-1,2026-08-29,10,2,44.44,100.78,56.34,1,0,1
E_ARBRB-1,2026-08-29,11,2,51.94,108.02,56.08,1,1,1
E_ARBRB-1,2026-08-29,12,2,49.65,110.72,61.07,1,1,1
E_ARBRB-1,2026-08-29,13,2,43.37,102.88,59.51,1,1,0
E_ARBRB-1,2026-08-29,14,2,45.48,116.26,70.78,0,0,0
E_ARBRB-1,2026-08-29,15,2,69.52,148.67,79.14999999999999,1,1,1
E_ARBRB-1,2026-08-29,16,2,68.38,149.8,81.42000000000002,0,0,0
E_ARBRB-1,2026-08-29,17,2,68.64,149.39,80.74999999999999,0,0,0
E_ARBRB-1,2026-08-29,18,2,66.62,170.16,103.53999999999999,0,0,0
E_ARBRB-1,2026-08-29,19,2,93.76,184.94,91.17999999999999,0,0,0
E_ARBRB-1,2026-08-29,20,2,98.23,196.31,98.08,0,0,0
E_ARBRB-1,2026-08-29,21,2,101.91,182.46,80.55000000000001,0,0,0
E_ARBRB-1,2026-08-29,22,2,97.12,176.51,79.38999999999999,0,0,0
E_ARBRB-1,2026-08-29,23,2,104.7,181.64,76.93999999999998,0,0,0
E_ARBRB-1,2026-08-29,24,2,106.76,185.43,78.67,0,0,0
E_ARBRB-1,2026-08-29,25,2,109.57,194.51,84.94,0,0,0
E_ARBRB-1,2026-08-29,26,2,106.0,191.54,85.53999999999999,0,0,0
E_ARBRB-1,2026-08-29,27,2,100.18,181.05,80.87,0,0,0
E_ARBRB-1,2026-08-29,28,2,105.19,186.0,80.81,0,0,0
E_ARBRB-1,2026-08-29,29,2,95.1,168.19,73.09,1,1,1
E_ARBRB-1,2026-08-29,30,2,97.23,175.25,78.02,1,0,1
E_ARBRB-1,2026-08-29,31,2,106.4,186.2,79.79999999999998,1,0,1
E_ARBRB-1,2026-08-29,32,2,108.05,189.39,81.33999999999999,0,0,0
E_ARBRB-1,2026-08-29,33,2,108.81,191.72,82.91,0,0,0
E_ARBRB-1,2026-08-29,34,2,112.8,197.38,84.58,0,0,0
E_ARBRB-1,2026-08-29,35,2,114.05,197.69,83.64,0,0,0
E_ARBRB-1,2026-08-29,36,2,111.28,194.2,82.91999999999999,0,0,0
E_ARBRB-1,2026-08-29,37,2,102.13,184.18,82.05000000000001,0,0,0
E_ARBRB-1,2026-08-29,38,2,110.38,192.2,81.82,0,0,0
E_ARBRB-1,2026-08-29,39,2,103.34,185.17,81.82999999999998,0,0,0
E_ARBRB-1,2026-08-29,40,2,106.38,189.33,82.95000000000002,0,0,0
E_ARBRB-1,2026-08-29,41,2,100.43,179.0,78.57,0,0,0
E_ARBRB-1,2026-08-29,42,2,121.34,222.35,101.00999999999999,0,0,0
E_ARBRB-1,2026-08-29,43,2,114.63,220.7,106.07,0,0,0
E_ARBRB-1,2026-08-29,44,2,0.0,152.55,152.55,0,0,0
E_ARBRB-1,2026-08-29,45,2,0.0,158.82,158.82,0,0,0
E_ARBRB-1,2026-08-29,46,2,0.0,177.1,177.1,0,0,0
E_ARBRB-1,2026-08-29,47,2,98.94,180.73,81.78999999999999,0,0,0
E_ARBRB-1,2026-08-29,48,2,106.3,188.4,82.10000000000001,0,0,0
E_ARBRB-1,2026-08-30,1,2,112.31,194.69,82.38,0,0,0
E_ARBRB-1,2026-08-30,2,2,105.91,186.59,80.68,0,0,0
E_ARBRB-1,2026-08-30,3,2,112.72,204.78,92.06,0,0,0
E_ARBRB-1,2026-08-30,4,2,110.32,200.39,90.07,0,0,0
E_ARBRB-1,2026-08-30,5,2,105.15,197.24,92.09,0,0,0
E_ARBRB-1,2026-08-30,6,2,108.16,203.93,95.77000000000001,0,0,0
E_ARBRB-1,2026-08-30,7,2,103.59,189.34,85.75,0,0,0
E_ARBRB-1,2026-08-30,8,2,95.22,166.25,71.03,0,0,0
E_ARBRB-1,2026-08-30,9,2,85.5,155.04,69.53999999999999,0,0,0
E_ARBRB-1,2026-08-30,10,2,82.91,147.29,64.38,1,1,1
E_ARBRB-1,2026-08-30,11,2,89.64,158.8,69.16000000000001,0,0,0
E_ARBRB-1,2026-08-30,12,2,87.54,158.31,70.77,0,0,0
E_ARBRB-1,2026-08-30,13,2,94.69,179.07,84.38,0,0,0
E_ARBRB-1,2026-08-30,14,2,93.11,175.57,82.46,0,0,0
E_ARBRB-1,2026-08-30,15,2,100.44,179.4,78.96000000000001,0,0,0
E_ARBRB-1,2026-08-30,16,2,106.52,198.64,92.11999999999999,0,0,0
E_ARBRB-1,2026-08-30,17,2,110.1,190.74,80.64000000000001,0,0,0
E_ARBRB-1,2026-08-30,18,2,111.38,196.46,85.08000000000001,0,0,0
E_ARBRB-1,2026-08-30,19,2,118.92,210.24,91.32000000000001,0,0,0
E_ARBRB-1,2026-08-30,20,2,118.47,213.79,95.32,0,0,0
E_ARBRB-1,2026-08-30,21,2,121.08,215.1,94.02,0,0,0
E_ARBRB-1,2026-08-30,22,2,115.84,202.11,86.27000000000001,0,0,0
E_ARBRB-1,2026-08-30,23,2,115.58,205.99,90.41000000000001,0,0,0
E_ARBRB-1,2026-08-30,24,2,119.07,212.42,93.35,0,0,0
E_ARBRB-1,2026-08-30,25,2,112.93,206.01,93.07999999999998,0,0,0
E_ARBRB-1,2026-08-30,26,2,114.07,207.83,93.76000000000002,0,0,0
E_ARBRB-1,2026-08-30,27,2,107.22,191.24,84.02000000000001,0,0,0
E_ARBRB-1,2026-08-30,28,2,122.96,216.95,93.99,0,0,0
E_ARBRB-1,2026-08-30,29,2,124.24,220.98,96.74,0,0,0
E_ARBRB-1,2026-08-30,30,2,118.18,210.54,92.35999999999999,0,0,0
E_ARBRB-1,2026-08-30,31,2,108.64,198.73,90.08999999999999,0,0,0
E_ARBRB-1,2026-08-30,32,2,100.56,178.12,77.56,1,1,1
E_ARBRB-1,2026-08-30,33,2,100.88,183.76,82.88,0,0,0
E_ARBRB-1,2026-08-30,34,2,91.77,180.56,88.79,0,0,0
E_ARBRB-1,2026-08-30,35,2,112.54,201.25,88.71,0,0,0
E_ARBRB-1,2026-08-30,36,2,117.16,207.83,90.67000000000002,1,0,1
E_ARBRB-1,2026-08-30,37,2,120.02,210.21,90.19000000000001,1,1,1
E_ARBRB-1,2026-08-30,38,2,122.86,212.65,89.79,1,1,1
E_ARBRB-1,2026-08-30,39,2,117.39,205.47,88.08,1,1,1
E_ARBRB-1,2026-08-30,40,2,121.17,211.93,90.76,0,0,0
E_ARBRB-1,2026-08-30,41,2,122.34,220.87,98.53,0,0,0
E_ARBRB-1,2026-08-30,42,2,114.25,213.77,99.52000000000001,0,0,0
E_ARBRB-1,2026-08-30,43,2,117.6,218.16,100.56,0,0,0
E_ARBRB-1,2026-08-30,44,2,0.0,205.6,205.6,0,0,0
E_ARBRB-1,2026-08-30,45,2,0.0,189.9,189.9,0,0,0
E_ARBRB-1,2026-08-30,46,2,0.0,180.77,180.77,0,0,0
E_ARBRB-1,2026-08-30,47,2,97.74,172.01,74.27,0,0,0
E_ARBRB-1,2026-08-30,48,2,98.77,175.05,76.28000000000002,0,0,0
E_ARBRB-1,2026-08-31,1,2,93.29,164.43,71.14,0,0,0
E_ARBRB-1,2026-08-31,2,2,90.63,161.91,71.28,0,0,0
E_ARBRB-1,2026-08-31,3,2,89.52,160.3,70.78000000000002,0,0,0
E_ARBRB-1,2026-08-31,4,2,94.01,172.08,78.07000000000001,0,0,0
E_ARBRB-1,2026-08-31,5,2,95.36,174.11,78.75000000000001,0,0,0
E_ARBRB-1,2026-08-31,6,2,101.06,189.57,88.50999999999999,0,0,0
E_ARBRB-1,2026-08-31,7,2,91.85,160.66,68.81,0,0,0
E_ARBRB-1,2026-08-31,8,2,88.99,160.33,71.34000000000002,0,0,0
E_ARBRB-1,2026-08-31,9,2,84.15,173.73,89.57999999999998,0,0,0
E_ARBRB-1,2026-08-31,10,2,84.85,183.55,98.70000000000002,0,0,0
E_ARBRB-1,2026-08-31,11,2,104.05,186.69,82.64,0,0,0
E_ARBRB-1,2026-08-31,12,2,103.09,179.82,76.72999999999999,1,1,1
E_ARBRB-1,2026-08-31,13,2,116.74,206.97,90.23,1,1,1
E_ARBRB-1,2026-08-31,14,2,108.54,198.22,89.67999999999999,1,1,1
E_ARBRB-1,2026-08-31,15,2,108.61,196.45,87.83999999999999,1,1,1
E_ARBRB-1,2026-08-31,16,2,44.67,203.46,158.79000000000002,0,0,0
E_ARBRB-1,2026-08-31,17,2,65.97,162.95,96.97999999999999,0,0,0
E_ARBRB-1,2026-08-31,18,2,61.29,160.99,99.70000000000002,0,0,0
E_ARBRB-1,2026-08-31,19,2,46.73,119.08,72.35,0,0,0
E_ARBRB-1,2026-08-31,20,2,28.15,82.37,54.220000000000006,0,0,0
E_ARBRB-1,2026-08-31,21,2,8.92,60.98,52.059999999999995,0,0,0
E_ARBRB-1,2026-08-31,22,2,24.09,79.07,54.97999999999999,0,0,0
E_ARBRB-1,2026-08-31,23,2,27.09,82.73,55.64,0,0,0
E_ARBRB-1,2026-08-31,24,2,40.91,104.42,63.510000000000005,0,0,0
E_ARBRB-1,2026-08-31,25,2,35.03,91.43,56.400000000000006,0,0,0
E_ARBRB-1,2026-08-31,26,2,48.76,109.61,60.85,0,0,0
E_ARBRB-1,2026-08-31,27,2,50.21,111.25,61.04,0,0,0
E_ARBRB-1,2026-08-31,28,2,59.69,123.32,63.629999999999995,0,0,0
E_ARBRB-1,2026-08-31,29,2,72.17,142.22,70.05,0,0,0
E_ARBRB-1,2026-08-31,30,2,90.34,162.03,71.69,0,0,0
E_ARBRB-1,2026-08-31,31,2,101.44,182.75,81.31,0,0,0
E_ARBRB-1,2026-08-31,32,2,91.65,167.33,75.68,0,0,0
E_ARBRB-1,2026-08-31,33,2,95.43,171.9,76.47,0,0,0
E_ARBRB-1,2026-08-31,34,2,89.98,180.96,90.98,0,0,0
E_ARBRB-1,2026-08-31,35,2,91.64,181.32,89.67999999999999,0,0,0
E_ARBRB-1,2026-08-31,36,2,100.64,195.84,95.2,0,0,0
E_ARBRB-1,2026-08-31,37,2,122.49,215.03,92.54,0,0,0
E_ARBRB-1,2026-08-31,38,2,123.85,216.23,92.38,0,0,0
E_ARBRB-1,2026-08-31,39,2,125.04,218.7,93.65999999999998,0,0,0
E_ARBRB-1,2026-08-31,40,2,131.71,242.35,110.63999999999999,0,0,0
E_ARBRB-1,2026-08-31,41,2,117.52,211.92,94.39999999999999,0,0,0
E_ARBRB-1,2026-08-31,42,2,107.06,190.3,83.24000000000001,0,0,0
E_ARBRB-1,2026-08-31,43,2,111.6,217.64,106.03999999999999,0,0,0
E_ARBRB-1,2026-08-31,44,2,0.0,183.38,183.38,0,0,0
E_ARBRB-1,2026-08-31,45,2,0.0,168.36,168.36,0,0,0
E_ARBRB-1,2026-08-31,46,2,0.0,174.18,174.18,0,0,0
E_ARBRB-1,2026-08-31,47,2,101.21,175.86,74.65000000000002,0,0,0
E_ARBRB-1,2026-08-31,48,2,100.0,177.23,77.22999999999999,0,0,0
E_ARBRB-1,2026-09-01,1,2,96.37,174.63,78.25999999999999,0,0,0
E_ARBRB-1,2026-09-01,2,2,91.52,165.11,73.59000000000002,0,0,0
E_ARBRB-1,2026-09-01,3,2,91.85,164.93,73.08000000000001,0,0,0
E_ARBRB-1,2026-09-01,4,2,87.05,152.0,64.95,0,0,0
E_ARBRB-1,2026-09-01,5,2,73.77,134.93,61.16000000000001,0,0,0
E_ARBRB-1,2026-09-01,6,2,62.0,134.69,72.69,0,0,0
E_ARBRB-1,2026-09-01,7,2,84.56,149.18,64.62,0,0,0
E_ARBRB-1,2026-09-01,8,2,77.49,155.81,78.32000000000001,0,0,0
E_ARBRB-1,2026-09-01,9,2,80.04,159.74,79.7,0,0,0
E_ARBRB-1,2026-09-01,10,2,76.8,165.73,88.92999999999999,0,0,0
E_ARBRB-1,2026-09-01,11,2,109.37,197.51,88.13999999999999,0,0,0
E_ARBRB-1,2026-09-01,12,2,114.55,202.38,87.83,0,0,0
E_ARBRB-1,2026-09-01,13,2,114.33,207.43,93.10000000000001,0,0,0
E_ARBRB-1,2026-09-01,14,2,108.38,215.7,107.32,0,0,0
E_ARBRB-1,2026-09-01,15,2,95.6,189.28,93.68,0,0,0
E_ARBRB-1,2026-09-01,16,2,84.55,176.11,91.56000000000002,0,0,0
E_ARBRB-1,2026-09-01,17,2,79.82,171.1,91.28,0,0,0
E_ARBRB-1,2026-09-01,18,2,45.23,110.83,65.6,0,0,0
E_ARBRB-1,2026-09-01,19,2,41.06,110.3,69.24,0,0,0
E_ARBRB-1,2026-09-01,20,2,43.37,118.23,74.86000000000001,0,0,0
E_ARBRB-1,2026-09-01,21,2,19.97,72.9,52.93000000000001,0,0,0
E_ARBRB-1,2026-09-01,22,2,14.29,62.74,48.45,0,0,0
E_ARBRB-1,2026-09-01,23,2,16.01,58.02,42.010000000000005,0,0,0
E_ARBRB-1,2026-09-01,24,2,6.86,48.64,41.78,0,0,0
E_ARBRB-1,2026-09-01,25,2,18.57,61.17,42.6,0,0,0
E_ARBRB-1,2026-09-01,26,2,7.67,49.21,41.54,0,0,0
E_ARBRB-1,2026-09-01,27,2,-2.5,55.56,58.06,0,0,0
E_ARBRB-1,2026-09-01,28,2,-2.92,64.1,67.02,0,0,0
E_ARBRB-1,2026-09-01,29,2,3.29,73.88,70.58999999999999,0,0,0
E_ARBRB-1,2026-09-01,30,2,29.16,108.36,79.2,0,0,0
E_ARBRB-1,2026-09-01,31,2,20.41,105.39,84.98,0,0,0
E_ARBRB-1,2026-09-01,32,2,41.28,136.39,95.10999999999999,0,0,0
E_ARBRB-1,2026-09-01,33,2,85.08,167.15,82.07000000000001,0,0,0
E_ARBRB-1,2026-09-01,34,2,81.01,180.24,99.23,0,0,0
E_ARBRB-1,2026-09-01,35,2,92.72,191.29,98.57,0,0,0
E_ARBRB-1,2026-09-01,36,2,94.69,195.34,100.65,0,0,0
E_ARBRB-1,2026-09-01,37,2,120.74,219.18,98.44000000000001,0,0,0
E_ARBRB-1,2026-09-01,38,2,122.26,220.51,98.24999999999999,0,0,0
E_ARBRB-1,2026-09-01,39,2,128.1,227.31,99.21000000000001,0,0,0
E_ARBRB-1,2026-09-01,40,2,134.74,243.11,108.37,0,0,0
E_ARBRB-1,2026-09-01,41,2,124.4,227.62,103.22,0,0,0
E_ARBRB-1,2026-09-01,42,2,116.57,214.0,97.43,0,0,0
E_ARBRB-1,2026-09-01,43,2,119.65,226.05,106.4,0,0,0
E_ARBRB-1,2026-09-01,44,2,0.0,217.09,217.09,0,0,0
E_ARBRB-1,2026-09-01,45,2,0.0,199.33,199.33,0,0,0
E_ARBRB-1,2026-09-01,46,2,0.0,184.66,184.66,0,0,0
E_ARBRB-1,2026-09-01,47,2,-9999.0,9999.0,19998.0,0,0,0
E_ARBRB-1,2026-09-01,48,2,-9999.0,9999.0,19998.0,0,0,0
E_ARBRB-1,2026-09-02,1,2,-9999.0,9999.0,19998.0,0,0,0
E_ARBRB-1,2026-09-02,2,2,-9999.0,9999.0,19998.0,0,0,0
E_ARBRB-1,2026-09-02,3,2,-9999.0,9999.0,19998.0,0,0,0
E_ARBRB-1,2026-09-02,4,2,-9999.0,9999.0,19998.0,0,0,0
E_ARBRB-1,2026-09-02,5,2,-9999.0,9999.0,19998.0,0,0,0
E_ARBRB-1,2026-09-02,6,2,-9999.0,9999.0,19998.0,0,0,0
E_ARBRB-1,2026-09-02,7,2,-9999.0,9999.0,19998.0,0,0,0
E_ARBRB-1,2026-09-02,8,2,-9999.0,9999.0,19998.0,0,0,0
E_ARBRB-1,2026-09-02,9,2,-9999.0,9999.0,19998.0,0,0,0
E_ARBRB-1,2026-09-02,10,2,-9999.0,9999.0,19998.0,0,0,0
E_ARBRB-1,2026-09-02,11,2,-9999.0,9999.0,19998.0,0,0,0
E_ARBRB-1,2026-09-02,12,2,-9999.0,9999.0,19998.0,0,0,0
E_ARBRB-1,2026-09-02,13,2,-9999.0,9999.0,19998.0,0,0,0
E_ARBRB-1,2026-09-02,14,2,-9999.0,9999.0,19998.0,0,0,0
E_ARBRB-1,2026-09-02,15,2,-9999.0,9999.0,19998.0,0,0,0
E_ARBRB-1,2026-09-02,16,2,-9999.0,9999.0,19998.0,0,0,0
E_ARBRB-1,2026-09-02,17,2,-9999.0,9999.0,19998.0,0,0,0
E_ARBRB-1,2026-09-02,18,2,-9999.0,9999.0,19998.0,0,0,0
E_ARBRB-1,2026-09-02,19,2,-9999.0,9999.0,19998.0,0,0,0
E_ARBRB-1,2026-09-02,20,2,-9999.0,9999.0,19998.0,0,0,0
E_ARBRB-1,2026-09-02,21,2,-9999.0,9999.0,19998.0,0,0,0
E_ARBRB-1,2026-09-02,22,2,-9999.0,9999.0,19998.0,0,0,0
E_ARBRB-1,2026-09-02,23,2,-9999.0,9999.0,19998.0,0,0,0
E_ARBRB-1,2026-09-02,24,2,-9999.0,9999.0,19998.0,0,0,0
E_ARBRB-1,2026-09-02,25,2,-9999.0,9999.0,19998.0,0,0,0
E_ARBRB-1,2026-09-02,26,2,-9999.0,9999.0,19998.0,0,0,0
E_ARBRB-1,2026-09-02,27,2,-9999.0,9999.0,19998.0,0,0,0
E_ARBRB-1,2026-09-02,28,2,-9999.0,9999.0,19998.0,0,0,0
E_ARBRB-1,2026-09-02,29,2,-9999.0,9999.0,19998.0,0,0,0
E_ARBRB-1,2026-09-02,30,2,-9999.0,9999.0,19998.0,0,0,0
E_ARBRB-1,2026-09-02,31,2,-9999.0,9999.0,19998.0,0,0,0
E_ARBRB-1,2026-09-02,32,2,-9999.0,9999.0,19998.0,0,0,0
E_ARBRB-1,2026-09-02,33,2,-9999.0,9999.0,19998.0,0,0,0
E_ARBRB-1,2026-09-02,34,2,-9999.0,9999.0,19998.0,0,0,0
E_ARBRB-1,2026-09-02,35,2,-9999.0,9999.0,19998.0,0,0,0
E_ARBRB-1,2026-09-02,36,2,-9999.0,9999.0,19998.0,0,0,0
E_ARBRB-1,2026-09-02,37,2,-9999.0,9999.0,19998.0,0,0,0
E_ARBRB-1,2026-09-02,38,2,-9999.0,9999.0,19998.0,0,0,0
E_ARBRB-1,2026-09-02,39,2,-9999.0,9999.0,19998.0,0,0,0
E_ARBRB-1,2026-09-02,40,2,-9999.0,9999.0,19998.0,0,0,0
E_ARBRB-1,2026-09-02,41,2,-9999.0,9999.0,19998.0,0,0,0
E_ARBRB-1,2026-09-02,42,2,-9999.0,9999.0,19998.0,0,0,0
E_ARBRB-1,2026-09-02,43,2,-9999.0,9999.0,19998.0,0,0,0
E_ARBRB-1,2026-09-02,44,2,-9999.0,9999.0,19998.0,0,0,0
E_ARBRB-1,2026-09-02,45,2,-9999.0,9999.0,19998.0,0,0,0
E_ARBRB-1,2026-09-02,46,2,-9999.0,9999.0,19998.0,0,0,0
E_ARBRB-1,2026-09-02,47,2,-9999.0,9999.0,19998.0,0,0,0
E_ARBRB-1,2026-09-02,48,2,-9999.0,9999.0,19998.0,0,0,0
E_ARBRB-1,2026-09-03,1,2,-9999.0,9999.0,19998.0,0,0,0
E_ARBRB-1,2026-09-03,2,2,-9999.0,9999.0,19998.0,0,0,0
E_ARBRB-1,2026-09-03,3,2,-9999.0,9999.0,19998.0,0,0,0
E_ARBRB-1,2026-09-03,4,2,-9999.0,9999.0,19998.0,0,0,0
E_ARBRB-1,2026-09-03,5,2,-9999.0,9999.0,19998.0,0,0,0
E_ARBRB-1,2026-09-03,6,2,-9999.0,9999.0,19998.0,0,0,0
E_ARBRB-1,2026-09-03,7,2,-9999.0,9999.0,19998.0,0,0,0
E_ARBRB-1,2026-09-03,8,2,-9999.0,9999.0,19998.0,0,0,0
E_ARBRB-1,2026-09-03,9,2,-9999.0,9999.0,19998.0,0,0,0
E_ARBRB-1,2026-09-03,10,2,-9999.0,9999.0,19998.0,0,0,0
E_ARBRB-1,2026-09-03,11,2,-9999.0,9999.0,19998.0,0,0,0
E_ARBRB-1,2026-09-03,12,2,-9999.0,9999.0,19998.0,0,0,0
E_ARBRB-1,2026-09-03,13,2,-9999.0,9999.0,19998.0,0,0,0
E_ARBRB-1,2026-09-03,14,2,-9999.0,9999.0,19998.0,0,0,0
E_ARBRB-1,2026-09-03,15,2,-9999.0,9999.0,19998.0,0,0,0
E_ARBRB-1,2026-09-03,16,2,-9999.0,9999.0,19998.0,0,0,0
E_ARBRB-1,2026-09-03,17,2,-9999.0,9999.0,19998.0,0,0,0
E_ARBRB-1,2026-09-03,18,2,-9999.0,9999.0,19998.0,0,0,0
E_ARBRB-1,2026-09-03,19,2,-9999.0,9999.0,19998.0,0,0,0
E_ARBRB-1,2026-09-03,20,2,-9999.0,9999.0,19998.0,0,0,0
E_ARBRB-1,2026-09-03,21,2,-9999.0,9999.0,19998.0,0,0,0
E_ARBRB-1,2026-09-03,22,2,-9999.0,9999.0,19998.0,0,0,0
E_ARBRB-1,2026-09-03,23,2,-9999.0,9999.0,19998.0,0,0,0
E_ARBRB-1,2026-09-03,24,2,-9999.0,9999.0,19998.0,0,0,0
E_ARBRB-1,2026-09-03,25,2,-39.97,59.61,99.58,0,0,0
E_ARBRB-1,2026-09-03,26,2,-47.79,206.71,254.5,0,0,0
E_ARBRB-1,2026-09-03,27,2,-39.38,198.42,237.79999999999998,0,0,0
E_ARBRB-1,2026-09-03,28,2,-54.7,199.28,253.98000000000002,0,0,0
E_ARBRB-1,2026-09-03,29,2,-45.14,197.66,242.8,0,0,0
E_ARBRB-1,2026-09-03,30,2,-14.22,188.5,202.72,0,0,0
E_ARBRB-1,2026-09-03,31,2,-9.36,187.98,197.33999999999997,0,0,0
E_ARBRB-1,2026-09-03,32,2,10.81,187.99,177.18,0,0,0
E_ARBRB-1,2026-09-03,33,2,34.85,189.11,154.26000000000002,0,0,0
E_ARBRB-1,2026-09-03,34,2,37.28,188.81,151.53,0,0,0
E_ARBRB-1,2026-09-03,35,2,37.28,198.81,161.53,0,0,0
E_ARBRB-1,2026-09-03,36,2,37.28,213.59,176.31,0,0,0
E_ARBRB-1,2026-09-03,37,2,37.28,216.55,179.27,0,0,0
E_ARBRB-1,2026-09-03,38,2,76.65,221.23,144.57999999999998,0,0,0
E_ARBRB-1,2026-09-03,39,2,74.58,221.36,146.78000000000003,0,0,0
E_ARBRB-1,2026-09-03,40,2,74.29,234.73,160.44,0,0,0
E_ARBRB-1,2026-09-03,41,2,76.16,225.71,149.55,0,0,0
E_ARBRB-1,2026-09-03,42,2,37.28,222.42,185.14,0,0,0
E_ARBRB-1,2026-09-03,43,2,37.28,237.58,200.3,0,0,0
E_ARBRB-1,2026-09-03,44,2,0.0,165.85,165.85,0,0,0
E_ARBRB-1,2026-09-03,45,2,0.0,177.46,177.46,0,0,0
E_ARBRB-1,2026-09-03,46,2,0.0,181.26,181.26,0,0,0
E_ARBRB-1,2026-09-03,47,2,72.15,206.16,134.01,0,0,0
E_ARBRB-1,2026-09-03,48,2,37.28,178.93,141.65,0,0,0
E_ARBRB-1,2026-09-04,1,2,37.28,201.39,164.10999999999999,0,0,0
E_ARBRB-1,2026-09-04,2,2,37.28,211.95,174.67,0,0,0
E_ARBRB-1,2026-09-04,3,2,37.28,191.82,154.54,0,0,0
E_ARBRB-1,2026-09-04,4,2,37.28,196.84,159.56,0,0,0
E_ARBRB-1,2026-09-04,5,2,37.28,181.06,143.78,0,0,0
E_ARBRB-1,2026-09-04,6,2,37.28,166.95,129.67,0,0,0
E_ARBRB-1,2026-09-04,7,2,9.4,184.01,174.60999999999999,0,0,0
E_ARBRB-1,2026-09-04,8,2,9.4,175.46,166.06,0,0,0
E_ARBRB-1,2026-09-04,9,2,9.4,171.45,162.04999999999998,0,0,0
E_ARBRB-1,2026-09-04,10,2,-18.49,166.68,185.17000000000002,0,0,0
E_ARBRB-1,2026-09-04,11,2,-18.49,165.05,183.54000000000002,0,0,0
E_ARBRB-1,2026-09-04,12,2,-18.49,175.04,193.53,0,0,0
E_ARBRB-1,2026-09-04,13,2,-18.49,177.57,196.06,0,0,0
E_ARBRB-1,2026-09-04,14,2,-18.49,187.11,205.60000000000002,0,0,0
E_ARBRB-1,2026-09-04,15,2,-18.49,193.08,211.57000000000002,0,0,0
E_ARNKB-2,2026-08-28,16,2,150.55,160.55,10.0,0,0,0
E_ARNKB-2,2026-08-28,17,2,91.3,101.3,10.0,0,0,0
E_ARNKB-2,2026-08-28,18,2,89.45,99.45,10.0,0,0,0
E_ARNKB-2,2026-08-28,19,2,82.45,92.45,10.0,0,0,0
E_ARNKB-2,2026-08-28,20,2,81.85000000000001,91.85000000000001,10.0,0,0,0
E_ARNKB-2,2026-08-28,21,2,129.45,139.45,10.0,0,0,0
E_ARNKB-2,2026-08-28,22,2,78.6,88.6,10.0,0,0,0
E_ARNKB-2,2026-08-28,23,2,77.55000000000001,87.55000000000001,10.0,0,0,0
E_ARNKB-2,2026-08-28,24,2,135.35,145.35,10.0,0,0,0
E_ARNKB-2,2026-08-28,25,2,78.85000000000001,88.85000000000001,10.0,0,0,0
E_ARNKB-2,2026-08-28,26,2,84.75,94.75,10.0,0,0,0
E_ARNKB-2,2026-08-28,27,2,76.15,86.15,10.0,0,0,0
E_ARNKB-2,2026-08-28,28,2,75.0,85.0,10.0,0,0,0
E_ARNKB-2,2026-08-28,29,2,119.85000000000001,129.85000000000002,10.000000000000014,0,0,0
E_ARNKB-2,2026-08-28,30,2,74.39999999999999,84.39999999999999,10.0,0,0,0
E_ARNKB-2,2026-08-28,31,2,74.10000000000001,84.10000000000001,10.0,0,0,0
E_ARNKB-2,2026-08-28,32,2,106.35,116.35,10.0,0,0,0
E_ARNKB-2,2026-08-28,33,2,64.25,74.25,10.0,0,0,0
E_ARNKB-2,2026-08-28,34,2,79.0,89.0,10.0,0,0,0
E_ARNKB-2,2026-08-28,35,2,78.35000000000001,88.35000000000001,10.0,0,0,0
E_ARNKB-2,2026-08-28,36,2,79.15,89.15,10.0,0,0,0
E_ARNKB-2,2026-08-28,37,2,80.65,90.65,10.0,0,0,0
E_ARNKB-2,2026-08-28,38,2,88.45,98.45,10.0,0,0,0
E_ARNKB-2,2026-08-28,39,2,86.3,96.3,10.0,0,0,0
E_ARNKB-2,2026-08-28,40,2,140.3,150.3,10.0,0,0,0
E_ARNKB-2,2026-08-28,41,2,137.15,147.15,10.0,0,0,0
E_ARNKB-2,2026-08-28,42,2,137.25,147.25,10.0,0,0,0
E_ARNKB-2,2026-08-28,43,2,129.85000000000002,139.85000000000002,10.0,0,0,0
E_ARNKB-2,2026-08-28,44,2,78.55,88.55,10.0,0,0,0
E_ARNKB-2,2026-08-28,45,2,69.95,79.95,10.0,0,0,0
E_ARNKB-2,2026-08-28,46,2,68.65,78.65,10.0,0,0,0
E_ARNKB-2,2026-08-28,47,2,123.65,133.65,10.0,0,0,0
E_ARNKB-2,2026-08-28,48,2,110.75,120.75,10.0,0,0,0
E_ARNKB-2,2026-08-29,1,2,106.14999999999999,116.14999999999999,10.0,0,0,0
E_ARNKB-2,2026-08-29,2,2,105.3,115.3,10.0,0,0,0
E_ARNKB-2,2026-08-29,3,2,98.44999999999999,108.45,10.000000000000014,0,0,0
E_ARNKB-2,2026-08-29,4,2,56.15,66.15,10.000000000000007,0,0,0
E_ARNKB-2,2026-08-29,5,2,56.65,66.65,10.000000000000007,0,0,0
E_ARNKB-2,2026-08-29,6,2,55.25,65.25,10.0,0,0,0
E_ARNKB-2,2026-08-29,7,2,90.35,100.35,10.0,0,0,0
E_ARNKB-2,2026-08-29,8,2,53.7,63.7,10.0,0,0,0
E_ARNKB-2,2026-08-29,9,2,51.65,61.65,10.0,0,0,0
E_ARNKB-2,2026-08-29,10,2,56.3,66.3,10.0,0,0,0
E_ARNKB-2,2026-08-29,11,2,52.5,62.5,10.0,0,0,0
E_ARNKB-2,2026-08-29,12,2,87.1,97.10000000000001,10.000000000000014,0,0,0
E_ARNKB-2,2026-08-29,13,2,67.05000000000001,77.05000000000001,10.0,0,0,0
E_ARNKB-2,2026-08-29,14,2,85.4,95.4,10.0,0,0,0
E_ARNKB-2,2026-08-29,15,2,58.89999999999999,68.89999999999999,10.0,0,0,0
E_ARNKB-2,2026-08-29,16,2,78.05000000000001,88.05000000000001,10.0,0,0,0
E_ARNKB-2,2026-08-29,17,2,77.5,87.5,10.0,0,0,0
E_ARNKB-2,2026-08-29,18,2,78.25,88.25,10.0,0,0,0
E_ARNKB-2,2026-08-29,19,2,87.80000000000001,97.80000000000001,10.0,0,0,0
E_ARNKB-2,2026-08-29,20,2,83.4,93.4,10.0,0,0,0
E_ARNKB-2,2026-08-29,21,2,85.7,95.7,10.0,0,0,0
E_ARNKB-2,2026-08-29,22,2,85.1,95.1,10.0,0,0,0
E_ARNKB-2,2026-08-29,23,2,87.1,97.1,10.0,0,0,0
E_ARNKB-2,2026-08-29,24,2,87.15,97.15,10.0,0,0,0
E_ARNKB-2,2026-08-29,25,2,91.5,101.5,10.0,0,0,0
E_ARNKB-2,2026-08-29,26,2,89.75,99.75,10.0,0,0,0
E_ARNKB-2,2026-08-29,27,2,89.5,99.5,10.0,0,0,0
E_ARNKB-2,2026-08-29,28,2,86.55000000000001,96.55000000000001,10.0,0,0,0
E_ARNKB-2,2026-08-29,29,2,148.1,158.1,10.0,0,0,0
E_ARNKB-2,2026-08-29,30,2,88.64999999999999,98.64999999999999,10.0,0,0,0
E_ARNKB-2,2026-08-29,31,2,87.3,97.3,10.0,0,0,0
E_ARNKB-2,2026-08-29,32,2,157.15,167.15,10.0,0,0,0
E_ARNKB-2,2026-08-29,33,2,92.45,102.45,10.0,0,0,0
E_ARNKB-2,2026-08-29,34,2,94.55,104.55,10.0,0,0,0
E_ARNKB-2,2026-08-29,35,2,97.4,107.4,10.0,0,0,0
E_ARNKB-2,2026-08-29,36,2,92.6,102.6,10.0,0,0,0
E_ARNKB-2,2026-08-29,37,2,91.0,101.0,10.0,0,0,0
E_ARNKB-2,2026-08-29,38,2,92.7,102.7,10.0,0,0,0
E_ARNKB-2,2026-08-29,39,2,89.3,99.3,10.0,0,0,0
E_ARNKB-2,2026-08-29,40,2,90.60000000000001,100.60000000000001,10.0,0,0,0
E_ARNKB-2,2026-08-29,41,2,90.95,100.95,10.0,0,0,0
E_ARNKB-2,2026-08-29,42,2,89.6,99.6,10.0,0,0,0
E_ARNKB-2,2026-08-29,43,2,88.0,98.0,10.0,0,0,0
E_ARNKB-2,2026-08-29,44,2,134.55,144.55,10.0,0,0,0
E_ARNKB-2,2026-08-29,45,2,85.45,95.45,10.0,0,0,0
E_ARNKB-2,2026-08-29,46,2,88.7,98.7,10.0,0,0,0
E_ARNKB-2,2026-08-29,47,2,128.45,138.45,10.0,0,0,0
E_ARNKB-2,2026-08-29,48,2,140.65,150.65,10.0,0,0,0
E_ARNKB-2,2026-08-30,1,2,140.2,150.2,10.0,0,0,0
E_ARNKB-2,2026-08-30,2,2,141.8,151.8,10.0,0,0,0
E_ARNKB-2,2026-08-30,3,2,141.3,151.3,10.0,0,0,0
E_ARNKB-2,2026-08-30,4,2,81.44999999999999,91.44999999999999,10.0,0,0,0
E_ARNKB-2,2026-08-30,5,2,140.85,150.85,10.0,0,0,0
E_ARNKB-2,2026-08-30,6,2,81.1,91.1,10.0,0,0,0
E_ARNKB-2,2026-08-30,7,2,143.55,153.55,10.0,0,0,0
E_ARNKB-2,2026-08-30,8,2,80.3,90.3,10.0,0,0,0
E_ARNKB-2,2026-08-30,9,2,80.55,90.55,10.0,0,0,0
E_ARNKB-2,2026-08-30,10,2,80.0,90.0,10.0,0,0,0
E_ARNKB-2,2026-08-30,11,2,77.6,87.6,10.0,0,0,0
E_ARNKB-2,2026-08-30,12,2,77.6,87.6,10.0,0,0,0
E_ARNKB-2,2026-08-30,13,2,77.45,87.45,10.0,0,0,0
E_ARNKB-2,2026-08-30,14,2,88.3,98.3,10.0,0,0,0
E_ARNKB-2,2026-08-30,15,2,84.1,94.1,10.0,0,0,0
E_ARNKB-2,2026-08-30,16,2,91.9,101.9,10.0,0,0,0
E_ARNKB-2,2026-08-30,17,2,94.4,104.4,10.0,0,0,0
E_ARNKB-2,2026-08-30,18,2,97.14999999999999,107.14999999999999,10.0,0,0,0
E_ARNKB-2,2026-08-30,19,2,81.25,91.25,10.0,0,0,0
E_ARNKB-2,2026-08-30,20,2,99.0,109.0,10.0,0,0,0
E_ARNKB-2,2026-08-30,21,2,78.7,88.7,10.0,0,0,0
E_ARNKB-2,2026-08-30,22,2,161.1,171.1,10.0,0,0,0
E_ARNKB-2,2026-08-30,23,2,86.35,96.35,10.0,0,0,0
E_ARNKB-2,2026-08-30,24,2,86.14999999999999,96.14999999999999,10.0,0,0,0
E_ARNKB-2,2026-08-30,25,2,86.25,96.25,10.0,0,0,0
E_ARNKB-2,2026-08-30,26,2,86.9,96.9,10.0,0,0,0
E_ARNKB-2,2026-08-30,27,2,89.05,99.05,10.0,0,0,0
E_ARNKB-2,2026-08-30,28,2,84.6,94.6,10.0,0,0,0
E_ARNKB-2,2026-08-30,29,2,77.60000000000001,87.60000000000001,10.0,0,0,0
E_ARNKB-2,2026-08-30,30,2,135.60000000000002,145.60000000000002,10.0,0,0,0
E_ARNKB-2,2026-08-30,31,2,153.15,163.15,10.0,0,0,0
E_ARNKB-2,2026-08-30,32,2,143.8,153.8,10.0,0,0,0
E_ARNKB-2,2026-08-30,33,2,147.75,157.75,10.0,0,0,0
E_ARNKB-2,2026-08-30,34,2,141.9,151.9,10.0,0,0,0
E_ARNKB-2,2026-08-30,35,2,141.9,151.9,10.0,0,0,0
E_ARNKB-2,2026-08-30,36,2,157.75,167.75,10.0,0,0,0
E_ARNKB-2,2026-08-30,37,2,156.15,166.14999999999998,9.999999999999972,0,0,0
E_ARNKB-2,2026-08-30,38,2,155.4,165.4,10.0,0,0,0
E_ARNKB-2,2026-08-30,39,2,154.25,164.25,10.0,0,0,0
E_ARNKB-2,2026-08-30,40,2,152.2,162.2,10.0,0,0,0
E_ARNKB-2,2026-08-30,41,2,156.26,166.26,10.0,0,0,0
E_ARNKB-2,2026-08-30,42,2,157.775,167.775,10.0,0,0,0
E_ARNKB-2,2026-08-30,43,2,91.4,101.4,10.0,0,0,0
E_ARNKB-2,2026-08-30,44,2,148.2,158.2,10.0,0,0,0
E_ARNKB-2,2026-08-30,45,2,90.7,100.7,10.0,0,0,0
E_ARNKB-2,2026-08-30,46,2,89.95,99.95,10.0,0,0,0
E_ARNKB-2,2026-08-30,47,2,140.45,150.45,10.0,0,0,0
E_ARNKB-2,2026-08-30,48,2,126.25,136.25,10.0,0,0,0
E_ARNKB-2,2026-08-31,1,2,134.5,144.5,10.0,0,0,0
E_ARNKB-2,2026-08-31,2,2,126.15,136.15,10.0,0,0,0
E_ARNKB-2,2026-08-31,3,2,122.7,132.7,9.999999999999986,0,0,0
E_ARNKB-2,2026-08-31,4,2,122.14999999999999,132.14999999999998,9.999999999999986,0,0,0
E_ARNKB-2,2026-08-31,5,2,123.94999999999999,133.95,10.0,0,0,0
E_ARNKB-2,2026-08-31,6,2,72.7,82.7,10.0,0,0,0
E_ARNKB-2,2026-08-31,7,2,87.45,97.45,10.0,0,0,0
E_ARNKB-2,2026-08-31,8,2,87.10000000000001,97.10000000000001,10.0,0,0,0
E_ARNKB-2,2026-08-31,9,2,79.45,89.45,10.0,0,0,0
E_ARNKB-2,2026-08-31,10,2,79.9,89.9,10.0,0,0,0
E_ARNKB-2,2026-08-31,11,2,83.85000000000001,93.85000000000001,10.0,0,0,0
E_ARNKB-2,2026-08-31,12,2,79.6,89.6,10.0,0,0,0
E_ARNKB-2,2026-08-31,13,2,80.44999999999999,90.44999999999999,10.0,0,0,0
E_ARNKB-2,2026-08-31,14,2,78.55,88.55,10.0,0,0,0
E_ARNKB-2,2026-08-31,15,2,74.14999999999999,84.14999999999999,10.0,0,0,0
E_ARNKB-2,2026-08-31,16,2,67.15,77.15,10.0,0,0,0
E_ARNKB-2,2026-08-31,17,2,63.8,73.8,10.0,0,0,0
E_ARNKB-2,2026-08-31,18,2,52.550000000000004,62.550000000000004,10.0,0,0,0
E_ARNKB-2,2026-08-31,19,2,39.35,49.35,10.0,0,0,0
E_ARNKB-2,2026-08-31,20,2,33.7,43.699999999999996,9.999999999999993,0,0,0
E_ARNKB-2,2026-08-31,21,2,17.25,27.250000000000004,10.000000000000004,0,0,0
E_ARNKB-2,2026-08-31,22,2,5.550000000000001,15.55,10.0,0,0,0
E_ARNKB-2,2026-08-31,23,2,34.15,44.15,10.0,0,0,0
E_ARNKB-2,2026-08-31,24,2,21.099999999999998,31.099999999999998,10.0,0,0,0
E_ARNKB-2,2026-08-31,25,2,37.699999999999996,47.699999999999996,10.0,0,0,0
E_ARNKB-2,2026-08-31,26,2,33.8,43.8,10.0,0,0,0
E_ARNKB-2,2026-08-31,27,2,41.099999999999994,51.099999999999994,10.0,0,0,0
E_ARNKB-2,2026-08-31,28,2,65.0,75.0,10.0,0,0,0
E_ARNKB-2,2026-08-31,29,2,54.300000000000004,64.3,9.999999999999993,0,0,0
E_ARNKB-2,2026-08-31,30,2,69.6,79.6,10.0,0,0,0
E_ARNKB-2,2026-08-31,31,2,67.15,77.15,10.0,0,0,0
E_ARNKB-2,2026-08-31,32,2,88.5,98.5,10.0,0,0,0
E_ARNKB-2,2026-08-31,33,2,89.05000000000001,99.05000000000001,10.0,0,0,0
E_ARNKB-2,2026-08-31,34,2,90.45,100.45,10.0,0,0,0
E_ARNKB-2,2026-08-31,35,2,90.5,100.5,10.0,0,0,0
E_ARNKB-2,2026-08-31,36,2,105.8,115.8,10.0,0,0,0
E_ARNKB-2,2026-08-31,37,2,95.15,105.15,10.0,0,0,0
E_ARNKB-2,2026-08-31,38,2,96.2,106.2,10.0,0,0,0
E_ARNKB-2,2026-08-31,39,2,94.4,104.4,10.0,0,0,0
E_ARNKB-2,2026-08-31,40,2,94.1,104.1,10.0,0,0,0
E_ARNKB-2,2026-08-31,41,2,94.10000000000001,104.10000000000001,10.0,0,0,0
E_ARNKB-2,2026-08-31,42,2,93.45,103.45,10.0,0,0,0
E_ARNKB-2,2026-08-31,43,2,93.7,103.7,10.0,0,0,0
E_ARNKB-2,2026-08-31,44,2,149.9,159.9,10.0,0,0,0
E_ARNKB-2,2026-08-31,45,2,90.0,100.0,10.0,0,0,0
E_ARNKB-2,2026-08-31,46,2,89.5,99.5,10.0,0,0,0
E_ARNKB-2,2026-08-31,47,2,137.25,147.25,10.0,0,0,0
E_ARNKB-2,2026-08-31,48,2,137.7,147.7,10.0,0,0,0
E_ARNKB-2,2026-09-01,1,2,139.39999999999998,149.39999999999998,10.0,0,0,0
E_ARNKB-2,2026-09-01,2,2,140.1,150.1,10.0,0,0,0
E_ARNKB-2,2026-09-01,3,2,140.89999999999998,150.89999999999998,10.0,0,0,0
E_ARNKB-2,2026-09-01,4,2,79.6,89.6,10.0,0,0,0
E_ARNKB-2,2026-09-01,5,2,79.8,89.8,10.0,0,0,0
E_ARNKB-2,2026-09-01,6,2,79.45,89.45,10.0,0,0,0
E_ARNKB-2,2026-09-01,7,2,74.3,84.3,10.0,0,0,0
E_ARNKB-2,2026-09-01,8,2,78.85,88.85,10.0,0,0,0
E_ARNKB-2,2026-09-01,9,2,75.4,85.4,10.0,0,0,0
E_ARNKB-2,2026-09-01,10,2,99.65,109.65,10.0,0,0,0
E_ARNKB-2,2026-09-01,11,2,84.25,94.25,10.0,0,0,0
E_ARNKB-2,2026-09-01,12,2,82.14999999999999,92.14999999999999,10.0,0,0,0
E_ARNKB-2,2026-09-01,13,2,83.95,93.95,10.0,0,0,0
E_ARNKB-2,2026-09-01,14,2,136.15,146.15,10.0,0,0,0
E_ARNKB-2,2026-09-01,15,2,79.15,89.15,10.0,0,0,0
E_ARNKB-2,2026-09-01,16,2,104.9,114.9,10.0,0,0,0
E_ARNKB-2,2026-09-01,17,2,64.8,74.8,10.0,0,0,0
E_ARNKB-2,2026-09-01,18,2,85.8,95.8,10.0,0,0,0
E_ARNKB-2,2026-09-01,19,2,72.45,82.45,10.0,0,0,0
E_ARNKB-2,2026-09-01,20,2,68.6,78.6,10.0,0,0,0
E_ARNKB-2,2026-09-01,21,2,54.05,64.05,10.0,0,0,0
E_ARNKB-2,2026-09-01,22,2,30.849999999999998,40.85,10.000000000000004,0,0,0
E_ARNKB-2,2026-09-01,23,2,37.300000000000004,47.300000000000004,10.0,0,0,0
E_ARNKB-2,2026-09-01,24,2,20.049999999999997,30.049999999999997,10.0,0,0,0
E_ARNKB-2,2026-09-01,25,2,18.9,28.900000000000002,10.000000000000004,0,0,0
E_ARNKB-2,2026-09-01,26,2,23.35,33.35,10.0,0,0,0
E_ARNKB-2,2026-09-01,27,2,17.6,27.6,10.0,0,0,0
E_ARNKB-2,2026-09-01,28,2,39.4,49.4,10.0,0,0,0
E_ARNKB-2,2026-09-01,29,2,39.1,49.1,10.0,0,0,0
E_ARNKB-2,2026-09-01,30,2,41.8,51.8,10.0,0,0,0
E_ARNKB-2,2026-09-01,31,2,43.150000000000006,53.15,9.999999999999993,0,0,0
E_ARNKB-2,2026-09-01,32,2,71.45,81.45,10.0,0,0,0
E_ARNKB-2,2026-09-01,33,2,66.95,76.95,10.0,0,0,0
E_ARNKB-2,2026-09-01,34,2,84.85,94.85,10.0,0,0,0
E_ARNKB-2,2026-09-01,35,2,86.25,96.25,10.0,0,0,0
E_ARNKB-2,2026-09-01,36,2,94.89999999999999,104.89999999999999,10.0,0,0,0
E_ARNKB-2,2026-09-01,37,2,106.45,116.45,10.0,0,0,0
E_ARNKB-2,2026-09-01,38,2,113.95,123.95,10.0,0,0,0
E_ARNKB-2,2026-09-01,39,2,97.0,107.0,10.0,0,0,0
E_ARNKB-2,2026-09-01,40,2,154.64999999999998,164.64999999999998,10.0,0,0,0
E_ARNKB-2,2026-09-01,41,2,153.3,163.3,10.0,0,0,0
E_ARNKB-2,2026-09-01,42,2,158.45,168.45,10.0,0,0,0
E_ARNKB-2,2026-09-01,43,2,95.14999999999999,105.14999999999999,10.0,0,0,0
E_ARNKB-2,2026-09-01,44,2,166.7,176.7,10.0,0,0,0
E_ARNKB-2,2026-09-01,45,2,96.65,106.65,10.0,0,0,0
E_ARNKB-2,2026-09-01,46,2,98.05,108.05,10.0,0,0,0
E_ARNKB-2,2026-09-01,47,2,91.4,101.4,10.0,0,0,0
E_ARNKB-2,2026-09-01,48,2,100.7,110.7,10.0,0,0,0
E_ARNKB-2,2026-09-02,1,2,90.10000000000001,100.10000000000001,10.0,0,0,0
E_ARNKB-2,2026-09-02,2,2,154.10000000000002,164.10000000000002,10.0,0,0,0
E_ARNKB-2,2026-09-02,3,2,81.4,91.4,10.0,0,0,0
E_ARNKB-2,2026-09-02,4,2,88.9,98.9,10.0,0,0,0
E_ARNKB-2,2026-09-02,5,2,158.7,168.7,10.0,0,0,0
E_ARNKB-2,2026-09-02,6,2,90.1,100.1,10.0,0,0,0
E_ARNKB-2,2026-09-02,7,2,92.10000000000001,102.10000000000001,10.0,0,0,0
E_ARNKB-2,2026-09-02,8,2,94.85,104.85,10.0,0,0,0
E_ARNKB-2,2026-09-02,9,2,91.55,101.55,10.0,0,0,0
E_ARNKB-2,2026-09-02,10,2,91.95,101.95,10.0,0,0,0
E_ARNKB-2,2026-09-02,11,2,94.5,104.5,10.0,0,0,0
E_ARNKB-2,2026-09-02,12,2,96.0,106.0,10.0,0,0,0
E_ARNKB-2,2026-09-02,13,2,94.95,104.95,10.0,0,0,0
E_ARNKB-2,2026-09-02,14,2,168.2,178.2,10.0,0,0,0
E_ARNKB-2,2026-09-02,15,2,169.95,179.95,10.0,0,0,0
E_ARNKB-2,2026-09-02,16,2,98.75,108.75,10.0,0,0,0
E_ARNKB-2,2026-09-02,17,2,100.7,110.7,10.0,0,0,0
E_ARNKB-2,2026-09-02,18,2,90.64999999999999,100.64999999999999,10.0,0,0,0
E_ARNKB-2,2026-09-02,19,2,91.8,101.8,10.0,0,0,0
E_ARNKB-2,2026-09-02,20,2,151.0,161.0,10.0,0,0,0
E_ARNKB-2,2026-09-02,21,2,151.95,161.95,10.0,0,0,0
E_ARNKB-2,2026-09-02,22,2,91.7,101.7,10.0,0,0,0
E_ARNKB-2,2026-09-02,23,2,91.1,101.1,10.0,0,0,0
E_ARNKB-2,2026-09-02,24,2,91.4,101.4,10.0,0,0,0
E_ARNKB-2,2026-09-02,25,2,86.30000000000001,96.30000000000001,10.0,0,0,0
E_ARNKB-2,2026-09-02,26,2,88.0,98.0,10.0,0,0,0
E_ARNKB-2,2026-09-02,27,2,92.15,102.15,10.0,0,0,0
E_ARNKB-2,2026-09-02,28,2,140.55,150.55,10.0,0,0,0
E_ARNKB-2,2026-09-02,29,2,147.60000000000002,157.60000000000002,10.0,0,0,0
E_ARNKB-2,2026-09-02,30,2,87.85000000000001,97.85000000000001,10.0,0,0,0
E_ARNKB-2,2026-09-02,31,2,83.5,93.5,10.0,0,0,0
E_ARNKB-2,2026-09-02,32,2,92.14999999999999,102.14999999999999,10.0,0,0,0
E_ARNKB-2,2026-09-02,33,2,93.15,103.15,10.0,0,0,0
E_ARNKB-2,2026-09-02,34,2,103.35,113.35,10.0,0,0,0
E_ARNKB-2,2026-09-02,35,2,115.35,125.35,10.0,0,0,0
E_ARNKB-2,2026-09-02,36,2,110.75,120.75,10.0,0,0,0
E_ARNKB-2,2026-09-02,37,2,112.05,122.05,10.0,0,0,0
E_ARNKB-2,2026-09-02,38,2,117.0,127.0,10.0,0,0,0
E_ARNKB-2,2026-09-02,39,2,90.45,100.45,10.0,0,0,0
E_ARNKB-2,2026-09-02,40,2,91.05,101.05,10.0,0,0,0
E_ARNKB-2,2026-09-02,41,2,98.35,108.35,10.0,0,0,0
E_ARNKB-2,2026-09-02,42,2,95.55000000000001,105.55000000000001,10.0,0,0,0
E_ARNKB-2,2026-09-02,43,2,89.5,99.5,10.0,0,0,0
E_ARNKB-2,2026-09-02,44,2,85.0,95.0,10.0,0,0,0
E_ARNKB-2,2026-09-02,45,2,82.35000000000001,92.35000000000001,10.0,0,0,0
E_ARNKB-2,2026-09-02,46,2,79.55,89.55,10.0,0,0,0
E_ARNKB-2,2026-09-02,47,2,78.8,88.8,10.0,0,0,0
E_ARNKB-2,2026-09-02,48,2,79.05,89.05,10.0,0,0,0
E_ARNKB-2,2026-09-03,1,2,80.75,90.75,10.0,0,0,0
E_ARNKB-2,2026-09-03,2,2,132.25,142.25,10.0,0,0,0
E_ARNKB-2,2026-09-03,3,2,77.5,87.5,10.0,0,0,0
E_ARNKB-2,2026-09-03,4,2,76.10000000000001,86.10000000000001,10.0,0,0,0
E_ARNKB-2,2026-09-03,5,2,77.1,87.1,10.0,0,0,0
E_ARNKB-2,2026-09-03,6,2,67.64999999999999,77.64999999999999,10.0,0,0,0
E_ARNKB-2,2026-09-03,7,2,128.8,138.8,10.0,0,0,0
E_ARNKB-2,2026-09-03,8,2,128.55,138.55,10.0,0,0,0
E_ARNKB-2,2026-09-03,9,2,127.4,137.4,10.0,0,0,0
E_ARNKB-2,2026-09-03,10,2,81.65,91.65,10.0,0,0,0
E_ARNKB-2,2026-09-03,11,2,82.85000000000001,92.85000000000001,10.0,0,0,0
E_ARNKB-2,2026-09-03,12,2,85.85,95.85,10.0,0,0,0
E_ARNKB-2,2026-09-03,13,2,86.8,96.8,10.0,0,0,0
E_ARNKB-2,2026-09-03,14,2,87.89999999999999,97.89999999999999,10.0,0,0,0
E_ARNKB-2,2026-09-03,15,2,138.5,148.5,10.0,0,0,0
E_ARNKB-2,2026-09-03,16,2,125.8,135.8,10.000000000000014,0,0,0
E_ARNKB-2,2026-09-03,17,2,69.15,79.15,10.0,0,0,0
E_ARNKB-2,2026-09-03,18,2,58.74999999999999,68.75,10.000000000000007,0,0,0
E_ARNKB-2,2026-09-03,19,2,61.75,71.75,10.0,0,0,0
E_ARNKB-2,2026-09-03,20,2,89.95,99.95,10.0,0,0,0
E_ARNKB-2,2026-09-03,21,2,85.05,95.05,10.0,0,0,0
E_ARNKB-2,2026-09-03,22,2,57.7,67.7,10.0,0,0,0
E_ARNKB-2,2026-09-03,23,2,56.05,66.05,10.0,0,0,0
E_ARNKB-2,2026-09-03,24,2,28.65,38.65,10.0,0,0,0
E_ARNKB-2,2026-09-03,25,2,12.849999999999998,22.849999999999998,10.0,0,0,0
E_ARNKB-2,2026-09-03,26,2,35.565000000000005,45.565000000000005,10.0,0,0,0
E_ARNKB-2,2026-09-03,27,2,24.750000000000004,34.75,9.999999999999996,0,0,0
E_ARNKB-2,2026-09-03,28,2,25.6,35.6,10.0,0,0,0
E_ARNKB-2,2026-09-03,29,2,27.049999999999997,37.05,10.0,0,0,0
E_ARNKB-2,2026-09-03,30,2,20.300000000000004,30.300000000000004,10.0,0,0,0
E_ARNKB-2,2026-09-03,31,2,51.699999999999996,61.699999999999996,10.0,0,0,0
E_ARNKB-2,2026-09-03,32,2,62.900000000000006,72.9,10.0,0,0,0
E_ARNKB-2,2026-09-03,33,2,62.7,72.7,10.0,0,0,0
E_ARNKB-2,2026-09-03,34,2,92.35,102.35,10.0,0,0,0
E_ARNKB-2,2026-09-03,35,2,85.0,95.0,10.0,0,0,0
E_ARNKB-2,2026-09-03,36,2,107.94999999999999,117.94999999999999,10.0,0,0,0
E_ARNKB-2,2026-09-03,37,2,90.0,100.0,10.0,0,0,0
E_ARNKB-2,2026-09-03,38,2,94.3,104.3,10.0,0,0,0
E_ARNKB-2,2026-09-03,39,2,96.75,106.75,10.0,0,0,0
E_ARNKB-2,2026-09-03,40,2,172.85,182.85,10.0,0,0,0
E_ARNKB-2,2026-09-03,41,2,172.89999999999998,182.89999999999998,10.0,0,0,0
E_ARNKB-2,2026-09-03,42,2,98.75,108.75,10.0,0,0,0
E_ARNKB-2,2026-09-03,43,2,95.7,105.7,10.0,0,0,0
E_ARNKB-2,2026-09-03,44,2,136.7,146.7,10.0,0,0,0
E_ARNKB-2,2026-09-03,45,2,91.05,101.05,10.0,0,0,0
E_ARNKB-2,2026-09-03,46,2,84.75,94.75,10.0,0,0,0
E_ARNKB-2,2026-09-03,47,2,91.2,101.2,10.0,0,0,0
E_ARNKB-2,2026-09-03,48,2,77.4,87.4,10.0,0,0,0
E_ARNKB-2,2026-09-04,1,2,82.69999999999999,92.69999999999999,10.0,0,0,0
E_ARNKB-2,2026-09-04,2,2,63.75,73.75,10.0,0,0,0
E_ARNKB-2,2026-09-04,3,2,93.0,103.0,10.0,0,0,0
E_ARNKB-2,2026-09-04,4,2,70.15,80.15,10.0,0,0,0
E_ARNKB-2,2026-09-04,5,2,75.69999999999999,85.69999999999999,10.0,0,0,0
E_ARNKB-2,2026-09-04,6,2,79.89999999999999,89.89999999999999,10.0,0,0,0
E_ARNKB-2,2026-09-04,7,2,133.55,143.55,10.0,0,0,0
E_ARNKB-2,2026-09-04,8,2,77.39999999999999,87.39999999999999,10.0,0,0,0
E_ARNKB-2,2026-09-04,9,2,75.75,85.75,10.0,0,0,0
E_ARNKB-2,2026-09-04,10,2,75.1,85.1,10.0,0,0,0
E_ARNKB-2,2026-09-04,11,2,128.35000000000002,138.35000000000002,10.0,0,0,0
E_ARNKB-2,2026-09-04,12,2,74.55,84.55,10.0,0,0,0
E_ARNKB-2,2026-09-04,13,2,66.0,76.0,10.0,0,0,0
E_ARNKB-2,2026-09-04,14,2,68.65,78.65,10.0,0,0,0
E_ARNKB-2,2026-09-04,15,2,74.10000000000001,84.10000000000001,10.0,0,0,0
E_BARNB-1,2026-08-28,16,5,99.78599999999999,187.98399999999998,88.198,1,0,0
E_BARNB-1,2026-08-28,17,5,100.23999999999998,189.428,89.18800000000002,1,0,0
E_BARNB-1,2026-08-28,18,4,82.38,192.95000000000002,110.57000000000002,0,0,0
E_BARNB-1,2026-08-28,19,5,87.048,206.51399999999998,119.46599999999998,0,0,0
E_BARNB-1,2026-08-28,20,5,75.042,194.44,119.398,0,0,0
E_BARNB-1,2026-08-28,21,5,79.164,198.984,119.82000000000001,0,0,0
E_BARNB-1,2026-08-28,22,5,47.532,219.602,172.07,0,0,0
E_BARNB-1,2026-08-28,23,5,51.212,188.3,137.08800000000002,0,0,0
E_BARNB-1,2026-08-28,24,4,48.7175,198.095,149.3775,0,0,0
E_BARNB-1,2026-08-28,25,4,40.0625,179.5975,139.535,0,0,0
E_BARNB-1,2026-08-28,26,5,82.6,182.56,99.96000000000001,0,0,0
E_BARNB-1,2026-08-28,27,5,87.03999999999999,184.26999999999998,97.22999999999999,0,0,0
E_BARNB-1,2026-08-28,28,5,88.816,190.072,101.256,0,0,0
E_BARNB-1,2026-08-28,29,5,80.392,211.19400000000002,130.80200000000002,0,0,0
E_BARNB-1,2026-08-28,30,5,79.824,201.952,122.128,1,0,1
E_BARNB-1,2026-08-28,31,5,-51.946000000000005,206.788,258.73400000000004,0,0,0
E_BARNB-1,2026-08-28,32,5,-147.12800000000001,185.0,332.12800000000004,0,0,0
E_BARNB-1,2026-08-28,33,4,61.912499999999994,176.7525,114.84,0,0,0
E_BARNB-1,2026-08-28,34,5,0.5720000000000013,193.88400000000001,193.312,0,0,0
E_BARNB-1,2026-08-28,35,4,6.852499999999999,170.37,163.5175,0,0,0
E_BARNB-1,2026-08-28,36,4,41.435,217.0125,175.5775,0,0,0
E_BARNB-1,2026-08-28,37,4,85.17,222.845,137.675,0,0,0
E_BARNB-1,2026-08-28,38,4,59.04,178.67,119.63,0,0,0
E_BARNB-1,2026-08-28,39,4,61.32000000000001,169.44,108.11999999999999,0,0,0
E_BARNB-1,2026-08-28,40,4,53.25,168.43,115.18,0,0,0
E_BARNB-1,2026-08-28,41,4,53.0775,171.78,118.7025,0,0,0
E_BARNB-1,2026-08-28,42,4,62.42999999999999,169.41,106.98,0,0,0
E_BARNB-1,2026-08-28,43,4,60.449999999999996,164.81,104.36000000000001,0,0,0
E_BARNB-1,2026-08-28,44,4,65.88749999999999,146.4,80.51250000000002,0,0,0
E_BARNB-1,2026-08-28,45,4,63.255,156.12,92.86500000000001,0,0,0
E_BARNB-1,2026-08-28,46,4,60.6075,154.13,93.5225,0,0,0
E_BARNB-1,2026-08-28,47,4,60.38250000000001,143.38,82.99749999999999,0,0,0
E_BARNB-1,2026-08-28,48,4,64.28999999999999,132.01,67.72,0,0,0
E_BARNB-1,2026-08-29,1,4,59.572500000000005,136.03,76.4575,0,0,0
E_BARNB-1,2026-08-29,2,4,58.56,139.38,80.82,0,0,0
E_BARNB-1,2026-08-29,3,4,62.302499999999995,134.7,72.3975,0,0,0
E_BARNB-1,2026-08-29,4,4,58.019999999999996,121.3,63.28,0,0,0
E_BARNB-1,2026-08-29,5,4,59.22,122.01,62.790000000000006,0,0,0
E_BARNB-1,2026-08-29,6,4,59.947500000000005,121.0,61.052499999999995,0,0,0
E_BARNB-1,2026-08-29,7,4,59.3925,121.32,61.927499999999995,0,0,0
E_BARNB-1,2026-08-29,8,4,57.9675,119.98,62.0125,0,0,0
E_BARNB-1,2026-08-29,9,4,58.7175,120.65,61.932500000000005,0,0,0
E_BARNB-1,2026-08-29,10,4,53.4675,115.96,62.49249999999999,0,0,0
E_BARNB-1,2026-08-29,11,4,59.550000000000004,121.32,61.76999999999999,0,0,0
E_BARNB-1,2026-08-29,12,4,58.800000000000004,120.65,61.85,0,0,0
E_BARNB-1,2026-08-29,13,4,59.550000000000004,121.32,61.76999999999999,0,0,0
E_BARNB-1,2026-08-29,14,4,51.2475,113.29,62.042500000000004,0,0,0
E_BARNB-1,2026-08-29,15,4,63.510000000000005,127.35,63.83999999999999,0,0,0
E_BARNB-1,2026-08-29,16,4,64.0875,132.64,68.55249999999998,0,0,0
E_BARNB-1,2026-08-29,17,4,66.92999999999999,150.7,83.77,0,0,0
E_BARNB-1,2026-08-29,18,4,67.98,144.72,76.74,0,0,0
E_BARNB-1,2026-08-29,19,4,62.362500000000004,177.08,114.7175,0,0,0
E_BARNB-1,2026-08-29,20,4,61.837500000000006,179.09,117.2525,0,0,0
E_BARNB-1,2026-08-29,21,4,62.010000000000005,178.42,116.40999999999998,0,0,0
E_BARNB-1,2026-08-29,22,4,63.0675,174.4,111.33250000000001,0,0,0
E_BARNB-1,2026-08-29,23,4,62.64,179.76,117.11999999999999,0,0,0
E_BARNB-1,2026-08-29,24,4,61.41,184.45,123.03999999999999,0,0,0
E_BARNB-1,2026-08-29,25,4,61.762499999999996,183.11,121.34750000000003,0,0,0
E_BARNB-1,2026-08-29,26,4,61.41,184.45,123.03999999999999,0,0,0
E_BARNB-1,2026-08-29,27,4,64.395,175.74,111.34500000000001,0,0,0
E_BARNB-1,2026-08-29,28,4,62.46,180.43,117.97,0,0,0
E_BARNB-1,2026-08-29,29,4,63.337500000000006,177.08,113.7425,0,0,0
E_BARNB-1,2026-08-29,30,4,64.74,161.49,96.75000000000001,0,0,0
E_BARNB-1,2026-08-29,31,4,64.92,163.5,98.58,0,0,0
E_BARNB-1,2026-08-29,32,4,61.230000000000004,180.83,119.60000000000001,0,0,0
E_BARNB-1,2026-08-29,33,4,60.885000000000005,182.17,121.28499999999998,0,0,0
E_BARNB-1,2026-08-29,34,4,61.0575,183.5,122.4425,0,0,0
E_BARNB-1,2026-08-29,35,4,61.582499999999996,181.49,119.90750000000001,0,0,0
E_BARNB-1,2026-08-29,36,4,62.8125,179.48,116.66749999999999,0,0,0
E_BARNB-1,2026-08-29,37,4,64.5675,175.46,110.89250000000001,0,0,0
E_BARNB-1,2026-08-29,38,4,62.46,177.84,115.38,0,0,0
E_BARNB-1,2026-08-29,39,4,63.862500000000004,172.48,108.61749999999998,0,0,0
E_BARNB-1,2026-08-29,40,4,62.985,178.14,115.15499999999999,0,0,0
E_BARNB-1,2026-08-29,41,4,62.1075,181.49,119.38250000000001,0,0,0
E_BARNB-1,2026-08-29,42,4,62.8125,180.15,117.3375,0,0,0
E_BARNB-1,2026-08-29,43,4,63.862500000000004,174.79,110.92749999999998,0,0,0
E_BARNB-1,2026-08-29,44,4,75.975,110.93,34.95500000000001,0,0,0
E_BARNB-1,2026-08-29,45,4,66.3225,158.76,92.43749999999999,0,0,0
E_BARNB-1,2026-08-29,46,4,66.15,161.45,95.29999999999998,0,0,0
E_BARNB-1,2026-08-29,47,4,62.287499999999994,180.49,118.20250000000001,0,0,0
E_BARNB-1,2026-08-29,48,4,65.44500000000001,174.8,109.355,0,0,0
E_BARNB-1,2026-08-30,1,4,65.44500000000001,179.8,114.355,0,0,0
E_BARNB-1,2026-08-30,2,4,65.61749999999999,178.15,112.53250000000001,0,0,0
E_BARNB-1,2026-08-30,3,4,65.61749999999999,179.18,113.56250000000001,0,0,0
E_BARNB-1,2026-08-30,4,4,63.165,193.2,130.035,0,0,0
E_BARNB-1,2026-08-30,5,4,66.67500000000001,182.14,115.46499999999997,0,0,0
E_BARNB-1,2026-08-30,6,4,66.495,182.82,116.32499999999999,0,0,0
E_BARNB-1,2026-08-30,7,4,66.67500000000001,183.15,116.475,0,0,0
E_BARNB-1,2026-08-30,8,4,69.3075,173.1,103.79249999999999,0,0,0
E_BARNB-1,2026-08-30,9,4,71.5875,166.45,94.86249999999998,0,0,0
E_BARNB-1,2026-08-30,10,4,73.515,161.4,87.885,0,0,0
E_BARNB-1,2026-08-30,11,4,68.0775,154.8,86.72250000000001,0,0,0
E_BARNB-1,2026-08-30,12,4,69.3075,151.81,82.5025,0,0,0
E_BARNB-1,2026-08-30,13,4,69.8325,158.15,88.31750000000001,0,0,0
E_BARNB-1,2026-08-30,14,4,-0.53,158.2,158.73,0,0,0
E_BARNB-1,2026-08-30,15,4,1.3575,159.8,158.44250000000002,0,0,0
E_BARNB-1,2026-08-30,16,4,-4.04,168.2,172.23999999999998,0,0,0
E_BARNB-1,2026-08-30,17,4,-1.0,172.84,173.84,0,0,0
E_BARNB-1,2026-08-30,18,4,-2.4,174.9,177.3,0,0,0
E_BARNB-1,2026-08-30,19,4,-11.29,188.82,200.10999999999999,0,0,0
E_BARNB-1,2026-08-30,20,4,-11.53,199.44,210.97,0,0,0
E_BARNB-1,2026-08-30,21,4,-11.53,199.44,210.97,0,0,0
E_BARNB-1,2026-08-30,22,4,-10.36,187.79,198.14999999999998,0,0,0
E_BARNB-1,2026-08-30,23,4,-21.56,191.81,213.37,0,0,0
E_BARNB-1,2026-08-30,24,4,-19.22,191.81,211.03,0,0,0
E_BARNB-1,2026-08-30,25,4,-19.46,192.48,211.94,0,0,0
E_BARNB-1,2026-08-30,26,4,-19.46,192.48,211.94,0,0,0
E_BARNB-1,2026-08-30,27,4,-18.75,175.62,194.37,0,0,0
E_BARNB-1,2026-08-30,28,4,-17.35,171.27,188.62,0,0,0
E_BARNB-1,2026-08-30,29,4,-20.39,190.21,210.60000000000002,0,0,0
E_BARNB-1,2026-08-30,30,4,-21.33,194.21,215.54000000000002,0,0,0
E_BARNB-1,2026-08-30,31,4,-18.52,184.85,203.37,0,0,0
E_BARNB-1,2026-08-30,32,4,-15.24,175.47,190.71,0,0,0
E_BARNB-1,2026-08-30,33,4,-14.07,172.12,186.19,0,0,0
E_BARNB-1,2026-08-30,34,4,-11.5,158.81,170.31,0,0,0
E_BARNB-1,2026-08-30,35,4,-17.12,174.89,192.01,0,0,0
E_BARNB-1,2026-08-30,36,4,-7.15,174.89,182.04,0,0,0
E_BARNB-1,2026-08-30,37,4,-10.89,185.61,196.5,0,0,0
E_BARNB-1,2026-08-30,38,4,-9.95,182.93,192.88,0,0,0
E_BARNB-1,2026-08-30,39,4,-6.91,183.23,190.14,0,0,0
E_BARNB-1,2026-08-30,40,4,-8.08,186.58,194.66000000000003,0,0,0
E_BARNB-1,2026-08-30,41,4,-11.12,195.29,206.41,0,0,0
E_BARNB-1,2026-08-30,42,4,-6.44,181.89,188.32999999999998,0,0,0
E_BARNB-1,2026-08-30,43,4,-8.86,186.24,195.10000000000002,0,0,0
E_BARNB-1,2026-08-30,44,4,-7.54,193.82,201.35999999999999,0,0,0
E_BARNB-1,2026-08-30,45,4,-4.92,183.77,188.69,0,0,0
E_BARNB-1,2026-08-30,46,4,-4.53,182.76,187.29,0,0,0
E_BARNB-1,2026-08-30,47,4,-2.63,176.4,179.03,0,0,0
E_BARNB-1,2026-08-30,48,4,-3.09,179.08,182.17000000000002,0,0,0
E_BARNB-1,2026-08-31,1,4,-2.42,177.4,179.82,0,0,0
E_BARNB-1,2026-08-31,2,4,-0.08,169.7,169.78,0,0,0
E_BARNB-1,2026-08-31,3,4,-1.06,175.72,176.78,0,0,0
E_BARNB-1,2026-08-31,4,4,-1.96,178.1,180.06,0,0,0
E_BARNB-1,2026-08-31,5,4,-2.58,178.73,181.31,0,0,0
E_BARNB-1,2026-08-31,6,4,-2.08,178.4,180.48000000000002,0,0,0
E_BARNB-1,2026-08-31,7,4,-0.24,172.03,172.27,0,0,0
E_BARNB-1,2026-08-31,8,4,1.9,167.01,165.10999999999999,0,0,0
E_BARNB-1,2026-08-31,9,4,2.1,165.33,163.23000000000002,0,0,0
E_BARNB-1,2026-08-31,10,4,2.6,165.0,162.4,0,0,0
E_BARNB-1,2026-08-31,11,4,-2.11,178.73,180.84,0,0,0
E_BARNB-1,2026-08-31,12,4,-2.8,180.48,183.28,0,0,0
E_BARNB-1,2026-08-31,13,4,-4.48,185.5,189.98,0,0,0
E_BARNB-1,2026-08-31,14,4,-5.59,188.45,194.04,0,0,0
E_BARNB-1,2026-08-31,15,4,-6.09,190.12,196.21,0,0,0
E_BARNB-1,2026-08-31,16,4,-6.29,190.46,196.75,0,0,0
E_BARNB-1,2026-08-31,17,4,-0.71,173.04,173.75,0,0,0
E_BARNB-1,2026-08-31,18,4,5.28,165.33,160.05,0,0,0
E_BARNB-1,2026-08-31,19,4,5.955,139.55,133.595,0,0,0
E_BARNB-1,2026-08-31,20,4,3.0374999999999996,130.17,127.1325,0,0,0
E_BARNB-1,2026-08-31,21,4,3.6975,101.05,97.35249999999999,0,0,0
E_BARNB-1,2026-08-31,22,4,-1.19,101.1,102.28999999999999,0,0,0
E_BARNB-1,2026-08-31,23,4,4.0575,110.48,106.4225,0,0,0
E_BARNB-1,2026-08-31,24,4,-1.09,119.86,120.95,0,0,0
E_BARNB-1,2026-08-31,25,4,-1.51,123.21,124.72,0,0,0
E_BARNB-1,2026-08-31,26,4,26.7975,104.65,77.8525,0,0,0
E_BARNB-1,2026-08-31,27,4,35.3625,121.4,86.03750000000001,0,0,0
E_BARNB-1,2026-08-31,28,4,41.332499999999996,121.4,80.06750000000001,0,0,0
E_BARNB-1,2026-08-31,29,4,37.8225,141.5,103.67750000000001,0,0,0
E_BARNB-1,2026-08-31,30,4,35.19,151.55,116.36000000000001,0,0,0
E_BARNB-1,2026-08-31,31,4,34.3125,163.25,128.9375,0,0,0
E_BARNB-1,2026-08-31,32,4,35.3625,179.46,144.09750000000003,0,0,0
E_BARNB-1,2026-08-31,33,4,36.42,176.76,140.33999999999997,0,0,0
E_BARNB-1,2026-08-31,34,4,36.945,174.75,137.805,0,0,0
E_BARNB-1,2026-08-31,35,4,36.0675,163.72,127.6525,0,0,0
E_BARNB-1,2026-08-31,36,4,31.5,181.14,149.64,0,0,0
E_BARNB-1,2026-08-31,37,4,31.8525,189.8,157.94750000000002,0,0,0
E_BARNB-1,2026-08-31,38,4,29.572499999999998,198.51,168.9375,0,0,0
E_BARNB-1,2026-08-31,39,4,26.94,201.86,174.92000000000002,0,0,0
E_BARNB-1,2026-08-31,40,4,27.637500000000003,200.88,173.2425,0,0,0
E_BARNB-1,2026-08-31,41,4,31.5,191.14,159.64,0,0,0
E_BARNB-1,2026-08-31,42,4,32.902499999999996,185.78,152.8775,0,0,0
E_BARNB-1,2026-08-31,43,4,33.78,183.48,149.7,0,0,0
E_BARNB-1,2026-08-31,44,4,33.78,186.16,152.38,0,0,0
E_BARNB-1,2026-08-31,45,4,38.347500000000004,170.37,132.0225,0,0,0
E_BARNB-1,2026-08-31,46,4,37.47,168.1,130.63,0,0,0
E_BARNB-1,2026-08-31,47,4,35.535000000000004,173.15,137.615,0,0,0
E_BARNB-1,2026-08-31,48,4,34.3125,176.17,141.8575,0,0,0
E_BARNB-1,2026-09-01,1,4,36.0675,177.1175,141.05,0,0,0
E_BARNB-1,2026-09-01,2,4,41.7675,168.60000000000002,126.83250000000002,0,0,0
E_BARNB-1,2026-09-01,3,4,40.792500000000004,171.335,130.54250000000002,0,0,0
E_BARNB-1,2026-09-01,4,4,42.660000000000004,164.63,121.97,0,0,0
E_BARNB-1,2026-09-01,5,4,42.5325,164.44,121.9075,0,0,0
E_BARNB-1,2026-09-01,6,4,45.277499999999996,156.565,111.2875,0,0,0
E_BARNB-1,2026-09-01,7,4,44.2275,159.57999999999998,115.35249999999999,0,0,0
E_BARNB-1,2026-09-01,8,4,43.89,151.08749999999998,107.19749999999998,0,0,0
E_BARNB-1,2026-09-01,9,4,43.5525,159.60000000000002,116.04750000000001,0,0,0
E_BARNB-1,2026-09-01,10,4,43.7025,157.0925,113.39,0,0,0
E_BARNB-1,2026-09-01,11,4,40.7475,175.1575,134.41,0,0,0
E_BARNB-1,2026-09-01,12,4,38.625,176.1875,137.5625,0,0,0
E_BARNB-1,2026-09-01,13,4,37.589999999999996,187.67000000000002,150.08,0,0,0
E_BARNB-1,2026-09-01,14,4,38.115,186.16250000000002,148.0475,0,0,0
E_BARNB-1,2026-09-01,15,4,37.222500000000004,175.1575,137.935,0,0,0
E_BARNB-1,2026-09-01,16,4,38.4375,187.0675,148.63,0,0,0
E_BARNB-1,2026-09-01,17,4,31.8525,173.55,141.69750000000002,0,0,0
E_BARNB-1,2026-09-01,18,4,30.315,139.53,109.215,0,0,0
E_BARNB-1,2026-09-01,19,4,30.487499999999997,154.45499999999998,123.96749999999999,0,0,0
E_BARNB-1,2026-09-01,20,4,21.509999999999998,164.5,142.99,0,0,0
E_BARNB-1,2026-09-01,21,4,29.317500000000003,137.335,108.01750000000001,0,0,0
E_BARNB-1,2026-09-01,22,4,28.214999999999996,132.8125,104.5975,0,0,0
E_BARNB-1,2026-09-01,23,4,21.330000000000002,129.83249999999998,108.50249999999998,0,0,0
E_BARNB-1,2026-09-01,24,4,16.5675,126.8225,110.25500000000001,0,0,0
E_BARNB-1,2026-09-01,25,4,15.690000000000001,127.32000000000001,111.63000000000001,0,0,0
E_BARNB-1,2026-09-01,26,4,13.1175,124.8025,111.685,0,0,0
E_BARNB-1,2026-09-01,27,4,9.1275,151.6175,142.49,0,0,0
E_BARNB-1,2026-09-01,28,4,6.2250000000000005,151.11,144.88500000000002,0,0,0
E_BARNB-1,2026-09-01,29,4,18.5925,160.6625,142.07,0,0,0
E_BARNB-1,2026-09-01,30,4,24.6075,164.70250000000001,140.09500000000003,0,0,0
E_BARNB-1,2026-09-01,31,4,30.18,172.1675,141.98749999999998,0,0,0
E_BARNB-1,2026-09-01,32,4,40.695,180.7625,140.0675,0,0,0
E_BARNB-1,2026-09-01,33,4,50.760000000000005,202.375,151.615,0,0,0
E_BARNB-1,2026-09-01,34,4,50.587500000000006,200.8625,150.275,0,0,0
E_BARNB-1,2026-09-01,35,4,47.43,209.9075,162.4775,0,0,0
E_BARNB-1,2026-09-01,36,4,55.3275,264.5575,209.23000000000002,0,0,0
E_BARNB-1,2026-09-01,37,4,49.3575,286.17,236.8125,0,0,0
E_BARNB-1,2026-09-01,38,4,51.465,263.35,211.88500000000002,0,0,0
E_BARNB-1,2026-09-01,39,4,55.9425,264.105,208.16250000000002,0,0,0
E_BARNB-1,2026-09-01,40,4,49.537499999999994,339.5075,289.97,0,0,0
E_BARNB-1,2026-09-01,41,4,59.535,337.5225,277.98749999999995,0,0,0
E_BARNB-1,2026-09-01,42,4,61.995,288.225,226.23000000000002,0,0,0
E_BARNB-1,2026-09-01,43,4,61.47,220.0825,158.6125,0,0,0
E_BARNB-1,2026-09-01,44,4,62.519999999999996,211.08749999999998,148.5675,0,0,0
E_BARNB-1,2026-09-01,45,4,61.995,213.55,151.555,0,0,0
E_BARNB-1,2026-09-01,46,4,65.8575,191.08749999999998,125.22999999999998,0,0,0
E_BARNB-1,2026-09-01,47,4,86.17,190.11,103.94000000000001,0,0,0
E_BARNB-1,2026-09-01,48,4,83.13,205.37,122.24000000000001,0,0,0
E_BARNB-1,2026-09-02,1,4,85.7,179.54,93.83999999999999,0,0,0
E_BARNB-1,2026-09-02,2,4,80.32,198.2,117.88,0,0,0
E_BARNB-1,2026-09-02,3,4,80.6425,187.14,106.49749999999999,0,0,0
E_BARNB-1,2026-09-02,4,4,78.49,186.86,108.37000000000002,0,0,0
E_BARNB-1,2026-09-02,5,4,76.51,186.24,109.73,0,0,0
E_BARNB-1,2026-09-02,6,4,80.03999999999999,182.53,102.49000000000001,0,0,0
E_BARNB-1,2026-09-02,7,4,79.51499999999999,184.54,105.025,0,0,0
E_BARNB-1,2026-09-02,8,4,78.6175,178.2,99.58249999999998,0,0,0
E_BARNB-1,2026-09-02,9,4,82.41749999999999,183.2,100.7825,0,0,0
E_BARNB-1,2026-09-02,10,4,85.0,182.87,97.87,0,0,0
E_BARNB-1,2026-09-02,11,4,81.96,191.6,109.64,0,0,0
E_BARNB-1,2026-09-02,12,4,81.26,197.27,116.01,0,0,0
E_BARNB-1,2026-09-02,13,4,79.38,202.63,123.25,0,0,0
E_BARNB-1,2026-09-02,14,4,70.44,214.9,144.46,0,0,0
E_BARNB-1,2026-09-02,15,4,73.02,203.56,130.54000000000002,0,0,0
E_BARNB-1,2026-09-02,16,4,71.85,203.51,131.66,0,0,0
E_BARNB-1,2026-09-02,17,4,76.06,178.2,102.13999999999999,0,0,0
E_BARNB-1,2026-09-02,18,4,78.4,183.2,104.79999999999998,0,0,0
E_BARNB-1,2026-09-02,19,4,77.93,185.21,107.28,0,0,0
E_BARNB-1,2026-09-02,20,4,30.26,182.19,151.93,0,0,0
E_BARNB-1,2026-09-02,21,4,31.9,182.22,150.32,0,0,0
E_BARNB-1,2026-09-02,22,4,30.26,193.94,163.68,0,0,0
E_BARNB-1,2026-09-02,23,4,29.77,190.42,160.64999999999998,0,0,0
E_BARNB-1,2026-09-02,24,4,33.28,182.84,149.56,0,0,0
E_BARNB-1,2026-09-02,25,4,35.38,167.15,131.77,0,0,0
E_BARNB-1,2026-09-02,26,4,29.07,189.25,160.18,0,0,0
E_BARNB-1,2026-09-02,27,4,31.87,178.54,146.67,0,0,0
E_BARNB-1,2026-09-02,28,4,33.51,171.5,137.99,0,0,0
E_BARNB-1,2026-09-02,29,4,32.34,169.16,136.82,0,0,0
E_BARNB-1,2026-09-02,30,4,34.21,160.12,125.91,0,0,0
E_BARNB-1,2026-09-02,31,4,35.38,155.77,120.39000000000001,0,0,0
E_BARNB-1,2026-09-02,32,4,33.75,160.12,126.37,0,0,0
E_BARNB-1,2026-09-02,33,4,31.41,200.55,169.14000000000001,0,0,0
E_BARNB-1,2026-09-02,34,4,28.83,194.34,165.51,0,0,0
E_BARNB-1,2026-09-02,35,4,24.62,210.08,185.46,0,0,0
E_BARNB-1,2026-09-02,36,4,41.05,196.69,155.64,0,0,0
E_BARNB-1,2026-09-02,37,4,32.86,215.78,182.92000000000002,0,0,0
E_BARNB-1,2026-09-02,38,4,34.73,211.42,176.69,0,0,0
E_BARNB-1,2026-09-02,39,4,36.84,201.4,164.56,0,0,0
E_BARNB-1,2026-09-02,40,4,36.61,202.07,165.45999999999998,0,0,0
E_BARNB-1,2026-09-02,41,4,41.52,197.72,156.2,0,0,0
E_BARNB-1,2026-09-02,42,4,44.09,189.68,145.59,0,0,0
E_BARNB-1,2026-09-02,43,4,39.88,189.39,149.51,0,0,0
E_BARNB-1,2026-09-02,44,4,41.99,183.36,141.37,0,0,0
E_BARNB-1,2026-09-02,45,4,43.86,171.4,127.54,0,0,0
E_BARNB-1,2026-09-02,46,4,41.52,171.5,129.98,0,0,0
E_BARNB-1,2026-09-02,47,4,41.52,171.5,129.98,0,0,0
E_BARNB-1,2026-09-02,48,4,39.88,176.19,136.31,0,0,0
E_BARNB-1,2026-09-03,1,4,40.12,175.52,135.4,0,0,0
E_BARNB-1,2026-09-03,2,4,41.05,156.14,115.08999999999999,0,0,0
E_BARNB-1,2026-09-03,3,4,38.71,144.54,105.82999999999998,0,0,0
E_BARNB-1,2026-09-03,4,4,41.05,152.84,111.79,0,0,0
E_BARNB-1,2026-09-03,5,4,36.37,154.54,118.16999999999999,0,0,0
E_BARNB-1,2026-09-03,6,4,24.905,150.88,125.975,0,0,0
E_BARNB-1,2026-09-03,7,4,24.027500000000003,154.23,130.2025,0,0,0
E_BARNB-1,2026-09-03,8,4,30.05,144.28,114.23,0,0,0
E_BARNB-1,2026-09-03,9,4,29.12,166.71,137.59,0,0,0
E_BARNB-1,2026-09-03,10,4,34.82,168.77,133.95000000000002,0,0,0
E_BARNB-1,2026-09-03,11,4,35.44,172.12,136.68,0,0,0
E_BARNB-1,2026-09-03,12,4,41.91,184.18,142.27,0,0,0
E_BARNB-1,2026-09-03,13,4,34.85,188.2,153.35,0,0,0
E_BARNB-1,2026-09-03,14,4,63.29,191.55,128.26000000000002,0,0,0
E_BARNB-1,2026-09-03,15,4,70.31,183.1,112.78999999999999,0,0,0
E_BARNB-1,2026-09-03,16,4,66.1,195.16,129.06,0,0,0
E_BARNB-1,2026-09-03,17,4,69.37,174.8,105.43,0,0,0
E_BARNB-1,2026-09-03,18,4,56.962500000000006,174.8,117.8375,0,0,0
E_BARNB-1,2026-09-03,19,4,67.7125,153.72,86.0075,0,0,0
E_BARNB-1,2026-09-03,20,4,66.53999999999999,161.06,94.52000000000001,0,0,0
E_BARNB-1,2026-09-03,21,4,67.0675,167.33,100.26250000000002,0,0,0
E_BARNB-1,2026-09-03,22,4,49.89,173.27,123.38000000000001,0,0,0
E_BARNB-1,2026-09-03,23,4,9.0,174.0,165.0,0,0,0
E_BARNB-1,2026-09-03,24,4,7.147500000000001,173.67,166.52249999999998,0,0,0
E_BARNB-1,2026-09-03,25,4,-4.342499999999999,159.48,163.8225,0,0,0
E_BARNB-1,2026-09-03,26,4,-9.235,156.84,166.075,0,0,0
E_BARNB-1,2026-09-03,27,4,-8.235,152.55,160.78500000000003,0,0,0
E_BARNB-1,2026-09-03,28,4,-18.509999999999998,185.22,203.73,0,0,0
E_BARNB-1,2026-09-03,29,4,-19.509999999999998,186.54,206.04999999999998,0,0,0
E_BARNB-1,2026-09-03,30,4,-15.28,186.54,201.82,0,0,0
E_BARNB-1,2026-09-03,31,4,19.02,175.65,156.63,0,0,0
E_BARNB-1,2026-09-03,32,4,33.96,170.7,136.73999999999998,0,0,0
E_BARNB-1,2026-09-03,33,4,67.08,162.12,95.04,0,0,0
E_BARNB-1,2026-09-03,34,4,63.57000000000001,158.05,94.48,0,0,0
E_BARNB-1,2026-09-03,35,4,73.61,175.83,102.22000000000001,1,1,1
E_BARNB-1,2026-09-03,36,4,137.56,207.22,69.66,1,1,1
E_BARNB-1,2026-09-03,37,4,138.96,219.44,80.47999999999999,1,1,0
E_BARNB-1,2026-09-03,38,4,132.15,250.0,117.85,0,0,0
E_BARNB-1,2026-09-03,39,4,144.1625,250.0,105.8375,0,0,0
E_BARNB-1,2026-09-03,40,4,136.6375,250.0,113.36250000000001,0,0,0
E_BARNB-1,2026-09-03,41,4,125.5,250.0,124.5,0,0,0
E_BARNB-1,2026-09-03,42,4,107.07,196.19,89.12,0,0,0
E_BARNB-1,2026-09-03,43,4,111.3675,220.0,108.6325,0,0,0
E_BARNB-1,2026-09-03,44,4,103.13,180.79,77.66,0,0,0
E_BARNB-1,2026-09-03,45,4,100.35,178.44,78.09,0,0,0
E_BARNB-1,2026-09-03,46,4,106.77,181.78,75.01,0,0,0
E_BARNB-1,2026-09-03,47,4,93.0,178.81,85.81,1,1,0
E_BARNB-1,2026-09-03,48,4,90.15,170.79,80.63999999999999,1,0,0
E_BARNB-1,2026-09-04,1,4,90.34,173.17,82.82999999999998,0,0,0
E_BARNB-1,2026-09-04,2,4,70.0,173.92,103.91999999999999,0,0,0
E_BARNB-1,2026-09-04,3,4,97.96,169.23,71.27,0,0,0
E_BARNB-1,2026-09-04,4,4,92.51,169.9,77.39,0,0,0
E_BARNB-1,2026-09-04,5,4,94.59,159.78,65.19,0,0,0
E_BARNB-1,2026-09-04,6,4,91.62,174.23,82.60999999999999,0,0,0
E_BARNB-1,2026-09-04,7,4,85.38,168.12,82.74000000000001,0,0,0
E_BARNB-1,2026-09-04,8,4,91.72,175.33,83.61000000000001,0,0,0
E_BARNB-1,2026-09-04,9,4,89.86,164.27,74.41000000000001,0,0,0
E_BARNB-1,2026-09-04,10,4,100.65,174.5,73.85,0,0,0
E_BARNB-1,2026-09-04,11,4,107.98,167.47,59.489999999999995,1,1,1
E_BARNB-1,2026-09-04,12,4,107.98,166.7,58.719999999999985,1,1,1
E_BARNB-1,2026-09-04,13,4,111.19,172.15,60.96000000000001,0,0,0
E_BARNB-1,2026-09-04,14,4,98.78,172.5,73.72,0,0,0
E_BARNB-1,2026-09-04,15,4,97.88250000000001,184.0,86.11749999999999,0,0,0
E_BERKB-2,2026-08-28,16,5,107.7,187.98399999999998,80.28399999999998,1,1,0
E_BERKB-2,2026-08-28,17,5,106.8,188.028,81.228,1,1,1
E_BERKB-2,2026-08-28,18,5,105.15,183.74,78.59,1,1,1
E_BERKB-2,2026-08-28,19,4,87.3225,191.9725,104.64999999999999,1,1,1
E_BERKB-2,2026-08-28,20,4,85.5825,183.7425,98.16000000000001,1,1,0
E_BERKB-2,2026-08-28,21,4,62.072500000000005,179.21,117.1375,1,1,0
E_BERKB-2,2026-08-28,22,4,52.285,178.0075,125.7225,0,0,0
E_BERKB-2,2026-08-28,23,4,54.3675,179.21,124.8425,0,0,0
E_BERKB-2,2026-08-28,24,5,90.642,191.12,100.47800000000001,1,1,0
E_BERKB-2,2026-08-28,25,5,87.67999999999999,175.66400000000002,87.98400000000002,1,1,1
E_BERKB-2,2026-08-28,26,5,100.22200000000001,182.56,82.338,1,1,1
E_BERKB-2,2026-08-28,27,5,82.4,217.77200000000002,135.372,1,0,0
E_BERKB-2,2026-08-28,28,5,85.6,217.94400000000002,132.34400000000002,1,1,1
E_BERKB-2,2026-08-28,29,5,76.8,226.96599999999998,150.166,1,0,1
E_BERKB-2,2026-08-28,30,5,-187.78000000000003,232.048,419.82800000000003,0,0,0
E_BERKB-2,2026-08-28,31,5,-197.67000000000002,189.318,386.98800000000006,0,0,0
E_BERKB-2,2026-08-28,32,5,-91.894,190.99,282.884,0,0,0
E_BERKB-2,2026-08-28,33,4,-37.2725,176.7525,214.025,0,0,0
E_BERKB-2,2026-08-28,34,4,-4.479999999999998,179.81,184.29,0,0,0
E_BERKB-2,2026-08-28,35,4,18.272499999999997,170.37,152.0975,0,0,0
E_BERKB-2,2026-08-28,36,4,22.345,210.95250000000001,188.60750000000002,0,0,0
E_BERKB-2,2026-08-28,37,4,43.254999999999995,203.5925,160.3375,0,0,0
E_BERKB-2,2026-08-28,38,5,68.194,190.93599999999998,122.74199999999998,0,0,0
E_BERKB-2,2026-08-28,39,5,66.086,179.152,113.06599999999999,1,1,0
E_BERKB-2,2026-08-28,40,5,65.388,176.94400000000002,111.55600000000001,1,1,1
E_BERKB-2,2026-08-28,41,5,65.846,179.624,113.77799999999999,0,0,0
E_BERKB-2,2026-08-28,42,5,83.42999999999999,181.528,98.098,1,0,1
E_BERKB-2,2026-08-28,43,5,84.322,172.784,88.46199999999999,1,1,1
E_BERKB-2,2026-08-28,44,5,78.264,202.522,124.258,1,0,0
E_BERKB-2,2026-08-28,45,4,69.84,176.71749999999997,106.87749999999997,1,1,1
E_BERKB-2,2026-08-28,46,5,69.13600000000001,168.148,99.01199999999999,1,1,1
E_BERKB-2,2026-08-28,47,4,45.900000000000006,169.78,123.88,0,0,0
E_BERKB-2,2026-08-28,48,4,49.099999999999994,162.3825,113.2825,0,0,0
E_BERKB-2,2026-08-29,1,4,45.7775,155.0725,109.29499999999999,0,0,0
E_BERKB-2,2026-08-29,2,4,45.105,162.9225,117.81750000000002,0,0,0
E_BERKB-2,2026-08-29,3,5,58.746,166.30800000000002,107.56200000000001,0,0,0
E_BERKB-2,2026-08-29,4,5,48.440000000000005,167.0,118.56,0,0,0
E_BERKB-2,2026-08-29,5,5,-120.86999999999998,337.08,457.94999999999993,0,0,0
E_BERKB-2,2026-08-29,6,5,59.6,176.346,116.74600000000001,1,1,1
E_BERKB-2,2026-08-29,7,5,59.2,167.32,108.11999999999999,0,0,0
E_BERKB-2,2026-08-29,8,5,57.6,172.2,114.6,0,0,0
E_BERKB-2,2026-08-29,9,5,-30.500000000000007,171.956,202.456,0,0,0
E_BERKB-2,2026-08-29,10,5,-65.28999999999999,160.446,225.736,0,0,0
E_BERKB-2,2026-08-29,11,5,-42.39999999999999,182.926,225.32599999999996,0,0,0
E_BERKB-2,2026-08-29,12,5,-27.558,170.292,197.85,0,0,0
E_BERKB-2,2026-08-29,13,4,11.877500000000001,167.28,155.4025,0,0,0
E_BERKB-2,2026-08-29,14,4,29.975,175.6375,145.6625,0,0,0
E_BERKB-2,2026-08-29,15,5,61.992000000000004,191.426,129.43399999999997,1,1,1
E_BERKB-2,2026-08-29,16,5,62.05,205.256,143.20600000000002,1,1,1
E_BERKB-2,2026-08-29,17,5,63.44200000000001,207.30600000000004,143.86400000000003,1,1,1
E_BERKB-2,2026-08-29,18,4,58.4,189.6775,131.2775,1,1,1
E_BERKB-2,2026-08-29,19,5,63.786,205.048,141.262,0,0,0
E_BERKB-2,2026-08-29,20,4,51.084999999999994,205.4275,154.34250000000003,0,0,0
E_BERKB-2,2026-08-29,21,5,41.025999999999996,203.672,162.64600000000002,0,0,0
E_BERKB-2,2026-08-29,22,4,72.32249999999999,206.365,134.04250000000002,0,0,0
E_BERKB-2,2026-08-29,23,5,82.384,207.12399999999997,124.73999999999997,0,0,0
E_BERKB-2,2026-08-29,24,5,84.34200000000001,202.714,118.37199999999999,0,0,0
E_BERKB-2,2026-08-29,25,5,79.58999999999999,208.43,128.84000000000003,0,0,0
E_BERKB-2,2026-08-29,26,4,67.005,198.9175,131.9125,0,0,0
E_BERKB-2,2026-08-29,27,5,71.35800000000002,206.42600000000002,135.06799999999998,0,0,0
E_BERKB-2,2026-08-29,28,5,74.498,206.98600000000002,132.488,0,0,0
E_BERKB-2,2026-08-29,29,5,77.236,208.54000000000002,131.30400000000003,0,0,0
E_BERKB-2,2026-08-29,30,5,68.57000000000001,192.61999999999998,124.04999999999997,0,0,0
E_BERKB-2,2026-08-29,31,4,65.85,191.565,125.715,0,0,0
E_BERKB-2,2026-08-29,32,4,64.8325,193.935,129.10250000000002,0,0,0
E_BERKB-2,2026-08-29,33,4,74.13499999999999,192.645,118.51000000000002,1,1,1
E_BERKB-2,2026-08-29,34,5,97.11,190.464,93.354,1,0,1
E_BERKB-2,2026-08-29,35,4,91.11,192.5525,101.44250000000001,1,1,1
E_BERKB-2,2026-08-29,36,5,100.06800000000001,190.35999999999999,90.29199999999997,1,1,1
E_BERKB-2,2026-08-29,37,5,98.946,191.568,92.62200000000001,0,0,0
E_BERKB-2,2026-08-29,38,5,95.906,184.872,88.96600000000001,1,1,1
E_BERKB-2,2026-08-29,39,5,87.76,178.98399999999998,91.22399999999998,0,0,0
E_BERKB-2,2026-08-29,40,5,88.078,185.712,97.63399999999999,0,0,0
E_BERKB-2,2026-08-29,41,5,79.154,187.592,108.43800000000002,1,1,1
E_BERKB-2,2026-08-29,42,5,84.326,187.768,103.44200000000001,1,1,0
E_BERKB-2,2026-08-29,43,4,82.85249999999999,189.365,106.51250000000002,0,0,0
E_BERKB-2,2026-08-29,44,4,84.5475,167.0825,82.53500000000001,1,1,1
E_BERKB-2,2026-08-29,45,4,80.205,181.9375,101.7325,0,0,0
E_BERKB-2,2026-08-29,46,4,83.3475,184.4675,101.12,1,1,1
E_BERKB-2,2026-08-29,47,5,100.146,188.448,88.302,1,1,1
E_BERKB-2,2026-08-29,48,4,88.41,191.34,102.93,0,0,0
E_BERKB-2,2026-08-30,1,4,85.57499999999999,189.9725,104.39750000000001,0,0,0
E_BERKB-2,2026-08-30,2,4,86.0925,186.1125,100.02000000000001,0,0,0
E_BERKB-2,2026-08-30,3,4,84.6,185.635,101.035,0,0,0
E_BERKB-2,2026-08-30,4,4,91.815,198.64999999999998,106.83499999999998,0,0,0
E_BERKB-2,2026-08-30,5,4,86.55000000000001,190.605,104.05499999999998,0,0,0
E_BERKB-2,2026-08-30,6,5,90.536,198.302,107.76599999999999,0,0,0
E_BERKB-2,2026-08-30,7,5,90.88,195.89000000000001,105.01000000000002,0,0,0
E_BERKB-2,2026-08-30,8,5,91.99199999999999,194.11399999999998,102.12199999999999,1,0,0
E_BERKB-2,2026-08-30,9,5,93.44,187.86999999999998,94.42999999999998,1,0,0
E_BERKB-2,2026-08-30,10,5,93.6,190.834,97.23400000000001,0,0,0
E_BERKB-2,2026-08-30,11,5,95.49600000000001,178.54000000000002,83.04400000000001,1,1,1
E_BERKB-2,2026-08-30,12,5,88.12,177.22,89.1,0,0,0
E_BERKB-2,2026-08-30,13,5,90.84,179.21600000000004,88.37600000000003,1,0,1
E_BERKB-2,2026-08-30,14,5,91.752,175.012,83.26,1,1,1
E_BERKB-2,2026-08-30,15,4,95.0325,181.5075,86.475,0,0,0
E_BERKB-2,2026-08-30,16,4,90.5475,177.88,87.3325,0,0,0
E_BERKB-2,2026-08-30,17,4,91.455,181.88,90.425,0,0,0
E_BERKB-2,2026-08-30,18,5,107.242,177.92000000000002,70.67800000000001,1,1,0
E_BERKB-2,2026-08-30,19,5,95.548,195.05599999999998,99.50799999999998,0,0,0
E_BERKB-2,2026-08-30,20,5,71.886,207.552,135.666,0,0,0
E_BERKB-2,2026-08-30,21,4,92.655,209.57999999999998,116.92499999999998,0,0,0
E_BERKB-2,2026-08-30,22,4,92.0775,203.48250000000002,111.40500000000002,0,0,0
E_BERKB-2,2026-08-30,23,5,99.03999999999999,213.77399999999997,114.73399999999998,0,0,0
E_BERKB-2,2026-08-30,24,5,100.848,211.76999999999998,110.92199999999998,0,0,0
E_BERKB-2,2026-08-30,25,5,99.952,210.92399999999998,110.97199999999998,0,0,0
E_BERKB-2,2026-08-30,26,5,99.808,206.68199999999996,106.87399999999995,0,0,0
E_BERKB-2,2026-08-30,27,5,98.952,180.95,81.99799999999999,1,1,1
E_BERKB-2,2026-08-30,28,5,98.816,180.14,81.32399999999998,1,1,1
E_BERKB-2,2026-08-30,29,5,97.088,199.206,102.118,0,0,0
E_BERKB-2,2026-08-30,30,5,102.36,205.36599999999999,103.00599999999999,1,1,1
E_BERKB-2,2026-08-30,31,4,89.99249999999999,205.635,115.6425,1,1,1
E_BERKB-2,2026-08-30,32,4,95.5725,203.42249999999999,107.84999999999998,1,1,1
E_BERKB-2,2026-08-30,33,4,98.79749999999999,204.66,105.86250000000001,1,1,1
E_BERKB-2,2026-08-30,34,5,98.64,202.764,104.12400000000001,1,0,1
E_BERKB-2,2026-08-30,35,5,111.46400000000001,206.26999999999998,94.80599999999997,1,1,1
E_BERKB-2,2026-08-30,36,4,105.4425,191.1675,85.725,1,1,1
E_BERKB-2,2026-08-30,37,5,54.99400000000001,190.08800000000002,135.09400000000002,1,1,1
E_BERKB-2,2026-08-30,38,5,53.14000000000001,191.94400000000002,138.804,1,1,1
E_BERKB-2,2026-08-30,39,5,81.288,186.384,105.09599999999999,1,1,0
E_BERKB-2,2026-08-30,40,5,86.494,189.06400000000002,102.57000000000002,0,0,0
E_BERKB-2,2026-08-30,41,5,90.47200000000001,196.03199999999998,105.55999999999997,0,0,0
E_BERKB-2,2026-08-30,42,5,72.138,188.512,116.374,1,0,1
E_BERKB-2,2026-08-30,43,5,91.01,188.792,97.782,1,1,1
E_BERKB-2,2026-08-30,44,5,89.146,200.256,111.11,1,1,1
E_BERKB-2,2026-08-30,45,4,90.8175,215.9375,125.12,1,1,0
E_BERKB-2,2026-08-30,46,4,91.88250000000001,197.17000000000002,105.28750000000001,1,1,0
E_BERKB-2,2026-08-30,47,4,86.9625,222.88250000000002,135.92000000000002,1,1,1
E_BERKB-2,2026-08-30,48,4,85.5375,209.9375,124.4,1,1,0
E_BERKB-2,2026-08-31,1,4,85.19999999999999,192.5125,107.3125,1,1,1
E_BERKB-2,2026-08-31,2,4,85.14750000000001,190.82999999999998,105.68249999999998,1,1,1
E_BERKB-2,2026-08-31,3,4,68.77000000000001,192.435,123.66499999999999,0,0,0
E_BERKB-2,2026-08-31,4,4,66.775,190.35,123.57499999999999,0,0,0
E_BERKB-2,2026-08-31,5,4,70.7175,191.04749999999999,120.32999999999998,0,0,0
E_BERKB-2,2026-08-31,6,5,86.346,208.584,122.238,1,1,1
E_BERKB-2,2026-08-31,7,4,99.0,191.51,92.50999999999999,1,1,1
E_BERKB-2,2026-08-31,8,4,111.27250000000001,188.9,77.6275,1,1,1
E_BERKB-2,2026-08-31,9,4,111.045,190.34,79.295,1,1,1
E_BERKB-2,2026-08-31,10,4,120.68,196.0,75.32,1,1,0
E_BERKB-2,2026-08-31,11,4,99.365,228.0,128.635,0,0,0
E_BERKB-2,2026-08-31,12,4,86.07249999999999,227.0,140.9275,0,0,0
E_BERKB-2,2026-08-31,13,4,38.17,228.0,189.82999999999998,0,0,0
E_BERKB-2,2026-08-31,14,4,33.04,311.98,278.94,0,0,0
E_BERKB-2,2026-08-31,15,5,10.663999999999998,313.768,303.104,0,0,0
E_BERKB-2,2026-08-31,16,5,44.605999999999995,311.258,266.652,1,0,1
E_BERKB-2,2026-08-31,17,5,53.784000000000006,419.742,365.958,1,0,0
E_BERKB-2,2026-08-31,18,5,40.928,404.264,363.336,1,1,1
E_BERKB-2,2026-08-31,19,5,16.044,260.37600000000003,244.33200000000002,1,1,1
E_BERKB-2,2026-08-31,20,5,26.856,318.03000000000003,291.17400000000004,1,1,1
E_BERKB-2,2026-08-31,21,5,11.136,247.106,235.97,1,1,1
E_BERKB-2,2026-08-31,22,5,5.218000000000001,146.888,141.67000000000002,0,0,0
E_BERKB-2,2026-08-31,23,4,23.5275,156.22500000000002,132.69750000000002,1,1,1
E_BERKB-2,2026-08-31,24,4,32.1375,186.03750000000002,153.90000000000003,1,1,0
E_BERKB-2,2026-08-31,25,5,31.736,226.02000000000004,194.28400000000005,0,0,0
E_BERKB-2,2026-08-31,26,5,34.664,211.494,176.82999999999998,0,0,0
E_BERKB-2,2026-08-31,27,5,49.872,224.45999999999998,174.58799999999997,0,0,0
E_BERKB-2,2026-08-31,28,5,54.64,226.82600000000002,172.18600000000004,0,0,0
E_BERKB-2,2026-08-31,29,5,77.296,210.38199999999998,133.08599999999996,0,0,0
E_BERKB-2,2026-08-31,30,5,84.088,239.27200000000002,155.18400000000003,0,0,0
E_BERKB-2,2026-08-31,31,5,91.624,241.276,149.65200000000002,0,0,0
E_BERKB-2,2026-08-31,32,5,96.432,234.71999999999997,138.28799999999995,1,1,0
E_BERKB-2,2026-08-31,33,4,-137.235,211.57,348.805,1,1,0
E_BERKB-2,2026-08-31,34,4,95.5875,208.5625,112.975,1,1,1
E_BERKB-2,2026-08-31,35,5,-59.79999999999999,242.176,301.976,0,0,0
E_BERKB-2,2026-08-31,36,4,-67.35499999999999,206.855,274.21,0,0,0
E_BERKB-2,2026-08-31,37,5,-93.55599999999998,207.24,300.796,0,0,0
E_BERKB-2,2026-08-31,38,4,40.78,208.1325,167.3525,0,0,0
E_BERKB-2,2026-08-31,39,5,100.83400000000002,206.488,105.65399999999998,1,1,1
E_BERKB-2,2026-08-31,40,5,97.692,204.704,107.01200000000001,1,1,0
E_BERKB-2,2026-08-31,41,5,72.078,199.512,127.434,0,0,0
E_BERKB-2,2026-08-31,42,4,85.7325,199.70250000000001,113.97000000000001,0,0,0
E_BERKB-2,2026-08-31,43,4,82.4175,202.0825,119.665,0,0,0
E_BERKB-2,2026-08-31,44,4,81.7875,201.4375,119.65,0,0,0
E_BERKB-2,2026-08-31,45,5,91.44,238.6,147.16,1,1,1
E_BERKB-2,2026-08-31,46,5,91.84,242.61599999999999,150.77599999999998,1,1,0
E_BERKB-2,2026-08-31,47,4,84.795,187.585,102.79,1,1,0
E_BERKB-2,2026-08-31,48,5,96.588,183.224,86.636,1,1,1
E_BERKB-2,2026-09-01,1,5,93.114,176.94400000000002,83.83000000000001,1,1,1
E_BERKB-2,2026-09-01,2,4,86.0775,174.165,88.08749999999999,1,1,1
E_BERKB-2,2026-09-01,3,5,37.041999999999994,176.376,139.334,1,1,0
E_BERKB-2,2026-09-01,4,5,72.41400000000002,168.56,96.14599999999999,1,1,1
E_BERKB-2,2026-09-01,5,5,14.279999999999998,162.736,148.456,0,0,0
E_BERKB-2,2026-09-01,6,4,10.37,172.3675,161.9975,0,0,0
E_BERKB-2,2026-09-01,7,4,70.0,170.32,100.32,0,0,0
E_BERKB-2,2026-09-01,8,4,75.0,178.76,103.75999999999999,1,1,1
E_BERKB-2,2026-09-01,9,4,115.24,189.8,74.56000000000002,1,1,1
E_BERKB-2,2026-09-01,10,4,113.34,192.79,79.44999999999999,1,1,0
E_BERKB-2,2026-09-01,11,4,101.05,220.0,118.95,1,1,1
E_BERKB-2,2026-09-01,12,4,108.41000000000001,185.0,76.58999999999999,1,1,1
E_BERKB-2,2026-09-01,13,4,57.24,200.0,142.76,1,1,1
E_BERKB-2,2026-09-01,14,4,63.96,241.77,177.81,0,0,0
E_BERKB-2,2026-09-01,15,5,46.132,232.148,186.016,0,0,0
E_BERKB-2,2026-09-01,16,5,56.465999999999994,184.872,128.406,0,0,0
E_BERKB-2,2026-09-01,17,5,31.524,171.12,139.596,0,0,0
E_BERKB-2,2026-09-01,18,5,38.294000000000004,136.83200000000002,98.53800000000001,0,0,0
E_BERKB-2,2026-09-01,19,5,38.39,150.752,112.36200000000001,0,0,0
E_BERKB-2,2026-09-01,20,5,28.872000000000003,161.4,132.528,1,0,1
E_BERKB-2,2026-09-01,21,5,28.8,207.01600000000002,178.216,1,0,0
E_BERKB-2,2026-09-01,22,5,27.2,189.25799999999998,162.058,0,0,0
E_BERKB-2,2026-09-01,23,5,22.752000000000002,158.39600000000002,135.644,0,0,0
E_BERKB-2,2026-09-01,24,5,17.672,171.746,154.074,0,0,0
E_BERKB-2,2026-09-01,25,5,16.736,184.196,167.46,0,0,0
E_BERKB-2,2026-09-01,26,5,-136.358,202.74200000000002,339.1,0,0,0
E_BERKB-2,2026-09-01,27,5,9.736,227.902,218.166,0,0,0
E_BERKB-2,2026-09-01,28,5,-84.07000000000001,246.398,330.468,0,0,0
E_BERKB-2,2026-09-01,29,5,-71.92,250.946,322.866,0,0,0
E_BERKB-2,2026-09-01,30,5,-45.37800000000001,254.696,300.074,0,0,0
E_BERKB-2,2026-09-01,31,4,-17.822500000000005,247.45999999999998,265.28249999999997,1,0,1
E_BERKB-2,2026-09-01,32,5,-1.7719999999999985,273.438,275.21,1,1,1
E_BERKB-2,2026-09-01,33,5,-4.095999999999999,274.168,278.264,1,1,1
E_BERKB-2,2026-09-01,34,5,-12.901999999999997,287.746,300.64799999999997,0,0,0
E_BERKB-2,2026-09-01,35,5,-41.727999999999994,248.76800000000003,290.49600000000004,0,0,0
E_BERKB-2,2026-09-01,36,5,-17.371999999999993,305.12800000000004,322.50000000000006,0,0,0
E_BERKB-2,2026-09-01,37,5,21.973999999999997,296.248,274.274,0,0,0
E_BERKB-2,2026-09-01,38,5,38.1,303.02,264.91999999999996,0,0,0
E_BERKB-2,2026-09-01,39,5,92.55,324.352,231.80199999999996,0,0,0
E_BERKB-2,2026-09-01,40,5,72.494,372.748,300.254,0,0,0
E_BERKB-2,2026-09-01,41,5,91.092,348.846,257.754,0,0,0
E_BERKB-2,2026-09-01,42,5,52.025999999999996,295.62,243.594,0,0,0
E_BERKB-2,2026-09-01,43,5,55.998000000000005,221.71800000000002,165.72000000000003,0,0,0
E_BERKB-2,2026-09-01,44,4,72.2475,222.52750000000003,150.28000000000003,0,0,0
E_BERKB-2,2026-09-01,45,5,81.712,237.16400000000004,155.45200000000006,0,0,0
E_BERKB-2,2026-09-01,46,4,89.19,209.8575,120.66749999999999,0,0,0
E_BERKB-2,2026-09-01,47,4,90.8025,205.43,114.62750000000001,1,1,1
E_BERKB-2,2026-09-01,48,5,95.16,227.81599999999997,132.65599999999998,0,0,0
E_BERKB-2,2026-09-02,1,5,98.672,191.23399999999998,92.56199999999998,1,0,1
E_BERKB-2,2026-09-02,2,5,94.216,206.92,112.704,1,1,0
E_BERKB-2,2026-09-02,3,5,105.824,208.21999999999997,102.39599999999997,1,1,1
E_BERKB-2,2026-09-02,4,5,105.648,202.65,97.00200000000001,1,1,1
E_BERKB-2,2026-09-02,5,5,110.50399999999999,197.732,87.22800000000001,1,1,1
E_BERKB-2,2026-09-02,6,5,112.93599999999999,202.11399999999998,89.17799999999998,1,1,1
E_BERKB-2,2026-09-02,7,4,116.3475,204.77,88.42250000000001,1,1,0
E_BERKB-2,2026-09-02,8,4,70.0,209.82,139.82,0,0,0
E_BERKB-2,2026-09-02,9,4,145.34,223.76,78.41999999999999,1,1,1
E_BERKB-2,2026-09-02,10,4,133.08749999999998,222.87,89.78250000000003,1,1,1
E_BERKB-2,2026-09-02,11,4,150.49,211.6,61.109999999999985,1,1,1
E_BERKB-2,2026-09-02,12,4,151.0,205.0,54.0,0,0,0
E_BERKB-2,2026-09-02,13,4,128.06,210.58,82.52000000000001,1,1,1
E_BERKB-2,2026-09-02,14,4,124.80000000000001,246.04,121.23999999999998,0,0,0
E_BERKB-2,2026-09-02,15,5,116.31199999999998,246.56,130.24800000000002,0,0,0
E_BERKB-2,2026-09-02,16,5,114.78200000000001,213.086,98.304,1,0,1
E_BERKB-2,2026-09-02,17,5,103.39200000000001,250.57200000000003,147.18,1,1,1
E_BERKB-2,2026-09-02,18,5,106.78399999999999,237.51799999999997,130.73399999999998,1,1,1
E_BERKB-2,2026-09-02,19,5,102.312,237.906,135.594,0,0,0
E_BERKB-2,2026-09-02,20,5,96.47999999999999,226.27800000000002,129.79800000000003,0,0,0
E_BERKB-2,2026-09-02,21,4,93.26249999999999,199.46249999999998,106.19999999999999,1,0,1
E_BERKB-2,2026-09-02,22,5,119.78600000000002,195.862,76.07599999999998,1,1,1
E_BERKB-2,2026-09-02,23,5,115.48800000000001,192.43599999999998,76.94799999999996,1,1,1
E_BERKB-2,2026-09-02,24,4,95.24249999999999,191.175,95.93250000000002,0,0,0
E_BERKB-2,2026-09-02,25,5,97.6,192.602,95.00200000000001,0,0,0
E_BERKB-2,2026-09-02,26,5,104.08800000000001,194.544,90.456,1,1,1
E_BERKB-2,2026-09-02,27,5,108.696,196.45,87.75399999999999,1,1,0
E_BERKB-2,2026-09-02,28,5,109.6,209.87000000000003,100.27000000000004,0,0,0
E_BERKB-2,2026-09-02,29,5,57.202,203.672,146.47,0,0,0
E_BERKB-2,2026-09-02,30,5,59.732000000000006,201.81599999999997,142.08399999999997,0,0,0
E_BERKB-2,2026-09-02,31,5,34.162,204.81,170.648,0,0,0
E_BERKB-2,2026-09-02,32,5,69.90799999999999,248.224,178.316,1,1,1
E_BERKB-2,2026-09-02,33,5,67.97999999999999,305.966,237.98600000000002,1,1,1
E_BERKB-2,2026-09-02,34,5,86.7,289.492,202.79200000000003,1,1,1
E_BERKB-2,2026-09-02,35,4,76.7675,231.28750000000002,154.52000000000004,0,0,0
E_BERKB-2,2026-09-02,36,5,-3.0400000000000005,223.352,226.392,0,0,0
E_BERKB-2,2026-09-02,37,5,107.492,331.004,223.512,1,1,1
E_BERKB-2,2026-09-02,38,5,114.30800000000002,307.216,192.908,1,1,1
E_BERKB-2,2026-09-02,39,5,46.6,365.014,318.414,0,0,0
E_BERKB-2,2026-09-02,40,5,112.346,293.76599999999996,181.41999999999996,0,0,0
E_BERKB-2,2026-09-02,41,5,73.35600000000001,291.648,218.29200000000003,0,0,0
E_BERKB-2,2026-09-02,42,5,69.42,275.37399999999997,205.95399999999995,1,0,1
E_BERKB-2,2026-09-02,43,4,89.61749999999999,252.1625,162.54500000000002,1,0,1
E_BERKB-2,2026-09-02,44,4,92.22,271.7075,179.48749999999998,1,1,1
E_BERKB-2,2026-09-02,45,5,99.03200000000001,275.494,176.46200000000002,1,1,1
E_BERKB-2,2026-09-02,46,4,91.0575,226.29,135.2325,1,1,1
E_BERKB-2,2026-09-02,47,5,92.96000000000001,248.246,155.286,1,1,1
E_BERKB-2,2026-09-02,48,5,105.7,208.212,102.51199999999999,1,1,1
E_BERKB-2,2026-09-03,1,5,103.572,211.484,107.912,1,1,1
E_BERKB-2,2026-09-03,2,5,60.678,187.46800000000002,126.79000000000002,1,0,1
E_BERKB-2,2026-09-03,3,5,75.384,182.95999999999998,107.57599999999998,1,1,1
E_BERKB-2,2026-09-03,4,5,29.588,227.538,197.95000000000002,0,0,0
E_BERKB-2,2026-09-03,5,5,76.632,275.202,198.57,0,0,0
E_BERKB-2,2026-09-03,6,5,6.18,196.824,190.644,0,0,0
E_BERKB-2,2026-09-03,7,4,96.81,169.12,72.31,0,0,0
E_BERKB-2,2026-09-03,8,4,107.33,171.28,63.95,0,0,0
E_BERKB-2,2026-09-03,9,4,105.49,192.71,87.22000000000001,0,0,0
E_BERKB-2,2026-09-03,10,4,119.63,191.77,72.14000000000001,0,0,0
E_BERKB-2,2026-09-03,11,4,124.76,189.12,64.36,0,0,0
E_BERKB-2,2026-09-03,12,4,113.8,210.0,96.2,0,0,0
E_BERKB-2,2026-09-03,13,4,68.61,210.0,141.39,0,0,0
E_BERKB-2,2026-09-03,14,4,63.93,210.0,146.07,1,1,0
E_BERKB-2,2026-09-03,15,5,44.262,209.66,165.398,1,1,1
E_BERKB-2,2026-09-03,16,5,71.47200000000001,237.03400000000002,165.562,1,0,1
E_BERKB-2,2026-09-03,17,5,61.83200000000001,278.296,216.464,1,0,1
E_BERKB-2,2026-09-03,18,5,50.024,291.946,241.92200000000003,1,0,0
E_BERKB-2,2026-09-03,19,4,48.802499999999995,255.95,207.14749999999998,1,1,1
E_BERKB-2,2026-09-03,20,5,41.784,270.034,228.25,1,1,1
E_BERKB-2,2026-09-03,21,5,35.2,253.97000000000003,218.77000000000004,1,1,0
E_BERKB-2,2026-09-03,22,4,21.509999999999998,162.24,140.73000000000002,1,0,1
E_BERKB-2,2026-09-03,23,4,8.25,158.0175,149.7675,1,1,1
E_BERKB-2,2026-09-03,24,5,10.024,174.952,164.928,1,1,1
E_BERKB-2,2026-09-03,25,5,-2.0,222.92400000000004,224.92400000000004,1,1,1
E_BERKB-2,2026-09-03,26,5,-9.8,145.60399999999998,155.404,1,1,0
E_BERKB-2,2026-09-03,27,5,-8.9,110.218,119.11800000000001,1,1,1
E_BERKB-2,2026-09-03,28,5,-14.680000000000001,167.638,182.318,1,0,1
E_BERKB-2,2026-09-03,29,5,-170.288,174.536,344.824,1,1,1
E_BERKB-2,2026-09-03,30,5,-140.238,200.036,340.274,1,1,1
E_BERKB-2,2026-09-03,31,5,-112.112,221.544,333.656,0,0,0
E_BERKB-2,2026-09-03,32,4,-294.8025,207.41,502.2125,0,0,0
E_BERKB-2,2026-09-03,33,5,-229.66199999999998,201.152,430.81399999999996,0,0,0
E_BERKB-2,2026-09-03,34,5,-164.012,215.05,379.062,0,0,0
E_BERKB-2,2026-09-03,35,4,-94.40499999999999,211.83,306.235,0,0,0
E_BERKB-2,2026-09-03,36,5,12.669999999999996,204.096,191.42600000000002,0,0,0
E_BERKB-2,2026-09-03,37,5,11.032000000000002,223.07200000000003,212.04000000000002,0,0,0
E_BERKB-2,2026-09-03,38,5,60.95399999999999,292.82,231.86599999999999,0,0,0
E_BERKB-2,2026-09-03,39,5,105.18599999999999,298.768,193.582,0,0,0
E_BERKB-2,2026-09-03,40,5,101.526,283.0,181.474,0,0,0
E_BERKB-2,2026-09-03,41,5,104.91400000000002,278.42400000000004,173.51000000000002,0,0,0
E_BERKB-2,2026-09-03,42,5,91.904,308.502,216.598,0,0,0
E_BERKB-2,2026-09-03,43,4,78.5175,247.85250000000002,169.33500000000004,0,0,0
E_BERKB-2,2026-09-03,44,5,96.152,249.11999999999998,152.96799999999996,1,1,1
E_BERKB-2,2026-09-03,45,5,97.912,229.86599999999999,131.95399999999998,1,1,1
E_BERKB-2,2026-09-03,46,5,98.296,227.254,128.95799999999997,1,1,1
E_BERKB-2,2026-09-03,47,5,99.944,198.894,98.95,1,1,1
E_BERKB-2,2026-09-03,48,5,85.808,193.154,107.34599999999999,1,0,1
E_BERKB-2,2026-09-04,1,5,88.536,189.882,101.346,1,0,1
E_BERKB-2,2026-09-04,2,5,89.632,185.474,95.84199999999998,1,1,1
E_BERKB-2,2026-09-04,3,5,90.84,179.088,88.24799999999999,1,1,1
E_BERKB-2,2026-09-04,4,5,92.616,176.342,83.72600000000001,0,0,0
E_BERKB-2,2026-09-04,5,5,94.56,159.492,64.93199999999999,0,0,0
E_BERKB-2,2026-09-04,6,5,13.460000000000003,165.332,151.87199999999999,0,0,0
E_BERKB-2,2026-09-04,7,4,91.6,159.64,68.03999999999999,0,0,0
E_BERKB-2,2026-09-04,8,4,98.13,168.2,70.07,1,1,1
E_BERKB-2,2026-09-04,9,4,96.17,155.71,59.540000000000006,0,0,0
E_BERKB-2,2026-09-04,10,4,107.2,172.57,65.36999999999999,1,1,1
E_BERKB-2,2026-09-04,11,4,108.16,180.0,71.84,0,0,0
E_BERKB-2,2026-09-04,12,4,90.75,180.0,89.25,1,1,1
E_BERKB-2,2026-09-04,13,4,19.675,200.0,180.325,1,1,1
E_BERKB-2,2026-09-04,14,4,16.41,200.0,183.59,0,0,0
E_BERKB-2,2026-09-04,15,5,39.808,325.31,285.502,0,0,0
E_BHOLB-1,2026-08-28,16,3,105.03666666666668,188.58333333333334,83.54666666666667,0,0,0
E_BHOLB-1,2026-08-28,17,3,104.35666666666667,182.99666666666667,78.64,0,0,0
E_BHOLB-1,2026-08-28,18,2,104.775,181.45499999999998,76.67999999999998,0,0,0
E_BHOLB-1,2026-08-28,19,2,102.525,176.135,73.60999999999999,0,0,0
E_BHOLB-1,2026-08-28,20,2,99.255,174.195,74.94,0,0,0
E_BHOLB-1,2026-08-28,21,3,94.30666666666667,166.38,72.07333333333332,0,0,0
E_BHOLB-1,2026-08-28,22,3,90.61666666666667,165.18666666666664,74.56999999999996,1,1,1
E_BHOLB-1,2026-08-28,23,3,94.87666666666667,173.04333333333332,78.16666666666666,1,0,1
E_BHOLB-1,2026-08-28,24,3,91.31666666666666,176.59333333333333,85.27666666666667,0,0,0
E_BHOLB-1,2026-08-28,25,3,95.01666666666667,187.64,92.62333333333332,0,0,0
E_BHOLB-1,2026-08-28,26,3,99.93666666666667,178.73333333333335,78.79666666666668,0,0,0
E_BHOLB-1,2026-08-28,27,3,99.94666666666666,178.46666666666667,78.52000000000001,0,0,0
E_BHOLB-1,2026-08-28,28,4,90.69749999999999,176.58499999999998,85.88749999999999,0,0,0
E_BHOLB-1,2026-08-28,29,4,80.0175,179.03750000000002,99.02000000000002,0,0,0
E_BHOLB-1,2026-08-28,30,4,101.0175,194.32,93.3025,0,0,0
E_BHOLB-1,2026-08-28,31,4,101.0275,193.96249999999998,92.93499999999997,0,0,0
E_BHOLB-1,2026-08-28,32,4,87.7975,194.26250000000002,106.46500000000002,0,0,0
E_BHOLB-1,2026-08-28,33,3,87.80666666666667,200.76666666666665,112.95999999999998,0,0,0
E_BHOLB-1,2026-08-28,34,2,69.565,158.975,89.41,1,1,1
E_BHOLB-1,2026-08-28,35,2,68.10499999999999,157.20499999999998,89.1,1,0,1
E_BHOLB-1,2026-08-28,36,2,67.685,5043.34,4975.655,1,0,1
E_BHOLB-1,2026-08-28,37,2,68.215,5043.605,4975.389999999999,0,0,0
E_BHOLB-1,2026-08-28,38,2,66.695,5042.845,4976.150000000001,0,0,0
E_BHOLB-1,2026-08-28,39,2,66.955,163.985,97.03000000000002,1,1,1
E_BHOLB-1,2026-08-28,40,2,106.405,163.975,57.56999999999999,1,1,1
E_BHOLB-1,2026-08-28,41,2,90.875,161.54500000000002,70.67000000000002,1,1,1
E_BHOLB-1,2026-08-28,42,2,80.57499999999999,161.535,80.96000000000001,1,1,1
E_BHOLB-1,2026-08-28,43,2,83.955,5051.475,4967.52,0,0,0
E_BHOLB-1,2026-08-28,44,2,79.815,5049.405,4969.59,0,0,0
E_BHOLB-1,2026-08-28,45,2,81.945,5050.47,4968.525000000001,0,0,0
E_BHOLB-1,2026-08-28,46,2,81.42500000000001,5050.21,4968.785,0,0,0
E_BHOLB-1,2026-08-28,47,2,80.82499999999999,5049.91,4969.085,1,1,1
E_BHOLB-1,2026-08-28,48,2,78.015,5048.505,4970.49,0,0,0
E_BHOLB-1,2026-08-29,1,2,75.025,5047.01,4971.985000000001,1,1,1
E_BHOLB-1,2026-08-29,2,2,75.195,126.815,51.620000000000005,0,0,0
E_BHOLB-1,2026-08-29,3,3,77.27666666666667,127.76666666666667,50.489999999999995,1,1,1
E_BHOLB-1,2026-08-29,4,3,71.91666666666667,126.71,54.79333333333332,1,1,1
E_BHOLB-1,2026-08-29,5,4,62.2075,122.8075,60.6,1,0,0
E_BHOLB-1,2026-08-29,6,4,52.6775,122.17999999999999,69.5025,0,0,0
E_BHOLB-1,2026-08-29,7,4,50.97749999999999,119.48249999999999,68.505,0,0,0
E_BHOLB-1,2026-08-29,8,4,50.987500000000004,119.6875,68.69999999999999,0,0,0
E_BHOLB-1,2026-08-29,9,4,46.4975,123.41499999999999,76.91749999999999,0,0,0
E_BHOLB-1,2026-08-29,10,4,60.6475,130.89249999999998,70.24499999999998,0,0,0
E_BHOLB-1,2026-08-29,11,3,-3252.9733333333334,137.54,3390.5133333333333,0,0,0
E_BHOLB-1,2026-08-29,12,4,-2399.3925,151.8725,2551.265,0,0,0
E_BHOLB-1,2026-08-29,13,3,-3235.5,165.13333333333333,3400.633333333333,0,0,0
E_BHOLB-1,2026-08-29,14,4,-2392.75,160.475,2553.225,0,0,0
E_BHOLB-1,2026-08-29,15,3,79.42666666666668,167.97,88.54333333333332,0,0,0
E_BHOLB-1,2026-08-29,16,3,84.69666666666666,169.21666666666667,84.52000000000001,1,1,1
E_BHOLB-1,2026-08-29,17,3,85.46666666666665,170.27666666666667,84.81000000000002,1,1,0
E_BHOLB-1,2026-08-29,18,3,85.47666666666667,170.40666666666667,84.92999999999999,0,0,0
E_BHOLB-1,2026-08-29,19,3,92.01666666666667,173.35666666666665,81.33999999999999,0,0,0
E_BHOLB-1,2026-08-29,20,3,99.01666666666667,173.63,74.61333333333333,0,0,0
E_BHOLB-1,2026-08-29,21,3,103.39666666666669,173.82666666666668,70.42999999999999,0,0,0
E_BHOLB-1,2026-08-29,22,3,101.92666666666668,174.09,72.16333333333333,0,0,0
E_BHOLB-1,2026-08-29,23,4,109.3175,174.0,64.6825,1,0,0
E_BHOLB-1,2026-08-29,24,3,111.02666666666669,174.23000000000002,63.20333333333333,1,0,1
E_BHOLB-1,2026-08-29,25,3,106.54666666666667,175.5533333333333,69.00666666666665,0,0,0
E_BHOLB-1,2026-08-29,26,3,105.46666666666665,176.0533333333333,70.58666666666666,0,0,0
E_BHOLB-1,2026-08-29,27,3,100.68666666666667,176.63333333333333,75.94666666666666,0,0,0
E_BHOLB-1,2026-08-29,28,2,108.11500000000001,179.615,71.5,0,0,0
E_BHOLB-1,2026-08-29,29,2,112.015,179.60500000000002,67.59000000000002,0,0,0
E_BHOLB-1,2026-08-29,30,2,111.375,179.595,68.22,0,0,0
E_BHOLB-1,2026-08-29,31,3,115.88,179.58333333333334,63.70333333333335,0,0,0
E_BHOLB-1,2026-08-29,32,2,116.815,178.815,62.0,0,0,0
E_BHOLB-1,2026-08-29,33,2,117.975,178.805,60.83000000000001,1,0,1
E_BHOLB-1,2026-08-29,34,3,119.61666666666667,196.11666666666667,76.5,1,0,0
E_BHOLB-1,2026-08-29,35,3,119.04666666666667,191.36666666666667,72.32000000000001,1,1,1
E_BHOLB-1,2026-08-29,36,3,119.56666666666666,183.40666666666667,63.84,1,1,1
E_BHOLB-1,2026-08-29,37,4,120.73,181.13,60.39999999999999,1,1,1
E_BHOLB-1,2026-08-29,38,3,119.51333333333334,179.97333333333333,60.459999999999994,1,0,1
E_BHOLB-1,2026-08-29,39,3,112.01666666666667,173.14000000000001,61.12333333333335,1,0,0
E_BHOLB-1,2026-08-29,40,2,108.505,169.975,61.47,0,0,0
E_BHOLB-1,2026-08-29,41,2,104.815,169.965,65.15,0,0,0
E_BHOLB-1,2026-08-29,42,2,104.025,169.95499999999998,65.92999999999998,0,0,0
E_BHOLB-1,2026-08-29,43,2,101.255,169.945,68.69,0,0,0
E_BHOLB-1,2026-08-29,44,3,103.57666666666665,171.54999999999998,67.97333333333333,0,0,0
E_BHOLB-1,2026-08-29,45,3,103.24666666666667,164.74666666666667,61.5,0,0,0
E_BHOLB-1,2026-08-29,46,3,103.38666666666666,164.79666666666665,61.41,0,0,0
E_BHOLB-1,2026-08-29,47,3,107.44666666666666,165.33666666666667,57.890000000000015,0,0,0
E_BHOLB-1,2026-08-29,48,3,104.41666666666667,165.83333333333334,61.41666666666667,1,1,0
E_BHOLB-1,2026-08-30,1,3,109.32666666666665,166.33333333333334,57.00666666666669,1,0,1
E_BHOLB-1,2026-08-30,2,2,100.545,173.065,72.52,1,1,1
E_BHOLB-1,2026-08-30,3,2,114.015,173.055,59.040000000000006,0,0,0
E_BHOLB-1,2026-08-30,4,2,119.015,179.165,60.14999999999999,0,0,0
E_BHOLB-1,2026-08-30,5,2,119.945,179.155,59.21000000000001,0,0,0
E_BHOLB-1,2026-08-30,6,3,119.95666666666666,182.30666666666664,62.34999999999998,0,0,0
E_BHOLB-1,2026-08-30,7,3,119.96666666666665,182.29666666666665,62.33,1,1,1
E_BHOLB-1,2026-08-30,8,3,119.97666666666667,185.18666666666664,65.20999999999997,1,1,0
E_BHOLB-1,2026-08-30,9,3,119.98666666666666,180.93666666666664,60.949999999999974,1,1,1
E_BHOLB-1,2026-08-30,10,4,102.6075,172.6475,70.04,1,0,0
E_BHOLB-1,2026-08-30,11,3,103.13666666666666,177.96333333333334,74.82666666666668,0,0,0
E_BHOLB-1,2026-08-30,12,4,102.7675,188.73749999999998,85.96999999999998,0,0,0
E_BHOLB-1,2026-08-30,13,3,105.40666666666668,194.56333333333336,89.15666666666668,0,0,0
E_BHOLB-1,2026-08-30,14,2,106.845,206.465,99.62,0,0,0
E_BHOLB-1,2026-08-30,15,3,107.73666666666666,200.22333333333333,92.48666666666666,0,0,0
E_BHOLB-1,2026-08-30,16,2,108.695,200.805,92.11000000000001,0,0,0
E_BHOLB-1,2026-08-30,17,2,105.975,191.685,85.71000000000001,0,0,0
E_BHOLB-1,2026-08-30,18,2,110.005,208.055,98.05000000000001,0,0,0
E_BHOLB-1,2026-08-30,19,3,109.84666666666665,165.45333333333332,55.60666666666667,0,0,0
E_BHOLB-1,2026-08-30,20,3,109.77666666666669,165.12,55.34333333333332,0,0,0
E_BHOLB-1,2026-08-30,21,2,120.455,184.985,64.53000000000002,0,0,0
E_BHOLB-1,2026-08-30,22,3,110.01666666666667,186.59666666666666,76.58,0,0,0
E_BHOLB-1,2026-08-30,23,3,117.56666666666666,188.9433333333333,71.37666666666664,0,0,0
E_BHOLB-1,2026-08-30,24,2,116.765,188.935,72.17,0,0,0
E_BHOLB-1,2026-08-30,25,2,119.38499999999999,188.925,69.54000000000002,0,0,0
E_BHOLB-1,2026-08-30,26,4,-50.0,1250.0,1300.0,0,0,0
E_BHOLB-1,2026-08-30,27,3,98.95666666666666,181.55666666666664,82.59999999999998,1,1,1
E_BHOLB-1,2026-08-30,28,3,55.416666666666664,184.5533333333333,129.13666666666666,1,1,1
E_BHOLB-1,2026-08-30,29,3,112.88666666666666,184.91,72.02333333333334,1,1,1
E_BHOLB-1,2026-08-30,30,3,125.01666666666667,192.91666666666666,67.89999999999999,1,0,1
E_BHOLB-1,2026-08-30,31,2,128.695,196.015,67.32,1,1,1
E_BHOLB-1,2026-08-30,32,3,128.70666666666668,198.71,70.00333333333333,1,1,0
E_BHOLB-1,2026-08-30,33,3,129.30666666666667,201.10999999999999,71.80333333333331,1,1,1
E_BHOLB-1,2026-08-30,34,3,113.53666666666668,193.48000000000002,79.94333333333334,1,0,0
E_BHOLB-1,2026-08-30,35,3,113.87666666666667,192.98333333333335,79.10666666666668,1,1,0
E_BHOLB-1,2026-08-30,36,3,126.01666666666667,193.23666666666668,67.22000000000001,1,1,1
E_BHOLB-1,2026-08-30,37,3,126.02666666666669,191.94333333333336,65.91666666666667,0,0,0
E_BHOLB-1,2026-08-30,38,2,126.08500000000001,189.215,63.129999999999995,0,0,0
E_BHOLB-1,2026-08-30,39,2,119.33500000000001,181.715,62.379999999999995,0,0,0
E_BHOLB-1,2026-08-30,40,3,124.49666666666667,177.98333333333335,53.48666666666668,0,0,0
E_BHOLB-1,2026-08-30,41,3,124.90666666666668,177.98333333333335,53.07666666666667,0,0,0
E_BHOLB-1,2026-08-30,42,3,121.62333333333333,189.76333333333332,68.13999999999999,0,0,0
E_BHOLB-1,2026-08-30,43,3,120.89999999999999,189.75333333333333,68.85333333333334,1,0,1
E_BHOLB-1,2026-08-30,44,2,109.795,194.985,85.19000000000001,1,0,0
E_BHOLB-1,2026-08-30,45,2,106.655,185.985,79.33000000000001,0,0,0
E_BHOLB-1,2026-08-30,46,3,109.87666666666667,180.05333333333337,70.1766666666667,0,0,0
E_BHOLB-1,2026-08-30,47,2,105.045,180.04500000000002,75.00000000000001,1,1,1
E_BHOLB-1,2026-08-30,48,3,105.92666666666668,177.60333333333332,71.67666666666665,0,0,0
E_BHOLB-1,2026-08-31,1,2,106.215,171.345,65.13,0,0,0
E_BHOLB-1,2026-08-31,2,3,101.01666666666667,169.46666666666667,68.45,0,0,0
E_BHOLB-1,2026-08-31,3,3,101.02666666666669,165.87666666666667,64.84999999999998,0,0,0
E_BHOLB-1,2026-08-31,4,3,101.01666666666667,167.15666666666667,66.14,0,0,0
E_BHOLB-1,2026-08-31,5,3,101.02666666666669,167.07000000000002,66.04333333333334,0,0,0
E_BHOLB-1,2026-08-31,6,3,103.17666666666668,170.60666666666665,67.42999999999998,0,0,0
E_BHOLB-1,2026-08-31,7,3,103.45666666666666,169.28,65.82333333333334,1,0,1
E_BHOLB-1,2026-08-31,8,3,105.20666666666666,171.07333333333335,65.86666666666669,1,1,1
E_BHOLB-1,2026-08-31,9,3,105.95666666666666,174.74666666666667,68.79,0,0,0
E_BHOLB-1,2026-08-31,10,2,109.535,171.625,62.09,0,0,0
E_BHOLB-1,2026-08-31,11,2,109.535,178.79500000000002,69.26000000000002,0,0,0
E_BHOLB-1,2026-08-31,12,2,105.195,172.685,67.49000000000001,0,0,0
E_BHOLB-1,2026-08-31,13,3,96.37333333333333,170.71333333333334,74.34,0,0,0
E_BHOLB-1,2026-08-31,14,2,95.025,187.805,92.78,0,0,0
E_BHOLB-1,2026-08-31,15,2,65.61500000000001,181.735,116.12,0,0,0
E_BHOLB-1,2026-08-31,16,3,77.29666666666667,185.15333333333334,107.85666666666667,1,0,1
E_BHOLB-1,2026-08-31,17,2,46.775000000000006,144.975,98.19999999999999,1,0,0
E_BHOLB-1,2026-08-31,18,2,47.885000000000005,144.965,97.08,1,1,1
E_BHOLB-1,2026-08-31,19,2,18.255000000000003,144.95499999999998,126.69999999999999,0,0,0
E_BHOLB-1,2026-08-31,20,2,16.775,94.985,78.21000000000001,1,1,1
E_BHOLB-1,2026-08-31,21,2,1.8849999999999998,87.945,86.05999999999999,1,1,1
E_BHOLB-1,2026-08-31,22,3,0.016666666666666666,97.61,97.59333333333333,1,1,1
E_BHOLB-1,2026-08-31,23,3,13.296666666666667,113.30333333333333,100.00666666666666,1,1,1
E_BHOLB-1,2026-08-31,24,3,15.016666666666666,142.83333333333334,127.81666666666668,0,0,0
E_BHOLB-1,2026-08-31,25,3,20.286666666666665,148.39333333333335,128.10666666666668,0,0,0
E_BHOLB-1,2026-08-31,26,4,35.6275,141.4675,105.84,1,1,1
E_BHOLB-1,2026-08-31,27,4,41.0775,153.59500000000003,112.51750000000003,0,0,0
E_BHOLB-1,2026-08-31,28,4,62.3575,186.59,124.2325,1,1,1
E_BHOLB-1,2026-08-31,29,4,68.3175,210.20999999999998,141.89249999999998,0,0,0
E_BHOLB-1,2026-08-31,30,4,96.63749999999999,229.565,132.9275,0,0,0
E_BHOLB-1,2026-08-31,31,4,105.2275,222.32,117.09249999999999,1,0,0
E_BHOLB-1,2026-08-31,32,4,115.32749999999999,223.67499999999998,108.3475,1,1,0
E_BHOLB-1,2026-08-31,33,4,121.9675,224.9425,102.975,0,0,0
E_BHOLB-1,2026-08-31,34,2,100.535,200.415,99.88,1,1,1
E_BHOLB-1,2026-08-31,35,2,109.64500000000001,204.35500000000002,94.71000000000001,0,0,0
E_BHOLB-1,2026-08-31,36,2,104.435,5061.715,4957.28,0,0,0
E_BHOLB-1,2026-08-31,37,2,103.095,200.405,97.31,0,0,0
E_BHOLB-1,2026-08-31,38,2,101.625,5060.31,4958.685,0,0,0
E_BHOLB-1,2026-08-31,39,2,96.625,5057.81,4961.185,0,0,0
E_BHOLB-1,2026-08-31,40,2,123.815,5071.405,4947.59,1,1,1
E_BHOLB-1,2026-08-31,41,2,113.13499999999999,5066.065,4952.929999999999,0,0,0
E_BHOLB-1,2026-08-31,42,3,109.26666666666665,192.57333333333335,83.3066666666667,0,0,0
E_BHOLB-1,2026-08-31,43,2,103.295,184.245,80.95,0,0,0
E_BHOLB-1,2026-08-31,44,2,101.185,179.415,78.22999999999999,0,0,0
E_BHOLB-1,2026-08-31,45,2,102.61500000000001,179.405,76.78999999999999,0,0,0
E_BHOLB-1,2026-08-31,46,2,100.905,179.39499999999998,78.48999999999998,0,0,0
E_BHOLB-1,2026-08-31,47,2,92.07499999999999,179.385,87.31,0,0,0
E_BHOLB-1,2026-08-31,48,3,94.70666666666666,175.69000000000003,80.98333333333336,0,0,0
E_BHOLB-1,2026-09-01,1,3,94.93666666666667,175.54,80.60333333333332,0,0,0
E_BHOLB-1,2026-09-01,2,3,93.28666666666668,173.8066666666667,80.52000000000002,1,0,1
E_BHOLB-1,2026-09-01,3,3,93.29666666666667,175.26999999999998,81.97333333333331,1,1,1
E_BHOLB-1,2026-09-01,4,3,93.30666666666667,178.66333333333333,85.35666666666665,0,0,0
E_BHOLB-1,2026-09-01,5,3,91.62666666666667,171.10999999999999,79.48333333333332,0,0,0
E_BHOLB-1,2026-09-01,6,4,97.14750000000001,167.69750000000002,70.55000000000001,1,0,1
E_BHOLB-1,2026-09-01,7,3,89.94666666666666,202.65,112.70333333333335,1,1,1
E_BHOLB-1,2026-09-01,8,3,89.95666666666666,198.79,108.83333333333333,1,1,1
E_BHOLB-1,2026-09-01,9,4,104.48999999999998,199.315,94.82500000000002,1,1,1
E_BHOLB-1,2026-09-01,10,3,100.01666666666667,190.14333333333335,90.12666666666668,1,1,1
E_BHOLB-1,2026-09-01,11,2,105.255,179.985,74.73000000000002,1,1,1
E_BHOLB-1,2026-09-01,12,3,105.02666666666669,178.64000000000001,73.61333333333333,0,0,0
E_BHOLB-1,2026-09-01,13,3,106.82,174.06333333333336,67.24333333333337,1,1,1
E_BHOLB-1,2026-09-01,14,4,98.49749999999999,2630.29,2531.7925,1,1,1
E_BHOLB-1,2026-09-01,15,3,74.50999999999999,174.04333333333332,99.53333333333333,1,1,1
E_BHOLB-1,2026-09-01,16,3,67.16666666666667,156.72333333333333,89.55666666666666,1,1,1
E_BHOLB-1,2026-09-01,17,3,61.339999999999996,156.71333333333334,95.37333333333333,1,0,1
E_BHOLB-1,2026-09-01,18,3,50.98666666666667,149.97333333333333,98.98666666666665,1,0,1
E_BHOLB-1,2026-09-01,19,3,39.596666666666664,129.98,90.38333333333333,0,0,0
E_BHOLB-1,2026-09-01,20,4,42.135000000000005,113.82999999999998,71.69499999999998,1,1,1
E_BHOLB-1,2026-09-01,21,3,27.05666666666667,143.88666666666666,116.82999999999998,1,1,0
E_BHOLB-1,2026-09-01,22,3,24.186666666666667,146.23000000000002,122.04333333333335,0,0,0
E_BHOLB-1,2026-09-01,23,3,14.666666666666666,125.55,110.88333333333333,0,0,0
E_BHOLB-1,2026-09-01,24,3,12.496666666666668,129.50333333333333,117.00666666666666,1,0,0
E_BHOLB-1,2026-09-01,25,4,7.987500000000001,132.1325,124.145,1,0,1
E_BHOLB-1,2026-09-01,26,4,25.0175,143.66,118.6425,0,0,0
E_BHOLB-1,2026-09-01,27,4,25.0175,161.94,136.9225,0,0,0
E_BHOLB-1,2026-09-01,28,4,51.1175,172.32999999999998,121.21249999999998,0,0,0
E_BHOLB-1,2026-09-01,29,4,49.2975,178.8125,129.515,0,0,0
E_BHOLB-1,2026-09-01,30,4,49.307500000000005,207.5325,158.225,0,0,0
E_BHOLB-1,2026-09-01,31,4,49.317499999999995,226.945,177.6275,0,0,0
E_BHOLB-1,2026-09-01,32,4,54.317499999999995,234.595,180.2775,1,0,0
E_BHOLB-1,2026-09-01,33,4,62.017500000000005,235.96999999999997,173.95249999999996,1,1,0
E_BHOLB-1,2026-09-01,34,2,95.015,196.835,101.82000000000001,0,0,0
E_BHOLB-1,2026-09-01,35,2,84.91499999999999,231.64499999999998,146.73,0,0,0
E_BHOLB-1,2026-09-01,36,2,80.935,184.985,104.05000000000001,1,1,0
E_BHOLB-1,2026-09-01,37,2,91.215,179.985,88.77000000000001,1,1,0
E_BHOLB-1,2026-09-01,38,2,93.065,189.985,96.92000000000002,1,0,0
E_BHOLB-1,2026-09-01,39,2,87.005,199.975,112.97,1,0,0
E_BHOLB-1,2026-09-01,40,2,122.17500000000001,199.965,77.78999999999999,1,0,1
E_BHOLB-1,2026-09-01,41,2,115.015,219.015,103.99999999999999,0,0,0
E_BHOLB-1,2026-09-01,42,3,124.43,210.48333333333335,86.05333333333334,0,0,0
E_BHOLB-1,2026-09-01,43,3,123.46666666666665,204.98333333333335,81.5166666666667,1,0,1
E_BHOLB-1,2026-09-01,44,3,124.2,199.45333333333335,75.25333333333334,1,1,1
E_BHOLB-1,2026-09-01,45,2,114.735,199.445,84.71,1,1,0
E_BHOLB-1,2026-09-01,46,3,114.74666666666667,194.21,79.46333333333334,1,1,1
E_BHOLB-1,2026-09-01,47,2,112.015,190.965,78.95,1,1,1
E_BHOLB-1,2026-09-01,48,3,113.79666666666667,189.85,76.05333333333333,0,0,0
E_BHOLB-1,2026-09-02,1,2,120.655,200.985,80.33000000000001,1,0,1
E_BHOLB-1,2026-09-02,2,2,123.225,195.485,72.26000000000002,1,1,1
E_BHOLB-1,2026-09-02,3,3,123.23666666666666,197.52666666666667,74.29,0,0,0
E_BHOLB-1,2026-09-02,4,3,132.29666666666668,205.79666666666665,73.49999999999997,1,1,1
E_BHOLB-1,2026-09-02,5,3,132.30666666666667,210.42999999999998,78.1233333333333,1,1,1
E_BHOLB-1,2026-09-02,6,3,133.68666666666667,213.1966666666667,79.51000000000002,1,1,0
E_BHOLB-1,2026-09-02,7,3,133.69666666666666,214.4,80.70333333333335,1,1,1
E_BHOLB-1,2026-09-02,8,3,133.70666666666668,216.75,83.04333333333332,1,1,1
E_BHOLB-1,2026-09-02,9,3,133.71666666666667,211.61666666666667,77.9,0,0,0
E_BHOLB-1,2026-09-02,10,3,133.67666666666668,211.51333333333332,77.83666666666664,0,0,0
E_BHOLB-1,2026-09-02,11,3,135.36666666666667,216.49,81.12333333333333,0,0,0
E_BHOLB-1,2026-09-02,12,3,129.26666666666665,228.65333333333334,99.38666666666668,0,0,0
E_BHOLB-1,2026-09-02,13,2,136.365,237.885,101.51999999999998,1,1,1
E_BHOLB-1,2026-09-02,14,3,133.73666666666668,228.68666666666664,94.94999999999996,0,0,0
E_BHOLB-1,2026-09-02,15,4,132.365,214.8425,82.47749999999999,0,0,0
E_BHOLB-1,2026-09-02,16,4,125.80000000000001,206.3425,80.54249999999999,1,0,0
E_BHOLB-1,2026-09-02,17,3,119.90666666666668,205.11,85.20333333333333,1,0,1
E_BHOLB-1,2026-09-02,18,3,118.02666666666669,197.4466666666667,79.42,0,0,0
E_BHOLB-1,2026-09-02,19,3,116.69666666666666,194.36333333333334,77.66666666666669,1,1,1
E_BHOLB-1,2026-09-02,20,3,113.00666666666666,193.45333333333335,80.44666666666669,1,1,1
E_BHOLB-1,2026-09-02,21,3,112.07666666666665,192.6966666666667,80.62000000000003,0,0,0
E_BHOLB-1,2026-09-02,22,3,114.94666666666666,205.79333333333332,90.84666666666666,0,0,0
E_BHOLB-1,2026-09-02,23,3,112.97666666666667,211.1966666666667,98.22000000000001,0,0,0
E_BHOLB-1,2026-09-02,24,3,102.28666666666668,210.7733333333333,108.48666666666664,0,0,0
E_BHOLB-1,2026-09-02,25,3,127.27666666666669,230.02666666666664,102.74999999999996,1,1,1
E_BHOLB-1,2026-09-02,26,3,129.02666666666667,234.17333333333332,105.14666666666665,1,1,1
E_BHOLB-1,2026-09-02,27,3,129.03666666666666,234.70333333333335,105.66666666666669,1,1,0
E_BHOLB-1,2026-09-02,28,4,-50.0,1250.0,1300.0,0,0,0
E_BHOLB-1,2026-09-02,29,4,128.1875,231.39249999999998,103.20499999999998,0,0,0
E_BHOLB-1,2026-09-02,30,4,-2332.855,240.735,2573.59,0,0,0
E_BHOLB-1,2026-09-02,31,4,-2334.9849999999997,237.7025,2572.6874999999995,0,0,0
E_BHOLB-1,2026-09-02,32,4,130.0275,238.73250000000002,108.70500000000001,0,0,0
E_BHOLB-1,2026-09-02,33,4,-50.0,1250.0,1300.0,0,0,0
E_BHOLB-1,2026-09-02,34,2,109.045,209.985,100.94000000000001,0,0,0
E_BHOLB-1,2026-09-02,35,3,110.57666666666665,209.60666666666665,99.03,0,0,0
E_BHOLB-1,2026-09-02,36,2,98.735,201.125,102.39,0,0,0
E_BHOLB-1,2026-09-02,37,2,95.025,198.14499999999998,103.11999999999998,0,0,0
E_BHOLB-1,2026-09-02,38,2,93.565,204.775,111.21000000000001,0,0,0
E_BHOLB-1,2026-09-02,39,2,83.455,204.765,121.30999999999999,0,0,0
E_BHOLB-1,2026-09-02,40,2,117.185,198.385,81.19999999999999,0,0,0
E_BHOLB-1,2026-09-02,41,2,121.755,198.375,76.62,0,0,0
E_BHOLB-1,2026-09-02,42,2,118.765,197.70499999999998,78.93999999999998,0,0,0
E_BHOLB-1,2026-09-02,43,2,116.025,186.665,70.63999999999999,0,0,0
E_BHOLB-1,2026-09-02,44,2,108.89500000000001,182.055,73.16,0,0,0
E_BHOLB-1,2026-09-02,45,3,108.92666666666668,177.84666666666666,68.91999999999999,0,0,0
E_BHOLB-1,2026-09-02,46,3,112.92666666666668,179.83333333333334,66.90666666666667,1,0,1
E_BHOLB-1,2026-09-02,47,3,113.71666666666665,179.96333333333334,66.24666666666668,1,1,1
E_BHOLB-1,2026-09-02,48,3,113.07666666666665,176.35333333333332,63.27666666666667,1,1,0
E_BHOLB-1,2026-09-03,1,3,112.69666666666666,176.23666666666668,63.54000000000002,1,1,1
E_BHOLB-1,2026-09-03,2,2,106.345,172.725,66.38,1,1,1
E_BHOLB-1,2026-09-03,3,2,99.32499999999999,172.715,73.39000000000001,0,0,0
E_BHOLB-1,2026-09-03,4,3,90.78666666666668,166.52,75.73333333333333,0,0,0
E_BHOLB-1,2026-09-03,5,3,94.41666666666667,166.33666666666667,71.92,0,0,0
E_BHOLB-1,2026-09-03,6,2,94.42500000000001,174.985,80.56,0,0,0
E_BHOLB-1,2026-09-03,7,3,97.74666666666667,175.95666666666668,78.21000000000001,0,0,0
E_BHOLB-1,2026-09-03,8,3,103.00666666666666,176.89666666666668,73.89000000000001,0,0,0
E_BHOLB-1,2026-09-03,9,3,107.34666666666665,177.35333333333335,70.0066666666667,1,1,1
E_BHOLB-1,2026-09-03,10,3,107.35666666666667,189.58333333333334,82.22666666666667,1,0,1
E_BHOLB-1,2026-09-03,11,3,105.18666666666667,196.76333333333332,91.57666666666665,0,0,0
E_BHOLB-1,2026-09-03,12,2,102.515,213.64499999999998,111.12999999999998,0,0,0
E_BHOLB-1,2026-09-03,13,2,95.965,190.965,95.0,0,0,0
E_BHOLB-1,2026-09-03,14,3,89.38666666666666,184.00333333333333,94.61666666666667,0,0,0
E_BHOLB-1,2026-09-03,15,2,73.61500000000001,181.875,108.25999999999999,0,0,0
E_BHOLB-1,2026-09-03,16,2,69.445,174.985,105.54000000000002,0,0,0
E_BHOLB-1,2026-09-03,17,2,59.724999999999994,174.975,115.25,0,0,0
E_BHOLB-1,2026-09-03,18,2,56.805,171.785,114.97999999999999,0,0,0
E_BHOLB-1,2026-09-03,19,2,51.625,170.785,119.16,1,0,1
E_BHOLB-1,2026-09-03,20,2,52.894999999999996,144.345,91.45,1,1,1
E_BHOLB-1,2026-09-03,21,2,41.114999999999995,148.335,107.22000000000001,1,1,0
E_BHOLB-1,2026-09-03,22,3,28.33666666666667,118.69,90.35333333333332,1,1,1
E_BHOLB-1,2026-09-03,23,2,16.655,97.545,80.89,1,1,1
E_BHOLB-1,2026-09-03,24,3,-0.8033333333333333,88.26,89.06333333333333,1,0,0
E_BHOLB-1,2026-09-03,25,3,-8.013333333333334,82.87666666666667,90.89,0,0,0
E_BHOLB-1,2026-09-03,26,2,-10.745000000000001,82.92500000000001,93.67000000000002,1,1,0
E_BHOLB-1,2026-09-03,27,4,-5.9625,84.375,90.3375,1,0,1
E_BHOLB-1,2026-09-03,28,4,-4.9625,123.94,128.9025,1,0,1
E_BHOLB-1,2026-09-03,29,3,28.936666666666667,193.67,164.73333333333332,1,1,0
E_BHOLB-1,2026-09-03,30,4,28.9475,208.6125,179.66500000000002,0,0,0
E_BHOLB-1,2026-09-03,31,4,67.7475,231.6925,163.945,0,0,0
E_BHOLB-1,2026-09-03,32,4,89.94749999999999,229.17,139.2225,0,0,0
E_BHOLB-1,2026-09-03,33,4,79.94749999999999,227.795,147.8475,0,0,0
E_BHOLB-1,2026-09-03,34,2,50.015,201.535,151.51999999999998,0,0,0
E_BHOLB-1,2026-09-03,35,2,50.015,201.535,151.51999999999998,1,1,1
E_BHOLB-1,2026-09-03,36,2,80.975,5049.985,4969.009999999999,0,0,0
E_BHOLB-1,2026-09-03,37,2,90.38499999999999,5054.69,4964.304999999999,0,0,0
E_BHOLB-1,2026-09-03,38,2,81.025,5050.01,4968.985000000001,0,0,0
E_BHOLB-1,2026-09-03,39,2,80.16499999999999,5049.58,4969.415,0,0,0
E_BHOLB-1,2026-09-03,40,2,110.515,5064.755,4954.24,0,0,0
E_BHOLB-1,2026-09-03,41,3,113.68666666666667,3421.14,3307.4533333333334,0,0,0
E_BHOLB-1,2026-09-03,42,2,103.205,5061.1,4957.895,0,0,0
E_BHOLB-1,2026-09-03,43,2,103.08500000000001,195.475,92.38999999999999,1,1,1
E_BHOLB-1,2026-09-03,44,2,100.195,194.985,94.79000000000002,1,0,1
E_BHOLB-1,2026-09-03,45,2,101.41499999999999,188.775,87.36000000000001,0,0,0
E_BHOLB-1,2026-09-03,46,2,100.755,171.325,70.57,0,0,0
E_BHOLB-1,2026-09-03,47,2,98.955,171.825,72.86999999999999,1,1,1
E_BHOLB-1,2026-09-03,48,2,99.015,171.815,72.8,1,1,1
E_BHOLB-1,2026-09-04,1,2,99.405,167.775,68.37,1,1,1
E_BHOLB-1,2026-09-04,2,2,99.41499999999999,173.155,73.74000000000001,0,0,0
E_BHOLB-1,2026-09-04,3,2,104.33500000000001,173.905,69.57,1,1,1
E_BHOLB-1,2026-09-04,4,2,102.88499999999999,179.29500000000002,76.41000000000003,1,1,1
E_BHOLB-1,2026-09-04,5,2,102.89500000000001,177.85500000000002,74.96000000000001,1,1,1
E_BHOLB-1,2026-09-04,6,2,97.505,169.875,72.37,0,0,0
E_BHOLB-1,2026-09-04,7,3,98.00666666666666,169.73000000000002,71.72333333333336,0,0,0
E_BHOLB-1,2026-09-04,8,2,98.015,169.495,71.48,1,1,1
E_BHOLB-1,2026-09-04,9,2,103.035,178.235,75.20000000000002,1,1,1
E_BHOLB-1,2026-09-04,10,2,103.045,175.35500000000002,72.31000000000002,1,1,0
E_BHOLB-1,2026-09-04,11,3,92.46666666666665,173.24666666666667,80.78000000000002,1,1,1
E_BHOLB-1,2026-09-04,12,3,87.93666666666667,183.35,95.41333333333333,1,1,1
E_BHOLB-1,2026-09-04,13,2,84.41499999999999,177.005,92.59,0,0,0
E_BHOLB-1,2026-09-04,14,2,45.345,159.135,113.78999999999999,0,0,0
E_BHOLB-1,2026-09-04,15,3,16.076666666666668,159.12333333333333,143.04666666666668,0,0,0
T_BLPFB-1,2026-08-28,16,5,109.80199999999999,178.48,68.678,0,0,0
T_BLPFB-1,2026-08-28,17,5,105.776,178.51,72.734,0,0,0
T_BLPFB-1,2026-08-28,18,5,104.928,173.15,68.22200000000001,0,0,0
T_BLPFB-1,2026-08-28,19,5,108.626,171.59,62.964,1,1,1
T_BLPFB-1,2026-08-28,20,5,109.23599999999999,167.63,58.394000000000005,1,1,0
T_BLPFB-1,2026-08-28,21,5,108.218,172.66,64.442,1,1,0
T_BLPFB-1,2026-08-28,22,5,108.978,173.04,64.062,1,1,1
T_BLPFB-1,2026-08-28,23,4,79.69500000000001,182.375,102.67999999999999,1,1,1
T_BLPFB-1,2026-08-28,24,5,59.391999999999996,192.384,132.992,1,1,0
T_BLPFB-1,2026-08-28,25,4,72.00750000000001,179.73250000000002,107.72500000000001,0,0,0
T_BLPFB-1,2026-08-28,26,5,87.348,179.56,92.212,1,0,1
T_BLPFB-1,2026-08-28,27,4,81.6,184.2475,102.64750000000001,1,0,0
T_BLPFB-1,2026-08-28,28,4,70.125,183.0125,112.88749999999999,0,0,0
T_BLPFB-1,2026-08-28,29,5,80.392,187.68200000000002,107.29000000000002,0,0,0
T_BLPFB-1,2026-08-28,30,5,79.824,178.602,98.778,0,0,0
T_BLPFB-1,2026-08-28,31,5,70.224,180.53000000000003,110.30600000000003,0,0,0
T_BLPFB-1,2026-08-28,32,5,56.376,179.22,122.844,0,0,0
T_BLPFB-1,2026-08-28,33,4,59.947500000000005,173.7525,113.80499999999999,0,0,0
T_BLPFB-1,2026-08-28,34,4,66.465,176.81,110.345,0,0,0
T_BLPFB-1,2026-08-28,35,4,78.2325,167.37,89.1375,1,1,1
T_BLPFB-1,2026-08-28,36,4,80.745,214.0125,133.26749999999998,1,1,1
T_BLPFB-1,2026-08-28,37,4,81.2475,207.0575,125.81,0,0,0
T_BLPFB-1,2026-08-28,38,5,87.566,187.93599999999998,100.36999999999998,1,0,1
T_BLPFB-1,2026-08-28,39,4,104.84499999999998,168.44,63.59500000000001,1,1,1
T_BLPFB-1,2026-08-28,40,4,86.445,165.43,78.98500000000001,1,0,1
T_BLPFB-1,2026-08-28,41,4,91.25,168.78,77.53,1,1,0
T_BLPFB-1,2026-08-28,42,4,101.01249999999999,166.41,65.39750000000001,1,1,1
T_BLPFB-1,2026-08-28,43,4,90.64,161.81,71.17,0,0,0
T_BLPFB-1,2026-08-28,44,4,87.85,145.9,58.05000000000001,0,0,0
T_BLPFB-1,2026-08-28,45,4,84.34,153.12,68.78,0,0,0
T_BLPFB-1,2026-08-28,46,4,80.81,151.13,70.32,0,0,0
T_BLPFB-1,2026-08-28,47,5,64.408,169.3,104.89200000000001,1,1,0
T_BLPFB-1,2026-08-28,48,4,64.28999999999999,156.1575,91.8675,1,1,1
T_BLPFB-1,2026-08-29,1,4,59.572500000000005,156.5025,96.92999999999999,1,1,1
T_BLPFB-1,2026-08-29,2,4,58.56,156.495,97.935,1,1,1
T_BLPFB-1,2026-08-29,3,4,62.302499999999995,166.6825,104.38000000000001,1,1,1
T_BLPFB-1,2026-08-29,4,5,61.888,167.01799999999997,105.12999999999997,0,0,0
T_BLPFB-1,2026-08-29,5,5,63.16799999999999,160.43599999999998,97.26799999999999,0,0,0
T_BLPFB-1,2026-08-29,6,5,63.944,162.014,98.07000000000001,0,0,0
T_BLPFB-1,2026-08-29,7,5,63.352,157.026,93.674,0,0,0
T_BLPFB-1,2026-08-29,8,5,61.83200000000001,155.79000000000002,93.95800000000001,0,0,0
T_BLPFB-1,2026-08-29,9,5,62.632000000000005,158.644,96.012,0,0,0
T_BLPFB-1,2026-08-29,10,5,57.032000000000004,161.91,104.87799999999999,1,0,1
T_BLPFB-1,2026-08-29,11,4,59.550000000000004,162.99,103.44,1,1,1
T_BLPFB-1,2026-08-29,12,4,58.800000000000004,169.56,110.75999999999999,1,1,0
T_BLPFB-1,2026-08-29,13,4,59.550000000000004,180.9975,121.44749999999999,1,1,0
T_BLPFB-1,2026-08-29,14,5,22.118,190.99,168.872,0,0,0
T_BLPFB-1,2026-08-29,15,5,30.008000000000003,189.24,159.232,0,0,0
T_BLPFB-1,2026-08-29,16,5,34.094,191.45,157.356,1,0,1
T_BLPFB-1,2026-08-29,17,5,54.196000000000005,186.55,132.354,1,1,1
T_BLPFB-1,2026-08-29,18,5,27.631999999999994,184.57,156.938,0,0,0
T_BLPFB-1,2026-08-29,19,5,54.303999999999995,197.56,143.256,0,0,0
T_BLPFB-1,2026-08-29,20,5,56.129999999999995,196.57,140.44,0,0,0
T_BLPFB-1,2026-08-29,21,5,77.088,195.84,118.75200000000001,0,0,0
T_BLPFB-1,2026-08-29,22,5,73.958,197.82,123.862,0,0,0
T_BLPFB-1,2026-08-29,23,5,89.32000000000001,195.18,105.86,0,0,0
T_BLPFB-1,2026-08-29,24,5,70.186,194.99,124.804,0,0,0
T_BLPFB-1,2026-08-29,25,5,69.566,191.42,121.85399999999998,0,0,0
T_BLPFB-1,2026-08-29,26,5,64.80199999999999,192.87,128.068,0,0,0
T_BLPFB-1,2026-08-29,27,5,77.25399999999999,195.05,117.79600000000002,0,0,0
T_BLPFB-1,2026-08-29,28,5,70.878,194.33,123.45200000000001,0,0,0
T_BLPFB-1,2026-08-29,29,5,70.46199999999999,197.0,126.53800000000001,0,0,0
T_BLPFB-1,2026-08-29,30,5,61.236000000000004,189.41,128.17399999999998,0,0,0
T_BLPFB-1,2026-08-29,31,5,23.860000000000003,188.42,164.55999999999997,0,0,0
T_BLPFB-1,2026-08-29,32,5,29.613999999999997,185.58,155.966,0,0,0
T_BLPFB-1,2026-08-29,33,5,26.752,183.86,157.108,1,1,1
T_BLPFB-1,2026-08-29,34,5,4.835999999999996,182.08,177.24400000000003,0,0,0
T_BLPFB-1,2026-08-29,35,5,36.013999999999996,183.07,147.05599999999998,1,1,1
T_BLPFB-1,2026-08-29,36,5,9.857999999999999,181.95,172.09199999999998,0,0,0
T_BLPFB-1,2026-08-29,37,5,22.71,183.46,160.75,0,0,0
T_BLPFB-1,2026-08-29,38,5,65.792,176.84,111.048,0,0,0
T_BLPFB-1,2026-08-29,39,4,99.455,169.48,70.02499999999999,0,0,0
T_BLPFB-1,2026-08-29,40,4,100.47500000000001,176.14,75.66499999999998,0,0,0
T_BLPFB-1,2026-08-29,41,4,109.295,178.49,69.19500000000001,1,0,1
T_BLPFB-1,2026-08-29,42,4,109.68499999999999,177.15,67.46500000000002,1,1,1
T_BLPFB-1,2026-08-29,43,4,97.13749999999999,171.79,74.6525,1,0,1
T_BLPFB-1,2026-08-29,44,4,120.73,135.37,14.64,1,1,1
T_BLPFB-1,2026-08-29,45,4,98.955,165.1,66.145,0,0,0
T_BLPFB-1,2026-08-29,46,4,100.08250000000001,164.34,64.2575,0,0,0
T_BLPFB-1,2026-08-29,47,5,101.42999999999999,183.592,82.16200000000002,1,1,1
T_BLPFB-1,2026-08-29,48,4,80.3175,184.35000000000002,104.03250000000003,1,1,0
T_BLPFB-1,2026-08-30,1,4,81.00750000000001,185.60000000000002,104.59250000000002,1,0,1
T_BLPFB-1,2026-08-30,2,4,81.1875,183.1125,101.92500000000001,1,1,1
T_BLPFB-1,2026-08-30,3,5,107.748,181.344,73.59599999999999,0,0,0
T_BLPFB-1,2026-08-30,4,5,106.21600000000001,194.56,88.344,0,0,0
T_BLPFB-1,2026-08-30,5,5,66.888,185.91199999999998,119.02399999999997,0,0,0
T_BLPFB-1,2026-08-30,6,4,82.7475,187.615,104.8675,0,0,0
T_BLPFB-1,2026-08-30,7,4,83.61,188.1125,104.50250000000001,0,0,0
T_BLPFB-1,2026-08-30,8,4,86.24249999999999,180.575,94.3325,0,0,0
T_BLPFB-1,2026-08-30,9,4,89.2125,176.575,87.36249999999998,0,0,0
T_BLPFB-1,2026-08-30,10,4,91.28999999999999,180.7425,89.45250000000001,1,1,1
T_BLPFB-1,2026-08-30,11,4,89.5275,168.39999999999998,78.87249999999997,1,1,1
T_BLPFB-1,2026-08-30,12,5,84.584,165.21800000000002,80.63400000000001,1,1,1
T_BLPFB-1,2026-08-30,13,4,81.1425,167.16250000000002,86.02000000000002,1,0,0
T_BLPFB-1,2026-08-30,14,4,80.0475,162.0525,82.00500000000001,0,0,0
T_BLPFB-1,2026-08-30,15,4,113.5075,172.83,59.32250000000002,0,0,0
T_BLPFB-1,2026-08-30,16,4,104.9475,165.2,60.25249999999998,0,0,0
T_BLPFB-1,2026-08-30,17,4,110.21249999999999,172.84,62.62750000000001,1,1,1
T_BLPFB-1,2026-08-30,18,4,109.07749999999999,171.9,62.82250000000002,1,0,1
T_BLPFB-1,2026-08-30,19,4,92.5725,185.82,93.24749999999999,0,0,0
T_BLPFB-1,2026-08-30,20,4,100.87249999999999,196.44,95.56750000000001,0,0,0
T_BLPFB-1,2026-08-30,21,4,104.555,196.44,91.88499999999999,0,0,0
T_BLPFB-1,2026-08-30,22,4,103.18499999999999,193.31,90.12500000000001,0,0,0
T_BLPFB-1,2026-08-30,23,5,110.924,209.63999999999996,98.71599999999995,0,0,0
T_BLPFB-1,2026-08-30,24,5,106.60799999999999,209.63999999999996,103.03199999999997,0,0,0
T_BLPFB-1,2026-08-30,25,5,63.081999999999994,208.17,145.088,0,0,0
T_BLPFB-1,2026-08-30,26,5,42.09,207.03000000000003,164.94000000000003,0,0,0
T_BLPFB-1,2026-08-30,27,5,9.915999999999997,190.88,180.964,0,0,0
T_BLPFB-1,2026-08-30,28,4,81.5625,191.38,109.8175,0,0,0
T_BLPFB-1,2026-08-30,29,4,74.1975,198.47,124.2725,0,0,0
T_BLPFB-1,2026-08-30,30,5,32.258,206.47999999999996,174.22199999999995,0,0,0
T_BLPFB-1,2026-08-30,31,5,-42.926,201.18,244.106,1,0,1
T_BLPFB-1,2026-08-30,32,5,-128.96399999999997,198.23,327.19399999999996,1,0,1
T_BLPFB-1,2026-08-30,33,5,-30.10200000000002,199.88,229.98200000000003,1,0,1
T_BLPFB-1,2026-08-30,34,5,-1.4300000000000068,196.51,197.94,1,0,1
T_BLPFB-1,2026-08-30,35,5,4.956,192.89,187.934,1,1,1
T_BLPFB-1,2026-08-30,36,5,8.339999999999986,187.89,179.55,1,1,1
T_BLPFB-1,2026-08-30,37,5,13.92600000000001,186.61,172.684,1,1,1
T_BLPFB-1,2026-08-30,38,5,86.77400000000002,188.93,102.15599999999999,1,1,1
T_BLPFB-1,2026-08-30,39,4,122.57,196.0,73.43,1,1,1
T_BLPFB-1,2026-08-30,40,4,122.64,196.0,73.36,0,0,0
T_BLPFB-1,2026-08-30,41,4,119.8,196.0,76.2,1,0,1
T_BLPFB-1,2026-08-30,42,4,115.0975,196.0,80.9025,1,0,1
T_BLPFB-1,2026-08-30,43,4,112.7475,196.0,83.2525,1,1,1
T_BLPFB-1,2026-08-30,44,4,116.445,223.0,106.555,0,0,0
T_BLPFB-1,2026-08-30,45,4,106.6175,181.25,74.6325,0,0,0
T_BLPFB-1,2026-08-30,46,4,108.16,184.56,76.4,1,0,1
T_BLPFB-1,2026-08-30,47,4,109.3125,187.78,78.4675,1,1,1
T_BLPFB-1,2026-08-30,48,4,107.35000000000001,183.56,76.21,1,1,1
T_BLPFB-1,2026-08-31,1,4,108.6425,185.46,76.81750000000001,1,1,1
T_BLPFB-1,2026-08-31,2,4,102.1975,188.76,86.56249999999999,0,0,0
T_BLPFB-1,2026-08-31,3,4,102.755,186.69,83.935,0,0,0
T_BLPFB-1,2026-08-31,4,4,103.12750000000001,185.19,82.06249999999999,0,0,0
T_BLPFB-1,2026-08-31,5,4,104.37750000000001,187.53,83.15249999999999,1,1,1
T_BLPFB-1,2026-08-31,6,4,107.74,194.15,86.41000000000001,1,1,1
T_BLPFB-1,2026-08-31,7,4,85.815,208.065,122.25,1,1,0
T_BLPFB-1,2026-08-31,8,4,84.3225,195.5075,111.18499999999999,1,1,0
T_BLPFB-1,2026-08-31,9,4,83.595,198.9975,115.4025,1,1,1
T_BLPFB-1,2026-08-31,10,4,86.19,200.75,114.56,1,1,0
T_BLPFB-1,2026-08-31,11,5,64.248,195.184,130.93599999999998,0,0,0
T_BLPFB-1,2026-08-31,12,5,59.426,190.704,131.27800000000002,0,0,0
T_BLPFB-1,2026-08-31,13,5,82.88000000000001,191.8,108.92,1,1,0
T_BLPFB-1,2026-08-31,14,5,87.86800000000001,193.16,105.29199999999999,0,0,0
T_BLPFB-1,2026-08-31,15,4,81.08,187.12,106.04,0,0,0
T_BLPFB-1,2026-08-31,16,4,59.14,187.46,128.32,0,0,0
T_BLPFB-1,2026-08-31,17,4,50.45,170.04,119.58999999999999,0,0,0
T_BLPFB-1,2026-08-31,18,4,44.81,162.33,117.52000000000001,1,1,1
T_BLPFB-1,2026-08-31,19,4,40.46,136.55,96.09,1,1,1
T_BLPFB-1,2026-08-31,20,4,24.57,127.17,102.6,1,1,0
T_BLPFB-1,2026-08-31,21,4,10.38,98.05,87.67,1,1,1
T_BLPFB-1,2026-08-31,22,4,4.7,207.0,202.3,1,0,0
T_BLPFB-1,2026-08-31,23,4,22.53,207.0,184.47,1,1,1
T_BLPFB-1,2026-08-31,24,4,23.6025,133.9,110.29750000000001,1,0,1
T_BLPFB-1,2026-08-31,25,4,18.7775,150.72,131.9425,0,0,0
T_BLPFB-1,2026-08-31,26,4,27.7975,152.11,124.31250000000001,0,0,0
T_BLPFB-1,2026-08-31,27,4,48.255,187.6,139.345,1,0,0
T_BLPFB-1,2026-08-31,28,4,61.224999999999994,180.33,119.10500000000002,1,1,1
T_BLPFB-1,2026-08-31,29,4,84.965,187.56,102.595,0,0,0
T_BLPFB-1,2026-08-31,30,4,50.0,198.58,148.58,1,0,1
T_BLPFB-1,2026-08-31,31,4,99.10499999999999,188.5125,89.4075,1,0,0
T_BLPFB-1,2026-08-31,32,4,102.82749999999999,210.94,108.11250000000001,1,1,0
T_BLPFB-1,2026-08-31,33,4,103.41250000000001,205.76,102.34749999999998,1,1,0
T_BLPFB-1,2026-08-31,34,4,107.9425,201.75,93.8075,1,1,1
T_BLPFB-1,2026-08-31,35,4,105.04750000000001,209.72,104.67249999999999,1,1,1
T_BLPFB-1,2026-08-31,36,4,116.46,201.14,84.67999999999999,0,0,0
T_BLPFB-1,2026-08-31,37,4,114.67,199.8,85.13000000000001,0,0,0
T_BLPFB-1,2026-08-31,38,4,116.03,199.51,83.47999999999999,0,0,0
T_BLPFB-1,2026-08-31,39,4,112.93,198.86,85.93,0,0,0
T_BLPFB-1,2026-08-31,40,4,109.57,197.88,88.31,0,0,0
T_BLPFB-1,2026-08-31,41,4,100.715,222.0,121.285,0,0,0
T_BLPFB-1,2026-08-31,42,4,100.91,196.38,95.47,0,0,0
T_BLPFB-1,2026-08-31,43,4,103.91749999999999,186.77,82.85250000000002,0,0,0
T_BLPFB-1,2026-08-31,44,4,104.28750000000001,189.69,85.40249999999999,1,0,1
T_BLPFB-1,2026-08-31,45,4,107.72500000000001,190.4,82.675,1,1,1
T_BLPFB-1,2026-08-31,46,4,107.85000000000001,194.8,86.95,1,1,0
T_BLPFB-1,2026-08-31,47,4,106.295,188.14,81.84499999999998,1,1,1
T_BLPFB-1,2026-08-31,48,4,102.69000000000001,184.2,81.50999999999998,1,1,1
T_BLPFB-1,2026-09-01,1,4,100.79750000000001,177.57,76.77249999999998,1,1,1
T_BLPFB-1,2026-09-01,2,4,94.22999999999999,173.95,79.72,1,1,1
T_BLPFB-1,2026-09-01,3,4,97.535,182.15,84.61500000000001,1,1,1
T_BLPFB-1,2026-09-01,4,4,106.83,183.41,76.58,1,1,1
T_BLPFB-1,2026-09-01,5,4,100.43499999999999,190.81,90.37500000000001,1,1,1
T_BLPFB-1,2026-09-01,6,4,106.6,197.99,91.39000000000001,1,1,1
T_BLPFB-1,2026-09-01,7,5,76.076,196.01,119.934,1,1,0
T_BLPFB-1,2026-09-01,8,5,42.672000000000004,192.38,149.708,1,1,1
T_BLPFB-1,2026-09-01,9,5,68.562,186.8,118.23800000000001,1,1,1
T_BLPFB-1,2026-09-01,10,5,14.950000000000006,189.79,174.83999999999997,1,1,0
T_BLPFB-1,2026-09-01,11,5,95.16199999999999,181.568,86.40600000000002,1,1,1
T_BLPFB-1,2026-09-01,12,5,92.476,180.6,88.124,1,1,1
T_BLPFB-1,2026-09-01,13,5,78.068,185.448,107.38000000000001,1,1,1
T_BLPFB-1,2026-09-01,14,5,74.97399999999999,182.24,107.26600000000002,0,0,0
T_BLPFB-1,2026-09-01,15,4,62.71,167.21,104.5,0,0,0
T_BLPFB-1,2026-09-01,16,4,57.035,173.09,116.055,0,0,0
T_BLPFB-1,2026-09-01,17,4,46.587500000000006,158.4,111.8125,0,0,0
T_BLPFB-1,2026-09-01,18,4,43.959999999999994,123.04,79.08000000000001,0,0,0
T_BLPFB-1,2026-09-01,19,4,44.19,132.94,88.75,0,0,0
T_BLPFB-1,2026-09-01,20,4,28.68,146.0,117.32,0,0,0
T_BLPFB-1,2026-09-01,21,4,36.8175,122.63,85.8125,1,0,1
T_BLPFB-1,2026-09-01,22,4,35.715,113.98,78.265,1,1,0
T_BLPFB-1,2026-09-01,23,4,21.330000000000002,117.9,96.57000000000001,0,0,0
T_BLPFB-1,2026-09-01,24,4,16.5675,104.94,88.3725,0,0,0
T_BLPFB-1,2026-09-01,25,4,15.690000000000001,107.55,91.86,1,1,1
T_BLPFB-1,2026-09-01,26,4,-48.51,132.21,180.72,1,1,0
T_BLPFB-1,2026-09-01,27,4,-48.26,135.05,183.31,0,0,0
T_BLPFB-1,2026-09-01,28,4,-59.15,173.76,232.91,0,0,0
T_BLPFB-1,2026-09-01,29,4,-245.77,195.13,440.9,0,0,0
T_BLPFB-1,2026-09-01,30,4,-255.38,207.03,462.40999999999997,0,0,0
T_BLPFB-1,2026-09-01,31,4,-31.0,233.25,264.25,0,0,0
T_BLPFB-1,2026-09-01,32,4,54.26,243.59,189.33,1,1,1
T_BLPFB-1,2026-09-01,33,4,-25.0,225.45999999999998,250.45999999999998,0,0,0
T_BLPFB-1,2026-09-01,34,4,-30.0,226.72,256.72,0,0,0
T_BLPFB-1,2026-09-01,35,4,-30.0,227.345,257.345,0,0,0
T_BLPFB-1,2026-09-01,36,4,0.0,266.98,266.98,0,0,0
T_BLPFB-1,2026-09-01,37,4,81.9475,267.56,185.6125,0,0,0
T_BLPFB-1,2026-09-01,38,4,114.08000000000001,244.8,130.72,0,0,0
T_BLPFB-1,2026-09-01,39,4,119.0275,245.64,126.61249999999998,0,0,0
T_BLPFB-1,2026-09-01,40,4,110.87500000000001,288.01,177.135,0,0,0
T_BLPFB-1,2026-09-01,41,4,108.21750000000002,287.03,178.81249999999994,0,0,0
T_BLPFB-1,2026-09-01,42,4,125.7875,255.03,129.2425,0,0,0
T_BLPFB-1,2026-09-01,43,4,120.2975,207.11,86.81250000000001,1,1,1
T_BLPFB-1,2026-09-01,44,4,106.3575,198.45,92.09249999999999,1,1,1
T_BLPFB-1,2026-09-01,45,4,104.58250000000001,198.99,94.4075,1,0,0
T_BLPFB-1,2026-09-01,46,4,112.21999999999998,191.3775,79.15750000000001,1,1,1
T_BLPFB-1,2026-09-01,47,5,91.024,212.548,121.524,1,1,1
T_BLPFB-1,2026-09-01,48,5,65.91,215.2,149.29,1,0,0
T_BLPFB-1,2026-09-02,1,4,89.3775,192.8525,103.475,0,0,0
T_BLPFB-1,2026-09-02,2,5,106.85,199.56,92.71000000000001,1,1,1
T_BLPFB-1,2026-09-02,3,4,86.745,205.505,118.75999999999999,1,0,0
T_BLPFB-1,2026-09-02,4,4,85.3425,205.935,120.5925,0,0,0
T_BLPFB-1,2026-09-02,5,4,86.9325,210.4,123.4675,0,0,0
T_BLPFB-1,2026-09-02,6,4,91.86749999999999,220.53,128.66250000000002,1,1,1
T_BLPFB-1,2026-09-02,7,4,94.14,219.54,125.39999999999999,0,0,0
T_BLPFB-1,2026-09-02,8,5,103.46400000000001,212.842,109.378,0,0,0
T_BLPFB-1,2026-09-02,9,5,112.272,216.21599999999998,103.94399999999997,1,1,1
T_BLPFB-1,2026-09-02,10,4,110.07,219.87,109.80000000000001,1,1,1
T_BLPFB-1,2026-09-02,11,4,106.62,208.6,101.97999999999999,1,1,1
T_BLPFB-1,2026-09-02,12,4,105.4425,218.27,112.82750000000001,1,0,1
T_BLPFB-1,2026-09-02,13,4,102.57750000000001,210.63,108.05249999999998,1,1,1
T_BLPFB-1,2026-09-02,14,5,112.354,214.92,102.56599999999999,0,0,0
T_BLPFB-1,2026-09-02,15,5,117.79199999999999,203.848,86.05600000000003,0,0,0
T_BLPFB-1,2026-09-02,16,5,109.194,205.808,96.61399999999999,0,0,0
T_BLPFB-1,2026-09-02,17,5,110.10999999999999,187.56,77.45000000000002,1,1,1
T_BLPFB-1,2026-09-02,18,5,117.924,196.56,78.636,1,1,1
T_BLPFB-1,2026-09-02,19,5,89.83599999999998,186.96800000000002,97.13200000000003,1,1,1
T_BLPFB-1,2026-09-02,20,5,123.46400000000001,191.424,67.96,1,0,1
T_BLPFB-1,2026-09-02,21,5,119.38200000000002,196.136,76.75399999999998,1,1,1
T_BLPFB-1,2026-09-02,22,5,119.644,194.24,74.596,1,1,1
T_BLPFB-1,2026-09-02,23,4,122.91,202.56,79.65,1,1,0
T_BLPFB-1,2026-09-02,24,4,127.26,210.98,83.71999999999998,1,0,1
T_BLPFB-1,2026-09-02,25,4,123.285,201.51250000000002,78.22750000000002,1,1,0
T_BLPFB-1,2026-09-02,26,4,123.85,196.86,73.01000000000002,0,0,0
T_BLPFB-1,2026-09-02,27,4,132.4025,195.82,63.41749999999999,0,0,0
T_BLPFB-1,2026-09-02,28,4,132.6325,213.0,80.3675,0,0,0
T_BLPFB-1,2026-09-02,29,4,126.005,202.67,76.66499999999999,0,0,0
T_BLPFB-1,2026-09-02,30,4,119.40749999999998,218.6625,99.25500000000001,1,1,1
T_BLPFB-1,2026-09-02,31,5,97.904,218.798,120.894,1,1,0
T_BLPFB-1,2026-09-02,32,5,101.4,212.82800000000003,111.42800000000003,1,0,0
T_BLPFB-1,2026-09-02,33,4,106.0575,253.41250000000002,147.35500000000002,1,1,0
T_BLPFB-1,2026-09-02,34,4,108.6225,235.965,127.3425,1,1,1
T_BLPFB-1,2026-09-02,35,4,101.385,228.28750000000002,126.90250000000002,1,1,1
T_BLPFB-1,2026-09-02,36,5,115.66399999999999,220.352,104.68800000000002,1,1,1
T_BLPFB-1,2026-09-02,37,5,108.26399999999998,220.62399999999997,112.35999999999999,1,1,0
T_BLPFB-1,2026-09-02,38,5,110.81200000000001,217.33599999999996,106.52399999999994,0,0,0
T_BLPFB-1,2026-09-02,39,5,58.61999999999999,208.11999999999998,149.5,0,0,0
T_BLPFB-1,2026-09-02,40,5,105.81999999999998,208.656,102.83600000000003,0,0,0
T_BLPFB-1,2026-09-02,41,5,110.624,204.97600000000003,94.35200000000003,0,0,0
T_BLPFB-1,2026-09-02,42,5,105.07000000000001,201.184,96.11399999999999,1,0,1
T_BLPFB-1,2026-09-02,43,4,83.295,207.21,123.915,1,0,0
T_BLPFB-1,2026-09-02,44,4,85.4625,209.6925,124.22999999999999,0,0,0
T_BLPFB-1,2026-09-02,45,4,86.145,201.115,114.97000000000001,0,0,0
T_BLPFB-1,2026-09-02,46,4,85.35,188.495,103.14500000000001,0,0,0
T_BLPFB-1,2026-09-02,47,4,83.3925,185.69,102.2975,1,1,1
T_BLPFB-1,2026-09-02,48,4,81.51,182.615,101.105,1,1,1
T_BLPFB-1,2026-09-03,1,4,80.17500000000001,181.64000000000001,101.465,1,1,1
T_BLPFB-1,2026-09-03,2,4,75.8475,175.5025,99.655,1,1,1
T_BLPFB-1,2026-09-03,3,4,68.0775,170.04,101.96249999999999,0,0,0
T_BLPFB-1,2026-09-03,4,4,69.8325,175.02,105.18750000000001,0,0,0
T_BLPFB-1,2026-09-03,5,4,66.35249999999999,171.055,104.70250000000001,0,0,0
T_BLPFB-1,2026-09-03,6,4,61.455,173.88,112.425,1,1,1
T_BLPFB-1,2026-09-03,7,4,68.78999999999999,172.23,103.44,0,0,0
T_BLPFB-1,2026-09-03,8,4,75.285,168.28,92.995,1,1,1
T_BLPFB-1,2026-09-03,9,4,75.82499999999999,196.5325,120.70750000000001,1,0,1
T_BLPFB-1,2026-09-03,10,4,84.8175,193.32750000000001,108.51000000000002,0,0,0
T_BLPFB-1,2026-09-03,11,4,86.0175,191.34,105.3225,0,0,0
T_BLPFB-1,2026-09-03,12,4,89.355,192.885,103.52999999999999,0,0,0
T_BLPFB-1,2026-09-03,13,4,84.30000000000001,190.64999999999998,106.34999999999997,1,1,1
T_BLPFB-1,2026-09-03,14,5,88.47200000000001,192.24,103.768,1,0,1
T_BLPFB-1,2026-09-03,15,5,59.129999999999995,188.48,129.35,1,0,1
T_BLPFB-1,2026-09-03,16,5,54.05999999999999,204.42000000000002,150.36,0,0,0
T_BLPFB-1,2026-09-03,17,5,61.08,220.054,158.974,1,0,1
T_BLPFB-1,2026-09-03,18,5,42.804,178.84,136.036,1,1,1
T_BLPFB-1,2026-09-03,19,4,51.36,159.52,108.16000000000001,1,1,1
T_BLPFB-1,2026-09-03,20,5,40.304,200.368,160.064,1,1,1
T_BLPFB-1,2026-09-03,21,4,35.3175,136.09,100.77250000000001,1,1,0
T_BLPFB-1,2026-09-03,22,4,23.085,143.7275,120.64249999999998,1,1,1
T_BLPFB-1,2026-09-03,23,4,8.25,181.84,173.59,1,1,1
T_BLPFB-1,2026-09-03,24,4,9.397499999999999,211.43,202.0325,1,1,1
T_BLPFB-1,2026-09-03,25,5,-0.64,183.51,184.14999999999998,1,1,1
T_BLPFB-1,2026-09-03,26,5,-5.98,179.22,185.2,0,0,0
T_BLPFB-1,2026-09-03,27,5,-4.98,110.85,115.83,1,0,1
T_BLPFB-1,2026-09-03,28,5,-14.680000000000001,151.57399999999998,166.254,0,0,0
T_BLPFB-1,2026-09-03,29,5,-15.680000000000001,178.75,194.43,1,1,0
T_BLPFB-1,2026-09-03,30,5,-15.279999999999998,201.56,216.84,0,0,0
T_BLPFB-1,2026-09-03,31,4,14.265,230.34,216.075,0,0,0
T_BLPFB-1,2026-09-03,32,5,-62.936000000000014,212.92,275.856,1,1,0
T_BLPFB-1,2026-09-03,33,5,72.768,226.42800000000003,153.66000000000003,0,0,0
T_BLPFB-1,2026-09-03,34,5,85.024,204.17800000000003,119.15400000000002,0,0,0
T_BLPFB-1,2026-09-03,35,5,26.452000000000005,200.64000000000001,174.18800000000002,1,1,0
T_BLPFB-1,2026-09-03,36,4,99.0,204.915,105.91499999999999,0,0,0
T_BLPFB-1,2026-09-03,37,4,94.08,224.07999999999998,130.0,0,0,0
T_BLPFB-1,2026-09-03,38,5,95.214,222.56,127.346,0,0,0
T_BLPFB-1,2026-09-03,39,4,123.92249999999999,213.81,89.88750000000002,0,0,0
T_BLPFB-1,2026-09-03,40,4,122.77999999999999,213.81,91.03000000000002,1,0,0
T_BLPFB-1,2026-09-03,41,4,117.8375,205.1,87.26249999999999,1,1,1
T_BLPFB-1,2026-09-03,42,4,117.4625,193.19,75.72749999999999,1,0,1
T_BLPFB-1,2026-09-03,43,4,110.88999999999999,193.19,82.30000000000001,1,0,0
T_BLPFB-1,2026-09-03,44,4,111.36250000000001,171.2175,59.85499999999999,1,0,1
T_BLPFB-1,2026-09-03,45,4,93.95249999999999,175.44,81.48750000000001,1,0,0
T_BLPFB-1,2026-09-03,46,4,106.965,164.995,58.03,1,0,1
T_BLPFB-1,2026-09-03,47,5,89.944,202.86800000000002,112.92400000000002,1,1,0
T_BLPFB-1,2026-09-03,48,4,64.2675,177.0925,112.825,1,0,0
T_BLPFB-1,2026-09-04,1,5,87.8,192.676,104.87599999999999,1,0,1
T_BLPFB-1,2026-09-04,2,5,86.608,188.846,102.238,1,0,1
T_BLPFB-1,2026-09-04,3,4,67.30499999999999,170.17249999999999,102.86749999999999,0,0,0
T_BLPFB-1,2026-09-04,4,5,87.952,184.066,96.114,0,0,0
T_BLPFB-1,2026-09-04,5,5,73.24,167.818,94.57800000000002,0,0,0
T_BLPFB-1,2026-09-04,6,5,72.864,187.334,114.47,1,1,1
T_BLPFB-1,2026-09-04,7,4,65.94,170.5275,104.5875,0,0,0
T_BLPFB-1,2026-09-04,8,4,69.96000000000001,173.4975,103.5375,0,0,0
T_BLPFB-1,2026-09-04,9,4,71.28,161.27,89.99000000000001,0,0,0
T_BLPFB-1,2026-09-04,10,4,78.57000000000001,172.875,94.30499999999999,0,0,0
T_BLPFB-1,2026-09-04,11,4,79.47,167.6025,88.1325,1,1,1
T_BLPFB-1,2026-09-04,12,4,80.145,167.02499999999998,86.87999999999998,1,1,1
T_BLPFB-1,2026-09-04,13,4,82.53,173.1125,90.58250000000001,1,1,1
T_BLPFB-1,2026-09-04,14,5,89.32000000000001,201.09,111.77,1,1,1
T_BLPFB-1,2026-09-04,15,5,58.791999999999994,230.16799999999998,171.37599999999998,1,1,0
T_BREDB-1,2026-08-28,16,4,120.33,184.4775,64.1475,1,1,0
T_BREDB-1,2026-08-28,17,4,119.32,183.055,63.735000000000014,1,1,1
T_BREDB-1,2026-08-28,18,4,116.94,184.465,67.525,1,1,1
T_BREDB-1,2026-08-28,19,4,111.66250000000001,184.52499999999998,72.86249999999997,1,1,1
T_BREDB-1,2026-08-28,20,4,111.055,180.155,69.1,1,1,0
T_BREDB-1,2026-08-28,21,4,107.05999999999999,172.2575,65.1975,1,1,0
T_BREDB-1,2026-08-28,22,4,101.96999999999998,170.3775,68.40750000000001,1,1,0
T_BREDB-1,2026-08-28,23,4,103.45750000000001,173.6725,70.215,0,0,0
T_BREDB-1,2026-08-28,24,4,111.9975,181.4,69.4025,1,1,1
T_BREDB-1,2026-08-28,25,4,103.71,169.83,66.12000000000002,1,1,1
T_BREDB-1,2026-08-28,26,4,104.75,178.2,73.44999999999999,0,0,0
T_BREDB-1,2026-08-28,27,4,107.85000000000001,163.12,55.269999999999996,1,1,1
T_BREDB-1,2026-08-28,28,4,109.26499999999999,164.28,55.015000000000015,1,1,1
T_BREDB-1,2026-08-28,29,4,97.6175,175.16,77.54249999999999,0,0,0
T_BREDB-1,2026-08-28,30,4,98.58500000000001,171.61,73.025,1,0,0
T_BREDB-1,2026-08-28,31,4,87.78,176.175,88.39500000000001,1,1,0
T_BREDB-1,2026-08-28,32,4,51.0875,175.095,124.0075,1,0,0
T_BREDB-1,2026-08-28,33,4,65.19749999999999,173.875,108.67750000000001,1,1,0
T_BREDB-1,2026-08-28,34,4,93.09,179.81,86.72,1,0,0
T_BREDB-1,2026-08-28,35,4,101.86000000000001,167.16,65.29999999999998,1,0,1
T_BREDB-1,2026-08-28,36,4,105.85249999999999,201.08,95.22750000000002,1,0,1
T_BREDB-1,2026-08-28,37,4,108.6775,194.79,86.1125,1,1,0
T_BREDB-1,2026-08-28,38,4,107.0625,178.67,71.60749999999999,1,1,1
T_BREDB-1,2026-08-28,39,4,110.38749999999999,171.44,61.05250000000001,1,0,1
T_BREDB-1,2026-08-28,40,4,104.2,168.43,64.23,0,0,0
T_BREDB-1,2026-08-28,41,4,97.86,220.0,122.14,0,0,0
T_BREDB-1,2026-08-28,42,4,110.3,220.0,109.7,1,0,0
T_BREDB-1,2026-08-28,43,4,104.74,198.0,93.26,1,1,1
T_BREDB-1,2026-08-28,44,4,97.07749999999999,159.85,62.77250000000001,1,1,0
T_BREDB-1,2026-08-28,45,4,87.78,156.12,68.34,0,0,0
T_BREDB-1,2026-08-28,46,4,84.89750000000001,190.0,105.10249999999999,1,1,1
T_BREDB-1,2026-08-28,47,4,79.8825,143.38,63.4975,0,0,0
T_BREDB-1,2026-08-28,48,4,84.53999999999999,145.41,60.870000000000005,1,1,1
T_BREDB-1,2026-08-29,1,4,78.8225,155.05,76.2275,1,1,1
T_BREDB-1,2026-08-29,2,4,77.55999999999999,139.38,61.82000000000001,1,0,1
T_BREDB-1,2026-08-29,3,4,80.8025,143.67749999999998,62.874999999999986,1,1,1
T_BREDB-1,2026-08-29,4,4,77.02000000000001,134.39749999999998,57.37749999999997,1,1,1
T_BREDB-1,2026-08-29,5,4,76.96999999999998,145.8425,68.87250000000002,1,1,1
T_BREDB-1,2026-08-29,6,4,78.4475,137.3,58.852500000000006,1,1,1
T_BREDB-1,2026-08-29,7,5,63.352,155.172,91.82,1,1,1
T_BREDB-1,2026-08-29,8,4,57.9675,148.51500000000001,90.54750000000001,1,1,0
T_BREDB-1,2026-08-29,9,5,-6.634,144.528,151.16199999999998,0,0,0
T_BREDB-1,2026-08-29,10,4,14.0525,152.1675,138.11499999999998,1,0,1
T_BREDB-1,2026-08-29,11,4,20.2575,153.7575,133.5,1,1,1
T_BREDB-1,2026-08-29,12,4,37.545,157.64999999999998,120.10499999999998,1,1,1
T_BREDB-1,2026-08-29,13,4,51.177499999999995,162.1275,110.95,1,1,1
T_BREDB-1,2026-08-29,14,4,48.772499999999994,174.39249999999998,125.61999999999999,1,1,1
T_BREDB-1,2026-08-29,15,4,84.68,191.39000000000001,106.71000000000001,1,1,1
T_BREDB-1,2026-08-29,16,4,85.45,195.01999999999998,109.56999999999998,1,1,1
T_BREDB-1,2026-08-29,17,4,94.5325,184.1575,89.625,1,1,1
T_BREDB-1,2026-08-29,18,4,102.64,188.14000000000001,85.50000000000001,1,1,1
T_BREDB-1,2026-08-29,19,4,124.13250000000001,201.12750000000003,76.99500000000002,1,1,1
T_BREDB-1,2026-08-29,20,4,121.26,200.13750000000002,78.87750000000001,0,0,0
T_BREDB-1,2026-08-29,21,4,125.81,201.1575,75.3475,0,0,0
T_BREDB-1,2026-08-29,22,4,123.3,203.13750000000002,79.83750000000002,0,0,0
T_BREDB-1,2026-08-29,23,4,106.53000000000002,195.8975,89.36749999999999,0,0,0
T_BREDB-1,2026-08-29,24,4,106.60499999999999,197.20749999999998,90.60249999999999,0,0,0
T_BREDB-1,2026-08-29,25,4,103.965,191.03,87.065,0,0,0
T_BREDB-1,2026-08-29,26,4,102.255,188.13,85.875,0,0,0
T_BREDB-1,2026-08-29,27,4,105.96750000000002,192.38,86.41249999999998,1,1,1
T_BREDB-1,2026-08-29,28,4,107.90499999999999,197.58,89.67500000000003,1,1,1
T_BREDB-1,2026-08-29,29,4,110.39249999999998,200.25,89.85750000000002,0,0,0
T_BREDB-1,2026-08-29,30,4,118.03750000000001,191.99,73.9525,0,0,0
T_BREDB-1,2026-08-29,31,4,111.64,191.72,80.08,0,0,0
T_BREDB-1,2026-08-29,32,4,110.05499999999999,189.235,79.18000000000002,0,0,0
T_BREDB-1,2026-08-29,33,4,109.9225,187.51500000000001,77.59250000000002,1,1,1
T_BREDB-1,2026-08-29,34,4,124.42,185.735,61.31500000000001,1,0,1
T_BREDB-1,2026-08-29,35,4,111.91,186.72500000000002,74.81500000000003,1,1,1
T_BREDB-1,2026-08-29,36,4,114.14750000000001,185.57,71.42249999999999,1,1,1
T_BREDB-1,2026-08-29,37,4,125.61,186.88,61.269999999999996,0,0,0
T_BREDB-1,2026-08-29,38,4,121.58,179.84,58.260000000000005,1,0,1
T_BREDB-1,2026-08-29,39,4,105.39500000000001,172.48,67.08499999999998,1,0,0
T_BREDB-1,2026-08-29,40,4,114.72,179.14,64.41999999999999,0,0,0
T_BREDB-1,2026-08-29,41,4,112.0,212.0,100.0,1,1,1
T_BREDB-1,2026-08-29,42,4,110.4,212.0,101.6,1,0,0
T_BREDB-1,2026-08-29,43,4,102.84499999999998,178.21,75.36500000000002,1,0,1
T_BREDB-1,2026-08-29,44,4,120.73,147.23,26.499999999999986,1,1,1
T_BREDB-1,2026-08-29,45,4,98.955,176.27,77.31500000000001,0,0,0
T_BREDB-1,2026-08-29,46,4,103.12,174.25,71.13,1,1,1
T_BREDB-1,2026-08-29,47,4,112.25,211.0,98.75,1,1,1
T_BREDB-1,2026-08-29,48,4,111.93,175.06,63.129999999999995,1,1,1
T_BREDB-1,2026-08-30,1,4,110.0975,179.8,69.70250000000001,1,0,1
T_BREDB-1,2026-08-30,2,4,109.58250000000001,178.15,68.5675,0,0,0
T_BREDB-1,2026-08-30,3,4,108.78999999999999,205.0,96.21000000000001,0,0,0
T_BREDB-1,2026-08-30,4,4,119.2,215.0,95.8,0,0,0
T_BREDB-1,2026-08-30,5,4,111.275,182.14,70.86499999999998,0,0,0
T_BREDB-1,2026-08-30,6,4,110.16,182.82,72.66,0,0,0
T_BREDB-1,2026-08-30,7,4,109.57000000000001,183.15,73.58,0,0,0
T_BREDB-1,2026-08-30,8,4,112.2025,180.65,68.4475,1,0,1
T_BREDB-1,2026-08-30,9,4,117.1725,179.56,62.3875,1,1,1
T_BREDB-1,2026-08-30,10,4,119.41,177.96,58.55000000000001,1,1,1
T_BREDB-1,2026-08-30,11,4,109.89750000000001,172.6925,62.79499999999999,1,1,1
T_BREDB-1,2026-08-30,12,4,109.05499999999999,172.3825,63.3275,1,1,1
T_BREDB-1,2026-08-30,13,4,109.29,174.10250000000002,64.81250000000001,1,1,1
T_BREDB-1,2026-08-30,14,4,108.91999999999999,170.865,61.94500000000002,0,0,0
T_BREDB-1,2026-08-30,15,4,119.32,176.285,56.965,1,0,1
T_BREDB-1,2026-08-30,16,4,112.54499999999999,169.375,56.83000000000001,1,1,1
T_BREDB-1,2026-08-30,17,4,121.3225,177.015,55.69249999999998,0,0,0
T_BREDB-1,2026-08-30,18,4,114.5675,176.07500000000002,61.50750000000002,0,0,0
T_BREDB-1,2026-08-30,19,4,117.4,189.995,72.595,0,0,0
T_BREDB-1,2026-08-30,20,4,120.29,199.69,79.39999999999999,0,0,0
T_BREDB-1,2026-08-30,21,4,112.3475,199.69,87.3425,0,0,0
T_BREDB-1,2026-08-30,22,4,110.8125,196.56,85.7475,0,0,0
T_BREDB-1,2026-08-30,23,4,112.08500000000001,205.08249999999998,92.99749999999997,0,0,0
T_BREDB-1,2026-08-30,24,4,116.59499999999998,204.80499999999998,88.21,0,0,0
T_BREDB-1,2026-08-30,25,4,114.705,204.84,90.135,0,0,0
T_BREDB-1,2026-08-30,26,4,114.57,194.84,80.27000000000001,0,0,0
T_BREDB-1,2026-08-30,27,4,112.6775,182.09,69.41250000000001,1,1,1
T_BREDB-1,2026-08-30,28,4,112.0175,183.03,71.0125,1,1,1
T_BREDB-1,2026-08-30,29,4,110.39750000000001,191.1725,80.775,0,0,0
T_BREDB-1,2026-08-30,30,4,114.2225,201.60500000000002,87.38250000000002,0,0,0
T_BREDB-1,2026-08-30,31,4,107.53250000000001,205.245,97.71249999999999,1,1,1
T_BREDB-1,2026-08-30,32,4,112.64000000000001,193.315,80.67499999999998,1,1,1
T_BREDB-1,2026-08-30,33,4,117.8825,195.73000000000002,77.84750000000003,1,1,1
T_BREDB-1,2026-08-30,34,4,112.31750000000001,191.455,79.1375,1,1,1
T_BREDB-1,2026-08-30,35,4,124.86250000000001,196.57999999999998,71.71749999999997,1,1,1
T_BREDB-1,2026-08-30,36,4,128.1875,191.57999999999998,63.392499999999984,1,1,0
T_BREDB-1,2026-08-30,37,4,126.215,190.3,64.08500000000001,1,1,0
T_BREDB-1,2026-08-30,38,4,135.35,191.93,56.58000000000001,1,1,1
T_BREDB-1,2026-08-30,39,4,130.26,199.0,68.74000000000001,1,1,1
T_BREDB-1,2026-08-30,40,4,122.09,199.0,76.91,0,0,0
T_BREDB-1,2026-08-30,41,4,122.26,199.0,76.74,0,0,0
T_BREDB-1,2026-08-30,42,4,126.11,199.0,72.89,1,1,1
T_BREDB-1,2026-08-30,43,4,120.71,199.0,78.29,1,1,1
T_BREDB-1,2026-08-30,44,4,119.34,226.0,106.66,1,1,1
T_BREDB-1,2026-08-30,45,4,111.38,183.89000000000001,72.51000000000002,1,1,1
T_BREDB-1,2026-08-30,46,4,120.36,226.0,105.64,1,1,1
T_BREDB-1,2026-08-30,47,4,111.17250000000001,184.92,73.74749999999997,1,1,1
T_BREDB-1,2026-08-30,48,4,116.2475,179.08,62.83250000000001,1,1,1
T_BREDB-1,2026-08-31,1,4,112.47500000000001,177.43,64.955,1,1,1
T_BREDB-1,2026-08-31,2,4,110.77000000000001,177.14,66.36999999999998,1,1,1
T_BREDB-1,2026-08-31,3,4,112.6,176.7,64.1,1,1,0
T_BREDB-1,2026-08-31,4,4,108.67,178.1,69.42999999999999,1,1,1
T_BREDB-1,2026-08-31,5,4,106.66,178.73,72.07,1,1,1
T_BREDB-1,2026-08-31,6,4,109.87,188.2,78.32999999999998,1,1,1
T_BREDB-1,2026-08-31,7,4,115.46249999999999,200.3,84.83750000000002,1,1,1
T_BREDB-1,2026-08-31,8,4,113.15500000000002,189.01,75.85499999999998,1,1,0
T_BREDB-1,2026-08-31,9,4,110.89500000000001,193.33,82.435,1,1,1
T_BREDB-1,2026-08-31,10,4,115.84,196.0,80.16,1,1,0
T_BREDB-1,2026-08-31,11,4,109.15,190.73,81.57999999999998,0,0,0
T_BREDB-1,2026-08-31,12,4,96.29,185.38,89.08999999999999,0,0,0
T_BREDB-1,2026-08-31,13,4,96.39,186.5,90.11,0,0,0
T_BREDB-1,2026-08-31,14,4,109.11,227.0,117.89,1,1,1
T_BREDB-1,2026-08-31,15,4,89.66,228.0,138.34,1,1,1
T_BREDB-1,2026-08-31,16,4,77.73,227.0,149.26999999999998,1,0,1
T_BREDB-1,2026-08-31,17,4,72.55,227.0,154.45,1,1,1
T_BREDB-1,2026-08-31,18,4,52.72,228.0,175.28,1,1,1
T_BREDB-1,2026-08-31,19,4,47.3,225.0,177.7,1,1,1
T_BREDB-1,2026-08-31,20,4,32.71,225.0,192.29,1,1,1
T_BREDB-1,2026-08-31,21,4,16.14,101.05,84.91,1,1,1
T_BREDB-1,2026-08-31,22,4,13.28,210.0,196.72,1,0,0
T_BREDB-1,2026-08-31,23,4,28.37,110.48,82.11,1,1,1
T_BREDB-1,2026-08-31,24,4,26.849999999999998,122.74,95.89,1,1,0
T_BREDB-1,2026-08-31,25,4,24.049999999999997,138.14,114.08999999999999,0,0,0
T_BREDB-1,2026-08-31,26,4,30.7825,128.39,97.60749999999999,0,0,0
T_BREDB-1,2026-08-31,27,4,48.255,150.54,102.285,1,1,0
T_BREDB-1,2026-08-31,28,4,40.0,154.33,114.33000000000001,1,1,1
T_BREDB-1,2026-08-31,29,4,50.0,177.11,127.11000000000001,1,1,1
T_BREDB-1,2026-08-31,30,4,50.0,191.16,141.16,0,0,0
T_BREDB-1,2026-08-31,31,4,100.89750000000001,194.8325,93.935,1,0,0
T_BREDB-1,2026-08-31,32,4,107.67250000000001,206.16,98.48749999999998,1,1,0
T_BREDB-1,2026-08-31,33,4,105.82,208.76,102.94,1,1,0
T_BREDB-1,2026-08-31,34,4,113.08749999999999,198.01500000000001,84.92750000000002,0,0,0
T_BREDB-1,2026-08-31,35,4,70.0,205.79,135.79,1,1,1
T_BREDB-1,2026-08-31,36,4,126.68,204.14,77.45999999999998,1,1,1
T_BREDB-1,2026-08-31,37,4,123.14,202.8,79.66000000000001,1,1,1
T_BREDB-1,2026-08-31,38,4,126.48,202.51,76.02999999999999,1,1,1
T_BREDB-1,2026-08-31,39,4,123.84,201.86,78.02000000000001,1,1,1
T_BREDB-1,2026-08-31,40,4,118.37,200.88,82.50999999999999,1,1,1
T_BREDB-1,2026-08-31,41,4,108.62,191.14,82.51999999999998,1,0,0
T_BREDB-1,2026-08-31,42,4,106.3475,185.78,79.4325,0,0,0
T_BREDB-1,2026-08-31,43,4,115.07,183.48,68.41,1,1,1
T_BREDB-1,2026-08-31,44,4,114.96499999999999,186.16,71.19500000000001,1,1,1
T_BREDB-1,2026-08-31,45,4,107.72500000000001,183.34,75.615,1,1,1
T_BREDB-1,2026-08-31,46,4,107.85000000000001,187.28,79.42999999999999,1,1,1
T_BREDB-1,2026-08-31,47,4,106.295,181.83,75.53500000000001,1,1,1
T_BREDB-1,2026-08-31,48,4,102.69000000000001,179.24,76.55,1,1,1
T_BREDB-1,2026-09-01,1,4,100.79750000000001,172.56,71.76249999999999,1,1,1
T_BREDB-1,2026-09-01,2,4,107.82749999999999,167.48,59.6525,1,1,1
T_BREDB-1,2026-09-01,3,4,108.81500000000001,171.23,62.41499999999998,1,1,1
T_BREDB-1,2026-09-01,4,4,103.83749999999999,164.88,61.042500000000004,1,1,1
T_BREDB-1,2026-09-01,5,4,88.0,155.92,67.91999999999999,1,0,1
T_BREDB-1,2026-09-01,6,4,88.0,170.04,82.03999999999999,1,1,1
T_BREDB-1,2026-09-01,7,4,88.0,176.73,88.72999999999999,1,1,1
T_BREDB-1,2026-09-01,8,4,75.0,186.98250000000002,111.98250000000002,1,0,0
T_BREDB-1,2026-09-01,9,4,80.0,189.8,109.80000000000001,1,0,1
T_BREDB-1,2026-09-01,10,4,85.0,186.36249999999998,101.36249999999998,1,0,0
T_BREDB-1,2026-09-01,11,4,110.95,183.21,72.26,1,1,1
T_BREDB-1,2026-09-01,12,4,107.72,183.25,75.53,1,1,1
T_BREDB-1,2026-09-01,13,4,100.69,185.56,84.87,1,1,1
T_BREDB-1,2026-09-01,14,4,91.43,220.0,128.57,1,1,1
T_BREDB-1,2026-09-01,15,4,82.17,190.0,107.83,1,1,1
T_BREDB-1,2026-09-01,16,4,69.94,176.09,106.15,1,1,1
T_BREDB-1,2026-09-01,17,4,58.44,210.0,151.56,0,0,0
T_BREDB-1,2026-09-01,18,4,42.220000000000006,126.04,83.82,0,0,0
T_BREDB-1,2026-09-01,19,4,42.78,135.94,93.16,0,0,0
T_BREDB-1,2026-09-01,20,4,30.5025,149.0,118.4975,0,0,0
T_BREDB-1,2026-09-01,21,4,36.8175,113.4725,76.655,1,1,1
T_BREDB-1,2026-09-01,22,4,35.715,113.0525,77.33749999999999,0,0,0
T_BREDB-1,2026-09-01,23,4,21.330000000000002,104.12,82.79,0,0,0
T_BREDB-1,2026-09-01,24,4,9.067499999999999,104.67,95.6025,0,0,0
T_BREDB-1,2026-09-01,25,4,6.940000000000001,105.615,98.675,1,1,1
T_BREDB-1,2026-09-01,26,4,-30.0,124.035,154.035,1,0,1
T_BREDB-1,2026-09-01,27,4,-20.0,124.005,144.005,0,0,0
T_BREDB-1,2026-09-01,28,4,-30.0,183.975,213.975,0,0,0
T_BREDB-1,2026-09-01,29,4,-25.0,178.41,203.41,0,0,0
T_BREDB-1,2026-09-01,30,4,-30.0,194.31,224.31,0,0,0
T_BREDB-1,2026-09-01,31,4,-31.0,218.4,249.4,0,0,0
T_BREDB-1,2026-09-01,32,4,-30.0,227.95,257.95,0,0,0
T_BREDB-1,2026-09-01,33,4,-25.0,231.07250000000002,256.0725,0,0,0
T_BREDB-1,2026-09-01,34,4,-30.0,234.0325,264.0325,0,0,0
T_BREDB-1,2026-09-01,35,4,-30.0,242.21,272.21000000000004,0,0,0
T_BREDB-1,2026-09-01,36,4,0.0,274.2925,274.2925,0,0,0
T_BREDB-1,2026-09-01,37,4,114.83,270.56,155.73000000000002,0,0,0
T_BREDB-1,2026-09-01,38,4,117.44,247.8,130.36,0,0,0
T_BREDB-1,2026-09-01,39,4,116.22,248.64,132.42,0,0,0
T_BREDB-1,2026-09-01,40,4,107.69999999999999,291.01,183.31,0,0,0
T_BREDB-1,2026-09-01,41,4,122.77,480.0,357.23,0,0,0
T_BREDB-1,2026-09-01,42,4,122.42250000000001,254.3,131.8775,1,1,1
T_BREDB-1,2026-09-01,43,4,110.44999999999999,210.11,99.66000000000003,1,0,0
T_BREDB-1,2026-09-01,44,4,106.94999999999999,201.45,94.5,1,1,1
T_BREDB-1,2026-09-01,45,4,104.58250000000001,201.4,96.8175,1,0,0
T_BREDB-1,2026-09-01,46,4,115.77499999999999,196.48,80.705,1,1,1
T_BREDB-1,2026-09-01,47,4,113.1825,194.285,81.10249999999999,1,1,1
T_BREDB-1,2026-09-01,48,4,110.84499999999998,205.37,94.52500000000002,1,0,1
T_BREDB-1,2026-09-02,1,4,115.57499999999999,191.555,75.98000000000002,1,1,1
T_BREDB-1,2026-09-02,2,4,109.57749999999999,198.2,88.6225,0,0,0
T_BREDB-1,2026-09-02,3,4,118.21000000000001,200.82,82.60999999999999,1,1,1
T_BREDB-1,2026-09-02,4,4,117.295,209.98,92.68499999999999,1,1,1
T_BREDB-1,2026-09-02,5,4,121.0975,219.24,98.14250000000001,1,1,0
T_BREDB-1,2026-09-02,6,4,124.6275,214.82999999999998,90.20249999999999,1,1,1
T_BREDB-1,2026-09-02,7,4,119.23499999999999,209.35,90.11500000000001,1,1,1
T_BREDB-1,2026-09-02,8,4,137.075,214.4,77.32500000000002,1,1,1
T_BREDB-1,2026-09-02,9,4,144.12750000000003,225.2,81.07249999999996,1,1,1
T_BREDB-1,2026-09-02,10,4,145.48,222.87,77.39000000000001,1,1,1
T_BREDB-1,2026-09-02,11,4,126.01249999999999,211.6,85.5875,0,0,0
T_BREDB-1,2026-09-02,12,4,122.20250000000001,221.27,99.0675,0,0,0
T_BREDB-1,2026-09-02,13,4,127.38000000000001,213.63,86.24999999999999,0,0,0
T_BREDB-1,2026-09-02,14,4,124.47250000000001,214.9,90.4275,0,0,0
T_BREDB-1,2026-09-02,15,4,121.78750000000001,205.90250000000003,84.11500000000002,0,0,0
T_BREDB-1,2026-09-02,16,4,122.87,204.745,81.875,1,0,0
T_BREDB-1,2026-09-02,17,4,116.68,197.9225,81.2425,1,1,1
T_BREDB-1,2026-09-02,18,4,121.86250000000001,196.7675,74.905,0,0,0
T_BREDB-1,2026-09-02,19,4,117.875,189.0175,71.14250000000001,1,1,1
T_BREDB-1,2026-09-02,20,4,115.18,183.21249999999998,68.03249999999997,1,1,1
T_BREDB-1,2026-09-02,21,4,118.51249999999999,184.88750000000002,66.37500000000003,1,1,1
T_BREDB-1,2026-09-02,22,4,120.18,193.94,73.75999999999999,0,0,0
T_BREDB-1,2026-09-02,23,5,100.144,194.452,94.30799999999999,1,1,1
T_BREDB-1,2026-09-02,24,5,101.808,197.598,95.79,0,0,0
T_BREDB-1,2026-09-02,25,4,93.285,190.8025,97.51750000000001,0,0,0
T_BREDB-1,2026-09-02,26,4,97.41,192.3675,94.95750000000001,1,1,1
T_BREDB-1,2026-09-02,27,4,101.9025,199.94,98.0375,1,1,1
T_BREDB-1,2026-09-02,28,5,110.008,200.75,90.742,1,0,1
T_BREDB-1,2026-09-02,29,5,105.072,204.67,99.59799999999998,1,1,0
T_BREDB-1,2026-09-02,30,5,99.368,213.68,114.31200000000001,1,1,0
T_BREDB-1,2026-09-02,31,4,112.6225,214.9425,102.32,1,1,1
T_BREDB-1,2026-09-02,32,4,115.65,214.9375,99.2875,1,1,0
T_BREDB-1,2026-09-02,33,4,128.39499999999998,239.46999999999997,111.07499999999999,1,1,1
T_BREDB-1,2026-09-02,34,4,144.83,233.62,88.78999999999999,1,1,1
T_BREDB-1,2026-09-02,35,4,130.04749999999999,223.05,93.00250000000003,1,1,1
T_BREDB-1,2026-09-02,36,4,135.51,215.69,80.18,1,1,1
T_BREDB-1,2026-09-02,37,4,125.51,289.79,164.28000000000003,1,1,1
T_BREDB-1,2026-09-02,38,4,126.65,289.73,163.08,1,1,0
T_BREDB-1,2026-09-02,39,5,67.9,251.07,183.17,0,0,0
T_BREDB-1,2026-09-02,40,5,104.78600000000002,211.656,106.86999999999999,1,1,1
T_BREDB-1,2026-09-02,41,5,104.604,207.97600000000003,103.37200000000003,1,1,1
T_BREDB-1,2026-09-02,42,5,69.31800000000001,201.544,132.226,1,1,1
T_BREDB-1,2026-09-02,43,5,99.94999999999997,199.512,99.56200000000003,1,1,1
T_BREDB-1,2026-09-02,44,4,91.14,206.2275,115.08749999999999,1,1,1
T_BREDB-1,2026-09-02,45,4,91.80000000000001,196.60750000000002,104.8075,1,1,1
T_BREDB-1,2026-09-02,46,4,91.74,189.155,97.415,1,1,1
T_BREDB-1,2026-09-02,47,4,109.6525,185.65,75.9975,1,1,1
T_BREDB-1,2026-09-02,48,4,115.095,177.13,62.035,1,1,1
T_BREDB-1,2026-09-03,1,4,112.97749999999999,175.52,62.54250000000002,1,1,1
T_BREDB-1,2026-09-03,2,4,95.8475,163.77,67.92250000000001,1,1,1
T_BREDB-1,2026-09-03,3,4,86.3675,151.42,65.05249999999998,1,1,1
T_BREDB-1,2026-09-03,4,4,92.5175,157.54,65.0225,1,1,1
T_BREDB-1,2026-09-03,5,4,89.3225,162.76,73.43749999999999,1,1,1
T_BREDB-1,2026-09-03,6,4,73.32499999999999,173.95,100.625,1,1,1
T_BREDB-1,2026-09-03,7,4,81.4175,175.23,93.81249999999999,0,0,0
T_BREDB-1,2026-09-03,8,4,91.87249999999999,171.28,79.40750000000001,0,0,0
T_BREDB-1,2026-09-03,9,4,89.17500000000001,192.71,103.535,0,0,0
T_BREDB-1,2026-09-03,10,4,106.53750000000001,191.77,85.2325,0,0,0
T_BREDB-1,2026-09-03,11,4,104.42250000000001,189.12,84.69749999999999,0,0,0
T_BREDB-1,2026-09-03,12,4,105.8475,210.0,104.1525,0,0,0
T_BREDB-1,2026-09-03,13,4,98.37249999999999,210.0,111.62750000000001,0,0,0
T_BREDB-1,2026-09-03,14,4,103.03,210.0,106.97,0,0,0
T_BREDB-1,2026-09-03,15,4,93.24,183.1,89.86,1,1,1
T_BREDB-1,2026-09-03,16,4,82.06,195.16,113.1,0,0,0
T_BREDB-1,2026-09-03,17,4,68.2,174.8,106.60000000000001,0,0,0
T_BREDB-1,2026-09-03,18,4,53.42249999999999,174.8,121.37750000000003,0,0,0
T_BREDB-1,2026-09-03,19,4,59.035,148.36,89.32500000000002,0,0,0
T_BREDB-1,2026-09-03,20,4,46.185,151.35,105.16499999999999,0,0,0
T_BREDB-1,2026-09-03,21,4,47.09,125.03,77.94,1,0,0
T_BREDB-1,2026-09-03,22,4,33.36,128.53,95.17,1,0,1
T_BREDB-1,2026-09-03,23,5,10.104000000000001,176.99,166.886,0,0,0
T_BREDB-1,2026-09-03,24,5,10.408,166.924,156.51600000000002,0,0,0
T_BREDB-1,2026-09-03,25,5,-0.79,126.248,127.03800000000001,1,1,1
T_BREDB-1,2026-09-03,26,5,-5.98,173.20999999999998,179.18999999999997,1,0,0
T_BREDB-1,2026-09-03,27,5,-4.98,103.064,108.044,0,0,0
T_BREDB-1,2026-09-03,28,5,-14.680000000000001,158.30800000000002,172.98800000000003,0,0,0
T_BREDB-1,2026-09-03,29,5,-1849.5700000000002,147.846,1997.4160000000002,1,1,1
T_BREDB-1,2026-09-03,30,5,-2351.59,162.60000000000002,2514.19,1,1,1
T_BREDB-1,2026-09-03,31,4,19.02,183.63750000000002,164.6175,1,0,1
T_BREDB-1,2026-09-03,32,4,33.96,189.5375,155.5775,1,1,1
T_BREDB-1,2026-09-03,33,4,45.0,202.5025,157.5025,1,0,1
T_BREDB-1,2026-09-03,34,4,106.28,208.735,102.45500000000001,0,0,0
T_BREDB-1,2026-09-03,35,4,128.22,211.83,83.61000000000001,0,0,0
T_BREDB-1,2026-09-03,36,4,138.845,201.8125,62.9675,1,0,1
T_BREDB-1,2026-09-03,37,4,127.675,211.94,84.265,1,1,1
T_BREDB-1,2026-09-03,38,4,122.7225,213.45,90.72749999999999,1,1,1
T_BREDB-1,2026-09-03,39,5,100.134,223.448,123.31400000000001,1,0,1
T_BREDB-1,2026-09-03,40,5,88.11800000000001,223.448,135.32999999999998,0,0,0
T_BREDB-1,2026-09-03,41,5,90.55199999999999,216.48000000000002,125.92800000000003,0,0,0
T_BREDB-1,2026-09-03,42,5,96.63199999999999,200.952,104.32000000000001,0,0,0
T_BREDB-1,2026-09-03,43,5,97.708,200.952,103.244,1,0,0
T_BREDB-1,2026-09-03,44,4,80.83500000000001,262.4075,181.57250000000002,1,0,1
T_BREDB-1,2026-09-03,45,5,96.08,453.31000000000006,357.2300000000001,1,1,1
T_BREDB-1,2026-09-03,46,4,84.0525,425.4,341.34749999999997,1,0,0
T_BREDB-1,2026-09-03,47,4,115.7225,212.0,96.2775,1,0,1
T_BREDB-1,2026-09-03,48,4,92.04249999999999,170.79,78.7475,1,1,1
T_BREDB-1,2026-09-04,1,4,90.8125,173.17,82.35749999999999,1,1,1
T_BREDB-1,2026-09-04,2,4,87.14500000000001,173.92,86.77499999999998,1,0,1
T_BREDB-1,2026-09-04,3,4,97.04750000000001,169.23,72.18249999999998,1,1,1
T_BREDB-1,2026-09-04,4,4,96.83250000000001,169.9,73.0675,1,1,1
T_BREDB-1,2026-09-04,5,4,88.05999999999999,158.86,70.80000000000003,1,1,0
T_BREDB-1,2026-09-04,6,4,85.25250000000001,169.0,83.74749999999999,0,0,0
T_BREDB-1,2026-09-04,7,4,82.94999999999999,165.24,82.29000000000002,0,0,0
T_BREDB-1,2026-09-04,8,4,87.08250000000001,173.96,86.8775,1,1,1
T_BREDB-1,2026-09-04,9,4,87.51,164.27,76.76,1,1,0
T_BREDB-1,2026-09-04,10,4,99.8075,174.5,74.6925,1,1,1
T_BREDB-1,2026-09-04,11,4,88.3025,167.47,79.1675,1,1,1
T_BREDB-1,2026-09-04,12,4,82.0525,166.7,84.6475,1,1,1
T_BREDB-1,2026-09-04,13,4,70.39500000000001,172.15,101.755,1,1,1
T_BREDB-1,2026-09-04,14,4,70.2775,200.0,129.7225,1,0,0
T_BREDB-1,2026-09-04,15,4,66.0275,184.0,117.9725,0,0,0
E_BRETB-2,2026-08-28,16,5,103.31800000000001,196.884,93.56599999999997,1,0,0
E_BRETB-2,2026-08-28,17,5,105.09200000000001,197.18599999999998,92.09399999999997,1,1,0
E_BRETB-2,2026-08-28,18,5,101.23999999999998,199.048,97.80800000000002,1,0,1
E_BRETB-2,2026-08-28,19,4,82.86749999999999,205.29000000000002,122.42250000000003,1,1,1
E_BRETB-2,2026-08-28,20,4,81.8475,197.91,116.0625,1,1,1
E_BRETB-2,2026-08-28,21,4,77.6925,189.95,112.2575,0,0,0
E_BRETB-2,2026-08-28,22,4,79.47,186.6875,107.2175,1,1,1
E_BRETB-2,2026-08-28,23,4,76.41,187.03,110.62,0,0,0
E_BRETB-2,2026-08-28,24,4,80.3475,197.495,117.14750000000001,1,1,1
E_BRETB-2,2026-08-28,25,4,72.74249999999999,182.3825,109.64,0,0,0
E_BRETB-2,2026-08-28,26,5,90.93199999999999,183.448,92.51600000000002,0,0,0
E_BRETB-2,2026-08-28,27,5,82.4,334.102,251.70199999999997,0,0,0
E_BRETB-2,2026-08-28,28,5,73.728,192.458,118.73,0,0,0
E_BRETB-2,2026-08-28,29,5,76.8,218.84,142.04000000000002,0,0,0
E_BRETB-2,2026-08-28,30,5,-63.760000000000005,209.602,273.362,0,0,0
E_BRETB-2,2026-08-28,31,5,-4.140000000000001,185.09,189.23000000000002,0,0,0
E_BRETB-2,2026-08-28,32,5,-180.97,184.81599999999997,365.78599999999994,0,0,0
E_BRETB-2,2026-08-28,33,5,-17.49,180.372,197.86200000000002,0,0,0
E_BRETB-2,2026-08-28,34,4,21.25,179.81,158.56,0,0,0
E_BRETB-2,2026-08-28,35,4,51.27,170.37,119.1,0,0,0
E_BRETB-2,2026-08-28,36,4,56.33,216.5325,160.2025,0,0,0
E_BRETB-2,2026-08-28,37,4,54.02,209.0975,155.0775,0,0,0
E_BRETB-2,2026-08-28,38,5,62.724000000000004,190.93599999999998,128.212,0,0,0
E_BRETB-2,2026-08-28,39,5,88.104,179.152,91.04799999999999,1,0,1
E_BRETB-2,2026-08-28,40,5,85.654,201.094,115.44,0,0,0
E_BRETB-2,2026-08-28,41,5,79.408,197.964,118.556,0,0,0
E_BRETB-2,2026-08-28,42,5,63.366,253.46999999999997,190.10399999999998,0,0,0
E_BRETB-2,2026-08-28,43,5,89.26399999999998,231.83,142.56600000000003,1,1,1
E_BRETB-2,2026-08-28,44,5,75.672,192.306,116.63400000000001,1,0,0
E_BRETB-2,2026-08-28,45,4,63.255,183.41,120.155,0,0,0
E_BRETB-2,2026-08-28,46,5,48.486000000000004,180.12,131.63400000000001,1,1,0
E_BRETB-2,2026-08-28,47,4,60.0,156.37,96.37,0,0,0
E_BRETB-2,2026-08-28,48,4,60.75,161.52999999999997,100.77999999999997,0,0,0
E_BRETB-2,2026-08-29,1,4,57.787499999999994,161.07,103.2825,1,0,1
E_BRETB-2,2026-08-29,2,5,61.67999999999999,170.08599999999998,108.40599999999999,1,1,1
E_BRETB-2,2026-08-29,3,5,64.736,173.096,108.36,1,1,1
E_BRETB-2,2026-08-29,4,5,57.6,178.92400000000004,121.32400000000004,1,1,1
E_BRETB-2,2026-08-29,5,5,59.2,168.658,109.45799999999998,1,1,0
E_BRETB-2,2026-08-29,6,5,64.74,168.38600000000002,103.64600000000003,1,0,1
E_BRETB-2,2026-08-29,7,4,70.0,139.27,69.27000000000001,1,1,1
E_BRETB-2,2026-08-29,8,4,70.0,136.49,66.49000000000001,1,1,1
E_BRETB-2,2026-08-29,9,4,70.0,134.86,64.86000000000001,1,1,1
E_BRETB-2,2026-08-29,10,4,70.0,128.305,58.30500000000001,1,1,1
E_BRETB-2,2026-08-29,11,4,74.0,138.12,64.12,1,1,0
E_BRETB-2,2026-08-29,12,4,78.4,186.0,107.6,1,1,0
E_BRETB-2,2026-08-29,13,4,79.4,186.0,106.6,1,1,1
E_BRETB-2,2026-08-29,14,4,68.33,184.0,115.67,1,1,0
E_BRETB-2,2026-08-29,15,5,67.492,192.24,124.748,1,1,1
E_BRETB-2,2026-08-29,16,5,70.45599999999999,195.56,125.10400000000001,1,1,1
E_BRETB-2,2026-08-29,17,5,83.376,192.84,109.464,1,1,1
E_BRETB-2,2026-08-29,18,5,84.544,201.09,116.546,1,1,1
E_BRETB-2,2026-08-29,19,5,74.984,205.048,130.06400000000002,1,0,0
E_BRETB-2,2026-08-29,20,5,60.43399999999999,204.256,143.822,0,0,0
E_BRETB-2,2026-08-29,21,5,73.44200000000001,203.672,130.23,0,0,0
E_BRETB-2,2026-08-29,22,4,69.885,206.365,136.48000000000002,0,0,0
E_BRETB-2,2026-08-29,23,4,70.33000000000001,204.385,134.05499999999998,0,0,0
E_BRETB-2,2026-08-29,24,4,71.6975,204.2425,132.54500000000002,0,0,0
E_BRETB-2,2026-08-29,25,4,67.60499999999999,201.565,133.96,0,0,0
E_BRETB-2,2026-08-29,26,4,64.7575,201.82,137.0625,0,0,0
E_BRETB-2,2026-08-29,27,4,66.5325,204.28750000000002,137.75500000000002,0,0,0
E_BRETB-2,2026-08-29,28,4,70.675,203.7475,133.0725,0,0,0
E_BRETB-2,2026-08-29,29,4,73.0575,205.75,132.6925,0,0,0
E_BRETB-2,2026-08-29,30,4,70.58500000000001,192.41,121.82499999999999,0,0,0
E_BRETB-2,2026-08-29,31,4,74.645,191.565,116.92,0,0,0
E_BRETB-2,2026-08-29,32,4,74.9675,193.935,118.9675,0,0,0
E_BRETB-2,2026-08-29,33,4,75.2075,192.645,117.43750000000001,1,1,1
E_BRETB-2,2026-08-29,34,4,71.8125,191.81,119.9975,0,0,0
E_BRETB-2,2026-08-29,35,4,73.865,192.5525,118.68750000000001,0,0,0
E_BRETB-2,2026-08-29,36,5,91.934,190.35999999999999,98.42599999999999,1,1,0
E_BRETB-2,2026-08-29,37,5,98.71,191.568,92.85800000000002,0,0,0
E_BRETB-2,2026-08-29,38,5,100.10799999999999,184.872,84.76400000000002,0,0,0
E_BRETB-2,2026-08-29,39,5,64.494,188.04000000000002,123.54600000000002,0,0,0
E_BRETB-2,2026-08-29,40,5,94.692,202.102,107.41000000000001,0,0,0
E_BRETB-2,2026-08-29,41,5,89.152,219.882,130.73000000000002,1,0,1
E_BRETB-2,2026-08-29,42,5,92.666,206.87599999999998,114.20999999999998,1,0,0
E_BRETB-2,2026-08-29,43,4,78.51,216.5,137.99,0,0,0
E_BRETB-2,2026-08-29,44,4,84.5475,184.9,100.3525,1,1,1
E_BRETB-2,2026-08-29,45,4,80.205,193.065,112.86,0,0,0
E_BRETB-2,2026-08-29,46,4,83.0475,195.005,111.9575,1,0,1
E_BRETB-2,2026-08-29,47,4,79.8375,199.9875,120.15,1,1,0
E_BRETB-2,2026-08-29,48,4,82.92,201.58249999999998,118.66249999999998,0,0,0
E_BRETB-2,2026-08-30,1,4,81.00750000000001,199.82,118.81249999999999,0,0,0
E_BRETB-2,2026-08-30,2,4,81.1875,196.44750000000002,115.26000000000002,0,0,0
E_BRETB-2,2026-08-30,3,4,80.4975,189.0375,108.53999999999999,0,0,0
E_BRETB-2,2026-08-30,4,5,71.136,201.07999999999998,129.944,0,0,0
E_BRETB-2,2026-08-30,5,4,84.9225,202.22,117.2975,0,0,0
E_BRETB-2,2026-08-30,6,4,99.27,192.97,93.7,0,0,0
E_BRETB-2,2026-08-30,7,4,111.48,185.94,74.46,0,0,0
E_BRETB-2,2026-08-30,8,4,114.99,190.89,75.89999999999999,0,0,0
E_BRETB-2,2026-08-30,9,4,116.8,183.43,66.63000000000001,0,0,0
E_BRETB-2,2026-08-30,10,4,117.0,178.77,61.77000000000001,1,0,1
E_BRETB-2,2026-08-30,11,4,119.37,175.96,56.59,1,1,1
E_BRETB-2,2026-08-30,12,4,90.0,177.26,87.25999999999999,1,1,0
E_BRETB-2,2026-08-30,13,4,108.19,182.21,74.02000000000001,0,0,0
E_BRETB-2,2026-08-30,14,4,106.73,185.93,79.2,0,0,0
E_BRETB-2,2026-08-30,15,4,87.56,191.2225,103.6625,0,0,0
E_BRETB-2,2026-08-30,16,4,69.695,177.88,108.185,0,0,0
E_BRETB-2,2026-08-30,17,4,76.19749999999999,181.88,105.6825,0,0,0
E_BRETB-2,2026-08-30,18,5,103.37199999999999,177.92000000000002,74.54800000000003,0,0,0
E_BRETB-2,2026-08-30,19,5,92.518,195.05599999999998,102.53799999999998,0,0,0
E_BRETB-2,2026-08-30,20,5,101.112,207.552,106.44,0,0,0
E_BRETB-2,2026-08-30,21,5,105.082,207.552,102.47,0,0,0
E_BRETB-2,2026-08-30,22,4,86.34,203.48250000000002,117.14250000000001,0,0,0
E_BRETB-2,2026-08-30,23,4,92.78999999999999,213.03,120.24000000000001,0,0,0
E_BRETB-2,2026-08-30,24,4,94.545,212.7825,118.2375,0,0,0
E_BRETB-2,2026-08-30,25,4,93.705,209.85000000000002,116.14500000000002,0,0,0
E_BRETB-2,2026-08-30,26,4,93.57000000000001,208.16250000000002,114.59250000000002,0,0,0
E_BRETB-2,2026-08-30,27,4,92.7675,193.34,100.5725,0,0,0
E_BRETB-2,2026-08-30,28,4,92.64,202.24,109.60000000000001,0,0,0
E_BRETB-2,2026-08-30,29,4,91.02,211.02249999999998,120.00249999999998,0,0,0
E_BRETB-2,2026-08-30,30,4,90.9525,218.04250000000002,127.09000000000002,0,0,0
E_BRETB-2,2026-08-30,31,4,86.01,213.575,127.56499999999998,1,1,1
E_BRETB-2,2026-08-30,32,4,90.015,210.5425,120.52749999999999,1,1,0
E_BRETB-2,2026-08-30,33,4,95.25750000000001,212.6675,117.40999999999998,1,1,1
E_BRETB-2,2026-08-30,34,5,98.64,203.29000000000002,104.65000000000002,1,1,1
E_BRETB-2,2026-08-30,35,5,105.8,215.158,109.35799999999999,1,1,1
E_BRETB-2,2026-08-30,36,4,100.64999999999999,212.6875,112.03750000000001,1,1,1
E_BRETB-2,2026-08-30,37,4,98.13,211.54749999999999,113.41749999999999,1,1,1
E_BRETB-2,2026-08-30,38,4,93.0375,210.7275,117.69,0,0,0
E_BRETB-2,2026-08-30,39,5,106.81000000000002,219.67400000000004,112.86400000000002,0,0,0
E_BRETB-2,2026-08-30,40,5,102.00800000000001,239.42399999999998,137.41599999999997,0,0,0
E_BRETB-2,2026-08-30,41,5,103.70599999999999,246.392,142.686,0,0,0
E_BRETB-2,2026-08-30,42,5,72.876,237.252,164.376,0,0,0
E_BRETB-2,2026-08-30,43,5,103.21599999999998,218.04000000000002,114.82400000000004,1,0,1
E_BRETB-2,2026-08-30,44,5,93.28,245.164,151.884,1,0,1
E_BRETB-2,2026-08-30,45,4,87.67500000000001,233.3,145.625,1,1,1
E_BRETB-2,2026-08-30,46,4,85.39,221.29,135.89999999999998,1,1,0
E_BRETB-2,2026-08-30,47,4,112.87,190.78,77.91,1,1,1
E_BRETB-2,2026-08-30,48,4,112.8,186.56,73.76,1,1,1
E_BRETB-2,2026-08-31,1,4,111.19,188.46,77.27000000000001,1,1,1
E_BRETB-2,2026-08-31,2,4,113.53,191.76,78.22999999999999,1,1,1
E_BRETB-2,2026-08-31,3,4,108.52,189.69,81.17,1,1,0
E_BRETB-2,2026-08-31,4,4,104.2,187.2,82.99999999999999,0,0,0
E_BRETB-2,2026-08-31,5,4,101.5,184.15,82.65,0,0,0
E_BRETB-2,2026-08-31,6,4,108.24,192.62,84.38000000000001,1,1,1
E_BRETB-2,2026-08-31,7,4,111.94,198.4,86.46000000000001,1,1,1
E_BRETB-2,2026-08-31,8,4,109.24,189.01,79.77,1,1,0
E_BRETB-2,2026-08-31,9,4,109.09,193.33,84.24000000000001,1,1,1
E_BRETB-2,2026-08-31,10,4,120.09,196.0,75.91,1,1,0
E_BRETB-2,2026-08-31,11,4,90.59,228.0,137.41,0,0,0
E_BRETB-2,2026-08-31,12,4,89.11,227.0,137.89,0,0,0
E_BRETB-2,2026-08-31,13,4,32.6,228.0,195.4,0,0,0
E_BRETB-2,2026-08-31,14,4,27.71,227.0,199.29,0,0,0
E_BRETB-2,2026-08-31,15,5,32.818,229.006,196.188,0,0,0
E_BRETB-2,2026-08-31,16,5,67.50399999999999,228.82399999999998,161.32,1,1,1
E_BRETB-2,2026-08-31,17,5,56.879999999999995,320.392,263.512,1,1,1
E_BRETB-2,2026-08-31,18,4,38.31,220.4875,182.1775,1,1,1
E_BRETB-2,2026-08-31,19,4,32.1075,208.765,176.65749999999997,1,1,1
E_BRETB-2,2026-08-31,20,5,18.282,196.088,177.80599999999998,1,1,1
E_BRETB-2,2026-08-31,21,4,8.182500000000001,181.1025,172.92,1,0,0
E_BRETB-2,2026-08-31,22,5,7.006,194.22999999999996,187.22399999999996,0,0,0
E_BRETB-2,2026-08-31,23,4,20.2875,189.99249999999998,169.70499999999998,1,1,1
E_BRETB-2,2026-08-31,24,5,30.639999999999997,194.408,163.768,0,0,0
E_BRETB-2,2026-08-31,25,5,29.256,193.304,164.048,0,0,0
E_BRETB-2,2026-08-31,26,5,32.4,191.452,159.052,0,0,0
E_BRETB-2,2026-08-31,27,5,49.872,243.36599999999999,193.49399999999997,0,0,0
E_BRETB-2,2026-08-31,28,5,54.64,245.488,190.848,0,0,0
E_BRETB-2,2026-08-31,29,5,77.296,248.06,170.764,0,0,0
E_BRETB-2,2026-08-31,30,5,84.088,195.726,111.638,1,1,0
E_BRETB-2,2026-08-31,31,5,91.624,201.95999999999998,110.33599999999998,1,0,1
E_BRETB-2,2026-08-31,32,5,91.83200000000001,227.836,136.00400000000002,1,1,0
E_BRETB-2,2026-08-31,33,4,31.667499999999997,211.57,179.9025,1,1,1
E_BRETB-2,2026-08-31,34,4,35.3025,208.5625,173.26,1,1,1
E_BRETB-2,2026-08-31,35,4,26.517500000000002,213.29,186.77249999999998,1,1,0
E_BRETB-2,2026-08-31,36,4,31.3275,206.855,175.52749999999997,0,0,0
E_BRETB-2,2026-08-31,37,5,-21.342000000000002,207.24,228.58200000000002,0,0,0
E_BRETB-2,2026-08-31,38,5,65.554,207.00799999999998,141.45399999999998,0,0,0
E_BRETB-2,2026-08-31,39,5,76.21799999999999,206.488,130.27,0,0,0
E_BRETB-2,2026-08-31,40,5,74.92999999999999,316.664,241.73399999999998,0,0,0
E_BRETB-2,2026-08-31,41,5,95.934,311.15199999999993,215.21799999999993,0,0,0
E_BRETB-2,2026-08-31,42,5,64.728,254.052,189.324,0,0,0
E_BRETB-2,2026-08-31,43,4,82.4175,242.28000000000003,159.8625,0,0,0
E_BRETB-2,2026-08-31,44,4,81.7875,232.39749999999998,150.60999999999999,0,0,0
E_BRETB-2,2026-08-31,45,4,85.725,218.35500000000002,132.63000000000002,1,1,1
E_BRETB-2,2026-08-31,46,4,86.1,210.6,124.5,1,1,0
E_BRETB-2,2026-08-31,47,4,84.795,197.00750000000002,112.21250000000002,1,1,1
E_BRETB-2,2026-08-31,48,4,81.69,194.0875,112.39750000000001,1,1,1
E_BRETB-2,2026-09-01,1,4,79.2975,184.01749999999998,104.71999999999998,1,1,1
E_BRETB-2,2026-09-01,2,4,78.94,179.26500000000001,100.32500000000002,1,1,1
E_BRETB-2,2026-09-01,3,4,71.835,183.08749999999998,111.25249999999998,1,1,1
E_BRETB-2,2026-09-01,4,4,83.45,175.6025,92.15249999999999,1,1,1
E_BRETB-2,2026-09-01,5,5,73.968,169.95999999999998,95.99199999999998,1,1,1
E_BRETB-2,2026-09-01,6,5,73.74999999999999,189.64000000000001,115.89000000000003,1,1,1
E_BRETB-2,2026-09-01,7,4,45.85,196.84,150.99,0,0,0
E_BRETB-2,2026-09-01,8,4,68.7,195.38,126.67999999999999,1,1,1
E_BRETB-2,2026-09-01,9,5,89.14999999999999,189.8,100.65000000000002,1,1,1
E_BRETB-2,2026-09-01,10,4,71.355,192.79,121.43499999999999,1,1,0
E_BRETB-2,2026-09-01,11,4,-22.465,184.9075,207.3725,0,0,0
E_BRETB-2,2026-09-01,12,5,15.460000000000003,183.6,168.14,0,0,0
E_BRETB-2,2026-09-01,13,5,10.88,188.448,177.568,0,0,0
E_BRETB-2,2026-09-01,14,5,67.91600000000001,258.06,190.144,0,0,0
E_BRETB-2,2026-09-01,15,5,66.58000000000001,311.974,245.39399999999998,0,0,0
E_BRETB-2,2026-09-01,16,5,57.48,264.898,207.41800000000003,1,1,0
E_BRETB-2,2026-09-01,17,4,41.655,221.8175,180.1625,0,0,0
E_BRETB-2,2026-09-01,18,4,32.5575,176.88750000000002,144.33,1,0,1
E_BRETB-2,2026-09-01,19,5,32.519999999999996,218.81400000000002,186.29400000000004,1,0,1
E_BRETB-2,2026-09-01,20,4,21.509999999999998,176.48000000000002,154.97000000000003,0,0,0
E_BRETB-2,2026-09-01,21,4,27.0,284.08,257.08,0,0,0
E_BRETB-2,2026-09-01,22,5,27.2,230.98200000000003,203.78200000000004,0,0,0
E_BRETB-2,2026-09-01,23,5,22.752000000000002,213.378,190.62599999999998,0,0,0
E_BRETB-2,2026-09-01,24,5,17.672,159.884,142.212,0,0,0
E_BRETB-2,2026-09-01,25,5,16.736,162.82199999999997,146.08599999999998,1,1,0
E_BRETB-2,2026-09-01,26,5,-59.052,176.192,235.244,1,0,0
E_BRETB-2,2026-09-01,27,5,-42.168000000000006,184.728,226.89600000000002,0,0,0
E_BRETB-2,2026-09-01,28,5,-22.328000000000003,222.522,244.85,0,0,0
E_BRETB-2,2026-09-01,29,5,-22.606,261.442,284.048,0,0,0
E_BRETB-2,2026-09-01,30,5,-31.272,271.24,302.512,0,0,0
E_BRETB-2,2026-09-01,31,4,-23.707499999999996,260.9075,284.615,0,0,0
E_BRETB-2,2026-09-01,32,4,0.22499999999999964,259.8275,259.60249999999996,1,0,1
E_BRETB-2,2026-09-01,33,4,-23.487499999999997,248.44,271.9275,1,1,1
E_BRETB-2,2026-09-01,34,5,-11.210000000000003,273.67600000000004,284.886,0,0,0
E_BRETB-2,2026-09-01,35,5,-8.626000000000001,275.616,284.24199999999996,0,0,0
E_BRETB-2,2026-09-01,36,4,-11.377499999999998,311.0575,322.435,0,0,0
E_BRETB-2,2026-09-01,37,5,-34.69999999999999,296.248,330.948,0,0,0
E_BRETB-2,2026-09-01,38,5,8.2,266.24,258.04,0,0,0
E_BRETB-2,2026-09-01,39,5,71.072,304.71999999999997,233.64799999999997,0,0,0
E_BRETB-2,2026-09-01,40,5,50.484,374.70799999999997,324.224,0,0,0
E_BRETB-2,2026-09-01,41,5,112.22200000000001,658.91,546.688,0,0,0
E_BRETB-2,2026-09-01,42,5,113.56800000000001,469.35,355.78200000000004,0,0,0
E_BRETB-2,2026-09-01,43,5,69.24000000000001,248.58,179.34,0,0,0
E_BRETB-2,2026-09-01,44,4,85.8375,232.15,146.3125,1,1,1
E_BRETB-2,2026-09-01,45,4,83.3325,243.75,160.41750000000002,1,1,1
E_BRETB-2,2026-09-01,46,5,95.16799999999999,261.492,166.324,1,0,1
E_BRETB-2,2026-09-01,47,4,85.33500000000001,212.7,127.36499999999998,1,1,1
E_BRETB-2,2026-09-01,48,4,83.595,224.785,141.19,0,0,0
E_BRETB-2,2026-09-02,1,4,89.3775,206.6275,117.25,0,0,0
E_BRETB-2,2026-09-02,2,5,70.662,212.98200000000003,142.32000000000002,0,0,0
E_BRETB-2,2026-09-02,3,4,86.745,225.92249999999999,139.17749999999998,0,0,0
E_BRETB-2,2026-09-02,4,5,91.76,225.07399999999998,133.31399999999996,1,0,1
E_BRETB-2,2026-09-02,5,5,110.50399999999999,228.56,118.05600000000001,1,1,1
E_BRETB-2,2026-09-02,6,4,105.8775,236.41,130.5325,1,1,1
E_BRETB-2,2026-09-02,7,4,94.6575,238.86,144.20250000000001,1,1,0
E_BRETB-2,2026-09-02,8,5,105.67999999999999,241.452,135.772,1,0,1
E_BRETB-2,2026-09-02,9,4,107.8425,235.27,127.42750000000001,1,1,1
E_BRETB-2,2026-09-02,10,4,110.58749999999999,234.62,124.03250000000001,1,1,0
E_BRETB-2,2026-09-02,11,4,106.1325,223.19,117.0575,0,0,0
E_BRETB-2,2026-09-02,12,4,101.655,241.51,139.855,1,0,1
E_BRETB-2,2026-09-02,13,5,113.27600000000002,213.63000000000002,100.354,1,1,1
E_BRETB-2,2026-09-02,14,5,110.97399999999998,235.20999999999998,124.236,0,0,0
E_BRETB-2,2026-09-02,15,4,95.145,224.82999999999998,129.685,1,1,1
E_BRETB-2,2026-09-02,16,5,110.67800000000003,231.012,120.33399999999997,1,0,1
E_BRETB-2,2026-09-02,17,4,92.6775,215.68,123.00250000000001,1,0,0
E_BRETB-2,2026-09-02,18,4,97.62,237.73,140.10999999999999,1,1,1
E_BRETB-2,2026-09-02,19,4,92.16,218.75,126.59,1,1,0
E_BRETB-2,2026-09-02,20,4,90.17999999999999,203.39249999999998,113.21249999999999,0,0,0
E_BRETB-2,2026-09-02,21,4,90.78,200.965,110.185,0,0,0
E_BRETB-2,2026-09-02,22,5,120.76399999999998,196.328,75.56400000000002,1,1,1
E_BRETB-2,2026-09-02,23,5,98.328,201.058,102.72999999999999,1,0,1
E_BRETB-2,2026-09-02,24,4,95.24249999999999,201.28999999999996,106.04749999999997,0,0,0
E_BRETB-2,2026-09-02,25,4,91.5,196.885,105.38499999999999,0,0,0
E_BRETB-2,2026-09-02,26,4,92.88749999999999,228.1375,135.25,1,0,1
E_BRETB-2,2026-09-02,27,4,101.9025,228.70250000000001,126.80000000000001,1,1,1
E_BRETB-2,2026-09-02,28,5,109.6,235.59,125.99000000000001,1,0,1
E_BRETB-2,2026-09-02,29,5,105.072,255.4,150.328,1,1,0
E_BRETB-2,2026-09-02,30,5,-6.9499999999999975,236.19,243.14,0,0,0
E_BRETB-2,2026-09-02,31,5,-7.713999999999999,229.404,237.118,0,0,0
E_BRETB-2,2026-09-02,32,5,-20.93,222.82800000000003,243.75800000000004,0,0,0
E_BRETB-2,2026-09-02,33,4,69.36,256.4125,187.0525,1,1,1
E_BRETB-2,2026-09-02,34,4,81.67,238.965,157.29500000000002,0,0,0
E_BRETB-2,2026-09-02,35,4,82.27,231.28750000000002,149.01750000000004,0,0,0
E_BRETB-2,2026-09-02,36,5,85.77599999999998,223.352,137.57600000000002,0,0,0
E_BRETB-2,2026-09-02,37,5,-25.419999999999998,223.62399999999997,249.04399999999995,0,0,0
E_BRETB-2,2026-09-02,38,5,88.288,220.33599999999996,132.04799999999994,0,0,0
E_BRETB-2,2026-09-02,39,5,48.012,211.11999999999998,163.10799999999998,0,0,0
E_BRETB-2,2026-09-02,40,5,110.55,350.55600000000004,240.00600000000003,0,0,0
E_BRETB-2,2026-09-02,41,5,110.508,283.736,173.228,0,0,0
E_BRETB-2,2026-09-02,42,5,66.036,320.56,254.524,0,0,0
E_BRETB-2,2026-09-02,43,5,68.64000000000001,294.85,226.21,0,0,0
E_BRETB-2,2026-09-02,44,4,86.76,278.27,191.51,1,1,1
E_BRETB-2,2026-09-02,45,4,89.08500000000001,272.98,183.895,1,1,1
E_BRETB-2,2026-09-02,46,4,85.35,266.95,181.6,0,0,0
E_BRETB-2,2026-09-02,47,4,83.3925,199.84750000000003,116.45500000000003,1,1,1
E_BRETB-2,2026-09-02,48,4,81.51,195.52,114.01,1,1,1
E_BRETB-2,2026-09-03,1,4,80.17500000000001,194.27,114.095,1,1,0
E_BRETB-2,2026-09-03,2,4,75.8475,186.08499999999998,110.23749999999998,0,0,0
E_BRETB-2,2026-09-03,3,4,68.0775,160.05,91.97250000000001,0,0,0
E_BRETB-2,2026-09-03,4,4,69.8325,171.87,102.03750000000001,0,0,0
E_BRETB-2,2026-09-03,5,4,68.265,171.355,103.08999999999999,0,0,0
E_BRETB-2,2026-09-03,6,4,63.84,188.66,124.82,0,0,0
E_BRETB-2,2026-09-03,7,4,71.42999999999999,188.08,116.65000000000002,0,0,0
E_BRETB-2,2026-09-03,8,4,77.4825,183.19,105.7075,0,0,0
E_BRETB-2,2026-09-03,9,4,77.83500000000001,215.37250000000003,137.53750000000002,0,0,0
E_BRETB-2,2026-09-03,10,4,87.48,221.2275,133.7475,0,0,0
E_BRETB-2,2026-09-03,11,4,88.66499999999999,226.25,137.585,0,0,0
E_BRETB-2,2026-09-03,12,4,87.9375,229.70499999999998,141.76749999999998,0,0,0
E_BRETB-2,2026-09-03,13,4,79.2225,216.2875,137.065,0,0,0
E_BRETB-2,2026-09-03,14,5,55.843999999999994,192.84,136.996,1,1,1
E_BRETB-2,2026-09-03,15,5,74.32000000000001,242.63199999999998,168.31199999999995,1,0,1
E_BRETB-2,2026-09-03,16,5,66.064,259.28,193.21599999999998,1,0,0
E_BRETB-2,2026-09-03,17,5,55.879999999999995,285.946,230.06600000000003,1,0,1
E_BRETB-2,2026-09-03,18,5,48.512,272.976,224.464,1,0,0
E_BRETB-2,2026-09-03,19,4,46.6875,210.5525,163.865,1,1,1
E_BRETB-2,2026-09-03,20,5,38.736000000000004,226.32200000000003,187.586,1,1,1
E_BRETB-2,2026-09-03,21,4,33.0,180.765,147.765,1,1,0
E_BRETB-2,2026-09-03,22,4,20.572499999999998,153.3725,132.8,1,0,1
E_BRETB-2,2026-09-03,23,5,-27.383999999999997,168.072,195.456,1,1,1
E_BRETB-2,2026-09-03,24,5,10.024,176.194,166.17,1,1,1
E_BRETB-2,2026-09-03,25,5,-2.0,355.32,357.32,1,1,1
E_BRETB-2,2026-09-03,26,5,-9.72,175.06400000000002,184.78400000000002,1,0,0
E_BRETB-2,2026-09-03,27,5,-8.86,133.714,142.574,0,0,0
E_BRETB-2,2026-09-03,28,5,-71.60000000000001,165.03199999999998,236.632,0,0,0
E_BRETB-2,2026-09-03,29,5,-53.27199999999999,179.904,233.176,0,0,0
E_BRETB-2,2026-09-03,30,5,-28.662,195.7,224.362,0,0,0
E_BRETB-2,2026-09-03,31,4,-3.1575000000000006,219.09,222.2475,1,0,1
E_BRETB-2,2026-09-03,32,4,-2.585000000000001,227.3,229.88500000000002,1,1,1
E_BRETB-2,2026-09-03,33,5,-22.607999999999997,219.65,242.258,0,0,0
E_BRETB-2,2026-09-03,34,4,22.6375,215.05,192.41250000000002,0,0,0
E_BRETB-2,2026-09-03,35,4,24.8775,211.83,186.95250000000001,0,0,0
E_BRETB-2,2026-09-03,36,5,-16.274,202.128,218.402,0,0,0
E_BRETB-2,2026-09-03,37,5,-15.175999999999998,225.552,240.72799999999998,0,0,0
E_BRETB-2,2026-09-03,38,5,95.45599999999999,367.89,272.43399999999997,0,0,0
E_BRETB-2,2026-09-03,39,5,118.454,352.97799999999995,234.52399999999994,0,0,0
E_BRETB-2,2026-09-03,40,5,110.894,291.466,180.572,0,0,0
E_BRETB-2,2026-09-03,41,5,62.525999999999996,339.03,276.50399999999996,0,0,0
E_BRETB-2,2026-09-03,42,4,76.80000000000001,279.73,202.93,0,0,0
E_BRETB-2,2026-09-03,43,4,73.365,250.39,177.02499999999998,0,0,0
E_BRETB-2,2026-09-03,44,4,75.96000000000001,248.12,172.16,0,0,0
E_BRETB-2,2026-09-03,45,4,71.4525,242.72,171.26749999999998,0,0,0
E_BRETB-2,2026-09-03,46,4,77.535,256.84,179.30499999999998,0,0,0
E_BRETB-2,2026-09-03,47,4,72.5325,192.135,119.60249999999999,1,1,1
E_BRETB-2,2026-09-03,48,4,66.045,187.9275,121.88250000000001,1,0,1
E_BRETB-2,2026-09-04,1,4,67.9575,192.5725,124.615,0,0,0
E_BRETB-2,2026-09-04,2,5,86.592,186.948,100.35600000000001,1,1,1
E_BRETB-2,2026-09-04,3,5,88.936,184.73999999999998,95.80399999999997,1,1,1
E_BRETB-2,2026-09-04,4,5,73.44,208.872,135.43200000000002,0,0,0
E_BRETB-2,2026-09-04,5,5,90.16799999999999,170.748,80.58,1,1,1
E_BRETB-2,2026-09-04,6,4,70.33500000000001,198.87,128.535,1,1,0
E_BRETB-2,2026-09-04,7,4,67.1625,196.33749999999998,129.17499999999998,0,0,0
E_BRETB-2,2026-09-04,8,5,85.688,202.094,116.40599999999999,1,1,1
E_BRETB-2,2026-09-04,9,4,72.405,210.03,137.625,1,1,0
E_BRETB-2,2026-09-04,10,4,80.03999999999999,244.025,163.985,1,1,1
E_BRETB-2,2026-09-04,11,4,77.265,276.2025,198.9375,0,0,0
E_BRETB-2,2026-09-04,12,5,89.704,297.878,208.17399999999998,0,0,0
E_BRETB-2,2026-09-04,13,4,66.2325,301.0625,234.82999999999998,1,1,0
E_BRETB-2,2026-09-04,14,5,42.438,291.836,249.39800000000002,1,0,0
E_BRETB-2,2026-09-04,15,5,61.694,243.724,182.02999999999997,1,0,1
E_BROAB-1,2026-08-28,16,2,112.475,183.785,71.31,0,0,0
E_BROAB-1,2026-08-28,17,3,110.55000000000001,178.46333333333334,67.91333333333333,1,0,1
E_BROAB-1,2026-08-28,18,3,106.65666666666668,178.45333333333335,71.79666666666667,1,1,1
E_BROAB-1,2026-08-28,19,2,97.745,173.135,75.38999999999999,0,0,0
E_BROAB-1,2026-08-28,20,2,98.215,171.575,73.35999999999999,0,0,0
E_BROAB-1,2026-08-28,21,2,101.945,167.615,65.67000000000002,0,0,0
E_BROAB-1,2026-08-28,22,2,102.055,167.60500000000002,65.55000000000001,0,0,0
E_BROAB-1,2026-08-28,23,2,104.88499999999999,164.785,59.900000000000006,0,0,0
E_BROAB-1,2026-08-28,24,2,104.89500000000001,164.775,59.879999999999995,0,0,0
E_BROAB-1,2026-08-28,25,3,97.67333333333333,164.76333333333332,67.08999999999999,1,1,1
E_BROAB-1,2026-08-28,26,2,81.525,164.755,83.22999999999999,0,0,0
E_BROAB-1,2026-08-28,27,2,75.845,163.065,87.22,1,1,1
E_BROAB-1,2026-08-28,28,3,78.48666666666666,161.04333333333332,82.55666666666666,0,0,0
E_BROAB-1,2026-08-28,29,3,82.08666666666667,160.47,78.38333333333333,0,0,0
E_BROAB-1,2026-08-28,30,4,84.3475,160.1625,75.815,0,0,0
E_BROAB-1,2026-08-28,31,4,94.0425,153.64249999999998,59.59999999999998,1,1,1
E_BROAB-1,2026-08-28,32,4,76.7975,157.515,80.71749999999999,1,1,1
E_BROAB-1,2026-08-28,33,4,76.8075,159.9675,83.16,1,1,1
E_BROAB-1,2026-08-28,34,2,79.945,170.415,90.47,1,0,1
E_BROAB-1,2026-08-28,35,2,82.88499999999999,170.405,87.52000000000001,0,0,0
E_BROAB-1,2026-08-28,36,3,89.94666666666666,169.23,79.28333333333333,1,1,1
E_BROAB-1,2026-08-28,37,2,99.185,170.685,71.5,0,0,0
E_BROAB-1,2026-08-28,38,3,74.04666666666667,3442.3366666666666,3368.29,1,1,1
E_BROAB-1,2026-08-28,39,3,110.88333333333333,163.90333333333334,53.02000000000001,1,1,0
E_BROAB-1,2026-08-28,40,3,111.26666666666667,163.81333333333333,52.54666666666667,1,1,0
E_BROAB-1,2026-08-28,41,2,95.695,163.805,68.11000000000001,1,1,1
E_BROAB-1,2026-08-28,42,2,86.35499999999999,163.79500000000002,77.44000000000003,1,1,1
E_BROAB-1,2026-08-28,43,2,86.61500000000001,161.415,74.79999999999998,0,0,0
E_BROAB-1,2026-08-28,44,2,84.515,161.315,76.8,0,0,0
E_BROAB-1,2026-08-28,45,3,84.92,153.38333333333333,68.46333333333332,0,0,0
E_BROAB-1,2026-08-28,46,3,82.58333333333333,153.10333333333332,70.52,0,0,0
E_BROAB-1,2026-08-28,47,3,78.67666666666666,151.11333333333334,72.43666666666668,1,1,1
E_BROAB-1,2026-08-28,48,2,64.285,139.815,75.53,0,0,0
E_BROAB-1,2026-08-29,1,2,70.755,139.805,69.05000000000001,1,0,0
E_BROAB-1,2026-08-29,2,2,70.765,139.515,68.74999999999999,1,1,0
E_BROAB-1,2026-08-29,3,3,72.51666666666667,134.32000000000002,61.803333333333356,0,0,0
E_BROAB-1,2026-08-29,4,3,72.52666666666667,136.40333333333334,63.876666666666665,1,1,1
E_BROAB-1,2026-08-29,5,4,59.287499999999994,130.41000000000003,71.12250000000003,1,0,0
E_BROAB-1,2026-08-29,6,4,63.9275,134.7425,70.815,1,0,1
E_BROAB-1,2026-08-29,7,4,0.3075,128.57999999999998,128.27249999999998,1,0,0
E_BROAB-1,2026-08-29,8,4,57.3475,125.82,68.4725,0,0,0
E_BROAB-1,2026-08-29,9,4,47.9575,123.33500000000001,75.3775,0,0,0
E_BROAB-1,2026-08-29,10,4,0.0175,122.74,122.7225,0,0,0
E_BROAB-1,2026-08-29,11,4,49.7475,134.34,84.5925,0,0,0
E_BROAB-1,2026-08-29,12,4,2.9975,145.57999999999998,142.58249999999998,0,0,0
E_BROAB-1,2026-08-29,13,4,80.2475,157.85,77.60249999999999,0,0,0
E_BROAB-1,2026-08-29,14,4,80.2575,161.45250000000001,81.19500000000002,0,0,0
E_BROAB-1,2026-08-29,15,3,80.26666666666667,168.06333333333336,87.7966666666667,0,0,0
E_BROAB-1,2026-08-29,16,3,84.71666666666667,168.57666666666668,83.86000000000001,0,0,0
E_BROAB-1,2026-08-29,17,2,85.545,165.475,79.92999999999999,0,0,0
E_BROAB-1,2026-08-29,18,2,97.245,165.465,68.22,0,0,0
E_BROAB-1,2026-08-29,19,3,85.56666666666666,169.27666666666667,83.71000000000001,0,0,0
E_BROAB-1,2026-08-29,20,3,104.91666666666667,169.78,64.86333333333333,0,0,0
E_BROAB-1,2026-08-29,21,3,44.92666666666667,169.78666666666666,124.85999999999999,1,1,1
E_BROAB-1,2026-08-29,22,3,25.86666666666667,169.61666666666667,143.75,1,1,1
E_BROAB-1,2026-08-29,23,3,74.71666666666667,169.60666666666665,94.88999999999999,1,0,1
E_BROAB-1,2026-08-29,24,4,115.66749999999999,170.5875,54.920000000000016,0,0,0
E_BROAB-1,2026-08-29,25,2,116.745,184.785,68.03999999999999,0,0,0
E_BROAB-1,2026-08-29,26,3,119.04666666666667,179.58333333333334,60.536666666666676,1,0,1
E_BROAB-1,2026-08-29,27,2,107.215,176.975,69.75999999999999,1,0,0
E_BROAB-1,2026-08-29,28,3,121.84666666666665,178.74,56.89333333333336,1,1,1
E_BROAB-1,2026-08-29,29,3,113.94666666666666,178.73,64.78333333333333,0,0,0
E_BROAB-1,2026-08-29,30,2,114.845,182.265,67.41999999999999,0,0,0
E_BROAB-1,2026-08-29,31,2,121.255,177.755,56.5,0,0,0
E_BROAB-1,2026-08-29,32,3,121.84666666666665,176.28666666666666,54.44000000000001,0,0,0
E_BROAB-1,2026-08-29,33,2,115.485,175.54500000000002,60.06000000000002,0,0,0
E_BROAB-1,2026-08-29,34,3,117.59666666666665,177.47333333333333,59.87666666666668,0,0,0
E_BROAB-1,2026-08-29,35,3,117.60666666666667,182.51333333333332,64.90666666666665,1,0,1
E_BROAB-1,2026-08-29,36,3,123.38666666666666,182.39000000000001,59.00333333333336,1,1,1
E_BROAB-1,2026-08-29,37,2,123.39500000000001,186.415,63.01999999999998,0,0,0
E_BROAB-1,2026-08-29,38,4,119.49249999999999,178.60000000000002,59.10750000000003,1,1,1
E_BROAB-1,2026-08-29,39,3,112.48,176.82333333333335,64.34333333333335,1,1,0
E_BROAB-1,2026-08-29,40,3,112.49000000000001,177.66333333333333,65.17333333333332,1,0,1
E_BROAB-1,2026-08-29,41,3,113.02,169.45333333333335,56.43333333333335,1,1,1
E_BROAB-1,2026-08-29,42,3,113.83333333333333,200.55333333333337,86.72000000000004,1,1,1
E_BROAB-1,2026-08-29,43,4,106.115,172.31,66.19500000000001,1,1,0
E_BROAB-1,2026-08-29,44,2,100.945,169.425,68.48000000000002,0,0,0
E_BROAB-1,2026-08-29,45,2,100.955,169.415,68.46,0,0,0
E_BROAB-1,2026-08-29,46,2,101.945,151.995,50.05000000000001,0,0,0
E_BROAB-1,2026-08-29,47,2,108.265,161.375,53.11,0,0,0
E_BROAB-1,2026-08-29,48,2,108.275,158.585,50.31,0,0,0
E_BROAB-1,2026-08-30,1,3,116.27,166.56333333333333,50.29333333333334,0,0,0
E_BROAB-1,2026-08-30,2,3,110.65666666666665,157.64333333333332,46.986666666666665,0,0,0
E_BROAB-1,2026-08-30,3,2,102.595,157.635,55.03999999999999,0,0,0
E_BROAB-1,2026-08-30,4,2,102.60499999999999,157.625,55.02000000000001,0,0,0
E_BROAB-1,2026-08-30,5,2,107.64500000000001,157.615,49.97,1,1,1
E_BROAB-1,2026-08-30,6,3,115.21333333333332,157.60333333333332,42.39,0,0,0
E_BROAB-1,2026-08-30,7,2,113.38499999999999,157.595,44.21000000000001,0,0,0
E_BROAB-1,2026-08-30,8,2,111.465,157.585,46.120000000000005,0,0,0
E_BROAB-1,2026-08-30,9,2,106.195,157.575,51.379999999999995,1,1,1
E_BROAB-1,2026-08-30,10,2,106.205,157.565,51.36,1,1,1
E_BROAB-1,2026-08-30,11,2,106.845,157.555,50.71000000000001,0,0,0
E_BROAB-1,2026-08-30,12,2,106.85499999999999,157.54500000000002,50.690000000000026,0,0,0
E_BROAB-1,2026-08-30,13,3,107.81666666666666,165.66,57.843333333333334,0,0,0
E_BROAB-1,2026-08-30,14,2,110.455,177.015,66.55999999999999,0,0,0
E_BROAB-1,2026-08-30,15,2,113.61500000000001,169.075,55.45999999999998,0,0,0
E_BROAB-1,2026-08-30,16,2,109.215,164.635,55.41999999999999,1,1,0
E_BROAB-1,2026-08-30,17,3,113.98666666666668,162.48333333333332,48.49666666666664,1,0,0
E_BROAB-1,2026-08-30,18,3,114.16000000000001,172.9333333333333,58.7733333333333,0,0,0
E_BROAB-1,2026-08-30,19,2,113.045,170.825,57.77999999999999,0,0,0
E_BROAB-1,2026-08-30,20,2,106.465,177.615,71.15,0,0,0
E_BROAB-1,2026-08-30,21,2,122.125,196.425,74.30000000000001,0,0,0
E_BROAB-1,2026-08-30,22,2,122.695,196.415,73.72,0,0,0
E_BROAB-1,2026-08-30,23,2,122.705,193.29500000000002,70.59000000000002,0,0,0
E_BROAB-1,2026-08-30,24,2,122.91499999999999,191.315,68.4,0,0,0
E_BROAB-1,2026-08-30,25,2,125.985,191.305,65.32000000000001,0,0,0
E_BROAB-1,2026-08-30,26,4,-50.0,1250.0,1300.0,0,0,0
E_BROAB-1,2026-08-30,27,3,117.85666666666667,188.46333333333334,70.60666666666667,0,0,0
E_BROAB-1,2026-08-30,28,2,127.015,190.865,63.85000000000001,0,0,0
E_BROAB-1,2026-08-30,29,3,127.02666666666669,228.76999999999998,101.7433333333333,0,0,0
E_BROAB-1,2026-08-30,30,3,127.03666666666668,194.86333333333334,67.82666666666667,0,0,0
E_BROAB-1,2026-08-30,31,2,127.045,196.785,69.74,1,1,1
E_BROAB-1,2026-08-30,32,4,127.0575,188.4425,61.38499999999999,1,1,1
E_BROAB-1,2026-08-30,33,3,127.28666666666668,194.5233333333333,67.23666666666664,1,1,1
E_BROAB-1,2026-08-30,34,2,116.595,194.20499999999998,77.60999999999999,1,0,0
E_BROAB-1,2026-08-30,35,3,116.60666666666667,192.9766666666667,76.37000000000002,1,1,0
E_BROAB-1,2026-08-30,36,3,121.85666666666667,193.62,71.76333333333334,1,1,1
E_BROAB-1,2026-08-30,37,4,132.89000000000001,193.365,60.474999999999994,1,1,1
E_BROAB-1,2026-08-30,38,3,115.68666666666667,193.52333333333334,77.83666666666667,0,0,0
E_BROAB-1,2026-08-30,39,4,109.55499999999999,189.72,80.165,0,0,0
E_BROAB-1,2026-08-30,40,3,123.58333333333333,188.90333333333334,65.32000000000001,1,1,1
E_BROAB-1,2026-08-30,41,3,129.29666666666665,188.89333333333332,59.596666666666664,1,0,1
E_BROAB-1,2026-08-30,42,3,127.52333333333331,188.88333333333333,61.360000000000014,1,1,1
E_BROAB-1,2026-08-30,43,2,105.805,188.875,83.07,1,1,0
E_BROAB-1,2026-08-30,44,2,111.38499999999999,188.865,77.48000000000002,0,0,0
E_BROAB-1,2026-08-30,45,3,111.02333333333333,186.01333333333332,74.99,0,0,0
E_BROAB-1,2026-08-30,46,2,109.945,181.235,71.29000000000002,1,0,1
E_BROAB-1,2026-08-30,47,2,109.955,181.225,71.27,1,1,1
E_BROAB-1,2026-08-30,48,3,113.69333333333333,181.21333333333334,67.52000000000001,1,1,1
E_BROAB-1,2026-08-31,1,3,113.19333333333333,175.07333333333335,61.880000000000024,1,1,1
E_BROAB-1,2026-08-31,2,3,104.30333333333333,171.6833333333333,67.37999999999998,0,0,0
E_BROAB-1,2026-08-31,3,2,100.015,159.785,59.769999999999996,0,0,0
E_BROAB-1,2026-08-31,4,3,106.66333333333334,156.15333333333334,49.489999999999995,1,1,1
E_BROAB-1,2026-08-31,5,3,104.21666666666665,157.35333333333332,53.13666666666667,0,0,0
E_BROAB-1,2026-08-31,6,4,108.91749999999999,157.2225,48.30500000000001,1,1,1
E_BROAB-1,2026-08-31,7,3,111.02666666666669,158.1,47.07333333333331,1,1,1
E_BROAB-1,2026-08-31,8,2,106.14500000000001,164.785,58.639999999999986,1,1,1
E_BROAB-1,2026-08-31,9,2,110.33500000000001,164.775,54.44,1,1,1
E_BROAB-1,2026-08-31,10,2,100.235,175.735,75.50000000000001,0,0,0
E_BROAB-1,2026-08-31,11,2,109.535,164.755,55.22,1,1,1
E_BROAB-1,2026-08-31,12,2,110.695,164.745,54.05000000000001,1,1,0
E_BROAB-1,2026-08-31,13,2,89.125,164.735,75.61000000000001,1,0,0
E_BROAB-1,2026-08-31,14,2,89.13499999999999,164.725,75.59,0,0,0
E_BROAB-1,2026-08-31,15,2,88.08500000000001,164.715,76.63,0,0,0
E_BROAB-1,2026-08-31,16,3,84.14999999999999,164.70333333333335,80.55333333333336,1,1,1
E_BROAB-1,2026-08-31,17,2,50.435,164.695,114.25999999999999,1,1,0
E_BROAB-1,2026-08-31,18,2,52.004999999999995,154.975,102.97,1,1,1
E_BROAB-1,2026-08-31,19,3,30.956666666666667,135.38333333333333,104.42666666666666,1,1,1
E_BROAB-1,2026-08-31,20,3,21.38333333333333,108.48333333333333,87.10000000000001,1,0,1
E_BROAB-1,2026-08-31,21,3,11.593333333333334,96.78333333333335,85.19000000000001,1,1,1
E_BROAB-1,2026-08-31,22,2,-3.5549999999999997,96.775,100.33000000000001,1,1,1
E_BROAB-1,2026-08-31,23,3,4.716666666666666,97.74333333333334,93.02666666666667,1,0,0
E_BROAB-1,2026-08-31,24,3,9.456666666666667,121.30666666666667,111.85000000000001,1,0,1
E_BROAB-1,2026-08-31,25,3,25.08666666666667,125.15000000000002,100.06333333333335,1,0,0
E_BROAB-1,2026-08-31,26,4,36.587500000000006,116.565,79.97749999999999,1,1,1
E_BROAB-1,2026-08-31,27,4,40.6475,121.7825,81.13499999999999,1,1,1
E_BROAB-1,2026-08-31,28,4,62.3575,146.5125,84.15499999999999,1,1,1
E_BROAB-1,2026-08-31,29,4,68.3175,161.72250000000003,93.40500000000003,1,1,1
E_BROAB-1,2026-08-31,30,4,96.63749999999999,185.3,88.66250000000002,1,0,1
E_BROAB-1,2026-08-31,31,4,105.1275,195.7475,90.62,1,0,1
E_BROAB-1,2026-08-31,32,2,114.545,203.635,89.08999999999999,1,1,1
E_BROAB-1,2026-08-31,33,3,116.45666666666666,209.80666666666664,93.34999999999998,1,1,0
E_BROAB-1,2026-08-31,34,3,116.78666666666668,212.43666666666664,95.64999999999996,1,1,1
E_BROAB-1,2026-08-31,35,3,120.60666666666667,216.53666666666666,95.92999999999999,1,1,1
E_BROAB-1,2026-08-31,36,3,121.68666666666667,212.51666666666665,90.82999999999998,1,1,1
E_BROAB-1,2026-08-31,37,2,121.845,218.14499999999998,96.29999999999998,1,1,1
E_BROAB-1,2026-08-31,38,2,121.85499999999999,219.625,97.77000000000001,1,1,1
E_BROAB-1,2026-08-31,39,2,137.155,215.835,78.68,1,1,1
E_BROAB-1,2026-08-31,40,2,129.845,211.515,81.66999999999999,1,1,1
E_BROAB-1,2026-08-31,41,3,122.38666666666666,197.86333333333334,75.47666666666669,0,0,0
E_BROAB-1,2026-08-31,42,3,114.59333333333332,197.85333333333332,83.26,1,1,1
E_BROAB-1,2026-08-31,43,3,115.79666666666667,193.11333333333334,77.31666666666668,1,1,1
E_BROAB-1,2026-08-31,44,2,113.745,186.755,73.00999999999999,1,1,1
E_BROAB-1,2026-08-31,45,3,108.45333333333333,179.98333333333335,71.53000000000002,1,1,0
E_BROAB-1,2026-08-31,46,2,106.255,174.985,68.73000000000002,0,0,0
E_BROAB-1,2026-08-31,47,2,94.595,174.975,80.38,0,0,0
E_BROAB-1,2026-08-31,48,2,99.685,174.965,75.28,0,0,0
E_BROAB-1,2026-09-01,1,2,100.185,171.585,71.4,0,0,0
E_BROAB-1,2026-09-01,2,2,96.995,171.575,74.57999999999998,1,0,1
E_BROAB-1,2026-09-01,3,3,102.63,169.95333333333335,67.32333333333335,1,1,1
E_BROAB-1,2026-09-01,4,3,97.01666666666667,161.28666666666666,64.27,1,1,1
E_BROAB-1,2026-09-01,5,3,93.56666666666666,162.75,69.18333333333334,1,1,1
E_BROAB-1,2026-09-01,6,4,88.1475,170.7975,82.65000000000002,1,1,1
E_BROAB-1,2026-09-01,7,3,78.51666666666667,175.53333333333333,97.01666666666667,1,1,1
E_BROAB-1,2026-09-01,8,3,79.06666666666666,186.40666666666667,107.34,1,1,1
E_BROAB-1,2026-09-01,9,2,90.875,181.555,90.68,1,1,1
E_BROAB-1,2026-09-01,10,2,92.545,177.985,85.44000000000001,1,1,0
E_BROAB-1,2026-09-01,11,2,92.685,186.815,94.13,1,1,1
E_BROAB-1,2026-09-01,12,4,107.54249999999999,180.205,72.66250000000002,1,1,1
E_BROAB-1,2026-09-01,13,2,101.17500000000001,176.825,75.64999999999998,1,1,1
E_BROAB-1,2026-09-01,14,4,77.3025,176.8125,99.51,1,1,1
E_BROAB-1,2026-09-01,15,3,67.86,173.58333333333334,105.72333333333334,1,0,0
E_BROAB-1,2026-09-01,16,2,53.945,167.195,113.25,0,0,0
E_BROAB-1,2026-09-01,17,3,51.34,158.39333333333332,107.05333333333331,0,0,0
E_BROAB-1,2026-09-01,18,3,55.03333333333334,158.38333333333333,103.35,1,1,1
E_BROAB-1,2026-09-01,19,3,31.846666666666664,162.04666666666665,130.2,0,0,0
E_BROAB-1,2026-09-01,20,4,39.644999999999996,134.08999999999997,94.44499999999998,1,1,1
E_BROAB-1,2026-09-01,21,3,23.75666666666667,139.76333333333332,116.00666666666665,1,0,1
E_BROAB-1,2026-09-01,22,3,13.346666666666666,130.09,116.74333333333334,0,0,0
E_BROAB-1,2026-09-01,23,3,12.646666666666667,122.37,109.72333333333334,0,0,0
E_BROAB-1,2026-09-01,24,3,5.846666666666667,120.88,115.03333333333333,0,0,0
E_BROAB-1,2026-09-01,25,3,5.8566666666666665,130.38666666666666,124.52999999999999,0,0,0
E_BROAB-1,2026-09-01,26,3,26.016666666666666,136.64666666666668,110.63000000000001,0,0,0
E_BROAB-1,2026-09-01,27,4,26.0275,131.0875,105.06,0,0,0
E_BROAB-1,2026-09-01,28,4,26.0375,148.9425,122.905,1,0,0
E_BROAB-1,2026-09-01,29,3,26.046666666666667,160.84666666666666,134.8,1,0,1
E_BROAB-1,2026-09-01,30,4,26.0575,162.76749999999998,136.70999999999998,0,0,0
E_BROAB-1,2026-09-01,31,4,26.067499999999995,180.53000000000003,154.46250000000003,0,0,0
E_BROAB-1,2026-09-01,32,4,40.017500000000005,186.81,146.7925,1,0,0
E_BROAB-1,2026-09-01,33,3,54.27666666666667,194.51666666666668,140.24,1,1,0
E_BROAB-1,2026-09-01,34,3,89.14666666666669,198.12333333333333,108.97666666666665,0,0,0
E_BROAB-1,2026-09-01,35,3,89.15666666666668,207.02333333333334,117.86666666666666,0,0,0
E_BROAB-1,2026-09-01,36,2,98.705,220.585,121.88000000000001,0,0,0
E_BROAB-1,2026-09-01,37,2,106.845,209.915,103.07,0,0,0
E_BROAB-1,2026-09-01,38,3,106.85666666666667,203.29333333333332,96.43666666666665,0,0,0
E_BROAB-1,2026-09-01,39,2,124.58500000000001,199.975,75.38999999999999,0,0,0
E_BROAB-1,2026-09-01,40,2,125.725,199.965,74.24000000000001,0,0,0
E_BROAB-1,2026-09-01,41,2,126.045,213.45499999999998,87.40999999999998,1,1,1
E_BROAB-1,2026-09-01,42,2,126.055,210.45499999999998,84.39999999999998,1,1,1
E_BROAB-1,2026-09-01,43,3,129.8166666666667,210.4433333333333,80.62666666666661,1,1,1
E_BROAB-1,2026-09-01,44,3,124.93666666666668,204.6833333333333,79.74666666666663,1,1,1
E_BROAB-1,2026-09-01,45,2,119.545,198.435,78.89,1,1,0
E_BROAB-1,2026-09-01,46,2,121.015,198.425,77.41000000000001,1,1,1
E_BROAB-1,2026-09-01,47,2,121.025,187.675,66.65,1,1,1
E_BROAB-1,2026-09-01,48,2,121.035,187.665,66.63,1,0,1
E_BROAB-1,2026-09-02,1,2,116.35499999999999,186.985,70.63000000000002,0,0,0
E_BROAB-1,2026-09-02,2,3,125.76333333333334,196.98333333333335,71.22000000000001,1,1,1
E_BROAB-1,2026-09-02,3,3,119.05666666666667,191.07333333333335,72.01666666666668,1,0,1
E_BROAB-1,2026-09-02,4,2,131.015,193.54500000000002,62.53000000000003,1,0,1
E_BROAB-1,2026-09-02,5,3,139.02666666666667,197.58,58.55333333333334,1,1,0
E_BROAB-1,2026-09-02,6,3,140.01666666666665,205.64333333333332,65.62666666666667,1,1,0
E_BROAB-1,2026-09-02,7,2,129.785,202.435,72.65,1,1,0
E_BROAB-1,2026-09-02,8,4,129.7975,203.065,73.26749999999998,0,0,0
E_BROAB-1,2026-09-02,9,3,132.53666666666666,206.27666666666664,73.73999999999998,0,0,0
E_BROAB-1,2026-09-02,10,3,132.02666666666667,212.74666666666667,80.72,0,0,0
E_BROAB-1,2026-09-02,11,2,129.165,209.975,80.81,0,0,0
E_BROAB-1,2026-09-02,12,3,130.40666666666667,215.58,85.17333333333335,0,0,0
E_BROAB-1,2026-09-02,13,2,139.245,211.695,72.44999999999999,1,1,1
E_BROAB-1,2026-09-02,14,3,139.83666666666667,199.98333333333335,60.146666666666675,1,1,1
E_BROAB-1,2026-09-02,15,3,137.60000000000002,199.97333333333333,62.373333333333306,1,1,1
E_BROAB-1,2026-09-02,16,3,131.85,199.96333333333334,68.11333333333334,1,0,1
E_BROAB-1,2026-09-02,17,3,127.47666666666667,199.95333333333335,72.47666666666667,1,1,1
E_BROAB-1,2026-09-02,18,3,118.73666666666666,197.97333333333336,79.2366666666667,1,0,0
E_BROAB-1,2026-09-02,19,2,121.745,192.35500000000002,70.61000000000001,1,1,1
E_BROAB-1,2026-09-02,20,2,121.755,192.345,70.59,0,0,0
E_BROAB-1,2026-09-02,21,2,121.765,198.185,76.42,1,0,1
E_BROAB-1,2026-09-02,22,3,130.60666666666665,195.88333333333333,65.27666666666667,1,1,1
E_BROAB-1,2026-09-02,23,3,125.62666666666667,201.92,76.29333333333332,1,1,0
E_BROAB-1,2026-09-02,24,3,122.92666666666668,195.81000000000003,72.88333333333335,0,0,0
E_BROAB-1,2026-09-02,25,3,127.27666666666669,196.9666666666667,69.69000000000001,1,1,1
E_BROAB-1,2026-09-02,26,3,127.28666666666668,200.41,73.12333333333332,1,1,1
E_BROAB-1,2026-09-02,27,3,127.29666666666667,198.1,70.80333333333333,1,1,1
E_BROAB-1,2026-09-02,28,4,-50.0,1250.0,1300.0,1,0,0
E_BROAB-1,2026-09-02,29,3,111.24666666666667,190.24333333333334,78.99666666666667,0,0,0
E_BROAB-1,2026-09-02,30,4,118.0275,199.185,81.1575,0,0,0
E_BROAB-1,2026-09-02,31,3,116.54666666666667,198.03666666666666,81.49,0,0,0
E_BROAB-1,2026-09-02,32,3,120.51666666666667,201.58,81.06333333333335,0,0,0
E_BROAB-1,2026-09-02,33,4,-50.0,1250.0,1300.0,0,0,0
E_BROAB-1,2026-09-02,34,2,119.485,215.115,95.63000000000001,0,0,0
E_BROAB-1,2026-09-02,35,3,131.04666666666665,215.10333333333332,84.05666666666667,1,1,1
E_BROAB-1,2026-09-02,36,3,133.45333333333332,204.98333333333335,71.53000000000003,0,0,0
E_BROAB-1,2026-09-02,37,3,133.93666666666664,204.97333333333333,71.03666666666669,0,0,0
E_BROAB-1,2026-09-02,38,3,128.81333333333333,204.96333333333334,76.15,0,0,0
E_BROAB-1,2026-09-02,39,3,129.21,204.95333333333335,75.74333333333334,1,1,0
E_BROAB-1,2026-09-02,40,3,125.04666666666667,204.9433333333333,79.89666666666663,1,1,1
E_BROAB-1,2026-09-02,41,3,120.63,196.48333333333335,75.85333333333335,1,0,1
E_BROAB-1,2026-09-02,42,3,122.77666666666669,194.70333333333335,71.92666666666666,1,1,1
E_BROAB-1,2026-09-02,43,4,114.9925,183.2075,68.215,1,0,1
E_BROAB-1,2026-09-02,44,2,103.775,180.945,77.16999999999999,1,0,0
E_BROAB-1,2026-09-02,45,3,114.12666666666667,185.07000000000002,70.94333333333336,0,0,0
E_BROAB-1,2026-09-02,46,2,114.08500000000001,178.885,64.79999999999998,0,0,0
E_BROAB-1,2026-09-02,47,3,118.98666666666666,173.48333333333335,54.496666666666684,1,1,1
E_BROAB-1,2026-09-02,48,3,118.90000000000002,171.58333333333334,52.68333333333332,1,1,1
E_BROAB-1,2026-09-03,1,3,114.93333333333334,171.57333333333335,56.640000000000015,1,1,1
E_BROAB-1,2026-09-03,2,3,100.03000000000002,171.56333333333336,71.53333333333335,1,1,1
E_BROAB-1,2026-09-03,3,2,88.705,168.985,80.28000000000002,1,0,1
E_BROAB-1,2026-09-03,4,2,87.685,163.085,75.4,0,0,0
E_BROAB-1,2026-09-03,5,3,92.31666666666666,160.41666666666666,68.1,1,1,1
E_BROAB-1,2026-09-03,6,2,93.065,163.065,70.0,1,1,1
E_BROAB-1,2026-09-03,7,2,101.015,163.055,62.040000000000006,1,1,1
E_BROAB-1,2026-09-03,8,3,101.02666666666669,169.59666666666666,68.56999999999998,1,1,1
E_BROAB-1,2026-09-03,9,3,104.78666666666668,174.14333333333332,69.35666666666664,1,1,1
E_BROAB-1,2026-09-03,10,3,104.79666666666667,184.29666666666665,79.49999999999999,1,1,1
E_BROAB-1,2026-09-03,11,2,104.805,191.375,86.57,0,0,0
E_BROAB-1,2026-09-03,12,3,109.85000000000001,200.05333333333337,90.20333333333336,0,0,0
E_BROAB-1,2026-09-03,13,2,93.065,182.285,89.22,0,0,0
E_BROAB-1,2026-09-03,14,3,89.60000000000001,181.88333333333333,92.28333333333332,0,0,0
E_BROAB-1,2026-09-03,15,2,79.285,181.875,102.59,0,0,0
E_BROAB-1,2026-09-03,16,3,80.14999999999999,180.08333333333334,99.93333333333335,0,0,0
E_BROAB-1,2026-09-03,17,3,73.91,180.07333333333335,106.16333333333336,0,0,0
E_BROAB-1,2026-09-03,18,2,61.095,171.785,110.69,0,0,0
E_BROAB-1,2026-09-03,19,2,48.035,171.775,123.74000000000001,0,0,0
E_BROAB-1,2026-09-03,20,3,52.81999999999999,145.34333333333333,92.52333333333334,1,1,1
E_BROAB-1,2026-09-03,21,3,40.25666666666666,143.48666666666665,103.22999999999999,1,0,0
E_BROAB-1,2026-09-03,22,3,25.846666666666664,142.34333333333333,116.49666666666667,1,0,1
E_BROAB-1,2026-09-03,23,3,4.516666666666667,119.22333333333334,114.70666666666668,1,0,0
E_BROAB-1,2026-09-03,24,3,4.526666666666667,109.20333333333333,104.67666666666666,0,0,0
E_BROAB-1,2026-09-03,25,4,8.912500000000001,94.86749999999999,85.95499999999998,0,0,0
E_BROAB-1,2026-09-03,26,3,-22.453333333333333,87.21666666666665,109.66999999999999,1,1,0
E_BROAB-1,2026-09-03,27,4,-2.4150000000000005,88.24000000000001,90.65500000000002,1,1,1
E_BROAB-1,2026-09-03,28,4,0.0275,102.035,102.0075,1,1,1
E_BROAB-1,2026-09-03,29,4,0.037500000000000006,139.8825,139.845,0,0,0
E_BROAB-1,2026-09-03,30,3,18.936666666666667,163.21,144.27333333333334,1,1,1
E_BROAB-1,2026-09-03,31,3,18.94666666666667,192.49,173.54333333333335,0,0,0
E_BROAB-1,2026-09-03,32,3,45.43666666666667,186.62666666666667,141.19,1,1,1
E_BROAB-1,2026-09-03,33,2,79.945,192.475,112.53,1,1,1
E_BROAB-1,2026-09-03,34,2,90.975,190.95499999999998,99.97999999999999,1,1,1
E_BROAB-1,2026-09-03,35,2,90.975,188.785,97.81,1,1,1
E_BROAB-1,2026-09-03,36,2,91.015,188.775,97.76,0,0,0
E_BROAB-1,2026-09-03,37,3,115.91666666666667,201.77999999999997,85.8633333333333,0,0,0
E_BROAB-1,2026-09-03,38,2,122.215,205.035,82.82,0,0,0
E_BROAB-1,2026-09-03,39,2,122.245,205.025,82.78,0,0,0
E_BROAB-1,2026-09-03,40,3,119.93,198.78333333333333,78.85333333333332,0,0,0
E_BROAB-1,2026-09-03,41,2,114.215,196.685,82.47,0,0,0
E_BROAB-1,2026-09-03,42,2,107.015,196.675,89.66000000000001,1,0,0
E_BROAB-1,2026-09-03,43,2,100.505,193.175,92.67000000000002,1,1,1
E_BROAB-1,2026-09-03,44,2,101.35499999999999,193.165,91.81,0,0,0
E_BROAB-1,2026-09-03,45,3,98.58,193.15333333333334,94.57333333333334,0,0,0
E_BROAB-1,2026-09-03,46,2,95.285,193.14499999999998,97.85999999999999,0,0,0
E_BROAB-1,2026-09-03,47,3,101.49,178.76333333333332,77.27333333333333,0,0,0
E_BROAB-1,2026-09-03,48,3,101.03666666666668,178.75333333333333,77.71666666666665,0,0,0
E_BROAB-1,2026-09-04,1,3,101.00666666666666,178.74333333333334,77.73666666666668,0,0,0
E_BROAB-1,2026-09-04,2,3,101.01666666666667,178.73333333333335,77.71666666666668,0,0,0
E_BROAB-1,2026-09-04,3,3,106.95333333333333,178.72333333333333,71.77,1,1,1
E_BROAB-1,2026-09-04,4,2,107.525,178.715,71.19,1,0,1
E_BROAB-1,2026-09-04,5,2,111.195,175.285,64.09,1,1,1
E_BROAB-1,2026-09-04,6,2,105.66499999999999,175.275,69.61000000000001,1,1,0
E_BROAB-1,2026-09-04,7,2,98.215,174.915,76.69999999999999,1,1,1
E_BROAB-1,2026-09-04,8,2,111.225,174.905,63.68000000000001,1,1,0
E_BROAB-1,2026-09-04,9,2,91.91499999999999,174.89499999999998,82.97999999999999,1,1,0
E_BROAB-1,2026-09-04,10,3,83.35666666666667,164.95333333333335,81.59666666666668,0,0,0
E_BROAB-1,2026-09-04,11,2,80.065,169.815,89.75,1,1,1
E_BROAB-1,2026-09-04,12,3,81.39666666666668,174.12666666666667,92.72999999999999,1,1,1
E_BROAB-1,2026-09-04,13,3,85.94,163.68333333333334,77.74333333333334,0,0,0
E_BROAB-1,2026-09-04,14,3,50.85,159.98333333333332,109.13333333333333,0,0,0
E_BROAB-1,2026-09-04,15,3,18.209999999999997,159.97333333333333,141.76333333333332,0,0,0
E_BROFB-1,2026-08-28,16,4,112.78249999999998,183.23,70.4475,0,0,0
E_BROFB-1,2026-08-28,17,4,108.91,183.26,74.35,0,0,0
E_BROFB-1,2026-08-28,18,4,105.8575,183.32,77.46249999999999,0,0,0
E_BROFB-1,2026-08-28,19,4,104.92,186.53,81.61,0,0,0
E_BROFB-1,2026-08-28,20,4,104.455,184.16,79.705,0,0,0
E_BROFB-1,2026-08-28,21,4,106.72999999999999,174.07,67.34,1,1,1
E_BROFB-1,2026-08-28,22,4,101.96999999999998,182.78,80.81000000000002,1,1,0
E_BROFB-1,2026-08-28,23,4,107.695,176.85,69.155,1,1,1
E_BROFB-1,2026-08-28,24,4,106.34,188.62,82.28,1,1,1
E_BROFB-1,2026-08-28,25,4,96.26249999999999,173.76,77.4975,0,0,0
E_BROFB-1,2026-08-28,26,4,102.32,200.0,97.68,0,0,0
E_BROFB-1,2026-08-28,27,4,107.85000000000001,173.1,65.24999999999999,1,0,1
E_BROFB-1,2026-08-28,28,4,109.26499999999999,181.35,72.08500000000001,1,1,1
E_BROFB-1,2026-08-28,29,4,97.6175,180.47000000000003,82.85250000000002,1,0,0
E_BROFB-1,2026-08-28,30,4,98.58500000000001,178.51500000000001,79.93,0,0,0
E_BROFB-1,2026-08-28,31,4,75.0,179.48250000000002,104.48250000000002,0,0,0
E_BROFB-1,2026-08-28,32,4,0.0,177.82999999999998,177.82999999999998,0,0,0
E_BROFB-1,2026-08-28,33,4,60.565,175.67,115.10499999999999,0,0,0
E_BROFB-1,2026-08-28,34,4,66.49249999999999,179.81,113.31750000000001,0,0,0
E_BROFB-1,2026-08-28,35,4,96.5725,167.16,70.58749999999999,0,0,0
E_BROFB-1,2026-08-28,36,4,101.35249999999999,209.35,107.9975,1,1,1
E_BROFB-1,2026-08-28,37,4,103.35249999999999,203.41,100.0575,0,0,0
E_BROFB-1,2026-08-28,38,4,107.92,240.0,132.07999999999998,0,0,0
E_BROFB-1,2026-08-28,39,4,108.1525,171.44,63.287499999999994,1,1,1
E_BROFB-1,2026-08-28,40,4,90.21000000000001,168.43,78.22,1,1,1
E_BROFB-1,2026-08-28,41,4,92.31,211.0,118.69,1,1,0
E_BROFB-1,2026-08-28,42,4,103.57749999999999,173.84,70.26250000000002,1,1,1
E_BROFB-1,2026-08-28,43,4,101.37,164.81,63.44,1,1,1
E_BROFB-1,2026-08-28,44,4,99.9275,156.81,56.88250000000001,1,1,1
E_BROFB-1,2026-08-28,45,4,93.81,194.0,100.19,1,1,1
E_BROFB-1,2026-08-28,46,4,87.37,190.0,102.63,1,1,1
E_BROFB-1,2026-08-28,47,4,79.8825,149.22,69.3375,0,0,0
E_BROFB-1,2026-08-28,48,4,84.53999999999999,151.09,66.55000000000001,1,0,1
E_BROFB-1,2026-08-29,1,4,78.8225,152.25,73.4275,1,1,1
E_BROFB-1,2026-08-29,2,4,77.55999999999999,158.8,81.24000000000002,1,1,1
E_BROFB-1,2026-08-29,3,4,81.0525,174.22,93.1675,1,1,1
E_BROFB-1,2026-08-29,4,4,77.27000000000001,154.68,77.41,1,0,0
E_BROFB-1,2026-08-29,5,4,77.21999999999998,162.75,85.53000000000002,1,1,1
E_BROFB-1,2026-08-29,6,4,74.0,142.49,68.49000000000001,1,1,1
E_BROFB-1,2026-08-29,7,4,70.0,151.09,81.09,0,0,0
E_BROFB-1,2026-08-29,8,4,70.0,154.13,84.13,0,0,0
E_BROFB-1,2026-08-29,9,4,70.0,170.06,100.06,0,0,0
E_BROFB-1,2026-08-29,10,4,70.0,175.87,105.87,0,0,0
E_BROFB-1,2026-08-29,11,4,79.4,182.82,103.41999999999999,1,1,1
E_BROFB-1,2026-08-29,12,4,78.4,189.79,111.38999999999999,1,1,1
E_BROFB-1,2026-08-29,13,4,75.0,193.41,118.41,1,1,1
E_BROFB-1,2026-08-29,14,4,68.33,199.44,131.11,0,0,0
E_BROFB-1,2026-08-29,15,4,64.0,183.1125,119.11250000000001,0,0,0
E_BROFB-1,2026-08-29,16,4,64.0,185.4425,121.4425,1,0,1
E_BROFB-1,2026-08-29,17,4,105.24,206.71,101.47000000000001,1,1,1
E_BROFB-1,2026-08-29,18,4,72.0,193.685,121.685,0,0,0
E_BROFB-1,2026-08-29,19,4,115.74,200.56,84.82000000000001,1,1,1
E_BROFB-1,2026-08-29,20,4,113.42,199.57,86.14999999999999,1,1,0
E_BROFB-1,2026-08-29,21,4,108.99749999999999,198.84,89.84250000000002,0,0,0
E_BROFB-1,2026-08-29,22,4,105.63,200.82,95.19,0,0,0
E_BROFB-1,2026-08-29,23,4,101.6775,198.18,96.50250000000001,0,0,0
E_BROFB-1,2026-08-29,24,4,104.88,197.99,93.11000000000001,0,0,0
E_BROFB-1,2026-08-29,25,4,102.66,194.42,91.75999999999999,0,0,0
E_BROFB-1,2026-08-29,26,4,99.62249999999999,195.87,96.24750000000002,0,0,0
E_BROFB-1,2026-08-29,27,4,98.695,198.05,99.35500000000002,0,0,0
E_BROFB-1,2026-08-29,28,4,99.53999999999999,197.33,97.79000000000002,0,0,0
E_BROFB-1,2026-08-29,29,4,99.33,200.0,100.67,0,0,0
E_BROFB-1,2026-08-29,30,4,96.35249999999999,192.41,96.0575,0,0,0
E_BROFB-1,2026-08-29,31,4,104.965,191.42,86.45499999999998,0,0,0
E_BROFB-1,2026-08-29,32,4,105.3675,188.58,83.2125,0,0,0
E_BROFB-1,2026-08-29,33,4,106.29750000000001,186.86,80.5625,1,1,1
E_BROFB-1,2026-08-29,34,4,106.33250000000001,185.08,78.7475,0,0,0
E_BROFB-1,2026-08-29,35,4,108.1325,186.07,77.9375,1,1,1
E_BROFB-1,2026-08-29,36,4,109.72500000000001,184.95,75.22499999999998,0,0,0
E_BROFB-1,2026-08-29,37,4,110.5675,186.46,75.89250000000001,0,0,0
E_BROFB-1,2026-08-29,38,4,117.13,205.0,87.87,0,0,0
E_BROFB-1,2026-08-29,39,4,100.32499999999999,191.53,91.20500000000001,0,0,0
E_BROFB-1,2026-08-29,40,4,103.91,192.54,88.63,0,0,0
E_BROFB-1,2026-08-29,41,4,109.98250000000002,190.14,80.15749999999997,1,0,1
E_BROFB-1,2026-08-29,42,4,101.05000000000001,190.57,89.51999999999998,1,0,0
E_BROFB-1,2026-08-29,43,4,99.6875,192.01,92.32249999999999,0,0,0
E_BROFB-1,2026-08-29,44,4,120.73,155.87,35.14,1,1,1
E_BROFB-1,2026-08-29,45,4,98.955,184.09,85.135,0,0,0
E_BROFB-1,2026-08-29,46,4,102.79750000000001,188.41,85.61249999999998,1,1,1
E_BROFB-1,2026-08-29,47,4,98.75,190.69,91.94,0,0,0
E_BROFB-1,2026-08-29,48,4,109.32,192.17,82.85,0,0,0
E_BROFB-1,2026-08-30,1,4,109.39999999999999,188.98,79.58,0,0,0
E_BROFB-1,2026-08-30,2,4,110.66250000000001,187.89,77.22749999999998,0,0,0
E_BROFB-1,2026-08-30,3,4,112.17250000000001,180.61,68.4375,0,0,0
E_BROFB-1,2026-08-30,4,4,122.78,215.0,92.22,0,0,0
E_BROFB-1,2026-08-30,5,4,109.86000000000001,186.64,76.77999999999997,0,0,0
E_BROFB-1,2026-08-30,6,4,109.24749999999999,184.68,75.43250000000002,0,0,0
E_BROFB-1,2026-08-30,7,4,110.36000000000001,185.21,74.85,0,0,0
E_BROFB-1,2026-08-30,8,4,112.9925,189.99,76.9975,0,0,0
E_BROFB-1,2026-08-30,9,4,117.96249999999999,187.4,69.43750000000001,1,1,1
E_BROFB-1,2026-08-30,10,4,120.28999999999999,186.97,66.68,1,0,0
E_BROFB-1,2026-08-30,11,4,110.7775,181.44,70.6625,1,1,1
E_BROFB-1,2026-08-30,12,4,109.93499999999999,179.945,70.01,1,1,0
E_BROFB-1,2026-08-30,13,4,113.68,182.22,68.53999999999999,1,1,1
E_BROFB-1,2026-08-30,14,4,111.39500000000001,181.29,69.89499999999998,1,1,1
E_BROFB-1,2026-08-30,15,4,114.4825,193.8,79.31750000000001,0,0,0
E_BROFB-1,2026-08-30,16,4,107.59499999999998,187.82,80.22500000000001,0,0,0
E_BROFB-1,2026-08-30,17,4,116.8125,186.95,70.13749999999999,0,0,0
E_BROFB-1,2026-08-30,18,4,119.44999999999999,181.01,61.56,0,0,0
E_BROFB-1,2026-08-30,19,4,107.28000000000002,220.0,112.71999999999998,0,0,0
E_BROFB-1,2026-08-30,20,4,120.25,240.0,119.75,0,0,0
E_BROFB-1,2026-08-30,21,4,110.31500000000001,199.44,89.12499999999999,0,0,0
E_BROFB-1,2026-08-30,22,4,105.465,196.31,90.845,0,0,0
E_BROFB-1,2026-08-30,23,4,111.53999999999999,208.62,97.08000000000001,0,0,0
E_BROFB-1,2026-08-30,24,4,115.795,212.28,96.485,0,0,0
E_BROFB-1,2026-08-30,25,4,114.955,211.17,96.21499999999999,0,0,0
E_BROFB-1,2026-08-30,26,4,114.82,210.03,95.21000000000001,0,0,0
E_BROFB-1,2026-08-30,27,4,114.0175,193.88,79.8625,0,0,0
E_BROFB-1,2026-08-30,28,4,113.88999999999999,194.38,80.49000000000001,0,0,0
E_BROFB-1,2026-08-30,29,4,112.27000000000001,201.47,89.19999999999999,0,0,0
E_BROFB-1,2026-08-30,30,4,109.91499999999999,209.48,99.565,0,0,0
E_BROFB-1,2026-08-30,31,4,104.39500000000001,204.18,99.785,1,1,1
E_BROFB-1,2026-08-30,32,4,106.4275,201.23,94.8025,1,1,0
E_BROFB-1,2026-08-30,33,4,109.2775,202.88,93.60249999999999,0,0,0
E_BROFB-1,2026-08-30,34,4,108.73750000000001,189.22750000000002,80.49000000000001,0,0,0
E_BROFB-1,2026-08-30,35,4,117.91,195.89,77.97999999999999,1,1,1
E_BROFB-1,2026-08-30,36,4,121.94999999999999,190.89,68.94,1,1,1
E_BROFB-1,2026-08-30,37,4,121.695,192.0,70.305,1,1,1
E_BROFB-1,2026-08-30,38,4,121.76249999999999,191.93,70.16750000000002,1,1,1
E_BROFB-1,2026-08-30,39,4,120.16749999999999,199.0,78.83250000000001,1,1,1
E_BROFB-1,2026-08-30,40,4,129.97,199.0,69.03,1,1,1
E_BROFB-1,2026-08-30,41,4,129.48,199.0,69.52000000000001,1,1,1
E_BROFB-1,2026-08-30,42,4,120.52000000000001,185.89,65.36999999999998,1,1,1
E_BROFB-1,2026-08-30,43,4,117.33,199.0,81.67,1,1,0
E_BROFB-1,2026-08-30,44,4,118.42,226.0,107.58,1,1,1
E_BROFB-1,2026-08-30,45,4,111.2225,192.56,81.3375,1,0,1
E_BROFB-1,2026-08-30,46,4,111.85000000000001,187.56,75.71,1,1,0
E_BROFB-1,2026-08-30,47,4,108.42,190.78,82.36,1,1,1
E_BROFB-1,2026-08-30,48,4,108.955,186.56,77.605,1,1,1
E_BROFB-1,2026-08-31,1,4,107.6825,188.46,80.7775,1,1,0
E_BROFB-1,2026-08-31,2,4,107.1775,187.56,80.38250000000001,0,0,0
E_BROFB-1,2026-08-31,3,4,106.01,186.61,80.60000000000001,0,0,0
E_BROFB-1,2026-08-31,4,4,102.6775,182.65,79.97250000000001,0,0,0
E_BROFB-1,2026-08-31,5,4,100.2225,188.22,87.9975,0,0,0
E_BROFB-1,2026-08-31,6,4,105.12249999999999,197.15,92.02750000000002,1,1,1
E_BROFB-1,2026-08-31,7,4,107.64750000000001,205.42,97.77249999999998,1,0,1
E_BROFB-1,2026-08-31,8,4,106.3075,189.01,82.70249999999999,1,1,1
E_BROFB-1,2026-08-31,9,4,106.6425,193.33,86.68750000000001,1,0,1
E_BROFB-1,2026-08-31,10,4,115.2325,196.0,80.7675,1,1,1
E_BROFB-1,2026-08-31,11,4,115.955,190.73,74.77499999999999,1,1,1
E_BROFB-1,2026-08-31,12,4,111.17500000000001,227.0,115.82499999999999,1,0,1
E_BROFB-1,2026-08-31,13,4,115.15,228.0,112.85,1,1,1
E_BROFB-1,2026-08-31,14,4,118.94,227.0,108.06,1,1,1
E_BROFB-1,2026-08-31,15,4,111.06,228.0,116.94,1,1,1
E_BROFB-1,2026-08-31,16,4,112.29,227.0,114.71,1,1,1
E_BROFB-1,2026-08-31,17,4,95.19,227.0,131.81,1,1,1
E_BROFB-1,2026-08-31,18,4,69.48,228.0,158.51999999999998,1,1,1
E_BROFB-1,2026-08-31,19,4,53.33,225.0,171.67000000000002,1,1,1
E_BROFB-1,2026-08-31,20,4,38.54,225.0,186.46,1,1,1
E_BROFB-1,2026-08-31,21,4,16.0875,117.16,101.07249999999999,1,1,0
E_BROFB-1,2026-08-31,22,4,17.31,210.0,192.69,0,0,0
E_BROFB-1,2026-08-31,23,4,25.590000000000003,194.52,168.93,1,1,1
E_BROFB-1,2026-08-31,24,4,30.089999999999996,213.19,183.1,1,1,0
E_BROFB-1,2026-08-31,25,4,28.205,226.77,198.565,0,0,0
E_BROFB-1,2026-08-31,26,4,31.097500000000004,216.37,185.2725,0,0,0
E_BROFB-1,2026-08-31,27,4,48.255,210.3375,162.0825,0,0,0
E_BROFB-1,2026-08-31,28,4,61.224999999999994,207.3375,146.1125,0,0,0
E_BROFB-1,2026-08-31,29,4,84.965,195.0375,110.07249999999999,1,0,0
E_BROFB-1,2026-08-31,30,4,50.0,190.75,140.75,1,1,0
E_BROFB-1,2026-08-31,31,4,92.28000000000002,192.1275,99.84749999999998,1,1,0
E_BROFB-1,2026-08-31,32,4,100.93,215.46,114.53,1,1,0
E_BROFB-1,2026-08-31,33,4,95.5075,208.76,113.2525,1,1,0
E_BROFB-1,2026-08-31,34,4,99.96249999999999,204.75,104.78750000000001,1,1,1
E_BROFB-1,2026-08-31,35,4,70.0,202.1825,132.1825,1,1,1
E_BROFB-1,2026-08-31,36,4,123.29,204.14,80.84999999999998,1,1,1
E_BROFB-1,2026-08-31,37,4,129.24,202.8,73.56,1,1,1
E_BROFB-1,2026-08-31,38,4,125.82,225.0,99.18,1,1,1
E_BROFB-1,2026-08-31,39,4,124.01,225.0,100.99,1,1,1
E_BROFB-1,2026-08-31,40,4,124.94,220.0,95.06,0,0,0
E_BROFB-1,2026-08-31,41,4,108.6425,195.73,87.08749999999999,0,0,0
E_BROFB-1,2026-08-31,42,4,104.3075,204.25,99.9425,0,0,0
E_BROFB-1,2026-08-31,43,4,104.135,202.12,97.985,0,0,0
E_BROFB-1,2026-08-31,44,4,104.28750000000001,199.63,95.34249999999999,0,0,0
E_BROFB-1,2026-08-31,45,4,107.72500000000001,200.34,92.615,0,0,0
E_BROFB-1,2026-08-31,46,4,107.85000000000001,206.74,98.89,1,1,1
E_BROFB-1,2026-08-31,47,4,106.295,202.97,96.675,1,1,1
E_BROFB-1,2026-08-31,48,4,102.8925,199.34,96.4475,1,1,1
E_BROFB-1,2026-09-01,1,4,100.79750000000001,199.34,98.54249999999999,1,1,1
E_BROFB-1,2026-09-01,2,4,107.82749999999999,202.97,95.14250000000001,1,1,1
E_BROFB-1,2026-09-01,3,4,108.81500000000001,199.11,90.295,1,1,1
E_BROFB-1,2026-09-01,4,4,98.39999999999999,195.05,96.65000000000002,1,1,0
E_BROFB-1,2026-09-01,5,4,87.53,185.77749999999997,98.24749999999997,1,0,0
E_BROFB-1,2026-09-01,6,4,91.67500000000001,190.9475,99.27249999999998,0,0,0
E_BROFB-1,2026-09-01,7,4,97.63,188.9675,91.3375,0,0,0
E_BROFB-1,2026-09-01,8,4,91.41749999999999,185.48749999999998,94.07,1,0,0
E_BROFB-1,2026-09-01,9,4,106.43,189.8,83.37,1,1,1
E_BROFB-1,2026-09-01,10,4,85.0,183.01749999999998,98.01749999999998,1,0,0
E_BROFB-1,2026-09-01,11,4,122.44,183.21,60.77000000000001,1,1,1
E_BROFB-1,2026-09-01,12,4,119.62,180.0,60.379999999999995,1,1,1
E_BROFB-1,2026-09-01,13,4,113.03,200.0,86.97,1,1,1
E_BROFB-1,2026-09-01,14,4,117.98,200.0,82.02,1,1,1
E_BROFB-1,2026-09-01,15,4,86.66250000000001,190.0,103.33749999999999,1,1,1
E_BROFB-1,2026-09-01,16,4,86.32,220.0,133.68,1,1,1
E_BROFB-1,2026-09-01,17,4,70.53,210.0,139.47,1,1,1
E_BROFB-1,2026-09-01,18,4,48.685,220.61,171.925,0,0,0
E_BROFB-1,2026-09-01,19,4,42.739999999999995,230.51,187.76999999999998,0,0,0
E_BROFB-1,2026-09-01,20,4,34.62,211.0,176.38,1,0,1
E_BROFB-1,2026-09-01,21,4,36.8175,234.41,197.5925,1,0,0
E_BROFB-1,2026-09-01,22,4,35.715,235.34750000000003,199.63250000000002,0,0,0
E_BROFB-1,2026-09-01,23,4,21.330000000000002,220.2625,198.93249999999998,0,0,0
E_BROFB-1,2026-09-01,24,4,9.067499999999999,230.35,221.2825,0,0,0
E_BROFB-1,2026-09-01,25,4,6.940000000000001,229.39,222.45,0,0,0
E_BROFB-1,2026-09-01,26,4,5.617499999999999,229.46,223.8425,0,0,0
E_BROFB-1,2026-09-01,27,4,15.0,225.16,210.16,0,0,0
E_BROFB-1,2026-09-01,28,4,-30.0,249.44,279.44,0,0,0
E_BROFB-1,2026-09-01,29,4,-25.0,257.66,282.66,0,0,0
E_BROFB-1,2026-09-01,30,4,-30.0,246.0775,276.0775,0,0,0
E_BROFB-1,2026-09-01,31,4,40.24,255.91,215.67,1,1,1
E_BROFB-1,2026-09-01,32,4,54.26,254.77,200.51000000000002,0,0,0
E_BROFB-1,2026-09-01,33,4,-25.0,239.92,264.91999999999996,0,0,0
E_BROFB-1,2026-09-01,34,4,84.9,241.15,156.25,0,0,0
E_BROFB-1,2026-09-01,35,4,-30.0,230.975,260.975,0,0,0
E_BROFB-1,2026-09-01,36,4,94.22,281.41,187.19000000000003,0,0,0
E_BROFB-1,2026-09-01,37,4,120.6,270.56,149.96,0,0,0
E_BROFB-1,2026-09-01,38,4,123.32,340.0,216.68,0,0,0
E_BROFB-1,2026-09-01,39,4,127.16,339.0,211.84,1,1,1
E_BROFB-1,2026-09-01,40,4,115.65,485.0,369.35,1,1,1
E_BROFB-1,2026-09-01,41,4,119.23499999999999,480.0,360.765,1,1,1
E_BROFB-1,2026-09-01,42,4,115.9325,258.03,142.09749999999997,1,1,0
E_BROFB-1,2026-09-01,43,4,121.85,250.0,128.15,1,0,0
E_BROFB-1,2026-09-01,44,4,108.3075,205.44,97.1325,1,1,1
E_BROFB-1,2026-09-01,45,4,107.0575,208.02,100.9625,1,1,0
E_BROFB-1,2026-09-01,46,4,115.21999999999998,205.89499999999998,90.675,1,0,1
E_BROFB-1,2026-09-01,47,5,113.61599999999999,218.06400000000002,104.44800000000004,0,0,0
E_BROFB-1,2026-09-01,48,4,110.0725,221.59,111.5175,0,0,0
E_BROFB-1,2026-09-02,1,4,114.86250000000001,204.16,89.29749999999999,0,0,0
E_BROFB-1,2026-09-02,2,4,109.57749999999999,203.99,94.41250000000002,0,0,0
E_BROFB-1,2026-09-02,3,4,111.66250000000001,215.58,103.9175,0,0,0
E_BROFB-1,2026-09-02,4,4,106.40500000000002,213.32,106.91499999999998,1,0,1
E_BROFB-1,2026-09-02,5,4,121.0975,223.35,102.2525,1,1,1
E_BROFB-1,2026-09-02,6,5,127.93599999999999,224.26,96.324,1,1,1
E_BROFB-1,2026-09-02,7,5,113.248,231.962,118.71399999999998,1,1,0
E_BROFB-1,2026-09-02,8,5,110.152,215.62199999999999,105.46999999999998,1,0,0
E_BROFB-1,2026-09-02,9,5,126.272,247.95999999999998,121.68799999999997,1,1,1
E_BROFB-1,2026-09-02,10,5,129.76,227.064,97.304,0,0,0
E_BROFB-1,2026-09-02,11,4,125.7575,215.92,90.1625,0,0,0
E_BROFB-1,2026-09-02,12,4,133.1525,221.31,88.1575,1,0,1
E_BROFB-1,2026-09-02,13,4,128.7725,219.67,90.89749999999998,1,1,1
E_BROFB-1,2026-09-02,14,4,142.58,248.2,105.61999999999998,1,1,1
E_BROFB-1,2026-09-02,15,4,119.84499999999998,229.24,109.39500000000002,1,0,1
E_BROFB-1,2026-09-02,16,4,111.3675,224.08999999999997,112.72249999999997,0,0,0
E_BROFB-1,2026-09-02,17,4,113.27499999999999,213.91,100.635,0,0,0
E_BROFB-1,2026-09-02,18,4,120.6925,215.45,94.7575,0,0,0
E_BROFB-1,2026-09-02,19,4,121.22749999999999,213.23,92.0025,0,0,0
E_BROFB-1,2026-09-02,20,4,115.945,216.55,100.60500000000002,0,0,0
E_BROFB-1,2026-09-02,21,4,121.25,210.95,89.69999999999999,1,1,1
E_BROFB-1,2026-09-02,22,4,122.13749999999999,205.1,82.9625,0,0,0
E_BROFB-1,2026-09-02,23,4,125.87,206.52,80.65,0,0,0
E_BROFB-1,2026-09-02,24,4,127.26,213.98,86.71999999999998,0,0,0
E_BROFB-1,2026-09-02,25,5,123.50399999999999,201.562,78.05800000000002,0,0,0
E_BROFB-1,2026-09-02,26,5,124.06999999999998,205.36000000000004,81.29000000000006,1,0,1
E_BROFB-1,2026-09-02,27,4,132.4025,210.85,78.44749999999999,1,1,0
E_BROFB-1,2026-09-02,28,5,133.608,201.178,67.57,1,0,1
E_BROFB-1,2026-09-02,29,5,127.072,202.49,75.418,0,0,0
E_BROFB-1,2026-09-02,30,5,120.36799999999998,218.28000000000003,97.91200000000005,0,0,0
E_BROFB-1,2026-09-02,31,5,118.704,227.69,108.986,0,0,0
E_BROFB-1,2026-09-02,32,5,103.0,215.24200000000002,112.24200000000002,1,1,0
E_BROFB-1,2026-09-02,33,5,141.41,272.12,130.71,1,1,1
E_BROFB-1,2026-09-02,34,4,134.8725,238.965,104.0925,1,1,1
E_BROFB-1,2026-09-02,35,4,145.16,231.28750000000002,86.12750000000003,1,1,1
E_BROFB-1,2026-09-02,36,4,139.98,278.99,139.01000000000002,1,1,1
E_BROFB-1,2026-09-02,37,4,131.79,286.58,154.79,1,1,1
E_BROFB-1,2026-09-02,38,4,136.21,299.61,163.4,1,1,1
E_BROFB-1,2026-09-02,39,4,48.49,378.71,330.21999999999997,0,0,0
E_BROFB-1,2026-09-02,40,4,121.94,325.39,203.45,0,0,0
E_BROFB-1,2026-09-02,41,4,122.6,320.17,197.57000000000002,0,0,0
E_BROFB-1,2026-09-02,42,5,102.22,309.592,207.37199999999999,0,0,0
E_BROFB-1,2026-09-02,43,5,112.008,285.798,173.79000000000002,0,0,0
E_BROFB-1,2026-09-02,44,5,111.65599999999999,323.04,211.38400000000001,1,1,1
E_BROFB-1,2026-09-02,45,5,115.872,278.578,162.70599999999996,1,1,1
E_BROFB-1,2026-09-02,46,4,114.09250000000002,227.5675,113.47499999999998,1,1,1
E_BROFB-1,2026-09-02,47,4,113.34250000000002,203.4925,90.14999999999999,1,1,1
E_BROFB-1,2026-09-02,48,4,108.955,201.61749999999998,92.66249999999998,1,1,1
E_BROFB-1,2026-09-03,1,4,106.195,199.825,93.63,1,1,0
E_BROFB-1,2026-09-03,2,4,95.8475,189.8175,93.97,0,0,0
E_BROFB-1,2026-09-03,3,4,84.32749999999999,181.0,96.67250000000001,0,0,0
E_BROFB-1,2026-09-03,4,4,89.83250000000001,188.18,98.3475,0,0,0
E_BROFB-1,2026-09-03,5,4,83.3225,183.51,100.18749999999999,0,0,0
E_BROFB-1,2026-09-03,6,4,66.9575,180.2,113.24249999999999,0,0,0
E_BROFB-1,2026-09-03,7,4,72.875,183.11,110.23500000000001,0,0,0
E_BROFB-1,2026-09-03,8,4,83.97500000000001,178.71,94.735,0,0,0
E_BROFB-1,2026-09-03,9,4,81.33749999999999,203.21249999999998,121.87499999999999,0,0,0
E_BROFB-1,2026-09-03,10,4,98.96249999999999,198.91,99.9475,0,0,0
E_BROFB-1,2026-09-03,11,4,101.58749999999999,196.31,94.72250000000001,0,0,0
E_BROFB-1,2026-09-03,12,4,108.71249999999999,217.2,108.4875,0,0,0
E_BROFB-1,2026-09-03,13,4,105.13749999999999,218.85,113.7125,0,0,0
E_BROFB-1,2026-09-03,14,4,111.88,220.61,108.73000000000002,1,0,0
E_BROFB-1,2026-09-03,15,4,97.15500000000002,188.72,91.56499999999998,1,0,1
E_BROFB-1,2026-09-03,16,5,90.328,246.298,155.97,1,1,1
E_BROFB-1,2026-09-03,17,5,77.43,245.67,168.23999999999998,1,0,1
E_BROFB-1,2026-09-03,18,5,69.256,234.11600000000004,164.86000000000004,1,1,1
E_BROFB-1,2026-09-03,19,4,72.2575,203.10250000000002,130.84500000000003,1,1,1
E_BROFB-1,2026-09-03,20,4,60.165,263.61,203.44500000000002,1,1,0
E_BROFB-1,2026-09-03,21,4,47.09,255.93,208.84,1,1,0
E_BROFB-1,2026-09-03,22,4,32.59,211.41,178.82,1,0,1
E_BROFB-1,2026-09-03,23,4,4.334999999999999,210.79,206.45499999999998,1,1,1
E_BROFB-1,2026-09-03,24,5,5.824,193.18,187.356,1,1,1
E_BROFB-1,2026-09-03,25,5,-4.831999999999999,139.81,144.642,1,1,1
E_BROFB-1,2026-09-03,26,5,-8.584,103.57000000000001,112.15400000000001,1,0,1
E_BROFB-1,2026-09-03,27,5,-18.0,87.162,105.162,1,1,1
E_BROFB-1,2026-09-03,28,5,-30.0,137.144,167.144,0,0,0
E_BROFB-1,2026-09-03,29,5,-31.0,164.376,195.376,0,0,0
E_BROFB-1,2026-09-03,30,4,-15.28,246.75,262.03,0,0,0
E_BROFB-1,2026-09-03,31,4,19.02,233.34,214.32,1,0,1
E_BROFB-1,2026-09-03,32,4,33.96,233.23,199.26999999999998,1,1,1
E_BROFB-1,2026-09-03,33,4,90.96,219.65,128.69,0,0,0
E_BROFB-1,2026-09-03,34,5,106.28,216.836,110.55600000000001,0,0,0
E_BROFB-1,2026-09-03,35,4,136.85,211.83,74.98000000000002,1,0,1
E_BROFB-1,2026-09-03,36,4,131.99,207.915,75.92499999999998,1,1,1
E_BROFB-1,2026-09-03,37,4,127.46,227.07999999999998,99.61999999999999,1,1,0
E_BROFB-1,2026-09-03,38,4,146.8725,264.06,117.1875,0,0,0
E_BROFB-1,2026-09-03,39,4,149.15,275.58,126.42999999999998,0,0,0
E_BROFB-1,2026-09-03,40,4,139.525,297.54,158.01500000000001,0,0,0
E_BROFB-1,2026-09-03,41,4,137.7525,375.63,237.8775,0,0,0
E_BROFB-1,2026-09-03,42,4,103.285,233.605,130.32,0,0,0
E_BROFB-1,2026-09-03,43,5,114.104,269.284,155.18,0,0,0
E_BROFB-1,2026-09-03,44,5,97.54400000000001,287.95400000000006,190.41000000000005,0,0,0
E_BROFB-1,2026-09-03,45,5,101.78400000000002,320.94,219.15599999999998,0,0,0
E_BROFB-1,2026-09-03,46,4,104.98500000000001,310.02,205.03499999999997,0,0,0
E_BROFB-1,2026-09-03,47,4,124.88000000000001,224.98,100.09999999999998,0,0,0
E_BROFB-1,2026-09-03,48,4,86.38749999999999,180.83,94.44250000000002,0,0,0
E_BROFB-1,2026-09-04,1,4,85.255,182.42,97.16499999999999,1,1,1
E_BROFB-1,2026-09-04,2,4,88.36000000000001,175.7,87.33999999999997,1,1,1
E_BROFB-1,2026-09-04,3,5,89.928,187.746,97.81800000000001,0,0,0
E_BROFB-1,2026-09-04,4,5,101.51199999999999,183.44400000000002,81.93200000000003,1,1,1
E_BROFB-1,2026-09-04,5,5,102.33600000000001,168.154,65.81799999999998,1,1,1
E_BROFB-1,2026-09-04,6,5,81.824,201.148,119.324,1,1,0
E_BROFB-1,2026-09-04,7,4,75.62249999999999,195.17,119.5475,0,0,0
E_BROFB-1,2026-09-04,8,4,80.39999999999999,193.14,112.74,0,0,0
E_BROFB-1,2026-09-04,9,4,79.79249999999999,175.34,95.54750000000001,0,0,0
E_BROFB-1,2026-09-04,10,4,94.205,185.57,91.365,0,0,0
E_BROFB-1,2026-09-04,11,4,96.61250000000001,191.21,94.5975,0,0,0
E_BROFB-1,2026-09-04,12,4,98.52250000000001,191.71,93.1875,0,0,0
E_BROFB-1,2026-09-04,13,4,103.3925,211.96,108.56750000000001,1,1,1
E_BROFB-1,2026-09-04,14,4,93.2225,211.31,118.0875,1,1,1
E_BROFB-1,2026-09-04,15,4,110.44,228.85,118.41,1,1,0
E_BROXB-1,2026-08-28,16,2,158.6,168.6,10.0,0,0,0
E_BROXB-1,2026-08-28,17,2,145.26999999999998,155.26999999999998,10.0,0,0,0
E_BROXB-1,2026-08-28,18,2,159.32,169.32,10.0,0,0,0
E_BROXB-1,2026-08-28,19,2,142.94,152.94,10.0,1,0,1
E_BROXB-1,2026-08-28,20,2,139.87,149.87,10.0,1,1,1
E_BROXB-1,2026-08-28,21,2,131.43,141.43,10.0,0,0,0
E_BROXB-1,2026-08-28,22,2,125.595,135.595,10.0,0,0,0
E_BROXB-1,2026-08-28,23,2,136.675,146.675,10.0,0,0,0
E_BROXB-1,2026-08-28,24,2,133.135,143.135,10.0,0,0,0
E_BROXB-1,2026-08-28,25,2,135.375,145.375,10.0,0,0,0
E_BROXB-1,2026-08-28,26,2,125.36500000000001,135.365,10.0,1,1,0
E_BROXB-1,2026-08-28,27,2,119.41,129.41,10.0,1,1,1
E_BROXB-1,2026-08-28,28,2,117.92500000000001,127.92500000000001,10.0,0,0,0
E_BROXB-1,2026-08-28,29,2,111.63,121.63,10.0,1,1,1
E_BROXB-1,2026-08-28,30,2,106.86,116.86,10.0,1,1,1
E_BROXB-1,2026-08-28,31,2,97.195,107.195,10.0,1,1,1
E_BROXB-1,2026-08-28,32,2,105.1,115.1,10.0,1,1,1
E_BROXB-1,2026-08-28,33,2,118.86500000000001,128.865,10.0,1,1,0
E_BROXB-1,2026-08-28,34,2,125.12,135.12,10.0,1,1,1
E_BROXB-1,2026-08-28,35,2,127.36000000000001,137.36,10.0,1,0,0
E_BROXB-1,2026-08-28,36,2,125.595,135.595,10.0,1,1,1
E_BROXB-1,2026-08-28,37,2,130.42000000000002,140.42000000000002,10.0,1,0,1
E_BROXB-1,2026-08-28,38,2,122.85,132.85,10.0,1,1,1
E_BROXB-1,2026-08-28,39,2,131.68,141.68,10.0,1,1,1
E_BROXB-1,2026-08-28,40,2,129.94,139.94,10.0,1,0,0
E_BROXB-1,2026-08-28,41,2,131.015,141.015,10.0,1,1,1
E_BROXB-1,2026-08-28,42,2,129.67,139.67,10.0,1,1,1
E_BROXB-1,2026-08-28,43,2,145.07,155.07,10.0,1,0,1
E_BROXB-1,2026-08-28,44,2,123.02,133.01999999999998,9.999999999999986,0,0,0
E_BROXB-1,2026-08-28,45,2,115.11500000000001,125.11500000000001,10.0,0,0,0
E_BROXB-1,2026-08-28,46,2,114.035,124.035,10.0,0,0,0
E_BROXB-1,2026-08-28,47,2,95.83,105.82999999999998,9.999999999999986,0,0,0
E_BROXB-1,2026-08-28,48,2,92.0,102.0,10.0,0,0,0
E_BROXB-1,2026-08-29,1,2,98.96,108.96,10.0,0,0,0
E_BROXB-1,2026-08-29,2,2,92.92,102.91999999999999,9.999999999999986,0,0,0
E_BROXB-1,2026-08-29,3,2,98.01,108.01,10.0,0,0,0
E_BROXB-1,2026-08-29,4,2,84.035,94.035,10.0,0,0,0
E_BROXB-1,2026-08-29,5,2,85.36500000000001,95.365,9.999999999999986,0,0,0
E_BROXB-1,2026-08-29,6,2,82.25,92.25,10.0,0,0,0
E_BROXB-1,2026-08-29,7,2,81.49000000000001,91.49000000000001,10.0,0,0,0
E_BROXB-1,2026-08-29,8,2,78.63,88.63,10.0,0,0,0
E_BROXB-1,2026-08-29,9,2,78.765,88.765,10.0,0,0,0
E_BROXB-1,2026-08-29,10,2,79.52,89.52000000000001,10.000000000000014,1,1,0
E_BROXB-1,2026-08-29,11,2,81.65,91.65,10.0,1,1,1
E_BROXB-1,2026-08-29,12,2,77.4,87.4,10.0,1,1,1
E_BROXB-1,2026-08-29,13,2,80.03,90.03,10.0,0,0,0
E_BROXB-1,2026-08-29,14,2,74.88,84.88,10.0,0,0,0
E_BROXB-1,2026-08-29,15,2,89.17,99.17,10.0,1,1,1
E_BROXB-1,2026-08-29,16,2,109.045,119.045,10.0,0,0,0
E_BROXB-1,2026-08-29,17,2,116.94999999999999,126.94999999999999,10.0,0,0,0
E_BROXB-1,2026-08-29,18,2,124.485,134.485,10.000000000000014,0,0,0
E_BROXB-1,2026-08-29,19,2,148.38,158.38,10.0,1,1,1
E_BROXB-1,2026-08-29,20,2,142.225,152.225,10.0,0,0,0
E_BROXB-1,2026-08-29,21,2,145.52,155.51999999999998,9.999999999999972,0,0,0
E_BROXB-1,2026-08-29,22,2,145.205,155.205,10.0,0,0,0
E_BROXB-1,2026-08-29,23,2,145.655,155.655,10.0,0,0,0
E_BROXB-1,2026-08-29,24,2,151.795,161.795,10.0,0,0,0
E_BROXB-1,2026-08-29,25,2,150.55,160.55,10.0,0,0,0
E_BROXB-1,2026-08-29,26,2,147.8,157.8,10.0,0,0,0
E_BROXB-1,2026-08-29,27,2,138.885,148.885,10.0,0,0,0
E_BROXB-1,2026-08-29,28,2,145.45499999999998,155.45499999999998,10.0,0,0,0
E_BROXB-1,2026-08-29,29,2,142.065,152.065,10.0,0,0,0
E_BROXB-1,2026-08-29,30,2,136.535,146.535,10.0,0,0,0
E_BROXB-1,2026-08-29,31,2,148.04,158.04,10.0,0,0,0
E_BROXB-1,2026-08-29,32,2,146.16,156.16,10.0,0,0,0
E_BROXB-1,2026-08-29,33,2,148.1,158.1,10.0,0,0,0
E_BROXB-1,2026-08-29,34,2,147.75,157.75,10.0,0,0,0
E_BROXB-1,2026-08-29,35,2,147.565,157.565,10.0,0,0,0
E_BROXB-1,2026-08-29,36,2,147.84,157.84,10.0,0,0,0
E_BROXB-1,2026-08-29,37,2,146.4,156.4,10.0,0,0,0
E_BROXB-1,2026-08-29,38,2,145.42000000000002,155.42000000000002,10.0,0,0,0
E_BROXB-1,2026-08-29,39,2,155.855,165.855,10.0,0,0,0
E_BROXB-1,2026-08-29,40,2,143.455,153.455,10.0,0,0,0
E_BROXB-1,2026-08-29,41,2,136.055,146.055,10.0,0,0,0
E_BROXB-1,2026-08-29,42,2,128.69,138.69,10.0,0,0,0
E_BROXB-1,2026-08-29,43,2,129.4,139.4,10.0,0,0,0
E_BROXB-1,2026-08-29,44,2,130.47,140.47,10.0,0,0,0
E_BROXB-1,2026-08-29,45,2,127.41,137.41,10.0,0,0,0
E_BROXB-1,2026-08-29,46,2,130.13,140.13,10.0,0,0,0
E_BROXB-1,2026-08-29,47,2,140.735,150.735,10.0,0,0,0
E_BROXB-1,2026-08-29,48,2,143.70499999999998,153.70499999999998,10.0,0,0,0
E_BROXB-1,2026-08-30,1,2,146.05,156.05,10.0,0,0,0
E_BROXB-1,2026-08-30,2,2,143.735,153.735,10.0,0,0,0
E_BROXB-1,2026-08-30,3,2,151.28,161.28,10.0,0,0,0
E_BROXB-1,2026-08-30,4,2,149.37,159.37,10.0,0,0,0
E_BROXB-1,2026-08-30,5,2,139.535,149.535,10.0,0,0,0
E_BROXB-1,2026-08-30,6,2,144.85500000000002,154.85500000000002,10.0,0,0,0
E_BROXB-1,2026-08-30,7,2,143.7,153.7,10.0,1,1,1
E_BROXB-1,2026-08-30,8,2,140.47,150.47,10.0,1,1,0
E_BROXB-1,2026-08-30,9,2,135.575,145.575,10.0,0,0,0
E_BROXB-1,2026-08-30,10,2,129.32999999999998,139.32999999999998,10.0,0,0,0
E_BROXB-1,2026-08-30,11,2,130.425,140.425,10.0,0,0,0
E_BROXB-1,2026-08-30,12,2,127.38,137.38,10.0,0,0,0
E_BROXB-1,2026-08-30,13,2,131.925,141.925,10.0,0,0,0
E_BROXB-1,2026-08-30,14,2,130.715,140.715,10.0,0,0,0
E_BROXB-1,2026-08-30,15,2,134.47,144.47,10.0,0,0,0
E_BROXB-1,2026-08-30,16,2,146.01,156.01,10.0,0,0,0
E_BROXB-1,2026-08-30,17,2,143.37,153.37,10.0,0,0,0
E_BROXB-1,2026-08-30,18,2,144.135,154.135,10.0,0,0,0
E_BROXB-1,2026-08-30,19,2,149.41,159.41,10.0,0,0,0
E_BROXB-1,2026-08-30,20,2,156.255,166.255,10.0,0,0,0
E_BROXB-1,2026-08-30,21,2,158.76500000000001,168.765,9.999999999999972,0,0,0
E_BROXB-1,2026-08-30,22,2,156.91,166.91000000000003,10.000000000000028,0,0,0
E_BROXB-1,2026-08-30,23,2,162.79500000000002,172.79500000000002,10.0,0,0,0
E_BROXB-1,2026-08-30,24,2,161.63,171.63,10.0,0,0,0
E_BROXB-1,2026-08-30,25,2,161.16,171.16,10.0,0,0,0
E_BROXB-1,2026-08-30,26,2,158.555,168.555,10.0,0,0,0
E_BROXB-1,2026-08-30,27,2,154.635,164.635,10.0,1,0,0
E_BROXB-1,2026-08-30,28,2,147.36,157.36,10.0,1,0,1
E_BROXB-1,2026-08-30,29,2,146.33499999999998,156.33499999999998,10.0,0,0,0
E_BROXB-1,2026-08-30,30,2,152.345,162.345,10.0,0,0,0
E_BROXB-1,2026-08-30,31,2,161.045,171.04500000000002,10.000000000000028,0,0,0
E_BROXB-1,2026-08-30,32,2,153.70499999999998,163.70499999999998,10.0,1,1,1
E_BROXB-1,2026-08-30,33,2,152.97,162.97,10.0,0,0,0
E_BROXB-1,2026-08-30,34,2,145.19,155.19,10.0,0,0,0
E_BROXB-1,2026-08-30,35,2,159.14999999999998,169.14999999999998,10.0,1,1,1
E_BROXB-1,2026-08-30,36,2,163.01999999999998,173.01999999999998,10.0,1,1,1
E_BROXB-1,2026-08-30,37,2,162.135,172.135,10.0,1,1,1
E_BROXB-1,2026-08-30,38,2,159.25,169.25,10.0,0,0,0
E_BROXB-1,2026-08-30,39,2,152.29,162.29,10.0,0,0,0
E_BROXB-1,2026-08-30,40,2,160.38,170.38,10.0,0,0,0
E_BROXB-1,2026-08-30,41,2,172.77499999999998,182.77499999999998,10.0,0,0,0
E_BROXB-1,2026-08-30,42,2,160.97,170.97000000000003,10.000000000000028,0,0,0
E_BROXB-1,2026-08-30,43,2,157.67000000000002,167.67000000000002,10.0,0,0,0
E_BROXB-1,2026-08-30,44,2,156.07,166.07,10.0,1,1,1
E_BROXB-1,2026-08-30,45,2,139.415,149.415,10.0,0,0,0
E_BROXB-1,2026-08-30,46,2,140.345,150.345,10.0,0,0,0
E_BROXB-1,2026-08-30,47,2,142.435,152.435,10.0,0,0,0
E_BROXB-1,2026-08-30,48,2,134.2,144.2,10.0,0,0,0
E_BROXB-1,2026-08-31,1,2,131.63,141.63,10.0,0,0,0
E_BROXB-1,2026-08-31,2,2,130.265,140.265,10.0,0,0,0
E_BROXB-1,2026-08-31,3,2,130.95,140.95,10.0,0,0,0
E_BROXB-1,2026-08-31,4,2,136.62,146.62,10.0,0,0,0
E_BROXB-1,2026-08-31,5,2,139.125,149.125,10.0,1,1,1
E_BROXB-1,2026-08-31,6,2,139.875,149.875,10.0,1,1,0
E_BROXB-1,2026-08-31,7,2,137.985,147.985,10.0,1,1,1
E_BROXB-1,2026-08-31,8,2,131.0,141.0,10.0,0,0,0
E_BROXB-1,2026-08-31,9,2,128.17000000000002,138.17000000000002,10.0,0,0,0
E_BROXB-1,2026-08-31,10,2,135.36,145.36,10.0,1,1,0
E_BROXB-1,2026-08-31,11,2,137.93,147.93,10.0,1,0,0
E_BROXB-1,2026-08-31,12,2,146.83,156.83,10.0,0,0,0
E_BROXB-1,2026-08-31,13,2,144.70999999999998,154.70999999999998,10.0,1,1,1
E_BROXB-1,2026-08-31,14,2,143.575,153.575,10.0,1,1,1
E_BROXB-1,2026-08-31,15,2,158.14,168.14,10.0,1,1,1
E_BROXB-1,2026-08-31,16,2,160.3,170.3,10.0,1,1,1
E_BROXB-1,2026-08-31,17,2,166.69,176.69,10.0,1,1,1
E_BROXB-1,2026-08-31,18,2,100.25,110.25,10.0,1,1,1
E_BROXB-1,2026-08-31,19,2,87.875,97.875,10.0,1,1,0
E_BROXB-1,2026-08-31,20,2,59.325,69.325,10.0,0,0,0
E_BROXB-1,2026-08-31,21,2,37.14,47.14,10.0,1,0,1
E_BROXB-1,2026-08-31,22,2,36.485,46.485,10.0,1,0,1
E_BROXB-1,2026-08-31,23,2,41.825,51.825,10.0,0,0,0
E_BROXB-1,2026-08-31,24,2,53.02,63.02,10.0,0,0,0
E_BROXB-1,2026-08-31,25,2,59.735,69.735,10.0,0,0,0
E_BROXB-1,2026-08-31,26,2,65.255,75.255,10.0,1,1,1
E_BROXB-1,2026-08-31,27,2,77.98,87.98,10.0,1,1,1
E_BROXB-1,2026-08-31,28,2,89.985,99.985,10.0,1,1,1
E_BROXB-1,2026-08-31,29,2,121.075,131.075,9.999999999999986,1,1,1
E_BROXB-1,2026-08-31,30,2,137.825,147.825,10.0,0,0,0
E_BROXB-1,2026-08-31,31,2,138.935,148.935,10.0,0,0,0
E_BROXB-1,2026-08-31,32,2,130.415,140.415,10.0,1,1,1
E_BROXB-1,2026-08-31,33,2,110.795,120.795,10.0,1,1,1
E_BROXB-1,2026-08-31,34,2,148.495,158.495,10.0,0,0,0
E_BROXB-1,2026-08-31,35,2,148.41,158.41,10.0,0,0,0
E_BROXB-1,2026-08-31,36,2,155.54,165.54,10.0,1,1,1
E_BROXB-1,2026-08-31,37,2,156.855,166.85500000000002,10.000000000000028,1,1,1
E_BROXB-1,2026-08-31,38,2,158.915,168.91500000000002,10.000000000000028,1,1,1
E_BROXB-1,2026-08-31,39,2,161.26999999999998,171.26999999999998,10.0,1,1,1
E_BROXB-1,2026-08-31,40,2,161.365,171.365,10.0,1,1,1
E_BROXB-1,2026-08-31,41,2,155.62,165.62,10.0,1,1,0
E_BROXB-1,2026-08-31,42,2,146.4,156.4,10.0,0,0,0
E_BROXB-1,2026-08-31,43,2,156.845,166.845,10.0,0,0,0
E_BROXB-1,2026-08-31,44,2,145.70499999999998,155.70499999999998,10.0,0,0,0
E_BROXB-1,2026-08-31,45,2,133.41,143.41,10.0,0,0,0
E_BROXB-1,2026-08-31,46,2,131.5,141.5,10.0,0,0,0
E_BROXB-1,2026-08-31,47,2,141.79500000000002,151.79500000000002,10.0,1,1,1
E_BROXB-1,2026-08-31,48,2,138.28,148.28,10.0,1,1,1
E_BROXB-1,2026-09-01,1,2,136.77,146.77,10.0,1,1,1
E_BROXB-1,2026-09-01,2,2,132.6,142.6,10.0,1,0,1
E_BROXB-1,2026-09-01,3,2,133.01,143.01,10.0,1,1,1
E_BROXB-1,2026-09-01,4,2,134.255,144.255,10.0,1,1,1
E_BROXB-1,2026-09-01,5,2,119.18,129.18,10.0,1,1,1
E_BROXB-1,2026-09-01,6,2,111.77,121.77,10.0,1,0,0
E_BROXB-1,2026-09-01,7,2,117.105,127.105,10.0,1,1,1
E_BROXB-1,2026-09-01,8,2,123.22,133.22,10.0,1,1,1
E_BROXB-1,2026-09-01,9,2,121.125,131.125,10.0,1,0,1
E_BROXB-1,2026-09-01,10,2,135.32,145.32,10.0,1,1,1
E_BROXB-1,2026-09-01,11,2,143.99,153.99,10.0,1,1,1
E_BROXB-1,2026-09-01,12,2,148.735,158.735,10.0,1,1,1
E_BROXB-1,2026-09-01,13,2,149.695,159.695,10.0,1,1,1
E_BROXB-1,2026-09-01,14,2,141.475,151.475,10.0,1,1,1
E_BROXB-1,2026-09-01,15,2,153.625,163.625,10.0,1,1,1
E_BROXB-1,2026-09-01,16,2,120.22999999999999,130.23,10.0,1,1,1
E_BROXB-1,2026-09-01,17,2,106.44,116.44,10.0,1,1,0
E_BROXB-1,2026-09-01,18,2,88.70500000000001,98.70500000000001,10.0,0,0,0
E_BROXB-1,2026-09-01,19,2,68.12,78.12,10.0,0,0,0
E_BROXB-1,2026-09-01,20,2,71.025,81.025,10.0,0,0,0
E_BROXB-1,2026-09-01,21,2,60.63,70.63,9.999999999999993,0,0,0
E_BROXB-1,2026-09-01,22,2,53.43,63.43,10.0,0,0,0
E_BROXB-1,2026-09-01,23,2,40.995,50.995,10.0,0,0,0
E_BROXB-1,2026-09-01,24,2,38.28,48.28,10.0,0,0,0
E_BROXB-1,2026-09-01,25,2,38.92,48.92,10.0,0,0,0
E_BROXB-1,2026-09-01,26,2,28.809999999999995,38.809999999999995,10.0,0,0,0
E_BROXB-1,2026-09-01,27,2,25.115000000000002,35.115,10.0,0,0,0
E_BROXB-1,2026-09-01,28,2,36.985,46.985,10.0,0,0,0
E_BROXB-1,2026-09-01,29,2,37.315000000000005,47.315000000000005,10.0,0,0,0
E_BROXB-1,2026-09-01,30,2,63.34,73.34,10.0,1,1,1
E_BROXB-1,2026-09-01,31,2,74.465,84.465,10.0,1,1,1
E_BROXB-1,2026-09-01,32,2,98.885,108.885,10.0,0,0,0
E_BROXB-1,2026-09-01,33,2,127.02000000000001,137.02,10.0,1,0,1
E_BROXB-1,2026-09-01,34,2,136.44,146.44,10.0,1,1,1
E_BROXB-1,2026-09-01,35,2,141.385,151.385,10.0,1,1,1
E_BROXB-1,2026-09-01,36,2,146.945,156.945,10.0,1,1,1
E_BROXB-1,2026-09-01,37,2,167.66500000000002,177.66500000000002,10.0,1,0,1
E_BROXB-1,2026-09-01,38,2,165.005,175.005,10.0,1,1,1
E_BROXB-1,2026-09-01,39,2,165.655,175.655,10.0,1,1,1
E_BROXB-1,2026-09-01,40,2,172.27499999999998,182.27499999999998,10.0,1,1,1
E_BROXB-1,2026-09-01,41,2,164.67,174.67,10.0,1,1,0
E_BROXB-1,2026-09-01,42,2,154.76,164.76,10.0,0,0,0
E_BROXB-1,2026-09-01,43,2,160.925,170.925,10.0,0,0,0
E_BROXB-1,2026-09-01,44,2,151.97,161.97,10.0,0,0,0
E_BROXB-1,2026-09-01,45,2,155.335,165.335,10.0,1,1,1
E_BROXB-1,2026-09-01,46,2,164.0,174.0,10.0,0,0,0
E_BROXB-1,2026-09-01,47,2,148.895,158.895,10.0,1,1,1
E_BROXB-1,2026-09-01,48,2,155.315,165.315,10.0,0,0,0
E_BROXB-1,2026-09-02,1,2,155.45499999999998,165.45499999999998,10.0,0,0,0
E_BROXB-1,2026-09-02,2,2,160.57,170.57,10.0,0,0,0
E_BROXB-1,2026-09-02,3,2,154.095,164.095,10.0,0,0,0
E_BROXB-1,2026-09-02,4,2,166.305,176.305,10.0,0,0,0
E_BROXB-1,2026-09-02,5,2,170.31,180.31,10.0,1,0,1
E_BROXB-1,2026-09-02,6,2,169.375,179.375,10.0,1,0,1
E_BROXB-1,2026-09-02,7,2,174.22500000000002,184.22500000000002,10.0,1,1,1
E_BROXB-1,2026-09-02,8,2,173.14,183.14,10.0,0,0,0
E_BROXB-1,2026-09-02,9,2,171.545,181.545,10.0,0,0,0
E_BROXB-1,2026-09-02,10,2,173.355,183.355,10.0,0,0,0
E_BROXB-1,2026-09-02,11,2,178.13,188.13,10.0,0,0,0
E_BROXB-1,2026-09-02,12,2,179.61,189.61,10.0,1,0,1
E_BROXB-1,2026-09-02,13,2,179.61,189.61,10.0,1,1,1
E_BROXB-1,2026-09-02,14,2,169.70499999999998,179.70499999999998,10.0,0,0,0
E_BROXB-1,2026-09-02,15,2,157.75,167.75,10.0,0,0,0
E_BROXB-1,2026-09-02,16,2,177.74,187.74,10.0,0,0,0
E_BROXB-1,2026-09-02,17,2,-9999.0,9999.0,19998.0,0,0,0
E_BROXB-1,2026-09-02,18,2,-9999.0,9999.0,19998.0,0,0,0
E_BROXB-1,2026-09-02,19,2,-9999.0,9999.0,19998.0,0,0,0
E_BROXB-1,2026-09-02,20,2,-9999.0,9999.0,19998.0,0,0,0
E_BROXB-1,2026-09-02,21,2,156.76,166.76,10.0,0,0,0
E_BROXB-1,2026-09-02,22,2,162.93,172.93,10.0,0,0,0
E_BROXB-1,2026-09-02,23,2,158.185,168.185,10.0,0,0,0
E_BROXB-1,2026-09-02,24,2,143.6,153.6,10.0,0,0,0
E_BROXB-1,2026-09-02,25,2,164.89999999999998,174.89999999999998,10.0,0,0,0
E_BROXB-1,2026-09-02,26,2,154.01,164.01,10.0,0,0,0
E_BROXB-1,2026-09-02,27,2,145.79,155.79,10.0,1,0,1
E_BROXB-1,2026-09-02,28,2,142.35,152.35,10.0,1,0,1
E_BROXB-1,2026-09-02,29,2,138.145,148.145,10.0,0,0,0
E_BROXB-1,2026-09-02,30,2,138.185,148.185,10.0,0,0,0
E_BROXB-1,2026-09-02,31,2,137.225,147.225,10.0,0,0,0
E_BROXB-1,2026-09-02,32,2,154.37,164.37,10.0,0,0,0
E_BROXB-1,2026-09-02,33,2,155.76,165.76,10.0,1,1,1
E_BROXB-1,2026-09-02,34,2,172.48,182.48,10.0,1,1,1
E_BROXB-1,2026-09-02,35,2,174.77499999999998,184.77499999999998,10.0,1,1,1
E_BROXB-1,2026-09-02,36,2,165.47,175.47000000000003,10.000000000000028,1,1,1
E_BROXB-1,2026-09-02,37,2,170.4,180.4,10.0,1,1,1
E_BROXB-1,2026-09-02,38,2,166.385,176.385,10.0,1,1,0
E_BROXB-1,2026-09-02,39,2,164.47500000000002,174.47500000000002,10.0,0,0,0
E_BROXB-1,2026-09-02,40,2,158.285,168.285,10.0,0,0,0
E_BROXB-1,2026-09-02,41,2,153.93,163.93,10.0,0,0,0
E_BROXB-1,2026-09-02,42,2,149.5,159.5,10.0,0,0,0
E_BROXB-1,2026-09-02,43,2,145.81,155.81,10.0,0,0,0
E_BROXB-1,2026-09-02,44,2,145.01999999999998,155.01999999999998,10.0,0,0,0
E_BROXB-1,2026-09-02,45,2,146.515,156.515,10.0,0,0,0
E_BROXB-1,2026-09-02,46,2,149.87,159.87,10.0,0,0,0
E_BROXB-1,2026-09-02,47,2,145.55,155.55,10.0,1,0,1
E_BROXB-1,2026-09-02,48,2,146.05,156.05,10.0,1,1,1
E_BROXB-1,2026-09-03,1,2,136.52,146.52,10.0,0,0,0
E_BROXB-1,2026-09-03,2,2,124.455,134.45499999999998,9.999999999999986,0,0,0
E_BROXB-1,2026-09-03,3,2,123.87,133.87,10.0,0,0,0
E_BROXB-1,2026-09-03,4,2,124.76,134.76,9.999999999999986,0,0,0
E_BROXB-1,2026-09-03,5,2,130.065,140.065,10.0,0,0,0
E_BROXB-1,2026-09-03,6,2,133.45,143.45,10.0,0,0,0
E_BROXB-1,2026-09-03,7,2,137.07999999999998,147.07999999999998,10.0,0,0,0
E_BROXB-1,2026-09-03,8,2,136.82,146.82,10.0,0,0,0
E_BROXB-1,2026-09-03,9,2,140.095,150.095,10.0,0,0,0
E_BROXB-1,2026-09-03,10,2,143.555,153.555,10.0,0,0,0
E_BROXB-1,2026-09-03,11,2,146.04,156.04,10.0,0,0,0
E_BROXB-1,2026-09-03,12,2,199.0,209.0,10.0,0,0,0
E_BROXB-1,2026-09-03,13,2,151.555,161.555,10.0,0,0,0
E_BROXB-1,2026-09-03,14,2,149.13,159.13,10.0,1,0,1
E_BROXB-1,2026-09-03,15,2,145.285,155.285,10.0,1,0,0
E_BROXB-1,2026-09-03,16,2,146.435,156.435,10.0,1,1,1
E_BROXB-1,2026-09-03,17,2,136.725,146.725,10.0,1,1,1
E_BROXB-1,2026-09-03,18,2,122.57499999999999,132.575,10.0,1,1,0
E_BROXB-1,2026-09-03,19,2,124.86500000000001,134.865,10.0,1,1,1
E_BROXB-1,2026-09-03,20,2,120.66499999999999,130.665,10.0,1,1,0
E_BROXB-1,2026-09-03,21,2,75.84,85.84,10.0,0,0,0
E_BROXB-1,2026-09-03,22,2,49.464999999999996,59.464999999999996,10.0,0,0,0
E_BROXB-1,2026-09-03,23,2,41.525,51.525,10.0,0,0,0
E_BROXB-1,2026-09-03,24,2,32.835,42.835,10.0,0,0,0
E_BROXB-1,2026-09-03,25,2,6.539999999999999,16.54,10.0,0,0,0
E_BROXB-1,2026-09-03,26,2,4.429999999999996,14.429999999999996,10.0,0,0,0
E_BROXB-1,2026-09-03,27,2,-8.014999999999997,1.9849999999999994,9.999999999999996,0,0,0
E_BROXB-1,2026-09-03,28,2,0.875,10.875,10.0,0,0,0
E_BROXB-1,2026-09-03,29,2,-4.345000000000002,5.654999999999998,10.0,0,0,0
E_BROXB-1,2026-09-03,30,2,19.994999999999997,29.994999999999997,10.0,0,0,0
E_BROXB-1,2026-09-03,31,2,28.9,38.9,10.0,0,0,0
E_BROXB-1,2026-09-03,32,2,65.5,75.5,10.0,0,0,0
E_BROXB-1,2026-09-03,33,2,110.26499999999999,120.26499999999999,10.0,0,0,0
E_BROXB-1,2026-09-03,34,2,140.025,150.025,10.0,0,0,0
E_BROXB-1,2026-09-03,35,2,149.03,159.03,10.0,0,0,0
E_BROXB-1,2026-09-03,36,2,154.405,164.405,10.0,0,0,0
E_BROXB-1,2026-09-03,37,2,158.405,168.405,10.0,0,0,0
E_BROXB-1,2026-09-03,38,2,159.61,169.61,10.0,1,0,0
E_BROXB-1,2026-09-03,39,2,160.095,170.095,10.0,1,1,0
E_BROXB-1,2026-09-03,40,2,159.95,169.95,10.0,1,1,0
E_BROXB-1,2026-09-03,41,2,154.585,164.585,10.0,1,1,0
E_BROXB-1,2026-09-03,42,2,149.09,159.09,10.0,1,1,0
E_BROXB-1,2026-09-03,43,2,135.735,145.735,10.0,1,1,0
E_BROXB-1,2026-09-03,44,2,133.775,143.775,10.0,1,1,0
E_BROXB-1,2026-09-03,45,2,123.595,133.595,10.0,0,0,0
E_BROXB-1,2026-09-03,46,2,180.855,190.855,10.0,0,0,0
E_BROXB-1,2026-09-03,47,2,134.455,144.455,10.0,0,0,0
E_BROXB-1,2026-09-03,48,2,129.31,139.31,10.0,0,0,0
E_BROXB-1,2026-09-04,1,2,134.48,144.48,10.0,0,0,0
E_BROXB-1,2026-09-04,2,2,147.24,157.24,10.0,0,0,0
E_BROXB-1,2026-09-04,3,2,136.39,146.39,10.0,0,0,0
E_BROXB-1,2026-09-04,4,2,139.76,149.76,10.0,0,0,0
E_BROXB-1,2026-09-04,5,2,133.615,143.615,10.0,0,0,0
E_BROXB-1,2026-09-04,6,2,134.255,144.255,10.0,0,0,0
E_BROXB-1,2026-09-04,7,2,141.885,151.885,10.0,0,0,0
E_BROXB-1,2026-09-04,8,2,137.385,147.385,10.0,1,1,1
E_BROXB-1,2026-09-04,9,2,131.11,141.11,10.0,0,0,0
E_BROXB-1,2026-09-04,10,2,130.0,140.0,10.0,0,0,0
E_BROXB-1,2026-09-04,11,2,131.12,141.12,10.0,0,0,0
E_BROXB-1,2026-09-04,12,2,145.62,155.62,10.0,0,0,0
E_BROXB-1,2026-09-04,13,2,133.51,143.51,10.0,1,0,0
E_BROXB-1,2026-09-04,14,2,141.135,151.135,10.0,1,1,0
E_BROXB-1,2026-09-04,15,2,183.64499999999998,193.64499999999998,10.0,0,0,0
E_CATHB-1,2026-08-28,16,2,153.32999999999998,163.32999999999998,10.0,0,0,0
E_CATHB-1,2026-08-28,17,2,145.47,155.47,10.0,0,0,0
E_CATHB-1,2026-08-28,18,2,139.68,149.68,10.0,0,0,0
E_CATHB-1,2026-08-28,19,2,140.345,150.345,10.0,0,0,0
E_CATHB-1,2026-08-28,20,2,138.365,148.365,10.0,0,0,0
E_CATHB-1,2026-08-28,21,2,131.94,141.94,10.0,0,0,0
E_CATHB-1,2026-08-28,22,2,124.48,134.48000000000002,10.000000000000014,0,0,0
E_CATHB-1,2026-08-28,23,2,135.51999999999998,145.51999999999998,10.0,0,0,0
E_CATHB-1,2026-08-28,24,2,133.98,143.98,10.0,0,0,0
E_CATHB-1,2026-08-28,25,2,136.615,146.615,10.0,0,0,0
E_CATHB-1,2026-08-28,26,2,125.81,135.81,10.0,1,0,0
E_CATHB-1,2026-08-28,27,2,119.275,129.275,10.0,1,1,1
E_CATHB-1,2026-08-28,28,2,116.53,126.53,10.0,0,0,0
E_CATHB-1,2026-08-28,29,2,110.965,120.965,10.0,0,0,0
E_CATHB-1,2026-08-28,30,2,106.94,116.94,10.0,1,1,1
E_CATHB-1,2026-08-28,31,2,96.43,106.43,10.0,1,1,1
E_CATHB-1,2026-08-28,32,2,102.34,112.34,10.0,1,1,1
E_CATHB-1,2026-08-28,33,2,119.615,129.615,10.000000000000014,1,1,1
E_CATHB-1,2026-08-28,34,2,125.4,135.4,10.0,1,1,1
E_CATHB-1,2026-08-28,35,2,129.405,139.405,10.0,0,0,0
E_CATHB-1,2026-08-28,36,2,126.44999999999999,136.45,10.0,1,1,1
E_CATHB-1,2026-08-28,37,2,131.7,141.7,10.0,1,1,1
E_CATHB-1,2026-08-28,38,2,177.51,187.51000000000002,10.000000000000028,1,0,1
E_CATHB-1,2026-08-28,39,2,129.93,139.93,10.0,1,1,1
E_CATHB-1,2026-08-28,40,2,146.76999999999998,156.76999999999998,10.0,1,0,1
E_CATHB-1,2026-08-28,41,2,132.16500000000002,142.16500000000002,10.0,1,1,1
E_CATHB-1,2026-08-28,42,2,131.83,141.83,10.0,1,1,1
E_CATHB-1,2026-08-28,43,2,153.935,163.935,10.0,0,0,0
E_CATHB-1,2026-08-28,44,2,132.88,142.88,10.0,0,0,0
E_CATHB-1,2026-08-28,45,2,113.53,123.53,10.0,0,0,0
E_CATHB-1,2026-08-28,46,2,114.89,124.89,10.0,0,0,0
E_CATHB-1,2026-08-28,47,2,95.86000000000001,105.86000000000001,10.0,0,0,0
E_CATHB-1,2026-08-28,48,2,91.87,101.87,10.0,0,0,0
E_CATHB-1,2026-08-29,1,2,100.36000000000001,110.36000000000001,10.0,0,0,0
E_CATHB-1,2026-08-29,2,2,92.58,102.57999999999998,9.999999999999986,0,0,0
E_CATHB-1,2026-08-29,3,2,98.12,108.12,10.0,0,0,0
E_CATHB-1,2026-08-29,4,2,83.31,93.31,10.0,0,0,0
E_CATHB-1,2026-08-29,5,2,85.14,95.14,10.0,0,0,0
E_CATHB-1,2026-08-29,6,2,82.23,92.23,10.0,0,0,0
E_CATHB-1,2026-08-29,7,2,81.68,91.68,10.0,0,0,0
E_CATHB-1,2026-08-29,8,2,78.495,88.495,10.0,0,0,0
E_CATHB-1,2026-08-29,9,2,80.84,90.84,10.0,0,0,0
E_CATHB-1,2026-08-29,10,2,82.08500000000001,92.08500000000001,10.0,1,1,0
E_CATHB-1,2026-08-29,11,2,81.12,91.12,10.0,1,1,1
E_CATHB-1,2026-08-29,12,2,78.105,88.105,10.0,1,1,1
E_CATHB-1,2026-08-29,13,2,80.015,90.015,10.0,1,1,1
E_CATHB-1,2026-08-29,14,2,73.955,83.955,10.0,0,0,0
E_CATHB-1,2026-08-29,15,2,89.17500000000001,99.17500000000001,10.0,1,1,1
E_CATHB-1,2026-08-29,16,2,107.705,117.705,10.0,0,0,0
E_CATHB-1,2026-08-29,17,2,115.965,125.965,10.0,0,0,0
E_CATHB-1,2026-08-29,18,2,124.41,134.41,10.0,0,0,0
E_CATHB-1,2026-08-29,19,2,147.985,157.985,10.0,1,1,1
E_CATHB-1,2026-08-29,20,2,145.805,155.805,10.0,0,0,0
E_CATHB-1,2026-08-29,21,2,145.93,155.93,10.0,0,0,0
E_CATHB-1,2026-08-29,22,2,143.755,153.755,10.0,0,0,0
E_CATHB-1,2026-08-29,23,2,144.725,154.725,10.0,0,0,0
E_CATHB-1,2026-08-29,24,2,151.105,161.105,10.0,0,0,0
E_CATHB-1,2026-08-29,25,2,149.62,159.62,10.0,0,0,0
E_CATHB-1,2026-08-29,26,2,147.12,157.12,10.0,0,0,0
E_CATHB-1,2026-08-29,27,2,138.385,148.385,10.0,0,0,0
E_CATHB-1,2026-08-29,28,2,146.185,156.185,10.0,0,0,0
E_CATHB-1,2026-08-29,29,2,142.445,152.445,10.0,0,0,0
E_CATHB-1,2026-08-29,30,2,135.97,145.97,10.0,0,0,0
E_CATHB-1,2026-08-29,31,2,146.29,156.29,10.0,0,0,0
E_CATHB-1,2026-08-29,32,2,147.77,157.77,10.0,0,0,0
E_CATHB-1,2026-08-29,33,2,148.995,158.995,10.0,0,0,0
E_CATHB-1,2026-08-29,34,2,148.7,158.7,10.0,0,0,0
E_CATHB-1,2026-08-29,35,2,148.66,158.66,10.0,0,0,0
E_CATHB-1,2026-08-29,36,2,148.705,158.705,10.0,0,0,0
E_CATHB-1,2026-08-29,37,2,147.225,157.225,10.0,0,0,0
E_CATHB-1,2026-08-29,38,2,146.33,156.33,10.0,0,0,0
E_CATHB-1,2026-08-29,39,2,144.73499999999999,154.73499999999999,10.0,1,1,1
E_CATHB-1,2026-08-29,40,2,143.46,153.46,10.0,0,0,0
E_CATHB-1,2026-08-29,41,2,138.68,148.68,10.0,0,0,0
E_CATHB-1,2026-08-29,42,2,129.48,139.48,10.0,0,0,0
E_CATHB-1,2026-08-29,43,2,130.905,140.905,10.0,0,0,0
E_CATHB-1,2026-08-29,44,2,131.05,141.05,10.0,0,0,0
E_CATHB-1,2026-08-29,45,2,128.81,138.81,10.0,0,0,0
E_CATHB-1,2026-08-29,46,2,136.63,146.63,10.0,0,0,0
E_CATHB-1,2026-08-29,47,2,141.995,151.995,10.0,0,0,0
E_CATHB-1,2026-08-29,48,2,142.61,152.61,10.0,0,0,0
E_CATHB-1,2026-08-30,1,2,146.815,156.815,10.0,0,0,0
E_CATHB-1,2026-08-30,2,2,145.13,155.13,10.0,0,0,0
E_CATHB-1,2026-08-30,3,2,152.20499999999998,162.20499999999998,10.0,0,0,0
E_CATHB-1,2026-08-30,4,2,148.395,158.395,10.0,0,0,0
E_CATHB-1,2026-08-30,5,2,143.745,153.745,10.0,0,0,0
E_CATHB-1,2026-08-30,6,2,150.23000000000002,160.23000000000002,10.0,0,0,0
E_CATHB-1,2026-08-30,7,2,148.87,158.87,10.0,0,0,0
E_CATHB-1,2026-08-30,8,2,141.65,151.65,10.0,0,0,0
E_CATHB-1,2026-08-30,9,2,134.685,144.685,10.0,0,0,0
E_CATHB-1,2026-08-30,10,2,129.44,139.44,10.0,0,0,0
E_CATHB-1,2026-08-30,11,2,131.41500000000002,141.41500000000002,10.0,0,0,0
E_CATHB-1,2026-08-30,12,2,130.395,140.395,10.0,0,0,0
E_CATHB-1,2026-08-30,13,2,117.805,127.805,10.0,0,0,0
E_CATHB-1,2026-08-30,14,2,133.76500000000001,143.76500000000001,10.0,0,0,0
E_CATHB-1,2026-08-30,15,2,137.23,147.23,10.0,0,0,0
E_CATHB-1,2026-08-30,16,2,148.275,158.275,10.0,0,0,0
E_CATHB-1,2026-08-30,17,2,144.45999999999998,154.45999999999998,10.0,0,0,0
E_CATHB-1,2026-08-30,18,2,145.92000000000002,155.92000000000002,10.0,0,0,0
E_CATHB-1,2026-08-30,19,2,151.15,161.15,10.0,0,0,0
E_CATHB-1,2026-08-30,20,2,157.51,167.51,10.0,0,0,0
E_CATHB-1,2026-08-30,21,2,161.47,171.47,10.0,0,0,0
E_CATHB-1,2026-08-30,22,2,155.29500000000002,165.29500000000002,10.0,0,0,0
E_CATHB-1,2026-08-30,23,2,160.075,170.075,10.0,0,0,0
E_CATHB-1,2026-08-30,24,2,161.18,171.18,10.0,0,0,0
E_CATHB-1,2026-08-30,25,2,161.165,171.165,10.0,0,0,0
E_CATHB-1,2026-08-30,26,2,160.25,170.25,10.0,0,0,0
E_CATHB-1,2026-08-30,27,2,156.39,166.39,10.0,0,0,0
E_CATHB-1,2026-08-30,28,2,147.805,157.805,10.0,0,0,0
E_CATHB-1,2026-08-30,29,2,147.945,157.945,10.0,0,0,0
E_CATHB-1,2026-08-30,30,2,166.60500000000002,176.60500000000002,10.0,0,0,0
E_CATHB-1,2026-08-30,31,2,160.12,170.12,10.0,0,0,0
E_CATHB-1,2026-08-30,32,2,154.06,164.06,10.0,0,0,0
E_CATHB-1,2026-08-30,33,2,155.38,165.38,10.0,0,0,0
E_CATHB-1,2026-08-30,34,2,149.325,159.325,10.0,0,0,0
E_CATHB-1,2026-08-30,35,2,159.1,169.1,10.0,1,1,1
E_CATHB-1,2026-08-30,36,2,164.045,174.045,10.0,1,1,1
E_CATHB-1,2026-08-30,37,2,162.665,172.665,10.0,1,1,1
E_CATHB-1,2026-08-30,38,2,159.835,169.835,10.0,1,1,1
E_CATHB-1,2026-08-30,39,2,152.975,162.975,10.0,0,0,0
E_CATHB-1,2026-08-30,40,2,161.35999999999999,171.36,10.000000000000028,0,0,0
E_CATHB-1,2026-08-30,41,2,167.145,177.14499999999998,9.999999999999972,0,0,0
E_CATHB-1,2026-08-30,42,2,155.93,165.93,10.0,0,0,0
E_CATHB-1,2026-08-30,43,2,157.96,167.95999999999998,9.999999999999972,0,0,0
E_CATHB-1,2026-08-30,44,2,155.285,165.285,10.0,1,1,1
E_CATHB-1,2026-08-30,45,2,139.665,149.665,10.0,1,0,0
E_CATHB-1,2026-08-30,46,2,140.14,150.14,10.0,0,0,0
E_CATHB-1,2026-08-30,47,2,151.805,161.805,10.0,0,0,0
E_CATHB-1,2026-08-30,48,2,132.51,142.51,10.0,0,0,0
E_CATHB-1,2026-08-31,1,2,132.10500000000002,142.10500000000002,10.0,0,0,0
E_CATHB-1,2026-08-31,2,2,130.05,140.05,10.0,0,0,0
E_CATHB-1,2026-08-31,3,2,129.62,139.62,10.0,0,0,0
E_CATHB-1,2026-08-31,4,2,134.77,144.77,10.0,0,0,0
E_CATHB-1,2026-08-31,5,2,137.71,147.71,10.0,1,0,1
E_CATHB-1,2026-08-31,6,2,138.4,148.4,10.0,1,0,0
E_CATHB-1,2026-08-31,7,2,137.395,147.395,10.0,0,0,0
E_CATHB-1,2026-08-31,8,2,131.655,141.655,10.0,0,0,0
E_CATHB-1,2026-08-31,9,2,129.66500000000002,139.66500000000002,10.0,0,0,0
E_CATHB-1,2026-08-31,10,2,136.315,146.315,10.0,0,0,0
E_CATHB-1,2026-08-31,11,2,139.195,149.195,10.0,0,0,0
E_CATHB-1,2026-08-31,12,2,150.625,160.625,10.0,0,0,0
E_CATHB-1,2026-08-31,13,2,145.265,155.265,10.0,1,1,1
E_CATHB-1,2026-08-31,14,2,143.995,153.995,10.0,1,1,1
E_CATHB-1,2026-08-31,15,2,146.385,156.385,10.0,1,1,1
E_CATHB-1,2026-08-31,16,2,160.285,170.285,10.0,1,1,1
E_CATHB-1,2026-08-31,17,2,138.765,148.765,10.0,1,1,1
E_CATHB-1,2026-08-31,18,2,98.53,108.53,10.0,1,1,1
E_CATHB-1,2026-08-31,19,2,81.765,91.765,10.0,0,0,0
E_CATHB-1,2026-08-31,20,2,62.760000000000005,72.76,10.0,1,0,1
E_CATHB-1,2026-08-31,21,2,42.68,52.68,10.0,1,1,1
E_CATHB-1,2026-08-31,22,2,36.2,46.2,10.0,0,0,0
E_CATHB-1,2026-08-31,23,2,46.365,56.365,10.0,1,0,1
E_CATHB-1,2026-08-31,24,2,63.940000000000005,73.94,9.999999999999993,1,0,1
E_CATHB-1,2026-08-31,25,2,60.435,70.435,10.0,1,0,0
E_CATHB-1,2026-08-31,26,2,66.295,76.295,10.0,1,1,1
E_CATHB-1,2026-08-31,27,2,77.865,87.865,10.0,1,1,0
E_CATHB-1,2026-08-31,28,2,91.21,101.21,10.0,1,1,1
E_CATHB-1,2026-08-31,29,2,121.595,131.595,10.0,1,0,1
E_CATHB-1,2026-08-31,30,2,140.10999999999999,150.10999999999999,10.0,0,0,0
E_CATHB-1,2026-08-31,31,2,141.685,151.685,10.0,1,0,0
E_CATHB-1,2026-08-31,32,2,144.45,154.45,10.0,1,1,0
E_CATHB-1,2026-08-31,33,2,147.65,157.65,10.0,1,0,0
E_CATHB-1,2026-08-31,34,2,141.76999999999998,151.76999999999998,10.0,1,0,0
E_CATHB-1,2026-08-31,35,2,142.245,152.245,10.0,1,1,0
E_CATHB-1,2026-08-31,36,2,156.37,166.37,10.0,1,1,1
E_CATHB-1,2026-08-31,37,2,156.29000000000002,166.29000000000002,10.0,0,0,0
E_CATHB-1,2026-08-31,38,2,159.73499999999999,169.735,10.000000000000028,1,1,1
E_CATHB-1,2026-08-31,39,2,161.975,171.975,10.0,1,1,1
E_CATHB-1,2026-08-31,40,2,161.51999999999998,171.51999999999998,10.0,1,1,1
E_CATHB-1,2026-08-31,41,2,153.775,163.775,10.0,0,0,0
E_CATHB-1,2026-08-31,42,2,146.185,156.185,10.0,0,0,0
E_CATHB-1,2026-08-31,43,2,144.765,154.765,10.0,0,0,0
E_CATHB-1,2026-08-31,44,2,147.375,157.375,10.0,0,0,0
E_CATHB-1,2026-08-31,45,2,129.41,139.41,10.0,0,0,0
E_CATHB-1,2026-08-31,46,2,127.05,137.05,10.000000000000014,0,0,0
E_CATHB-1,2026-08-31,47,2,140.92,150.92,10.0,0,0,0
E_CATHB-1,2026-08-31,48,2,139.03,149.03,10.0,1,0,1
E_CATHB-1,2026-09-01,1,2,136.575,146.575,10.0,1,1,1
E_CATHB-1,2026-09-01,2,2,132.01,142.01,10.0,1,1,1
E_CATHB-1,2026-09-01,3,2,132.305,142.305,10.0,1,1,1
E_CATHB-1,2026-09-01,4,2,134.015,144.015,10.0,1,1,1
E_CATHB-1,2026-09-01,5,2,119.895,129.89499999999998,9.999999999999986,1,1,1
E_CATHB-1,2026-09-01,6,2,110.92,120.92,10.0,1,0,0
E_CATHB-1,2026-09-01,7,2,103.155,113.155,10.0,0,0,0
E_CATHB-1,2026-09-01,8,2,125.715,135.715,10.0,1,1,1
E_CATHB-1,2026-09-01,9,2,122.60499999999999,132.605,10.0,1,1,0
E_CATHB-1,2026-09-01,10,2,134.55,144.55,10.0,0,0,0
E_CATHB-1,2026-09-01,11,2,145.115,155.115,10.0,1,1,1
E_CATHB-1,2026-09-01,12,2,149.595,159.595,10.0,1,1,1
E_CATHB-1,2026-09-01,13,2,148.445,158.445,10.0,1,1,1
E_CATHB-1,2026-09-01,14,2,145.825,155.825,10.0,1,1,1
E_CATHB-1,2026-09-01,15,2,121.27000000000001,131.27,10.0,1,1,0
E_CATHB-1,2026-09-01,16,2,113.63499999999999,123.63499999999999,10.0,0,0,0
E_CATHB-1,2026-09-01,17,2,107.775,117.775,10.0,0,0,0
E_CATHB-1,2026-09-01,18,2,93.27000000000001,103.27000000000001,10.0,1,0,1
E_CATHB-1,2026-09-01,19,2,72.86500000000001,82.86500000000001,10.0,1,1,0
E_CATHB-1,2026-09-01,20,2,81.91499999999999,91.91499999999999,10.0,1,1,1
E_CATHB-1,2026-09-01,21,2,59.15,69.15,10.000000000000007,1,1,0
E_CATHB-1,2026-09-01,22,2,52.895,62.895,10.0,0,0,0
E_CATHB-1,2026-09-01,23,2,38.88,48.88,10.0,0,0,0
E_CATHB-1,2026-09-01,24,2,37.9,47.9,10.0,0,0,0
E_CATHB-1,2026-09-01,25,2,37.605000000000004,47.605000000000004,10.0,0,0,0
E_CATHB-1,2026-09-01,26,2,25.675,35.675,9.999999999999996,0,0,0
E_CATHB-1,2026-09-01,27,2,24.15,34.15,10.0,0,0,0
E_CATHB-1,2026-09-01,28,2,24.86,34.86,10.0,0,0,0
E_CATHB-1,2026-09-01,29,2,36.43,46.43,10.0,0,0,0
E_CATHB-1,2026-09-01,30,2,63.555,73.555,10.000000000000007,1,1,1
E_CATHB-1,2026-09-01,31,2,73.19500000000001,83.19500000000001,10.0,0,0,0
E_CATHB-1,2026-09-01,32,2,95.75,105.75,10.0,1,0,1
E_CATHB-1,2026-09-01,33,2,126.22999999999999,136.23,10.0,1,1,1
E_CATHB-1,2026-09-01,34,2,136.405,146.405,10.0,1,1,1
E_CATHB-1,2026-09-01,35,2,140.49,150.49,10.0,1,1,1
E_CATHB-1,2026-09-01,36,2,146.75,156.75,10.0,1,0,1
E_CATHB-1,2026-09-01,37,2,169.725,179.725,10.0,1,1,1
E_CATHB-1,2026-09-01,38,2,164.77,174.76999999999998,9.999999999999972,1,1,1
E_CATHB-1,2026-09-01,39,2,166.03,176.03,10.0,1,1,1
E_CATHB-1,2026-09-01,40,2,171.685,181.685,10.0,1,1,1
E_CATHB-1,2026-09-01,41,2,163.85,173.85,10.0,1,1,0
E_CATHB-1,2026-09-01,42,2,155.47,165.47,10.0,0,0,0
E_CATHB-1,2026-09-01,43,2,155.45,165.45,10.0,0,0,0
E_CATHB-1,2026-09-01,44,2,149.98499999999999,159.98499999999999,10.0,1,1,1
E_CATHB-1,2026-09-01,45,2,152.255,162.255,10.0,1,1,1
E_CATHB-1,2026-09-01,46,2,160.35500000000002,170.35500000000002,10.0,0,0,0
E_CATHB-1,2026-09-01,47,2,149.225,159.225,10.0,1,1,1
E_CATHB-1,2026-09-01,48,2,155.675,165.675,10.0,0,0,0
E_CATHB-1,2026-09-02,1,2,153.95,163.95,10.0,0,0,0
E_CATHB-1,2026-09-02,2,2,160.54500000000002,170.54500000000002,10.0,0,0,0
E_CATHB-1,2026-09-02,3,2,153.685,163.685,10.0,0,0,0
E_CATHB-1,2026-09-02,4,2,164.91,174.91,10.0,0,0,0
E_CATHB-1,2026-09-02,5,2,169.135,179.135,10.0,0,0,0
E_CATHB-1,2026-09-02,6,2,168.345,178.345,10.0,1,0,1
E_CATHB-1,2026-09-02,7,2,172.10500000000002,182.10500000000002,10.0,1,1,1
E_CATHB-1,2026-09-02,8,2,174.335,184.335,10.0,0,0,0
E_CATHB-1,2026-09-02,9,2,173.26999999999998,183.26999999999998,10.0,0,0,0
E_CATHB-1,2026-09-02,10,2,173.81,183.81,10.0,0,0,0
E_CATHB-1,2026-09-02,11,2,172.925,182.925,10.0,0,0,0
E_CATHB-1,2026-09-02,12,2,171.815,181.815,10.0,0,0,0
E_CATHB-1,2026-09-02,13,2,171.815,181.815,10.0,1,1,1
E_CATHB-1,2026-09-02,14,2,170.275,180.275,10.0,1,0,1
E_CATHB-1,2026-09-02,15,2,158.9,168.9,10.0,1,0,0
E_CATHB-1,2026-09-02,16,2,146.07,156.07,10.0,0,0,0
E_CATHB-1,2026-09-02,17,2,-9999.0,9999.0,19998.0,0,0,0
E_CATHB-1,2026-09-02,18,2,-9999.0,9999.0,19998.0,0,0,0
E_CATHB-1,2026-09-02,19,2,-9999.0,9999.0,19998.0,0,0,0
E_CATHB-1,2026-09-02,20,2,-9999.0,9999.0,19998.0,0,0,0
E_CATHB-1,2026-09-02,21,2,157.66,167.66,10.0,0,0,0
E_CATHB-1,2026-09-02,22,2,162.21,172.21,10.0,0,0,0
E_CATHB-1,2026-09-02,23,2,158.10999999999999,168.10999999999999,10.0,0,0,0
E_CATHB-1,2026-09-02,24,2,144.66500000000002,154.66500000000002,10.0,0,0,0
E_CATHB-1,2026-09-02,25,2,164.62,174.62,10.0,0,0,0
E_CATHB-1,2026-09-02,26,2,154.075,164.075,10.0,0,0,0
E_CATHB-1,2026-09-02,27,2,144.805,154.805,10.0,0,0,0
E_CATHB-1,2026-09-02,28,2,141.755,151.755,10.0,0,0,0
E_CATHB-1,2026-09-02,29,2,141.965,151.965,10.0,0,0,0
E_CATHB-1,2026-09-02,30,2,141.625,151.625,10.0,0,0,0
E_CATHB-1,2026-09-02,31,2,137.01999999999998,147.01999999999998,10.0,0,0,0
E_CATHB-1,2026-09-02,32,2,154.75,164.75,10.0,0,0,0
E_CATHB-1,2026-09-02,33,2,147.76,157.76,10.0,1,1,1
E_CATHB-1,2026-09-02,34,2,173.675,183.675,10.0,1,1,1
E_CATHB-1,2026-09-02,35,2,174.49,184.49,10.0,1,1,1
E_CATHB-1,2026-09-02,36,2,165.55,175.55,10.0,1,1,1
E_CATHB-1,2026-09-02,37,2,170.85,180.85,10.0,1,1,1
E_CATHB-1,2026-09-02,38,2,166.935,176.935,10.0,1,1,0
E_CATHB-1,2026-09-02,39,2,164.18,174.18,10.0,0,0,0
E_CATHB-1,2026-09-02,40,2,157.255,167.255,10.0,0,0,0
E_CATHB-1,2026-09-02,41,2,154.055,164.055,10.0,1,1,1
E_CATHB-1,2026-09-02,42,2,148.945,158.945,10.0,0,0,0
E_CATHB-1,2026-09-02,43,2,145.83,155.83,10.0,0,0,0
E_CATHB-1,2026-09-02,44,2,147.69,157.69,10.0,0,0,0
E_CATHB-1,2026-09-02,45,2,144.24,154.24,10.0,0,0,0
E_CATHB-1,2026-09-02,46,2,144.32,154.32,10.0,0,0,0
E_CATHB-1,2026-09-02,47,2,147.67000000000002,157.67000000000002,10.0,1,0,1
E_CATHB-1,2026-09-02,48,2,146.69,156.69,10.0,1,1,1
E_CATHB-1,2026-09-03,1,2,137.745,147.745,10.0,0,0,0
E_CATHB-1,2026-09-03,2,2,123.405,133.405,10.0,0,0,0
E_CATHB-1,2026-09-03,3,2,122.86,132.86,10.000000000000014,0,0,0
E_CATHB-1,2026-09-03,4,2,123.775,133.775,10.0,0,0,0
E_CATHB-1,2026-09-03,5,2,128.575,138.575,10.0,0,0,0
E_CATHB-1,2026-09-03,6,2,132.11,142.11,10.0,0,0,0
E_CATHB-1,2026-09-03,7,2,138.04500000000002,148.04500000000002,10.0,0,0,0
E_CATHB-1,2026-09-03,8,2,136.065,146.065,10.0,0,0,0
E_CATHB-1,2026-09-03,9,2,139.005,149.005,10.0,0,0,0
E_CATHB-1,2026-09-03,10,2,142.9,152.9,10.0,0,0,0
E_CATHB-1,2026-09-03,11,2,146.675,156.675,10.0,0,0,0
E_CATHB-1,2026-09-03,12,2,154.10500000000002,164.10500000000002,10.0,0,0,0
E_CATHB-1,2026-09-03,13,2,150.94,160.94,10.0,0,0,0
E_CATHB-1,2026-09-03,14,2,150.24,160.24,10.0,1,0,1
E_CATHB-1,2026-09-03,15,2,145.97500000000002,155.97500000000002,10.0,1,0,0
E_CATHB-1,2026-09-03,16,2,146.64499999999998,156.64499999999998,10.0,1,1,1
E_CATHB-1,2026-09-03,17,2,137.875,147.875,10.0,1,1,1
E_CATHB-1,2026-09-03,18,2,123.36500000000001,133.365,10.0,1,1,1
E_CATHB-1,2026-09-03,19,2,121.97999999999999,131.98,10.0,1,1,1
E_CATHB-1,2026-09-03,20,2,95.315,105.315,10.0,1,1,0
E_CATHB-1,2026-09-03,21,2,76.59,86.59,10.0,0,0,0
E_CATHB-1,2026-09-03,22,2,49.19,59.19,10.0,0,0,0
E_CATHB-1,2026-09-03,23,2,41.459999999999994,51.459999999999994,10.0,0,0,0
E_CATHB-1,2026-09-03,24,2,32.754999999999995,42.754999999999995,10.0,0,0,0
E_CATHB-1,2026-09-03,25,2,9.674999999999997,19.674999999999997,10.0,0,0,0
E_CATHB-1,2026-09-03,26,2,3.594999999999999,13.594999999999999,10.0,0,0,0
E_CATHB-1,2026-09-03,27,2,-3.1750000000000007,6.824999999999999,10.0,0,0,0
E_CATHB-1,2026-09-03,28,2,0.34999999999999787,10.349999999999998,10.0,0,0,0
E_CATHB-1,2026-09-03,29,2,-2.1900000000000013,7.809999999999999,10.0,0,0,0
E_CATHB-1,2026-09-03,30,2,24.5,34.5,10.0,0,0,0
E_CATHB-1,2026-09-03,31,2,28.354999999999997,38.355,10.0,0,0,0
E_CATHB-1,2026-09-03,32,2,64.48,74.48,10.0,0,0,0
E_CATHB-1,2026-09-03,33,2,109.435,119.435,10.0,0,0,0
E_CATHB-1,2026-09-03,34,2,140.155,150.155,10.0,0,0,0
E_CATHB-1,2026-09-03,35,2,149.285,159.285,10.0,0,0,0
E_CATHB-1,2026-09-03,36,2,154.92,164.92,10.0,1,0,0
E_CATHB-1,2026-09-03,37,2,159.125,169.125,10.0,1,0,0
E_CATHB-1,2026-09-03,38,2,155.91,165.91,10.0,1,0,0
E_CATHB-1,2026-09-03,39,2,159.525,169.525,10.0,1,1,0
E_CATHB-1,2026-09-03,40,2,157.715,167.715,10.0,1,1,0
E_CATHB-1,2026-09-03,41,2,151.695,161.695,10.0,1,1,0
E_CATHB-1,2026-09-03,42,2,144.885,154.885,10.0,1,1,0
E_CATHB-1,2026-09-03,43,2,135.33499999999998,145.33499999999998,10.0,1,1,0
E_CATHB-1,2026-09-03,44,2,133.125,143.125,10.0,1,1,0
E_CATHB-1,2026-09-03,45,2,122.53,132.53,10.0,0,0,0
E_CATHB-1,2026-09-03,46,2,173.965,183.965,10.0,0,0,0
E_CATHB-1,2026-09-03,47,2,128.135,138.135,10.0,0,0,0
E_CATHB-1,2026-09-03,48,2,128.07,138.07,10.0,0,0,0
E_CATHB-1,2026-09-04,1,2,132.16500000000002,142.16500000000002,10.0,0,0,0
E_CATHB-1,2026-09-04,2,2,142.54500000000002,152.54500000000002,10.0,0,0,0
E_CATHB-1,2026-09-04,3,2,138.615,148.615,10.0,0,0,0
E_CATHB-1,2026-09-04,4,2,140.515,150.515,10.0,0,0,0
E_CATHB-1,2026-09-04,5,2,132.305,142.305,10.0,0,0,0
E_CATHB-1,2026-09-04,6,2,131.585,141.585,10.0,0,0,0
E_CATHB-1,2026-09-04,7,2,135.755,145.755,10.0,0,0,0
E_CATHB-1,2026-09-04,8,2,134.865,144.865,10.0,0,0,0
E_CATHB-1,2026-09-04,9,2,131.7,141.7,10.0,0,0,0
E_CATHB-1,2026-09-04,10,2,128.065,138.065,10.0,0,0,0
E_CATHB-1,2026-09-04,11,2,131.76,141.76,10.0,0,0,0
E_CATHB-1,2026-09-04,12,2,134.79,144.79,10.0,0,0,0
E_CATHB-1,2026-09-04,13,2,133.31,143.31,10.0,1,0,1
E_CATHB-1,2026-09-04,14,2,143.60999999999999,153.60999999999999,10.0,1,1,1
E_CATHB-1,2026-09-04,15,2,132.245,142.245,10.0,0,0,0
E_CHAPB-1,2026-08-28,16,3,120.89999999999999,186.24333333333334,65.34333333333335,1,0,0
E_CHAPB-1,2026-08-28,17,3,120.95333333333333,181.46333333333334,60.510000000000005,1,1,1
E_CHAPB-1,2026-08-28,18,3,119.50666666666666,181.45333333333335,61.94666666666669,1,1,1
E_CHAPB-1,2026-08-28,19,2,108.33500000000001,176.135,67.79999999999998,1,0,0
E_CHAPB-1,2026-08-28,20,2,110.015,174.195,64.17999999999999,1,1,1
E_CHAPB-1,2026-08-28,21,2,105.86500000000001,171.285,65.41999999999999,1,1,1
E_CHAPB-1,2026-08-28,22,2,103.42500000000001,163.915,60.48999999999998,1,1,1
E_CHAPB-1,2026-08-28,23,2,105.975,164.115,58.140000000000015,1,1,1
E_CHAPB-1,2026-08-28,24,2,106.32499999999999,160.965,54.640000000000015,1,1,1
E_CHAPB-1,2026-08-28,25,2,106.33500000000001,167.975,61.639999999999986,1,1,1
E_CHAPB-1,2026-08-28,26,3,107.02333333333333,167.96333333333334,60.94000000000001,1,1,1
E_CHAPB-1,2026-08-28,27,2,99.945,158.985,59.04000000000002,1,1,1
E_CHAPB-1,2026-08-28,28,2,108.015,163.10500000000002,55.09000000000002,1,1,1
E_CHAPB-1,2026-08-28,29,3,108.02666666666669,161.69000000000003,53.66333333333334,1,0,0
E_CHAPB-1,2026-08-28,30,3,101.01666666666667,161.67999999999998,60.66333333333331,0,0,0
E_CHAPB-1,2026-08-28,31,2,101.025,161.115,60.09,1,0,1
E_CHAPB-1,2026-08-28,32,3,87.79666666666667,153.62,65.82333333333334,1,1,1
E_CHAPB-1,2026-08-28,33,3,87.80666666666667,159.70666666666668,71.9,1,1,1
E_CHAPB-1,2026-08-28,34,3,88.33666666666666,161.70000000000002,73.36333333333336,1,1,1
E_CHAPB-1,2026-08-28,35,2,91.875,167.14499999999998,75.26999999999998,1,1,0
E_CHAPB-1,2026-08-28,36,2,98.015,166.765,68.74999999999999,1,1,1
E_CHAPB-1,2026-08-28,37,2,105.495,166.755,61.25999999999999,1,1,1
E_CHAPB-1,2026-08-28,38,2,91.015,166.745,75.73,0,0,0
E_CHAPB-1,2026-08-28,39,3,111.8,166.73333333333332,54.93333333333332,0,0,0
E_CHAPB-1,2026-08-28,40,3,111.92,166.42333333333332,54.503333333333316,1,1,1
E_CHAPB-1,2026-08-28,41,3,103.65333333333332,161.54333333333332,57.89,1,1,1
E_CHAPB-1,2026-08-28,42,2,83.955,161.535,77.58,1,1,1
E_CHAPB-1,2026-08-28,43,3,91.14,161.52333333333334,70.38333333333334,0,0,0
E_CHAPB-1,2026-08-28,44,2,82.67500000000001,158.64499999999998,75.96999999999997,0,0,0
E_CHAPB-1,2026-08-28,45,3,81.76666666666667,154.50333333333333,72.73666666666666,0,0,0
E_CHAPB-1,2026-08-28,46,3,83.22000000000001,153.10333333333332,69.88333333333331,1,1,1
E_CHAPB-1,2026-08-28,47,2,80.255,139.985,59.73000000000002,0,0,0
E_CHAPB-1,2026-08-28,48,2,78.015,124.985,46.97,0,0,0
E_CHAPB-1,2026-08-29,1,2,75.025,124.375,49.349999999999994,0,0,0
E_CHAPB-1,2026-08-29,2,2,75.195,124.36500000000001,49.170000000000016,0,0,0
E_CHAPB-1,2026-08-29,3,2,75.205,123.715,48.510000000000005,1,0,1
E_CHAPB-1,2026-08-29,4,2,71.725,123.705,51.980000000000004,1,1,1
E_CHAPB-1,2026-08-29,5,3,62.20666666666667,115.03333333333335,52.826666666666675,1,1,1
E_CHAPB-1,2026-08-29,6,3,56.416666666666664,116.28666666666668,59.87000000000001,0,0,0
E_CHAPB-1,2026-08-29,7,3,50.97666666666666,116.27,65.29333333333334,0,0,0
E_CHAPB-1,2026-08-29,8,3,50.98666666666667,112.17999999999999,61.19333333333332,0,0,0
E_CHAPB-1,2026-08-29,9,3,50.99666666666667,117.73000000000002,66.73333333333335,0,0,0
E_CHAPB-1,2026-08-29,10,3,51.00666666666666,138.49,87.48333333333335,0,0,0
E_CHAPB-1,2026-08-29,11,3,49.52666666666667,151.85,102.32333333333332,1,1,1
E_CHAPB-1,2026-08-29,12,3,65.01666666666667,155.95000000000002,90.93333333333335,1,0,0
E_CHAPB-1,2026-08-29,13,2,78.41499999999999,165.675,87.26000000000002,0,0,0
E_CHAPB-1,2026-08-29,14,3,79.41666666666667,160.95000000000002,81.53333333333335,0,0,0
E_CHAPB-1,2026-08-29,15,3,79.42666666666668,163.29,83.86333333333332,0,0,0
E_CHAPB-1,2026-08-29,16,2,84.695,170.465,85.77000000000001,0,0,0
E_CHAPB-1,2026-08-29,17,2,85.465,169.985,84.52000000000001,0,0,0
E_CHAPB-1,2026-08-29,18,2,85.475,171.445,85.97,0,0,0
E_CHAPB-1,2026-08-29,19,2,92.015,172.465,80.45,0,0,0
E_CHAPB-1,2026-08-29,20,2,99.015,173.505,74.49,0,0,0
E_CHAPB-1,2026-08-29,21,3,101.34333333333332,173.99333333333334,72.65000000000002,1,0,0
E_CHAPB-1,2026-08-29,22,3,95.76333333333334,173.1933333333333,77.42999999999996,1,0,1
E_CHAPB-1,2026-08-29,23,3,108.75,173.1833333333333,64.43333333333331,1,0,0
E_CHAPB-1,2026-08-29,24,2,112.955,173.235,60.280000000000015,1,0,1
E_CHAPB-1,2026-08-29,25,3,113.43,175.15333333333334,61.72333333333333,0,0,0
E_CHAPB-1,2026-08-29,26,3,116.19333333333334,177.86333333333334,61.67,1,0,1
E_CHAPB-1,2026-08-29,27,2,108.66499999999999,179.625,70.96000000000001,1,0,0
E_CHAPB-1,2026-08-29,28,2,114.005,179.615,65.61000000000001,0,0,0
E_CHAPB-1,2026-08-29,29,2,114.015,179.60500000000002,65.59000000000002,0,0,0
E_CHAPB-1,2026-08-29,30,2,114.025,179.595,65.57,0,0,0
E_CHAPB-1,2026-08-29,31,2,116.805,179.585,62.78,0,0,0
E_CHAPB-1,2026-08-29,32,2,116.815,178.815,62.0,0,0,0
E_CHAPB-1,2026-08-29,33,2,117.975,178.805,60.83000000000001,0,0,0
E_CHAPB-1,2026-08-29,34,3,124.54666666666667,183.81333333333336,59.266666666666694,1,1,1
E_CHAPB-1,2026-08-29,35,2,127.505,183.805,56.30000000000001,1,1,1
E_CHAPB-1,2026-08-29,36,2,127.515,178.985,51.47000000000001,1,1,1
E_CHAPB-1,2026-08-29,37,2,122.255,179.985,57.73000000000002,0,0,0
E_CHAPB-1,2026-08-29,38,2,122.265,184.555,62.290000000000006,1,1,1
E_CHAPB-1,2026-08-29,39,3,119.54333333333334,179.4433333333333,59.89999999999996,0,0,0
E_CHAPB-1,2026-08-29,40,2,114.655,169.975,55.31999999999999,1,0,1
E_CHAPB-1,2026-08-29,41,2,114.82499999999999,169.965,55.140000000000015,1,1,1
E_CHAPB-1,2026-08-29,42,3,114.36666666666667,169.95333333333335,55.58666666666667,1,1,1
E_CHAPB-1,2026-08-29,43,3,114.59000000000002,169.94333333333333,55.35333333333331,1,1,1
E_CHAPB-1,2026-08-29,44,3,110.29666666666667,169.93333333333334,59.63666666666667,1,0,1
E_CHAPB-1,2026-08-29,45,2,105.515,155.14499999999998,49.62999999999998,1,0,0
E_CHAPB-1,2026-08-29,46,2,106.955,155.325,48.36999999999999,0,0,0
E_CHAPB-1,2026-08-29,47,2,107.445,155.435,47.99000000000001,0,0,0
E_CHAPB-1,2026-08-29,48,2,107.455,162.925,55.47000000000001,1,1,1
E_CHAPB-1,2026-08-30,1,2,117.015,162.915,45.89999999999999,0,0,0
E_CHAPB-1,2026-08-30,2,3,116.14999999999999,173.06333333333336,56.91333333333337,0,0,0
E_CHAPB-1,2026-08-30,3,2,96.015,162.865,66.85000000000001,0,0,0
E_CHAPB-1,2026-08-30,4,2,114.025,173.405,59.379999999999995,0,0,0
E_CHAPB-1,2026-08-30,5,2,114.255,173.39499999999998,59.139999999999986,0,0,0
E_CHAPB-1,2026-08-30,6,3,114.96666666666665,195.71,80.74333333333335,0,0,0
E_CHAPB-1,2026-08-30,7,2,114.975,169.985,55.01000000000002,1,1,1
E_CHAPB-1,2026-08-30,8,2,113.015,166.085,53.07000000000001,1,1,0
E_CHAPB-1,2026-08-30,9,2,114.195,166.075,51.879999999999995,1,1,1
E_CHAPB-1,2026-08-30,10,2,114.725,165.20499999999998,50.47999999999999,0,0,0
E_CHAPB-1,2026-08-30,11,2,112.495,165.025,52.53,0,0,0
E_CHAPB-1,2026-08-30,12,2,107.945,164.805,56.860000000000014,0,0,0
E_CHAPB-1,2026-08-30,13,2,107.465,162.755,55.28999999999999,0,0,0
E_CHAPB-1,2026-08-30,14,2,110.065,163.155,53.09,0,0,0
E_CHAPB-1,2026-08-30,15,2,113.61500000000001,160.70499999999998,47.089999999999975,0,0,0
E_CHAPB-1,2026-08-30,16,2,114.82499999999999,160.655,45.83000000000001,0,0,0
E_CHAPB-1,2026-08-30,17,2,112.305,160.615,48.31,0,0,0
E_CHAPB-1,2026-08-30,18,2,117.545,160.60500000000002,43.06000000000002,0,0,0
E_CHAPB-1,2026-08-30,19,2,119.015,5069.005,4949.99,1,0,1
E_CHAPB-1,2026-08-30,20,2,117.595,5068.295,4950.7,1,0,0
E_CHAPB-1,2026-08-30,21,2,125.755,184.985,59.23000000000002,0,0,0
E_CHAPB-1,2026-08-30,22,2,125.765,188.185,62.42,0,0,0
E_CHAPB-1,2026-08-30,23,2,126.765,188.945,62.17999999999999,0,0,0
E_CHAPB-1,2026-08-30,24,2,126.775,190.255,63.47999999999999,0,0,0
E_CHAPB-1,2026-08-30,25,2,127.775,190.065,62.28999999999999,0,0,0
E_CHAPB-1,2026-08-30,26,4,-50.0,1250.0,1300.0,0,0,0
E_CHAPB-1,2026-08-30,27,2,127.795,189.45499999999998,61.65999999999998,1,0,0
E_CHAPB-1,2026-08-30,28,3,127.80666666666667,185.09666666666666,57.28999999999999,1,1,1
E_CHAPB-1,2026-08-30,29,3,127.81666666666666,186.51999999999998,58.70333333333332,1,1,1
E_CHAPB-1,2026-08-30,30,2,127.82499999999999,195.60500000000002,67.78000000000003,1,1,1
E_CHAPB-1,2026-08-30,31,2,128.695,196.015,67.32,1,1,0
E_CHAPB-1,2026-08-30,32,2,128.70499999999998,194.485,65.78000000000003,1,1,0
E_CHAPB-1,2026-08-30,33,2,129.305,194.475,65.16999999999999,1,0,0
E_CHAPB-1,2026-08-30,34,2,129.715,192.985,63.27000000000001,1,0,0
E_CHAPB-1,2026-08-30,35,2,113.875,192.975,79.1,1,1,0
E_CHAPB-1,2026-08-30,36,2,126.015,192.965,66.95,1,1,1
E_CHAPB-1,2026-08-30,37,3,129.45666666666668,191.34333333333333,61.886666666666656,1,1,1
E_CHAPB-1,2026-08-30,38,3,130.21,189.21333333333334,59.00333333333333,1,1,1
E_CHAPB-1,2026-08-30,39,3,112.61,181.71333333333334,69.10333333333334,1,1,0
E_CHAPB-1,2026-08-30,40,3,128.71333333333334,177.98333333333335,49.27000000000001,1,1,1
E_CHAPB-1,2026-08-30,41,3,131.49,189.98333333333335,58.49333333333334,1,1,1
E_CHAPB-1,2026-08-30,42,3,127.07666666666667,189.76333333333332,62.68666666666665,1,1,1
E_CHAPB-1,2026-08-30,43,3,122.23333333333333,196.37333333333333,74.14,1,1,1
E_CHAPB-1,2026-08-30,44,2,116.14500000000001,194.985,78.84,0,0,0
E_CHAPB-1,2026-08-30,45,3,116.65333333333335,185.98333333333335,69.33,1,1,1
E_CHAPB-1,2026-08-30,46,3,113.13333333333333,180.05333333333337,66.92000000000004,1,1,1
E_CHAPB-1,2026-08-30,47,3,108.45333333333333,180.04333333333332,71.58999999999999,1,1,1
E_CHAPB-1,2026-08-30,48,3,112.78333333333335,176.38333333333333,63.59999999999998,1,1,1
E_CHAPB-1,2026-08-31,1,3,112.49000000000001,175.58333333333334,63.093333333333334,1,1,1
E_CHAPB-1,2026-08-31,2,2,105.765,168.14499999999998,62.37999999999998,1,0,0
E_CHAPB-1,2026-08-31,3,2,101.025,164.745,63.72,0,0,0
E_CHAPB-1,2026-08-31,4,2,101.015,164.735,63.72000000000001,0,0,0
E_CHAPB-1,2026-08-31,5,2,101.025,164.725,63.69999999999999,0,0,0
E_CHAPB-1,2026-08-31,6,2,103.17500000000001,164.715,61.53999999999999,0,0,0
E_CHAPB-1,2026-08-31,7,2,106.845,164.915,58.06999999999999,1,1,1
E_CHAPB-1,2026-08-31,8,2,106.85499999999999,166.485,59.630000000000024,1,1,1
E_CHAPB-1,2026-08-31,9,2,108.505,166.475,57.97,1,0,1
E_CHAPB-1,2026-08-31,10,3,111.01666666666667,168.14000000000001,57.12333333333335,1,1,0
E_CHAPB-1,2026-08-31,11,2,111.025,163.675,52.650000000000006,1,1,1
E_CHAPB-1,2026-08-31,12,2,105.195,170.725,65.53,0,0,0
E_CHAPB-1,2026-08-31,13,3,97.45,149.41333333333333,51.963333333333324,0,0,0
E_CHAPB-1,2026-08-31,14,2,95.025,181.745,86.72,0,0,0
E_CHAPB-1,2026-08-31,15,3,93.3,181.73333333333335,88.43333333333335,1,1,1
E_CHAPB-1,2026-08-31,16,3,82.06,144.98333333333332,62.92333333333332,1,1,1
E_CHAPB-1,2026-08-31,17,2,49.385000000000005,144.975,95.58999999999999,1,0,0
E_CHAPB-1,2026-08-31,18,3,57.24,144.96333333333334,87.72333333333333,1,1,1
E_CHAPB-1,2026-08-31,19,2,18.255000000000003,144.95499999999998,126.69999999999999,1,1,0
E_CHAPB-1,2026-08-31,20,3,21.91,94.98333333333333,73.07333333333334,1,0,1
E_CHAPB-1,2026-08-31,21,2,1.8849999999999998,87.945,86.05999999999999,1,1,1
E_CHAPB-1,2026-08-31,22,3,7.713333333333334,82.98333333333333,75.27,1,1,1
E_CHAPB-1,2026-08-31,23,2,13.295,104.265,90.97,0,0,0
E_CHAPB-1,2026-08-31,24,3,23.926666666666666,141.23333333333332,117.30666666666666,0,0,0
E_CHAPB-1,2026-08-31,25,2,20.285,164.215,143.93,0,0,0
E_CHAPB-1,2026-08-31,26,3,35.626666666666665,153.05999999999997,117.43333333333331,1,0,0
E_CHAPB-1,2026-08-31,27,3,41.07666666666667,143.45000000000002,102.37333333333335,1,0,1
E_CHAPB-1,2026-08-31,28,3,62.35666666666666,150.11,87.75333333333336,1,1,1
E_CHAPB-1,2026-08-31,29,3,62.36666666666667,164.29,101.92333333333332,1,1,1
E_CHAPB-1,2026-08-31,30,3,72.18666666666667,181.79999999999998,109.61333333333332,0,0,0
E_CHAPB-1,2026-08-31,31,3,105.22666666666667,193.00333333333333,87.77666666666666,1,0,0
E_CHAPB-1,2026-08-31,32,2,109.185,196.565,87.38,1,1,0
E_CHAPB-1,2026-08-31,33,3,115.13666666666666,198.33333333333334,83.19666666666669,1,1,1
E_CHAPB-1,2026-08-31,34,2,116.775,200.415,83.63999999999999,1,1,1
E_CHAPB-1,2026-08-31,35,2,120.015,204.35500000000002,84.34000000000002,1,1,0
E_CHAPB-1,2026-08-31,36,2,122.015,235.925,113.91000000000001,1,1,1
E_CHAPB-1,2026-08-31,37,2,123.125,228.525,105.4,1,1,1
E_CHAPB-1,2026-08-31,38,2,123.155,232.595,109.44,1,1,1
E_CHAPB-1,2026-08-31,39,3,128.28,225.83333333333334,97.55333333333334,1,1,1
E_CHAPB-1,2026-08-31,40,3,128.95666666666668,211.17333333333332,82.21666666666664,1,1,1
E_CHAPB-1,2026-08-31,41,3,121.72333333333334,208.78333333333333,87.05999999999999,0,0,0
E_CHAPB-1,2026-08-31,42,3,118.02333333333333,192.57333333333335,74.55000000000003,1,1,1
E_CHAPB-1,2026-08-31,43,3,113.37666666666667,184.24333333333334,70.86666666666667,1,1,0
E_CHAPB-1,2026-08-31,44,2,109.985,179.415,69.42999999999999,1,0,0
E_CHAPB-1,2026-08-31,45,2,106.035,179.405,73.37,0,0,0
E_CHAPB-1,2026-08-31,46,2,106.745,179.39499999999998,72.64999999999998,0,0,0
E_CHAPB-1,2026-08-31,47,2,92.07499999999999,174.04500000000002,81.97000000000003,0,0,0
E_CHAPB-1,2026-08-31,48,3,101.85666666666667,175.54333333333332,73.68666666666665,1,0,1
E_CHAPB-1,2026-09-01,1,2,94.935,175.025,80.09,1,1,0
E_CHAPB-1,2026-09-01,2,2,99.07499999999999,171.935,72.86000000000001,0,0,0
E_CHAPB-1,2026-09-01,3,3,83.91,171.20333333333335,87.29333333333335,0,0,0
E_CHAPB-1,2026-09-01,4,2,93.305,173.565,80.25999999999999,0,0,0
E_CHAPB-1,2026-09-01,5,3,81.82000000000001,172.82333333333335,91.00333333333334,0,0,0
E_CHAPB-1,2026-09-01,6,3,93.07666666666665,166.16333333333333,73.08666666666667,1,1,1
E_CHAPB-1,2026-09-01,7,2,89.945,171.985,82.04000000000002,0,0,0
E_CHAPB-1,2026-09-01,8,3,89.95666666666666,170.75333333333333,80.79666666666667,0,0,0
E_CHAPB-1,2026-09-01,9,2,89.965,169.975,80.00999999999999,1,1,1
E_CHAPB-1,2026-09-01,10,3,96.69666666666666,176.9333333333333,80.23666666666665,1,1,0
E_CHAPB-1,2026-09-01,11,3,99.05666666666666,176.92333333333332,77.86666666666666,1,1,1
E_CHAPB-1,2026-09-01,12,3,91.44,176.9333333333333,85.49333333333331,1,1,0
E_CHAPB-1,2026-09-01,13,3,86.46999999999998,174.06333333333336,87.59333333333338,1,1,1
E_CHAPB-1,2026-09-01,14,3,76.14999999999999,174.05333333333337,97.90333333333338,0,0,0
E_CHAPB-1,2026-09-01,15,2,76.005,156.735,80.73000000000002,1,1,1
E_CHAPB-1,2026-09-01,16,3,70.15666666666667,156.72333333333333,86.56666666666666,1,1,1
E_CHAPB-1,2026-09-01,17,3,67.39999999999999,156.71333333333334,89.31333333333335,1,0,1
E_CHAPB-1,2026-09-01,18,2,52.315,149.975,97.66,1,0,1
E_CHAPB-1,2026-09-01,19,3,46.68,149.96333333333334,103.28333333333333,0,0,0
E_CHAPB-1,2026-09-01,20,3,45.586666666666666,122.77333333333333,77.18666666666667,1,1,1
E_CHAPB-1,2026-09-01,21,2,31.115000000000002,134.435,103.32,1,0,0
E_CHAPB-1,2026-09-01,22,3,29.19666666666667,114.01666666666665,84.81999999999998,0,0,0
E_CHAPB-1,2026-09-01,23,2,19.045,110.955,91.91,0,0,0
E_CHAPB-1,2026-09-01,24,2,12.485,103.685,91.2,1,1,1
E_CHAPB-1,2026-09-01,25,3,7.986666666666667,102.71333333333332,94.72666666666666,1,1,1
E_CHAPB-1,2026-09-01,26,4,17.6825,96.91,79.22749999999999,1,1,1
E_CHAPB-1,2026-09-01,27,3,25.016666666666666,104.41333333333334,79.39666666666668,0,0,0
E_CHAPB-1,2026-09-01,28,3,44.86666666666667,140.42,95.55333333333331,0,0,0
E_CHAPB-1,2026-09-01,29,3,49.29666666666666,143.91,94.61333333333334,1,1,1
E_CHAPB-1,2026-09-01,30,3,49.30666666666667,173.01,123.70333333333332,0,0,0
E_CHAPB-1,2026-09-01,31,3,49.31666666666666,183.76,134.44333333333333,1,1,1
E_CHAPB-1,2026-09-01,32,3,54.31666666666666,190.14333333333335,135.82666666666668,1,1,0
E_CHAPB-1,2026-09-01,33,2,62.015,200.345,138.32999999999998,0,0,0
E_CHAPB-1,2026-09-01,34,2,101.235,194.215,92.98,0,0,0
E_CHAPB-1,2026-09-01,35,2,107.015,231.64499999999998,124.62999999999998,0,0,0
E_CHAPB-1,2026-09-01,36,2,118.795,218.405,99.61,0,0,0
E_CHAPB-1,2026-09-01,37,2,118.805,209.985,91.18,0,0,0
E_CHAPB-1,2026-09-01,38,2,125.405,220.215,94.81,0,0,0
E_CHAPB-1,2026-09-01,39,3,129.8133333333333,216.48333333333335,86.67000000000004,1,1,1
E_CHAPB-1,2026-09-01,40,3,129.82333333333335,231.65333333333334,101.82999999999998,1,1,1
E_CHAPB-1,2026-09-01,41,3,124.14,219.01333333333332,94.87333333333332,1,1,0
E_CHAPB-1,2026-09-01,42,3,127.92999999999999,210.48333333333335,82.55333333333336,1,0,1
E_CHAPB-1,2026-09-01,43,3,124.88333333333333,204.98333333333335,80.10000000000002,1,1,1
E_CHAPB-1,2026-09-01,44,3,126.17999999999999,199.45333333333335,73.27333333333335,1,1,1
E_CHAPB-1,2026-09-01,45,2,114.735,199.445,84.71,1,1,0
E_CHAPB-1,2026-09-01,46,2,118.155,191.595,73.44,1,1,1
E_CHAPB-1,2026-09-01,47,2,112.015,190.965,78.95,1,1,1
E_CHAPB-1,2026-09-01,48,2,113.795,188.515,74.71999999999998,1,0,1
E_CHAPB-1,2026-09-02,1,2,120.655,200.985,80.33000000000001,1,0,1
E_CHAPB-1,2026-09-02,2,2,123.225,192.575,69.35,1,1,1
E_CHAPB-1,2026-09-02,3,2,130.60500000000002,197.425,66.82,1,1,1
E_CHAPB-1,2026-09-02,4,2,132.29500000000002,196.675,64.38,1,1,1
E_CHAPB-1,2026-09-02,5,2,132.305,200.29500000000002,67.99000000000001,1,1,1
E_CHAPB-1,2026-09-02,6,2,133.685,204.335,70.65,1,1,0
E_CHAPB-1,2026-09-02,7,3,133.69666666666666,202.36666666666667,68.67000000000002,1,1,1
E_CHAPB-1,2026-09-02,8,3,133.70666666666668,203.76999999999998,70.0633333333333,1,0,0
E_CHAPB-1,2026-09-02,9,2,136.165,209.125,72.96000000000001,0,0,0
E_CHAPB-1,2026-09-02,10,2,136.175,209.115,72.94,1,1,1
E_CHAPB-1,2026-09-02,11,2,135.365,209.10500000000002,73.74000000000001,0,0,0
E_CHAPB-1,2026-09-02,12,2,130.185,210.70499999999998,80.51999999999998,1,0,0
E_CHAPB-1,2026-09-02,13,2,139.245,204.985,65.74000000000001,1,1,1
E_CHAPB-1,2026-09-02,14,2,140.575,204.975,64.4,1,1,1
E_CHAPB-1,2026-09-02,15,3,137.27,204.96333333333334,67.69333333333333,1,1,0
E_CHAPB-1,2026-09-02,16,2,130.635,203.54500000000002,72.91000000000003,1,0,1
E_CHAPB-1,2026-09-02,17,2,128.115,204.365,76.25,1,0,0
E_CHAPB-1,2026-09-02,18,2,127.61500000000001,200.425,72.81,0,0,0
E_CHAPB-1,2026-09-02,19,2,130.015,195.975,65.96000000000001,1,1,1
E_CHAPB-1,2026-09-02,20,2,125.32499999999999,193.575,68.25,1,1,1
E_CHAPB-1,2026-09-02,21,2,125.33500000000001,195.075,69.73999999999998,1,1,1
E_CHAPB-1,2026-09-02,22,2,126.435,211.785,85.35,1,1,1
E_CHAPB-1,2026-09-02,23,2,130.385,211.835,81.45000000000002,1,1,1
E_CHAPB-1,2026-09-02,24,3,126.45666666666666,204.1,77.64333333333333,0,0,0
E_CHAPB-1,2026-09-02,25,3,129.01666666666665,204.48,75.46333333333334,1,1,1
E_CHAPB-1,2026-09-02,26,2,129.025,211.285,82.25999999999999,1,1,1
E_CHAPB-1,2026-09-02,27,3,129.03666666666666,204.24333333333334,75.20666666666668,1,0,0
E_CHAPB-1,2026-09-02,28,4,-50.0,1250.0,1300.0,0,0,0
E_CHAPB-1,2026-09-02,29,3,117.19666666666666,203.51,86.31333333333333,0,0,0
E_CHAPB-1,2026-09-02,30,3,115.62666666666667,203.66,88.03333333333333,0,0,0
E_CHAPB-1,2026-09-02,31,3,130.01666666666665,203.36,73.34333333333336,0,0,0
E_CHAPB-1,2026-09-02,32,2,130.025,209.985,79.96000000000001,0,0,0
E_CHAPB-1,2026-09-02,33,4,-50.0,1250.0,1300.0,0,0,0
E_CHAPB-1,2026-09-02,34,3,127.51666666666667,206.09333333333333,78.57666666666667,0,0,0
E_CHAPB-1,2026-09-02,35,2,131.425,209.415,77.98999999999998,0,0,0
E_CHAPB-1,2026-09-02,36,2,136.135,201.125,64.99000000000001,0,0,0
E_CHAPB-1,2026-09-02,37,2,139.115,223.575,84.45999999999998,1,1,1
E_CHAPB-1,2026-09-02,38,3,134.98666666666665,209.97333333333333,74.98666666666668,1,1,1
E_CHAPB-1,2026-09-02,39,3,134.07333333333335,209.96333333333334,75.88999999999999,1,1,1
E_CHAPB-1,2026-09-02,40,3,128.78,204.75333333333333,75.97333333333333,1,1,1
E_CHAPB-1,2026-09-02,41,2,124.345,198.375,74.03,1,1,1
E_CHAPB-1,2026-09-02,42,3,122.49000000000001,197.70333333333335,75.21333333333334,1,1,1
E_CHAPB-1,2026-09-02,43,2,116.025,186.665,70.63999999999999,1,0,1
E_CHAPB-1,2026-09-02,44,2,116.815,182.055,65.24000000000001,1,1,1
E_CHAPB-1,2026-09-02,45,2,108.92500000000001,175.745,66.82,0,0,0
E_CHAPB-1,2026-09-02,46,2,111.735,178.165,66.42999999999999,0,0,0
E_CHAPB-1,2026-09-02,47,3,118.52,178.15333333333334,59.63333333333334,1,1,1
E_CHAPB-1,2026-09-02,48,3,119.35333333333334,172.74333333333334,53.39,1,1,0
E_CHAPB-1,2026-09-03,1,3,105.66000000000001,172.73333333333335,67.07333333333334,1,0,0
E_CHAPB-1,2026-09-03,2,2,92.85499999999999,172.725,79.87,1,1,1
E_CHAPB-1,2026-09-03,3,2,88.38499999999999,172.715,84.33000000000001,1,0,0
E_CHAPB-1,2026-09-03,4,2,86.10499999999999,164.985,78.88000000000002,1,1,1
E_CHAPB-1,2026-09-03,5,2,90.64500000000001,164.975,74.32999999999998,1,1,1
E_CHAPB-1,2026-09-03,6,2,94.42500000000001,169.475,75.04999999999998,1,1,1
E_CHAPB-1,2026-09-03,7,2,97.745,174.985,77.24000000000001,0,0,0
E_CHAPB-1,2026-09-03,8,2,103.005,174.975,71.97,1,0,0
E_CHAPB-1,2026-09-03,9,3,107.34666666666665,170.37333333333333,63.026666666666685,1,1,1
E_CHAPB-1,2026-09-03,10,3,107.35666666666667,176.55999999999997,69.2033333333333,1,0,1
E_CHAPB-1,2026-09-03,11,2,107.36500000000001,188.695,81.32999999999998,0,0,0
E_CHAPB-1,2026-09-03,12,2,105.945,189.10500000000002,83.16000000000003,0,0,0
E_CHAPB-1,2026-09-03,13,3,108.12,186.03333333333333,77.91333333333333,0,0,0
E_CHAPB-1,2026-09-03,14,3,106.10333333333334,181.88333333333333,75.77999999999999,0,0,0
E_CHAPB-1,2026-09-03,15,2,83.11500000000001,181.875,98.75999999999999,0,0,0
E_CHAPB-1,2026-09-03,16,3,91.0,174.98333333333335,83.98333333333335,0,0,0
E_CHAPB-1,2026-09-03,17,2,78.16499999999999,174.975,96.81,0,0,0
E_CHAPB-1,2026-09-03,18,2,69.89500000000001,171.785,101.88999999999999,0,0,0
E_CHAPB-1,2026-09-03,19,3,60.95666666666667,180.95333333333335,119.99666666666667,1,1,1
E_CHAPB-1,2026-09-03,20,3,56.98666666666667,179.4,122.41333333333333,1,1,1
E_CHAPB-1,2026-09-03,21,3,45.01666666666667,174.92999999999998,129.9133333333333,1,0,0
E_CHAPB-1,2026-09-03,22,3,43.04666666666666,169.45000000000002,126.40333333333336,0,0,0
E_CHAPB-1,2026-09-03,23,3,23.496666666666666,157.21,133.71333333333334,0,0,0
E_CHAPB-1,2026-09-03,24,3,6.796666666666667,155.35,148.55333333333334,0,0,0
E_CHAPB-1,2026-09-03,25,3,-8.523333333333332,152.98,161.50333333333333,0,0,0
E_CHAPB-1,2026-09-03,26,3,-10.743333333333334,133.94000000000003,144.68333333333337,0,0,0
E_CHAPB-1,2026-09-03,27,3,-5.963333333333334,153.76000000000002,159.72333333333336,0,0,0
E_CHAPB-1,2026-09-03,28,3,-4.963333333333334,133.97,138.93333333333334,0,0,0
E_CHAPB-1,2026-09-03,29,3,28.936666666666667,168.76000000000002,139.82333333333335,0,0,0
E_CHAPB-1,2026-09-03,30,3,28.94666666666667,180.67999999999998,151.73333333333332,0,0,0
E_CHAPB-1,2026-09-03,31,3,28.956666666666667,181.38000000000002,152.42333333333335,0,0,0
E_CHAPB-1,2026-09-03,32,2,57.745000000000005,188.035,130.29,1,1,1
E_CHAPB-1,2026-09-03,33,2,79.945,201.54500000000002,121.60000000000002,0,0,0
E_CHAPB-1,2026-09-03,34,2,103.36500000000001,201.535,98.16999999999999,0,0,0
E_CHAPB-1,2026-09-03,35,2,90.975,201.535,110.56,1,1,1
E_CHAPB-1,2026-09-03,36,2,95.015,211.815,116.8,0,0,0
E_CHAPB-1,2026-09-03,37,4,131.535,207.3325,75.79750000000001,1,1,1
E_CHAPB-1,2026-09-03,38,3,125.37666666666667,209.42333333333332,84.04666666666665,0,0,0
E_CHAPB-1,2026-09-03,39,3,129.20666666666668,219.05333333333337,89.84666666666669,0,0,0
E_CHAPB-1,2026-09-03,40,3,124.16333333333334,219.04333333333332,94.87999999999998,0,0,0
E_CHAPB-1,2026-09-03,41,3,116.67,197.78333333333333,81.11333333333333,0,0,0
E_CHAPB-1,2026-09-03,42,3,115.28000000000002,195.48333333333335,80.20333333333333,0,0,0
E_CHAPB-1,2026-09-03,43,2,108.41499999999999,195.475,87.06,1,1,1
E_CHAPB-1,2026-09-03,44,2,107.765,194.985,87.22000000000001,0,0,0
E_CHAPB-1,2026-09-03,45,3,106.49000000000001,188.77333333333334,82.28333333333333,0,0,0
E_CHAPB-1,2026-09-03,46,2,103.155,171.325,68.16999999999999,0,0,0
E_CHAPB-1,2026-09-03,47,3,107.34333333333332,171.82333333333335,64.48000000000003,1,1,1
E_CHAPB-1,2026-09-03,48,2,99.015,168.985,69.97000000000001,1,0,1
E_CHAPB-1,2026-09-04,1,2,99.405,167.775,68.37,1,1,1
E_CHAPB-1,2026-09-04,2,2,99.41499999999999,167.765,68.35,0,0,0
E_CHAPB-1,2026-09-04,3,3,111.07000000000001,173.90333333333334,62.83333333333333,1,1,1
E_CHAPB-1,2026-09-04,4,2,109.275,169.215,59.94,1,1,1
E_CHAPB-1,2026-09-04,5,2,112.63499999999999,169.885,57.25,1,1,1
E_CHAPB-1,2026-09-04,6,3,97.50666666666666,162.04333333333332,64.53666666666666,1,1,0
E_CHAPB-1,2026-09-04,7,2,98.005,168.985,70.98000000000002,1,1,1
E_CHAPB-1,2026-09-04,8,2,103.025,167.765,64.73999999999998,1,1,1
E_CHAPB-1,2026-09-04,9,2,103.035,168.185,65.15,1,1,0
E_CHAPB-1,2026-09-04,10,3,93.50666666666666,160.08333333333334,66.57666666666668,1,0,0
E_CHAPB-1,2026-09-04,11,2,86.63499999999999,168.005,81.37,0,0,0
E_CHAPB-1,2026-09-04,12,2,82.255,182.635,100.38,1,1,1
E_CHAPB-1,2026-09-04,13,3,85.71999999999998,164.15333333333334,78.43333333333335,1,0,0
E_CHAPB-1,2026-09-04,14,3,53.60999999999999,159.13333333333333,105.52333333333334,0,0,0
E_CHAPB-1,2026-09-04,15,3,19.23,159.12333333333333,139.89333333333335,0,0,0
E_CLAYB-1,2026-08-28,16,6,-1573.2,1819.6516666666666,3392.8516666666665,0,0,0
E_CLAYB-1,2026-08-28,17,5,-1915.5739999999998,2142.57,4058.1440000000002,0,0,0
E_CLAYB-1,2026-08-28,18,4,-2428.51,2633.59,5062.1,0,0,0
E_CLAYB-1,2026-08-28,19,4,-2426.44,2629.6,5056.04,0,0,0
E_CLAYB-1,2026-08-28,20,5,-1921.2260000000006,2139.418,4060.6440000000007,0,0,0
E_CLAYB-1,2026-08-28,21,5,-1921.8759999999995,2133.8900000000003,4055.7659999999996,0,0,0
E_CLAYB-1,2026-08-28,22,5,-1920.5780000000002,2133.882,4054.46,0,0,0
E_CLAYB-1,2026-08-28,23,5,-1916.6380000000004,2131.6259999999997,4048.264,0,0,0
E_CLAYB-1,2026-08-28,24,6,-1576.9683333333332,1803.8100000000002,3380.7783333333336,1,1,1
E_CLAYB-1,2026-08-28,25,5,-1920.0180000000005,2131.6099999999997,4051.628,1,1,1
E_CLAYB-1,2026-08-28,26,6,-1583.9616666666668,1803.7933333333333,3387.755,1,0,1
E_CLAYB-1,2026-08-28,27,5,-1924.6219999999998,2130.25,4054.872,1,1,1
E_CLAYB-1,2026-08-28,28,6,-1595.0950000000003,1800.0916666666665,3395.1866666666665,0,0,0
E_CLAYB-1,2026-08-28,29,5,-1934.5459999999998,2126.85,4061.3959999999997,0,0,0
E_CLAYB-1,2026-08-28,30,6,-1596.2099999999998,1796.01,3392.22,1,1,1
E_CLAYB-1,2026-08-28,31,6,-1594.0266666666673,1793.5766666666666,3387.603333333334,1,1,1
E_CLAYB-1,2026-08-28,32,6,-1630.6850000000004,1793.7266666666667,3424.411666666667,1,1,1
E_CLAYB-1,2026-08-28,33,5,-1938.3540000000005,2143.792,4082.1460000000006,1,0,0
E_CLAYB-1,2026-08-28,34,5,-1935.8419999999994,2142.33,4078.1719999999996,0,0,0
E_CLAYB-1,2026-08-28,35,5,-1933.4900000000005,2149.596,4083.0860000000002,0,0,0
E_CLAYB-1,2026-08-28,36,5,-1927.8419999999994,2151.412,4079.253999999999,0,0,0
E_CLAYB-1,2026-08-28,37,5,-1920.4499999999996,2132.452,4052.902,1,1,1
E_CLAYB-1,2026-08-28,38,5,-1920.9620000000002,2131.002,4051.964,1,1,1
E_CLAYB-1,2026-08-28,39,4,-2421.13,2634.445,5055.575000000001,1,0,1
E_CLAYB-1,2026-08-28,40,5,-1916.482,2130.85,4047.332,1,1,1
E_CLAYB-1,2026-08-28,41,5,-1925.1099999999994,2149.154,4074.263999999999,1,1,1
E_CLAYB-1,2026-08-28,42,6,-1595.5950000000003,1802.993333333333,3398.588333333333,0,0,0
E_CLAYB-1,2026-08-28,43,5,-1931.952,2128.93,4060.8819999999996,0,0,0
E_CLAYB-1,2026-08-28,44,5,-1933.5999999999997,2128.85,4062.45,0,0,0
E_CLAYB-1,2026-08-28,45,5,-1931.2739999999994,2122.5060000000003,4053.7799999999997,0,0,0
E_CLAYB-1,2026-08-28,46,5,-1933.3779999999995,2122.282,4055.66,0,0,0
E_CLAYB-1,2026-08-28,47,4,-2443.9600000000005,2613.085,5057.045,0,0,0
E_CLAYB-1,2026-08-28,48,4,-2451.5349999999994,2604.61,5056.1449999999995,0,0,0
E_CLAYB-1,2026-08-29,1,4,-2446.6825,2604.6025,5051.285,0,0,0
E_CLAYB-1,2026-08-29,2,5,-1943.1859999999997,2098.5919999999996,4041.7779999999993,0,0,0
E_CLAYB-1,2026-08-29,3,4,-2445.3624999999997,2597.11,5042.4725,0,0,0
E_CLAYB-1,2026-08-29,4,6,-1609.5999999999995,1774.885,3384.4849999999997,1,1,1
E_CLAYB-1,2026-08-29,5,5,-1952.3699999999994,2106.526,4058.8959999999993,1,1,0
E_CLAYB-1,2026-08-29,6,6,-1613.2266666666665,1776.9033333333334,3390.13,1,0,1
E_CLAYB-1,2026-08-29,7,6,-1666.2433333333338,1771.2383333333335,3437.4816666666675,1,0,0
E_CLAYB-1,2026-08-29,8,7,-1380.5685714285712,1529.722857142857,2910.2914285714282,0,0,0
E_CLAYB-1,2026-08-29,9,6,-1626.5350000000005,1769.5366666666666,3396.071666666667,0,0,0
E_CLAYB-1,2026-08-29,10,5,-1999.7859999999996,2104.2259999999997,4104.011999999999,0,0,0
E_CLAYB-1,2026-08-29,11,6,-1625.0433333333333,1781.495,3406.538333333333,0,0,0
E_CLAYB-1,2026-08-29,12,6,-1664.0016666666668,1791.325,3455.326666666667,0,0,0
E_CLAYB-1,2026-08-29,13,6,-1599.6266666666668,1796.9183333333333,3396.545,0,0,0
E_CLAYB-1,2026-08-29,14,5,-1935.5939999999998,2130.986,4066.58,1,1,1
E_CLAYB-1,2026-08-29,15,5,-1935.5859999999998,2132.1,4067.6859999999997,1,0,1
E_CLAYB-1,2026-08-29,16,5,-1932.0260000000005,2132.714,4064.7400000000007,1,1,1
E_CLAYB-1,2026-08-29,17,5,-1931.3620000000003,2132.706,4064.068,0,0,0
E_CLAYB-1,2026-08-29,18,6,-1595.7600000000004,1804.9216666666669,3400.6816666666673,1,0,1
E_CLAYB-1,2026-08-29,19,5,-1931.3460000000002,2132.95,4064.2960000000003,1,0,0
E_CLAYB-1,2026-08-29,20,6,-1581.0083333333332,1807.756666666667,3388.7650000000003,0,0,0
E_CLAYB-1,2026-08-29,21,5,-1963.8579999999997,2135.426,4099.284,1,1,1
E_CLAYB-1,2026-08-29,22,4,-2480.3499999999995,2626.765,5107.115,1,1,1
E_CLAYB-1,2026-08-29,23,5,-1940.0260000000005,2135.432,4075.4580000000005,1,1,0
E_CLAYB-1,2026-08-29,24,6,-1569.4966666666667,1809.1883333333335,3378.6850000000004,1,0,1
E_CLAYB-1,2026-08-29,25,5,-1907.3220000000001,2147.6259999999997,4054.948,0,0,0
E_CLAYB-1,2026-08-29,26,6,-1568.466666666667,1815.2849999999999,3383.751666666667,1,0,1
E_CLAYB-1,2026-08-29,27,6,-1568.7333333333333,1815.1966666666667,3383.9300000000003,1,1,1
E_CLAYB-1,2026-08-29,28,6,-1569.0399999999997,1814.8566666666666,3383.8966666666665,1,1,0
E_CLAYB-1,2026-08-29,29,5,-1910.8919999999994,2145.618,4056.5099999999993,0,0,0
E_CLAYB-1,2026-08-29,30,5,-1909.2539999999997,2145.6099999999997,4054.8639999999996,0,0,0
E_CLAYB-1,2026-08-29,31,6,-1566.5199999999998,1815.3783333333333,3381.898333333333,0,0,0
E_CLAYB-1,2026-08-29,32,5,-1906.5779999999995,2140.682,4047.2599999999993,0,0,0
E_CLAYB-1,2026-08-29,33,5,-1912.696,2140.234,4052.93,0,0,0
E_CLAYB-1,2026-08-29,34,5,-1905.7219999999998,2145.958,4051.68,1,0,1
E_CLAYB-1,2026-08-29,35,5,-1905.7139999999995,2148.33,4054.0439999999994,1,1,1
E_CLAYB-1,2026-08-29,36,6,-1564.4150000000006,1819.9183333333333,3384.333333333334,1,1,1
E_CLAYB-1,2026-08-29,37,5,-1904.0460000000003,2151.906,4055.952,1,1,1
E_CLAYB-1,2026-08-29,38,5,-1904.2059999999997,2153.066,4057.2719999999995,1,1,1
E_CLAYB-1,2026-08-29,39,5,-1909.3939999999998,2141.2580000000003,4050.652,0,0,0
E_CLAYB-1,2026-08-29,40,5,-1909.3859999999997,2148.2419999999997,4057.6279999999997,0,0,0
E_CLAYB-1,2026-08-29,41,5,-1908.9100000000003,2140.698,4049.608,1,1,1
E_CLAYB-1,2026-08-29,42,5,-1909.0520000000004,2165.37,4074.4220000000005,1,1,1
E_CLAYB-1,2026-08-29,43,6,-1577.7033333333336,1822.8416666666665,3400.545,1,1,0
E_CLAYB-1,2026-08-29,44,4,-2424.0399999999995,2626.8175,5050.8575,0,0,0
E_CLAYB-1,2026-08-29,45,4,-2424.0325000000003,2626.81,5050.842500000001,0,0,0
E_CLAYB-1,2026-08-29,46,4,-2423.2899999999995,2618.0125,5041.3025,0,0,0
E_CLAYB-1,2026-08-29,47,4,-2418.5499999999997,2633.4625,5052.0125,0,0,0
E_CLAYB-1,2026-08-29,48,5,-1913.1779999999994,2132.534,4045.7119999999995,1,1,1
E_CLAYB-1,2026-08-30,1,6,-1569.9683333333335,1813.243333333333,3383.2116666666666,1,0,1
E_CLAYB-1,2026-08-30,2,5,-1910.4659999999997,2125.9139999999998,4036.379999999999,1,1,1
E_CLAYB-1,2026-08-30,3,4,-2422.8025,2617.975,5040.7775,0,0,0
E_CLAYB-1,2026-08-30,4,5,-1917.7139999999995,2153.532,4071.2459999999996,0,0,0
E_CLAYB-1,2026-08-30,5,5,-1908.7039999999997,2146.162,4054.8659999999995,0,0,0
E_CLAYB-1,2026-08-30,6,5,-1906.9940000000001,2134.482,4041.476,1,1,1
E_CLAYB-1,2026-08-30,7,5,-1909.3040000000005,2125.8740000000003,4035.178000000001,1,0,1
E_CLAYB-1,2026-08-30,8,4,-2416.1500000000005,2617.9375,5034.087500000001,1,0,0
E_CLAYB-1,2026-08-30,9,4,-2420.1024999999995,2617.93,5038.032499999999,0,0,0
E_CLAYB-1,2026-08-30,10,4,-2420.0950000000003,2617.9225,5038.0175,1,1,1
E_CLAYB-1,2026-08-30,11,4,-2419.615,2617.915,5037.53,0,0,0
E_CLAYB-1,2026-08-30,12,4,-2419.6074999999996,2617.9075,5037.514999999999,0,0,0
E_CLAYB-1,2026-08-30,13,4,-2418.8875000000003,2617.9,5036.7875,0,0,0
E_CLAYB-1,2026-08-30,14,4,-2416.9075000000003,2632.51,5049.4175000000005,0,0,0
E_CLAYB-1,2026-08-30,15,4,-2414.5374999999995,2617.54,5032.077499999999,0,0,0
E_CLAYB-1,2026-08-30,16,5,-1907.1419999999998,2125.434,4032.576,1,0,0
E_CLAYB-1,2026-08-30,17,6,-1569.0650000000005,1801.9016666666666,3370.966666666667,1,1,1
E_CLAYB-1,2026-08-30,18,5,-1908.3560000000002,2136.466,4044.822,1,0,1
E_CLAYB-1,2026-08-30,19,4,-2414.965,2639.9275,5054.8925,0,0,0
E_CLAYB-1,2026-08-30,20,5,-1909.498,2143.794,4053.292,0,0,0
E_CLAYB-1,2026-08-30,21,4,-2408.155,2658.775,5066.93,0,0,0
E_CLAYB-1,2026-08-30,22,4,-2407.7274999999995,2647.06,5054.787499999999,0,0,0
E_CLAYB-1,2026-08-30,23,5,-1901.6340000000005,2192.084,4093.7180000000003,0,0,0
E_CLAYB-1,2026-08-30,24,4,-2407.5625,2647.84,5055.4025,0,0,0
E_CLAYB-1,2026-08-30,25,4,-2405.26,2643.2275,5048.4875,0,0,0
E_CLAYB-1,2026-08-30,26,4,-50.0,1250.0,1300.0,0,0,0
E_CLAYB-1,2026-08-30,27,4,-2411.3574999999996,2644.81,5056.1675,0,0,0
E_CLAYB-1,2026-08-30,28,5,-1908.5359999999996,2152.4900000000002,4061.026,0,0,0
E_CLAYB-1,2026-08-30,29,6,-1561.468333333333,1854.0133333333333,3415.4816666666666,0,0,0
E_CLAYB-1,2026-08-30,30,4,-2404.4724999999994,2653.09,5057.5625,0,0,0
E_CLAYB-1,2026-08-30,31,5,-1898.1620000000003,2185.356,4083.5180000000005,1,1,1
E_CLAYB-1,2026-08-30,32,6,-1560.6183333333338,1867.3566666666666,3427.9750000000004,1,1,1
E_CLAYB-1,2026-08-30,33,6,-1560.426666666666,1841.5016666666668,3401.928333333333,1,1,1
E_CLAYB-1,2026-08-30,34,6,-1559.3166666666668,1829.875,3389.1916666666666,1,1,1
E_CLAYB-1,2026-08-30,35,5,-1906.5139999999997,2154.7799999999997,4061.2939999999994,1,1,1
E_CLAYB-1,2026-08-30,36,5,-1902.3139999999996,2153.788,4056.102,1,1,1
E_CLAYB-1,2026-08-30,37,6,-1572.6200000000001,1827.2166666666665,3399.8366666666666,1,0,1
E_CLAYB-1,2026-08-30,38,5,-1907.2499999999995,2153.556,4060.8059999999996,1,0,0
E_CLAYB-1,2026-08-30,39,4,-2409.385,2641.435,5050.82,0,0,0
E_CLAYB-1,2026-08-30,40,5,-1899.732,2154.346,4054.078,1,1,1
E_CLAYB-1,2026-08-30,41,6,-1560.5250000000003,1823.9099999999999,3384.4350000000004,1,1,0
E_CLAYB-1,2026-08-30,42,6,-1562.3949999999998,1823.9016666666666,3386.296666666666,1,0,1
E_CLAYB-1,2026-08-30,43,4,-2420.3950000000004,2641.405,5061.800000000001,1,0,1
E_CLAYB-1,2026-08-30,44,5,-1911.8060000000005,2154.338,4066.1440000000007,0,0,0
E_CLAYB-1,2026-08-30,45,5,-1910.4600000000003,2148.6099999999997,4059.0699999999997,1,1,1
E_CLAYB-1,2026-08-30,46,4,-2417.2899999999995,2635.675,5052.965,0,0,0
E_CLAYB-1,2026-08-30,47,5,-1912.2980000000002,2144.778,4057.076,1,1,1
E_CLAYB-1,2026-08-30,48,5,-1909.8920000000003,2144.77,4054.6620000000003,1,1,1
E_CLAYB-1,2026-08-31,1,5,-1910.2760000000003,2139.858,4050.1340000000005,1,1,1
E_CLAYB-1,2026-08-31,2,5,-1928.6900000000005,2138.05,4066.7400000000007,0,0,0
E_CLAYB-1,2026-08-31,3,5,-1919.7859999999996,2130.0060000000003,4049.792,0,0,0
E_CLAYB-1,2026-08-31,4,6,-1579.3616666666665,1797.2316666666666,3376.5933333333332,0,0,0
E_CLAYB-1,2026-08-31,5,6,-1580.5250000000005,1798.1633333333332,3378.6883333333335,0,0,0
E_CLAYB-1,2026-08-31,6,6,-1579.8266666666668,1797.4633333333334,3377.29,0,0,0
E_CLAYB-1,2026-08-31,7,6,-1578.76,1798.0483333333334,3376.8083333333334,1,0,1
E_CLAYB-1,2026-08-31,8,6,-1578.2016666666668,1804.8133333333333,3383.0150000000003,1,1,0
E_CLAYB-1,2026-08-31,9,6,-1578.6716666666669,1805.64,3384.311666666667,1,1,1
E_CLAYB-1,2026-08-31,10,5,-1919.6100000000001,2133.806,4053.416,1,1,1
E_CLAYB-1,2026-08-31,11,4,-2417.5974999999994,2623.315,5040.912499999999,1,1,1
E_CLAYB-1,2026-08-31,12,5,-1912.8599999999994,2131.594,4044.4539999999997,1,1,0
E_CLAYB-1,2026-08-31,13,4,-2432.905,2623.3,5056.205,1,1,0
E_CLAYB-1,2026-08-31,14,4,-2432.8975000000005,2623.2925,5056.1900000000005,0,0,0
E_CLAYB-1,2026-08-31,15,5,-1932.8280000000002,2131.57,4064.398,0,0,0
E_CLAYB-1,2026-08-31,16,5,-1940.7780000000002,2131.562,4072.34,0,0,0
E_CLAYB-1,2026-08-31,17,5,-1960.708,2131.554,4092.262,1,0,0
E_CLAYB-1,2026-08-31,18,6,-1620.0600000000004,1795.6433333333334,3415.703333333334,1,1,1
E_CLAYB-1,2026-08-31,19,6,-1639.14,1779.3183333333334,3418.4583333333335,1,1,1
E_CLAYB-1,2026-08-31,20,5,-1983.484,2086.5860000000002,4070.07,1,1,1
E_CLAYB-1,2026-08-31,21,5,-1990.516,2077.2259999999997,4067.7419999999997,1,1,1
E_CLAYB-1,2026-08-31,22,5,-1994.2740000000001,2077.218,4071.492,1,0,1
E_CLAYB-1,2026-08-31,23,4,-2496.2125000000005,2572.3225,5068.535000000001,1,0,0
E_CLAYB-1,2026-08-31,24,5,-1992.2340000000004,2090.3759999999997,4082.61,1,0,1
E_CLAYB-1,2026-08-31,25,5,-1979.73,2099.0119999999997,4078.7419999999997,1,0,0
E_CLAYB-1,2026-08-31,26,6,-1636.01,1760.9583333333333,3396.9683333333332,1,1,1
E_CLAYB-1,2026-08-31,27,6,-1632.626666666667,1764.5283333333334,3397.1550000000007,1,1,1
E_CLAYB-1,2026-08-31,28,7,-1378.0799999999997,1551.327142857143,2929.4071428571424,1,1,1
E_CLAYB-1,2026-08-31,29,6,-1609.5683333333336,1804.3333333333333,3413.9016666666666,1,0,1
E_CLAYB-1,2026-08-31,30,7,-1349.641428571429,1585.2257142857143,2934.8671428571433,0,0,0
E_CLAYB-1,2026-08-31,31,6,-1578.8933333333337,1832.5333333333335,3411.426666666667,1,0,1
E_CLAYB-1,2026-08-31,32,5,-1908.1620000000003,2163.25,4071.4120000000003,1,1,1
E_CLAYB-1,2026-08-31,33,5,-1906.6340000000005,2170.558,4077.1920000000005,1,1,0
E_CLAYB-1,2026-08-31,34,5,-1906.3699999999994,2173.254,4079.6239999999993,1,1,1
E_CLAYB-1,2026-08-31,35,5,-1903.3139999999996,2170.968,4074.2819999999992,1,1,0
E_CLAYB-1,2026-08-31,36,5,-1902.4499999999996,2169.532,4071.982,1,1,1
E_CLAYB-1,2026-08-31,37,4,-2408.365,2666.7775,5075.1425,1,1,1
E_CLAYB-1,2026-08-31,38,5,-1893.1420000000003,2184.546,4077.688,1,1,1
E_CLAYB-1,2026-08-31,39,5,-1892.95,2175.45,4068.3999999999996,1,1,1
E_CLAYB-1,2026-08-31,40,5,-1897.396,2169.0099999999998,4066.406,1,1,1
E_CLAYB-1,2026-08-31,41,5,-1898.6139999999996,2158.09,4056.7039999999997,1,1,1
E_CLAYB-1,2026-08-31,42,6,-1571.6750000000002,1831.3766666666668,3403.051666666667,1,1,1
E_CLAYB-1,2026-08-31,43,5,-1912.1259999999995,2154.29,4066.4159999999993,1,1,1
E_CLAYB-1,2026-08-31,44,6,-1573.3949999999998,1822.1266666666668,3395.5216666666665,1,1,1
E_CLAYB-1,2026-08-31,45,6,-1577.3033333333335,1816.485,3393.7883333333334,1,1,0
E_CLAYB-1,2026-08-31,46,5,-1919.2659999999996,2139.786,4059.0519999999997,0,0,0
E_CLAYB-1,2026-08-31,47,5,-1919.2580000000003,2139.778,4059.036,1,1,1
E_CLAYB-1,2026-08-31,48,5,-1920.7459999999999,2139.77,4060.5159999999996,0,0,0
E_CLAYB-1,2026-09-01,1,6,-1584.3166666666666,1809.485,3393.8016666666663,0,0,0
E_CLAYB-1,2026-09-01,2,6,-1586.9433333333336,1809.4766666666667,3396.42,1,0,1
E_CLAYB-1,2026-09-01,3,6,-1586.7216666666666,1808.3966666666665,3395.118333333333,1,1,1
E_CLAYB-1,2026-09-01,4,6,-1586.7133333333331,1808.3416666666665,3395.0549999999994,1,1,1
E_CLAYB-1,2026-09-01,5,5,-1924.9460000000004,2135.8720000000003,4060.8180000000007,1,0,0
E_CLAYB-1,2026-09-01,6,4,-2451.0474999999997,2626.24,5077.287499999999,1,1,1
E_CLAYB-1,2026-09-01,7,4,-2440.8624999999997,2626.2325,5067.094999999999,1,1,1
E_CLAYB-1,2026-09-01,8,4,-2440.4500000000003,2626.225,5066.675,1,1,1
E_CLAYB-1,2026-09-01,9,5,-1927.8460000000002,2134.698,4062.544,1,1,1
E_CLAYB-1,2026-09-01,10,6,-1590.2050000000002,1805.8316666666667,3396.036666666667,1,1,0
E_CLAYB-1,2026-09-01,11,5,-1925.6499999999996,2149.368,4075.0179999999996,1,1,1
E_CLAYB-1,2026-09-01,12,5,-1923.3079999999995,2142.722,4066.0299999999997,1,1,0
E_CLAYB-1,2026-09-01,13,5,-1921.926,2141.2580000000003,4063.184,1,1,0
E_CLAYB-1,2026-09-01,14,5,-1925.4160000000004,2141.25,4066.666,1,1,1
E_CLAYB-1,2026-09-01,15,5,-1954.6200000000003,2138.666,4093.2860000000005,1,1,0
E_CLAYB-1,2026-09-01,16,4,-2459.2899999999995,2625.145,5084.4349999999995,0,0,0
E_CLAYB-1,2026-09-01,17,5,-1957.72,2126.514,4084.2340000000004,0,0,0
E_CLAYB-1,2026-09-01,18,6,-1621.4066666666665,1798.485,3419.8916666666664,1,1,1
E_CLAYB-1,2026-09-01,19,5,-1965.024,2098.218,4063.2419999999997,1,1,0
E_CLAYB-1,2026-09-01,20,6,-1632.578333333333,1755.1433333333334,3387.7216666666664,1,1,1
E_CLAYB-1,2026-09-01,21,6,-1646.948333333333,1777.5200000000002,3424.4683333333332,1,0,0
E_CLAYB-1,2026-09-01,22,4,-2489.74,2591.71,5081.45,0,0,0
E_CLAYB-1,2026-09-01,23,5,-1989.6820000000002,2089.562,4079.244,0,0,0
E_CLAYB-1,2026-09-01,24,5,-1995.1219999999998,2088.582,4083.7039999999997,0,0,0
E_CLAYB-1,2026-09-01,25,5,-1995.1139999999996,2086.91,4082.0239999999994,1,1,1
E_CLAYB-1,2026-09-01,26,6,-1648.178333333333,1758.61,3406.788333333333,1,0,1
E_CLAYB-1,2026-09-01,27,5,-1978.9779999999996,2092.17,4071.1479999999997,0,0,0
E_CLAYB-1,2026-09-01,28,5,-1978.9699999999993,2111.098,4090.0679999999993,1,0,0
E_CLAYB-1,2026-09-01,29,4,-2480.215,2617.195,5097.41,1,0,1
E_CLAYB-1,2026-09-01,30,6,-1644.7850000000005,1798.4266666666665,3443.211666666667,0,0,0
E_CLAYB-1,2026-09-01,31,6,-1644.7766666666669,1817.2733333333333,3462.05,1,0,0
E_CLAYB-1,2026-09-01,32,5,-1967.7859999999996,2152.234,4120.0199999999995,1,1,0
E_CLAYB-1,2026-09-01,33,4,-2459.0424999999996,2653.09,5112.1325,0,0,0
E_CLAYB-1,2026-09-01,34,4,-2432.8900000000003,2650.39,5083.280000000001,0,0,0
E_CLAYB-1,2026-09-01,35,5,-1928.4740000000002,2169.88,4098.354,0,0,0
E_CLAYB-1,2026-09-01,36,4,-2425.7200000000003,2665.1875,5090.9075,0,0,0
E_CLAYB-1,2026-09-01,37,4,-2419.615,2657.185,5076.799999999999,1,1,0
E_CLAYB-1,2026-09-01,38,4,-2419.6074999999996,2649.7375,5069.344999999999,1,0,0
E_CLAYB-1,2026-09-01,39,5,-1901.3,2159.778,4061.0779999999995,0,0,0
E_CLAYB-1,2026-09-01,40,6,-1563.7800000000004,1836.7516666666668,3400.531666666667,0,0,0
E_CLAYB-1,2026-09-01,41,5,-1900.0900000000001,2170.562,4070.652,1,1,1
E_CLAYB-1,2026-09-01,42,4,-2405.2075000000004,2657.59,5062.797500000001,1,1,1
E_CLAYB-1,2026-09-01,43,6,-1559.471666666667,1841.868333333333,3401.34,1,1,1
E_CLAYB-1,2026-09-01,44,5,-1898.6200000000001,2163.546,4062.166,1,1,1
E_CLAYB-1,2026-09-01,45,5,-1905.5420000000001,2158.546,4064.0879999999997,1,1,1
E_CLAYB-1,2026-09-01,46,5,-1904.658,2158.538,4063.196,1,1,1
E_CLAYB-1,2026-09-01,47,5,-1903.5159999999996,2149.938,4053.4539999999997,1,1,1
E_CLAYB-1,2026-09-01,48,5,-1903.9099999999994,2149.93,4053.8399999999992,1,0,1
E_CLAYB-1,2026-09-02,1,4,-2412.4824999999996,2639.9875,5052.469999999999,1,0,1
E_CLAYB-1,2026-09-02,2,5,-1898.516,2157.386,4055.902,1,1,1
E_CLAYB-1,2026-09-02,3,4,-2410.4575000000004,2644.0825,5054.540000000001,1,0,1
E_CLAYB-1,2026-09-02,4,4,-2395.4874999999997,2644.9075,5040.3949999999995,1,1,0
E_CLAYB-1,2026-09-02,5,5,-1894.9779999999996,2160.452,4055.43,1,1,1
E_CLAYB-1,2026-09-02,6,5,-1894.9699999999993,2169.0919999999996,4064.061999999999,1,1,1
E_CLAYB-1,2026-09-02,7,4,-2402.4099999999994,2651.575,5053.984999999999,1,1,1
E_CLAYB-1,2026-09-02,8,7,-1308.4457142857138,1604.4457142857143,2912.891428571428,1,1,1
E_CLAYB-1,2026-09-02,9,5,-1893.7699999999993,2169.466,4063.235999999999,1,1,0
E_CLAYB-1,2026-09-02,10,6,-1556.9566666666663,1843.5633333333335,3400.5199999999995,0,0,0
E_CLAYB-1,2026-09-02,11,6,-1557.2366666666667,1844.495,3401.7316666666666,0,0,0
E_CLAYB-1,2026-09-02,12,5,-1896.1640000000002,2173.114,4069.2780000000002,0,0,0
E_CLAYB-1,2026-09-02,13,5,-1889.9900000000002,2174.402,4064.3920000000003,1,1,1
E_CLAYB-1,2026-09-02,14,5,-1888.9940000000001,2170.386,4059.38,1,1,1
E_CLAYB-1,2026-09-02,15,6,-1555.6016666666667,1833.1433333333334,3388.745,1,0,0
E_CLAYB-1,2026-09-02,16,6,-1557.888333333333,1833.135,3391.023333333333,1,0,1
E_CLAYB-1,2026-09-02,17,5,-1900.4440000000002,2159.7619999999997,4060.206,1,1,1
E_CLAYB-1,2026-09-02,18,4,-2410.6975,2647.4875,5058.185,0,0,0
E_CLAYB-1,2026-09-02,19,6,-1564.0883333333331,1826.7933333333333,3390.881666666666,1,0,1
E_CLAYB-1,2026-09-02,20,5,-1899.4680000000003,2146.3540000000003,4045.8220000000006,1,0,0
E_CLAYB-1,2026-09-02,21,4,-2408.4249999999997,2637.1375,5045.5625,0,0,0
E_CLAYB-1,2026-09-02,22,5,-1900.0759999999996,2146.338,4046.4139999999998,1,1,1
E_CLAYB-1,2026-09-02,23,5,-1900.068,2146.33,4046.398,1,1,1
E_CLAYB-1,2026-09-02,24,5,-1901.4579999999999,2156.216,4057.674,0,0,0
E_CLAYB-1,2026-09-02,25,6,-1565.1116666666665,1831.29,3396.4016666666666,1,1,1
E_CLAYB-1,2026-09-02,26,6,-1561.6399999999994,1835.9366666666667,3397.576666666666,1,1,1
E_CLAYB-1,2026-09-02,27,6,-1562.5466666666669,1833.0383333333332,3395.585,1,1,1
E_CLAYB-1,2026-09-02,28,7,-1330.1585714285718,1595.4057142857143,2925.564285714286,1,1,0
E_CLAYB-1,2026-09-02,29,6,-1573.7933333333333,1831.6916666666666,3405.4849999999997,0,0,0
E_CLAYB-1,2026-09-02,30,6,-1576.3183333333338,1832.8966666666668,3409.2150000000006,0,0,0
E_CLAYB-1,2026-09-02,31,6,-1569.376666666667,1837.0866666666668,3406.463333333334,1,1,1
E_CLAYB-1,2026-09-02,32,6,-1566.068333333333,1835.7033333333331,3401.771666666666,0,0,0
E_CLAYB-1,2026-09-02,33,4,-50.0,1250.0,1300.0,0,0,0
E_CLAYB-1,2026-09-02,34,4,-2410.135,2661.085,5071.22,0,0,0
E_CLAYB-1,2026-09-02,35,4,-2401.18,2661.0775,5062.2575,0,0,0
E_CLAYB-1,2026-09-02,36,6,-1554.328333333333,1839.005,3393.333333333333,0,0,0
E_CLAYB-1,2026-09-02,37,5,-1892.1480000000004,2163.778,4055.9260000000004,0,0,0
E_CLAYB-1,2026-09-02,38,6,-1554.798333333333,1837.3016666666665,3392.0999999999995,1,1,1
E_CLAYB-1,2026-09-02,39,6,-1559.093333333333,1837.2933333333333,3396.3866666666663,1,1,0
E_CLAYB-1,2026-09-02,40,6,-1563.0216666666668,1837.2849999999999,3400.3066666666664,1,1,1
E_CLAYB-1,2026-09-02,41,5,-1902.8760000000002,2156.986,4059.862,1,0,1
E_CLAYB-1,2026-09-02,42,6,-1562.7283333333335,1830.3333333333333,3393.0616666666665,1,1,1
E_CLAYB-1,2026-09-02,43,7,-1329.2657142857138,1592.5157142857145,2921.7814285714285,1,1,1
E_CLAYB-1,2026-09-02,44,5,-1908.5059999999994,2146.358,4054.8639999999996,1,1,1
E_CLAYB-1,2026-09-02,45,6,-1572.006666666667,1818.78,3390.786666666667,1,1,1
E_CLAYB-1,2026-09-02,46,6,-1572.555,1815.9099999999999,3388.465,1,0,0
E_CLAYB-1,2026-09-02,47,7,-1326.304285714286,1580.642857142857,2906.9471428571433,1,1,1
E_CLAYB-1,2026-09-02,48,7,-1326.7071428571423,1577.185714285714,2903.8928571428564,1,1,1
E_CLAYB-1,2026-09-03,1,6,-1579.2349999999997,1809.4766666666667,3388.711666666666,1,1,1
E_CLAYB-1,2026-09-03,2,6,-1588.1916666666666,1809.4683333333332,3397.66,1,1,1
E_CLAYB-1,2026-09-03,3,6,-1592.7100000000003,1807.7483333333332,3400.4583333333335,1,1,0
E_CLAYB-1,2026-09-03,4,6,-1591.84,1802.4016666666666,3394.241666666667,1,0,1
E_CLAYB-1,2026-09-03,5,5,-1926.22,2130.2580000000003,4056.478,1,1,1
E_CLAYB-1,2026-09-03,6,4,-2429.9500000000003,2622.0475,5051.9975,1,1,1
E_CLAYB-1,2026-09-03,7,5,-1918.9859999999996,2132.19,4051.1759999999995,1,1,1
E_CLAYB-1,2026-09-03,8,4,-2423.9799999999996,2628.91,5052.889999999999,1,1,1
E_CLAYB-1,2026-09-03,9,5,-1915.9699999999993,2139.2599999999998,4055.229999999999,1,1,1
E_CLAYB-1,2026-09-03,10,5,-1915.9620000000002,2146.434,4062.3960000000006,0,0,0
E_CLAYB-1,2026-09-03,11,5,-1908.48,2152.898,4061.378,0,0,0
E_CLAYB-1,2026-09-03,12,5,-1911.9840000000004,2159.8419999999996,4071.826,0,0,0
E_CLAYB-1,2026-09-03,13,5,-1920.806,2145.6259999999997,4066.432,0,0,0
E_CLAYB-1,2026-09-03,14,6,-1578.4033333333336,1818.0683333333334,3396.4716666666673,0,0,0
E_CLAYB-1,2026-09-03,15,5,-1936.486,2145.298,4081.7839999999997,0,0,0
E_CLAYB-1,2026-09-03,16,5,-1936.7679999999996,2143.866,4080.6339999999996,0,0,0
E_CLAYB-1,2026-09-03,17,5,-1940.6320000000003,2143.858,4084.4900000000007,1,1,1
E_CLAYB-1,2026-09-03,18,6,-1608.6366666666665,1809.6516666666666,3418.288333333333,1,1,1
E_CLAYB-1,2026-09-03,19,5,-1961.5880000000002,2137.218,4098.8060000000005,1,0,1
E_CLAYB-1,2026-09-03,20,7,-1382.2471428571425,1548.8228571428572,2931.0699999999997,1,1,1
E_CLAYB-1,2026-09-03,21,5,-1967.7879999999998,2110.826,4078.6139999999996,1,1,0
E_CLAYB-1,2026-09-03,22,6,-1646.0216666666665,1769.0316666666668,3415.0533333333333,1,1,1
E_CLAYB-1,2026-09-03,23,5,-1996.1859999999997,2092.118,4088.3039999999996,1,0,1
E_CLAYB-1,2026-09-03,24,6,-1662.7266666666662,1756.9633333333334,3419.6899999999996,1,1,1
E_CLAYB-1,2026-09-03,25,5,-2001.4900000000005,2079.29,4080.7800000000007,0,0,0
E_CLAYB-1,2026-09-03,26,6,-1685.2100000000003,1738.3066666666666,3423.516666666667,1,1,1
E_CLAYB-1,2026-09-03,27,5,-2007.5620000000004,2074.234,4081.7960000000003,1,1,1
E_CLAYB-1,2026-09-03,28,6,-1666.4766666666662,1745.5083333333332,3411.9849999999997,1,1,1
E_CLAYB-1,2026-09-03,29,6,-1666.4683333333326,1786.625,3453.0933333333323,0,0,0
E_CLAYB-1,2026-09-03,30,5,-1984.6499999999996,2131.9919999999997,4116.642,1,1,1
E_CLAYB-1,2026-09-03,31,5,-1984.6419999999994,2152.8540000000003,4137.495999999999,0,0,0
E_CLAYB-1,2026-09-03,32,6,-1628.6349999999995,1824.3716666666667,3453.006666666666,1,1,1
E_CLAYB-1,2026-09-03,33,4,-2439.7899999999995,2644.105,5083.8949999999995,1,0,0
E_CLAYB-1,2026-09-03,34,4,-2431.5175000000004,2642.965,5074.4825,1,1,1
E_CLAYB-1,2026-09-03,35,4,-2431.5175000000004,2641.3375,5072.8550000000005,1,1,1
E_CLAYB-1,2026-09-03,36,5,-1926.9859999999996,2154.0080000000003,4080.9939999999997,1,0,0
E_CLAYB-1,2026-09-03,37,5,-1897.408,2163.834,4061.2419999999997,1,1,1
E_CLAYB-1,2026-09-03,38,5,-1903.2640000000004,2163.826,4067.09,0,0,0
E_CLAYB-1,2026-09-03,39,5,-1902.9,2168.106,4071.0060000000003,0,0,0
E_CLAYB-1,2026-09-03,40,5,-1908.5779999999995,2158.826,4067.4039999999995,0,0,0
E_CLAYB-1,2026-09-03,41,6,-1572.1000000000004,1830.4016666666666,3402.501666666667,0,0,0
E_CLAYB-1,2026-09-03,42,5,-1914.4279999999999,2157.138,4071.566,0,0,0
E_CLAYB-1,2026-09-03,43,5,-1915.4839999999997,2154.338,4069.822,0,0,0
E_CLAYB-1,2026-09-03,44,4,-2423.7324999999996,2644.6225,5068.355,0,0,0
E_CLAYB-1,2026-09-03,45,5,-1920.3779999999995,2154.322,4074.7,0,0,0
E_CLAYB-1,2026-09-03,46,4,-2428.2849999999994,2644.6075,5072.8925,0,0,0
E_CLAYB-1,2026-09-03,47,5,-1918.252,2142.81,4061.062,0,0,0
E_CLAYB-1,2026-09-03,48,6,-1582.0666666666666,1815.46,3397.5266666666666,0,0,0
E_CLAYB-1,2026-09-04,1,5,-1918.7759999999998,2142.794,4061.5699999999997,0,0,0
E_CLAYB-1,2026-09-04,2,6,-1578.4116666666662,1815.4433333333334,3393.8549999999996,0,0,0
E_CLAYB-1,2026-09-04,3,5,-1914.1239999999998,2142.778,4056.9019999999996,1,1,1
E_CLAYB-1,2026-09-04,4,5,-1911.5839999999996,2142.77,4054.3539999999994,1,1,1
E_CLAYB-1,2026-09-04,5,6,-1574.7266666666662,1806.9033333333334,3381.6299999999997,1,1,1
E_CLAYB-1,2026-09-04,6,4,-2416.3450000000003,2631.205,5047.55,1,1,1
E_CLAYB-1,2026-09-04,7,5,-1913.4280000000006,2139.73,4053.1580000000004,1,1,1
E_CLAYB-1,2026-09-04,8,6,-1575.1800000000003,1814.9583333333333,3390.1383333333333,1,1,0
E_CLAYB-1,2026-09-04,9,5,-1919.6019999999996,2139.714,4059.316,1,1,0
E_CLAYB-1,2026-09-04,10,6,-1593.0333333333338,1802.3033333333333,3395.336666666667,1,1,0
E_CLAYB-1,2026-09-04,11,6,-1597.291666666667,1808.8549999999998,3406.1466666666665,1,1,1
E_CLAYB-1,2026-09-04,12,6,-1596.3749999999998,1813.3516666666667,3409.7266666666665,1,1,1
E_CLAYB-1,2026-09-04,13,6,-1594.6416666666662,1813.985,3408.626666666666,0,0,0
E_CLAYB-1,2026-09-04,14,5,-1948.854,2127.786,4076.6400000000003,0,0,0
E_CLAYB-1,2026-09-04,15,5,-1982.77,2127.778,4110.548,0,0,0
E_CLAYB-2,2026-08-28,16,2,112.475,189.465,76.99000000000001,0,0,0
E_CLAYB-2,2026-08-28,17,3,110.55000000000001,181.84333333333333,71.29333333333332,1,1,1
E_CLAYB-2,2026-08-28,18,2,94.985,178.45499999999998,83.46999999999998,0,0,0
E_CLAYB-2,2026-08-28,19,2,97.745,173.135,75.38999999999999,0,0,0
E_CLAYB-2,2026-08-28,20,2,98.215,171.575,73.35999999999999,0,0,0
E_CLAYB-2,2026-08-28,21,2,101.945,167.615,65.67000000000002,0,0,0
E_CLAYB-2,2026-08-28,22,2,103.775,167.60500000000002,63.83000000000001,0,0,0
E_CLAYB-2,2026-08-28,23,2,104.88499999999999,164.785,59.900000000000006,0,0,0
E_CLAYB-2,2026-08-28,24,3,108.42,164.77333333333334,56.35333333333334,1,1,1
E_CLAYB-2,2026-08-28,25,3,111.13666666666666,164.76333333333332,53.626666666666665,1,1,1
E_CLAYB-2,2026-08-28,26,3,102.60333333333334,164.75333333333333,62.14999999999999,1,0,1
E_CLAYB-2,2026-08-28,27,2,75.845,163.065,87.22,1,1,1
E_CLAYB-2,2026-08-28,28,2,87.485,159.625,72.14,0,0,0
E_CLAYB-2,2026-08-28,29,3,91.08666666666666,153.90333333333334,62.81666666666668,0,0,0
E_CLAYB-2,2026-08-28,30,3,84.34666666666666,153.68,69.33333333333334,1,1,1
E_CLAYB-2,2026-08-28,31,3,76.78666666666668,151.0633333333333,74.27666666666663,1,1,1
E_CLAYB-2,2026-08-28,32,3,42.97666666666666,148.11,105.13333333333335,1,1,1
E_CLAYB-2,2026-08-28,33,4,76.8075,156.865,80.0575,1,1,1
E_CLAYB-2,2026-08-28,34,2,79.945,170.415,90.47,1,0,1
E_CLAYB-2,2026-08-28,35,2,82.88499999999999,170.405,87.52000000000001,0,0,0
E_CLAYB-2,2026-08-28,36,2,89.945,167.185,77.24000000000001,1,1,1
E_CLAYB-2,2026-08-28,37,2,99.185,164.015,64.82999999999998,1,1,1
E_CLAYB-2,2026-08-28,38,3,95.82333333333334,164.00333333333333,68.17999999999999,1,1,1
E_CLAYB-2,2026-08-28,39,2,104.82499999999999,163.905,59.08000000000001,1,1,1
E_CLAYB-2,2026-08-28,40,3,111.26666666666667,163.81333333333333,52.54666666666667,1,1,1
E_CLAYB-2,2026-08-28,41,2,95.695,163.805,68.11000000000001,1,1,1
E_CLAYB-2,2026-08-28,42,3,86.06333333333333,163.79333333333332,77.72999999999999,1,1,1
E_CLAYB-2,2026-08-28,43,2,85.505,161.415,75.91,0,0,0
E_CLAYB-2,2026-08-28,44,2,83.57499999999999,161.315,77.74000000000001,0,0,0
E_CLAYB-2,2026-08-28,45,3,84.92,153.38333333333333,68.46333333333332,0,0,0
E_CLAYB-2,2026-08-28,46,3,82.58333333333333,153.10333333333332,70.52,0,0,0
E_CLAYB-2,2026-08-28,47,3,78.67666666666666,151.11333333333334,72.43666666666668,1,1,1
E_CLAYB-2,2026-08-28,48,2,64.285,139.815,75.53,0,0,0
E_CLAYB-2,2026-08-29,1,2,70.755,139.805,69.05000000000001,0,0,0
E_CLAYB-2,2026-08-29,2,3,70.76666666666667,127.38333333333333,56.61666666666666,0,0,0
E_CLAYB-2,2026-08-29,3,3,72.51666666666667,141.27666666666667,68.76,0,0,0
E_CLAYB-2,2026-08-29,4,3,72.52666666666667,135.17999999999998,62.65333333333331,1,1,1
E_CLAYB-2,2026-08-29,5,4,59.287499999999994,139.33249999999998,80.04499999999999,1,0,0
E_CLAYB-2,2026-08-29,6,3,63.92666666666667,149.66,85.73333333333332,1,0,1
E_CLAYB-2,2026-08-29,7,4,0.3075,142.0225,141.715,1,0,0
E_CLAYB-2,2026-08-29,8,4,57.3475,134.1325,76.785,0,0,0
E_CLAYB-2,2026-08-29,9,4,47.9575,140.23,92.27249999999998,0,0,0
E_CLAYB-2,2026-08-29,10,4,0.0175,135.1,135.08249999999998,0,0,0
E_CLAYB-2,2026-08-29,11,4,49.7475,137.35750000000002,87.61000000000001,0,0,0
E_CLAYB-2,2026-08-29,12,4,2.9975,149.7625,146.765,0,0,0
E_CLAYB-2,2026-08-29,13,4,80.2475,158.475,78.22749999999999,1,0,0
E_CLAYB-2,2026-08-29,14,4,80.2575,160.5275,80.27000000000001,1,1,0
E_CLAYB-2,2026-08-29,15,4,80.2675,164.865,84.59750000000001,0,0,0
E_CLAYB-2,2026-08-29,16,3,84.71666666666667,166.89666666666668,82.18,1,1,1
E_CLAYB-2,2026-08-29,17,3,85.54666666666667,166.54666666666665,80.99999999999999,0,0,0
E_CLAYB-2,2026-08-29,18,3,85.55666666666667,168.72333333333333,83.16666666666666,1,1,1
E_CLAYB-2,2026-08-29,19,3,85.56666666666666,168.89,83.32333333333332,1,0,0
E_CLAYB-2,2026-08-29,20,3,104.91666666666667,169.59,64.67333333333333,0,0,0
E_CLAYB-2,2026-08-29,21,3,44.92666666666667,170.07333333333335,125.14666666666668,1,1,1
E_CLAYB-2,2026-08-29,22,4,71.2775,169.55,98.27250000000001,1,1,1
E_CLAYB-2,2026-08-29,23,3,74.71666666666667,169.60666666666665,94.88999999999999,1,1,0
E_CLAYB-2,2026-08-29,24,4,115.66749999999999,171.58,55.91250000000002,1,0,1
E_CLAYB-2,2026-08-29,25,2,116.745,184.785,68.03999999999999,0,0,0
E_CLAYB-2,2026-08-29,26,2,119.045,184.775,65.73,1,0,1
E_CLAYB-2,2026-08-29,27,2,119.845,184.285,64.44,1,1,1
E_CLAYB-2,2026-08-29,28,2,121.845,182.285,60.44,1,1,0
E_CLAYB-2,2026-08-29,29,2,123.015,182.275,59.260000000000005,0,0,0
E_CLAYB-2,2026-08-29,30,2,114.845,182.265,67.41999999999999,0,0,0
E_CLAYB-2,2026-08-29,31,4,120.86,178.88,58.019999999999996,0,0,0
E_CLAYB-2,2026-08-29,32,2,116.525,175.555,59.03,0,0,0
E_CLAYB-2,2026-08-29,33,2,115.485,175.54500000000002,60.06000000000002,0,0,0
E_CLAYB-2,2026-08-29,34,3,117.59666666666665,176.52666666666664,58.92999999999999,0,0,0
E_CLAYB-2,2026-08-29,35,2,117.60499999999999,182.065,64.46000000000001,0,0,0
E_CLAYB-2,2026-08-29,36,2,123.38499999999999,202.165,78.78,1,1,1
E_CLAYB-2,2026-08-29,37,2,123.39500000000001,188.515,65.11999999999998,1,1,1
E_CLAYB-2,2026-08-29,38,4,119.49249999999999,178.60000000000002,59.10750000000003,1,1,1
E_CLAYB-2,2026-08-29,39,2,114.58500000000001,176.825,62.23999999999998,0,0,0
E_CLAYB-2,2026-08-29,40,2,114.595,169.465,54.870000000000005,0,0,0
E_CLAYB-2,2026-08-29,41,3,113.02,169.45333333333335,56.43333333333335,1,1,1
E_CLAYB-2,2026-08-29,42,3,113.83333333333333,169.44333333333333,55.61,1,1,1
E_CLAYB-2,2026-08-29,43,3,105.38,169.43333333333334,64.05333333333334,1,1,0
E_CLAYB-2,2026-08-29,44,3,106.94333333333333,169.42333333333332,62.47999999999999,0,0,0
E_CLAYB-2,2026-08-29,45,2,100.955,169.415,68.46,0,0,0
E_CLAYB-2,2026-08-29,46,2,101.945,157.685,55.74000000000001,0,0,0
E_CLAYB-2,2026-08-29,47,2,108.265,157.675,49.41000000000001,0,0,0
E_CLAYB-2,2026-08-29,48,2,108.275,157.665,49.389999999999986,1,1,1
E_CLAYB-2,2026-08-30,1,3,116.42333333333335,157.65333333333334,41.22999999999999,1,0,1
E_CLAYB-2,2026-08-30,2,3,110.65666666666665,157.64333333333332,46.986666666666665,1,0,0
E_CLAYB-2,2026-08-30,3,2,102.595,157.635,55.03999999999999,0,0,0
E_CLAYB-2,2026-08-30,4,2,102.60499999999999,157.625,55.02000000000001,0,0,0
E_CLAYB-2,2026-08-30,5,3,113.17666666666666,157.61333333333334,44.43666666666668,0,0,0
E_CLAYB-2,2026-08-30,6,2,108.875,157.60500000000002,48.73000000000002,0,0,0
E_CLAYB-2,2026-08-30,7,2,113.38499999999999,157.595,44.21000000000001,0,0,0
E_CLAYB-2,2026-08-30,8,2,111.465,157.585,46.120000000000005,0,0,0
E_CLAYB-2,2026-08-30,9,2,106.195,157.575,51.379999999999995,0,0,0
E_CLAYB-2,2026-08-30,10,2,106.205,157.565,51.36,1,1,1
E_CLAYB-2,2026-08-30,11,2,106.845,157.555,50.71000000000001,0,0,0
E_CLAYB-2,2026-08-30,12,2,106.85499999999999,157.54500000000002,50.690000000000026,0,0,0
E_CLAYB-2,2026-08-30,13,2,107.815,157.535,49.72,1,1,1
E_CLAYB-2,2026-08-30,14,2,110.455,177.015,66.55999999999999,0,0,0
E_CLAYB-2,2026-08-30,15,2,113.61500000000001,157.055,43.44,0,0,0
E_CLAYB-2,2026-08-30,16,2,109.215,162.495,53.28,0,0,0
E_CLAYB-2,2026-08-30,17,3,114.28000000000002,157.03333333333333,42.753333333333316,1,1,1
E_CLAYB-2,2026-08-30,18,2,114.735,162.475,47.739999999999995,0,0,0
E_CLAYB-2,2026-08-30,19,2,113.045,162.465,49.42,0,0,0
E_CLAYB-2,2026-08-30,20,3,112.16333333333334,162.45333333333335,50.290000000000006,0,0,0
E_CLAYB-2,2026-08-30,21,2,122.125,196.425,74.30000000000001,0,0,0
E_CLAYB-2,2026-08-30,22,2,122.695,196.415,73.72,0,0,0
E_CLAYB-2,2026-08-30,23,2,122.705,193.29500000000002,70.59000000000002,0,0,0
E_CLAYB-2,2026-08-30,24,2,122.91499999999999,191.315,68.4,0,0,0
E_CLAYB-2,2026-08-30,25,2,125.985,191.305,65.32000000000001,0,0,0
E_CLAYB-2,2026-08-30,26,4,-50.0,1250.0,1300.0,0,0,0
E_CLAYB-2,2026-08-30,27,2,117.85499999999999,193.415,75.56,0,0,0
E_CLAYB-2,2026-08-30,28,3,127.01666666666667,187.60666666666665,60.58999999999999,1,1,1
E_CLAYB-2,2026-08-30,29,3,127.02666666666669,191.54333333333332,64.51666666666664,0,0,0
E_CLAYB-2,2026-08-30,30,3,127.03666666666668,195.1833333333333,68.14666666666663,1,1,1
E_CLAYB-2,2026-08-30,31,3,127.04666666666667,228.42999999999998,101.38333333333331,1,1,1
E_CLAYB-2,2026-08-30,32,3,127.05666666666667,228.51999999999998,101.46333333333331,1,1,0
E_CLAYB-2,2026-08-30,33,2,127.285,194.215,66.93,1,1,1
E_CLAYB-2,2026-08-30,34,2,131.625,194.20499999999998,62.579999999999984,1,1,1
E_CLAYB-2,2026-08-30,35,2,116.60499999999999,192.365,75.76000000000002,1,1,1
E_CLAYB-2,2026-08-30,36,2,132.265,192.35500000000002,60.09000000000003,1,1,1
E_CLAYB-2,2026-08-30,37,3,126.04666666666667,192.34333333333333,66.29666666666667,1,1,1
E_CLAYB-2,2026-08-30,38,3,114.98333333333333,191.60333333333332,76.61999999999999,1,0,0
E_CLAYB-2,2026-08-30,39,3,113.62,188.91333333333333,75.29333333333332,1,1,0
E_CLAYB-2,2026-08-30,40,3,127.25,188.90333333333334,61.653333333333336,1,1,1
E_CLAYB-2,2026-08-30,41,3,128.85333333333332,188.89333333333332,60.03999999999999,1,1,0
E_CLAYB-2,2026-08-30,42,3,127.52333333333331,188.88333333333333,61.360000000000014,1,1,1
E_CLAYB-2,2026-08-30,43,3,116.32333333333334,188.87333333333333,72.55,1,1,1
E_CLAYB-2,2026-08-30,44,2,111.38499999999999,188.865,77.48000000000002,1,1,0
E_CLAYB-2,2026-08-30,45,3,111.02333333333333,186.01333333333332,74.99,0,0,0
E_CLAYB-2,2026-08-30,46,3,109.82666666666667,181.23333333333335,71.40666666666668,0,0,0
E_CLAYB-2,2026-08-30,47,3,109.18333333333334,181.22333333333333,72.03999999999999,1,1,1
E_CLAYB-2,2026-08-30,48,3,112.38666666666667,181.21333333333334,68.82666666666667,1,1,1
E_CLAYB-2,2026-08-31,1,3,112.00666666666666,175.07333333333335,63.06666666666669,1,1,1
E_CLAYB-2,2026-08-31,2,4,106.23249999999999,172.3525,66.12,1,1,0
E_CLAYB-2,2026-08-31,3,3,100.01666666666667,163.75,63.733333333333334,0,0,0
E_CLAYB-2,2026-08-31,4,4,107.7375,160.43,52.69250000000001,1,1,1
E_CLAYB-2,2026-08-31,5,3,98.98666666666666,161.54999999999998,62.56333333333332,1,0,0
E_CLAYB-2,2026-08-31,6,3,104.12666666666667,168.84,64.71333333333334,0,0,0
E_CLAYB-2,2026-08-31,7,3,105.86666666666667,171.89333333333332,66.02666666666664,1,1,1
E_CLAYB-2,2026-08-31,8,3,106.14666666666669,176.98000000000002,70.83333333333333,1,1,1
E_CLAYB-2,2026-08-31,9,4,108.7775,169.6875,60.91,1,0,1
E_CLAYB-2,2026-08-31,10,3,100.23666666666666,210.69000000000003,110.45333333333336,1,0,0
E_CLAYB-2,2026-08-31,11,2,109.535,181.365,71.83000000000001,0,0,0
E_CLAYB-2,2026-08-31,12,2,110.695,172.155,61.46000000000001,1,1,0
E_CLAYB-2,2026-08-31,13,2,89.125,164.735,75.61000000000001,1,0,0
E_CLAYB-2,2026-08-31,14,2,89.13499999999999,174.725,85.59,0,0,0
E_CLAYB-2,2026-08-31,15,3,86.57666666666667,164.71333333333334,78.13666666666667,0,0,0
E_CLAYB-2,2026-08-31,16,2,71.535,185.155,113.62,0,0,0
E_CLAYB-2,2026-08-31,17,2,48.724999999999994,164.695,115.97,0,0,0
E_CLAYB-2,2026-08-31,18,2,47.565,154.975,107.41,1,1,1
E_CLAYB-2,2026-08-31,19,3,33.49,135.38333333333333,101.89333333333332,1,1,1
E_CLAYB-2,2026-08-31,20,3,21.186666666666667,108.48333333333333,87.29666666666667,1,1,1
E_CLAYB-2,2026-08-31,21,2,11.465,96.785,85.32,1,1,1
E_CLAYB-2,2026-08-31,22,2,-3.5549999999999997,96.775,100.33000000000001,0,0,0
E_CLAYB-2,2026-08-31,23,3,4.716666666666666,102.49000000000001,97.77333333333334,0,0,0
E_CLAYB-2,2026-08-31,24,3,9.456666666666667,121.63,112.17333333333333,0,0,0
E_CLAYB-2,2026-08-31,25,3,25.08666666666667,127.41000000000001,102.32333333333334,1,0,0
E_CLAYB-2,2026-08-31,26,4,36.587500000000006,118.95,82.3625,1,1,1
E_CLAYB-2,2026-08-31,27,4,40.6475,121.9625,81.315,1,1,1
E_CLAYB-2,2026-08-31,28,4,40.6575,144.9525,104.29499999999999,1,1,1
E_CLAYB-2,2026-08-31,29,4,68.3175,163.285,94.9675,1,1,1
E_CLAYB-2,2026-08-31,30,4,68.32749999999999,185.58749999999998,117.25999999999999,1,0,1
E_CLAYB-2,2026-08-31,31,4,105.1275,196.675,91.54750000000001,1,0,1
E_CLAYB-2,2026-08-31,32,2,114.545,203.635,89.08999999999999,1,1,1
E_CLAYB-2,2026-08-31,33,3,116.45666666666666,213.27666666666667,96.82000000000001,1,1,0
E_CLAYB-2,2026-08-31,34,3,116.78666666666668,215.67999999999998,98.8933333333333,1,1,1
E_CLAYB-2,2026-08-31,35,3,120.60666666666667,216.4,95.79333333333334,1,1,0
E_CLAYB-2,2026-08-31,36,3,121.68666666666667,212.10000000000002,90.41333333333336,1,1,1
E_CLAYB-2,2026-08-31,37,2,121.845,246.035,124.19,1,1,1
E_CLAYB-2,2026-08-31,38,2,137.14499999999998,248.565,111.42000000000002,1,1,1
E_CLAYB-2,2026-08-31,39,3,132.36333333333334,235.07333333333335,102.71000000000001,1,1,0
E_CLAYB-2,2026-08-31,40,2,129.845,222.625,92.78,1,1,1
E_CLAYB-2,2026-08-31,41,3,125.41333333333334,197.86333333333334,72.45,1,1,1
E_CLAYB-2,2026-08-31,42,3,114.59333333333332,197.85333333333332,83.26,1,1,1
E_CLAYB-2,2026-08-31,43,2,110.025,193.115,83.09,1,1,0
E_CLAYB-2,2026-08-31,44,2,108.305,186.755,78.44999999999999,0,0,0
E_CLAYB-2,2026-08-31,45,2,106.245,179.985,73.74000000000001,1,1,1
E_CLAYB-2,2026-08-31,46,2,102.695,174.985,72.29000000000002,0,0,0
E_CLAYB-2,2026-08-31,47,2,94.595,174.975,80.38,0,0,0
E_CLAYB-2,2026-08-31,48,2,96.215,174.965,78.75,0,0,0
E_CLAYB-2,2026-09-01,1,3,96.98666666666666,172.71,75.72333333333334,0,0,0
E_CLAYB-2,2026-09-01,2,2,96.995,171.575,74.57999999999998,0,0,0
E_CLAYB-2,2026-09-01,3,3,97.00666666666666,170.4933333333333,73.48666666666665,0,0,0
E_CLAYB-2,2026-09-01,4,2,90.655,169.945,79.28999999999999,1,0,0
E_CLAYB-2,2026-09-01,5,3,81.92,169.93333333333334,88.01333333333334,1,1,0
E_CLAYB-2,2026-09-01,6,2,64.935,168.655,103.72,0,0,0
E_CLAYB-2,2026-09-01,7,2,78.515,168.64499999999998,90.12999999999998,0,0,0
E_CLAYB-2,2026-09-01,8,3,79.06666666666666,164.67,85.60333333333332,0,0,0
E_CLAYB-2,2026-09-01,9,3,89.75333333333333,168.62333333333333,78.87,1,1,1
E_CLAYB-2,2026-09-01,10,3,91.48333333333333,166.84333333333333,75.36,1,1,0
E_CLAYB-2,2026-09-01,11,4,111.33,171.82999999999998,60.499999999999986,1,1,1
E_CLAYB-2,2026-09-01,12,3,96.04,184.85333333333332,88.81333333333332,1,1,1
E_CLAYB-2,2026-09-01,13,3,96.06333333333333,176.82333333333335,80.76000000000002,1,1,0
E_CLAYB-2,2026-09-01,14,3,92.39333333333333,176.81333333333336,84.42000000000003,1,1,1
E_CLAYB-2,2026-09-01,15,2,70.245,173.585,103.34,1,0,0
E_CLAYB-2,2026-09-01,16,2,53.945,167.195,113.25,0,0,0
E_CLAYB-2,2026-09-01,17,3,51.34,158.39333333333332,107.05333333333331,0,0,0
E_CLAYB-2,2026-09-01,18,3,53.85333333333333,158.38333333333333,104.53,0,0,0
E_CLAYB-2,2026-09-01,19,2,31.845,158.375,126.53,0,0,0
E_CLAYB-2,2026-09-01,20,4,35.5275,118.33749999999999,82.80999999999999,0,0,0
E_CLAYB-2,2026-09-01,21,3,23.75666666666667,135.35333333333332,111.59666666666665,0,0,0
E_CLAYB-2,2026-09-01,22,3,13.346666666666666,125.08666666666666,111.74,0,0,0
E_CLAYB-2,2026-09-01,23,3,12.646666666666667,119.44333333333334,106.79666666666668,0,0,0
E_CLAYB-2,2026-09-01,24,3,5.846666666666667,120.19666666666667,114.35000000000001,1,0,0
E_CLAYB-2,2026-09-01,25,4,5.8575,116.72999999999999,110.87249999999999,1,1,1
E_CLAYB-2,2026-09-01,26,4,5.867500000000001,118.06,112.1925,1,1,1
E_CLAYB-2,2026-09-01,27,4,26.0275,128.54500000000002,102.51750000000001,0,0,0
E_CLAYB-2,2026-09-01,28,4,26.0375,140.365,114.32750000000001,0,0,0
E_CLAYB-2,2026-09-01,29,3,26.046666666666667,156.80666666666664,130.76,0,0,0
E_CLAYB-2,2026-09-01,30,4,26.0575,165.51,139.4525,0,0,0
E_CLAYB-2,2026-09-01,31,4,26.067499999999995,182.7775,156.71,1,0,0
E_CLAYB-2,2026-09-01,32,3,40.01666666666667,190.87333333333333,150.85666666666665,1,1,0
E_CLAYB-2,2026-09-01,33,2,54.275000000000006,204.45499999999998,150.17999999999998,0,0,0
E_CLAYB-2,2026-09-01,34,4,89.14750000000001,199.70499999999998,110.55749999999998,0,0,0
E_CLAYB-2,2026-09-01,35,2,89.155,229.35500000000002,140.20000000000002,0,0,0
E_CLAYB-2,2026-09-01,36,2,98.705,220.585,121.88000000000001,0,0,0
E_CLAYB-2,2026-09-01,37,2,106.845,209.915,103.07,1,1,0
E_CLAYB-2,2026-09-01,38,2,106.85499999999999,199.985,93.13000000000002,1,1,1
E_CLAYB-2,2026-09-01,39,2,124.58500000000001,199.975,75.38999999999999,0,0,0
E_CLAYB-2,2026-09-01,40,2,125.725,199.965,74.24000000000001,1,0,1
E_CLAYB-2,2026-09-01,41,3,130.49,213.45333333333335,82.96333333333334,1,1,1
E_CLAYB-2,2026-09-01,42,2,126.055,210.45499999999998,84.39999999999998,1,1,1
E_CLAYB-2,2026-09-01,43,3,129.8166666666667,210.4433333333333,80.62666666666661,1,1,1
E_CLAYB-2,2026-09-01,44,3,124.93666666666668,204.6833333333333,79.74666666666663,1,1,1
E_CLAYB-2,2026-09-01,45,2,119.545,198.435,78.89,1,1,0
E_CLAYB-2,2026-09-01,46,2,112.66499999999999,198.425,85.76000000000002,1,1,0
E_CLAYB-2,2026-09-01,47,3,112.67666666666668,191.25666666666666,78.57999999999998,1,0,1
E_CLAYB-2,2026-09-01,48,3,119.47000000000001,187.66333333333333,68.19333333333331,1,1,1
E_CLAYB-2,2026-09-02,1,2,116.35499999999999,186.985,70.63000000000002,0,0,0
E_CLAYB-2,2026-09-02,2,3,119.04666666666667,190.31333333333336,71.2666666666667,0,0,0
E_CLAYB-2,2026-09-02,3,2,119.055,189.14499999999998,70.08999999999997,1,1,1
E_CLAYB-2,2026-09-02,4,2,131.015,193.54500000000002,62.53000000000003,1,1,1
E_CLAYB-2,2026-09-02,5,3,131.02666666666667,194.92,63.89333333333332,1,1,1
E_CLAYB-2,2026-09-02,6,3,131.03666666666666,202.18000000000004,71.14333333333337,1,1,1
E_CLAYB-2,2026-09-02,7,3,129.78666666666666,202.78666666666666,73.0,1,1,0
E_CLAYB-2,2026-09-02,8,4,129.7975,202.975,73.17749999999998,0,0,0
E_CLAYB-2,2026-09-02,9,3,132.53666666666666,206.20666666666668,73.67000000000002,0,0,0
E_CLAYB-2,2026-09-02,10,3,132.02666666666667,206.66666666666666,74.63999999999999,0,0,0
E_CLAYB-2,2026-09-02,11,2,132.915,209.975,77.06,0,0,0
E_CLAYB-2,2026-09-02,12,3,130.40666666666667,210.54666666666665,80.13999999999999,1,0,0
E_CLAYB-2,2026-09-02,13,3,142.64333333333335,206.28333333333333,63.639999999999986,1,1,1
E_CLAYB-2,2026-09-02,14,3,139.16,199.98333333333335,60.82333333333335,1,1,1
E_CLAYB-2,2026-09-02,15,3,135.16333333333333,199.97333333333333,64.81,1,1,1
E_CLAYB-2,2026-09-02,16,3,131.6533333333333,199.96333333333334,68.31000000000003,1,0,1
E_CLAYB-2,2026-09-02,17,3,123.37666666666667,199.95333333333335,76.57666666666668,1,1,1
E_CLAYB-2,2026-09-02,18,2,118.735,196.985,78.25000000000001,1,0,0
E_CLAYB-2,2026-09-02,19,2,121.745,192.35500000000002,70.61000000000001,1,1,1
E_CLAYB-2,2026-09-02,20,2,121.755,192.345,70.59,1,1,1
E_CLAYB-2,2026-09-02,21,2,121.765,198.185,76.42,1,0,1
E_CLAYB-2,2026-09-02,22,3,130.60666666666665,202.06333333333336,71.4566666666667,1,1,1
E_CLAYB-2,2026-09-02,23,3,125.62666666666667,207.1866666666667,81.56000000000003,1,1,0
E_CLAYB-2,2026-09-02,24,4,118.0075,198.81,80.80250000000001,1,0,1
E_CLAYB-2,2026-09-02,25,4,99.2275,198.42749999999998,99.19999999999997,0,0,0
E_CLAYB-2,2026-09-02,26,3,127.28666666666668,207.04333333333332,79.75666666666665,1,1,1
E_CLAYB-2,2026-09-02,27,4,127.2975,201.52,74.22250000000001,1,0,0
E_CLAYB-2,2026-09-02,28,4,-50.0,1250.0,1300.0,0,0,0
E_CLAYB-2,2026-09-02,29,4,118.0175,204.955,86.93750000000001,0,0,0
E_CLAYB-2,2026-09-02,30,4,111.2575,205.115,93.85750000000002,0,0,0
E_CLAYB-2,2026-09-02,31,4,116.5475,205.135,88.58749999999999,0,0,0
E_CLAYB-2,2026-09-02,32,4,130.01749999999998,203.34,73.32250000000002,0,0,0
E_CLAYB-2,2026-09-02,33,4,-50.0,1250.0,1300.0,0,0,0
E_CLAYB-2,2026-09-02,34,2,119.485,215.115,95.63000000000001,0,0,0
E_CLAYB-2,2026-09-02,35,2,131.425,215.10500000000002,83.68,0,0,0
E_CLAYB-2,2026-09-02,36,2,135.195,204.985,69.79000000000002,0,0,0
E_CLAYB-2,2026-09-02,37,2,135.64499999999998,204.975,69.33000000000001,1,1,1
E_CLAYB-2,2026-09-02,38,3,137.72333333333333,204.96333333333334,67.24000000000001,1,1,1
E_CLAYB-2,2026-09-02,39,3,130.15666666666667,204.95333333333335,74.79666666666668,1,1,0
E_CLAYB-2,2026-09-02,40,3,125.04666666666667,204.9433333333333,79.89666666666663,1,1,1
E_CLAYB-2,2026-09-02,41,3,122.72666666666667,199.30333333333337,76.5766666666667,1,0,1
E_CLAYB-2,2026-09-02,42,3,122.77666666666669,194.70333333333335,71.92666666666666,1,1,1
E_CLAYB-2,2026-09-02,43,2,114.055,189.965,75.91,1,0,1
E_CLAYB-2,2026-09-02,44,2,114.11500000000001,180.945,66.82999999999998,1,1,1
E_CLAYB-2,2026-09-02,45,2,114.125,180.935,66.81,0,0,0
E_CLAYB-2,2026-09-02,46,2,112.685,178.885,66.19999999999999,1,0,1
E_CLAYB-2,2026-09-02,47,4,119.83500000000001,177.76000000000002,57.92500000000001,1,1,1
E_CLAYB-2,2026-09-02,48,4,119.84,174.535,54.69499999999999,1,1,0
E_CLAYB-2,2026-09-03,1,3,114.60000000000001,171.57333333333335,56.97333333333334,1,1,1
E_CLAYB-2,2026-09-03,2,2,104.725,171.565,66.84,1,1,1
E_CLAYB-2,2026-09-03,3,2,88.705,168.985,80.28000000000002,0,0,0
E_CLAYB-2,2026-09-03,4,2,91.41499999999999,163.085,71.67000000000002,1,1,0
E_CLAYB-2,2026-09-03,5,2,92.315,163.075,70.75999999999999,1,1,1
E_CLAYB-2,2026-09-03,6,3,99.01666666666667,166.04,67.02333333333333,1,1,1
E_CLAYB-2,2026-09-03,7,2,101.015,172.785,71.77,0,0,0
E_CLAYB-2,2026-09-03,8,3,101.02666666666669,176.91666666666666,75.88999999999997,0,0,0
E_CLAYB-2,2026-09-03,9,3,104.78666666666668,181.8166666666667,77.03000000000002,1,0,0
E_CLAYB-2,2026-09-03,10,3,104.79666666666667,184.29666666666665,79.49999999999999,1,1,1
E_CLAYB-2,2026-09-03,11,3,101.66666666666667,194.16,92.49333333333333,0,0,0
E_CLAYB-2,2026-09-03,12,2,101.015,207.35500000000002,106.34000000000002,0,0,0
E_CLAYB-2,2026-09-03,13,3,91.73,199.28333333333333,107.55333333333333,0,0,0
E_CLAYB-2,2026-09-03,14,3,86.86,181.88333333333333,95.02333333333333,0,0,0
E_CLAYB-2,2026-09-03,15,2,77.985,181.875,103.89,0,0,0
E_CLAYB-2,2026-09-03,16,2,77.14500000000001,180.085,102.94,1,0,0
E_CLAYB-2,2026-09-03,17,2,74.42500000000001,180.075,105.64999999999998,1,1,0
E_CLAYB-2,2026-09-03,18,2,66.36500000000001,171.785,105.41999999999999,0,0,0
E_CLAYB-2,2026-09-03,19,2,54.945,171.775,116.83000000000001,1,0,1
E_CLAYB-2,2026-09-03,20,3,55.346666666666664,176.08,120.73333333333335,1,1,1
E_CLAYB-2,2026-09-03,21,4,40.25749999999999,155.845,115.5875,1,1,0
E_CLAYB-2,2026-09-03,22,3,25.846666666666664,125.66333333333334,99.81666666666668,1,1,1
E_CLAYB-2,2026-09-03,23,2,4.515,114.985,110.47,1,0,0
E_CLAYB-2,2026-09-03,24,3,4.526666666666667,110.61000000000001,106.08333333333334,1,1,1
E_CLAYB-2,2026-09-03,25,4,-0.8025,93.035,93.83749999999999,0,0,0
E_CLAYB-2,2026-09-03,26,3,-22.453333333333333,87.36,109.81333333333333,1,1,0
E_CLAYB-2,2026-09-03,27,5,-1.9280000000000004,78.876,80.804,1,1,1
E_CLAYB-2,2026-09-03,28,4,0.0275,111.08000000000001,111.05250000000001,1,1,1
E_CLAYB-2,2026-09-03,29,4,0.037500000000000006,152.0025,151.965,0,0,0
E_CLAYB-2,2026-09-03,30,3,18.936666666666667,168.48333333333335,149.54666666666668,1,1,1
E_CLAYB-2,2026-09-03,31,3,18.94666666666667,192.49,173.54333333333335,0,0,0
E_CLAYB-2,2026-09-03,32,3,45.43666666666667,196.21,150.77333333333334,0,0,0
E_CLAYB-2,2026-09-03,33,2,79.945,192.475,112.53,1,1,1
E_CLAYB-2,2026-09-03,34,2,90.975,190.95499999999998,99.97999999999999,1,1,1
E_CLAYB-2,2026-09-03,35,2,90.975,188.785,97.81,1,1,1
E_CLAYB-2,2026-09-03,36,3,91.01666666666667,201.79,110.77333333333333,1,0,0
E_CLAYB-2,2026-09-03,37,3,126.64666666666666,209.85333333333332,83.20666666666666,1,1,1
E_CLAYB-2,2026-09-03,38,3,120.15333333333335,215.32333333333335,95.17,0,0,0
E_CLAYB-2,2026-09-03,39,3,121.82,210.38333333333333,88.56333333333333,0,0,0
E_CLAYB-2,2026-09-03,40,3,114.92333333333335,198.78333333333333,83.85999999999999,0,0,0
E_CLAYB-2,2026-09-03,41,3,113.74666666666667,197.38333333333333,83.63666666666666,0,0,0
E_CLAYB-2,2026-09-03,42,2,107.015,196.675,89.66000000000001,0,0,0
E_CLAYB-2,2026-09-03,43,2,100.505,193.175,92.67000000000002,1,1,1
E_CLAYB-2,2026-09-03,44,2,101.35499999999999,193.165,91.81,0,0,0
E_CLAYB-2,2026-09-03,45,3,98.58,193.15333333333334,94.57333333333334,0,0,0
E_CLAYB-2,2026-09-03,46,2,95.285,193.14499999999998,97.85999999999999,0,0,0
E_CLAYB-2,2026-09-03,47,2,102.07499999999999,178.765,76.69,0,0,0
E_CLAYB-2,2026-09-03,48,3,105.70333333333333,178.75333333333333,73.05,0,0,0
E_CLAYB-2,2026-09-04,1,2,102.095,178.745,76.65,0,0,0
E_CLAYB-2,2026-09-04,2,2,102.10499999999999,178.735,76.63000000000002,0,0,0
E_CLAYB-2,2026-09-04,3,3,106.95333333333333,178.72333333333333,71.77,1,1,1
E_CLAYB-2,2026-09-04,4,2,105.845,178.715,72.87,1,1,0
E_CLAYB-2,2026-09-04,5,2,105.85499999999999,175.285,69.43,0,0,0
E_CLAYB-2,2026-09-04,6,2,105.66499999999999,175.275,69.61000000000001,0,0,0
E_CLAYB-2,2026-09-04,7,2,98.215,174.915,76.69999999999999,1,1,1
E_CLAYB-2,2026-09-04,8,3,103.01666666666667,180.3166666666667,77.30000000000003,1,1,1
E_CLAYB-2,2026-09-04,9,3,103.02666666666669,180.30666666666664,77.27999999999996,1,1,0
E_CLAYB-2,2026-09-04,10,3,93.88666666666666,164.95333333333335,71.06666666666669,1,1,0
E_CLAYB-2,2026-09-04,11,3,94.00666666666666,156.59666666666666,62.59,1,1,0
E_CLAYB-2,2026-09-04,12,3,94.45666666666666,174.84666666666666,80.39,1,1,1
E_CLAYB-2,2026-09-04,13,3,93.83666666666666,163.68333333333334,69.84666666666668,0,0,0
E_CLAYB-2,2026-09-04,14,3,76.34,159.98333333333332,83.64333333333332,0,0,0
E_CLAYB-2,2026-09-04,15,3,35.410000000000004,159.97333333333333,124.56333333333333,0,0,0
E_CONTB-1,2026-08-28,16,5,-1910.5640000000003,2162.434,4072.9980000000005,0,0,0
E_CONTB-1,2026-08-28,17,4,-2418.5125000000003,2643.865,5062.3775000000005,0,0,0
E_CONTB-1,2026-08-28,18,4,-2418.505,2635.84,5054.345,0,0,0
E_CONTB-1,2026-08-28,19,4,-2418.4975,2631.85,5050.3475,1,1,1
E_CONTB-1,2026-08-28,20,4,-2420.3574999999996,2630.395,5050.7525,0,0,0
E_CONTB-1,2026-08-28,21,4,-2424.7374999999997,2628.2125,5052.95,0,0,0
E_CONTB-1,2026-08-28,22,4,-2423.2224999999994,2625.5425,5048.764999999999,0,0,0
E_CONTB-1,2026-08-28,23,4,-2421.4975,2622.6775,5044.174999999999,1,1,1
E_CONTB-1,2026-08-28,24,4,-2420.005,2625.7375,5045.7425,1,1,1
E_CONTB-1,2026-08-28,25,4,-2419.9975,2625.73,5045.7275,1,1,1
E_CONTB-1,2026-08-28,26,5,-1919.8499999999997,2134.856,4054.706,0,0,0
E_CONTB-1,2026-08-28,27,5,-1919.8419999999994,2131.786,4051.6279999999997,1,1,1
E_CONTB-1,2026-08-28,28,4,-2424.7825000000003,2624.395,5049.1775,1,0,1
E_CONTB-1,2026-08-28,29,5,-1935.0340000000003,2129.0099999999998,4064.044,1,0,0
E_CONTB-1,2026-08-28,30,6,-1598.218333333333,1804.1166666666668,3402.335,1,0,0
E_CONTB-1,2026-08-28,31,7,-1348.8528571428567,1560.8014285714287,2909.6542857142854,1,1,1
E_CONTB-1,2026-08-28,32,5,-1945.3859999999997,2125.046,4070.432,1,0,1
E_CONTB-1,2026-08-28,33,6,-1605.6516666666664,1811.2533333333333,3416.9049999999997,1,1,0
E_CONTB-1,2026-08-28,34,5,-1929.1299999999999,2150.5260000000003,4079.656,1,0,0
E_CONTB-1,2026-08-28,35,5,-1926.2980000000002,2143.94,4070.2380000000003,0,0,0
E_CONTB-1,2026-08-28,36,5,-1921.3859999999997,2136.8759999999997,4058.2619999999997,1,1,1
E_CONTB-1,2026-08-28,37,5,-1929.4419999999996,2136.932,4066.3739999999993,1,0,1
E_CONTB-1,2026-08-28,38,5,-1926.9859999999996,2179.676,4106.661999999999,1,0,1
E_CONTB-1,2026-08-28,39,5,-1918.194,2180.004,4098.198,0,0,0
E_CONTB-1,2026-08-28,40,5,-1918.4439999999995,2132.938,4051.3819999999996,1,1,1
E_CONTB-1,2026-08-28,41,4,-2435.44,2732.1025,5167.5425,0,0,0
E_CONTB-1,2026-08-28,42,4,-2438.2974999999997,2620.9,5059.1975,1,1,1
E_CONTB-1,2026-08-28,43,4,-2438.5449999999996,2620.8925,5059.4375,0,0,0
E_CONTB-1,2026-08-28,44,4,-2439.3250000000003,2618.7325,5058.057500000001,0,0,0
E_CONTB-1,2026-08-28,45,4,-2439.6475000000005,2615.6275,5055.275000000001,0,0,0
E_CONTB-1,2026-08-28,46,5,-1933.2059999999997,2122.282,4055.488,1,1,0
E_CONTB-1,2026-08-28,47,4,-2439.13,2604.7375,5043.8675,1,1,1
E_CONTB-1,2026-08-28,48,5,-1937.4900000000005,2101.428,4038.9180000000006,0,0,0
E_CONTB-1,2026-08-29,1,4,-2443.4799999999996,2598.0475,5041.5275,0,0,0
E_CONTB-1,2026-08-29,2,5,-1939.6419999999994,2104.2580000000003,4043.8999999999996,0,0,0
E_CONTB-1,2026-08-29,3,5,-1939.7859999999996,2105.054,4044.8399999999997,0,0,0
E_CONTB-1,2026-08-29,4,5,-1951.0980000000004,2103.7799999999997,4054.878,0,0,0
E_CONTB-1,2026-08-29,5,6,-1619.8516666666671,1769.7866666666666,3389.638333333334,0,0,0
E_CONTB-1,2026-08-29,6,6,-1624.0433333333328,1768.493333333333,3392.536666666666,0,0,0
E_CONTB-1,2026-08-29,7,6,-1624.0183333333337,1768.9166666666667,3392.9350000000004,0,0,0
E_CONTB-1,2026-08-29,8,6,-1626.4350000000002,1770.5783333333331,3397.0133333333333,0,0,0
E_CONTB-1,2026-08-29,9,6,-1627.7516666666668,1775.39,3403.141666666667,0,0,0
E_CONTB-1,2026-08-29,10,6,-1623.993333333333,1786.9666666666665,3410.9599999999996,1,0,1
E_CONTB-1,2026-08-29,11,5,-1951.2740000000001,2126.964,4078.2380000000003,1,1,1
E_CONTB-1,2026-08-29,12,6,-1612.318333333333,1797.36,3409.678333333333,1,0,0
E_CONTB-1,2026-08-29,13,5,81.53199999999997,2128.162,2046.6299999999999,0,0,0
E_CONTB-1,2026-08-29,14,5,81.77599999999984,2128.504,2046.728,0,0,0
E_CONTB-1,2026-08-29,15,5,82.27000000000007,2129.252,2046.982,0,0,0
E_CONTB-1,2026-08-29,16,4,68.98499999999967,2625.245,2556.26,0,0,0
E_CONTB-1,2026-08-29,17,4,-2435.6500000000005,2627.2375,5062.887500000001,0,0,0
E_CONTB-1,2026-08-29,18,5,-1932.0720000000006,2135.778,4067.8500000000004,1,1,1
E_CONTB-1,2026-08-29,19,5,-1926.1859999999997,2135.916,4062.102,1,0,0
E_CONTB-1,2026-08-29,20,4,-2425.4874999999997,2629.09,5054.577499999999,0,0,0
E_CONTB-1,2026-08-29,21,4,-2422.2025000000003,2629.15,5051.352500000001,1,1,1
E_CONTB-1,2026-08-29,22,4,-2423.305,2629.645,5052.95,1,0,1
E_CONTB-1,2026-08-29,23,5,-1916.4180000000003,2135.468,4051.8860000000004,1,1,1
E_CONTB-1,2026-08-29,24,6,-1572.6916666666668,1810.24,3382.931666666667,1,0,0
E_CONTB-1,2026-08-29,25,6,-1571.8950000000002,1812.9033333333334,3384.7983333333336,0,0,0
E_CONTB-1,2026-08-29,26,5,-1906.598,2142.09,4048.688,1,0,1
E_CONTB-1,2026-08-29,27,4,-2414.2750000000005,2634.4675,5048.7425,1,1,1
E_CONTB-1,2026-08-29,28,4,-2415.7374999999997,2634.46,5050.1975,0,0,0
E_CONTB-1,2026-08-29,29,4,-2414.2374999999997,2634.4525,5048.69,0,0,0
E_CONTB-1,2026-08-29,30,4,-2414.2299999999996,2634.445,5048.674999999999,0,0,0
E_CONTB-1,2026-08-29,31,4,-2414.2224999999994,2634.4375,5048.66,0,0,0
E_CONTB-1,2026-08-29,32,4,-2413.63,2633.86,5047.49,0,0,0
E_CONTB-1,2026-08-29,33,4,-2412.9475,2633.8525,5046.8,0,0,0
E_CONTB-1,2026-08-29,34,4,-2411.5675,2637.61,5049.1775,0,0,0
E_CONTB-1,2026-08-29,35,5,-1905.282,2146.8419999999996,4052.124,1,1,1
E_CONTB-1,2026-08-29,36,5,-1905.8340000000003,2143.95,4049.784,0,0,0
E_CONTB-1,2026-08-29,37,4,-2412.6325,2638.1725,5050.805,0,0,0
E_CONTB-1,2026-08-29,38,4,-2414.2374999999997,2638.165,5052.4025,0,0,0
E_CONTB-1,2026-08-29,39,5,-1908.9959999999999,2135.786,4044.782,0,0,0
E_CONTB-1,2026-08-29,40,5,-1909.534,2135.778,4045.312,1,0,1
E_CONTB-1,2026-08-29,41,5,-1909.7240000000002,2135.77,4045.494,1,1,1
E_CONTB-1,2026-08-29,42,6,-1574.2049999999992,1809.3483333333334,3383.5533333333324,1,1,0
E_CONTB-1,2026-08-29,43,5,-1911.36,2135.754,4047.1139999999996,0,0,0
E_CONTB-1,2026-08-29,44,4,-2422.0,2627.2,5049.2,0,0,0
E_CONTB-1,2026-08-29,45,5,-1917.0419999999995,2127.206,4044.2479999999996,0,0,0
E_CONTB-1,2026-08-29,46,5,-1917.0900000000006,2127.094,4044.1840000000007,0,0,0
E_CONTB-1,2026-08-29,47,5,-1913.8419999999994,2129.7400000000002,4043.5819999999994,0,0,0
E_CONTB-1,2026-08-29,48,5,-1914.9859999999996,2130.552,4045.5379999999996,1,1,1
E_CONTB-1,2026-08-30,1,6,-1570.0216666666665,1803.36,3373.381666666666,0,0,0
E_CONTB-1,2026-08-30,2,5,-1912.2839999999997,2138.25,4050.5339999999997,0,0,0
E_CONTB-1,2026-08-30,3,5,-1912.1879999999996,2138.2419999999997,4050.4299999999994,0,0,0
E_CONTB-1,2026-08-30,4,5,-1908.1259999999997,2138.522,4046.6479999999997,0,0,0
E_CONTB-1,2026-08-30,5,5,-1904.9819999999995,2138.514,4043.4959999999996,0,0,0
E_CONTB-1,2026-08-30,6,4,-2415.0025,2629.7875,5044.79,0,0,0
E_CONTB-1,2026-08-30,7,4,-2413.5175000000004,2629.78,5043.297500000001,0,0,0
E_CONTB-1,2026-08-30,8,4,-2414.9874999999997,2629.7725,5044.76,0,0,0
E_CONTB-1,2026-08-30,9,5,-1911.7620000000002,2138.208,4049.9700000000003,0,0,0
E_CONTB-1,2026-08-30,10,5,-1911.1620000000003,2137.562,4048.724,0,0,0
E_CONTB-1,2026-08-30,11,6,-1576.5516666666663,1806.5249999999999,3383.076666666666,0,0,0
E_CONTB-1,2026-08-30,12,6,-1576.5433333333328,1806.5349999999999,3383.078333333333,0,0,0
E_CONTB-1,2026-08-30,13,5,-1913.8260000000005,2137.782,4051.6080000000006,0,0,0
E_CONTB-1,2026-08-30,14,5,-1911.7460000000003,2137.734,4049.4800000000005,0,0,0
E_CONTB-1,2026-08-30,15,5,-1910.0260000000005,2137.706,4047.732000000001,0,0,0
E_CONTB-1,2026-08-30,16,5,-1909.2100000000003,2137.814,4047.0240000000003,0,0,0
E_CONTB-1,2026-08-30,17,5,-1909.9540000000004,2137.8759999999997,4047.83,1,1,1
E_CONTB-1,2026-08-30,18,5,-1907.4340000000004,2137.946,4045.38,1,0,1
E_CONTB-1,2026-08-30,19,5,-1904.5859999999998,2138.5119999999997,4043.0979999999995,0,0,0
E_CONTB-1,2026-08-30,20,5,-1901.4279999999999,2138.9939999999997,4040.4219999999996,0,0,0
E_CONTB-1,2026-08-30,21,5,-1899.964,2157.7380000000003,4057.702,0,0,0
E_CONTB-1,2026-08-30,22,4,-2405.4249999999997,2643.895,5049.32,0,0,0
E_CONTB-1,2026-08-30,23,4,-2404.6749999999997,2643.715,5048.389999999999,0,0,0
E_CONTB-1,2026-08-30,24,4,-2404.6674999999996,2643.5575,5048.224999999999,0,0,0
E_CONTB-1,2026-08-30,25,4,-2403.9174999999996,2643.5725,5047.49,0,0,0
E_CONTB-1,2026-08-30,26,4,-50.0,1250.0,1300.0,0,0,0
E_CONTB-1,2026-08-30,27,4,-2403.9025,2642.935,5046.8375,0,0,0
E_CONTB-1,2026-08-30,28,5,-1897.5540000000005,2153.048,4050.6020000000003,1,1,1
E_CONTB-1,2026-08-30,29,4,-2403.8875000000003,2643.775,5047.6625,1,1,1
E_CONTB-1,2026-08-30,30,4,-2403.88,2643.82,5047.700000000001,1,1,1
E_CONTB-1,2026-08-30,31,4,-2403.2274999999995,2646.76,5049.987499999999,1,1,1
E_CONTB-1,2026-08-30,32,4,-2403.2200000000003,2645.6125,5048.8325,1,1,0
E_CONTB-1,2026-08-30,33,4,-2402.7700000000004,2645.605,5048.375,1,1,1
E_CONTB-1,2026-08-30,34,4,-2414.5974999999994,2644.4875,5059.084999999999,1,1,1
E_CONTB-1,2026-08-30,35,4,-2414.3425,2644.48,5058.8225,1,1,1
E_CONTB-1,2026-08-30,36,5,-1902.3139999999996,2153.068,4055.3819999999996,1,1,1
E_CONTB-1,2026-08-30,37,4,-2405.2299999999996,2642.62,5047.849999999999,1,1,1
E_CONTB-1,2026-08-30,38,4,-2405.185,2641.66,5046.844999999999,1,1,1
E_CONTB-1,2026-08-30,39,4,-2410.2475,2641.6525,5051.9,1,1,1
E_CONTB-1,2026-08-30,40,5,-1899.8920000000003,2142.186,4042.0780000000004,0,0,0
E_CONTB-1,2026-08-30,41,5,-1899.1079999999995,2151.786,4050.8939999999993,1,1,1
E_CONTB-1,2026-08-30,42,5,-1902.3100000000002,2151.6099999999997,4053.92,1,1,1
E_CONTB-1,2026-08-30,43,5,-1902.434,2145.298,4047.732,1,1,1
E_CONTB-1,2026-08-30,44,5,-1908.1520000000005,2147.9139999999998,4056.0660000000003,1,1,1
E_CONTB-1,2026-08-30,45,4,-2422.7125000000005,2639.2375,5061.950000000001,0,0,0
E_CONTB-1,2026-08-30,46,4,-2423.2750000000005,2634.79,5058.0650000000005,0,0,0
E_CONTB-1,2026-08-30,47,4,-2423.4625000000005,2634.7825,5058.245000000001,1,1,1
E_CONTB-1,2026-08-30,48,4,-2423.4700000000003,2632.0375,5055.5075,0,0,0
E_CONTB-1,2026-08-31,1,4,-2420.815,2628.2575,5049.0725,0,0,0
E_CONTB-1,2026-08-31,2,4,-2423.9874999999997,2628.8275,5052.815,0,0,0
E_CONTB-1,2026-08-31,3,4,-2424.7374999999997,2625.85,5050.5875,0,0,0
E_CONTB-1,2026-08-31,4,4,-2426.8075,2627.23,5054.0375,0,0,0
E_CONTB-1,2026-08-31,5,4,-2424.7374999999997,2625.325,5050.0625,0,0,0
E_CONTB-1,2026-08-31,6,4,-2424.0325000000003,2631.0175,5055.05,0,0,0
E_CONTB-1,2026-08-31,7,4,-2422.1575000000003,2631.8425,5054.0,1,0,1
E_CONTB-1,2026-08-31,8,4,-2420.8450000000003,2633.9275,5054.7725,1,1,1
E_CONTB-1,2026-08-31,9,4,-2420.0275,2637.5575,5057.585,0,0,0
E_CONTB-1,2026-08-31,10,4,-2423.44,2638.735,5062.175,0,0,0
E_CONTB-1,2026-08-31,11,4,-2422.5775000000003,2653.585,5076.1625,0,0,0
E_CONTB-1,2026-08-31,12,4,-2433.4375,2653.555,5086.9925,0,0,0
E_CONTB-1,2026-08-31,13,5,-1925.8120000000004,2140.93,4066.742,0,0,0
E_CONTB-1,2026-08-31,14,5,-1939.3480000000004,2161.642,4100.99,0,0,0
E_CONTB-1,2026-08-31,15,4,-2463.9925,2636.05,5100.0425,0,0,0
E_CONTB-1,2026-08-31,16,4,-2461.3450000000003,2638.615,5099.96,0,0,0
E_CONTB-1,2026-08-31,17,4,-2469.0399999999995,2608.48,5077.5199999999995,0,0,0
E_CONTB-1,2026-08-31,18,4,-2469.4149999999995,2608.4725,5077.887499999999,0,0,0
E_CONTB-1,2026-08-31,19,4,-2486.0575,2608.465,5094.5225,0,0,0
E_CONTB-1,2026-08-31,20,4,-2489.53,2570.9875,5060.5175,0,0,0
E_CONTB-1,2026-08-31,21,5,-1998.2900000000004,2072.176,4070.4660000000003,1,0,0
E_CONTB-1,2026-08-31,22,5,-1999.7859999999996,2092.82,4092.6059999999998,1,0,1
E_CONTB-1,2026-08-31,23,6,-1655.4183333333337,1773.5200000000002,3428.938333333334,0,0,0
E_CONTB-1,2026-08-31,24,5,-1987.7859999999996,2106.9139999999998,4094.6999999999994,0,0,0
E_CONTB-1,2026-08-31,25,5,-1983.5699999999993,2108.894,4092.463999999999,1,0,0
E_CONTB-1,2026-08-31,26,6,-1636.8100000000004,1773.0266666666666,3409.836666666667,1,0,1
E_CONTB-1,2026-08-31,27,6,-1632.2683333333334,1777.7583333333332,3410.0266666666666,1,1,1
E_CONTB-1,2026-08-31,28,6,-1614.5349999999996,1797.4633333333334,3411.998333333333,1,1,1
E_CONTB-1,2026-08-31,29,6,-1609.5683333333336,1811.0200000000002,3420.588333333334,1,1,1
E_CONTB-1,2026-08-31,30,6,-1585.968333333334,1819.6116666666667,3405.580000000001,0,0,0
E_CONTB-1,2026-08-31,31,6,-1578.8100000000004,1826.2833333333335,3405.093333333334,1,0,0
E_CONTB-1,2026-08-31,32,4,-2417.8599999999997,2647.1725,5065.032499999999,1,1,0
E_CONTB-1,2026-08-31,33,4,-2413.3975000000005,2653.5175,5066.915000000001,1,1,1
E_CONTB-1,2026-08-31,34,4,-2412.1674999999996,2650.06,5062.227499999999,1,1,1
E_CONTB-1,2026-08-31,35,4,-2412.1599999999994,2653.015,5065.174999999999,0,0,0
E_CONTB-1,2026-08-31,36,4,-2412.19,2651.9875,5064.1775,0,0,0
E_CONTB-1,2026-08-31,37,5,-1901.2980000000002,2164.0240000000003,4065.3220000000006,1,1,1
E_CONTB-1,2026-08-31,38,4,-2407.3825,2662.9825,5070.365,1,1,1
E_CONTB-1,2026-08-31,39,5,-1899.27,2194.85,4094.12,1,1,1
E_CONTB-1,2026-08-31,40,5,-1896.792,2182.1459999999997,4078.9379999999996,1,1,1
E_CONTB-1,2026-08-31,41,5,-1904.1460000000002,2161.542,4065.688,0,0,0
E_CONTB-1,2026-08-31,42,5,-1902.1960000000004,2153.858,4056.0540000000005,1,1,1
E_CONTB-1,2026-08-31,43,4,-2413.3075,2637.9325,5051.24,1,1,0
E_CONTB-1,2026-08-31,44,5,-1907.5859999999998,2144.142,4051.7279999999996,1,1,0
E_CONTB-1,2026-08-31,45,4,-2418.6624999999995,2634.3025,5052.964999999999,1,1,0
E_CONTB-1,2026-08-31,46,4,-2424.6475000000005,2634.295,5058.942500000001,0,0,0
E_CONTB-1,2026-08-31,47,5,-1926.1380000000001,2140.1040000000003,4066.242,0,0,0
E_CONTB-1,2026-08-31,48,4,-2428.7200000000003,2631.4075,5060.1275000000005,0,0,0
E_CONTB-1,2026-09-01,1,4,-2428.5474999999997,2631.0175,5059.565,0,0,0
E_CONTB-1,2026-09-01,2,6,-1589.0366666666662,1807.5249999999999,3396.561666666666,1,0,1
E_CONTB-1,2026-09-01,3,6,-1584.8933333333332,1807.0883333333334,3391.9816666666666,1,1,1
E_CONTB-1,2026-09-01,4,5,-1925.1540000000005,2135.906,4061.0600000000004,1,0,0
E_CONTB-1,2026-09-01,5,4,69.69999999999982,2626.3175,2556.6175000000003,0,0,0
E_CONTB-1,2026-09-01,6,4,68.41750000000002,2624.4475,2556.03,0,0,0
E_CONTB-1,2026-09-01,7,3,43.343333333333554,3446.35,3403.006666666666,0,0,0
E_CONTB-1,2026-09-01,8,3,43.32999999999993,3446.3233333333333,3402.9933333333333,0,0,0
E_CONTB-1,2026-09-01,9,5,-1928.9680000000003,2135.778,4064.746,1,0,1
E_CONTB-1,2026-09-01,10,6,-1594.1949999999997,1804.8166666666666,3399.0116666666663,1,0,0
E_CONTB-1,2026-09-01,11,6,-1579.658333333333,1815.8400000000001,3395.498333333333,1,1,1
E_CONTB-1,2026-09-01,12,6,-1577.9766666666665,1815.705,3393.6816666666664,1,1,1
E_CONTB-1,2026-09-01,13,5,-1919.4840000000004,2152.282,4071.7660000000005,1,1,1
E_CONTB-1,2026-09-01,14,5,-1924.6200000000003,2141.8900000000003,4066.5100000000007,1,1,1
E_CONTB-1,2026-09-01,15,4,-2442.745,2630.2825,5073.0275,1,0,1
E_CONTB-1,2026-09-01,16,5,-1940.1119999999999,2125.178,4065.29,1,1,1
E_CONTB-1,2026-09-01,17,5,-1940.3199999999997,2125.17,4065.49,1,1,1
E_CONTB-1,2026-09-01,18,5,-1954.8260000000002,2119.778,4074.6040000000003,1,1,1
E_CONTB-1,2026-09-01,19,6,-1628.7333333333336,1771.4833333333333,3400.216666666667,0,0,0
E_CONTB-1,2026-09-01,20,6,-1630.8583333333336,1754.381666666667,3385.2400000000007,1,1,1
E_CONTB-1,2026-09-01,21,4,-2477.125,2600.575,5077.7,1,0,0
E_CONTB-1,2026-09-01,22,5,-1977.7859999999996,2093.384,4071.1699999999996,0,0,0
E_CONTB-1,2026-09-01,23,4,-2485.7874999999995,2582.965,5068.7525,0,0,0
E_CONTB-1,2026-09-01,24,5,-1985.1779999999994,2084.2,4069.3779999999992,1,1,1
E_CONTB-1,2026-09-01,25,5,-1993.4100000000003,2081.2419999999997,4074.652,1,1,1
E_CONTB-1,2026-09-01,26,5,-1993.4579999999999,2077.328,4070.786,1,1,1
E_CONTB-1,2026-09-01,27,6,-1645.6516666666664,1755.3549999999998,3401.006666666666,0,0,0
E_CONTB-1,2026-09-01,28,5,-1964.6820000000002,2106.814,4071.496,0,0,0
E_CONTB-1,2026-09-01,29,6,-1625.4183333333337,1787.7033333333331,3413.121666666667,1,1,1
E_CONTB-1,2026-09-01,30,5,-1960.3540000000005,2134.564,4094.9180000000006,0,0,0
E_CONTB-1,2026-09-01,31,6,-1625.4016666666669,1817.22,3442.621666666667,1,0,0
E_CONTB-1,2026-09-01,32,5,-1956.3460000000002,2152.406,4108.752,1,1,0
E_CONTB-1,2026-09-01,33,5,-1950.1859999999997,2156.404,4106.59,0,0,0
E_CONTB-1,2026-09-01,34,6,-1582.1350000000002,1826.6533333333334,3408.788333333334,0,0,0
E_CONTB-1,2026-09-01,35,4,-2419.4874999999997,2673.4825,5092.969999999999,0,0,0
E_CONTB-1,2026-09-01,36,4,-2419.4799999999996,2663.5525,5083.032499999999,0,0,0
E_CONTB-1,2026-09-01,37,5,-1907.1100000000001,2159.786,4066.896,1,1,1
E_CONTB-1,2026-09-01,38,5,-1900.7940000000003,2159.786,4060.5800000000004,1,1,1
E_CONTB-1,2026-09-01,39,6,-1562.8116666666667,1834.6133333333335,3397.425,1,0,1
E_CONTB-1,2026-09-01,40,6,-1562.5199999999998,1843.2916666666667,3405.8116666666665,1,1,1
E_CONTB-1,2026-09-01,41,5,-1897.882,2175.0099999999998,4072.892,1,1,1
E_CONTB-1,2026-09-01,42,5,-1897.8420000000006,2168.186,4066.0280000000007,1,1,1
E_CONTB-1,2026-09-01,43,5,-1899.6940000000002,2163.786,4063.4800000000005,1,1,1
E_CONTB-1,2026-09-01,44,4,-2407.5625,2649.34,5056.9025,1,1,1
E_CONTB-1,2026-09-01,45,4,-2413.6975,2649.3325,5063.030000000001,1,1,0
E_CONTB-1,2026-09-01,46,5,-1905.2740000000001,2154.644,4059.9179999999997,1,1,1
E_CONTB-1,2026-09-01,47,4,-2409.2425,2642.9725,5052.215,1,1,1
E_CONTB-1,2026-09-01,48,5,-1905.2579999999998,2151.412,4056.6699999999996,1,0,1
E_CONTB-1,2026-09-02,1,4,-2414.3950000000004,2650.4875,5064.882500000001,1,0,1
E_CONTB-1,2026-09-02,2,4,-2407.3300000000004,2650.615,5057.945,1,1,1
E_CONTB-1,2026-09-02,3,5,-1901.2100000000003,2161.902,4063.112,0,0,0
E_CONTB-1,2026-09-02,4,4,-2400.5275,2661.31,5061.8375,1,1,1
E_CONTB-1,2026-09-02,5,5,-1893.9540000000004,2173.562,4067.5160000000005,1,1,1
E_CONTB-1,2026-09-02,6,6,-1555.093333333333,1847.7966666666669,3402.89,1,1,0
E_CONTB-1,2026-09-02,7,5,-1907.8020000000001,2177.732,4085.534,0,0,0
E_CONTB-1,2026-09-02,8,5,-1892.8340000000003,2172.196,4065.03,1,1,1
E_CONTB-1,2026-09-02,9,5,-1893.7699999999993,2166.686,4060.455999999999,1,1,1
E_CONTB-1,2026-09-02,10,5,-1895.2419999999995,2168.134,4063.3759999999993,0,0,0
E_CONTB-1,2026-09-02,11,5,-1896.0980000000004,2171.12,4067.2180000000003,0,0,0
E_CONTB-1,2026-09-02,12,6,-1553.9550000000002,1847.3433333333332,3401.298333333333,0,0,0
E_CONTB-1,2026-09-02,13,5,-1889.4920000000002,2191.5060000000003,4080.9980000000005,1,1,1
E_CONTB-1,2026-09-02,14,5,-1888.8100000000002,2185.858,4074.6680000000006,1,1,1
E_CONTB-1,2026-09-02,15,5,-1891.2159999999997,2171.5860000000002,4062.8019999999997,1,1,0
E_CONTB-1,2026-09-02,16,5,-1895.9120000000003,2167.282,4063.1940000000004,1,0,1
E_CONTB-1,2026-09-02,17,5,-1900.8579999999997,2166.718,4067.5759999999996,1,0,1
E_CONTB-1,2026-09-02,18,4,-2406.9849999999997,2650.0225,5057.0075,0,0,0
E_CONTB-1,2026-09-02,19,5,-1900.5859999999998,2156.956,4057.542,0,0,0
E_CONTB-1,2026-09-02,20,5,-1899.538,2156.7580000000003,4056.2960000000003,1,1,1
E_CONTB-1,2026-09-02,21,5,-1899.53,2156.536,4056.066,1,1,1
E_CONTB-1,2026-09-02,22,5,-1898.6499999999996,2164.224,4062.874,1,1,1
E_CONTB-1,2026-09-02,23,5,-1895.4900000000005,2166.044,4061.5340000000006,1,1,1
E_CONTB-1,2026-09-02,24,5,-1898.6340000000005,2163.91,4062.5440000000003,1,0,1
E_CONTB-1,2026-09-02,25,5,-1896.5859999999998,2167.0119999999997,4063.5979999999995,1,1,1
E_CONTB-1,2026-09-02,26,5,-1896.5779999999995,2168.028,4064.6059999999993,1,1,1
E_CONTB-1,2026-09-02,27,5,-1896.5699999999993,2167.694,4064.263999999999,1,1,1
E_CONTB-1,2026-09-02,28,4,-50.0,1250.0,1300.0,1,0,0
E_CONTB-1,2026-09-02,29,6,-1563.8100000000004,1832.7383333333335,3396.548333333334,0,0,0
E_CONTB-1,2026-09-02,30,6,-1559.6683333333328,1832.87,3392.538333333333,0,0,0
E_CONTB-1,2026-09-02,31,6,-1566.4849999999997,1833.1599999999999,3399.6449999999995,0,0,0
E_CONTB-1,2026-09-02,32,6,-1566.068333333333,1837.8266666666666,3403.8949999999995,0,0,0
E_CONTB-1,2026-09-02,33,4,-50.0,1250.0,1300.0,0,0,0
E_CONTB-1,2026-09-02,34,4,-2410.6074999999996,2657.2375,5067.844999999999,0,0,0
E_CONTB-1,2026-09-02,35,6,-1564.386666666666,1837.4916666666668,3401.878333333333,0,0,0
E_CONTB-1,2026-09-02,36,5,-1905.0499999999997,2162.356,4067.406,0,0,0
E_CONTB-1,2026-09-02,37,6,-1560.9366666666665,1834.7266666666667,3395.663333333333,1,1,1
E_CONTB-1,2026-09-02,38,6,-1562.528333333333,1843.0333333333335,3405.5616666666665,0,0,0
E_CONTB-1,2026-09-02,39,6,-1562.4200000000003,1840.595,3403.0150000000003,0,0,0
E_CONTB-1,2026-09-02,40,6,-1564.5700000000004,1834.0733333333335,3398.643333333334,1,1,1
E_CONTB-1,2026-09-02,41,6,-1563.5816666666663,1833.743333333333,3397.3249999999994,1,1,1
E_CONTB-1,2026-09-02,42,5,-1901.9839999999997,2157.962,4059.946,1,1,1
E_CONTB-1,2026-09-02,43,4,-2412.7299999999996,2639.7475,5052.477499999999,1,1,1
E_CONTB-1,2026-09-02,44,4,-2418.0775000000003,2636.29,5054.3675,0,0,0
E_CONTB-1,2026-09-02,45,5,-1912.658,2141.656,4054.314,0,0,0
E_CONTB-1,2026-09-02,46,4,-2416.06,2633.3725,5049.4325,0,0,0
E_CONTB-1,2026-09-02,47,4,-2415.4675,2633.365,5048.8325,1,1,1
E_CONTB-1,2026-09-02,48,5,-1910.194,2139.054,4049.248,1,1,1
E_CONTB-1,2026-09-03,1,4,-2416.9525000000003,2629.3,5046.2525000000005,1,1,1
E_CONTB-1,2026-09-03,2,4,-2421.1825,2629.2925,5050.475,1,1,1
E_CONTB-1,2026-09-03,3,4,-2433.4600000000005,2629.285,5062.745000000001,0,0,0
E_CONTB-1,2026-09-03,4,4,-2431.6599999999994,2623.4875,5055.147499999999,0,0,0
E_CONTB-1,2026-09-03,5,5,-1924.266,2132.048,4056.314,1,1,1
E_CONTB-1,2026-09-03,6,5,-1924.2579999999998,2136.902,4061.16,0,0,0
E_CONTB-1,2026-09-03,7,5,-1923.8180000000004,2139.2259999999997,4063.044,0,0,0
E_CONTB-1,2026-09-03,8,5,-1917.3939999999998,2139.924,4057.3179999999998,1,1,1
E_CONTB-1,2026-09-03,9,5,-1919.7219999999998,2141.412,4061.1339999999996,1,1,1
E_CONTB-1,2026-09-03,10,5,-1919.1219999999998,2152.724,4071.846,1,0,1
E_CONTB-1,2026-09-03,11,5,-1914.4579999999999,2155.9919999999997,4070.45,0,0,0
E_CONTB-1,2026-09-03,12,4,-2424.7000000000003,2658.5875,5083.2875,0,0,0
E_CONTB-1,2026-09-03,13,4,-2431.75,2642.9725,5074.7225,0,0,0
E_CONTB-1,2026-09-03,14,5,-1927.6840000000004,2145.314,4072.9980000000005,0,0,0
E_CONTB-1,2026-09-03,15,4,-2446.2924999999996,2636.155,5082.4475,0,0,0
E_CONTB-1,2026-09-03,16,4,-2446.2100000000005,2630.9875,5077.1975,1,0,0
E_CONTB-1,2026-09-03,17,4,-2451.3250000000003,2630.98,5082.305,1,1,0
E_CONTB-1,2026-09-03,18,4,-2458.1049999999996,2628.5875,5086.692499999999,0,0,0
E_CONTB-1,2026-09-03,19,4,-2464.2175,2627.8375,5092.055,0,0,0
E_CONTB-1,2026-09-03,20,6,-1622.1283333333333,1795.1766666666665,3417.305,1,1,1
E_CONTB-1,2026-09-03,21,5,-1967.3859999999997,2123.844,4091.2299999999996,1,0,0
E_CONTB-1,2026-09-03,22,5,-1983.2100000000003,2122.7259999999997,4105.936,1,0,1
E_CONTB-1,2026-09-03,23,6,-1654.2933333333337,1762.5216666666665,3416.8150000000005,0,0,0
E_CONTB-1,2026-09-03,24,6,-1667.1683333333328,1768.5600000000002,3435.728333333333,0,0,0
E_CONTB-1,2026-09-03,25,6,-1672.2100000000003,1765.2666666666667,3437.476666666667,0,0,0
E_CONTB-1,2026-09-03,26,6,-1675.4516666666666,1754.2616666666665,3429.713333333333,0,0,0
E_CONTB-1,2026-09-03,27,6,-1671.4683333333326,1772.9733333333334,3444.4416666666657,0,0,0
E_CONTB-1,2026-09-03,28,6,-1670.6349999999993,1754.1833333333334,3424.8183333333327,1,1,1
E_CONTB-1,2026-09-03,29,6,-1642.3849999999995,1789.82,3432.2049999999995,0,0,0
E_CONTB-1,2026-09-03,30,6,-1642.376666666666,1793.6233333333332,3435.999999999999,1,1,1
E_CONTB-1,2026-09-03,31,6,-1642.3683333333338,1812.4799999999998,3454.8483333333334,1,0,1
E_CONTB-1,2026-09-03,32,4,-2456.44,2640.775,5097.215,1,1,0
E_CONTB-1,2026-09-03,33,4,-2439.7899999999995,2640.175,5079.965,1,1,1
E_CONTB-1,2026-09-03,34,4,-2431.5175000000004,2650.9,5082.4175000000005,1,0,1
E_CONTB-1,2026-09-03,35,4,-2431.5175000000004,2650.9,5082.4175000000005,1,1,1
E_CONTB-1,2026-09-03,36,5,-1923.7859999999996,2165.108,4088.894,0,0,0
E_CONTB-1,2026-09-03,37,4,-2413.3675,2667.6775,5081.045,0,0,0
E_CONTB-1,2026-09-03,38,5,-1901.3499999999997,2175.338,4076.688,0,0,0
E_CONTB-1,2026-09-03,39,5,-1902.0840000000003,2175.042,4077.126,0,0,0
E_CONTB-1,2026-09-03,40,5,-1906.196,2175.034,4081.23,0,0,0
E_CONTB-1,2026-09-03,41,5,-1908.4360000000001,2162.8900000000003,4071.3260000000005,0,0,0
E_CONTB-1,2026-09-03,42,5,-1912.4599999999998,2161.77,4074.2299999999996,1,0,0
E_CONTB-1,2026-09-03,43,4,-2423.125,2646.355,5069.48,1,1,1
E_CONTB-1,2026-09-03,44,4,-2426.38,2645.9875,5072.3675,1,0,1
E_CONTB-1,2026-09-03,45,4,-2427.505,2641.33,5068.835,0,0,0
E_CONTB-1,2026-09-03,46,4,-2427.13,2636.635,5063.765,0,0,0
E_CONTB-1,2026-09-03,47,5,-1918.6080000000002,2142.5299999999997,4061.138,1,1,1
E_CONTB-1,2026-09-03,48,4,-2427.625,2633.845,5061.469999999999,1,1,1
E_CONTB-1,2026-09-04,1,4,-2427.7899999999995,2632.0075,5059.7975,0,0,0
E_CONTB-1,2026-09-04,2,5,-1920.6860000000001,2138.322,4059.0080000000003,0,0,0
E_CONTB-1,2026-09-04,3,4,-2427.2949999999996,2630.1775,5057.4725,0,0,0
E_CONTB-1,2026-09-04,4,4,-2427.3925000000004,2634.22,5061.6125,0,0,0
E_CONTB-1,2026-09-04,5,5,-1921.8020000000001,2137.302,4059.1040000000003,0,0,0
E_CONTB-1,2026-09-04,6,6,-1586.2099999999998,1810.8583333333333,3397.068333333333,0,0,0
E_CONTB-1,2026-09-04,7,5,-1926.7059999999994,2140.7799999999997,4067.485999999999,1,0,0
E_CONTB-1,2026-09-04,8,5,-1926.658,2152.438,4079.096,1,1,1
E_CONTB-1,2026-09-04,9,5,-1926.5460000000003,2151.6259999999997,4078.172,0,0,0
E_CONTB-1,2026-09-04,10,5,-1924.994,2146.0099999999998,4071.004,0,0,0
E_CONTB-1,2026-09-04,11,4,-2430.4000000000005,2638.3225,5068.722500000001,0,0,0
E_CONTB-1,2026-09-04,12,4,-2430.4149999999995,2646.6175,5077.032499999999,0,0,0
E_CONTB-1,2026-09-04,13,5,-1935.7799999999995,2141.402,4077.182,0,0,0
E_CONTB-1,2026-09-04,14,5,-1957.6280000000006,2127.106,4084.734000000001,0,0,0
E_CONTB-1,2026-09-04,15,5,-1982.9159999999997,2127.098,4110.013999999999,0,0,0
E_CUPAB-1,2026-08-28,16,2,-9999.0,9999.0,19998.0,0,0,0
E_CUPAB-1,2026-08-28,17,2,-9999.0,9999.0,19998.0,0,0,0
E_CUPAB-1,2026-08-28,18,2,-9999.0,9999.0,19998.0,0,0,0
E_CUPAB-1,2026-08-28,19,2,-9999.0,9999.0,19998.0,0,0,0
E_CUPAB-1,2026-08-28,20,2,-9999.0,9999.0,19998.0,0,0,0
E_CUPAB-1,2026-08-28,21,2,-9999.0,9999.0,19998.0,0,0,0
E_CUPAB-1,2026-08-28,22,2,-9999.0,9999.0,19998.0,0,0,0
E_CUPAB-1,2026-08-28,23,2,100.95,187.15,86.2,0,0,0
E_CUPAB-1,2026-08-28,24,2,93.87,185.52,91.65,0,0,0
E_CUPAB-1,2026-08-28,25,2,97.28,185.95,88.66999999999999,0,0,0
E_CUPAB-1,2026-08-28,26,2,83.56,162.57,79.00999999999999,0,0,0
E_CUPAB-1,2026-08-28,27,2,75.51,165.94,90.42999999999999,0,0,0
E_CUPAB-1,2026-08-28,28,2,75.76,167.84,92.08,0,0,0
E_CUPAB-1,2026-08-28,29,2,65.25,167.09,101.84,0,0,0
E_CUPAB-1,2026-08-28,30,2,61.44,166.67,105.22999999999999,0,0,0
E_CUPAB-1,2026-08-28,31,2,48.74,163.97,115.22999999999999,0,0,0
E_CUPAB-1,2026-08-28,32,2,57.88,159.26,101.38,0,0,0
E_CUPAB-1,2026-08-28,33,2,80.86,162.65,81.79,0,0,0
E_CUPAB-1,2026-08-28,34,2,82.91,167.14,84.22999999999999,0,0,0
E_CUPAB-1,2026-08-28,35,2,90.92,165.44,74.52,0,0,0
E_CUPAB-1,2026-08-28,36,2,72.0,167.29,95.28999999999999,0,0,0
E_CUPAB-1,2026-08-28,37,2,72.0,173.6,101.6,0,0,0
E_CUPAB-1,2026-08-28,38,2,72.0,181.93,109.93,0,0,0
E_CUPAB-1,2026-08-28,39,2,72.0,172.36,100.36000000000001,0,0,0
E_CUPAB-1,2026-08-28,40,2,87.0,188.96,101.96000000000001,0,0,0
E_CUPAB-1,2026-08-28,41,2,87.0,208.48,121.47999999999999,0,0,0
E_CUPAB-1,2026-08-28,42,2,87.0,208.58,121.58000000000001,0,0,0
E_CUPAB-1,2026-08-28,43,1,83.22,155.13,71.91,0,0,0
E_CUPAB-1,2026-08-28,44,1,0.0,144.32,144.32,0,0,0
E_CUPAB-1,2026-08-28,45,1,0.0,153.36,153.36,0,0,0
E_CUPAB-1,2026-08-28,46,1,0.0,173.4,173.4,0,0,0
E_CUPAB-1,2026-08-28,47,2,61.73,126.52,64.78999999999999,0,0,0
E_CUPAB-1,2026-08-28,48,2,58.86,121.76,62.900000000000006,0,0,0
E_CUPAB-1,2026-08-29,1,2,66.85,136.77,69.92000000000002,0,0,0
E_CUPAB-1,2026-08-29,2,2,61.14,125.88,64.74,0,0,0
E_CUPAB-1,2026-08-29,3,2,57.12,121.47,64.35,1,0,1
E_CUPAB-1,2026-08-29,4,2,47.56,112.67,65.11,1,1,0
E_CUPAB-1,2026-08-29,5,2,50.71,119.12,68.41,0,0,0
E_CUPAB-1,2026-08-29,6,2,51.94,127.11,75.17,0,0,0
E_CUPAB-1,2026-08-29,7,2,48.0,130.18,82.18,0,0,0
E_CUPAB-1,2026-08-29,8,2,45.43,135.85,90.41999999999999,0,0,0
E_CUPAB-1,2026-08-29,9,2,44.93,142.5,97.57,0,0,0
E_CUPAB-1,2026-08-29,10,2,44.44,149.4,104.96000000000001,1,0,1
E_CUPAB-1,2026-08-29,11,2,51.94,153.22,101.28,1,1,1
E_CUPAB-1,2026-08-29,12,2,49.65,166.03,116.38,1,1,1
E_CUPAB-1,2026-08-29,13,2,43.37,163.67,120.29999999999998,1,1,0
E_CUPAB-1,2026-08-29,14,2,45.48,177.62,132.14000000000001,0,0,0
E_CUPAB-1,2026-08-29,15,2,69.52,183.73,114.21,0,0,0
E_CUPAB-1,2026-08-29,16,2,68.38,186.01,117.63,0,0,0
E_CUPAB-1,2026-08-29,17,2,72.6,177.22,104.62,0,0,0
E_CUPAB-1,2026-08-29,18,2,66.62,175.98,109.35999999999999,0,0,0
E_CUPAB-1,2026-08-29,19,2,93.76,191.57,97.80999999999999,0,0,0
E_CUPAB-1,2026-08-29,20,2,98.23,201.43,103.2,0,0,0
E_CUPAB-1,2026-08-29,21,2,101.91,190.67,88.75999999999999,0,0,0
E_CUPAB-1,2026-08-29,22,2,97.12,188.82,91.69999999999999,0,0,0
E_CUPAB-1,2026-08-29,23,2,104.82,187.66,82.84,0,0,0
E_CUPAB-1,2026-08-29,24,2,106.76,190.61,83.85000000000001,0,0,0
E_CUPAB-1,2026-08-29,25,2,109.57,199.47,89.9,0,0,0
E_CUPAB-1,2026-08-29,26,2,106.0,196.57,90.57,0,0,0
E_CUPAB-1,2026-08-29,27,2,100.18,186.35,86.16999999999999,0,0,0
E_CUPAB-1,2026-08-29,28,2,105.19,191.17,85.97999999999999,0,0,0
E_CUPAB-1,2026-08-29,29,2,95.1,181.54,86.44,0,0,0
E_CUPAB-1,2026-08-29,30,2,97.23,180.84,83.61,0,0,0
E_CUPAB-1,2026-08-29,31,2,102.32,186.35,84.03,0,0,0
E_CUPAB-1,2026-08-29,32,2,109.9,197.01,87.10999999999999,0,0,0
E_CUPAB-1,2026-08-29,33,2,108.81,196.75,87.94,0,0,0
E_CUPAB-1,2026-08-29,34,2,112.8,202.31,89.51,0,0,0
E_CUPAB-1,2026-08-29,35,2,114.05,202.61,88.56000000000002,1,1,0
E_CUPAB-1,2026-08-29,36,2,107.62,200.17,92.54999999999998,0,0,0
E_CUPAB-1,2026-08-29,37,2,106.39,193.46,87.07000000000001,0,0,0
E_CUPAB-1,2026-08-29,38,2,107.62,197.21,89.59,0,0,0
E_CUPAB-1,2026-08-29,39,2,103.34,190.36,87.02000000000001,0,0,0
E_CUPAB-1,2026-08-29,40,2,106.38,194.41,88.03,0,0,0
E_CUPAB-1,2026-08-29,41,2,100.43,184.35,83.91999999999999,0,0,0
E_CUPAB-1,2026-08-29,42,2,121.34,227.0,105.66,1,1,1
E_CUPAB-1,2026-08-29,43,2,114.63,225.37,110.74000000000001,1,1,1
E_CUPAB-1,2026-08-29,44,2,0.0,158.6,158.6,0,0,0
E_CUPAB-1,2026-08-29,45,2,0.0,164.71,164.71,0,0,0
E_CUPAB-1,2026-08-29,46,2,0.0,182.5,182.5,0,0,0
E_CUPAB-1,2026-08-29,47,2,98.94,186.03,87.09,0,0,0
E_CUPAB-1,2026-08-29,48,2,106.3,193.51,87.21,0,0,0
E_CUPAB-1,2026-08-30,1,2,112.31,199.65,87.34,0,0,0
E_CUPAB-1,2026-08-30,2,2,105.91,191.75,85.84,0,0,0
E_CUPAB-1,2026-08-30,3,2,112.72,209.86,97.14000000000001,0,0,0
E_CUPAB-1,2026-08-30,4,2,110.32,206.19,95.87,0,0,0
E_CUPAB-1,2026-08-30,5,2,105.15,204.5,99.35,0,0,0
E_CUPAB-1,2026-08-30,6,2,108.16,210.61,102.45000000000002,0,0,0
E_CUPAB-1,2026-08-30,7,2,103.59,201.65,98.06,0,0,0
E_CUPAB-1,2026-08-30,8,2,95.22,195.4,100.18,0,0,0
E_CUPAB-1,2026-08-30,9,2,85.5,194.97,109.47,0,0,0
E_CUPAB-1,2026-08-30,10,2,82.91,197.44,114.53,0,0,0
E_CUPAB-1,2026-08-30,11,2,89.64,205.29,115.64999999999999,0,0,0
E_CUPAB-1,2026-08-30,12,2,87.54,208.83,121.29,0,0,0
E_CUPAB-1,2026-08-30,13,2,94.69,212.27,117.58000000000001,0,0,0
E_CUPAB-1,2026-08-30,14,2,94.28,214.14,119.85999999999999,0,0,0
E_CUPAB-1,2026-08-30,15,2,100.44,216.1,115.66,0,0,0
E_CUPAB-1,2026-08-30,16,2,106.52,217.1,110.58,0,0,0
E_CUPAB-1,2026-08-30,17,2,110.1,216.1,106.0,0,0,0
E_CUPAB-1,2026-08-30,18,2,111.38,216.1,104.72,0,0,0
E_CUPAB-1,2026-08-30,19,2,118.92,216.1,97.17999999999999,0,0,0
E_CUPAB-1,2026-08-30,20,2,118.47,218.54,100.07,0,0,0
E_CUPAB-1,2026-08-30,21,2,121.08,223.92,102.83999999999999,0,0,0
E_CUPAB-1,2026-08-30,22,2,115.84,223.92,108.07999999999998,0,0,0
E_CUPAB-1,2026-08-30,23,2,115.56,223.92,108.35999999999999,0,0,0
E_CUPAB-1,2026-08-30,24,2,119.07,223.92,104.85,0,0,0
E_CUPAB-1,2026-08-30,25,2,112.93,223.92,110.98999999999998,0,0,0
E_CUPAB-1,2026-08-30,26,2,114.07,223.92,109.85,0,0,0
E_CUPAB-1,2026-08-30,27,2,108.4,223.92,115.51999999999998,0,0,0
E_CUPAB-1,2026-08-30,28,2,122.96,225.59,102.63000000000001,0,0,0
E_CUPAB-1,2026-08-30,29,2,124.24,228.49,104.25000000000001,0,0,0
E_CUPAB-1,2026-08-30,30,2,118.18,223.92,105.73999999999998,0,0,0
E_CUPAB-1,2026-08-30,31,2,108.64,223.92,115.27999999999999,0,0,0
E_CUPAB-1,2026-08-30,32,2,100.56,223.92,123.35999999999999,0,0,0
E_CUPAB-1,2026-08-30,33,2,100.88,223.92,123.03999999999999,0,0,0
E_CUPAB-1,2026-08-30,34,2,91.77,223.92,132.14999999999998,0,0,0
E_CUPAB-1,2026-08-30,35,2,112.54,206.14,93.59999999999998,0,0,0
E_CUPAB-1,2026-08-30,36,2,-2.94,212.65,215.59,0,0,0
E_CUPAB-1,2026-08-30,37,2,-2.94,215.0,217.94,0,0,0
E_CUPAB-1,2026-08-30,38,2,-2.94,217.41,220.35,0,0,0
E_CUPAB-1,2026-08-30,39,2,-2.94,210.31,213.25,0,0,0
E_CUPAB-1,2026-08-30,40,2,121.26,216.67,95.40999999999998,0,0,0
E_CUPAB-1,2026-08-30,41,2,122.13,224.93,102.80000000000001,0,0,0
E_CUPAB-1,2026-08-30,42,2,114.25,218.52,104.27000000000001,0,0,0
E_CUPAB-1,2026-08-30,43,2,117.13,222.86,105.73000000000002,0,0,0
E_CUPAB-1,2026-08-30,44,2,0.0,208.28,208.28,0,0,0
E_CUPAB-1,2026-08-30,45,2,0.0,194.97,194.97,0,0,0
E_CUPAB-1,2026-08-30,46,2,0.0,186.07,186.07,0,0,0
E_CUPAB-1,2026-08-30,47,2,97.74,177.54,79.8,0,0,0
E_CUPAB-1,2026-08-30,48,2,98.73,181.07,82.33999999999999,0,0,0
E_CUPAB-1,2026-08-31,1,2,93.29,172.72,79.42999999999999,0,0,0
E_CUPAB-1,2026-08-31,2,2,90.63,172.27,81.64000000000001,0,0,0
E_CUPAB-1,2026-08-31,3,2,89.52,171.36,81.84000000000002,0,0,0
E_CUPAB-1,2026-08-31,4,2,94.01,177.62,83.61,0,0,0
E_CUPAB-1,2026-08-31,5,2,95.36,179.59,84.23,0,0,0
E_CUPAB-1,2026-08-31,6,2,101.06,194.65,93.59,0,0,0
E_CUPAB-1,2026-08-31,7,2,49.69,173.18,123.49000000000001,0,0,0
E_CUPAB-1,2026-08-31,8,2,48.87,180.43,131.56,0,0,0
E_CUPAB-1,2026-08-31,9,2,45.46,173.73,128.26999999999998,0,0,0
E_CUPAB-1,2026-08-31,10,2,6.62,186.07,179.45,0,0,0
E_CUPAB-1,2026-08-31,11,2,6.62,191.84,185.22,0,0,0
E_CUPAB-1,2026-08-31,12,2,6.62,185.16,178.54,0,0,0
E_CUPAB-1,2026-08-31,13,2,6.62,211.79,205.17,0,0,0
E_CUPAB-1,2026-08-31,14,2,6.62,203.14,196.51999999999998,0,0,0
E_CUPAB-1,2026-08-31,15,2,6.62,201.4,194.78,0,0,0
E_CUPAB-1,2026-08-31,16,2,6.62,208.32,201.7,0,0,0
E_CUPAB-1,2026-08-31,17,2,6.62,186.36,179.74,0,0,0
E_CUPAB-1,2026-08-31,18,2,6.62,186.25,179.63,0,0,0
E_CUPAB-1,2026-08-31,19,2,24.95,204.04,179.09,0,0,0
E_CUPAB-1,2026-08-31,20,2,19.82,204.04,184.22,0,0,0
E_CUPAB-1,2026-08-31,21,2,13.22,195.57,182.35,0,0,0
E_CUPAB-1,2026-08-31,22,2,18.09,195.77,177.68,0,0,0
E_CUPAB-1,2026-08-31,23,2,23.38,195.77,172.39000000000001,1,1,1
E_CUPAB-1,2026-08-31,24,2,36.63,195.77,159.14000000000001,0,0,0
E_CUPAB-1,2026-08-31,25,2,35.03,195.77,160.74,0,0,0
E_CUPAB-1,2026-08-31,26,2,48.76,190.61,141.85000000000002,0,0,0
E_CUPAB-1,2026-08-31,27,2,50.21,133.82,83.60999999999999,1,1,0
E_CUPAB-1,2026-08-31,28,2,59.69,134.5,74.81,1,1,1
E_CUPAB-1,2026-08-31,29,2,72.17,148.85,76.67999999999999,1,1,1
E_CUPAB-1,2026-08-31,30,2,90.34,168.07,77.72999999999999,1,1,1
E_CUPAB-1,2026-08-31,31,2,101.44,188.0,86.56,1,1,1
E_CUPAB-1,2026-08-31,32,2,91.65,187.99,96.34,1,1,1
E_CUPAB-1,2026-08-31,33,2,95.43,187.0,91.57,1,1,0
E_CUPAB-1,2026-08-31,34,2,89.98,199.21,109.23,1,0,0
E_CUPAB-1,2026-08-31,35,2,91.64,196.57,104.92999999999999,1,1,1
E_CUPAB-1,2026-08-31,36,2,100.64,203.91,103.27,1,0,1
E_CUPAB-1,2026-08-31,37,2,113.48,219.76,106.27999999999999,1,0,1
E_CUPAB-1,2026-08-31,38,2,113.48,220.95,107.46999999999998,1,1,0
E_CUPAB-1,2026-08-31,39,2,113.48,223.39,109.90999999999998,1,1,1
E_CUPAB-1,2026-08-31,40,2,128.52,246.77,118.25,1,1,1
E_CUPAB-1,2026-08-31,41,2,116.57,215.85,99.28,0,0,0
E_CUPAB-1,2026-08-31,42,2,107.06,209.55,102.49000000000001,0,0,0
E_CUPAB-1,2026-08-31,43,2,111.6,222.35,110.75,0,0,0
E_CUPAB-1,2026-08-31,44,2,0.0,209.55,209.55,0,0,0
E_CUPAB-1,2026-08-31,45,2,0.0,204.99,204.99,0,0,0
E_CUPAB-1,2026-08-31,46,2,0.0,185.48,185.48,0,0,0
E_CUPAB-1,2026-08-31,47,2,101.21,182.58,81.37000000000002,0,0,0
E_CUPAB-1,2026-08-31,48,2,100.0,182.69,82.69,0,0,0
E_CUPAB-1,2026-09-01,1,2,95.22,181.68,86.46000000000001,0,0,0
E_CUPAB-1,2026-09-01,2,2,91.52,181.72,90.2,1,0,1
E_CUPAB-1,2026-09-01,3,2,91.85,182.61,90.76000000000002,1,1,1
E_CUPAB-1,2026-09-01,4,2,87.05,182.0,94.95,1,1,1
E_CUPAB-1,2026-09-01,5,2,66.91,181.93,115.02000000000001,1,0,1
E_CUPAB-1,2026-09-01,6,2,60.55,177.93,117.38000000000001,1,1,1
E_CUPAB-1,2026-09-01,7,2,72.01,174.61,102.60000000000001,1,1,1
E_CUPAB-1,2026-09-01,8,2,59.09,172.89,113.79999999999998,0,0,0
E_CUPAB-1,2026-09-01,9,2,59.09,175.88,116.78999999999999,0,0,0
E_CUPAB-1,2026-09-01,10,2,59.09,185.5,126.41,0,0,0
E_CUPAB-1,2026-09-01,11,2,59.09,202.47,143.38,1,1,1
E_CUPAB-1,2026-09-01,12,2,59.09,207.69,148.6,1,1,1
E_CUPAB-1,2026-09-01,13,2,75.98,212.24,136.26,1,1,1
E_CUPAB-1,2026-09-01,14,2,75.99,220.42,144.43,0,0,0
E_CUPAB-1,2026-09-01,15,2,79.07,193.95,114.88,1,1,1
E_CUPAB-1,2026-09-01,16,2,63.93,211.02,147.09,1,1,0
E_CUPAB-1,2026-09-01,17,2,61.67,192.15,130.48000000000002,0,0,0
E_CUPAB-1,2026-09-01,18,2,40.15,207.63,167.48,1,0,1
E_CUPAB-1,2026-09-01,19,2,36.43,224.08,187.65,1,1,0
E_CUPAB-1,2026-09-01,20,2,41.9,210.63,168.73,1,1,1
E_CUPAB-1,2026-09-01,21,2,19.97,211.96,191.99,1,1,0
E_CUPAB-1,2026-09-01,22,2,-6.45,211.03,217.48,0,0,0
E_CUPAB-1,2026-09-01,23,2,-9.83,211.29,221.12,0,0,0
E_CUPAB-1,2026-09-01,24,2,-15.77,204.94,220.71,0,0,0
E_CUPAB-1,2026-09-01,25,2,-1.76,207.81,209.57,0,0,0
E_CUPAB-1,2026-09-01,26,2,-15.18,199.59,214.77,0,0,0
E_CUPAB-1,2026-09-01,27,2,-27.87,207.95,235.82,0,0,0
E_CUPAB-1,2026-09-01,28,2,-28.31,203.77,232.08,0,0,0
E_CUPAB-1,2026-09-01,29,2,-20.94,199.67,220.60999999999999,0,0,0
E_CUPAB-1,2026-09-01,30,2,8.3,198.39,190.08999999999997,1,1,1
E_CUPAB-1,2026-09-01,31,2,20.41,198.39,177.98,1,1,1
E_CUPAB-1,2026-09-01,32,2,19.81,194.51,174.7,1,1,1
E_CUPAB-1,2026-09-01,33,2,33.65,194.5,160.85,1,1,1
E_CUPAB-1,2026-09-01,34,2,33.65,210.76,177.10999999999999,1,1,0
E_CUPAB-1,2026-09-01,35,2,63.19,213.21,150.02,0,0,0
E_CUPAB-1,2026-09-01,36,2,33.65,212.1,178.45,0,0,0
E_CUPAB-1,2026-09-01,37,2,33.65,223.87,190.22,0,0,0
E_CUPAB-1,2026-09-01,38,2,33.65,225.18,191.53,1,0,0
E_CUPAB-1,2026-09-01,39,2,77.94,231.9,153.96,1,1,0
E_CUPAB-1,2026-09-01,40,2,87.95,247.52,159.57,1,1,0
E_CUPAB-1,2026-09-01,41,2,83.25,232.21,148.96,1,1,1
E_CUPAB-1,2026-09-01,42,2,78.48,225.77,147.29000000000002,1,1,1
E_CUPAB-1,2026-09-01,43,2,82.78,230.65,147.87,1,1,0
E_CUPAB-1,2026-09-01,44,2,0.0,225.77,225.77,0,0,0
E_CUPAB-1,2026-09-01,45,2,0.0,224.88,224.88,0,0,0
E_CUPAB-1,2026-09-01,46,2,0.0,225.77,225.77,0,0,0
E_CUPAB-1,2026-09-01,47,2,33.65,225.77,192.12,0,0,0
E_CUPAB-1,2026-09-01,48,2,33.65,223.07,189.42,0,0,0
E_CUPAB-1,2026-09-02,1,2,33.65,219.44,185.79,0,0,0
E_CUPAB-1,2026-09-02,2,2,33.65,229.75,196.1,0,0,0
E_CUPAB-1,2026-09-02,3,2,33.65,200.01,166.35999999999999,0,0,0
E_CUPAB-1,2026-09-02,4,2,33.65,208.95,175.29999999999998,0,0,0
E_CUPAB-1,2026-09-02,5,2,33.65,207.84,174.19,0,0,0
E_CUPAB-1,2026-09-02,6,2,33.65,207.84,174.19,0,0,0
E_CUPAB-1,2026-09-02,7,2,33.65,209.92,176.26999999999998,0,0,0
E_CUPAB-1,2026-09-02,8,2,33.65,225.72,192.07,0,0,0
E_CUPAB-1,2026-09-02,9,2,33.65,226.82,193.17,0,0,0
E_CUPAB-1,2026-09-02,10,2,33.65,223.24,189.59,0,0,0
E_CUPAB-1,2026-09-02,11,2,83.53,237.47,153.94,0,0,0
E_CUPAB-1,2026-09-02,12,2,33.65,256.09,222.43999999999997,0,0,0
E_CUPAB-1,2026-09-02,13,2,33.65,248.27,214.62,0,0,0
E_CUPAB-1,2026-09-02,14,2,87.38,249.11,161.73000000000002,0,0,0
E_CUPAB-1,2026-09-02,15,2,84.64,239.31,154.67000000000002,0,0,0
E_CUPAB-1,2026-09-02,16,2,80.11,229.41,149.3,0,0,0
E_CUPAB-1,2026-09-02,17,2,33.65,229.41,195.76,0,0,0
E_CUPAB-1,2026-09-02,18,2,33.65,229.41,195.76,0,0,0
E_CUPAB-1,2026-09-02,19,2,33.65,229.41,195.76,0,0,0
E_CUPAB-1,2026-09-02,20,2,33.65,229.41,195.76,0,0,0
E_CUPAB-1,2026-09-02,21,2,33.65,250.35,216.7,0,0,0
E_CUPAB-1,2026-09-02,22,2,33.65,250.35,216.7,0,0,0
E_CUPAB-1,2026-09-02,23,2,110.9,233.59,122.69,0,0,0
E_CUPAB-1,2026-09-02,24,2,97.25,230.28,133.03,0,0,0
E_CUPAB-1,2026-09-02,25,2,120.39,230.43,110.04,0,0,0
E_CUPAB-1,2026-09-02,26,2,111.45,217.0,105.55,0,0,0
E_CUPAB-1,2026-09-02,27,2,95.51,216.67,121.15999999999998,0,0,0
E_CUPAB-1,2026-09-02,28,2,95.75,217.0,121.25,0,0,0
E_CUPAB-1,2026-09-02,29,2,87.18,217.0,129.82,0,0,0
E_CUPAB-1,2026-09-02,30,2,89.25,217.0,127.75,0,0,0
E_CUPAB-1,2026-09-02,31,2,85.59,216.98,131.39,0,0,0
E_CUPAB-1,2026-09-02,32,2,104.5,224.85,120.35,1,1,1
E_CUPAB-1,2026-09-02,33,2,108.61,224.42,115.80999999999999,1,1,1
E_CUPAB-1,2026-09-02,34,2,126.69,233.23,106.53999999999999,1,1,1
E_CUPAB-1,2026-09-02,35,2,114.78,218.35,103.57,0,0,0
E_CUPAB-1,2026-09-02,36,2,33.65,232.37,198.72,0,0,0
E_CUPAB-1,2026-09-02,37,2,129.33,230.84,101.50999999999999,1,1,1
E_CUPAB-1,2026-09-02,38,2,77.29,218.28,140.99,1,1,0
E_CUPAB-1,2026-09-02,39,2,81.42,240.64,159.21999999999997,0,0,0
E_CUPAB-1,2026-09-02,40,2,83.46,232.9,149.44,0,0,0
E_CUPAB-1,2026-09-02,41,2,33.65,212.34,178.69,0,0,0
E_CUPAB-1,2026-09-02,42,2,33.65,202.06,168.41,0,0,0
E_CUPAB-1,2026-09-02,43,2,33.65,192.58,158.93,0,0,0
E_CUPAB-1,2026-09-02,44,2,0.0,179.91,179.91,0,0,0
E_CUPAB-1,2026-09-02,45,2,0.0,183.25,183.25,0,0,0
E_CUPAB-1,2026-09-02,46,2,0.0,185.15,185.15,0,0,0
E_CUPAB-1,2026-09-02,47,2,33.65,195.8,162.15,0,0,0
E_CUPAB-1,2026-09-02,48,2,33.65,199.47,165.82,0,0,0
E_CUPAB-1,2026-09-03,1,2,33.65,184.51,150.85999999999999,0,0,0
E_CUPAB-1,2026-09-03,2,2,33.65,164.02,130.37,0,0,0
E_CUPAB-1,2026-09-03,3,2,33.65,172.99,139.34,0,0,0
E_CUPAB-1,2026-09-03,4,2,33.59,173.69,140.1,0,0,0
E_CUPAB-1,2026-09-03,5,2,33.65,173.71,140.06,0,0,0
E_CUPAB-1,2026-09-03,6,2,33.65,170.39,136.73999999999998,0,0,0
E_CUPAB-1,2026-09-03,7,2,33.65,173.5,139.85,0,0,0
E_CUPAB-1,2026-09-03,8,2,33.65,173.73,140.07999999999998,0,0,0
E_CUPAB-1,2026-09-03,9,2,33.65,180.05,146.4,0,0,0
E_CUPAB-1,2026-09-03,10,2,33.65,184.42,150.76999999999998,0,0,0
E_CUPAB-1,2026-09-03,11,2,33.65,190.22,156.57,0,0,0
E_CUPAB-1,2026-09-03,12,2,41.44,215.59,174.15,0,0,0
E_CUPAB-1,2026-09-03,13,2,33.65,203.46,169.81,0,0,0
E_CUPAB-1,2026-09-03,14,2,41.44,220.83,179.39000000000001,0,0,0
E_CUPAB-1,2026-09-03,15,2,41.44,206.18,164.74,0,0,0
E_CUPAB-1,2026-09-03,16,2,51.99,211.58,159.59,0,0,0
E_CUPAB-1,2026-09-03,17,2,58.81,200.28,141.47,1,0,1
E_CUPAB-1,2026-09-03,18,2,32.96,200.66,167.7,1,0,1
E_CUPAB-1,2026-09-03,19,2,31.61,219.5,187.89,0,0,0
E_CUPAB-1,2026-09-03,20,2,24.82,206.32,181.5,0,0,0
E_CUPAB-1,2026-09-03,21,2,15.61,206.32,190.70999999999998,0,0,0
E_CUPAB-1,2026-09-03,22,2,-0.07,202.07,202.14,0,0,0
E_CUPAB-1,2026-09-03,23,2,-8.06,201.54,209.6,0,0,0
E_CUPAB-1,2026-09-03,24,2,-15.25,201.61,216.86,0,0,0
E_CUPAB-1,2026-09-03,25,2,-46.34,204.93,251.27,0,0,0
E_CUPAB-1,2026-09-03,26,2,-54.16,201.88,256.03999999999996,0,0,0
E_CUPAB-1,2026-09-03,27,2,-45.75,201.17,246.92,0,0,0
E_CUPAB-1,2026-09-03,28,2,-61.06,200.95,262.01,0,0,0
E_CUPAB-1,2026-09-03,29,2,-51.52,200.14,251.66,0,0,0
E_CUPAB-1,2026-09-03,30,2,-20.28,195.98,216.26,0,0,0
E_CUPAB-1,2026-09-03,31,2,-35.0,196.27,231.27,0,0,0
E_CUPAB-1,2026-09-03,32,2,27.01,190.6,163.59,1,0,0
E_CUPAB-1,2026-09-03,33,2,51.63,193.22,141.59,1,1,0
E_CUPAB-1,2026-09-03,34,2,63.14,191.51,128.37,1,1,0
E_CUPAB-1,2026-09-03,35,2,74.38,203.73,129.35,1,1,0
E_CUPAB-1,2026-09-03,36,2,100.0,218.34,118.34,1,1,0
E_CUPAB-1,2026-09-03,37,2,100.0,224.08,124.08000000000001,1,1,0
E_CUPAB-1,2026-09-03,38,2,66.82,225.89,159.07,1,1,0
E_CUPAB-1,2026-09-03,39,2,66.82,226.02,159.20000000000002,0,0,0
E_CUPAB-1,2026-09-03,40,2,77.34,239.24,161.9,0,0,0
E_CUPAB-1,2026-09-03,41,2,77.34,230.32,152.98,0,0,0
E_CUPAB-1,2026-09-03,42,2,77.34,227.07,149.73,0,0,0
E_CUPAB-1,2026-09-03,43,2,77.34,235.94,158.6,0,0,0
E_CUPAB-1,2026-09-03,44,2,0.0,171.55,171.55,0,0,0
E_CUPAB-1,2026-09-03,45,2,0.0,182.85,182.85,0,0,0
E_CUPAB-1,2026-09-03,46,2,0.0,177.03,177.03,0,0,0
E_CUPAB-1,2026-09-03,47,2,33.65,211.0,177.35,0,0,0
E_CUPAB-1,2026-09-03,48,2,33.65,184.28,150.63,0,0,0
E_CUPAB-1,2026-09-04,1,2,33.65,206.28,172.63,0,0,0
E_CUPAB-1,2026-09-04,2,2,33.65,216.71,183.06,0,0,0
E_CUPAB-1,2026-09-04,3,2,33.65,196.84,163.19,0,0,0
E_CUPAB-1,2026-09-04,4,2,33.65,201.78,168.13,0,0,0
E_CUPAB-1,2026-09-04,5,2,33.65,186.36,152.71,0,0,0
E_CUPAB-1,2026-09-04,6,2,7.82,166.78,158.96,0,0,0
E_CUPAB-1,2026-09-04,7,2,7.82,189.23,181.41,0,0,0
E_CUPAB-1,2026-09-04,8,2,7.82,175.79,167.97,0,0,0
E_CUPAB-1,2026-09-04,9,2,-18.0,169.64,187.64,0,0,0
E_CUPAB-1,2026-09-04,10,2,-18.0,168.97,186.97,0,0,0
E_CUPAB-1,2026-09-04,11,2,-18.0,166.57,184.57,0,0,0
E_CUPAB-1,2026-09-04,12,2,-18.0,180.26,198.26,0,0,0
E_CUPAB-1,2026-09-04,13,2,-18.0,182.96,200.96,0,0,0
E_CUPAB-1,2026-09-04,14,2,-18.0,192.25,210.25,0,0,0
E_CUPAB-1,2026-09-04,15,2,-18.0,198.06,216.06,0,0,0
