gsp_group,month,day_class,settlement_period,mean_daily_energy_share,observations
_A,1,saturday,1,0.0186368208659386,9
_A,1,saturday,2,0.019338375530230118,9
_A,1,saturday,3,0.019028286072324152,9
_A,1,saturday,4,0.018624723682322705,9
_A,1,saturday,5,0.018259130530073206,9
_A,1,saturday,6,0.01776578070580962,9
_A,1,saturday,7,0.01725341467269314,9
_A,1,saturday,8,0.016842791251034075,9
_A,1,saturday,9,0.01661004504961072,9
_A,1,saturday,10,0.016285865920137584,9
_A,1,saturday,11,0.01631295702096295,9
_A,1,saturday,12,0.016358005491931,9
_A,1,saturday,13,0.017052982252008228,9
_A,1,saturday,14,0.017707653361027045,9
_A,1,saturday,15,0.018535791924154246,9
_A,1,saturday,16,0.019371458243878946,9
_A,1,saturday,17,0.020418412183564404,9
_A,1,saturday,18,0.021089532132440497,9
_A,1,saturday,19,0.021594104724138155,9
_A,1,saturday,20,0.021332433782431545,9
_A,1,saturday,21,0.021086609807586656,9
_A,1,saturday,22,0.020790263427981223,9
_A,1,saturday,23,0.020390196343300592,9
_A,1,saturday,24,0.020258631417293525,9
_A,1,saturday,25,0.02049630638549474,9
_A,1,saturday,26,0.020836272992919624,9
_A,1,saturday,27,0.02106425652254292,9
_A,1,saturday,28,0.021260085928316994,9
_A,1,saturday,29,0.021511461096389253,9
_A,1,saturday,30,0.022176849929956957,9
_A,1,saturday,31,0.022906812035141604,9
_A,1,saturday,32,0.02356927716178449,9
_A,1,saturday,33,0.024624388663180605,9
_A,1,saturday,34,0.025524957460813607,9
_A,1,saturday,35,0.026539572883860107,9
_A,1,saturday,36,0.026692605144175586,9
_A,1,saturday,37,0.026634832881233098,9
_A,1,saturday,38,0.026123834870714336,9
_A,1,saturday,39,0.02541713996910796,9
_A,1,saturday,40,0.02488671560781157,9
_A,1,saturday,41,0.02430135420469216,9
_A,1,saturday,42,0.023378727737551473,9
_A,1,saturday,43,0.022520559567958922,9
_A,1,saturday,44,0.021819342297145064,9
_A,1,saturday,45,0.02073650807852194,9
_A,1,saturday,46,0.019664676839280706,9
_A,1,saturday,47,0.018470794892882787,9
_A,1,saturday,48,0.017898400455650568,9
_A,1,sunday,1,0.01828376916505617,8
_A,1,sunday,2,0.01918346637414743,8
_A,1,sunday,3,0.018929716500036962,8
_A,1,sunday,4,0.018414234756977017,8
_A,1,sunday,5,0.017992417453221953,8
_A,1,sunday,6,0.017623787474186796,8
_A,1,sunday,7,0.016972147619748978,8
_A,1,sunday,8,0.01661756133003456,8
_A,1,sunday,9,0.016276268971200165,8
_A,1,sunday,10,0.015910500884560308,8
_A,1,sunday,11,0.015622068041833139,8
_A,1,sunday,12,0.015539309124644754,8
_A,1,sunday,13,0.016034115433360856,8
_A,1,sunday,14,0.01652893306066958,8
_A,1,sunday,15,0.016979697277673046,8
_A,1,sunday,16,0.017653865800503814,8
_A,1,sunday,17,0.01855614898860236,8
_A,1,sunday,18,0.019547822823253083,8
_A,1,sunday,19,0.020490640683765583,8
_A,1,sunday,20,0.021111363541346708,8
_A,1,sunday,21,0.02153507406170265,8
_A,1,sunday,22,0.021527553262872562,8
_A,1,sunday,23,0.02183004465653695,8
_A,1,sunday,24,0.022133933701971913,8
_A,1,sunday,25,0.022724852690841693,8
_A,1,sunday,26,0.023081448767130995,8
_A,1,sunday,27,0.02341022948103378,8
_A,1,sunday,28,0.023542095870250215,8
_A,1,sunday,29,0.023842974092625188,8
_A,1,sunday,30,0.024233967353933968,8
_A,1,sunday,31,0.02485718217405576,8
_A,1,sunday,32,0.025256864419276593,8
_A,1,sunday,33,0.025914521319801227,8
_A,1,sunday,34,0.026703048425495635,8
_A,1,sunday,35,0.02729013188703663,8
_A,1,sunday,36,0.02713216774711723,8
_A,1,sunday,37,0.026595663585792587,8
_A,1,sunday,38,0.02584185905803978,8
_A,1,sunday,39,0.02494652488565224,8
_A,1,sunday,40,0.024259842388255258,8
_A,1,sunday,41,0.023518182411863802,8
_A,1,sunday,42,0.02262036890299995,8
_A,1,sunday,43,0.02153494234105579,8
_A,1,sunday,44,0.020551956212397315,8
_A,1,sunday,45,0.0192951721195521,8
_A,1,sunday,46,0.01830832409320311,8
_A,1,sunday,47,0.016973450052364693,8
_A,1,sunday,48,0.016269788732317103,8
_A,1,weekday,1,0.016704748032797177,45
_A,1,weekday,2,0.017421992240695166,45
_A,1,weekday,3,0.01729142338995284,45
_A,1,weekday,4,0.01677328636494441,45
_A,1,weekday,5,0.01652203632277853,45
_A,1,weekday,6,0.016177985908619835,45
_A,1,weekday,7,0.015718538797152206,45
_A,1,weekday,8,0.01538172982193046,45
_A,1,weekday,9,0.015107536567002517,45
_A,1,weekday,10,0.015019642272704265,45
_A,1,weekday,11,0.015260567707792506,45
_A,1,weekday,12,0.015858051385173592,45
_A,1,weekday,13,0.01746746918456343,45
_A,1,weekday,14,0.019129630199494603,45
_A,1,weekday,15,0.02079308203471145,45
_A,1,weekday,16,0.02168878659695272,45
_A,1,weekday,17,0.02252959929297336,45
_A,1,weekday,18,0.022737895302848032,45
_A,1,weekday,19,0.023272773754977223,45
_A,1,weekday,20,0.023062124782421225,45
_A,1,weekday,21,0.022785594922656506,45
_A,1,weekday,22,0.0224651054812574,45
_A,1,weekday,23,0.022279366231333222,45
_A,1,weekday,24,0.022099733753659114,45
_A,1,weekday,25,0.022267119240390723,45
_A,1,weekday,26,0.022341709906570806,45
_A,1,weekday,27,0.022495549840998066,45
_A,1,weekday,28,0.02254665746665715,45
_A,1,weekday,29,0.022731891356314655,45
_A,1,weekday,30,0.0229693771413245,45
_A,1,weekday,31,0.023344711057387776,45
_A,1,weekday,32,0.024038559071496917,45
_A,1,weekday,33,0.024585547616533966,45
_A,1,weekday,34,0.025461186830833055,45
_A,1,weekday,35,0.025940773549776752,45
_A,1,weekday,36,0.02602749093138633,45
_A,1,weekday,37,0.02593419841318977,45
_A,1,weekday,38,0.02555612446324567,45
_A,1,weekday,39,0.025267365322804266,45
_A,1,weekday,40,0.024467377214827904,45
_A,1,weekday,41,0.023734505072180022,45
_A,1,weekday,42,0.022828412352063662,45
_A,1,weekday,43,0.0217892058693611,45
_A,1,weekday,44,0.02065704860922748,45
_A,1,weekday,45,0.0194488812204115,45
_A,1,weekday,46,0.018386583235172227,45
_A,1,weekday,47,0.017135257212202555,45
_A,1,weekday,48,0.016495766656251323,45
_A,2,saturday,1,0.019024330984531174,8
_A,2,saturday,2,0.019863275672651694,8
_A,2,saturday,3,0.019582726610392922,8
_A,2,saturday,4,0.019076887726727814,8
_A,2,saturday,5,0.018625513069072175,8
_A,2,saturday,6,0.01815888089389814,8
_A,2,saturday,7,0.017623027655420242,8
_A,2,saturday,8,0.017045891330043982,8
_A,2,saturday,9,0.016722995967179792,8
_A,2,saturday,10,0.01661910344673423,8
_A,2,saturday,11,0.016504680931832456,8
_A,2,saturday,12,0.016545149276553987,8
_A,2,saturday,13,0.017335316596690076,8
_A,2,saturday,14,0.017889028344585185,8
_A,2,saturday,15,0.01883871006296172,8
_A,2,saturday,16,0.01944147413764827,8
_A,2,saturday,17,0.020292321600273312,8
_A,2,saturday,18,0.020605997917847653,8
_A,2,saturday,19,0.021062866182329488,8
_A,2,saturday,20,0.0209887079182602,8
_A,2,saturday,21,0.02094204612361628,8
_A,2,saturday,22,0.02082499645931488,8
_A,2,saturday,23,0.020726398149244544,8
_A,2,saturday,24,0.020785405027953122,8
_A,2,saturday,25,0.02088468010524444,8
_A,2,saturday,26,0.021064595903780584,8
_A,2,saturday,27,0.02115693013668551,8
_A,2,saturday,28,0.02106718517573319,8
_A,2,saturday,29,0.021215417630652423,8
_A,2,saturday,30,0.021487723216670654,8
_A,2,saturday,31,0.022085211777362994,8
_A,2,saturday,32,0.0228098089101978,8
_A,2,saturday,33,0.023477099729895076,8
_A,2,saturday,34,0.02447861046079836,8
_A,2,saturday,35,0.026151885872067723,8
_A,2,saturday,36,0.026730142628916504,8
_A,2,saturday,37,0.026768068132665683,8
_A,2,saturday,38,0.026500738352973646,8
_A,2,saturday,39,0.025779936482996063,8
_A,2,saturday,40,0.025021255056337968,8
_A,2,saturday,41,0.02433506979702602,8
_A,2,saturday,42,0.023461957856384087,8
_A,2,saturday,43,0.022544661422572755,8
_A,2,saturday,44,0.02157200803762451,8
_A,2,saturday,45,0.020431830189920532,8
_A,2,saturday,46,0.019455464479083737,8
_A,2,saturday,47,0.018455151023750258,8
_A,2,saturday,48,0.01793883553489616,8
_A,2,sunday,1,0.018878452513197842,8
_A,2,sunday,2,0.019619146225162223,8
_A,2,sunday,3,0.019442780844808202,8
_A,2,sunday,4,0.0186438548630518,8
_A,2,sunday,5,0.01822895825673627,8
_A,2,sunday,6,0.01776387893420471,8
_A,2,sunday,7,0.01708589477666439,8
_A,2,sunday,8,0.016563188423045324,8
_A,2,sunday,9,0.016329657321071722,8
_A,2,sunday,10,0.015965882178564494,8
_A,2,sunday,11,0.015689373170100888,8
_A,2,sunday,12,0.01564958688647005,8
_A,2,sunday,13,0.016272944172771166,8
_A,2,sunday,14,0.01675517403081011,8
_A,2,sunday,15,0.017334217285434626,8
_A,2,sunday,16,0.01774872109502956,8
_A,2,sunday,17,0.018720572542310757,8
_A,2,sunday,18,0.019416717844480805,8
_A,2,sunday,19,0.020101750956781184,8
_A,2,sunday,20,0.020371656465071684,8
_A,2,sunday,21,0.02087301274028485,8
_A,2,sunday,22,0.020650308998500677,8
_A,2,sunday,23,0.0209207523859746,8
_A,2,sunday,24,0.021178634388926393,8
_A,2,sunday,25,0.02192026397757324,8
_A,2,sunday,26,0.02200083222247442,8
_A,2,sunday,27,0.022003118118518773,8
_A,2,sunday,28,0.021905414871527366,8
_A,2,sunday,29,0.02191846678194838,8
_A,2,sunday,30,0.02245619134537807,8
_A,2,sunday,31,0.023006241602028386,8
_A,2,sunday,32,0.023977795727843993,8
_A,2,sunday,33,0.02505880633629988,8
_A,2,sunday,34,0.0264494425118079,8
_A,2,sunday,35,0.02772023247111895,8
_A,2,sunday,36,0.028295616632382087,8
_A,2,sunday,37,0.027881782775761633,8
_A,2,sunday,38,0.027169433781420775,8
_A,2,sunday,39,0.026244024629958417,8
_A,2,sunday,40,0.025449105740692448,8
_A,2,sunday,41,0.0245943263117551,8
_A,2,sunday,42,0.023652702759359247,8
_A,2,sunday,43,0.02265181661639487,8
_A,2,sunday,44,0.021524260930115013,8
_A,2,sunday,45,0.020322801795908924,8
_A,2,sunday,46,0.019049802223255138,8
_A,2,sunday,47,0.017482158357986263,8
_A,2,sunday,48,0.017060244179036444,8
_A,2,weekday,1,0.017170927663594487,40
_A,2,weekday,2,0.018080313433470867,40
_A,2,weekday,3,0.017807082395919015,40
_A,2,weekday,4,0.01731499453053976,40
_A,2,weekday,5,0.0168963379759925,40
_A,2,weekday,6,0.016533503768146725,40
_A,2,weekday,7,0.016148368596850492,40
_A,2,weekday,8,0.015738548150409405,40
_A,2,weekday,9,0.015442323351655574,40
_A,2,weekday,10,0.01537903332914651,40
_A,2,weekday,11,0.015669313319198058,40
_A,2,weekday,12,0.016338385730740722,40
_A,2,weekday,13,0.01812206062408466,40
_A,2,weekday,14,0.01974123694147032,40
_A,2,weekday,15,0.02137493910838343,40
_A,2,weekday,16,0.0220474382383589,40
_A,2,weekday,17,0.022781890521559718,40
_A,2,weekday,18,0.022726009591712473,40
_A,2,weekday,19,0.022918009163114032,40
_A,2,weekday,20,0.022523630488236353,40
_A,2,weekday,21,0.022105848999505344,40
_A,2,weekday,22,0.02182143632296152,40
_A,2,weekday,23,0.021604542282144264,40
_A,2,weekday,24,0.021580341266635602,40
_A,2,weekday,25,0.021645408472300814,40
_A,2,weekday,26,0.021528688553619224,40
_A,2,weekday,27,0.02156495391879642,40
_A,2,weekday,28,0.02149154875785443,40
_A,2,weekday,29,0.021540637811361237,40
_A,2,weekday,30,0.02173702069539084,40
_A,2,weekday,31,0.022055362564879312,40
_A,2,weekday,32,0.022903863991019336,40
_A,2,weekday,33,0.023398943866165443,40
_A,2,weekday,34,0.024422106410224523,40
_A,2,weekday,35,0.025667715319867047,40
_A,2,weekday,36,0.026201826666759753,40
_A,2,weekday,37,0.02625588481293411,40
_A,2,weekday,38,0.025987661018678537,40
_A,2,weekday,39,0.026031364214374852,40
_A,2,weekday,40,0.025264835399613363,40
_A,2,weekday,41,0.024423798668110272,40
_A,2,weekday,42,0.023520260826557067,40
_A,2,weekday,43,0.022330846500459085,40
_A,2,weekday,44,0.02118100219098832,40
_A,2,weekday,45,0.019941116204477635,40
_A,2,weekday,46,0.018720054688250453,40
_A,2,weekday,47,0.01747084234101631,40
_A,2,weekday,48,0.01684774031247089,40
_A,3,saturday,1,0.02205032279545826,9
_A,3,saturday,2,0.022881283895411244,9
_A,3,saturday,3,0.02250170972487299,9
_A,3,saturday,4,0.021899869973540407,9
_A,3,saturday,5,0.021230110916188864,9
_A,3,saturday,6,0.020515147211816794,9
_A,3,saturday,7,0.01990786292376486,9
_A,3,saturday,8,0.019754203230279196,9
_A,3,saturday,9,0.01933485479863011,9
_A,3,saturday,10,0.019095618135806035,9
_A,3,saturday,11,0.01901605230321895,9
_A,3,saturday,12,0.019057306312918253,9
_A,3,saturday,13,0.01996453342873116,9
_A,3,saturday,14,0.0202328220533151,9
_A,3,saturday,15,0.020421375589671508,9
_A,3,saturday,16,0.019933705998763852,9
_A,3,saturday,17,0.01950102241764413,9
_A,3,saturday,18,0.01875351227511475,9
_A,3,saturday,19,0.01797850892727013,9
_A,3,saturday,20,0.017141908226879495,9
_A,3,saturday,21,0.0164486650860836,9
_A,3,saturday,22,0.01625766552322762,9
_A,3,saturday,23,0.01607407431524373,9
_A,3,saturday,24,0.015308387065864302,9
_A,3,saturday,25,0.015399021467560956,9
_A,3,saturday,26,0.015021038072493033,9
_A,3,saturday,27,0.015219652777314126,9
_A,3,saturday,28,0.015203849466441167,9
_A,3,saturday,29,0.01534373689906555,9
_A,3,saturday,30,0.015900113064808742,9
_A,3,saturday,31,0.01702070300287865,9
_A,3,saturday,32,0.018805074034757015,9
_A,3,saturday,33,0.021014914389578834,9
_A,3,saturday,34,0.02343414666758031,9
_A,3,saturday,35,0.02618363380260733,9
_A,3,saturday,36,0.02793783336429416,9
_A,3,saturday,37,0.02914541255251744,9
_A,3,saturday,38,0.029348712057413573,9
_A,3,saturday,39,0.028855824176694897,9
_A,3,saturday,40,0.028167044693502324,9
_A,3,saturday,41,0.027571775563226684,9
_A,3,saturday,42,0.026765231214440008,9
_A,3,saturday,43,0.02577618874997354,9
_A,3,saturday,44,0.02483107213016804,9
_A,3,saturday,45,0.02363320856482,9
_A,3,saturday,46,0.022279701232820037,9
_A,3,saturday,47,0.021255622252579338,9
_A,3,saturday,48,0.020625966672748946,9
_A,3,sunday,1,0.02084765735858107,10
_A,3,sunday,2,0.021785689621993756,10
_A,3,sunday,3,0.02139761855244401,10
_A,3,sunday,4,0.02076215897301479,10
_A,3,sunday,5,0.02007397395558073,10
_A,3,sunday,6,0.019809124038469347,10
_A,3,sunday,7,0.019040792171554355,10
_A,3,sunday,8,0.0185474127722332,10
_A,3,sunday,9,0.018306090129317498,10
_A,3,sunday,10,0.018251845847252663,10
_A,3,sunday,11,0.017941091186544744,10
_A,3,sunday,12,0.017938561878439563,10
_A,3,sunday,13,0.01840994000341242,10
_A,3,sunday,14,0.018539236794742633,10
_A,3,sunday,15,0.018599571301215447,10
_A,3,sunday,16,0.018320673766374022,10
_A,3,sunday,17,0.018371075747723824,10
_A,3,sunday,18,0.017916930724252524,10
_A,3,sunday,19,0.017629939873295454,10
_A,3,sunday,20,0.017058336495081917,10
_A,3,sunday,21,0.016586070793948565,10
_A,3,sunday,22,0.015968831289371863,10
_A,3,sunday,23,0.01590665113015304,10
_A,3,sunday,24,0.016048868704123666,10
_A,3,sunday,25,0.01663499354203925,10
_A,3,sunday,26,0.01706684443449812,10
_A,3,sunday,27,0.01752228836959414,10
_A,3,sunday,28,0.01791660155656451,10
_A,3,sunday,29,0.018704002462545038,10
_A,3,sunday,30,0.019769447468175685,10
_A,3,sunday,31,0.020837007413920614,10
_A,3,sunday,32,0.022519167170740918,10
_A,3,sunday,33,0.024443959678497648,10
_A,3,sunday,34,0.026327269420261337,10
_A,3,sunday,35,0.028003085707223145,10
_A,3,sunday,36,0.029011027056825952,10
_A,3,sunday,37,0.029379942087524074,10
_A,3,sunday,38,0.029133710308752662,10
_A,3,sunday,39,0.028683070191684253,10
_A,3,sunday,40,0.027715423806780843,10
_A,3,sunday,41,0.02676359543055885,10
_A,3,sunday,42,0.02575404679154463,10
_A,3,sunday,43,0.024923076877768673,10
_A,3,sunday,44,0.02376130299432905,10
_A,3,sunday,45,0.022012687632599583,10
_A,3,sunday,46,0.020832731656553374,10
_A,3,sunday,47,0.019369951686572236,8
_A,3,sunday,48,0.018856623145324405,8
_A,3,weekday,1,0.019147211056576376,43
_A,3,weekday,2,0.019895485863022352,43
_A,3,weekday,3,0.019696761344491744,43
_A,3,weekday,4,0.019158859301248637,43
_A,3,weekday,5,0.018733113177813444,43
_A,3,weekday,6,0.01824928704992989,43
_A,3,weekday,7,0.017809497205281292,43
_A,3,weekday,8,0.017479193480020055,43
_A,3,weekday,9,0.017204034487286187,43
_A,3,weekday,10,0.017168157081440507,43
_A,3,weekday,11,0.017560459335058624,43
_A,3,weekday,12,0.018276341404060502,43
_A,3,weekday,13,0.020106257730268372,43
_A,3,weekday,14,0.021328841449522795,43
_A,3,weekday,15,0.02285263768873519,43
_A,3,weekday,16,0.022774866507143377,43
_A,3,weekday,17,0.022571936358445413,43
_A,3,weekday,18,0.021708504501975066,43
_A,3,weekday,19,0.020962753401268772,43
_A,3,weekday,20,0.02003337894880662,43
_A,3,weekday,21,0.01904436699897903,43
_A,3,weekday,22,0.01820765649109829,43
_A,3,weekday,23,0.017652283233141903,43
_A,3,weekday,24,0.017249537758463076,43
_A,3,weekday,25,0.01714402967486259,43
_A,3,weekday,26,0.017006749039795727,43
_A,3,weekday,27,0.016951811263607383,43
_A,3,weekday,28,0.017066035791517043,43
_A,3,weekday,29,0.01738393302290595,43
_A,3,weekday,30,0.017925623564823752,43
_A,3,weekday,31,0.018729528819116062,43
_A,3,weekday,32,0.020286341217313122,43
_A,3,weekday,33,0.021649016878137257,43
_A,3,weekday,34,0.023670902573490013,43
_A,3,weekday,35,0.02564843223114512,43
_A,3,weekday,36,0.027044533151552766,43
_A,3,weekday,37,0.02795749486862335,43
_A,3,weekday,38,0.0281783293773488,43
_A,3,weekday,39,0.028605319339472603,43
_A,3,weekday,40,0.02780932604446197,43
_A,3,weekday,41,0.02691163522247162,43
_A,3,weekday,42,0.026020986063755795,43
_A,3,weekday,43,0.024778857832840995,43
_A,3,weekday,44,0.023494081466687366,43
_A,3,weekday,45,0.02202786488282517,43
_A,3,weekday,46,0.020745249895511353,43
_A,3,weekday,47,0.019334546446161945,43
_A,3,weekday,48,0.018757949477494734,43
_A,4,saturday,1,0.023025537407783295,8
_A,4,saturday,2,0.022686886888412947,8
_A,4,saturday,3,0.022948565698352606,8
_A,4,saturday,4,0.023443053131849263,8
_A,4,saturday,5,0.022941943419124748,8
_A,4,saturday,6,0.022041038632268046,8
_A,4,saturday,7,0.021428146831503358,8
_A,4,saturday,8,0.021023912641440424,8
_A,4,saturday,9,0.02043878097588833,8
_A,4,saturday,10,0.02021285645678099,8
_A,4,saturday,11,0.020334422943176916,8
_A,4,saturday,12,0.020335114033417107,8
_A,4,saturday,13,0.021157165692088763,8
_A,4,saturday,14,0.021629197509756205,8
_A,4,saturday,15,0.021843287956453166,8
_A,4,saturday,16,0.02184165525509907,8
_A,4,saturday,17,0.0217859380899276,8
_A,4,saturday,18,0.021034100138583037,8
_A,4,saturday,19,0.01999715653182986,8
_A,4,saturday,20,0.018779201091680565,8
_A,4,saturday,21,0.017781474434356462,8
_A,4,saturday,22,0.017064506747644512,8
_A,4,saturday,23,0.01599835368480214,8
_A,4,saturday,24,0.015507258637682089,8
_A,4,saturday,25,0.015196742368106335,8
_A,4,saturday,26,0.014259545367667903,8
_A,4,saturday,27,0.013423813124804175,8
_A,4,saturday,28,0.01261475537508912,8
_A,4,saturday,29,0.012130878962444015,8
_A,4,saturday,30,0.012232774937451694,8
_A,4,saturday,31,0.012479739363648856,8
_A,4,saturday,32,0.013468801264196863,8
_A,4,saturday,33,0.015480323994310896,8
_A,4,saturday,34,0.017803498406497628,8
_A,4,saturday,35,0.020941881969261136,8
_A,4,saturday,36,0.023514981750101315,8
_A,4,saturday,37,0.026120334502797705,8
_A,4,saturday,38,0.027616551544041825,8
_A,4,saturday,39,0.028569039050926403,8
_A,4,saturday,40,0.028916709844039976,8
_A,4,saturday,41,0.02914690986159506,8
_A,4,saturday,42,0.028937178859070076,8
_A,4,saturday,43,0.02824394268515786,8
_A,4,saturday,44,0.02747161036142552,8
_A,4,saturday,45,0.026156405527232942,8
_A,4,saturday,46,0.024757579389935495,8
_A,4,saturday,47,0.023011093236780838,8
_A,4,saturday,48,0.02222535342351489,8
_A,4,sunday,1,0.022362427074932162,8
_A,4,sunday,2,0.022077886201300856,8
_A,4,sunday,3,0.0220205265183258,8
_A,4,sunday,4,0.022553283795734697,8
_A,4,sunday,5,0.02216961422073362,8
_A,4,sunday,6,0.02137013566769169,8
_A,4,sunday,7,0.020755152772218108,8
_A,4,sunday,8,0.02033508662612856,8
_A,4,sunday,9,0.020155805399885873,8
_A,4,sunday,10,0.01987154446927268,8
_A,4,sunday,11,0.019695358943520563,8
_A,4,sunday,12,0.019535844084076513,8
_A,4,sunday,13,0.020010511677520805,8
_A,4,sunday,14,0.020095579720819403,8
_A,4,sunday,15,0.020285511304888565,8
_A,4,sunday,16,0.019752739648048096,8
_A,4,sunday,17,0.018980465237812192,8
_A,4,sunday,18,0.017572207945098263,8
_A,4,sunday,19,0.0164726166708839,8
_A,4,sunday,20,0.015172162072741656,8
_A,4,sunday,21,0.014343903113190878,8
_A,4,sunday,22,0.013287527557693565,8
_A,4,sunday,23,0.012974114335605316,8
_A,4,sunday,24,0.012559575582050035,8
_A,4,sunday,25,0.012854677338641507,8
_A,4,sunday,26,0.012910780621739603,8
_A,4,sunday,27,0.013225921470600938,8
_A,4,sunday,28,0.01307776226304552,8
_A,4,sunday,29,0.01388863411617487,8
_A,4,sunday,30,0.01444085433257295,8
_A,4,sunday,31,0.015376851759052054,8
_A,4,sunday,32,0.01716554943387257,8
_A,4,sunday,33,0.019536598408600024,8
_A,4,sunday,34,0.021964892235393677,8
_A,4,sunday,35,0.024635899964053187,8
_A,4,sunday,36,0.026729218340625624,8
_A,4,sunday,37,0.028494915260383905,8
_A,4,sunday,38,0.029109284804014417,8
_A,4,sunday,39,0.029943558142123544,8
_A,4,sunday,40,0.03029757309877465,8
_A,4,sunday,41,0.030859199809296516,8
_A,4,sunday,42,0.03078044080481461,8
_A,4,sunday,43,0.029934232501521076,8
_A,4,sunday,44,0.028974265744401446,8
_A,4,sunday,45,0.027595813401180478,8
_A,4,sunday,46,0.026025465441543827,8
_A,4,sunday,47,0.024368742073966294,8
_A,4,sunday,48,0.02339928799343293,8
_A,4,weekday,1,0.02095719088444495,44
_A,4,weekday,2,0.020727461056801677,44
_A,4,weekday,3,0.02094444482642198,44
_A,4,weekday,4,0.021323524701462298,44
_A,4,weekday,5,0.020993896697377588,44
_A,4,weekday,6,0.020336771929998713,44
_A,4,weekday,7,0.019791539293718047,44
_A,4,weekday,8,0.019502150688936928,44
_A,4,weekday,9,0.01919800779405595,44
_A,4,weekday,10,0.019061941317037537,44
_A,4,weekday,11,0.0193469922220402,44
_A,4,weekday,12,0.020056049937936336,44
_A,4,weekday,13,0.021801802330900844,44
_A,4,weekday,14,0.02272929831404819,44
_A,4,weekday,15,0.023965824591011573,44
_A,4,weekday,16,0.02388367529522405,44
_A,4,weekday,17,0.023583717593147754,44
_A,4,weekday,18,0.02222602301236013,44
_A,4,weekday,19,0.02112960754927873,44
_A,4,weekday,20,0.019595904432505452,44
_A,4,weekday,21,0.018046102138570438,44
_A,4,weekday,22,0.01685429450495293,44
_A,4,weekday,23,0.015918562388777535,44
_A,4,weekday,24,0.015386032741431218,44
_A,4,weekday,25,0.01519271015637111,44
_A,4,weekday,26,0.014837191999325122,44
_A,4,weekday,27,0.014434691119580524,44
_A,4,weekday,28,0.014116471540177044,44
_A,4,weekday,29,0.014181764221158893,44
_A,4,weekday,30,0.014434557706707374,44
_A,4,weekday,31,0.014846128527556414,44
_A,4,weekday,32,0.015972282283815434,44
_A,4,weekday,33,0.01710535238898769,44
_A,4,weekday,34,0.019424769746955898,44
_A,4,weekday,35,0.02169479387781067,44
_A,4,weekday,36,0.023826291672352527,44
_A,4,weekday,37,0.025541350411617335,44
_A,4,weekday,38,0.026794869535108002,44
_A,4,weekday,39,0.02813599687546372,44
_A,4,weekday,40,0.028583845460583734,44
_A,4,weekday,41,0.02883796870807246,44
_A,4,weekday,42,0.028481393060505254,44
_A,4,weekday,43,0.02769346893675608,44
_A,4,weekday,44,0.026421042384316574,44
_A,4,weekday,45,0.024973956036641935,44
_A,4,weekday,46,0.023612817440210234,44
_A,4,weekday,47,0.022122908378413717,44
_A,4,weekday,48,0.021372561289071217,44
_A,5,saturday,1,0.025129966153367746,10
_A,5,saturday,2,0.02462960790597887,10
_A,5,saturday,3,0.024374522426072225,10
_A,5,saturday,4,0.024329359864682355,10
_A,5,saturday,5,0.023836711188402433,10
_A,5,saturday,6,0.022854456196695898,10
_A,5,saturday,7,0.0223164176690619,10
_A,5,saturday,8,0.021823907768715945,10
_A,5,saturday,9,0.021655275085569702,10
_A,5,saturday,10,0.02122774655770847,10
_A,5,saturday,11,0.021035702341937634,10
_A,5,saturday,12,0.02069609009144408,10
_A,5,saturday,13,0.02110137874231176,10
_A,5,saturday,14,0.02081475803085999,10
_A,5,saturday,15,0.020869971263593683,10
_A,5,saturday,16,0.02031093925455335,10
_A,5,saturday,17,0.019907285146850175,10
_A,5,saturday,18,0.01865053713933578,10
_A,5,saturday,19,0.01772065363643107,10
_A,5,saturday,20,0.016277817834943985,10
_A,5,saturday,21,0.015025542190145815,10
_A,5,saturday,22,0.014106636317638251,10
_A,5,saturday,23,0.013326013608087581,10
_A,5,saturday,24,0.013140293130295341,10
_A,5,saturday,25,0.012959900572317207,10
_A,5,saturday,26,0.012605141377934202,10
_A,5,saturday,27,0.012346768763397211,10
_A,5,saturday,28,0.012171713723313798,10
_A,5,saturday,29,0.012164025613290663,10
_A,5,saturday,30,0.012676344298871082,10
_A,5,saturday,31,0.013325407207067413,10
_A,5,saturday,32,0.014811330270950862,10
_A,5,saturday,33,0.016742360707541426,10
_A,5,saturday,34,0.019302201622262538,10
_A,5,saturday,35,0.02182117192971442,10
_A,5,saturday,36,0.024445691625647633,10
_A,5,saturday,37,0.026300544817265882,10
_A,5,saturday,38,0.027795445541793938,10
_A,5,saturday,39,0.028250669830436958,10
_A,5,saturday,40,0.02863764870473131,10
_A,5,saturday,41,0.02879070220328825,10
_A,5,saturday,42,0.02877105751122013,10
_A,5,saturday,43,0.029194810544002713,10
_A,5,saturday,44,0.0286456069915176,10
_A,5,saturday,45,0.027688592480255136,10
_A,5,saturday,46,0.02625954541697132,10
_A,5,saturday,47,0.024965167207266818,10
_A,5,saturday,48,0.024166561494257423,10
_A,5,sunday,1,0.023800447589165108,9
_A,5,sunday,2,0.023205079868917705,9
_A,5,sunday,3,0.02300769154682428,9
_A,5,sunday,4,0.022865263511626287,9
_A,5,sunday,5,0.02231816221211669,9
_A,5,sunday,6,0.021454666532456226,9
_A,5,sunday,7,0.02081060209185859,9
_A,5,sunday,8,0.02048457613007249,9
_A,5,sunday,9,0.020117591286368277,9
_A,5,sunday,10,0.019680487049797815,9
_A,5,sunday,11,0.019073192357292254,9
_A,5,sunday,12,0.018737272592387395,9
_A,5,sunday,13,0.018702403965140786,9
_A,5,sunday,14,0.018217618076822813,9
_A,5,sunday,15,0.017840343879454632,9
_A,5,sunday,16,0.017515648300829925,9
_A,5,sunday,17,0.017634626477167233,9
_A,5,sunday,18,0.017328006027778193,9
_A,5,sunday,19,0.017282747065017076,9
_A,5,sunday,20,0.016913483856575557,9
_A,5,sunday,21,0.01667284967794244,9
_A,5,sunday,22,0.015863673536644703,9
_A,5,sunday,23,0.015655114335445357,9
_A,5,sunday,24,0.015491468312509783,9
_A,5,sunday,25,0.015904426530631375,9
_A,5,sunday,26,0.015467110775280358,9
_A,5,sunday,27,0.015157492447966027,9
_A,5,sunday,28,0.01472748584683904,9
_A,5,sunday,29,0.014458881576955296,9
_A,5,sunday,30,0.014449472591218957,9
_A,5,sunday,31,0.015223421047113793,9
_A,5,sunday,32,0.016305783220066365,9
_A,5,sunday,33,0.01825327744351808,9
_A,5,sunday,34,0.020088516806776684,9
_A,5,sunday,35,0.022536828763763228,9
_A,5,sunday,36,0.02458395464524408,9
_A,5,sunday,37,0.02653893829398869,9
_A,5,sunday,38,0.02759269083091813,9
_A,5,sunday,39,0.028641570790160005,9
_A,5,sunday,40,0.02916522031974661,9
_A,5,sunday,41,0.029314416867156596,9
_A,5,sunday,42,0.02936861857893487,9
_A,5,sunday,43,0.029550794260516117,9
_A,5,sunday,44,0.02864959610354656,9
_A,5,sunday,45,0.027830755221961996,9
_A,5,sunday,46,0.02647187909486366,9
_A,5,sunday,47,0.024694535351171713,9
_A,5,sunday,48,0.024351316311450148,9
_A,5,weekday,1,0.0214220962719912,43
_A,5,weekday,2,0.020979246910226693,43
_A,5,weekday,3,0.02091879070812957,43
_A,5,weekday,4,0.021010439707190083,43
_A,5,weekday,5,0.020647235545638992,43
_A,5,weekday,6,0.019954617155463625,43
_A,5,weekday,7,0.019538088879340564,43
_A,5,weekday,8,0.019202978908307862,43
_A,5,weekday,9,0.018946989249997794,43
_A,5,weekday,10,0.01871080087523542,43
_A,5,weekday,11,0.018771401750325312,43
_A,5,weekday,12,0.018953969710906255,43
_A,5,weekday,13,0.020425668233571875,43
_A,5,weekday,14,0.021066649771962855,43
_A,5,weekday,15,0.02185365443581692,43
_A,5,weekday,16,0.021758152795306098,43
_A,5,weekday,17,0.021373199051373252,43
_A,5,weekday,18,0.020544787287043866,43
_A,5,weekday,19,0.01982726863255045,43
_A,5,weekday,20,0.01875357484388991,43
_A,5,weekday,21,0.017865422983271456,43
_A,5,weekday,22,0.017095243465149724,43
_A,5,weekday,23,0.01668794875721147,43
_A,5,weekday,24,0.016458699568287445,43
_A,5,weekday,25,0.016555045947541844,43
_A,5,weekday,26,0.01663458019536342,43
_A,5,weekday,27,0.016499612163496217,43
_A,5,weekday,28,0.01635007708502673,43
_A,5,weekday,29,0.01644320239146589,43
_A,5,weekday,30,0.016563646651384347,43
_A,5,weekday,31,0.016897536139442372,43
_A,5,weekday,32,0.017750957986692503,43
_A,5,weekday,33,0.018451511825503777,43
_A,5,weekday,34,0.020084273180098356,43
_A,5,weekday,35,0.021927517950856623,43
_A,5,weekday,36,0.023712047030557393,43
_A,5,weekday,37,0.025184364886475533,43
_A,5,weekday,38,0.026271785388359913,43
_A,5,weekday,39,0.02716010953114838,43
_A,5,weekday,40,0.027431367400280914,43
_A,5,weekday,41,0.027416791725319124,43
_A,5,weekday,42,0.027285681685026396,43
_A,5,weekday,43,0.027444046833622483,43
_A,5,weekday,44,0.02659468108329728,43
_A,5,weekday,45,0.025559052337024577,43
_A,5,weekday,46,0.02425876506616461,43
_A,5,weekday,47,0.02274835867674503,43
_A,5,weekday,48,0.0220080613409176,43
_A,6,saturday,1,0.024084715826847552,8
_A,6,saturday,2,0.023565369700038582,8
_A,6,saturday,3,0.02313076942393265,8
_A,6,saturday,4,0.023074430082663484,8
_A,6,saturday,5,0.022478718040621348,8
_A,6,saturday,6,0.021725780440978927,8
_A,6,saturday,7,0.02128095447608165,8
_A,6,saturday,8,0.02062337311847122,8
_A,6,saturday,9,0.020158867908953066,8
_A,6,saturday,10,0.01996229655434146,8
_A,6,saturday,11,0.019470447339775526,8
_A,6,saturday,12,0.0189679914809073,8
_A,6,saturday,13,0.019372324842997894,8
_A,6,saturday,14,0.019132858342900374,8
_A,6,saturday,15,0.019347339713380516,8
_A,6,saturday,16,0.019373891522380383,8
_A,6,saturday,17,0.019849001984028926,8
_A,6,saturday,18,0.019502436267168823,8
_A,6,saturday,19,0.019218167309602477,8
_A,6,saturday,20,0.018217725344254275,8
_A,6,saturday,21,0.017728279503793035,8
_A,6,saturday,22,0.0166945598423953,8
_A,6,saturday,23,0.015753784023622885,8
_A,6,saturday,24,0.015215470772837596,8
_A,6,saturday,25,0.014747008435184531,8
_A,6,saturday,26,0.014410877856531142,8
_A,6,saturday,27,0.013862776921841761,8
_A,6,saturday,28,0.014003906501590694,8
_A,6,saturday,29,0.014450562957659625,8
_A,6,saturday,30,0.01524486702664513,8
_A,6,saturday,31,0.01596561066195369,8
_A,6,saturday,32,0.017608058517434147,8
_A,6,saturday,33,0.019113675784686698,8
_A,6,saturday,34,0.020664713336268542,8
_A,6,saturday,35,0.022934084697521485,8
_A,6,saturday,36,0.024370695905324816,8
_A,6,saturday,37,0.025588604658202806,8
_A,6,saturday,38,0.026637474921934284,8
_A,6,saturday,39,0.027055481925735737,8
_A,6,saturday,40,0.02737507976566181,8
_A,6,saturday,41,0.02733896442272887,8
_A,6,saturday,42,0.027149134990129574,8
_A,6,saturday,43,0.027194321570682804,8
_A,6,saturday,44,0.026955192745493177,8
_A,6,saturday,45,0.02618954489390144,8
_A,6,saturday,46,0.025288509789123746,8
_A,6,saturday,47,0.0242906961122758,8
_A,6,saturday,48,0.023630601738512468,8
_A,6,sunday,1,0.02499600417838728,9
_A,6,sunday,2,0.024290214812361946,9
_A,6,sunday,3,0.023438253624669846,9
_A,6,sunday,4,0.02306991805217325,9
_A,6,sunday,5,0.022654070228947953,9
_A,6,sunday,6,0.021791125331343267,9
_A,6,sunday,7,0.021143474718083446,9
_A,6,sunday,8,0.020914796950402118,9
_A,6,sunday,9,0.020521453214227478,9
_A,6,sunday,10,0.019846235822328515,9
_A,6,sunday,11,0.01913126438090622,9
_A,6,sunday,12,0.018399727289368877,9
_A,6,sunday,13,0.018413736282709293,9
_A,6,sunday,14,0.017728765038523362,9
_A,6,sunday,15,0.0171691541623897,9
_A,6,sunday,16,0.016199873042857447,9
_A,6,sunday,17,0.015788287146958138,9
_A,6,sunday,18,0.015333739400001718,9
_A,6,sunday,19,0.015482949958403614,9
_A,6,sunday,20,0.015139337290424573,9
_A,6,sunday,21,0.015152768148237369,9
_A,6,sunday,22,0.01450546281565085,9
_A,6,sunday,23,0.014718444563256586,9
_A,6,sunday,24,0.014943311188084726,9
_A,6,sunday,25,0.01551365884414194,9
_A,6,sunday,26,0.015840058080040846,9
_A,6,sunday,27,0.015753601659460447,9
_A,6,sunday,28,0.015684337220710765,9
_A,6,sunday,29,0.016006944218351055,9
_A,6,sunday,30,0.01595177088058127,9
_A,6,sunday,31,0.01619460367483692,9
_A,6,sunday,32,0.017089043500228947,9
_A,6,sunday,33,0.019059913349155234,9
_A,6,sunday,34,0.02113718155191599,9
_A,6,sunday,35,0.023025897103621403,9
_A,6,sunday,36,0.02524234756868113,9
_A,6,sunday,37,0.026650239539537726,9
_A,6,sunday,38,0.02773002400723048,9
_A,6,sunday,39,0.02891119769622315,9
_A,6,sunday,40,0.028994714459201338,9
_A,6,sunday,41,0.029085817804771104,9
_A,6,sunday,42,0.02897904745483143,9
_A,6,sunday,43,0.02907668883557729,9
_A,6,sunday,44,0.02852062850179941,9
_A,6,sunday,45,0.02812311518029277,9
_A,6,sunday,46,0.026955473834580215,9
_A,6,sunday,47,0.02545088507698804,9
_A,6,sunday,48,0.02425044231654352,9
_A,6,weekday,1,0.02168536189050367,43
_A,6,weekday,2,0.021318507777571057,43
_A,6,weekday,3,0.021062315972165662,43
_A,6,weekday,4,0.020944889780440415,43
_A,6,weekday,5,0.020513091007509778,43
_A,6,weekday,6,0.0198432838732927,43
_A,6,weekday,7,0.01935815107168494,43
_A,6,weekday,8,0.019123695736801314,43
_A,6,weekday,9,0.018666811118419873,43
_A,6,weekday,10,0.018361433243172177,43
_A,6,weekday,11,0.01826773251221345,43
_A,6,weekday,12,0.018441230123162712,43
_A,6,weekday,13,0.0198283244365039,43
_A,6,weekday,14,0.02035929791356642,43
_A,6,weekday,15,0.021474381810077967,43
_A,6,weekday,16,0.021366429473975976,43
_A,6,weekday,17,0.021184502461883754,43
_A,6,weekday,18,0.020303582185185822,43
_A,6,weekday,19,0.019960663795406133,43
_A,6,weekday,20,0.01913415753391667,43
_A,6,weekday,21,0.018548287111736735,43
_A,6,weekday,22,0.017893992942167782,43
_A,6,weekday,23,0.01747015019288205,43
_A,6,weekday,24,0.017209304071279786,43
_A,6,weekday,25,0.0170688827774406,43
_A,6,weekday,26,0.016677155794729184,43
_A,6,weekday,27,0.01625382341912943,43
_A,6,weekday,28,0.01600850791251817,43
_A,6,weekday,29,0.01620162047620218,43
_A,6,weekday,30,0.016358013088806835,43
_A,6,weekday,31,0.016552469707778465,43
_A,6,weekday,32,0.017509852169731995,43
_A,6,weekday,33,0.018450813787194546,43
_A,6,weekday,34,0.02012357384612303,43
_A,6,weekday,35,0.021951819513871856,43
_A,6,weekday,36,0.023608150715539806,43
_A,6,weekday,37,0.02493900101531854,43
_A,6,weekday,38,0.02609250814855032,43
_A,6,weekday,39,0.02718461226738664,43
_A,6,weekday,40,0.02745768268415435,43
_A,6,weekday,41,0.02740046586760432,43
_A,6,weekday,42,0.02713901916828094,43
_A,6,weekday,43,0.027135184500105367,43
_A,6,weekday,44,0.02675784248841198,43
_A,6,weekday,45,0.026009964675426142,43
_A,6,weekday,46,0.024875148822325218,43
_A,6,weekday,47,0.02331951680764444,43
_A,6,weekday,48,0.022604792310204916,43
_A,7,saturday,1,0.02438062855916269,8
_A,7,saturday,2,0.023866045899644143,8
_A,7,saturday,3,0.02318145277933729,8
_A,7,saturday,4,0.022945683242332385,8
_A,7,saturday,5,0.022324243252031646,8
_A,7,saturday,6,0.021466400503808686,8
_A,7,saturday,7,0.020927609440684867,8
_A,7,saturday,8,0.020544640127997893,8
_A,7,saturday,9,0.02013168948743463,8
_A,7,saturday,10,0.019805851615291806,8
_A,7,saturday,11,0.019455276883783387,8
_A,7,saturday,12,0.01904949250703352,8
_A,7,saturday,13,0.019468631506401303,8
_A,7,saturday,14,0.019181933969357037,8
_A,7,saturday,15,0.019554626813305474,8
_A,7,saturday,16,0.019179747170113056,8
_A,7,saturday,17,0.019323258293669408,8
_A,7,saturday,18,0.018691248059864142,8
_A,7,saturday,19,0.01851841774799964,8
_A,7,saturday,20,0.018212870158432714,8
_A,7,saturday,21,0.017884247889079045,8
_A,7,saturday,22,0.01784140724120652,8
_A,7,saturday,23,0.017392735972867297,8
_A,7,saturday,24,0.01697489025650684,8
_A,7,saturday,25,0.016955340386692365,8
_A,7,saturday,26,0.017037396311729028,8
_A,7,saturday,27,0.016653347579038795,8
_A,7,saturday,28,0.01671426369580565,8
_A,7,saturday,29,0.016986892428004347,8
_A,7,saturday,30,0.017096847458655296,8
_A,7,saturday,31,0.01722544517493668,8
_A,7,saturday,32,0.01733513416940121,8
_A,7,saturday,33,0.017832915330060775,8
_A,7,saturday,34,0.019012613075716008,8
_A,7,saturday,35,0.02064780611922704,8
_A,7,saturday,36,0.022177379443156647,8
_A,7,saturday,37,0.02375836857582481,8
_A,7,saturday,38,0.02488338649585537,8
_A,7,saturday,39,0.025804001046726706,8
_A,7,saturday,40,0.02611105066911733,8
_A,7,saturday,41,0.02657068558287864,8
_A,7,saturday,42,0.026641041716527817,8
_A,7,saturday,43,0.026461930227449013,8
_A,7,saturday,44,0.026313415069555694,8
_A,7,saturday,45,0.02568548378141114,8
_A,7,saturday,46,0.024866626003086773,8
_A,7,saturday,47,0.02379519882931149,8
_A,7,saturday,48,0.023130401452485932,8
_A,7,sunday,1,0.024444998871198127,8
_A,7,sunday,2,0.023887572522639712,8
_A,7,sunday,3,0.02320092737386991,8
_A,7,sunday,4,0.02299676657841594,8
_A,7,sunday,5,0.022283975646795472,8
_A,7,sunday,6,0.02134310038682328,8
_A,7,sunday,7,0.02066165922397599,8
_A,7,sunday,8,0.020292987338208703,8
_A,7,sunday,9,0.020110423763266678,8
_A,7,sunday,10,0.019463611511176534,8
_A,7,sunday,11,0.019029912170689438,8
_A,7,sunday,12,0.018356869230522797,8
_A,7,sunday,13,0.018342256009283263,8
_A,7,sunday,14,0.01808900131102285,8
_A,7,sunday,15,0.01808136454710268,8
_A,7,sunday,16,0.017633039034470225,8
_A,7,sunday,17,0.017584758872962965,8
_A,7,sunday,18,0.016971019673634832,8
_A,7,sunday,19,0.016543731544647843,8
_A,7,sunday,20,0.01676302072181521,8
_A,7,sunday,21,0.01658412587548584,8
_A,7,sunday,22,0.016449092463225876,8
_A,7,sunday,23,0.01637523186513398,8
_A,7,sunday,24,0.0165890473224459,8
_A,7,sunday,25,0.016961604643662233,8
_A,7,sunday,26,0.01713439974466279,8
_A,7,sunday,27,0.017248629598911498,8
_A,7,sunday,28,0.01665804294870626,8
_A,7,sunday,29,0.016530632332875963,8
_A,7,sunday,30,0.01614640808045904,8
_A,7,sunday,31,0.016201381059438844,8
_A,7,sunday,32,0.016636015965327117,8
_A,7,sunday,33,0.017732677199855006,8
_A,7,sunday,34,0.019512996143701535,8
_A,7,sunday,35,0.021786880953076567,8
_A,7,sunday,36,0.02346648613440058,8
_A,7,sunday,37,0.025071182559265954,8
_A,7,sunday,38,0.02642106496400371,8
_A,7,sunday,39,0.027239720888903075,8
_A,7,sunday,40,0.0281627825136055,8
_A,7,sunday,41,0.028126740039503162,8
_A,7,sunday,42,0.02815340812416872,8
_A,7,sunday,43,0.028426646692316492,8
_A,7,sunday,44,0.02808989731565293,8
_A,7,sunday,45,0.027286402625949096,8
_A,7,sunday,46,0.026096694583779532,8
_A,7,sunday,47,0.02474679163608522,8
_A,7,sunday,48,0.02408401939287512,8
_A,7,weekday,1,0.022115781512400973,46
_A,7,weekday,2,0.021709046791224314,46
_A,7,weekday,3,0.021301294337612194,46
_A,7,weekday,4,0.02112575216049171,46
_A,7,weekday,5,0.020625372007078493,46
_A,7,weekday,6,0.01994555533534395,46
_A,7,weekday,7,0.019556531182029036,46
_A,7,weekday,8,0.01919134313679075,46
_A,7,weekday,9,0.018924008060322836,46
_A,7,weekday,10,0.018601047527800913,46
_A,7,weekday,11,0.01849940958620173,46
_A,7,weekday,12,0.018588125874559717,46
_A,7,weekday,13,0.01991492908805131,46
_A,7,weekday,14,0.020401766924128973,46
_A,7,weekday,15,0.02136701633197203,46
_A,7,weekday,16,0.02122213322335345,46
_A,7,weekday,17,0.021176322552145067,46
_A,7,weekday,18,0.02027615910342669,46
_A,7,weekday,19,0.019652039294732585,46
_A,7,weekday,20,0.01866103397441545,46
_A,7,weekday,21,0.017936457908811165,46
_A,7,weekday,22,0.017279639302384533,46
_A,7,weekday,23,0.016816629252091708,46
_A,7,weekday,24,0.016655359416086816,46
_A,7,weekday,25,0.016634245005251628,46
_A,7,weekday,26,0.01655449337002606,46
_A,7,weekday,27,0.016388128179257378,46
_A,7,weekday,28,0.016362778316712328,46
_A,7,weekday,29,0.01645055664646788,46
_A,7,weekday,30,0.01655769454362834,46
_A,7,weekday,31,0.016875180306455736,46
_A,7,weekday,32,0.017778863050022232,46
_A,7,weekday,33,0.0185651523263971,46
_A,7,weekday,34,0.020245290931917344,46
_A,7,weekday,35,0.0217744215085013,46
_A,7,weekday,36,0.023539597688710345,46
_A,7,weekday,37,0.02493916294930049,46
_A,7,weekday,38,0.026127027497463918,46
_A,7,weekday,39,0.02711220553209036,46
_A,7,weekday,40,0.027521307818626432,46
_A,7,weekday,41,0.027302572419832912,46
_A,7,weekday,42,0.027120391298022878,46
_A,7,weekday,43,0.027076732243683836,46
_A,7,weekday,44,0.026729220656606323,46
_A,7,weekday,45,0.025809205067629154,46
_A,7,weekday,46,0.024783362105565965,46
_A,7,weekday,47,0.023406236588449883,46
_A,7,weekday,48,0.02280342006592379,46
_A,8,saturday,1,0.024645491712493233,9
_A,8,saturday,2,0.0240861584231607,9
_A,8,saturday,3,0.02359174044060693,9
_A,8,saturday,4,0.023291134057379616,9
_A,8,saturday,5,0.022772355718665205,9
_A,8,saturday,6,0.021887596002069843,9
_A,8,saturday,7,0.02157387264887651,9
_A,8,saturday,8,0.021125568500086383,9
_A,8,saturday,9,0.020711304876819756,9
_A,8,saturday,10,0.02025524520510062,9
_A,8,saturday,11,0.020247710045646048,9
_A,8,saturday,12,0.01976670448197039,9
_A,8,saturday,13,0.020436529756457808,9
_A,8,saturday,14,0.020518792511628987,9
_A,8,saturday,15,0.020765657115079942,9
_A,8,saturday,16,0.02021014941843438,9
_A,8,saturday,17,0.019944602182068154,9
_A,8,saturday,18,0.019037804348027418,9
_A,8,saturday,19,0.017834739306756203,9
_A,8,saturday,20,0.016243644623740654,9
_A,8,saturday,21,0.015002603320750593,9
_A,8,saturday,22,0.014441361847773108,9
_A,8,saturday,23,0.014156220657967669,9
_A,8,saturday,24,0.014383621861583231,9
_A,8,saturday,25,0.014789079057871959,9
_A,8,saturday,26,0.015181503006997455,9
_A,8,saturday,27,0.014984429554470312,9
_A,8,saturday,28,0.014908545741201385,9
_A,8,saturday,29,0.01459097629810486,9
_A,8,saturday,30,0.014955096259615093,9
_A,8,saturday,31,0.015175216760521174,9
_A,8,saturday,32,0.01624902462232167,9
_A,8,saturday,33,0.017625838418490525,9
_A,8,saturday,34,0.019641363348147416,9
_A,8,saturday,35,0.022023008859045085,9
_A,8,saturday,36,0.024194782646432166,9
_A,8,saturday,37,0.025810224629842546,9
_A,8,saturday,38,0.026894580379023092,9
_A,8,saturday,39,0.027629694754246623,9
_A,8,saturday,40,0.027966224382018345,9
_A,8,saturday,41,0.028142358264397958,9
_A,8,saturday,42,0.028148504987791177,9
_A,8,saturday,43,0.027788978606378092,9
_A,8,saturday,44,0.02704616915861448,9
_A,8,saturday,45,0.026288199774307942,9
_A,8,saturday,46,0.0252765728988583,9
_A,8,saturday,47,0.02407610802032961,9
_A,8,saturday,48,0.02368291050782937,9
_A,8,sunday,1,0.024175824761252497,9
_A,8,sunday,2,0.02376902378283174,9
_A,8,sunday,3,0.023239563437220404,9
_A,8,sunday,4,0.023049292157942432,9
_A,8,sunday,5,0.022403657272761942,9
_A,8,sunday,6,0.02177528597476154,9
_A,8,sunday,7,0.020938773734143608,9
_A,8,sunday,8,0.020744298287725994,9
_A,8,sunday,9,0.020595644811851905,9
_A,8,sunday,10,0.02018333945399841,9
_A,8,sunday,11,0.019861065356142633,9
_A,8,sunday,12,0.0193867315204298,9
_A,8,sunday,13,0.019465913494361425,9
_A,8,sunday,14,0.01909603180431448,9
_A,8,sunday,15,0.019127370893204404,9
_A,8,sunday,16,0.018407304330969366,9
_A,8,sunday,17,0.017937327932579315,9
_A,8,sunday,18,0.016985335968156406,9
_A,8,sunday,19,0.01648372751904786,9
_A,8,sunday,20,0.015250073171827163,9
_A,8,sunday,21,0.014061026448488941,9
_A,8,sunday,22,0.013068835682509224,9
_A,8,sunday,23,0.012707776386548277,9
_A,8,sunday,24,0.012539218167367923,9
_A,8,sunday,25,0.01330166027537101,9
_A,8,sunday,26,0.014044956724810978,9
_A,8,sunday,27,0.01451794537528982,9
_A,8,sunday,28,0.014890292082718257,9
_A,8,sunday,29,0.01518348529627048,9
_A,8,sunday,30,0.015635667130500307,9
_A,8,sunday,31,0.015716419840489285,9
_A,8,sunday,32,0.017110430177300698,9
_A,8,sunday,33,0.019064567750626205,9
_A,8,sunday,34,0.021088496137325535,9
_A,8,sunday,35,0.023367046594676335,9
_A,8,sunday,36,0.02523962486634891,9
_A,8,sunday,37,0.0273345170385237,9
_A,8,sunday,38,0.028759131918536025,9
_A,8,sunday,39,0.02938969674603719,9
_A,8,sunday,40,0.02971671321169471,9
_A,8,sunday,41,0.02993260397247253,9
_A,8,sunday,42,0.029655510587062242,9
_A,8,sunday,43,0.02960443048466771,9
_A,8,sunday,44,0.02862752094780271,9
_A,8,sunday,45,0.027208445521731926,9
_A,8,sunday,46,0.02620682531975469,9
_A,8,sunday,47,0.02484348181515648,9
_A,8,sunday,48,0.024308087834394566,9
_A,8,weekday,1,0.02162664329919533,40
_A,8,weekday,2,0.02123197272852896,40
_A,8,weekday,3,0.021017186073146798,40
_A,8,weekday,4,0.020762060026824746,40
_A,8,weekday,5,0.020391754655007473,40
_A,8,weekday,6,0.019761990647699443,40
_A,8,weekday,7,0.019260528627645136,40
_A,8,weekday,8,0.01898448843483813,40
_A,8,weekday,9,0.018662398332447785,40
_A,8,weekday,10,0.018581633360942592,40
_A,8,weekday,11,0.01859812957005717,40
_A,8,weekday,12,0.018725761799674688,40
_A,8,weekday,13,0.019866690545230877,40
_A,8,weekday,14,0.020346677946811387,40
_A,8,weekday,15,0.02132519298298913,40
_A,8,weekday,16,0.02132060835836975,40
_A,8,weekday,17,0.021375660033646944,40
_A,8,weekday,18,0.020556062313102138,40
_A,8,weekday,19,0.019874917107203544,40
_A,8,weekday,20,0.018701087474133737,40
_A,8,weekday,21,0.017917225003086228,40
_A,8,weekday,22,0.0173076345231779,40
_A,8,weekday,23,0.016898021981463236,40
_A,8,weekday,24,0.01662670190427858,40
_A,8,weekday,25,0.016661464659672193,40
_A,8,weekday,26,0.016421253799062823,40
_A,8,weekday,27,0.016052690577118778,40
_A,8,weekday,28,0.015974450081129247,40
_A,8,weekday,29,0.01619855214533502,40
_A,8,weekday,30,0.016411217820462662,40
_A,8,weekday,31,0.016837923734462232,40
_A,8,weekday,32,0.017916419563889778,40
_A,8,weekday,33,0.018714272154869423,40
_A,8,weekday,34,0.020600236814466714,40
_A,8,weekday,35,0.02248168118859227,40
_A,8,weekday,36,0.024431581352452398,40
_A,8,weekday,37,0.025665552638436583,40
_A,8,weekday,38,0.026823889226943898,40
_A,8,weekday,39,0.027583442510161982,40
_A,8,weekday,40,0.02780995838575323,40
_A,8,weekday,41,0.027893103058474894,40
_A,8,weekday,42,0.027670693587374746,40
_A,8,weekday,43,0.027253191122444963,40
_A,8,weekday,44,0.02644915923927777,40
_A,8,weekday,45,0.02530294034752844,40
_A,8,weekday,46,0.0241367366311225,40
_A,8,weekday,47,0.022873663712782315,40
_A,8,weekday,48,0.022114897918683436,40
_A,9,saturday,1,0.022002119228965795,4
_A,9,saturday,2,0.021532864339696076,4
_A,9,saturday,3,0.021404326627571284,4
_A,9,saturday,4,0.021240783979936836,4
_A,9,saturday,5,0.02059000861123297,4
_A,9,saturday,6,0.01976933608849242,4
_A,9,saturday,7,0.019364401940798078,4
_A,9,saturday,8,0.018861139529053966,4
_A,9,saturday,9,0.018657755399354353,4
_A,9,saturday,10,0.018521304591975794,4
_A,9,saturday,11,0.018391137470743897,4
_A,9,saturday,12,0.018673103253188484,4
_A,9,saturday,13,0.01958877343126913,4
_A,9,saturday,14,0.01992212391447829,4
_A,9,saturday,15,0.020725887144814742,4
_A,9,saturday,16,0.020914198485951718,4
_A,9,saturday,17,0.02101341630894375,4
_A,9,saturday,18,0.02078733215021371,4
_A,9,saturday,19,0.020537442651057957,4
_A,9,saturday,20,0.01962035637679725,4
_A,9,saturday,21,0.019269075128105086,4
_A,9,saturday,22,0.017800388733649673,4
_A,9,saturday,23,0.01744484874400167,4
_A,9,saturday,24,0.0167733380913492,4
_A,9,saturday,25,0.016502252845522005,4
_A,9,saturday,26,0.016216981532381665,4
_A,9,saturday,27,0.016794290380214537,4
_A,9,saturday,28,0.016984676400994863,4
_A,9,saturday,29,0.01748621748952159,4
_A,9,saturday,30,0.01792188095920312,4
_A,9,saturday,31,0.017875358914002132,4
_A,9,saturday,32,0.01857020260702843,4
_A,9,saturday,33,0.01947639151825702,4
_A,9,saturday,34,0.0213993395038255,4
_A,9,saturday,35,0.023101273723639508,4
_A,9,saturday,36,0.025078480661165355,4
_A,9,saturday,37,0.026451953475978243,4
_A,9,saturday,38,0.02743810903438388,4
_A,9,saturday,39,0.027970908024349823,4
_A,9,saturday,40,0.0278372956984533,4
_A,9,saturday,41,0.027063042563965793,4
_A,9,saturday,42,0.02630902350590675,4
_A,9,saturday,43,0.025499422886589344,4
_A,9,saturday,44,0.02445121003227996,4
_A,9,saturday,45,0.023221390566268804,4
_A,9,saturday,46,0.02213799030274139,4
_A,9,saturday,47,0.020772372461612093,4
_A,9,saturday,48,0.020034472690072743,4
_A,9,sunday,1,0.0195800939778353,4
_A,9,sunday,2,0.019311489041494493,4
_A,9,sunday,3,0.019187657295614745,4
_A,9,sunday,4,0.018791787347379223,4
_A,9,sunday,5,0.018293630601993044,4
_A,9,sunday,6,0.017587310189163166,4
_A,9,sunday,7,0.017453094794201734,4
_A,9,sunday,8,0.01716338285553404,4
_A,9,sunday,9,0.0165576829484281,4
_A,9,sunday,10,0.01633312630085077,4
_A,9,sunday,11,0.016520777477775916,4
_A,9,sunday,12,0.016903805139073504,4
_A,9,sunday,13,0.017508188181480935,4
_A,9,sunday,14,0.017583018752225753,4
_A,9,sunday,15,0.017946141048632888,4
_A,9,sunday,16,0.01781220314633263,4
_A,9,sunday,17,0.018282207212970837,4
_A,9,sunday,18,0.017622959913804984,4
_A,9,sunday,19,0.01743219679469194,4
_A,9,sunday,20,0.016778588336916887,4
_A,9,sunday,21,0.016416092970401336,4
_A,9,sunday,22,0.015870316650789744,4
_A,9,sunday,23,0.015961634362266122,4
_A,9,sunday,24,0.01660341073143803,4
_A,9,sunday,25,0.01784852810215711,4
_A,9,sunday,26,0.018550194827648483,4
_A,9,sunday,27,0.01850858069375463,4
_A,9,sunday,28,0.019380815274059385,4
_A,9,sunday,29,0.020239348100950953,4
_A,9,sunday,30,0.021153716537115834,4
_A,9,sunday,31,0.02238914837147013,4
_A,9,sunday,32,0.02314941082466615,4
_A,9,sunday,33,0.02472390267051539,4
_A,9,sunday,34,0.026164226732252223,4
_A,9,sunday,35,0.027133305993075382,4
_A,9,sunday,36,0.028763367961613114,4
_A,9,sunday,37,0.02966837770605829,4
_A,9,sunday,38,0.029438702747515547,4
_A,9,sunday,39,0.02917152274640002,4
_A,9,sunday,40,0.02892886050284918,4
_A,9,sunday,41,0.02841357044471027,4
_A,9,sunday,42,0.027060597247226127,4
_A,9,sunday,43,0.02641136717628654,4
_A,9,sunday,44,0.02517172242427483,4
_A,9,sunday,45,0.02386529464568203,4
_A,9,sunday,46,0.022657836841701116,4
_A,9,sunday,47,0.020986639914412433,4
_A,9,sunday,48,0.020720165442308692,4
_A,9,weekday,1,0.01941279701208464,22
_A,9,weekday,2,0.0189614930608123,22
_A,9,weekday,3,0.018861485275820152,22
_A,9,weekday,4,0.018782816223951868,22
_A,9,weekday,5,0.018444377139674215,22
_A,9,weekday,6,0.01791483476657418,22
_A,9,weekday,7,0.017587503618846864,22
_A,9,weekday,8,0.017268101710968743,22
_A,9,weekday,9,0.017116938973784242,22
_A,9,weekday,10,0.017208596646662914,22
_A,9,weekday,11,0.01759235872136008,22
_A,9,weekday,12,0.01829849157988975,22
_A,9,weekday,13,0.020304734753013146,22
_A,9,weekday,14,0.021814775226329148,22
_A,9,weekday,15,0.02312742324449424,22
_A,9,weekday,16,0.023374875918343817,22
_A,9,weekday,17,0.023162231154448588,22
_A,9,weekday,18,0.02189469790366922,22
_A,9,weekday,19,0.021124941950015495,22
_A,9,weekday,20,0.019733749932401765,22
_A,9,weekday,21,0.018366946931977768,22
_A,9,weekday,22,0.017304947266783926,22
_A,9,weekday,23,0.016830286164523024,22
_A,9,weekday,24,0.016591423937637496,22
_A,9,weekday,25,0.016765606797240293,22
_A,9,weekday,26,0.016791752866024648,22
_A,9,weekday,27,0.016833793874889893,22
_A,9,weekday,28,0.016724049731333904,22
_A,9,weekday,29,0.01681463763887469,22
_A,9,weekday,30,0.017144530048080007,22
_A,9,weekday,31,0.017614104637323515,22
_A,9,weekday,32,0.01882154008346346,22
_A,9,weekday,33,0.02018528799875147,22
_A,9,weekday,34,0.022280251648581797,22
_A,9,weekday,35,0.024467579839473116,22
_A,9,weekday,36,0.02635942151518572,22
_A,9,weekday,37,0.027580631343357098,22
_A,9,weekday,38,0.02830031474860488,22
_A,9,weekday,39,0.028878609657307173,22
_A,9,weekday,40,0.02868157812024222,22
_A,9,weekday,41,0.028561616377665713,22
_A,9,weekday,42,0.027496794131381855,22
_A,9,weekday,43,0.026346953533594633,22
_A,9,weekday,44,0.025203456327431414,22
_A,9,weekday,45,0.023658990525354917,22
_A,9,weekday,46,0.022328022333248855,22
_A,9,weekday,47,0.020833443913626928,22
_A,9,weekday,48,0.020246203194894227,22
_A,10,saturday,1,0.019335152030347427,4
_A,10,saturday,2,0.018973272409364403,4
_A,10,saturday,3,0.019173423368189894,4
_A,10,saturday,4,0.019193903481152005,4
_A,10,saturday,5,0.018758654019496213,4
_A,10,saturday,6,0.018097029592442044,4
_A,10,saturday,7,0.01731701336858077,4
_A,10,saturday,8,0.016845479063941668,4
_A,10,saturday,9,0.016737097744382826,4
_A,10,saturday,10,0.01627997520746226,4
_A,10,saturday,11,0.01606580872720683,4
_A,10,saturday,12,0.016007537781116882,4
_A,10,saturday,13,0.01678338904831568,4
_A,10,saturday,14,0.017830979743751522,4
_A,10,saturday,15,0.018981706968667272,4
_A,10,saturday,16,0.019601729337290395,4
_A,10,saturday,17,0.020851480533026906,4
_A,10,saturday,18,0.020824504028546808,4
_A,10,saturday,19,0.02098450656968441,4
_A,10,saturday,20,0.020266801795039008,4
_A,10,saturday,21,0.020125571494414237,4
_A,10,saturday,22,0.019508192098334643,4
_A,10,saturday,23,0.01900669652612612,4
_A,10,saturday,24,0.01894411748633986,4
_A,10,saturday,25,0.020177535530455454,4
_A,10,saturday,26,0.020437968831040015,4
_A,10,saturday,27,0.020893484099190403,4
_A,10,saturday,28,0.021369811468239498,4
_A,10,saturday,29,0.02124443041760408,4
_A,10,saturday,30,0.02092441664514018,4
_A,10,saturday,31,0.020854363138363256,4
_A,10,saturday,32,0.021169978543655054,4
_A,10,saturday,33,0.021968749009898172,4
_A,10,saturday,34,0.02368184165136231,4
_A,10,saturday,35,0.025517870154604223,4
_A,10,saturday,36,0.026825628383801134,4
_A,10,saturday,37,0.027872204463931405,4
_A,10,saturday,38,0.027779406600681095,4
_A,10,saturday,39,0.027386517427604132,4
_A,10,saturday,40,0.026438716333920233,4
_A,10,saturday,41,0.025648074280961913,4
_A,10,saturday,42,0.025277028278412154,4
_A,10,saturday,43,0.023991988915698072,4
_A,10,saturday,44,0.023316994254478588,4
_A,10,saturday,45,0.021980423675912908,4
_A,10,saturday,46,0.020679599125866335,4
_A,10,saturday,47,0.019405898005672807,4
_A,10,saturday,48,0.018663048340286453,4
_A,10,sunday,1,0.01772860670760938,4
_A,10,sunday,2,0.01752698166335542,4
_A,10,sunday,3,0.01748750308587515,4
_A,10,sunday,4,0.017653676934819885,4
_A,10,sunday,5,0.017329918674354874,4
_A,10,sunday,6,0.016904507871484137,4
_A,10,sunday,7,0.016574969394685075,4
_A,10,sunday,8,0.016059300587146136,4
_A,10,sunday,9,0.015781001470430156,4
_A,10,sunday,10,0.015437488522577689,4
_A,10,sunday,11,0.015308579696309443,4
_A,10,sunday,12,0.015321658070102615,4
_A,10,sunday,13,0.015906334516303234,4
_A,10,sunday,14,0.01639889700696816,4
_A,10,sunday,15,0.017321596828727664,4
_A,10,sunday,16,0.018051087944189657,4
_A,10,sunday,17,0.01906541046925526,4
_A,10,sunday,18,0.018902771731263573,4
_A,10,sunday,19,0.018562841712996186,4
_A,10,sunday,20,0.01791915683987798,4
_A,10,sunday,21,0.017424808541199013,4
_A,10,sunday,22,0.01667758468372656,4
_A,10,sunday,23,0.0165612586614761,4
_A,10,sunday,24,0.016932590054209738,4
_A,10,sunday,25,0.017545759273222137,4
_A,10,sunday,26,0.01854924998223853,4
_A,10,sunday,27,0.01962729368433556,4
_A,10,sunday,28,0.02024054685339228,4
_A,10,sunday,29,0.021276235095571278,4
_A,10,sunday,30,0.021826619984473737,4
_A,10,sunday,31,0.022012129402958137,4
_A,10,sunday,32,0.023220956334321502,4
_A,10,sunday,33,0.024737929131657982,4
_A,10,sunday,34,0.025883203261212722,4
_A,10,sunday,35,0.027562842347995522,4
_A,10,sunday,36,0.028439983437451397,4
_A,10,sunday,37,0.02859948427602317,4
_A,10,sunday,38,0.028579758798633934,4
_A,10,sunday,39,0.027583951887084776,4
_A,10,sunday,40,0.026723326715918202,4
_A,10,sunday,41,0.025598858082605654,4
_A,10,sunday,42,0.02449144170083145,4
_A,10,sunday,43,0.023739737399065233,4
_A,10,sunday,44,0.023090895113704737,4
_A,10,sunday,45,0.021603209185348127,4
_A,10,sunday,46,0.020224746686724228,4
_A,10,sunday,47,0.01892680679999589,4
_A,10,sunday,48,0.01840738430261373,4
_A,10,sunday,49,0.01662541718521849,1
_A,10,sunday,50,0.016043701408458583,1
_A,10,weekday,1,0.017192217465200835,23
_A,10,weekday,2,0.017139371809491984,23
_A,10,weekday,3,0.017080654874673997,23
_A,10,weekday,4,0.01708038324386859,23
_A,10,weekday,5,0.01685673070978457,23
_A,10,weekday,6,0.01620507972475395,23
_A,10,weekday,7,0.01583303486418303,23
_A,10,weekday,8,0.015483560065546272,23
_A,10,weekday,9,0.015310210271733442,23
_A,10,weekday,10,0.015187373869913354,23
_A,10,weekday,11,0.01558288074395046,23
_A,10,weekday,12,0.01635966721720852,23
_A,10,weekday,13,0.0183855413606791,23
_A,10,weekday,14,0.019966136994300193,23
_A,10,weekday,15,0.021511127173684162,23
_A,10,weekday,16,0.022431455026857047,23
_A,10,weekday,17,0.02299777398217096,23
_A,10,weekday,18,0.02257085263643884,23
_A,10,weekday,19,0.022594340818446024,23
_A,10,weekday,20,0.021936729643238007,23
_A,10,weekday,21,0.021483138124054876,23
_A,10,weekday,22,0.0208502856201791,23
_A,10,weekday,23,0.020670515548334604,23
_A,10,weekday,24,0.020504146931006238,23
_A,10,weekday,25,0.02070514119351044,23
_A,10,weekday,26,0.020815080799896628,23
_A,10,weekday,27,0.020871953580980387,23
_A,10,weekday,28,0.020852212439660962,23
_A,10,weekday,29,0.021145438883578265,23
_A,10,weekday,30,0.021306785576192595,23
_A,10,weekday,31,0.021465269598984895,23
_A,10,weekday,32,0.02237352234519548,23
_A,10,weekday,33,0.023317272003418866,23
_A,10,weekday,34,0.024608756420884056,23
_A,10,weekday,35,0.026005498944090506,23
_A,10,weekday,36,0.026630855929600853,23
_A,10,weekday,37,0.027270715751708585,23
_A,10,weekday,38,0.02702662214889123,23
_A,10,weekday,39,0.026934277716817084,23
_A,10,weekday,40,0.026178342391240766,23
_A,10,weekday,41,0.025220375781211966,23
_A,10,weekday,42,0.024260813744609148,23
_A,10,weekday,43,0.023174960716567078,23
_A,10,weekday,44,0.022207895065052673,23
_A,10,weekday,45,0.02102725477613031,23
_A,10,weekday,46,0.019629518349573306,23
_A,10,weekday,47,0.018260341102806023,23
_A,10,weekday,48,0.017497886019699736,23
_A,11,saturday,1,0.018474672295586025,5
_A,11,saturday,2,0.01969954069679012,5
_A,11,saturday,3,0.018819659986330915,5
_A,11,saturday,4,0.01818198546062266,5
_A,11,saturday,5,0.0179345011798648,5
_A,11,saturday,6,0.0170231458602971,5
_A,11,saturday,7,0.016436987212522347,5
_A,11,saturday,8,0.015988310478356905,5
_A,11,saturday,9,0.015788674549222607,5
_A,11,saturday,10,0.01546902629981899,5
_A,11,saturday,11,0.015429823812866752,5
_A,11,saturday,12,0.015566307385349884,5
_A,11,saturday,13,0.01664776912790168,5
_A,11,saturday,14,0.017262659060072204,5
_A,11,saturday,15,0.018384468157251567,5
_A,11,saturday,16,0.01903538591910356,5
_A,11,saturday,17,0.020093442781457378,5
_A,11,saturday,18,0.020372463885950938,5
_A,11,saturday,19,0.02072866241790274,5
_A,11,saturday,20,0.020671529204031893,5
_A,11,saturday,21,0.020451157678920466,5
_A,11,saturday,22,0.020395151092634938,5
_A,11,saturday,23,0.020489049508960556,5
_A,11,saturday,24,0.0208106985733031,5
_A,11,saturday,25,0.0209869484174287,5
_A,11,saturday,26,0.021157611143414398,5
_A,11,saturday,27,0.021847995235382053,5
_A,11,saturday,28,0.021652079541585486,5
_A,11,saturday,29,0.022167126966489724,5
_A,11,saturday,30,0.02273650421797143,5
_A,11,saturday,31,0.023484918337994674,5
_A,11,saturday,32,0.02425550400136577,5
_A,11,saturday,33,0.02555372393526757,5
_A,11,saturday,34,0.026631656265359516,5
_A,11,saturday,35,0.027496892286893303,5
_A,11,saturday,36,0.027541412621857393,5
_A,11,saturday,37,0.027352593499453216,5
_A,11,saturday,38,0.02664839811752422,5
_A,11,saturday,39,0.025908597012006197,5
_A,11,saturday,40,0.025393392120117063,5
_A,11,saturday,41,0.02445206226339324,5
_A,11,saturday,42,0.023490779556748692,5
_A,11,saturday,43,0.022316744059499842,5
_A,11,saturday,44,0.021558509139576326,5
_A,11,saturday,45,0.020678149099111576,5
_A,11,saturday,46,0.019742472300998643,5
_A,11,saturday,47,0.018778065069314204,5
_A,11,saturday,48,0.018012792166126602,5
_A,11,sunday,1,0.018687793622594075,5
_A,11,sunday,2,0.019715929184980125,5
_A,11,sunday,3,0.018914269162660025,5
_A,11,sunday,4,0.01827942011641939,5
_A,11,sunday,5,0.017985827286649485,5
_A,11,sunday,6,0.017426013329674576,5
_A,11,sunday,7,0.01668260391060277,5
_A,11,sunday,8,0.016288142341581425,5
_A,11,sunday,9,0.015916844989125618,5
_A,11,sunday,10,0.015843658735441257,5
_A,11,sunday,11,0.01565379594832874,5
_A,11,sunday,12,0.015354059775016993,5
_A,11,sunday,13,0.016036141323238096,5
_A,11,sunday,14,0.016695551581305874,5
_A,11,sunday,15,0.017571962544319586,5
_A,11,sunday,16,0.01821488641034022,5
_A,11,sunday,17,0.01892486519609258,5
_A,11,sunday,18,0.0194784854164528,5
_A,11,sunday,19,0.01983103566702358,5
_A,11,sunday,20,0.019600633217705672,5
_A,11,sunday,21,0.019382456787723323,5
_A,11,sunday,22,0.01861705302359248,5
_A,11,sunday,23,0.018719854827096004,5
_A,11,sunday,24,0.018589906718496408,5
_A,11,sunday,25,0.019045784193622455,5
_A,11,sunday,26,0.01946548954169993,5
_A,11,sunday,27,0.019991409579603995,5
_A,11,sunday,28,0.020816294301257553,5
_A,11,sunday,29,0.02181504353900885,5
_A,11,sunday,30,0.022805747346968157,5
_A,11,sunday,31,0.024207961310785103,5
_A,11,sunday,32,0.025651415875179988,5
_A,11,sunday,33,0.027484105919960988,5
_A,11,sunday,34,0.02877004230454285,5
_A,11,sunday,35,0.02958445164651921,5
_A,11,sunday,36,0.029694590387009046,5
_A,11,sunday,37,0.028944435743472264,5
_A,11,sunday,38,0.027965671598902824,5
_A,11,sunday,39,0.027394954091697427,5
_A,11,sunday,40,0.026565368431232396,5
_A,11,sunday,41,0.0254560481325601,5
_A,11,sunday,42,0.02460303998966107,5
_A,11,sunday,43,0.023370705086401506,5
_A,11,sunday,44,0.02201854546232056,5
_A,11,sunday,45,0.02076161562929945,5
_A,11,sunday,46,0.019525993273250986,5
_A,11,sunday,47,0.018165092408275137,5
_A,11,sunday,48,0.01748500309030714,5
_A,11,weekday,1,0.01690354233461456,20
_A,11,weekday,2,0.01757016232421042,20
_A,11,weekday,3,0.017204798054328972,20
_A,11,weekday,4,0.01663772503524291,20
_A,11,weekday,5,0.01641072152483284,20
_A,11,weekday,6,0.016003109660496565,20
_A,11,weekday,7,0.015575307425529265,20
_A,11,weekday,8,0.015172562144872673,20
_A,11,weekday,9,0.014904782711269948,20
_A,11,weekday,10,0.014834930202132049,20
_A,11,weekday,11,0.015089078912144466,20
_A,11,weekday,12,0.01582288806142553,20
_A,11,weekday,13,0.0178296409165796,20
_A,11,weekday,14,0.01954967651952284,20
_A,11,weekday,15,0.021260094709928963,20
_A,11,weekday,16,0.022064645030544366,20
_A,11,weekday,17,0.02265650279843052,20
_A,11,weekday,18,0.02243407922101611,20
_A,11,weekday,19,0.022727257092401254,20
_A,11,weekday,20,0.02228892627200698,20
_A,11,weekday,21,0.021713375156993522,20
_A,11,weekday,22,0.021479843902967415,20
_A,11,weekday,23,0.021213355812974653,20
_A,11,weekday,24,0.021149991332459112,20
_A,11,weekday,25,0.021329013128853946,20
_A,11,weekday,26,0.021527369550559103,20
_A,11,weekday,27,0.021860569635204788,20
_A,11,weekday,28,0.02201914378416189,20
_A,11,weekday,29,0.02226881472596614,20
_A,11,weekday,30,0.022721795037539357,20
_A,11,weekday,31,0.02342477930081943,20
_A,11,weekday,32,0.024393220894266633,20
_A,11,weekday,33,0.025222771942038407,20
_A,11,weekday,34,0.026195235784571225,20
_A,11,weekday,35,0.02656394525802222,20
_A,11,weekday,36,0.026692460952123492,20
_A,11,weekday,37,0.026766796695953277,20
_A,11,weekday,38,0.026327455403691375,20
_A,11,weekday,39,0.025998375349387037,20
_A,11,weekday,40,0.02518977432342089,20
_A,11,weekday,41,0.024256151007505375,20
_A,11,weekday,42,0.02321946161830262,20
_A,11,weekday,43,0.022151231543069267,20
_A,11,weekday,44,0.020901826249705525,20
_A,11,weekday,45,0.019816686955218488,20
_A,11,weekday,46,0.01859887450435539,20
_A,11,weekday,47,0.01733754542468424,20
_A,11,weekday,48,0.01671970377365436,20
_A,12,saturday,1,0.01881050959051987,4
_A,12,saturday,2,0.019712383595875637,4
_A,12,saturday,3,0.01947707338295379,4
_A,12,saturday,4,0.018893931600175308,4
_A,12,saturday,5,0.01850144287421772,4
_A,12,saturday,6,0.01787322629765743,4
_A,12,saturday,7,0.017223750160677093,4
_A,12,saturday,8,0.016685834463498767,4
_A,12,saturday,9,0.016408868508609467,4
_A,12,saturday,10,0.016342704308315616,4
_A,12,saturday,11,0.016145657452563585,4
_A,12,saturday,12,0.016134891038277123,4
_A,12,saturday,13,0.017055954753415023,4
_A,12,saturday,14,0.01771052851217426,4
_A,12,saturday,15,0.01858711113518533,4
_A,12,saturday,16,0.019118385791929413,4
_A,12,saturday,17,0.02050133495426122,4
_A,12,saturday,18,0.021356160587953605,4
_A,12,saturday,19,0.02162154488912984,4
_A,12,saturday,20,0.021062438471727386,4
_A,12,saturday,21,0.02070302977962589,4
_A,12,saturday,22,0.02058057005956726,4
_A,12,saturday,23,0.0205281630052167,4
_A,12,saturday,24,0.02042268304655392,4
_A,12,saturday,25,0.020649663220234656,4
_A,12,saturday,26,0.020851881154235433,4
_A,12,saturday,27,0.02123714088608215,4
_A,12,saturday,28,0.02181438703678737,4
_A,12,saturday,29,0.022240505617355348,4
_A,12,saturday,30,0.022709398090771563,4
_A,12,saturday,31,0.023400172720284457,4
_A,12,saturday,32,0.02427605110537966,4
_A,12,saturday,33,0.02540708283179308,4
_A,12,saturday,34,0.02612450698451357,4
_A,12,saturday,35,0.02662996607950542,4
_A,12,saturday,36,0.026663638763833746,4
_A,12,saturday,37,0.026364159282421737,4
_A,12,saturday,38,0.02565298907029502,4
_A,12,saturday,39,0.02518264432279363,4
_A,12,saturday,40,0.024397992070565287,4
_A,12,saturday,41,0.02379798563699521,4
_A,12,saturday,42,0.022968013129040826,4
_A,12,saturday,43,0.022057535586684898,4
_A,12,saturday,44,0.021160303984374147,4
_A,12,saturday,45,0.02010155275005883,4
_A,12,saturday,46,0.01932745453526252,4
_A,12,saturday,47,0.018079497035561495,4
_A,12,saturday,48,0.017447299845088717,4
_A,12,sunday,1,0.01837252202989998,4
_A,12,sunday,2,0.01930368279671667,4
_A,12,sunday,3,0.018807569760132748,4
_A,12,sunday,4,0.01838696593234209,4
_A,12,sunday,5,0.017988565786289577,4
_A,12,sunday,6,0.017255815734628435,4
_A,12,sunday,7,0.016635320249372598,4
_A,12,sunday,8,0.016148292907144327,4
_A,12,sunday,9,0.01589360679763134,4
_A,12,sunday,10,0.015428653978519065,4
_A,12,sunday,11,0.015262992394509563,4
_A,12,sunday,12,0.015073660917494586,4
_A,12,sunday,13,0.01581404494334838,4
_A,12,sunday,14,0.016321661302089386,4
_A,12,sunday,15,0.016997957399006218,4
_A,12,sunday,16,0.017635068518647393,4
_A,12,sunday,17,0.018671502212706022,4
_A,12,sunday,18,0.01958847583801932,4
_A,12,sunday,19,0.020517114147616665,4
_A,12,sunday,20,0.021185395874062263,4
_A,12,sunday,21,0.02157872153247916,4
_A,12,sunday,22,0.02154633376174893,4
_A,12,sunday,23,0.02202988937732495,4
_A,12,sunday,24,0.022217059001263355,4
_A,12,sunday,25,0.02277482907751712,4
_A,12,sunday,26,0.02308936467700836,4
_A,12,sunday,27,0.023350826624610868,4
_A,12,sunday,28,0.023279713512541926,4
_A,12,sunday,29,0.02355217043087511,4
_A,12,sunday,30,0.023865421917670954,4
_A,12,sunday,31,0.024403311968468143,4
_A,12,sunday,32,0.025294949334218667,4
_A,12,sunday,33,0.02639741599790566,4
_A,12,sunday,34,0.02681933892422963,4
_A,12,sunday,35,0.027105067102055288,4
_A,12,sunday,36,0.027094128265516257,4
_A,12,sunday,37,0.02683321653941908,4
_A,12,sunday,38,0.026150979844168223,4
_A,12,sunday,39,0.025168725218907215,4
_A,12,sunday,40,0.024205897386512562,4
_A,12,sunday,41,0.023656229175855102,4
_A,12,sunday,42,0.022790572033032103,4
_A,12,sunday,43,0.02182638239192685,4
_A,12,sunday,44,0.020953594048740018,4
_A,12,sunday,45,0.0198912340263305,4
_A,12,sunday,46,0.01852981201874114,4
_A,12,sunday,47,0.017357878499408015,4
_A,12,sunday,48,0.016948067791348182,4
_A,12,weekday,1,0.01721424925184908,23
_A,12,weekday,2,0.01811610245936525,23
_A,12,weekday,3,0.017830809281801762,23
_A,12,weekday,4,0.017330106414951238,23
_A,12,weekday,5,0.016983637564522366,23
_A,12,weekday,6,0.016382232479011775,23
_A,12,weekday,7,0.015939637519832798,23
_A,12,weekday,8,0.015570485728315653,23
_A,12,weekday,9,0.015207324546549838,23
_A,12,weekday,10,0.015021134384361723,23
_A,12,weekday,11,0.015214094415768004,23
_A,12,weekday,12,0.01571226995517513,23
_A,12,weekday,13,0.01744260802814845,23
_A,12,weekday,14,0.01879645100607346,23
_A,12,weekday,15,0.020302764427263864,23
_A,12,weekday,16,0.02118635641513452,23
_A,12,weekday,17,0.022128421145405558,23
_A,12,weekday,18,0.02238911422918537,23
_A,12,weekday,19,0.022752795677576175,23
_A,12,weekday,20,0.022493742785256076,23
_A,12,weekday,21,0.022255150882377454,23
_A,12,weekday,22,0.021941376234902155,23
_A,12,weekday,23,0.021704811673260504,23
_A,12,weekday,24,0.021605547767765753,23
_A,12,weekday,25,0.021783997485799067,23
_A,12,weekday,26,0.021962552544487795,23
_A,12,weekday,27,0.022324581338348547,23
_A,12,weekday,28,0.022472452214593396,23
_A,12,weekday,29,0.02282360711772839,23
_A,12,weekday,30,0.023274446983616127,23
_A,12,weekday,31,0.02378528379709959,23
_A,12,weekday,32,0.024568159072802142,23
_A,12,weekday,33,0.025121596123585062,23
_A,12,weekday,34,0.025672666183065223,23
_A,12,weekday,35,0.025881033475040525,23
_A,12,weekday,36,0.025897419464873336,23
_A,12,weekday,37,0.025737434147389274,23
_A,12,weekday,38,0.02528811291833335,23
_A,12,weekday,39,0.025105266035157208,23
_A,12,weekday,40,0.024419638255270656,23
_A,12,weekday,41,0.02371012709234429,23
_A,12,weekday,42,0.02291123496715578,23
_A,12,weekday,43,0.021762844176314557,23
_A,12,weekday,44,0.020881855632660352,23
_A,12,weekday,45,0.01986195031522407,23
_A,12,weekday,46,0.018752105299436026,23
_A,12,weekday,47,0.017530123983359108,23
_A,12,weekday,48,0.016950287102462172,23
_B,1,saturday,1,0.018308566167644647,9
_B,1,saturday,2,0.018908748553147846,9
_B,1,saturday,3,0.018966644543973638,9
_B,1,saturday,4,0.018892613081859588,9
_B,1,saturday,5,0.018697431933506013,9
_B,1,saturday,6,0.01836207281257369,9
_B,1,saturday,7,0.017924090559535623,9
_B,1,saturday,8,0.017501241066770683,9
_B,1,saturday,9,0.017231986731083875,9
_B,1,saturday,10,0.017012365174288516,9
_B,1,saturday,11,0.0166857764442197,9
_B,1,saturday,12,0.016860662441926702,9
_B,1,saturday,13,0.017370903663466993,9
_B,1,saturday,14,0.018217441779366673,9
_B,1,saturday,15,0.019141169580366324,9
_B,1,saturday,16,0.0200842835708998,9
_B,1,saturday,17,0.02126869904989125,9
_B,1,saturday,18,0.02158561202341387,9
_B,1,saturday,19,0.021854052304244073,9
_B,1,saturday,20,0.021474752847660976,9
_B,1,saturday,21,0.02099081594560608,9
_B,1,saturday,22,0.020480468691119948,9
_B,1,saturday,23,0.01968558998655695,9
_B,1,saturday,24,0.019300415082934542,9
_B,1,saturday,25,0.019242514616905678,9
_B,1,saturday,26,0.019450857478750916,9
_B,1,saturday,27,0.01979317776478696,9
_B,1,saturday,28,0.020600527359745862,9
_B,1,saturday,29,0.02127109702402938,9
_B,1,saturday,30,0.022373112206812703,9
_B,1,saturday,31,0.023082956727259064,9
_B,1,saturday,32,0.023798516421338855,9
_B,1,saturday,33,0.02486857056080537,9
_B,1,saturday,34,0.025780418480796912,9
_B,1,saturday,35,0.02646050598186355,9
_B,1,saturday,36,0.026433328211575874,9
_B,1,saturday,37,0.026428276634839553,9
_B,1,saturday,38,0.026053500835835023,9
_B,1,saturday,39,0.025404226357609458,9
_B,1,saturday,40,0.024942296770588148,9
_B,1,saturday,41,0.024411853274818148,9
_B,1,saturday,42,0.023416323596952685,9
_B,1,saturday,43,0.02243416995459459,9
_B,1,saturday,44,0.02158749541907031,9
_B,1,saturday,45,0.020398291687130386,9
_B,1,saturday,46,0.01922670218691373,9
_B,1,saturday,47,0.018170841547410926,9
_B,1,saturday,48,0.01756403486350796,9
_B,1,sunday,1,0.017310387324275887,8
_B,1,sunday,2,0.018012651229604496,8
_B,1,sunday,3,0.018082233163871163,8
_B,1,sunday,4,0.017823062655086246,8
_B,1,sunday,5,0.017320319383494365,8
_B,1,sunday,6,0.017077597695739643,8
_B,1,sunday,7,0.016591846876551363,8
_B,1,sunday,8,0.01642541752093963,8
_B,1,sunday,9,0.015970859651250488,8
_B,1,sunday,10,0.015817134789647892,8
_B,1,sunday,11,0.015554345340775827,8
_B,1,sunday,12,0.015552702391987777,8
_B,1,sunday,13,0.015908460353877846,8
_B,1,sunday,14,0.01654379906145202,8
_B,1,sunday,15,0.016993075210459743,8
_B,1,sunday,16,0.01758625136687699,8
_B,1,sunday,17,0.018581575871191035,8
_B,1,sunday,18,0.01937897131131248,8
_B,1,sunday,19,0.02048238792813217,8
_B,1,sunday,20,0.021128571233693362,8
_B,1,sunday,21,0.021652732488619673,8
_B,1,sunday,22,0.022043720905531597,8
_B,1,sunday,23,0.02256962754558921,8
_B,1,sunday,24,0.022699509423327702,8
_B,1,sunday,25,0.02346833449450457,8
_B,1,sunday,26,0.02385803436501458,8
_B,1,sunday,27,0.024078960026248427,8
_B,1,sunday,28,0.024409711432661067,8
_B,1,sunday,29,0.02448191476611923,8
_B,1,sunday,30,0.02494120808845931,8
_B,1,sunday,31,0.02518789545350154,8
_B,1,sunday,32,0.025673009317179477,8
_B,1,sunday,33,0.02604156540210782,8
_B,1,sunday,34,0.026295102400994242,8
_B,1,sunday,35,0.02665702660080334,8
_B,1,sunday,36,0.026527405531340635,8
_B,1,sunday,37,0.02619723208314043,8
_B,1,sunday,38,0.02587480108468048,8
_B,1,sunday,39,0.02495101569930828,8
_B,1,sunday,40,0.02436820288135857,8
_B,1,sunday,41,0.023501474803215967,8
_B,1,sunday,42,0.022637431764542207,8
_B,1,sunday,43,0.021380289375525753,8
_B,1,sunday,44,0.020393652039463514,8
_B,1,sunday,45,0.01932501123171011,8
_B,1,sunday,46,0.018294599807631467,8
_B,1,sunday,47,0.017404318934436683,8
_B,1,sunday,48,0.016944561692763694,8
_B,1,weekday,1,0.01643015378766773,45
_B,1,weekday,2,0.016962187680851785,45
_B,1,weekday,3,0.017112854468784282,45
_B,1,weekday,4,0.01686371459850899,45
_B,1,weekday,5,0.01657634623012042,45
_B,1,weekday,6,0.01636863302569877,45
_B,1,weekday,7,0.01589249529172742,45
_B,1,weekday,8,0.01561638220524277,45
_B,1,weekday,9,0.015322648068998721,45
_B,1,weekday,10,0.015352487094437407,45
_B,1,weekday,11,0.01536775049823668,45
_B,1,weekday,12,0.015942087960568282,45
_B,1,weekday,13,0.017593771491716488,45
_B,1,weekday,14,0.019389172002103827,45
_B,1,weekday,15,0.021250612708458447,45
_B,1,weekday,16,0.02222239922281475,45
_B,1,weekday,17,0.023165594528789052,45
_B,1,weekday,18,0.023408753797623454,45
_B,1,weekday,19,0.02393303415519953,45
_B,1,weekday,20,0.023705101405264713,45
_B,1,weekday,21,0.02331922257438873,45
_B,1,weekday,22,0.023009124381443088,45
_B,1,weekday,23,0.022771603933414018,45
_B,1,weekday,24,0.022475003821032975,45
_B,1,weekday,25,0.022526805868303586,45
_B,1,weekday,26,0.022448737946971865,45
_B,1,weekday,27,0.022518042499475033,45
_B,1,weekday,28,0.022616778634041435,45
_B,1,weekday,29,0.022720576288659255,45
_B,1,weekday,30,0.02307730573146523,45
_B,1,weekday,31,0.023573607474268097,45
_B,1,weekday,32,0.024296385023967002,45
_B,1,weekday,33,0.024576615529916745,45
_B,1,weekday,34,0.024938375894389297,45
_B,1,weekday,35,0.02518982395806857,45
_B,1,weekday,36,0.0250158855573979,45
_B,1,weekday,37,0.024848549279247012,45
_B,1,weekday,38,0.024725531279568086,45
_B,1,weekday,39,0.024515195115837694,45
_B,1,weekday,40,0.02388008670748344,45
_B,1,weekday,41,0.02329879247205921,45
_B,1,weekday,42,0.02252663492435294,45
_B,1,weekday,43,0.021444422231885977,45
_B,1,weekday,44,0.020424694944959264,45
_B,1,weekday,45,0.019117850752730856,45
_B,1,weekday,46,0.018113131222823136,45
_B,1,weekday,47,0.017063725212495322,45
_B,1,weekday,48,0.016491310516540687,45
_B,2,saturday,1,0.019311850928163017,8
_B,2,saturday,2,0.019791713911648204,8
_B,2,saturday,3,0.01990361756209994,8
_B,2,saturday,4,0.019697456073471994,8
_B,2,saturday,5,0.01947682974781873,8
_B,2,saturday,6,0.01911072940374807,8
_B,2,saturday,7,0.018541776309410007,8
_B,2,saturday,8,0.018131599826336695,8
_B,2,saturday,9,0.017785864795044612,8
_B,2,saturday,10,0.017624107127281276,8
_B,2,saturday,11,0.0170910755987854,8
_B,2,saturday,12,0.016979268479795362,8
_B,2,saturday,13,0.017936598236567666,8
_B,2,saturday,14,0.018616869284495904,8
_B,2,saturday,15,0.01970715962973374,8
_B,2,saturday,16,0.020147837013617248,8
_B,2,saturday,17,0.02093130616238855,8
_B,2,saturday,18,0.021135380806230994,8
_B,2,saturday,19,0.021621239460777625,8
_B,2,saturday,20,0.02154115100097757,8
_B,2,saturday,21,0.02127379954054894,8
_B,2,saturday,22,0.020965994077430238,8
_B,2,saturday,23,0.020419099186337886,8
_B,2,saturday,24,0.020298067942866316,8
_B,2,saturday,25,0.019750503709569732,8
_B,2,saturday,26,0.019845451766610556,8
_B,2,saturday,27,0.020128626187168198,8
_B,2,saturday,28,0.020374371932917634,8
_B,2,saturday,29,0.020571841841073732,8
_B,2,saturday,30,0.020958102163105393,8
_B,2,saturday,31,0.021579222727501308,8
_B,2,saturday,32,0.022517356412343287,8
_B,2,saturday,33,0.02321484686832153,8
_B,2,saturday,34,0.024382275591622593,8
_B,2,saturday,35,0.025615173837422792,8
_B,2,saturday,36,0.02603284045955696,8
_B,2,saturday,37,0.02593201998517195,8
_B,2,saturday,38,0.02593751368869698,8
_B,2,saturday,39,0.02531273538317057,8
_B,2,saturday,40,0.024743569895661705,8
_B,2,saturday,41,0.024150636309419077,8
_B,2,saturday,42,0.023277409339769017,8
_B,2,saturday,43,0.022175251933700367,8
_B,2,saturday,44,0.021134709586483964,8
_B,2,saturday,45,0.019802381430487206,8
_B,2,saturday,46,0.018879049243186275,8
_B,2,saturday,47,0.017921740637146234,8
_B,2,saturday,48,0.01772197696431696,8
_B,2,sunday,1,0.01857400902981285,8
_B,2,sunday,2,0.019199186421567472,8
_B,2,sunday,3,0.01913320107039218,8
_B,2,sunday,4,0.018857336774144286,8
_B,2,sunday,5,0.01834669539433917,8
_B,2,sunday,6,0.017943530899595803,8
_B,2,sunday,7,0.01716899914086581,8
_B,2,sunday,8,0.01688998148298661,8
_B,2,sunday,9,0.016708837331030527,8
_B,2,sunday,10,0.016329973330986933,8
_B,2,sunday,11,0.01599252049790524,8
_B,2,sunday,12,0.016096438883217892,8
_B,2,sunday,13,0.016625026772259393,8
_B,2,sunday,14,0.01702768184072043,8
_B,2,sunday,15,0.017768208586311826,8
_B,2,sunday,16,0.018315829672011837,8
_B,2,sunday,17,0.019194391344746594,8
_B,2,sunday,18,0.019826303367942135,8
_B,2,sunday,19,0.020149262561884377,8
_B,2,sunday,20,0.019756235118282627,8
_B,2,sunday,21,0.019816577311002965,8
_B,2,sunday,22,0.019826894213191434,8
_B,2,sunday,23,0.02032745552627454,8
_B,2,sunday,24,0.020588682900519652,8
_B,2,sunday,25,0.02078259812493236,8
_B,2,sunday,26,0.021033093457670744,8
_B,2,sunday,27,0.021587457933635503,8
_B,2,sunday,28,0.021657342566892238,8
_B,2,sunday,29,0.021871829664458237,8
_B,2,sunday,30,0.022371066670095443,8
_B,2,sunday,31,0.023130594896397492,8
_B,2,sunday,32,0.024448254446859302,8
_B,2,sunday,33,0.02576561393222461,8
_B,2,sunday,34,0.026609902394202585,8
_B,2,sunday,35,0.027620563012834498,8
_B,2,sunday,36,0.028075881058233578,8
_B,2,sunday,37,0.02758296149136499,8
_B,2,sunday,38,0.02720488226605203,8
_B,2,sunday,39,0.02654766866819329,8
_B,2,sunday,40,0.025747570995117902,8
_B,2,sunday,41,0.02477565510733917,8
_B,2,sunday,42,0.023788417454229563,8
_B,2,sunday,43,0.02261877058389558,8
_B,2,sunday,44,0.021662941338240406,8
_B,2,sunday,45,0.020382316592636517,8
_B,2,sunday,46,0.019099602145751553,8
_B,2,sunday,47,0.017848694007881843,8
_B,2,sunday,48,0.017323061718868004,8
_B,2,weekday,1,0.01685611693774651,40
_B,2,weekday,2,0.01752688459781592,40
_B,2,weekday,3,0.017628661229265003,40
_B,2,weekday,4,0.017381511333830518,40
_B,2,weekday,5,0.017034828994400036,40
_B,2,weekday,6,0.01677606265631214,40
_B,2,weekday,7,0.01624719800554008,40
_B,2,weekday,8,0.01596673450639418,40
_B,2,weekday,9,0.015651491157522648,40
_B,2,weekday,10,0.015576840199089035,40
_B,2,weekday,11,0.015654629779388023,40
_B,2,weekday,12,0.01628497785799532,40
_B,2,weekday,13,0.018183067477292352,40
_B,2,weekday,14,0.0198990806271467,40
_B,2,weekday,15,0.021761524648536028,40
_B,2,weekday,16,0.022441839789673138,40
_B,2,weekday,17,0.02329095747452157,40
_B,2,weekday,18,0.023246838257931942,40
_B,2,weekday,19,0.023299045020627372,40
_B,2,weekday,20,0.022903209173694428,40
_B,2,weekday,21,0.02254353557152789,40
_B,2,weekday,22,0.022240831430241602,40
_B,2,weekday,23,0.021916172537577827,40
_B,2,weekday,24,0.021644833718991174,40
_B,2,weekday,25,0.02149333357870693,40
_B,2,weekday,26,0.021420089689379567,40
_B,2,weekday,27,0.021561657954668047,40
_B,2,weekday,28,0.02170143053218988,40
_B,2,weekday,29,0.021706095924424504,40
_B,2,weekday,30,0.02205829293521763,40
_B,2,weekday,31,0.022382723531627187,40
_B,2,weekday,32,0.02325291433234641,40
_B,2,weekday,33,0.023776156415136935,40
_B,2,weekday,34,0.02436880100722315,40
_B,2,weekday,35,0.025179334058455422,40
_B,2,weekday,36,0.02555281948349598,40
_B,2,weekday,37,0.025514613765567164,40
_B,2,weekday,38,0.025383390165037517,40
_B,2,weekday,39,0.02535949261208196,40
_B,2,weekday,40,0.024658099473627952,40
_B,2,weekday,41,0.023944927652765,40
_B,2,weekday,42,0.02323263423246883,40
_B,2,weekday,43,0.022031290522288964,40
_B,2,weekday,44,0.020921817647135625,40
_B,2,weekday,45,0.019630761828990033,40
_B,2,weekday,46,0.01853190540527886,40
_B,2,weekday,47,0.017457635951656572,40
_B,2,weekday,48,0.016922908317168424,40
_B,3,saturday,1,0.022743496396455645,9
_B,3,saturday,2,0.02371192141438869,9
_B,3,saturday,3,0.023518264713521454,9
_B,3,saturday,4,0.023204938232458956,9
_B,3,saturday,5,0.022602249696567864,9
_B,3,saturday,6,0.02218335552199599,9
_B,3,saturday,7,0.021429262099539086,9
_B,3,saturday,8,0.020997311444593776,9
_B,3,saturday,9,0.020559161587890125,9
_B,3,saturday,10,0.02050196515349345,9
_B,3,saturday,11,0.02025501410891871,9
_B,3,saturday,12,0.020343497697182546,9
_B,3,saturday,13,0.02107978263256985,9
_B,3,saturday,14,0.02114575380782298,9
_B,3,saturday,15,0.021299922379389474,9
_B,3,saturday,16,0.020638264255709443,9
_B,3,saturday,17,0.019687899677157245,9
_B,3,saturday,18,0.01864636022977364,9
_B,3,saturday,19,0.017521932519683602,9
_B,3,saturday,20,0.016596432209375265,9
_B,3,saturday,21,0.015728141248809255,9
_B,3,saturday,22,0.015410099144612444,9
_B,3,saturday,23,0.014319107031790438,9
_B,3,saturday,24,0.01308781377049725,9
_B,3,saturday,25,0.012790494404345387,9
_B,3,saturday,26,0.012982930817317035,9
_B,3,saturday,27,0.0131315458665071,9
_B,3,saturday,28,0.013715935859087335,9
_B,3,saturday,29,0.01412825058205561,9
_B,3,saturday,30,0.014999267269316033,9
_B,3,saturday,31,0.0162266409822933,9
_B,3,saturday,32,0.018400421066043667,9
_B,3,saturday,33,0.02052953562948047,9
_B,3,saturday,34,0.022960499038082793,9
_B,3,saturday,35,0.025728219101194025,9
_B,3,saturday,36,0.02730057198282189,9
_B,3,saturday,37,0.028656600303570465,9
_B,3,saturday,38,0.028899420790794352,9
_B,3,saturday,39,0.02877878487743592,9
_B,3,saturday,40,0.028179766266210358,9
_B,3,saturday,41,0.02764740787498944,9
_B,3,saturday,42,0.02717619774079836,9
_B,3,saturday,43,0.026097452249214968,9
_B,3,saturday,44,0.02497004563362754,9
_B,3,saturday,45,0.023740023874574308,9
_B,3,saturday,46,0.022796708858617492,9
_B,3,saturday,47,0.021671284293061352,9
_B,3,saturday,48,0.021280047664363647,9
_B,3,sunday,1,0.02090825411178202,10
_B,3,sunday,2,0.021679755308341958,10
_B,3,sunday,3,0.021629998652608593,10
_B,3,sunday,4,0.021419396813705374,10
_B,3,sunday,5,0.020867854932842798,10
_B,3,sunday,6,0.020764109879048163,10
_B,3,sunday,7,0.019906885183125545,10
_B,3,sunday,8,0.01948706853952092,10
_B,3,sunday,9,0.019217955415473883,10
_B,3,sunday,10,0.019086327966242014,10
_B,3,sunday,11,0.0185876450853572,10
_B,3,sunday,12,0.018854086162282607,10
_B,3,sunday,13,0.019090389488414523,10
_B,3,sunday,14,0.01948187672785705,10
_B,3,sunday,15,0.019634163130490934,10
_B,3,sunday,16,0.019057817538243933,10
_B,3,sunday,17,0.018778475526819476,10
_B,3,sunday,18,0.017932749034774542,10
_B,3,sunday,19,0.017052211171504548,10
_B,3,sunday,20,0.015996347327175076,10
_B,3,sunday,21,0.015207086332476962,10
_B,3,sunday,22,0.01487825636853948,10
_B,3,sunday,23,0.014863765932649329,10
_B,3,sunday,24,0.01514969423795135,10
_B,3,sunday,25,0.01567417356982391,10
_B,3,sunday,26,0.016198959462706664,10
_B,3,sunday,27,0.017108373237404714,10
_B,3,sunday,28,0.0176096792580518,10
_B,3,sunday,29,0.018088050227649487,10
_B,3,sunday,30,0.01887983292476506,10
_B,3,sunday,31,0.020076380308806284,10
_B,3,sunday,32,0.022094493781034435,10
_B,3,sunday,33,0.024066497749931283,10
_B,3,sunday,34,0.02549694933164975,10
_B,3,sunday,35,0.027334931726053138,10
_B,3,sunday,36,0.028342167545900018,10
_B,3,sunday,37,0.029011570936397755,10
_B,3,sunday,38,0.02898806982178235,10
_B,3,sunday,39,0.02857304347421794,10
_B,3,sunday,40,0.02783510504703379,10
_B,3,sunday,41,0.0268304328364683,10
_B,3,sunday,42,0.025878786039893832,10
_B,3,sunday,43,0.025001840755341214,10
_B,3,sunday,44,0.02410590322924458,10
_B,3,sunday,45,0.02251340370925402,10
_B,3,sunday,46,0.02154010414124205,10
_B,3,sunday,47,0.01980566842353478,8
_B,3,sunday,48,0.019413411594584533,8
_B,3,weekday,1,0.019152456440880088,43
_B,3,weekday,2,0.01979230310948406,43
_B,3,weekday,3,0.01982347803475558,43
_B,3,weekday,4,0.01962503302172025,43
_B,3,weekday,5,0.019233636806438748,43
_B,3,weekday,6,0.018918842610602275,43
_B,3,weekday,7,0.018373889908313838,43
_B,3,weekday,8,0.018171040460987616,43
_B,3,weekday,9,0.017787502721686232,43
_B,3,weekday,10,0.017915041837855087,43
_B,3,weekday,11,0.01796136182239783,43
_B,3,weekday,12,0.018606384589997037,43
_B,3,weekday,13,0.020539178118839284,43
_B,3,weekday,14,0.02180578232750543,43
_B,3,weekday,15,0.02367922197809263,43
_B,3,weekday,16,0.023555505098610482,43
_B,3,weekday,17,0.02328524673620331,43
_B,3,weekday,18,0.022437585876094897,43
_B,3,weekday,19,0.021331869818953433,43
_B,3,weekday,20,0.0201395285362832,43
_B,3,weekday,21,0.018924339109743754,43
_B,3,weekday,22,0.018086738451914972,43
_B,3,weekday,23,0.01731090881272056,43
_B,3,weekday,24,0.017028764659546003,43
_B,3,weekday,25,0.016713791626801002,43
_B,3,weekday,26,0.016590975001377253,43
_B,3,weekday,27,0.01658914788954586,43
_B,3,weekday,28,0.016771615477840396,43
_B,3,weekday,29,0.016997519703615127,43
_B,3,weekday,30,0.017648648921384003,43
_B,3,weekday,31,0.018433451780189045,43
_B,3,weekday,32,0.020250044857817007,43
_B,3,weekday,33,0.021629475413573362,43
_B,3,weekday,34,0.02339420124783699,43
_B,3,weekday,35,0.02495279980060031,43
_B,3,weekday,36,0.026157460733801752,43
_B,3,weekday,37,0.026773802261041715,43
_B,3,weekday,38,0.027158630894861226,43
_B,3,weekday,39,0.02772416691726571,43
_B,3,weekday,40,0.027229542990545585,43
_B,3,weekday,41,0.026482925905922324,43
_B,3,weekday,42,0.025718652658452277,43
_B,3,weekday,43,0.024498785120129943,43
_B,3,weekday,44,0.023316573716905063,43
_B,3,weekday,45,0.02195564427565544,43
_B,3,weekday,46,0.020840416757553035,43
_B,3,weekday,47,0.01958618033374179,43
_B,3,weekday,48,0.019099904823917206,43
_B,4,saturday,1,0.02508540128738796,8
_B,4,saturday,2,0.025128057598674113,8
_B,4,saturday,3,0.025008967907146844,8
_B,4,saturday,4,0.025285565354150934,8
_B,4,saturday,5,0.024886036082907965,8
_B,4,saturday,6,0.02450808156191022,8
_B,4,saturday,7,0.023466290611622632,8
_B,4,saturday,8,0.022970858224387505,8
_B,4,saturday,9,0.02240687023974171,8
_B,4,saturday,10,0.022099825689706754,8
_B,4,saturday,11,0.021919037267526115,8
_B,4,saturday,12,0.021769439678150197,8
_B,4,saturday,13,0.022679010823588308,8
_B,4,saturday,14,0.023236626997012483,8
_B,4,saturday,15,0.02373885053599499,8
_B,4,saturday,16,0.02317536531703863,8
_B,4,saturday,17,0.022769647994748093,8
_B,4,saturday,18,0.021974534706888888,8
_B,4,saturday,19,0.020382167099281458,8
_B,4,saturday,20,0.01896874013667122,8
_B,4,saturday,21,0.016641290636513772,8
_B,4,saturday,22,0.014947844859475286,8
_B,4,saturday,23,0.013354899290582804,8
_B,4,saturday,24,0.012062284499447401,8
_B,4,saturday,25,0.011453729914513941,8
_B,4,saturday,26,0.01034588025709039,8
_B,4,saturday,27,0.009219554237440121,8
_B,4,saturday,28,0.008770991596363185,8
_B,4,saturday,29,0.008447467585357913,8
_B,4,saturday,30,0.0091578811719678,8
_B,4,saturday,31,0.009253314989768934,8
_B,4,saturday,32,0.011144588020109305,8
_B,4,saturday,33,0.013713224995627837,8
_B,4,saturday,34,0.016548693269051597,8
_B,4,saturday,35,0.019580955368643786,8
_B,4,saturday,36,0.022580678180973573,8
_B,4,saturday,37,0.025546773526802995,8
_B,4,saturday,38,0.027560885886405134,8
_B,4,saturday,39,0.028878157630045635,8
_B,4,saturday,40,0.029346797147698243,8
_B,4,saturday,41,0.029899560069098066,8
_B,4,saturday,42,0.030196245125590857,8
_B,4,saturday,43,0.029261632357010663,8
_B,4,saturday,44,0.028665680963679396,8
_B,4,saturday,45,0.02746940777146837,8
_B,4,saturday,46,0.0263289333657654,8
_B,4,saturday,47,0.024570114194357368,8
_B,4,saturday,48,0.02359315797461324,8
_B,4,sunday,1,0.023713582409382837,8
_B,4,sunday,2,0.023545627657912387,8
_B,4,sunday,3,0.023430214879745892,8
_B,4,sunday,4,0.023464175225484357,8
_B,4,sunday,5,0.023612889229477692,8
_B,4,sunday,6,0.023074326885881874,8
_B,4,sunday,7,0.02214221593835601,8
_B,4,sunday,8,0.021777615430633303,8
_B,4,sunday,9,0.021325468934480306,8
_B,4,sunday,10,0.021181643165028397,8
_B,4,sunday,11,0.021223905848552493,8
_B,4,sunday,12,0.020932526621767117,8
_B,4,sunday,13,0.021323468118532137,8
_B,4,sunday,14,0.021254158378561462,8
_B,4,sunday,15,0.021445741263392312,8
_B,4,sunday,16,0.020455348194084986,8
_B,4,sunday,17,0.019656054858522454,8
_B,4,sunday,18,0.01768087991675838,8
_B,4,sunday,19,0.01620765277732928,8
_B,4,sunday,20,0.014624017840726958,8
_B,4,sunday,21,0.012856914092246267,8
_B,4,sunday,22,0.012068161059611693,8
_B,4,sunday,23,0.011177729299912407,8
_B,4,sunday,24,0.010832554656237007,8
_B,4,sunday,25,0.010702949705997288,8
_B,4,sunday,26,0.010440780831452784,8
_B,4,sunday,27,0.010451019568295193,8
_B,4,sunday,28,0.010411994089816629,8
_B,4,sunday,29,0.010902228435060904,8
_B,4,sunday,30,0.011047760546470366,8
_B,4,sunday,31,0.011461144916239908,8
_B,4,sunday,32,0.013239314067836088,8
_B,4,sunday,33,0.015383286362308969,8
_B,4,sunday,34,0.01884125401420614,8
_B,4,sunday,35,0.02256462582227952,8
_B,4,sunday,36,0.02578481403145031,8
_B,4,sunday,37,0.02780019783114182,8
_B,4,sunday,38,0.029480164906353447,8
_B,4,sunday,39,0.0307759138228625,8
_B,4,sunday,40,0.03203130289004288,8
_B,4,sunday,41,0.03255401862282997,8
_B,4,sunday,42,0.03261233327906648,8
_B,4,sunday,43,0.032061555930149074,8
_B,4,sunday,44,0.03167001630615605,8
_B,4,sunday,45,0.029799338895440966,8
_B,4,sunday,46,0.02877831301244593,8
_B,4,sunday,47,0.026645579396069485,8
_B,4,sunday,48,0.025553220033409284,8
_B,4,weekday,1,0.022032599975868396,44
_B,4,weekday,2,0.0220280995977203,44
_B,4,weekday,3,0.022133069483518317,44
_B,4,weekday,4,0.02219261100932998,44
_B,4,weekday,5,0.02206132193587802,44
_B,4,weekday,6,0.02185553069399421,44
_B,4,weekday,7,0.021065899839370388,44
_B,4,weekday,8,0.02073350892278102,44
_B,4,weekday,9,0.020239009279458296,44
_B,4,weekday,10,0.020354654982717872,44
_B,4,weekday,11,0.020467397867378806,44
_B,4,weekday,12,0.02104628168922398,44
_B,4,weekday,13,0.022735087193547106,44
_B,4,weekday,14,0.02380043192642527,44
_B,4,weekday,15,0.02526108304031545,44
_B,4,weekday,16,0.02502567070777206,44
_B,4,weekday,17,0.02465919667455577,44
_B,4,weekday,18,0.023249472193017543,44
_B,4,weekday,19,0.021603106654377698,44
_B,4,weekday,20,0.019534844488086848,44
_B,4,weekday,21,0.01740721449459484,44
_B,4,weekday,22,0.015938871091709984,44
_B,4,weekday,23,0.014477036584618531,44
_B,4,weekday,24,0.014001705735414318,44
_B,4,weekday,25,0.013554218278226726,44
_B,4,weekday,26,0.013184201462031536,44
_B,4,weekday,27,0.012775567120957045,44
_B,4,weekday,28,0.012693413435815938,44
_B,4,weekday,29,0.012673732387197894,44
_B,4,weekday,30,0.013045876318287858,44
_B,4,weekday,31,0.01327639898034317,44
_B,4,weekday,32,0.014469725105547898,44
_B,4,weekday,33,0.015984503653857098,44
_B,4,weekday,34,0.018110534101207266,44
_B,4,weekday,35,0.020151510139689553,44
_B,4,weekday,36,0.02245991236932976,44
_B,4,weekday,37,0.024329238346926282,44
_B,4,weekday,38,0.02604178437076787,44
_B,4,weekday,39,0.027341904115971427,44
_B,4,weekday,40,0.027978091323557653,44
_B,4,weekday,41,0.028672143561291396,44
_B,4,weekday,42,0.028746028194134056,44
_B,4,weekday,43,0.028153619385978455,44
_B,4,weekday,44,0.02720348352265006,44
_B,4,weekday,45,0.025726767175851303,44
_B,4,weekday,46,0.024541270555449433,44
_B,4,weekday,47,0.022859271809628823,44
_B,4,weekday,48,0.022123098223626503,44
_B,5,saturday,1,0.027654624174226067,10
_B,5,saturday,2,0.027491732600840407,10
_B,5,saturday,3,0.027089374336677685,10
_B,5,saturday,4,0.02709837839442817,10
_B,5,saturday,5,0.02664379985762469,10
_B,5,saturday,6,0.026489783702236896,10
_B,5,saturday,7,0.025505396737603703,10
_B,5,saturday,8,0.024873615106072205,10
_B,5,saturday,9,0.024481908889109952,10
_B,5,saturday,10,0.02402576299600632,10
_B,5,saturday,11,0.023372912138298417,10
_B,5,saturday,12,0.02276443084138763,10
_B,5,saturday,13,0.02280945758732129,10
_B,5,saturday,14,0.02296207843016889,10
_B,5,saturday,15,0.02197589595565058,10
_B,5,saturday,16,0.020513531729082348,10
_B,5,saturday,17,0.01962209423724544,10
_B,5,saturday,18,0.01808224321090903,10
_B,5,saturday,19,0.01691546249300789,10
_B,5,saturday,20,0.015275673573613573,10
_B,5,saturday,21,0.013167080615603713,10
_B,5,saturday,22,0.012013608987360641,10
_B,5,saturday,23,0.010658706112223758,10
_B,5,saturday,24,0.010750863727292715,10
_B,5,saturday,25,0.01042322925388828,10
_B,5,saturday,26,0.010388815603748684,10
_B,5,saturday,27,0.009844358790662085,10
_B,5,saturday,28,0.009608264267331216,10
_B,5,saturday,29,0.009745110662991562,10
_B,5,saturday,30,0.009830007789254412,10
_B,5,saturday,31,0.010650411465073376,10
_B,5,saturday,32,0.011926891233874736,10
_B,5,saturday,33,0.013648675453572349,10
_B,5,saturday,34,0.016481932180704338,10
_B,5,saturday,35,0.019900023086211617,10
_B,5,saturday,36,0.02276185342067915,10
_B,5,saturday,37,0.024933673511231845,10
_B,5,saturday,38,0.026913121143217943,10
_B,5,saturday,39,0.02759040174327047,10
_B,5,saturday,40,0.028235996550587672,10
_B,5,saturday,41,0.028867779178927022,10
_B,5,saturday,42,0.029214066259741645,10
_B,5,saturday,43,0.029703922291249123,10
_B,5,saturday,44,0.029584984502536948,10
_B,5,saturday,45,0.02867913502184603,10
_B,5,saturday,46,0.02792526787904322,10
_B,5,saturday,47,0.025745718939214374,10
_B,5,saturday,48,0.025157943337149897,10
_B,5,sunday,1,0.025553499209211312,9
_B,5,sunday,2,0.025331626560678253,9
_B,5,sunday,3,0.02496945263437447,9
_B,5,sunday,4,0.02480897642691071,9
_B,5,sunday,5,0.024392564781440872,9
_B,5,sunday,6,0.02388723251468715,9
_B,5,sunday,7,0.022822186801640974,9
_B,5,sunday,8,0.02258736861970041,9
_B,5,sunday,9,0.02215306932540238,9
_B,5,sunday,10,0.021519897190199113,9
_B,5,sunday,11,0.02103844754777053,9
_B,5,sunday,12,0.02034780074375283,9
_B,5,sunday,13,0.020488651412711303,9
_B,5,sunday,14,0.01996604392688526,9
_B,5,sunday,15,0.018868296989940758,9
_B,5,sunday,16,0.017829934219463994,9
_B,5,sunday,17,0.01716882593598217,9
_B,5,sunday,18,0.015934374232774152,9
_B,5,sunday,19,0.015155702933370041,9
_B,5,sunday,20,0.014321305571188677,9
_B,5,sunday,21,0.013502267472022163,9
_B,5,sunday,22,0.012851747502829665,9
_B,5,sunday,23,0.012137103435187603,9
_B,5,sunday,24,0.011512230447009972,9
_B,5,sunday,25,0.01155429903915673,9
_B,5,sunday,26,0.011204593520944727,9
_B,5,sunday,27,0.010831480402295491,9
_B,5,sunday,28,0.010410708984197346,9
_B,5,sunday,29,0.010701141606443428,9
_B,5,sunday,30,0.011277769773840672,9
_B,5,sunday,31,0.011745166855326254,9
_B,5,sunday,32,0.012853453284012765,9
_B,5,sunday,33,0.015506981284794061,9
_B,5,sunday,34,0.01872535861303647,9
_B,5,sunday,35,0.022008253620100195,9
_B,5,sunday,36,0.024441269974940245,9
_B,5,sunday,37,0.026699003581094408,9
_B,5,sunday,38,0.029077293404449787,9
_B,5,sunday,39,0.030221376763304726,9
_B,5,sunday,40,0.030751166089210427,9
_B,5,sunday,41,0.03150193242970097,9
_B,5,sunday,42,0.031664211842635265,9
_B,5,sunday,43,0.031827422601823266,9
_B,5,sunday,44,0.03179171737717604,9
_B,5,sunday,45,0.031241652623357034,9
_B,5,sunday,46,0.029983906516038248,9
_B,5,sunday,47,0.027705715991666584,9
_B,5,sunday,48,0.02712551738532014,9
_B,5,weekday,1,0.022744207819474217,43
_B,5,weekday,2,0.02259232846388955,43
_B,5,weekday,3,0.022402006932382198,43
_B,5,weekday,4,0.02243176946281772,43
_B,5,weekday,5,0.02221874156019969,43
_B,5,weekday,6,0.022015245186345078,43
_B,5,weekday,7,0.021208023152496317,43
_B,5,weekday,8,0.020827805815985086,43
_B,5,weekday,9,0.020423552950240124,43
_B,5,weekday,10,0.020310835599280107,43
_B,5,weekday,11,0.019993346462021087,43
_B,5,weekday,12,0.020114695872937505,43
_B,5,weekday,13,0.021564775347890433,43
_B,5,weekday,14,0.0222474244341936,43
_B,5,weekday,15,0.0230363022225607,43
_B,5,weekday,16,0.022528564228102926,43
_B,5,weekday,17,0.021894712877242158,43
_B,5,weekday,18,0.020836861949144875,43
_B,5,weekday,19,0.019568904729908156,43
_B,5,weekday,20,0.018102612274405083,43
_B,5,weekday,21,0.016701135543429037,43
_B,5,weekday,22,0.016117030856592048,43
_B,5,weekday,23,0.01523112065892205,43
_B,5,weekday,24,0.01499143529003843,43
_B,5,weekday,25,0.014532330779062137,43
_B,5,weekday,26,0.014557214762250555,43
_B,5,weekday,27,0.014489144672961975,43
_B,5,weekday,28,0.014589695624366348,43
_B,5,weekday,29,0.014419341038446136,43
_B,5,weekday,30,0.01467976419437045,43
_B,5,weekday,31,0.014641695865853616,43
_B,5,weekday,32,0.01567259557943222,43
_B,5,weekday,33,0.016628536903214176,43
_B,5,weekday,34,0.01855435531892442,43
_B,5,weekday,35,0.02038810749914143,43
_B,5,weekday,36,0.022480428797350103,43
_B,5,weekday,37,0.02384792413116662,43
_B,5,weekday,38,0.025387377566867764,43
_B,5,weekday,39,0.026667285389179916,43
_B,5,weekday,40,0.027423878148916798,43
_B,5,weekday,41,0.02777375920319591,43
_B,5,weekday,42,0.027814205216821264,43
_B,5,weekday,43,0.02828411346644632,43
_B,5,weekday,44,0.027707660154730574,43
_B,5,weekday,45,0.026754578411133233,43
_B,5,weekday,46,0.025725033562103393,43
_B,5,weekday,47,0.023811336450579552,43
_B,5,weekday,48,0.023066197572986925,43
_B,6,saturday,1,0.02701283752926207,8
_B,6,saturday,2,0.02668090001094033,8
_B,6,saturday,3,0.02647697080428982,8
_B,6,saturday,4,0.025984256404327246,8
_B,6,saturday,5,0.025515887237719474,8
_B,6,saturday,6,0.025083563319865138,8
_B,6,saturday,7,0.024530234091180454,8
_B,6,saturday,8,0.023763098925948176,8
_B,6,saturday,9,0.023138118958032146,8
_B,6,saturday,10,0.022764944751834222,8
_B,6,saturday,11,0.0220620696342487,8
_B,6,saturday,12,0.021097313281102526,8
_B,6,saturday,13,0.021197403231776855,8
_B,6,saturday,14,0.02069937417647382,8
_B,6,saturday,15,0.02080320186590886,8
_B,6,saturday,16,0.020592490164404845,8
_B,6,saturday,17,0.020824116891542996,8
_B,6,saturday,18,0.02035361221815344,8
_B,6,saturday,19,0.01926350313257534,8
_B,6,saturday,20,0.017866639184828392,8
_B,6,saturday,21,0.015766821526152434,8
_B,6,saturday,22,0.014441535574675639,8
_B,6,saturday,23,0.012330161390252052,8
_B,6,saturday,24,0.011832621816808421,8
_B,6,saturday,25,0.011469953671509018,8
_B,6,saturday,26,0.010722733480330458,8
_B,6,saturday,27,0.010711718937032016,8
_B,6,saturday,28,0.010736421086205788,8
_B,6,saturday,29,0.010798568147373231,8
_B,6,saturday,30,0.012218873004766768,8
_B,6,saturday,31,0.013468704960127413,8
_B,6,saturday,32,0.014011718755318665,8
_B,6,saturday,33,0.014969776043176385,8
_B,6,saturday,34,0.01740225954509089,8
_B,6,saturday,35,0.01990806606830358,8
_B,6,saturday,36,0.021729758535465576,8
_B,6,saturday,37,0.023682116104450847,8
_B,6,saturday,38,0.025616812697773852,8
_B,6,saturday,39,0.026329105614380968,8
_B,6,saturday,40,0.027134013904630095,8
_B,6,saturday,41,0.02790204361193909,8
_B,6,saturday,42,0.02819746731485022,8
_B,6,saturday,43,0.02849731773150533,8
_B,6,saturday,44,0.028113808400307205,8
_B,6,saturday,45,0.027637781756124254,8
_B,6,saturday,46,0.027142343533824588,8
_B,6,saturday,47,0.02619126319140154,8
_B,6,saturday,48,0.025325697781808824,8
_B,6,sunday,1,0.02692537561761543,9
_B,6,sunday,2,0.02647970390978571,9
_B,6,sunday,3,0.025538466199396787,9
_B,6,sunday,4,0.025296155887669144,9
_B,6,sunday,5,0.02493526627017152,9
_B,6,sunday,6,0.024477767018634473,9
_B,6,sunday,7,0.02350603363911958,9
_B,6,sunday,8,0.022987849837755828,9
_B,6,sunday,9,0.022645535323161332,9
_B,6,sunday,10,0.022177734517911878,9
_B,6,sunday,11,0.021318291201802862,9
_B,6,sunday,12,0.020155473880646296,9
_B,6,sunday,13,0.020037766247682064,9
_B,6,sunday,14,0.018978382611366414,9
_B,6,sunday,15,0.017968426561790814,9
_B,6,sunday,16,0.016329180197266726,9
_B,6,sunday,17,0.015238334786134936,9
_B,6,sunday,18,0.013700018661750498,9
_B,6,sunday,19,0.013169066719270012,9
_B,6,sunday,20,0.012846992536232862,9
_B,6,sunday,21,0.012627448641524474,9
_B,6,sunday,22,0.012648415867319565,9
_B,6,sunday,23,0.012725488129595501,9
_B,6,sunday,24,0.013513909099182743,9
_B,6,sunday,25,0.013576050251308844,9
_B,6,sunday,26,0.0139672460121796,9
_B,6,sunday,27,0.013648939149182604,9
_B,6,sunday,28,0.013107210896064168,9
_B,6,sunday,29,0.012180236235937796,9
_B,6,sunday,30,0.012641896146206548,9
_B,6,sunday,31,0.012925064461690736,9
_B,6,sunday,32,0.013715029679759287,9
_B,6,sunday,33,0.015983583148651826,9
_B,6,sunday,34,0.01768336741381178,9
_B,6,sunday,35,0.020213073691597867,9
_B,6,sunday,36,0.02347090605221803,9
_B,6,sunday,37,0.025925945553094423,9
_B,6,sunday,38,0.027719088361950295,9
_B,6,sunday,39,0.02927895247048174,9
_B,6,sunday,40,0.030082887521699225,9
_B,6,sunday,41,0.03032148764286053,9
_B,6,sunday,42,0.03059297815108457,9
_B,6,sunday,43,0.03046582967060752,9
_B,6,sunday,44,0.030340232599183732,9
_B,6,sunday,45,0.030675592580542706,9
_B,6,sunday,46,0.03021220517348752,9
_B,6,sunday,47,0.027951594293795082,9
_B,6,sunday,48,0.027093519479816135,9
_B,6,weekday,1,0.023206876571630692,43
_B,6,weekday,2,0.02312080574288672,43
_B,6,weekday,3,0.02281316475411892,43
_B,6,weekday,4,0.022706484484104984,43
_B,6,weekday,5,0.022373248742268856,43
_B,6,weekday,6,0.022146439049669644,43
_B,6,weekday,7,0.02131687955478938,43
_B,6,weekday,8,0.021013964044068894,43
_B,6,weekday,9,0.020395286107129706,43
_B,6,weekday,10,0.02020562608257101,43
_B,6,weekday,11,0.01978459743470729,43
_B,6,weekday,12,0.019741228818288804,43
_B,6,weekday,13,0.021385650613093683,43
_B,6,weekday,14,0.022070613179353073,43
_B,6,weekday,15,0.023277054686456192,43
_B,6,weekday,16,0.02283745440288647,43
_B,6,weekday,17,0.022349126818329637,43
_B,6,weekday,18,0.02115873069110883,43
_B,6,weekday,19,0.020192253450134454,43
_B,6,weekday,20,0.019086181940001314,43
_B,6,weekday,21,0.01775432474764803,43
_B,6,weekday,22,0.01693393006400668,43
_B,6,weekday,23,0.015786494068910677,43
_B,6,weekday,24,0.015003489864610014,43
_B,6,weekday,25,0.014425152293664239,43
_B,6,weekday,26,0.014279449180750171,43
_B,6,weekday,27,0.013891080542438969,43
_B,6,weekday,28,0.013719414849850736,43
_B,6,weekday,29,0.013469008706123628,43
_B,6,weekday,30,0.013854869145249311,43
_B,6,weekday,31,0.013824873020422263,43
_B,6,weekday,32,0.015121016935891438,43
_B,6,weekday,33,0.016104049118304747,43
_B,6,weekday,34,0.017958372791549517,43
_B,6,weekday,35,0.019926590204664973,43
_B,6,weekday,36,0.021773851692819035,43
_B,6,weekday,37,0.023025113644465196,43
_B,6,weekday,38,0.024864313237527785,43
_B,6,weekday,39,0.026353326558120397,43
_B,6,weekday,40,0.027150148179007263,43
_B,6,weekday,41,0.027583607264796032,43
_B,6,weekday,42,0.027886316368718293,43
_B,6,weekday,43,0.028034729626773114,43
_B,6,weekday,44,0.027826595161926645,43
_B,6,weekday,45,0.027276163201796134,43
_B,6,weekday,46,0.02644059157260401,43
_B,6,weekday,47,0.024657389602711008,43
_B,6,weekday,48,0.023894071187051138,43
_B,7,saturday,1,0.027584098149202388,8
_B,7,saturday,2,0.027367524622257725,8
_B,7,saturday,3,0.026706251333403267,8
_B,7,saturday,4,0.02673073038313907,8
_B,7,saturday,5,0.02596649596342971,8
_B,7,saturday,6,0.025576141641982457,8
_B,7,saturday,7,0.024547729622222944,8
_B,7,saturday,8,0.02426476894137468,8
_B,7,saturday,9,0.023462436415251406,8
_B,7,saturday,10,0.02315914405671331,8
_B,7,saturday,11,0.022505366576948904,8
_B,7,saturday,12,0.02178867844401178,8
_B,7,saturday,13,0.022117298203243846,8
_B,7,saturday,14,0.021754579804814173,8
_B,7,saturday,15,0.021700504311222966,8
_B,7,saturday,16,0.020351582644152013,8
_B,7,saturday,17,0.01967987403977134,8
_B,7,saturday,18,0.018614679118103404,8
_B,7,saturday,19,0.017897845271923073,8
_B,7,saturday,20,0.017074881792350886,8
_B,7,saturday,21,0.014933840704669007,8
_B,7,saturday,22,0.014408427666684714,8
_B,7,saturday,23,0.013665232167274157,8
_B,7,saturday,24,0.013182346955949017,8
_B,7,saturday,25,0.013965551210832025,8
_B,7,saturday,26,0.01441245745132483,8
_B,7,saturday,27,0.014060471559197624,8
_B,7,saturday,28,0.013440029401903957,8
_B,7,saturday,29,0.012559348158637778,8
_B,7,saturday,30,0.011790741183616817,8
_B,7,saturday,31,0.01093972348229155,8
_B,7,saturday,32,0.011524650611389468,8
_B,7,saturday,33,0.012948813572016847,8
_B,7,saturday,34,0.015296652359318028,8
_B,7,saturday,35,0.017988978609960883,8
_B,7,saturday,36,0.02030343269656326,8
_B,7,saturday,37,0.022127007744464577,8
_B,7,saturday,38,0.023985103548384894,8
_B,7,saturday,39,0.02544179657286573,8
_B,7,saturday,40,0.026441673764404268,8
_B,7,saturday,41,0.02747226045194242,8
_B,7,saturday,42,0.027914783118128516,8
_B,7,saturday,43,0.027770001183851527,8
_B,7,saturday,44,0.028060883728435015,8
_B,7,saturday,45,0.027823071063402826,8
_B,7,saturday,46,0.027483211214520267,8
_B,7,saturday,47,0.02599184596717064,8
_B,7,saturday,48,0.025217052515280062,8
_B,7,sunday,1,0.02701301398839321,8
_B,7,sunday,2,0.026981598236155917,8
_B,7,sunday,3,0.026256067445970036,8
_B,7,sunday,4,0.025929873858874394,8
_B,7,sunday,5,0.02521480370431408,8
_B,7,sunday,6,0.024518471179863714,8
_B,7,sunday,7,0.023590174679929722,8
_B,7,sunday,8,0.023210939938936824,8
_B,7,sunday,9,0.02274173138067163,8
_B,7,sunday,10,0.022358426566887822,8
_B,7,sunday,11,0.0215117847813827,8
_B,7,sunday,12,0.020690436016937378,8
_B,7,sunday,13,0.020761575686784987,8
_B,7,sunday,14,0.02015197723804878,8
_B,7,sunday,15,0.019737326287108375,8
_B,7,sunday,16,0.01870079826475608,8
_B,7,sunday,17,0.017823167669290596,8
_B,7,sunday,18,0.01701901547871755,8
_B,7,sunday,19,0.01586248288694311,8
_B,7,sunday,20,0.01531959478471234,8
_B,7,sunday,21,0.014685766167127676,8
_B,7,sunday,22,0.014082347087381639,8
_B,7,sunday,23,0.013401778569661776,8
_B,7,sunday,24,0.012697470960110372,8
_B,7,sunday,25,0.01291214362203871,8
_B,7,sunday,26,0.012824297964510494,8
_B,7,sunday,27,0.011655343762566687,8
_B,7,sunday,28,0.010775641275485708,8
_B,7,sunday,29,0.010602060585346667,8
_B,7,sunday,30,0.011133231479462746,8
_B,7,sunday,31,0.01176808752872234,8
_B,7,sunday,32,0.012966245208895357,8
_B,7,sunday,33,0.01496734129377181,8
_B,7,sunday,34,0.01710830404584077,8
_B,7,sunday,35,0.01948582261821057,8
_B,7,sunday,36,0.022110039465683892,8
_B,7,sunday,37,0.024438487299410245,8
_B,7,sunday,38,0.02633477620426721,8
_B,7,sunday,39,0.027760716996284046,8
_B,7,sunday,40,0.029415533927594963,8
_B,7,sunday,41,0.02969605074466633,8
_B,7,sunday,42,0.030297827425926956,8
_B,7,sunday,43,0.03057668680267029,8
_B,7,sunday,44,0.03016008555200331,8
_B,7,sunday,45,0.029400051750183395,8
_B,7,sunday,46,0.02903300164440086,8
_B,7,sunday,47,0.027428252801473638,8
_B,7,sunday,48,0.02688934714162228,8
_B,7,weekday,1,0.02382087494831093,46
_B,7,weekday,2,0.023803772174818008,46
_B,7,weekday,3,0.023480795424155213,46
_B,7,weekday,4,0.02325587734872789,46
_B,7,weekday,5,0.02285511108706452,46
_B,7,weekday,6,0.022477660102027737,46
_B,7,weekday,7,0.02184159493496862,46
_B,7,weekday,8,0.02146526113196425,46
_B,7,weekday,9,0.020997185828370978,46
_B,7,weekday,10,0.020726772722109214,46
_B,7,weekday,11,0.020266390673494526,46
_B,7,weekday,12,0.020209611260756103,46
_B,7,weekday,13,0.02158352954470334,46
_B,7,weekday,14,0.022150976697106455,46
_B,7,weekday,15,0.023230983912867927,46
_B,7,weekday,16,0.02271290978195484,46
_B,7,weekday,17,0.02229791330959748,46
_B,7,weekday,18,0.021044251163678883,46
_B,7,weekday,19,0.019838297528614234,46
_B,7,weekday,20,0.01853935319676209,46
_B,7,weekday,21,0.016959507382003917,46
_B,7,weekday,22,0.01612516407175033,46
_B,7,weekday,23,0.015063995637015338,46
_B,7,weekday,24,0.014487244603967645,46
_B,7,weekday,25,0.014027937182970964,46
_B,7,weekday,26,0.013788898185279804,46
_B,7,weekday,27,0.013346996917969424,46
_B,7,weekday,28,0.013326118144186086,46
_B,7,weekday,29,0.013461316480666374,46
_B,7,weekday,30,0.013955612039192402,46
_B,7,weekday,31,0.014148294437829327,46
_B,7,weekday,32,0.01512736280243811,46
_B,7,weekday,33,0.015962308498726555,46
_B,7,weekday,34,0.01768907665484575,46
_B,7,weekday,35,0.019105048321854036,46
_B,7,weekday,36,0.021167777374463542,46
_B,7,weekday,37,0.022584149542765143,46
_B,7,weekday,38,0.024659182947200854,46
_B,7,weekday,39,0.0263784129176294,46
_B,7,weekday,40,0.027384701288513568,46
_B,7,weekday,41,0.027590526719222193,46
_B,7,weekday,42,0.02788844734590247,46
_B,7,weekday,43,0.028168848682644746,46
_B,7,weekday,44,0.028010113089856566,46
_B,7,weekday,45,0.027336618917963944,46
_B,7,weekday,46,0.026598754116571793,46
_B,7,weekday,47,0.024859328821996155,46
_B,7,weekday,48,0.02419913410252034,46
_B,8,saturday,1,0.026961902178917925,9
_B,8,saturday,2,0.02663440175327534,9
_B,8,saturday,3,0.0259767172188523,9
_B,8,saturday,4,0.02575391179780521,9
_B,8,saturday,5,0.025270810900117926,9
_B,8,saturday,6,0.024735080730382997,9
_B,8,saturday,7,0.024192630018681455,9
_B,8,saturday,8,0.02388874875876957,9
_B,8,saturday,9,0.02321098526246554,9
_B,8,saturday,10,0.02294026010477782,9
_B,8,saturday,11,0.022406446507537543,9
_B,8,saturday,12,0.021848776016869395,9
_B,8,saturday,13,0.02237502120179612,9
_B,8,saturday,14,0.02253444445791598,9
_B,8,saturday,15,0.022613080363823305,9
_B,8,saturday,16,0.02124160514274849,9
_B,8,saturday,17,0.020136932336785852,9
_B,8,saturday,18,0.018403581266779524,9
_B,8,saturday,19,0.016542812077222503,9
_B,8,saturday,20,0.01486912157209415,9
_B,8,saturday,21,0.013351664550197503,9
_B,8,saturday,22,0.013326788976147858,9
_B,8,saturday,23,0.013060179621698614,9
_B,8,saturday,24,0.012073443216892086,9
_B,8,saturday,25,0.011795745811320668,9
_B,8,saturday,26,0.011733613113955023,9
_B,8,saturday,27,0.011299272003081492,9
_B,8,saturday,28,0.011696930348822345,9
_B,8,saturday,29,0.011402506368958844,9
_B,8,saturday,30,0.011429052295575169,9
_B,8,saturday,31,0.0117050157675385,9
_B,8,saturday,32,0.013058903750338578,9
_B,8,saturday,33,0.0152517222124861,9
_B,8,saturday,34,0.01732194829526175,9
_B,8,saturday,35,0.020056808355886035,9
_B,8,saturday,36,0.022674658995392033,9
_B,8,saturday,37,0.024563896122016406,9
_B,8,saturday,38,0.026549812663633907,9
_B,8,saturday,39,0.027702072935676125,9
_B,8,saturday,40,0.028250627168798552,9
_B,8,saturday,41,0.028716516955606557,9
_B,8,saturday,42,0.028830675043035905,9
_B,8,saturday,43,0.02857081393785326,9
_B,8,saturday,44,0.02770780493214614,9
_B,8,saturday,45,0.027486718732356998,9
_B,8,saturday,46,0.026850292950661044,9
_B,8,saturday,47,0.02570827006650314,9
_B,8,saturday,48,0.025286975140540423,9
_B,8,sunday,1,0.02636755695565296,9
_B,8,sunday,2,0.02640276357066405,9
_B,8,sunday,3,0.02595342565825389,9
_B,8,sunday,4,0.02572079688430884,9
_B,8,sunday,5,0.025210557510563114,9
_B,8,sunday,6,0.02471901406130616,9
_B,8,sunday,7,0.02373189112578152,9
_B,8,sunday,8,0.023410408420076474,9
_B,8,sunday,9,0.023096352076269675,9
_B,8,sunday,10,0.022928645021320533,9
_B,8,sunday,11,0.02229849177975118,9
_B,8,sunday,12,0.02184378355047229,9
_B,8,sunday,13,0.02207991842596653,9
_B,8,sunday,14,0.021632035275439172,9
_B,8,sunday,15,0.021171670266828407,9
_B,8,sunday,16,0.01985810282672969,9
_B,8,sunday,17,0.01880696369456202,9
_B,8,sunday,18,0.01687157563403892,9
_B,8,sunday,19,0.01540897732811708,9
_B,8,sunday,20,0.013570914408519109,9
_B,8,sunday,21,0.01222455898790858,9
_B,8,sunday,22,0.01138787989889363,9
_B,8,sunday,23,0.01007292303518722,9
_B,8,sunday,24,0.009767244570890739,9
_B,8,sunday,25,0.009875175218456985,9
_B,8,sunday,26,0.009864588475882794,9
_B,8,sunday,27,0.009647568398909158,9
_B,8,sunday,28,0.009515161464829579,9
_B,8,sunday,29,0.009307484633454773,9
_B,8,sunday,30,0.009691938117317132,9
_B,8,sunday,31,0.01037198826053336,9
_B,8,sunday,32,0.012252175084732121,9
_B,8,sunday,33,0.015544167050342589,9
_B,8,sunday,34,0.01853930911155354,9
_B,8,sunday,35,0.021839900721869556,9
_B,8,sunday,36,0.02498811087833688,9
_B,8,sunday,37,0.02725493205127773,9
_B,8,sunday,38,0.029066037782671774,9
_B,8,sunday,39,0.029874033936223874,9
_B,8,sunday,40,0.030848520510330293,9
_B,8,sunday,41,0.031279328772170135,9
_B,8,sunday,42,0.03167061923527645,9
_B,8,sunday,43,0.03131435938811723,9
_B,8,sunday,44,0.03080712534246841,9
_B,8,sunday,45,0.029380463906832896,9
_B,8,sunday,46,0.02878496031683854,9
_B,8,sunday,47,0.027163037055012777,9
_B,8,sunday,48,0.026582563319059664,9
_B,8,weekday,1,0.022779690801325882,40
_B,8,weekday,2,0.022800796035493086,40
_B,8,weekday,3,0.022503687268882397,40
_B,8,weekday,4,0.022422189931196063,40
_B,8,weekday,5,0.02206376213960083,40
_B,8,weekday,6,0.02185475250811324,40
_B,8,weekday,7,0.02093621555210485,40
_B,8,weekday,8,0.020655219696176428,40
_B,8,weekday,9,0.020266707454537673,40
_B,8,weekday,10,0.020223001784459006,40
_B,8,weekday,11,0.0198217816375099,40
_B,8,weekday,12,0.01978235406034253,40
_B,8,weekday,13,0.021120934698851585,40
_B,8,weekday,14,0.021710191831159548,40
_B,8,weekday,15,0.022942417228356528,40
_B,8,weekday,16,0.022568666614742213,40
_B,8,weekday,17,0.022346793397135495,40
_B,8,weekday,18,0.02122407888138276,40
_B,8,weekday,19,0.019963116149646954,40
_B,8,weekday,20,0.018530445040331602,40
_B,8,weekday,21,0.017143180648771576,40
_B,8,weekday,22,0.0164185828080435,40
_B,8,weekday,23,0.015515216765208737,40
_B,8,weekday,24,0.01500888197933658,40
_B,8,weekday,25,0.0147411773162304,40
_B,8,weekday,26,0.014824615249482356,40
_B,8,weekday,27,0.014676906756081774,40
_B,8,weekday,28,0.014675510671477899,40
_B,8,weekday,29,0.014725740918848509,40
_B,8,weekday,30,0.015046395001692595,40
_B,8,weekday,31,0.015350588731249167,40
_B,8,weekday,32,0.016318539981201977,40
_B,8,weekday,33,0.017170032415048806,40
_B,8,weekday,34,0.01905079400823547,40
_B,8,weekday,35,0.02065752880144992,40
_B,8,weekday,36,0.02253743547830428,40
_B,8,weekday,37,0.02376795054236139,40
_B,8,weekday,38,0.025281005187593353,40
_B,8,weekday,39,0.0264523590435632,40
_B,8,weekday,40,0.027055053965451874,40
_B,8,weekday,41,0.027541723582354675,40
_B,8,weekday,42,0.027590716842947654,40
_B,8,weekday,43,0.02756046187836189,40
_B,8,weekday,44,0.027024614101401605,40
_B,8,weekday,45,0.025816944856326733,40
_B,8,weekday,46,0.024943520487886058,40
_B,8,weekday,47,0.023680468677021817,40
_B,8,weekday,48,0.02290725059271761,40
_B,9,saturday,1,0.022746121795851653,4
_B,9,saturday,2,0.022570160025005028,4
_B,9,saturday,3,0.022053675504748,4
_B,9,saturday,4,0.022062747392830106,4
_B,9,saturday,5,0.021610949048255414,4
_B,9,saturday,6,0.021502978368204237,4
_B,9,saturday,7,0.020473774666702155,4
_B,9,saturday,8,0.020206112554842937,4
_B,9,saturday,9,0.01990094821793835,4
_B,9,saturday,10,0.019756848038235388,4
_B,9,saturday,11,0.019435288060158047,4
_B,9,saturday,12,0.019581402582556796,4
_B,9,saturday,13,0.020297677994598057,4
_B,9,saturday,14,0.020881906027212342,4
_B,9,saturday,15,0.02171372070291111,4
_B,9,saturday,16,0.02131731608280933,4
_B,9,saturday,17,0.021402792877063537,4
_B,9,saturday,18,0.020776550427919357,4
_B,9,saturday,19,0.020194693211753104,4
_B,9,saturday,20,0.01945371940676971,4
_B,9,saturday,21,0.018706845938555115,4
_B,9,saturday,22,0.017950981999617165,4
_B,9,saturday,23,0.016808243340916258,4
_B,9,saturday,24,0.01644567441381356,4
_B,9,saturday,25,0.015668776426479118,4
_B,9,saturday,26,0.015366507182253384,4
_B,9,saturday,27,0.01576711414620573,4
_B,9,saturday,28,0.01710927090463423,4
_B,9,saturday,29,0.018120945293093042,4
_B,9,saturday,30,0.018123940027962304,4
_B,9,saturday,31,0.017881023396505897,4
_B,9,saturday,32,0.018662113370065486,4
_B,9,saturday,33,0.019305416982865323,4
_B,9,saturday,34,0.020311659784384074,4
_B,9,saturday,35,0.022267526787740834,4
_B,9,saturday,36,0.024144569891197492,4
_B,9,saturday,37,0.02568713350749575,4
_B,9,saturday,38,0.02647337640122323,4
_B,9,saturday,39,0.027035548549913017,4
_B,9,saturday,40,0.026574568411350002,4
_B,9,saturday,41,0.025692145226107722,4
_B,9,saturday,42,0.025358985375432692,4
_B,9,saturday,43,0.024746985107108665,4
_B,9,saturday,44,0.02372235804451727,4
_B,9,saturday,45,0.022562355172819352,4
_B,9,saturday,46,0.02153691237294787,4
_B,9,saturday,47,0.020143751680584555,4
_B,9,saturday,48,0.01988588727784617,4
_B,9,sunday,1,0.019927395571203526,4
_B,9,sunday,2,0.019875322872314076,4
_B,9,sunday,3,0.019493487303288225,4
_B,9,sunday,4,0.01965352618066054,4
_B,9,sunday,5,0.019360791585766805,4
_B,9,sunday,6,0.018718805176499445,4
_B,9,sunday,7,0.018164929956543053,4
_B,9,sunday,8,0.017913746150319716,4
_B,9,sunday,9,0.01727707190826943,4
_B,9,sunday,10,0.017201580383122646,4
_B,9,sunday,11,0.017505982143477827,4
_B,9,sunday,12,0.01794024736293617,4
_B,9,sunday,13,0.018842762980833018,4
_B,9,sunday,14,0.01900434454638051,4
_B,9,sunday,15,0.01942367377202199,4
_B,9,sunday,16,0.01897736941854867,4
_B,9,sunday,17,0.019596917356425117,4
_B,9,sunday,18,0.018814434754277624,4
_B,9,sunday,19,0.018662676350652968,4
_B,9,sunday,20,0.017923125303853028,4
_B,9,sunday,21,0.016596271236327453,4
_B,9,sunday,22,0.015707593199519553,4
_B,9,sunday,23,0.015377171976068027,4
_B,9,sunday,24,0.01549410354408716,4
_B,9,sunday,25,0.016975439202089885,4
_B,9,sunday,26,0.018105151733148233,4
_B,9,sunday,27,0.01865663209773039,4
_B,9,sunday,28,0.018441527370390082,4
_B,9,sunday,29,0.01886015027518725,4
_B,9,sunday,30,0.019021033490008825,4
_B,9,sunday,31,0.019466060797816633,4
_B,9,sunday,32,0.02092364011210352,4
_B,9,sunday,33,0.0223737073475903,4
_B,9,sunday,34,0.023641733050769467,4
_B,9,sunday,35,0.025152399245940423,4
_B,9,sunday,36,0.026911325696489234,4
_B,9,sunday,37,0.02835862963836119,4
_B,9,sunday,38,0.028705385559709584,4
_B,9,sunday,39,0.02919717977331323,4
_B,9,sunday,40,0.028841813165590285,4
_B,9,sunday,41,0.028128728224278695,4
_B,9,sunday,42,0.027461329599373446,4
_B,9,sunday,43,0.026261950193204136,4
_B,9,sunday,44,0.025718242952238363,4
_B,9,sunday,45,0.024393660897081924,4
_B,9,sunday,46,0.023583051371947043,4
_B,9,sunday,47,0.021758244168040255,4
_B,9,sunday,48,0.02160965300420103,4
_B,9,weekday,1,0.019454884191788736,22
_B,9,weekday,2,0.019373407857140056,22
_B,9,weekday,3,0.019145612710827323,22
_B,9,weekday,4,0.019152569584340775,22
_B,9,weekday,5,0.01884205738746223,22
_B,9,weekday,6,0.018574304000218096,22
_B,9,weekday,7,0.01815482275876817,22
_B,9,weekday,8,0.017908469989330215,22
_B,9,weekday,9,0.017733404668073667,22
_B,9,weekday,10,0.017782165711935114,22
_B,9,weekday,11,0.017894075986876912,22
_B,9,weekday,12,0.018586003223887336,22
_B,9,weekday,13,0.02065216855762086,22
_B,9,weekday,14,0.022157848294297715,22
_B,9,weekday,15,0.02383766172607229,22
_B,9,weekday,16,0.023737144539000266,22
_B,9,weekday,17,0.023689707602261835,22
_B,9,weekday,18,0.022555945667416144,22
_B,9,weekday,19,0.021575669652091387,22
_B,9,weekday,20,0.02014739077122487,22
_B,9,weekday,21,0.018800675378339973,22
_B,9,weekday,22,0.018047276839715205,22
_B,9,weekday,23,0.017431587427902077,22
_B,9,weekday,24,0.017203002092770467,22
_B,9,weekday,25,0.017025225771565608,22
_B,9,weekday,26,0.01712344080632107,22
_B,9,weekday,27,0.016853395003622998,22
_B,9,weekday,28,0.016781765478430303,22
_B,9,weekday,29,0.017255953363473773,22
_B,9,weekday,30,0.017317524197215037,22
_B,9,weekday,31,0.017426099686274496,22
_B,9,weekday,32,0.018645926789275222,22
_B,9,weekday,33,0.019858986190111234,22
_B,9,weekday,34,0.021611901857749756,22
_B,9,weekday,35,0.023503980495390046,22
_B,9,weekday,36,0.02487401703382404,22
_B,9,weekday,37,0.025736992121854926,22
_B,9,weekday,38,0.026414073327939755,22
_B,9,weekday,39,0.02743421718808928,22
_B,9,weekday,40,0.027288196719802874,22
_B,9,weekday,41,0.02757199855153212,22
_B,9,weekday,42,0.027085079929356458,22
_B,9,weekday,43,0.025958044545731265,22
_B,9,weekday,44,0.024977422541034855,22
_B,9,weekday,45,0.023290904210421334,22
_B,9,weekday,46,0.022275409545569357,22
_B,9,weekday,47,0.020870728915050138,22
_B,9,weekday,48,0.020380859111002323,22
_B,10,saturday,1,0.020287867347703357,4
_B,10,saturday,2,0.020084380711588405,4
_B,10,saturday,3,0.01986858628406864,4
_B,10,saturday,4,0.02007842997075148,4
_B,10,saturday,5,0.01988285181099387,4
_B,10,saturday,6,0.01961981403493609,4
_B,10,saturday,7,0.018649811648723213,4
_B,10,saturday,8,0.018202315875643336,4
_B,10,saturday,9,0.01787538115804624,4
_B,10,saturday,10,0.017648769166136974,4
_B,10,saturday,11,0.017115555622886455,4
_B,10,saturday,12,0.017099776422547817,4
_B,10,saturday,13,0.01775351919100758,4
_B,10,saturday,14,0.019030047167729117,4
_B,10,saturday,15,0.020050454842168223,4
_B,10,saturday,16,0.02045316486775433,4
_B,10,saturday,17,0.02124460305179436,4
_B,10,saturday,18,0.021278450775823368,4
_B,10,saturday,19,0.02087918480279497,4
_B,10,saturday,20,0.01976764619349291,4
_B,10,saturday,21,0.019193784943472132,4
_B,10,saturday,22,0.018895290788696652,4
_B,10,saturday,23,0.018650642956266623,4
_B,10,saturday,24,0.019488441580348282,4
_B,10,saturday,25,0.019667496122117264,4
_B,10,saturday,26,0.020044050719078832,4
_B,10,saturday,27,0.019730265826009244,4
_B,10,saturday,28,0.019271050485479488,4
_B,10,saturday,29,0.019104164068885647,4
_B,10,saturday,30,0.018767420162744387,4
_B,10,saturday,31,0.01812086678630221,4
_B,10,saturday,32,0.01929982978827357,4
_B,10,saturday,33,0.02037457694658478,4
_B,10,saturday,34,0.02266957387100006,4
_B,10,saturday,35,0.0252271226344306,4
_B,10,saturday,36,0.02579870111980264,4
_B,10,saturday,37,0.026710564199036203,4
_B,10,saturday,38,0.027185529132266635,4
_B,10,saturday,39,0.027254664591273202,4
_B,10,saturday,40,0.027023514620136392,4
_B,10,saturday,41,0.026113842400618432,4
_B,10,saturday,42,0.02577007534994437,4
_B,10,saturday,43,0.02407063758540705,4
_B,10,saturday,44,0.023300788098517877,4
_B,10,saturday,45,0.021761978913666394,4
_B,10,saturday,46,0.020795524206590074,4
_B,10,saturday,47,0.019843886324379976,4
_B,10,saturday,48,0.01899510483208028,4
_B,10,sunday,1,0.01784536343622264,4
_B,10,sunday,2,0.017698892629936774,4
_B,10,sunday,3,0.01760811537283378,4
_B,10,sunday,4,0.017812705816763266,4
_B,10,sunday,5,0.017710803649548943,4
_B,10,sunday,6,0.01727398507492807,4
_B,10,sunday,7,0.016985281495958703,4
_B,10,sunday,8,0.016965384517371545,4
_B,10,sunday,9,0.01651053206449714,4
_B,10,sunday,10,0.016287183827873444,4
_B,10,sunday,11,0.01593409748365149,4
_B,10,sunday,12,0.015902941868953677,4
_B,10,sunday,13,0.01614177300583508,4
_B,10,sunday,14,0.0166895789986984,4
_B,10,sunday,15,0.01738814891912628,4
_B,10,sunday,16,0.01751289126720926,4
_B,10,sunday,17,0.018794482660235975,4
_B,10,sunday,18,0.01832669982273996,4
_B,10,sunday,19,0.017791719886883644,4
_B,10,sunday,20,0.016928319444480307,4
_B,10,sunday,21,0.016887973604000447,4
_B,10,sunday,22,0.016751823838485662,4
_B,10,sunday,23,0.016929729973553208,4
_B,10,sunday,24,0.018085984157607794,4
_B,10,sunday,25,0.018714509812957216,4
_B,10,sunday,26,0.01934928344566098,4
_B,10,sunday,27,0.02054810198611569,4
_B,10,sunday,28,0.02110596030647555,4
_B,10,sunday,29,0.0210055314307231,4
_B,10,sunday,30,0.02130095246049176,4
_B,10,sunday,31,0.021443796139558744,4
_B,10,sunday,32,0.022821858796377565,4
_B,10,sunday,33,0.024114701242273287,4
_B,10,sunday,34,0.024903922971854144,4
_B,10,sunday,35,0.026145580135428118,4
_B,10,sunday,36,0.026781795081424652,4
_B,10,sunday,37,0.026983485874845337,4
_B,10,sunday,38,0.027319248829389763,4
_B,10,sunday,39,0.02693038463135404,4
_B,10,sunday,40,0.026568551557425477,4
_B,10,sunday,41,0.025756224541689587,4
_B,10,sunday,42,0.025068181666352187,4
_B,10,sunday,43,0.023977317230574332,4
_B,10,sunday,44,0.023363621705154887,4
_B,10,sunday,45,0.021584634719227967,4
_B,10,sunday,46,0.020897153549926013,4
_B,10,sunday,47,0.01947584925828595,4
_B,10,sunday,48,0.019200411993735633,4
_B,10,sunday,49,0.0160507223357977,1
_B,10,sunday,50,0.015823805479504734,1
_B,10,weekday,1,0.017472695581163353,23
_B,10,weekday,2,0.01756257195256217,23
_B,10,weekday,3,0.017482155442894567,23
_B,10,weekday,4,0.017547479611037416,23
_B,10,weekday,5,0.017336430429857958,23
_B,10,weekday,6,0.016944335627122463,23
_B,10,weekday,7,0.016536874793845423,23
_B,10,weekday,8,0.01628750286711883,23
_B,10,weekday,9,0.016152382659073115,23
_B,10,weekday,10,0.01604024206294542,23
_B,10,weekday,11,0.016159729069416838,23
_B,10,weekday,12,0.016873260705335957,23
_B,10,weekday,13,0.018905969890168704,23
_B,10,weekday,14,0.02055217175375745,23
_B,10,weekday,15,0.022177993974188962,23
_B,10,weekday,16,0.022753620193411924,23
_B,10,weekday,17,0.02351861061153309,23
_B,10,weekday,18,0.023192196655626753,23
_B,10,weekday,19,0.022988719643071254,23
_B,10,weekday,20,0.022393990452395443,23
_B,10,weekday,21,0.021702953815054715,23
_B,10,weekday,22,0.02121308227023869,23
_B,10,weekday,23,0.02109577890467306,23
_B,10,weekday,24,0.021023525973370077,23
_B,10,weekday,25,0.020895769627562143,23
_B,10,weekday,26,0.02072430396483155,23
_B,10,weekday,27,0.020836196182955034,23
_B,10,weekday,28,0.020881601254264238,23
_B,10,weekday,29,0.020941175160938016,23
_B,10,weekday,30,0.02122997923878894,23
_B,10,weekday,31,0.02153023180450566,23
_B,10,weekday,32,0.022508132551731955,23
_B,10,weekday,33,0.023077788939531024,23
_B,10,weekday,34,0.023897362052148378,23
_B,10,weekday,35,0.024840303392391228,23
_B,10,weekday,36,0.02518557231482892,23
_B,10,weekday,37,0.025427074918636865,23
_B,10,weekday,38,0.025316135778157434,23
_B,10,weekday,39,0.02577839719420503,23
_B,10,weekday,40,0.025112771807183864,23
_B,10,weekday,41,0.024344471080386648,23
_B,10,weekday,42,0.02367220920606101,23
_B,10,weekday,43,0.022629522085823386,23
_B,10,weekday,44,0.02176211101262225,23
_B,10,weekday,45,0.020436465315262813,23
_B,10,weekday,46,0.01936908027021985,23
_B,10,weekday,47,0.0181111458312732,23
_B,10,weekday,48,0.017577924075826926,23
_B,11,saturday,1,0.018412160617008212,5
_B,11,saturday,2,0.019028389430461642,5
_B,11,saturday,3,0.01881103997932953,5
_B,11,saturday,4,0.018515124997569247,5
_B,11,saturday,5,0.018208128777923126,5
_B,11,saturday,6,0.0175343733572137,5
_B,11,saturday,7,0.016924334165834404,5
_B,11,saturday,8,0.016534485251848863,5
_B,11,saturday,9,0.016014744491090235,5
_B,11,saturday,10,0.015657691720268443,5
_B,11,saturday,11,0.015322220092465158,5
_B,11,saturday,12,0.015660484788579454,5
_B,11,saturday,13,0.016706795151638466,5
_B,11,saturday,14,0.017509499812004788,5
_B,11,saturday,15,0.018883198850906995,5
_B,11,saturday,16,0.019458572197129896,5
_B,11,saturday,17,0.020560389483411292,5
_B,11,saturday,18,0.020444945313790687,5
_B,11,saturday,19,0.020706367731778863,5
_B,11,saturday,20,0.020785890736093486,5
_B,11,saturday,21,0.020419959681995094,5
_B,11,saturday,22,0.020196483312733493,5
_B,11,saturday,23,0.02029637466690841,5
_B,11,saturday,24,0.020456930451476,5
_B,11,saturday,25,0.020446676943457344,5
_B,11,saturday,26,0.02083469769871464,5
_B,11,saturday,27,0.021196002952754242,5
_B,11,saturday,28,0.0213214566124822,5
_B,11,saturday,29,0.021696413652844998,5
_B,11,saturday,30,0.022632815882523527,5
_B,11,saturday,31,0.02362626144427663,5
_B,11,saturday,32,0.02434115006337468,5
_B,11,saturday,33,0.02533359192228926,5
_B,11,saturday,34,0.026278640712907038,5
_B,11,saturday,35,0.026977080270015486,5
_B,11,saturday,36,0.02718730580338972,5
_B,11,saturday,37,0.027114106013705057,5
_B,11,saturday,38,0.026585192833240807,5
_B,11,saturday,39,0.025613440129874654,5
_B,11,saturday,40,0.025285885105322294,5
_B,11,saturday,41,0.024405523428966156,5
_B,11,saturday,42,0.023727237512308867,5
_B,11,saturday,43,0.022432887754530433,5
_B,11,saturday,44,0.021768046831677705,5
_B,11,saturday,45,0.02086240459220005,5
_B,11,saturday,46,0.020074015019457655,5
_B,11,saturday,47,0.01874916789168734,5
_B,11,saturday,48,0.018461413868539733,5
_B,11,sunday,1,0.01853145810228628,5
_B,11,sunday,2,0.019338489228936374,5
_B,11,sunday,3,0.019125054425956047,5
_B,11,sunday,4,0.018795980723526288,5
_B,11,sunday,5,0.018555039105519137,5
_B,11,sunday,6,0.018205136421995637,5
_B,11,sunday,7,0.017554002512137727,5
_B,11,sunday,8,0.017207537791963528,5
_B,11,sunday,9,0.016664055702567467,5
_B,11,sunday,10,0.016521449045036444,5
_B,11,sunday,11,0.016244244334948088,5
_B,11,sunday,12,0.015878050020421048,5
_B,11,sunday,13,0.01666696238842342,5
_B,11,sunday,14,0.01729200515982052,5
_B,11,sunday,15,0.018048257571150184,5
_B,11,sunday,16,0.01855803280989328,5
_B,11,sunday,17,0.019153110230291433,5
_B,11,sunday,18,0.019375569470496727,5
_B,11,sunday,19,0.01922203120550559,5
_B,11,sunday,20,0.01847521593044891,5
_B,11,sunday,21,0.018241055047991377,5
_B,11,sunday,22,0.01802237080845136,5
_B,11,sunday,23,0.01808469923702713,5
_B,11,sunday,24,0.018326160509995082,5
_B,11,sunday,25,0.019276568093643857,5
_B,11,sunday,26,0.019967700987466443,5
_B,11,sunday,27,0.020234299665864826,5
_B,11,sunday,28,0.021035938238653996,5
_B,11,sunday,29,0.021253004031005076,5
_B,11,sunday,30,0.02235794443812166,5
_B,11,sunday,31,0.024564170328944573,5
_B,11,sunday,32,0.025894544815097027,5
_B,11,sunday,33,0.02784032165028748,5
_B,11,sunday,34,0.028407146954191803,5
_B,11,sunday,35,0.02919696832012992,5
_B,11,sunday,36,0.029248458495375072,5
_B,11,sunday,37,0.028444104562086507,5
_B,11,sunday,38,0.027694691137831417,5
_B,11,sunday,39,0.027045482320161886,5
_B,11,sunday,40,0.0260059803026264,5
_B,11,sunday,41,0.025107636137364865,5
_B,11,sunday,42,0.024265529711905716,5
_B,11,sunday,43,0.022569362659156343,5
_B,11,sunday,44,0.021638303426632487,5
_B,11,sunday,45,0.020617589442630337,5
_B,11,sunday,46,0.01949858588603709,5
_B,11,sunday,47,0.01828756932743856,5
_B,11,sunday,48,0.01746213128255761,5
_B,11,weekday,1,0.016795874274403936,20
_B,11,weekday,2,0.017256777941943708,20
_B,11,weekday,3,0.017343193375145192,20
_B,11,weekday,4,0.017022631705637992,20
_B,11,weekday,5,0.01666630497472322,20
_B,11,weekday,6,0.016233993440032655,20
_B,11,weekday,7,0.015911534318701268,20
_B,11,weekday,8,0.015691341118225892,20
_B,11,weekday,9,0.0153348514192543,20
_B,11,weekday,10,0.015194998151555025,20
_B,11,weekday,11,0.015282480769067647,20
_B,11,weekday,12,0.015864438494676173,20
_B,11,weekday,13,0.017982673166324112,20
_B,11,weekday,14,0.019842841388040062,20
_B,11,weekday,15,0.021781952402492,20
_B,11,weekday,16,0.022366701494783488,20
_B,11,weekday,17,0.02330953710684859,20
_B,11,weekday,18,0.02318089705054601,20
_B,11,weekday,19,0.02313619062057398,20
_B,11,weekday,20,0.022504366057283266,20
_B,11,weekday,21,0.0216383260235141,20
_B,11,weekday,22,0.021402259460360788,20
_B,11,weekday,23,0.021106242705824382,20
_B,11,weekday,24,0.021215005301517605,20
_B,11,weekday,25,0.021528716535826928,20
_B,11,weekday,26,0.021818392969471218,20
_B,11,weekday,27,0.022028778697109116,20
_B,11,weekday,28,0.02236815041914057,20
_B,11,weekday,29,0.02266586091907911,20
_B,11,weekday,30,0.023217969127185822,20
_B,11,weekday,31,0.02367687944669516,20
_B,11,weekday,32,0.024459525448256813,20
_B,11,weekday,33,0.02511708699062472,20
_B,11,weekday,34,0.025488991311836757,20
_B,11,weekday,35,0.02582142743095825,20
_B,11,weekday,36,0.02568892015766907,20
_B,11,weekday,37,0.02549738134270917,20
_B,11,weekday,38,0.025373446791209738,20
_B,11,weekday,39,0.025342311579575765,20
_B,11,weekday,40,0.024480860971707374,20
_B,11,weekday,41,0.023568120499967832,20
_B,11,weekday,42,0.02286908313548055,20
_B,11,weekday,43,0.021640107104762933,20
_B,11,weekday,44,0.020621891613764345,20
_B,11,weekday,45,0.019454345316554468,20
_B,11,weekday,46,0.01854459552838914,20
_B,11,weekday,47,0.01757430564065792,20
_B,11,weekday,48,0.017087438259891848,20
_B,12,saturday,1,0.018070141819523926,4
_B,12,saturday,2,0.0191269897184282,4
_B,12,saturday,3,0.019422464817565117,4
_B,12,saturday,4,0.018950185915776248,4
_B,12,saturday,5,0.018812642862009777,4
_B,12,saturday,6,0.01823048666257164,4
_B,12,saturday,7,0.017768663127288555,4
_B,12,saturday,8,0.01724188758705842,4
_B,12,saturday,9,0.016963006933801195,4
_B,12,saturday,10,0.01672932591181564,4
_B,12,saturday,11,0.016431264176966894,4
_B,12,saturday,12,0.016348270219156844,4
_B,12,saturday,13,0.01709805944113884,4
_B,12,saturday,14,0.017862415609161412,4
_B,12,saturday,15,0.018630076990093468,4
_B,12,saturday,16,0.01936332715912538,4
_B,12,saturday,17,0.020767396587829414,4
_B,12,saturday,18,0.021229911092405143,4
_B,12,saturday,19,0.02152927041014894,4
_B,12,saturday,20,0.021482956617423582,4
_B,12,saturday,21,0.02114115229498994,4
_B,12,saturday,22,0.021246703656483176,4
_B,12,saturday,23,0.021441067498020137,4
_B,12,saturday,24,0.021421829893136773,4
_B,12,saturday,25,0.02122544575730039,4
_B,12,saturday,26,0.021352019037825458,4
_B,12,saturday,27,0.021957077074907804,4
_B,12,saturday,28,0.022366094381016853,4
_B,12,saturday,29,0.022425139781545624,4
_B,12,saturday,30,0.022849695430376404,4
_B,12,saturday,31,0.023314383117600656,4
_B,12,saturday,32,0.023837064308909413,4
_B,12,saturday,33,0.025197548407169805,4
_B,12,saturday,34,0.025532273241246517,4
_B,12,saturday,35,0.026296017170606076,4
_B,12,saturday,36,0.025858753502258445,4
_B,12,saturday,37,0.025188408936807502,4
_B,12,saturday,38,0.02518896721938311,4
_B,12,saturday,39,0.02478056168273695,4
_B,12,saturday,40,0.023813376881834117,4
_B,12,saturday,41,0.02304985596602821,4
_B,12,saturday,42,0.02265341912319139,4
_B,12,saturday,43,0.021388386416660417,4
_B,12,saturday,44,0.02049230736229825,4
_B,12,saturday,45,0.019385692205788528,4
_B,12,saturday,46,0.019002279502071458,4
_B,12,saturday,47,0.01790079088836352,4
_B,12,saturday,48,0.01763494560215447,4
_B,12,sunday,1,0.017754517104871182,4
_B,12,sunday,2,0.018456920121851857,4
_B,12,sunday,3,0.01826108277930482,4
_B,12,sunday,4,0.018144712798449394,4
_B,12,sunday,5,0.01776856919266634,4
_B,12,sunday,6,0.017489895311441413,4
_B,12,sunday,7,0.01686474235345449,4
_B,12,sunday,8,0.016378445120994928,4
_B,12,sunday,9,0.01613605510006132,4
_B,12,sunday,10,0.01580930892216211,4
_B,12,sunday,11,0.015524708080350506,4
_B,12,sunday,12,0.01544018757458877,4
_B,12,sunday,13,0.01612091681019706,4
_B,12,sunday,14,0.016669879985242202,4
_B,12,sunday,15,0.01769272331681341,4
_B,12,sunday,16,0.018303739989004017,4
_B,12,sunday,17,0.01935413923015743,4
_B,12,sunday,18,0.01980554754254484,4
_B,12,sunday,19,0.021583071772974336,4
_B,12,sunday,20,0.021776603464468098,4
_B,12,sunday,21,0.02235615113549934,4
_B,12,sunday,22,0.02236377865741568,4
_B,12,sunday,23,0.02262863574497437,4
_B,12,sunday,24,0.02265435891563871,4
_B,12,sunday,25,0.02325694510799579,4
_B,12,sunday,26,0.023678398957136956,4
_B,12,sunday,27,0.02377369627279044,4
_B,12,sunday,28,0.02403824421278039,4
_B,12,sunday,29,0.023974596292307644,4
_B,12,sunday,30,0.02464763116675459,4
_B,12,sunday,31,0.0246393006849133,4
_B,12,sunday,32,0.025115735564041432,4
_B,12,sunday,33,0.025977435576955976,4
_B,12,sunday,34,0.026255343699571047,4
_B,12,sunday,35,0.02636097895487875,4
_B,12,sunday,36,0.026190885071962464,4
_B,12,sunday,37,0.025537988477354875,4
_B,12,sunday,38,0.02559228044000595,4
_B,12,sunday,39,0.02462592431052603,4
_B,12,sunday,40,0.02358613559445241,4
_B,12,sunday,41,0.023030738902529907,4
_B,12,sunday,42,0.02223783332315223,4
_B,12,sunday,43,0.021113091147799794,4
_B,12,sunday,44,0.020299652642052374,4
_B,12,sunday,45,0.019034034860305023,4
_B,12,sunday,46,0.018073809292789934,4
_B,12,sunday,47,0.017037102207176528,4
_B,12,sunday,48,0.016583526214639557,4
_B,12,weekday,1,0.01688035911678048,23
_B,12,weekday,2,0.017652489014150875,23
_B,12,weekday,3,0.017672495035422425,23
_B,12,weekday,4,0.017471176230325347,23
_B,12,weekday,5,0.01710908362185245,23
_B,12,weekday,6,0.016731298435321874,23
_B,12,weekday,7,0.0162687377549451,23
_B,12,weekday,8,0.015950345450895926,23
_B,12,weekday,9,0.015569728738336995,23
_B,12,weekday,10,0.015452070882045725,23
_B,12,weekday,11,0.015292997760583403,23
_B,12,weekday,12,0.01572661684660997,23
_B,12,weekday,13,0.01744737841319939,23
_B,12,weekday,14,0.01893459034521151,23
_B,12,weekday,15,0.02060254533148242,23
_B,12,weekday,16,0.02142447276038361,23
_B,12,weekday,17,0.02269694973726888,23
_B,12,weekday,18,0.023046798837402932,23
_B,12,weekday,19,0.0235017861529623,23
_B,12,weekday,20,0.02322853040862918,23
_B,12,weekday,21,0.02285532359774901,23
_B,12,weekday,22,0.022602074434492952,23
_B,12,weekday,23,0.02217828115520992,23
_B,12,weekday,24,0.022043441599027814,23
_B,12,weekday,25,0.022272755009487732,23
_B,12,weekday,26,0.022285454675254283,23
_B,12,weekday,27,0.022599514231485405,23
_B,12,weekday,28,0.02273988167609083,23
_B,12,weekday,29,0.022732437784434272,23
_B,12,weekday,30,0.023552993677273548,23
_B,12,weekday,31,0.024087853566037525,23
_B,12,weekday,32,0.02468456284723596,23
_B,12,weekday,33,0.025151711333703367,23
_B,12,weekday,34,0.02523758056120252,23
_B,12,weekday,35,0.025248739631149774,23
_B,12,weekday,36,0.025167384453767944,23
_B,12,weekday,37,0.024745556535744458,23
_B,12,weekday,38,0.02452808362091712,23
_B,12,weekday,39,0.024540851367157394,23
_B,12,weekday,40,0.023805364594063166,23
_B,12,weekday,41,0.022955214460825827,23
_B,12,weekday,42,0.02215411855279243,23
_B,12,weekday,43,0.021216708581308776,23
_B,12,weekday,44,0.020411679270079693,23
_B,12,weekday,45,0.019253081050539484,23
_B,12,weekday,46,0.018304851523351224,23
_B,12,weekday,47,0.01725538163584175,23
_B,12,weekday,48,0.016728667699965043,23
_C,1,saturday,1,0.018605630507702337,9
_C,1,saturday,2,0.018154124527070013,9
_C,1,saturday,3,0.017487410847923306,9
_C,1,saturday,4,0.016775612049726954,9
_C,1,saturday,5,0.016346507025282887,9
_C,1,saturday,6,0.01601497703495015,9
_C,1,saturday,7,0.01572222324366097,9
_C,1,saturday,8,0.015462000490191061,9
_C,1,saturday,9,0.015310340712568581,9
_C,1,saturday,10,0.015242953341793628,9
_C,1,saturday,11,0.015519327220708472,9
_C,1,saturday,12,0.015872503700675167,9
_C,1,saturday,13,0.016590752671617304,9
_C,1,saturday,14,0.017075926322336708,9
_C,1,saturday,15,0.017885320412403958,9
_C,1,saturday,16,0.018452343861941202,9
_C,1,saturday,17,0.019443892428494494,9
_C,1,saturday,18,0.020298347976005122,9
_C,1,saturday,19,0.02119895049857208,9
_C,1,saturday,20,0.021866686395289395,9
_C,1,saturday,21,0.02251641256201845,9
_C,1,saturday,22,0.02292649721611078,9
_C,1,saturday,23,0.023266996978789523,9
_C,1,saturday,24,0.02348660104783997,9
_C,1,saturday,25,0.023709174426484958,9
_C,1,saturday,26,0.02377256106489375,9
_C,1,saturday,27,0.023706940327741,9
_C,1,saturday,28,0.023628880414041986,9
_C,1,saturday,29,0.023568222663330623,9
_C,1,saturday,30,0.02352691991593646,9
_C,1,saturday,31,0.023537562590892198,9
_C,1,saturday,32,0.02360382614407186,9
_C,1,saturday,33,0.023925320728206377,9
_C,1,saturday,34,0.024472467613509807,9
_C,1,saturday,35,0.024946240464423237,9
_C,1,saturday,36,0.0250976744548314,9
_C,1,saturday,37,0.025076566180673516,9
_C,1,saturday,38,0.024968614513631388,9
_C,1,saturday,39,0.024622933820828388,9
_C,1,saturday,40,0.024223704943089966,9
_C,1,saturday,41,0.02369828473514592,9
_C,1,saturday,42,0.023170897602459287,9
_C,1,saturday,43,0.02263071168147399,9
_C,1,saturday,44,0.022044172440720062,9
_C,1,saturday,45,0.021274233562172055,9
_C,1,saturday,46,0.020488282735728516,9
_C,1,saturday,47,0.019618793299643358,9
_C,1,saturday,48,0.01916467460239737,9
_C,1,sunday,1,0.018898023158125703,8
_C,1,sunday,2,0.01845668541190224,8
_C,1,sunday,3,0.01782859825173608,8
_C,1,sunday,4,0.017117133561521544,8
_C,1,sunday,5,0.01669313618989077,8
_C,1,sunday,6,0.016368258149771626,8
_C,1,sunday,7,0.01604580173499152,8
_C,1,sunday,8,0.015764317095586917,8
_C,1,sunday,9,0.015569445043847222,8
_C,1,sunday,10,0.015420290726695053,8
_C,1,sunday,11,0.015478944163569253,8
_C,1,sunday,12,0.015578424691170397,8
_C,1,sunday,13,0.016037598652858504,8
_C,1,sunday,14,0.016409940517478374,8
_C,1,sunday,15,0.017133629543288644,8
_C,1,sunday,16,0.017623513919864886,8
_C,1,sunday,17,0.01856083547370708,8
_C,1,sunday,18,0.01944869170875038,8
_C,1,sunday,19,0.02039129161053399,8
_C,1,sunday,20,0.021142770230406623,8
_C,1,sunday,21,0.02195759239035202,8
_C,1,sunday,22,0.022521049018216728,8
_C,1,sunday,23,0.023043904852059312,8
_C,1,sunday,24,0.02343906976549492,8
_C,1,sunday,25,0.02380536591743807,8
_C,1,sunday,26,0.023995805291175433,8
_C,1,sunday,27,0.024130808654284918,8
_C,1,sunday,28,0.02421956164318119,8
_C,1,sunday,29,0.024341731389321174,8
_C,1,sunday,30,0.024347791351980983,8
_C,1,sunday,31,0.024453696577852076,8
_C,1,sunday,32,0.024524633514544782,8
_C,1,sunday,33,0.024825313489652685,8
_C,1,sunday,34,0.02529172901182511,8
_C,1,sunday,35,0.025608533690807324,8
_C,1,sunday,36,0.025695226773257945,8
_C,1,sunday,37,0.025595264227371076,8
_C,1,sunday,38,0.025368485298255587,8
_C,1,sunday,39,0.024928888584948027,8
_C,1,sunday,40,0.024376371163628445,8
_C,1,sunday,41,0.023742368732951352,8
_C,1,sunday,42,0.02306685985239032,8
_C,1,sunday,43,0.022362199488650706,8
_C,1,sunday,44,0.02154711093709858,8
_C,1,sunday,45,0.020609389130580004,8
_C,1,sunday,46,0.019608533619921126,8
_C,1,sunday,47,0.01858759444116827,8
_C,1,sunday,48,0.01803779135589503,8
_C,1,weekday,1,0.01640878428577655,45
_C,1,weekday,2,0.01601757372236547,45
_C,1,weekday,3,0.01548281527932337,45
_C,1,weekday,4,0.01493804922746028,45
_C,1,weekday,5,0.014619879860025341,45
_C,1,weekday,6,0.014385434246059117,45
_C,1,weekday,7,0.014188567657046524,45
_C,1,weekday,8,0.014001414917575656,45
_C,1,weekday,9,0.014006812979109077,45
_C,1,weekday,10,0.014120530392554401,45
_C,1,weekday,11,0.014733968467770722,45
_C,1,weekday,12,0.015515404017972327,45
_C,1,weekday,13,0.017121934781674192,45
_C,1,weekday,14,0.018373034530512294,45
_C,1,weekday,15,0.020138070726920476,45
_C,1,weekday,16,0.021089952393082572,45
_C,1,weekday,17,0.021950689961724713,45
_C,1,weekday,18,0.02250341473639791,45
_C,1,weekday,19,0.023250648973255395,45
_C,1,weekday,20,0.023685749056544317,45
_C,1,weekday,21,0.024041117238872048,45
_C,1,weekday,22,0.024234083830597455,45
_C,1,weekday,23,0.024409229011978305,45
_C,1,weekday,24,0.02448974732930202,45
_C,1,weekday,25,0.024690923141522405,45
_C,1,weekday,26,0.024751261366708497,45
_C,1,weekday,27,0.024742256168080918,45
_C,1,weekday,28,0.024592019276828688,45
_C,1,weekday,29,0.024492201260166352,45
_C,1,weekday,30,0.024332107814126255,45
_C,1,weekday,31,0.02422682009904667,45
_C,1,weekday,32,0.024327483009593934,45
_C,1,weekday,33,0.024700431059700052,45
_C,1,weekday,34,0.025126867270567614,45
_C,1,weekday,35,0.025371839523078935,45
_C,1,weekday,36,0.025364298511261263,45
_C,1,weekday,37,0.025097945460515723,45
_C,1,weekday,38,0.024900191815703562,45
_C,1,weekday,39,0.02437802844496207,45
_C,1,weekday,40,0.023801540995258972,45
_C,1,weekday,41,0.02305238899451619,45
_C,1,weekday,42,0.02235579203725546,45
_C,1,weekday,43,0.0215794371805695,45
_C,1,weekday,44,0.020751232604885143,45
_C,1,weekday,45,0.01978829618538578,45
_C,1,weekday,46,0.01883028431780771,45
_C,1,weekday,47,0.01779307060822743,45
_C,1,weekday,48,0.01724637523033033,45
_C,2,saturday,1,0.0186946820574868,8
_C,2,saturday,2,0.018240558543741722,8
_C,2,saturday,3,0.0175826922269018,8
_C,2,saturday,4,0.016891797844128243,8
_C,2,saturday,5,0.016462868964584793,8
_C,2,saturday,6,0.01613291141925037,8
_C,2,saturday,7,0.01580002916380047,8
_C,2,saturday,8,0.015528219529087632,8
_C,2,saturday,9,0.01541673140170808,8
_C,2,saturday,10,0.015400885673719677,8
_C,2,saturday,11,0.015661705693246222,8
_C,2,saturday,12,0.015996502181342697,8
_C,2,saturday,13,0.016732328148300606,8
_C,2,saturday,14,0.01721816988187974,8
_C,2,saturday,15,0.017973827568716332,8
_C,2,saturday,16,0.01856839225991269,8
_C,2,saturday,17,0.019645564110090653,8
_C,2,saturday,18,0.020485622388431844,8
_C,2,saturday,19,0.021363927607073653,8
_C,2,saturday,20,0.021983229325051798,8
_C,2,saturday,21,0.02270609569599297,8
_C,2,saturday,22,0.02311076453054767,8
_C,2,saturday,23,0.02345416555722422,8
_C,2,saturday,24,0.023635009087910618,8
_C,2,saturday,25,0.023846117283450444,8
_C,2,saturday,26,0.02389995885297608,8
_C,2,saturday,27,0.02383283176606242,8
_C,2,saturday,28,0.02373390292751456,8
_C,2,saturday,29,0.023601735873425338,8
_C,2,saturday,30,0.02350430758317046,8
_C,2,saturday,31,0.02343363343753913,8
_C,2,saturday,32,0.023360839327344483,8
_C,2,saturday,33,0.023473500349987516,8
_C,2,saturday,34,0.023757542797059696,8
_C,2,saturday,35,0.024351379385169063,8
_C,2,saturday,36,0.024777016290004138,8
_C,2,saturday,37,0.024883153925266403,8
_C,2,saturday,38,0.024811149821375,8
_C,2,saturday,39,0.024592063482263872,8
_C,2,saturday,40,0.024153750068107598,8
_C,2,saturday,41,0.023653873220072105,8
_C,2,saturday,42,0.02311913164410887,8
_C,2,saturday,43,0.022541609695365998,8
_C,2,saturday,44,0.02192934687209113,8
_C,2,saturday,45,0.021183946003534442,8
_C,2,saturday,46,0.020368885731557342,8
_C,2,saturday,47,0.01947149656355928,8
_C,2,saturday,48,0.01903214623886331,8
_C,2,sunday,1,0.01884696080856417,8
_C,2,sunday,2,0.018406641902012476,8
_C,2,sunday,3,0.01774891616353592,8
_C,2,sunday,4,0.01706774491064413,8
_C,2,sunday,5,0.01664629920763862,8
_C,2,sunday,6,0.016327157399853222,8
_C,2,sunday,7,0.01599994583130307,8
_C,2,sunday,8,0.015701209402985854,8
_C,2,sunday,9,0.015555206838568165,8
_C,2,sunday,10,0.015439435342032914,8
_C,2,sunday,11,0.015516129034248795,8
_C,2,sunday,12,0.015603128288999079,8
_C,2,sunday,13,0.016041853256995624,8
_C,2,sunday,14,0.016408542773586457,8
_C,2,sunday,15,0.017090931760859532,8
_C,2,sunday,16,0.017639164073844908,8
_C,2,sunday,17,0.018661676174694962,8
_C,2,sunday,18,0.019531526845021796,8
_C,2,sunday,19,0.020515206115792453,8
_C,2,sunday,20,0.021240493585371265,8
_C,2,sunday,21,0.02203088057009287,8
_C,2,sunday,22,0.022502606932198365,8
_C,2,sunday,23,0.02296922936892111,8
_C,2,sunday,24,0.023291108587896216,8
_C,2,sunday,25,0.023618445400042515,8
_C,2,sunday,26,0.023806053550494824,8
_C,2,sunday,27,0.023945447091878166,8
_C,2,sunday,28,0.023922526401639544,8
_C,2,sunday,29,0.02384036167474959,8
_C,2,sunday,30,0.023767681624120997,8
_C,2,sunday,31,0.023783836625301806,8
_C,2,sunday,32,0.023777188087607738,8
_C,2,sunday,33,0.02409116463146952,8
_C,2,sunday,34,0.02451329079101099,8
_C,2,sunday,35,0.025190380671747364,8
_C,2,sunday,36,0.02571366904108076,8
_C,2,sunday,37,0.025819134773671346,8
_C,2,sunday,38,0.025725125282278303,8
_C,2,sunday,39,0.02536538487870935,8
_C,2,sunday,40,0.024843895681462926,8
_C,2,sunday,41,0.02419179108857345,8
_C,2,sunday,42,0.02356972426764391,8
_C,2,sunday,43,0.022836902820188427,8
_C,2,sunday,44,0.022041728564587026,8
_C,2,sunday,45,0.021108468862647063,8
_C,2,sunday,46,0.020119055879547747,8
_C,2,sunday,47,0.019087668175410556,8
_C,2,sunday,48,0.018539078958474092,8
_C,2,weekday,1,0.01639922720928027,40
_C,2,weekday,2,0.015992029794162463,40
_C,2,weekday,3,0.01543172884173769,40
_C,2,weekday,4,0.01488651212400006,40
_C,2,weekday,5,0.01457325566160315,40
_C,2,weekday,6,0.01433717458812327,40
_C,2,weekday,7,0.014136747065164814,40
_C,2,weekday,8,0.013970426028621368,40
_C,2,weekday,9,0.014014516958766746,40
_C,2,weekday,10,0.014190956762532504,40
_C,2,weekday,11,0.014851654647613136,40
_C,2,weekday,12,0.01565390335917937,40
_C,2,weekday,13,0.01730317618334416,40
_C,2,weekday,14,0.01854881470126397,40
_C,2,weekday,15,0.02028504397703788,40
_C,2,weekday,16,0.02123897740191934,40
_C,2,weekday,17,0.02218266863254831,40
_C,2,weekday,18,0.022751999093757382,40
_C,2,weekday,19,0.0234755840234907,40
_C,2,weekday,20,0.023842511086732986,40
_C,2,weekday,21,0.02414308097488865,40
_C,2,weekday,22,0.024271472612866312,40
_C,2,weekday,23,0.024417350865252034,40
_C,2,weekday,24,0.024462404004440448,40
_C,2,weekday,25,0.024650401054634622,40
_C,2,weekday,26,0.024682341862272663,40
_C,2,weekday,27,0.024637251610509787,40
_C,2,weekday,28,0.024461262907131572,40
_C,2,weekday,29,0.024321838207987414,40
_C,2,weekday,30,0.024158729140973036,40
_C,2,weekday,31,0.024052881217289622,40
_C,2,weekday,32,0.02408489443398857,40
_C,2,weekday,33,0.024306690749999898,40
_C,2,weekday,34,0.024607467223292826,40
_C,2,weekday,35,0.02502710485426416,40
_C,2,weekday,36,0.02525317159706612,40
_C,2,weekday,37,0.025164115621580767,40
_C,2,weekday,38,0.025023398266420104,40
_C,2,weekday,39,0.02449547020286008,40
_C,2,weekday,40,0.023924439595592508,40
_C,2,weekday,41,0.023161422513480377,40
_C,2,weekday,42,0.022473752944069662,40
_C,2,weekday,43,0.02167431250128865,40
_C,2,weekday,44,0.020812260381895837,40
_C,2,weekday,45,0.01983841149048483,40
_C,2,weekday,46,0.018844672715039684,40
_C,2,weekday,47,0.017778594968896232,40
_C,2,weekday,48,0.01720389734065396,40
_C,3,saturday,1,0.018977124708164393,9
_C,3,saturday,2,0.018542006785534287,9
_C,3,saturday,3,0.01788257010625138,9
_C,3,saturday,4,0.017209508157374476,9
_C,3,saturday,5,0.016814840194573827,9
_C,3,saturday,6,0.01650949489784206,9
_C,3,saturday,7,0.016294637430712754,9
_C,3,saturday,8,0.016125239211859026,9
_C,3,saturday,9,0.016107050306168526,9
_C,3,saturday,10,0.01601400600258729,9
_C,3,saturday,11,0.016240168948380193,9
_C,3,saturday,12,0.016521936885737384,9
_C,3,saturday,13,0.01719092491515388,9
_C,3,saturday,14,0.017689761223030703,9
_C,3,saturday,15,0.01855552350257963,9
_C,3,saturday,16,0.0191809176492625,9
_C,3,saturday,17,0.02012428606607243,9
_C,3,saturday,18,0.020835159766485953,9
_C,3,saturday,19,0.021576312326790553,9
_C,3,saturday,20,0.022018114248908528,9
_C,3,saturday,21,0.022501888857160573,9
_C,3,saturday,22,0.02274972492684006,9
_C,3,saturday,23,0.022944954372022763,9
_C,3,saturday,24,0.023031654056576034,9
_C,3,saturday,25,0.0231617680857464,9
_C,3,saturday,26,0.023168170309289995,9
_C,3,saturday,27,0.023079625540481666,9
_C,3,saturday,28,0.022904424562736322,9
_C,3,saturday,29,0.02274228374931246,9
_C,3,saturday,30,0.022629800947113435,9
_C,3,saturday,31,0.02258324511790783,9
_C,3,saturday,32,0.022545145753040657,9
_C,3,saturday,33,0.02269365777006766,9
_C,3,saturday,34,0.022992702443775253,9
_C,3,saturday,35,0.023546279780213872,9
_C,3,saturday,36,0.02415913129192343,9
_C,3,saturday,37,0.02454380309866845,9
_C,3,saturday,38,0.024805724187033848,9
_C,3,saturday,39,0.02477935993171025,9
_C,3,saturday,40,0.024413944098903698,9
_C,3,saturday,41,0.02389887962475324,9
_C,3,saturday,42,0.023386270055546766,9
_C,3,saturday,43,0.022816662835127666,9
_C,3,saturday,44,0.022213732599722678,9
_C,3,saturday,45,0.021462156069765773,9
_C,3,saturday,46,0.02068541178111099,9
_C,3,saturday,47,0.019804166838598276,9
_C,3,saturday,48,0.019345847981380157,9
_C,3,sunday,1,0.019171659796837968,10
_C,3,sunday,2,0.018735467700930198,10
_C,3,sunday,3,0.018070265820824362,10
_C,3,sunday,4,0.01739875788452175,10
_C,3,sunday,5,0.017018264110272532,10
_C,3,sunday,6,0.01667640747002809,10
_C,3,sunday,7,0.016415902245700918,10
_C,3,sunday,8,0.016240391035825596,10
_C,3,sunday,9,0.01623580859577613,10
_C,3,sunday,10,0.016108229212587203,10
_C,3,sunday,11,0.016177735148566543,10
_C,3,sunday,12,0.016216919018251105,10
_C,3,sunday,13,0.016653657130063268,10
_C,3,sunday,14,0.01705616196999257,10
_C,3,sunday,15,0.01787219245367903,10
_C,3,sunday,16,0.01846779066847059,10
_C,3,sunday,17,0.01941849969818802,10
_C,3,sunday,18,0.020115469099633024,10
_C,3,sunday,19,0.020858397475703623,10
_C,3,sunday,20,0.021375892704048934,10
_C,3,sunday,21,0.02191191687456863,10
_C,3,sunday,22,0.022240216780727275,10
_C,3,sunday,23,0.02256135177795261,10
_C,3,sunday,24,0.022741299538379483,10
_C,3,sunday,25,0.02296731455891313,10
_C,3,sunday,26,0.023111774361956522,10
_C,3,sunday,27,0.023192714730684343,10
_C,3,sunday,28,0.023179791467404547,10
_C,3,sunday,29,0.023138320579301458,10
_C,3,sunday,30,0.02317187958772398,10
_C,3,sunday,31,0.023261679982929814,10
_C,3,sunday,32,0.023392174497044834,10
_C,3,sunday,33,0.023656627105336964,10
_C,3,sunday,34,0.02403087181721722,10
_C,3,sunday,35,0.024583029520019853,10
_C,3,sunday,36,0.025174136866155973,10
_C,3,sunday,37,0.025365375686234575,10
_C,3,sunday,38,0.025533188191504894,10
_C,3,sunday,39,0.02533287819388776,10
_C,3,sunday,40,0.024785833980145333,10
_C,3,sunday,41,0.02412864612476036,10
_C,3,sunday,42,0.023457576132644053,10
_C,3,sunday,43,0.02268970807723489,10
_C,3,sunday,44,0.021830464204824613,10
_C,3,sunday,45,0.02086161808807988,10
_C,3,sunday,46,0.019903140698777633,10
_C,3,sunday,47,0.019034024040407875,8
_C,3,sunday,48,0.018478577295280133,8
_C,3,weekday,1,0.0166356132880431,43
_C,3,weekday,2,0.0162092637729935,43
_C,3,weekday,3,0.015661878957813208,43
_C,3,weekday,4,0.015167089338993415,43
_C,3,weekday,5,0.014881236027679042,43
_C,3,weekday,6,0.0146332806355298,43
_C,3,weekday,7,0.014495632260336502,43
_C,3,weekday,8,0.014433673269406155,43
_C,3,weekday,9,0.01457762270204257,43
_C,3,weekday,10,0.014688256880062204,43
_C,3,weekday,11,0.015286260715863696,43
_C,3,weekday,12,0.01606206739152443,43
_C,3,weekday,13,0.017724242348890376,43
_C,3,weekday,14,0.018993739082567986,43
_C,3,weekday,15,0.020797321823576263,43
_C,3,weekday,16,0.02169365482225809,43
_C,3,weekday,17,0.022509863032125592,43
_C,3,weekday,18,0.02294557429006635,43
_C,3,weekday,19,0.02349032367582765,43
_C,3,weekday,20,0.023723538282791962,43
_C,3,weekday,21,0.02392953934213871,43
_C,3,weekday,22,0.023998386990210098,43
_C,3,weekday,23,0.024070088661921292,43
_C,3,weekday,24,0.024076033201835118,43
_C,3,weekday,25,0.0242031941367318,43
_C,3,weekday,26,0.0241712000065824,43
_C,3,weekday,27,0.024057514392734448,43
_C,3,weekday,28,0.023858172516515338,43
_C,3,weekday,29,0.023698650751023488,43
_C,3,weekday,30,0.02352114983219191,43
_C,3,weekday,31,0.02340865783573783,43
_C,3,weekday,32,0.023472382798687744,43
_C,3,weekday,33,0.023708871915312086,43
_C,3,weekday,34,0.023981804853955322,43
_C,3,weekday,35,0.02438271863004457,43
_C,3,weekday,36,0.024850347237288826,43
_C,3,weekday,37,0.02492698487412224,43
_C,3,weekday,38,0.025022987261236775,43
_C,3,weekday,39,0.02463051757413806,43
_C,3,weekday,40,0.02409246777574411,43
_C,3,weekday,41,0.02335036308563171,43
_C,3,weekday,42,0.022633241425378238,43
_C,3,weekday,43,0.021849918071105607,43
_C,3,weekday,44,0.020995710902918466,43
_C,3,weekday,45,0.020019591390289818,43
_C,3,weekday,46,0.019034732067848902,43
_C,3,weekday,47,0.018008878066107865,43
_C,3,weekday,48,0.01743576180417533,43
_C,4,saturday,1,0.018821392665446718,8
_C,4,saturday,2,0.01828415038633863,8
_C,4,saturday,3,0.017671714186124413,8
_C,4,saturday,4,0.01741574678987299,8
_C,4,saturday,5,0.017040788784536944,8
_C,4,saturday,6,0.016577730777217255,8
_C,4,saturday,7,0.0162520933716269,8
_C,4,saturday,8,0.015997724615997477,8
_C,4,saturday,9,0.015865789440219456,8
_C,4,saturday,10,0.015849152763722233,8
_C,4,saturday,11,0.016176820023302587,8
_C,4,saturday,12,0.016509005466210976,8
_C,4,saturday,13,0.017163873214137086,8
_C,4,saturday,14,0.017696967849565155,8
_C,4,saturday,15,0.018548613652441003,8
_C,4,saturday,16,0.01922802761526742,8
_C,4,saturday,17,0.02026438474374188,8
_C,4,saturday,18,0.02093210872122043,8
_C,4,saturday,19,0.0216897193925676,8
_C,4,saturday,20,0.022266758474615504,8
_C,4,saturday,21,0.022809143443473102,8
_C,4,saturday,22,0.023094349199238702,8
_C,4,saturday,23,0.023271347475186138,8
_C,4,saturday,24,0.02336577551643239,8
_C,4,saturday,25,0.023445577224569795,8
_C,4,saturday,26,0.023459690394269834,8
_C,4,saturday,27,0.02338739593984328,8
_C,4,saturday,28,0.023150764409897412,8
_C,4,saturday,29,0.022938323340135167,8
_C,4,saturday,30,0.02281524355669235,8
_C,4,saturday,31,0.022650668507890773,8
_C,4,saturday,32,0.022622496801742574,8
_C,4,saturday,33,0.022679938468324223,8
_C,4,saturday,34,0.022793353379121833,8
_C,4,saturday,35,0.023063173194329153,8
_C,4,saturday,36,0.02323385910443194,8
_C,4,saturday,37,0.023361660281257506,8
_C,4,saturday,38,0.023465152260942507,8
_C,4,saturday,39,0.023616679108622758,8
_C,4,saturday,40,0.0237482766604485,8
_C,4,saturday,41,0.023913546101280384,8
_C,4,saturday,42,0.02383575486079282,8
_C,4,saturday,43,0.02334377091542378,8
_C,4,saturday,44,0.02276302035185029,8
_C,4,saturday,45,0.02201703067398135,8
_C,4,saturday,46,0.021200158724177555,8
_C,4,saturday,47,0.020257142290174435,8
_C,4,saturday,48,0.019444144881296786,8
_C,4,sunday,1,0.019174356752695652,8
_C,4,sunday,2,0.018597542424304805,8
_C,4,sunday,3,0.01800826210133083,8
_C,4,sunday,4,0.017703948506300984,8
_C,4,sunday,5,0.017351382821585954,8
_C,4,sunday,6,0.016929742079358535,8
_C,4,sunday,7,0.0165971836861209,8
_C,4,sunday,8,0.01629736106499121,8
_C,4,sunday,9,0.016121788783441556,8
_C,4,sunday,10,0.01602211476993279,8
_C,4,sunday,11,0.01609287414095672,8
_C,4,sunday,12,0.01611596172605752,8
_C,4,sunday,13,0.01650197423564975,8
_C,4,sunday,14,0.016927517856173017,8
_C,4,sunday,15,0.017759983682113598,8
_C,4,sunday,16,0.01840030723735907,8
_C,4,sunday,17,0.019408450365425947,8
_C,4,sunday,18,0.02009262030774902,8
_C,4,sunday,19,0.020911931429478618,8
_C,4,sunday,20,0.021489069935134636,8
_C,4,sunday,21,0.02204693083711816,8
_C,4,sunday,22,0.02235973761462148,8
_C,4,sunday,23,0.022741590906185428,8
_C,4,sunday,24,0.022932417208149678,8
_C,4,sunday,25,0.023126047589151842,8
_C,4,sunday,26,0.023181463521189136,8
_C,4,sunday,27,0.023247077887381503,8
_C,4,sunday,28,0.02318513496102764,8
_C,4,sunday,29,0.023136098143526285,8
_C,4,sunday,30,0.023073145751603238,8
_C,4,sunday,31,0.023093546675200857,8
_C,4,sunday,32,0.023086298032635105,8
_C,4,sunday,33,0.023169945365822647,8
_C,4,sunday,34,0.023339108037297544,8
_C,4,sunday,35,0.02362415469319383,8
_C,4,sunday,36,0.023882262316654048,8
_C,4,sunday,37,0.02400530843620541,8
_C,4,sunday,38,0.024153270823134055,8
_C,4,sunday,39,0.02426410672811853,8
_C,4,sunday,40,0.024330111805516856,8
_C,4,sunday,41,0.02444857728317841,8
_C,4,sunday,42,0.024236667617399336,8
_C,4,sunday,43,0.023659735017772326,8
_C,4,sunday,44,0.022933358334740573,8
_C,4,sunday,45,0.02204346577721082,8
_C,4,sunday,46,0.0210594773315313,8
_C,4,sunday,47,0.02002245221329095,8
_C,4,sunday,48,0.019114135184981895,8
_C,4,weekday,1,0.01672928730737524,44
_C,4,weekday,2,0.016198541691140496,44
_C,4,weekday,3,0.015671531696491173,44
_C,4,weekday,4,0.01547210391718235,44
_C,4,weekday,5,0.015193060046234342,44
_C,4,weekday,6,0.014836574344551793,44
_C,4,weekday,7,0.01462528946294327,44
_C,4,weekday,8,0.0144443157040502,44
_C,4,weekday,9,0.014475804156893342,44
_C,4,weekday,10,0.014605777820583794,44
_C,4,weekday,11,0.01525646420195243,44
_C,4,weekday,12,0.016014698161170654,44
_C,4,weekday,13,0.017557533525541402,44
_C,4,weekday,14,0.01876845047274238,44
_C,4,weekday,15,0.02049203727482486,44
_C,4,weekday,16,0.021452584512424766,44
_C,4,weekday,17,0.0224134552911205,44
_C,4,weekday,18,0.022885431548446147,44
_C,4,weekday,19,0.023447626645429168,44
_C,4,weekday,20,0.023723226057821553,44
_C,4,weekday,21,0.023940590062108115,44
_C,4,weekday,22,0.024046223131566683,44
_C,4,weekday,23,0.024149050606829713,44
_C,4,weekday,24,0.024178140161721026,44
_C,4,weekday,25,0.02433261738024692,44
_C,4,weekday,26,0.02432765844524084,44
_C,4,weekday,27,0.024284784231065167,44
_C,4,weekday,28,0.024073476296742634,44
_C,4,weekday,29,0.023911338606186106,44
_C,4,weekday,30,0.023733860611476917,44
_C,4,weekday,31,0.02359797149060143,44
_C,4,weekday,32,0.02358869790947636,44
_C,4,weekday,33,0.023698752661334102,44
_C,4,weekday,34,0.02381232358204364,44
_C,4,weekday,35,0.023944661323822666,44
_C,4,weekday,36,0.02406773504676338,44
_C,4,weekday,37,0.023941399619526793,44
_C,4,weekday,38,0.023910423579800968,44
_C,4,weekday,39,0.023687705302226972,44
_C,4,weekday,40,0.023588631853597074,44
_C,4,weekday,41,0.023424611337327598,44
_C,4,weekday,42,0.023080426501857765,44
_C,4,weekday,43,0.022427641399316318,44
_C,4,weekday,44,0.021580960382996773,44
_C,4,weekday,45,0.020617888039576638,44
_C,4,weekday,46,0.019612907882889538,44
_C,4,weekday,47,0.018530239658319757,44
_C,4,weekday,48,0.017645489056418245,44
_C,5,saturday,1,0.018897338547678465,10
_C,5,saturday,2,0.018265235069755588,10
_C,5,saturday,3,0.017590694603016856,10
_C,5,saturday,4,0.017266153790418216,10
_C,5,saturday,5,0.016867432002767895,10
_C,5,saturday,6,0.01641825612095351,10
_C,5,saturday,7,0.01610536949306894,10
_C,5,saturday,8,0.01585065205149592,10
_C,5,saturday,9,0.015696962140457276,10
_C,5,saturday,10,0.015552063338737996,10
_C,5,saturday,11,0.015691176558084007,10
_C,5,saturday,12,0.01596778007489456,10
_C,5,saturday,13,0.016701867300727345,10
_C,5,saturday,14,0.017276880292837887,10
_C,5,saturday,15,0.01814428028334836,10
_C,5,saturday,16,0.018933679780138896,10
_C,5,saturday,17,0.019992196326867155,10
_C,5,saturday,18,0.020726776704999256,10
_C,5,saturday,19,0.02150529913114456,10
_C,5,saturday,20,0.022052523757025502,10
_C,5,saturday,21,0.0226334526857523,10
_C,5,saturday,22,0.02301976965196916,10
_C,5,saturday,23,0.02337728258822509,10
_C,5,saturday,24,0.023553212905573214,10
_C,5,saturday,25,0.023756452538872753,10
_C,5,saturday,26,0.02374949209378006,10
_C,5,saturday,27,0.023666279885452668,10
_C,5,saturday,28,0.023587648451829382,10
_C,5,saturday,29,0.023481551817416603,10
_C,5,saturday,30,0.02338945560880635,10
_C,5,saturday,31,0.02328857307609502,10
_C,5,saturday,32,0.023229584304658223,10
_C,5,saturday,33,0.023307978766237136,10
_C,5,saturday,34,0.023438041076467964,10
_C,5,saturday,35,0.02362143362431156,10
_C,5,saturday,36,0.023779921970498545,10
_C,5,saturday,37,0.023872862178895338,10
_C,5,saturday,38,0.02384653799630494,10
_C,5,saturday,39,0.023737736462121167,10
_C,5,saturday,40,0.0235605363967825,10
_C,5,saturday,41,0.02332164437963502,10
_C,5,saturday,42,0.02319006752922051,10
_C,5,saturday,43,0.02306717553631004,10
_C,5,saturday,44,0.022636416502298095,10
_C,5,saturday,45,0.021902939113327087,10
_C,5,saturday,46,0.021092453892552904,10
_C,5,saturday,47,0.02011336958877661,10
_C,5,saturday,48,0.01927551200941154,10
_C,5,sunday,1,0.019121786845566622,9
_C,5,sunday,2,0.01848834597466382,9
_C,5,sunday,3,0.01787452049645523,9
_C,5,sunday,4,0.017535653358612915,9
_C,5,sunday,5,0.017148100898444978,9
_C,5,sunday,6,0.01671656705679947,9
_C,5,sunday,7,0.016364795655101873,9
_C,5,sunday,8,0.016080443583792778,9
_C,5,sunday,9,0.015888216859321274,9
_C,5,sunday,10,0.015670153365303478,9
_C,5,sunday,11,0.015582358895275298,9
_C,5,sunday,12,0.015571244807413231,9
_C,5,sunday,13,0.016002309937496188,9
_C,5,sunday,14,0.016472401158470866,9
_C,5,sunday,15,0.017311188864229676,9
_C,5,sunday,16,0.018078513653252463,9
_C,5,sunday,17,0.019128648023671126,9
_C,5,sunday,18,0.01994676975576269,9
_C,5,sunday,19,0.020851657366029796,9
_C,5,sunday,20,0.02151117554385841,9
_C,5,sunday,21,0.022200707169971357,9
_C,5,sunday,22,0.022642195428522565,9
_C,5,sunday,23,0.02311901035291442,9
_C,5,sunday,24,0.023385453480676482,9
_C,5,sunday,25,0.023656638366911446,9
_C,5,sunday,26,0.02373358519104739,9
_C,5,sunday,27,0.02380264184254674,9
_C,5,sunday,28,0.023707052897753045,9
_C,5,sunday,29,0.02364093281010963,9
_C,5,sunday,30,0.023588809846318694,9
_C,5,sunday,31,0.02356673175514608,9
_C,5,sunday,32,0.02349471156968435,9
_C,5,sunday,33,0.023586972115260733,9
_C,5,sunday,34,0.023701536257933684,9
_C,5,sunday,35,0.02390715660995528,9
_C,5,sunday,36,0.02413502150528697,9
_C,5,sunday,37,0.024219518623098856,9
_C,5,sunday,38,0.024229805005944086,9
_C,5,sunday,39,0.02415183408428213,9
_C,5,sunday,40,0.02393565525616824,9
_C,5,sunday,41,0.023695584214573403,9
_C,5,sunday,42,0.023575513335242836,9
_C,5,sunday,43,0.02342153964545266,9
_C,5,sunday,44,0.022923906507074487,9
_C,5,sunday,45,0.022117971832335437,9
_C,5,sunday,46,0.02118885567033114,9
_C,5,sunday,47,0.020129425825619576,9
_C,5,sunday,48,0.019196380700316117,9
_C,5,weekday,1,0.0165114632542494,43
_C,5,weekday,2,0.01593942080952886,43
_C,5,weekday,3,0.015394341404122908,43
_C,5,weekday,4,0.015168645094290173,43
_C,5,weekday,5,0.014879628618653079,43
_C,5,weekday,6,0.01453165947513193,43
_C,5,weekday,7,0.014316590657744668,43
_C,5,weekday,8,0.014132899510759387,43
_C,5,weekday,9,0.014137217500298494,43
_C,5,weekday,10,0.014190730143873382,43
_C,5,weekday,11,0.014704410570575217,43
_C,5,weekday,12,0.015418371456093186,43
_C,5,weekday,13,0.01700654408262358,43
_C,5,weekday,14,0.0182791372876468,43
_C,5,weekday,15,0.020019301169534598,43
_C,5,weekday,16,0.021066501652497793,43
_C,5,weekday,17,0.022039443992277887,43
_C,5,weekday,18,0.022592294929070108,43
_C,5,weekday,19,0.02326067210782019,43
_C,5,weekday,20,0.023611517788213097,43
_C,5,weekday,21,0.023959167427852437,43
_C,5,weekday,22,0.02418703816543634,43
_C,5,weekday,23,0.024359047883926305,43
_C,5,weekday,24,0.024468477134504202,43
_C,5,weekday,25,0.02474411335034632,43
_C,5,weekday,26,0.024814673186870143,43
_C,5,weekday,27,0.024833970290239562,43
_C,5,weekday,28,0.024688346600031743,43
_C,5,weekday,29,0.024567855794903733,43
_C,5,weekday,30,0.024428115075474603,43
_C,5,weekday,31,0.024298715925459947,43
_C,5,weekday,32,0.024319978471613164,43
_C,5,weekday,33,0.02440916563223412,43
_C,5,weekday,34,0.024504600034627778,43
_C,5,weekday,35,0.024577449725369595,43
_C,5,weekday,36,0.024607281970567406,43
_C,5,weekday,37,0.02434797124495387,43
_C,5,weekday,38,0.02420655714083699,43
_C,5,weekday,39,0.02373986733158477,43
_C,5,weekday,40,0.023356413776601772,43
_C,5,weekday,41,0.022865986155255567,43
_C,5,weekday,42,0.022525193884262443,43
_C,5,weekday,43,0.022188507947718913,43
_C,5,weekday,44,0.021521624611026895,43
_C,5,weekday,45,0.020593069740868823,43
_C,5,weekday,46,0.019602345328575462,43
_C,5,weekday,47,0.018509044429150044,43
_C,5,weekday,48,0.017574630234702317,43
_C,6,saturday,1,0.019025502860570136,8
_C,6,saturday,2,0.018309842562822736,8
_C,6,saturday,3,0.0176461205470819,8
_C,6,saturday,4,0.017278576520855005,8
_C,6,saturday,5,0.016868171230195423,8
_C,6,saturday,6,0.01645466966907046,8
_C,6,saturday,7,0.016132989657187513,8
_C,6,saturday,8,0.015859402816535827,8
_C,6,saturday,9,0.01568642636588011,8
_C,6,saturday,10,0.015445486678904498,8
_C,6,saturday,11,0.015598517848099309,8
_C,6,saturday,12,0.01589498292152354,8
_C,6,saturday,13,0.016618543841433568,8
_C,6,saturday,14,0.01716194395846244,8
_C,6,saturday,15,0.01801161577091305,8
_C,6,saturday,16,0.018806089641365258,8
_C,6,saturday,17,0.019820167313655858,8
_C,6,saturday,18,0.02059796041472267,8
_C,6,saturday,19,0.02141924266028837,8
_C,6,saturday,20,0.021950038535929292,8
_C,6,saturday,21,0.022508332732549464,8
_C,6,saturday,22,0.02291159985392614,8
_C,6,saturday,23,0.023240075118087396,8
_C,6,saturday,24,0.023473253295545893,8
_C,6,saturday,25,0.023648567629599368,8
_C,6,saturday,26,0.02377481883886549,8
_C,6,saturday,27,0.023859151725604592,8
_C,6,saturday,28,0.023846730894911402,8
_C,6,saturday,29,0.02386235491703718,8
_C,6,saturday,30,0.023729844587449027,8
_C,6,saturday,31,0.02363357969261699,8
_C,6,saturday,32,0.02358358309780288,8
_C,6,saturday,33,0.023567483481495087,8
_C,6,saturday,34,0.023606983041023565,8
_C,6,saturday,35,0.023730796620203547,8
_C,6,saturday,36,0.02385500945241999,8
_C,6,saturday,37,0.023828313628962667,8
_C,6,saturday,38,0.023781148098013894,8
_C,6,saturday,39,0.02360590460036958,8
_C,6,saturday,40,0.02342409047369191,8
_C,6,saturday,41,0.023166407125472004,8
_C,6,saturday,42,0.022898612725166002,8
_C,6,saturday,43,0.022605455694162675,8
_C,6,saturday,44,0.02240972998030391,8
_C,6,saturday,45,0.02189180906628616,8
_C,6,saturday,46,0.021170242737114507,8
_C,6,saturday,47,0.020299069734713418,8
_C,6,saturday,48,0.01950075934110833,8
_C,6,sunday,1,0.01952676128706717,9
_C,6,sunday,2,0.018848625362467945,9
_C,6,sunday,3,0.018201925602653282,9
_C,6,sunday,4,0.017802739405749366,9
_C,6,sunday,5,0.01739096309659934,9
_C,6,sunday,6,0.016960758062111145,9
_C,6,sunday,7,0.016609903327721397,9
_C,6,sunday,8,0.01631942057306516,9
_C,6,sunday,9,0.01605914920188499,9
_C,6,sunday,10,0.015708981032766647,9
_C,6,sunday,11,0.015657484176870334,9
_C,6,sunday,12,0.01566344058622926,9
_C,6,sunday,13,0.016087917550489755,9
_C,6,sunday,14,0.016494279265802277,9
_C,6,sunday,15,0.017278648955587644,9
_C,6,sunday,16,0.01801862152516985,9
_C,6,sunday,17,0.01902323134880489,9
_C,6,sunday,18,0.019728888235035325,9
_C,6,sunday,19,0.020603908731013237,9
_C,6,sunday,20,0.02127752416881342,9
_C,6,sunday,21,0.021994163574683104,9
_C,6,sunday,22,0.02248615127363646,9
_C,6,sunday,23,0.022962554284865225,9
_C,6,sunday,24,0.023231606262219377,9
_C,6,sunday,25,0.023541006972404917,9
_C,6,sunday,26,0.02366516518519908,9
_C,6,sunday,27,0.023724159837340837,9
_C,6,sunday,28,0.02378629290553696,9
_C,6,sunday,29,0.02376250484414625,9
_C,6,sunday,30,0.023721351014678718,9
_C,6,sunday,31,0.02357489226764317,9
_C,6,sunday,32,0.02359682379055269,9
_C,6,sunday,33,0.023672597458358133,9
_C,6,sunday,34,0.023782100677948823,9
_C,6,sunday,35,0.02393314059070494,9
_C,6,sunday,36,0.024130726733882044,9
_C,6,sunday,37,0.024228625561654945,9
_C,6,sunday,38,0.024222743339318162,9
_C,6,sunday,39,0.024038675140804225,9
_C,6,sunday,40,0.023842752154845274,9
_C,6,sunday,41,0.023503209665588356,9
_C,6,sunday,42,0.023199420566642148,9
_C,6,sunday,43,0.02294276285160341,9
_C,6,sunday,44,0.022688704304292154,9
_C,6,sunday,45,0.02205686313730754,9
_C,6,sunday,46,0.021149933911722936,9
_C,6,sunday,47,0.020127982416100712,9
_C,6,sunday,48,0.019169917780416997,9
_C,6,weekday,1,0.016433761686991052,43
_C,6,weekday,2,0.015825673026768343,43
_C,6,weekday,3,0.015279106915661821,43
_C,6,weekday,4,0.015029884482612214,43
_C,6,weekday,5,0.014737774854171944,43
_C,6,weekday,6,0.014404792161930673,43
_C,6,weekday,7,0.014208826981672267,43
_C,6,weekday,8,0.014048871334012617,43
_C,6,weekday,9,0.014028763906512327,43
_C,6,weekday,10,0.013990507468687907,43
_C,6,weekday,11,0.01451828376017467,43
_C,6,weekday,12,0.01524522341236201,43
_C,6,weekday,13,0.01683745712971522,43
_C,6,weekday,14,0.018097123880898097,43
_C,6,weekday,15,0.019833769947246206,43
_C,6,weekday,16,0.020948696935139965,43
_C,6,weekday,17,0.021963170242346827,43
_C,6,weekday,18,0.022586476460397385,43
_C,6,weekday,19,0.023328746646544017,43
_C,6,weekday,20,0.023727707754630047,43
_C,6,weekday,21,0.024025500875680294,43
_C,6,weekday,22,0.02423339014175445,43
_C,6,weekday,23,0.024445891662329237,43
_C,6,weekday,24,0.02457960948397419,43
_C,6,weekday,25,0.024850945199271782,43
_C,6,weekday,26,0.02496407170315577,43
_C,6,weekday,27,0.024992926270601085,43
_C,6,weekday,28,0.024915293626525052,43
_C,6,weekday,29,0.024893244290689825,43
_C,6,weekday,30,0.024798336057413127,43
_C,6,weekday,31,0.024678596024466006,43
_C,6,weekday,32,0.024738208018814385,43
_C,6,weekday,33,0.02486384763343847,43
_C,6,weekday,34,0.024920913391896348,43
_C,6,weekday,35,0.02492724933627673,43
_C,6,weekday,36,0.024895982741128864,43
_C,6,weekday,37,0.024484121512302257,43
_C,6,weekday,38,0.02424175798328341,43
_C,6,weekday,39,0.02365091160255313,43
_C,6,weekday,40,0.02320195654717108,43
_C,6,weekday,41,0.022588304945220763,43
_C,6,weekday,42,0.022102377603170287,43
_C,6,weekday,43,0.021634660588964568,43
_C,6,weekday,44,0.021212738601016398,43
_C,6,weekday,45,0.02044456033730355,43
_C,6,weekday,46,0.019538671137735827,43
_C,6,weekday,47,0.01849007352074933,43
_C,6,weekday,48,0.017611240174638165,43
_C,7,saturday,1,0.01949409396507786,8
_C,7,saturday,2,0.018770269912418588,8
_C,7,saturday,3,0.018085198213125618,8
_C,7,saturday,4,0.017700952797574283,8
_C,7,saturday,5,0.017246908981583778,8
_C,7,saturday,6,0.016796037608065372,8
_C,7,saturday,7,0.016456772667661615,8
_C,7,saturday,8,0.016175167614873844,8
_C,7,saturday,9,0.015980945012195085,8
_C,7,saturday,10,0.015779271383856163,8
_C,7,saturday,11,0.01586385173788437,8
_C,7,saturday,12,0.016123518175788016,8
_C,7,saturday,13,0.01678210110974408,8
_C,7,saturday,14,0.01729640499667629,8
_C,7,saturday,15,0.018104957645782477,8
_C,7,saturday,16,0.018793615863363086,8
_C,7,saturday,17,0.019803996251141275,8
_C,7,saturday,18,0.020542052139205822,8
_C,7,saturday,19,0.021361843937487354,8
_C,7,saturday,20,0.021943534288739845,8
_C,7,saturday,21,0.022600838003474386,8
_C,7,saturday,22,0.02305085018114942,8
_C,7,saturday,23,0.023357505041581218,8
_C,7,saturday,24,0.02354191816874753,8
_C,7,saturday,25,0.023747566348991726,8
_C,7,saturday,26,0.023750775937510762,8
_C,7,saturday,27,0.023732905832600296,8
_C,7,saturday,28,0.023707236962847923,8
_C,7,saturday,29,0.023624881985706274,8
_C,7,saturday,30,0.02350008136147971,8
_C,7,saturday,31,0.02340788747575191,8
_C,7,saturday,32,0.023391202948958946,8
_C,7,saturday,33,0.023424759339033964,8
_C,7,saturday,34,0.023462560465426413,8
_C,7,saturday,35,0.0235733282410012,8
_C,7,saturday,36,0.02367695767369724,8
_C,7,saturday,37,0.023642807944319534,8
_C,7,saturday,38,0.02356286238501227,8
_C,7,saturday,39,0.023372638393366667,8
_C,7,saturday,40,0.023149316405998967,8
_C,7,saturday,41,0.022848945635793094,8
_C,7,saturday,42,0.022591416443987936,8
_C,7,saturday,43,0.022352942854789417,8
_C,7,saturday,44,0.02215310830543434,8
_C,7,saturday,45,0.021567874493447402,8
_C,7,saturday,46,0.02082752513914326,8
_C,7,saturday,47,0.02000414196028531,8
_C,7,saturday,48,0.019273669768218076,8
_C,7,sunday,1,0.01955636688711183,8
_C,7,sunday,2,0.018886347168830163,8
_C,7,sunday,3,0.01824487206700727,8
_C,7,sunday,4,0.017853793505998337,8
_C,7,sunday,5,0.01743669850703998,8
_C,7,sunday,6,0.01700265480274666,8
_C,7,sunday,7,0.016694392279023015,8
_C,7,sunday,8,0.016401476863664752,8
_C,7,sunday,9,0.01619456981563835,8
_C,7,sunday,10,0.015921758635732107,8
_C,7,sunday,11,0.015816704382938612,8
_C,7,sunday,12,0.015789718469002206,8
_C,7,sunday,13,0.016166746406642257,8
_C,7,sunday,14,0.016549632262871677,8
_C,7,sunday,15,0.017297964115837658,8
_C,7,sunday,16,0.018005626698918527,8
_C,7,sunday,17,0.018981300952335273,8
_C,7,sunday,18,0.019667202457323233,8
_C,7,sunday,19,0.020438619727951177,8
_C,7,sunday,20,0.02108072555861095,8
_C,7,sunday,21,0.021847849044986944,8
_C,7,sunday,22,0.02232723110202211,8
_C,7,sunday,23,0.022822911287007995,8
_C,7,sunday,24,0.023138550597883466,8
_C,7,sunday,25,0.023428533698909418,8
_C,7,sunday,26,0.023618675093112548,8
_C,7,sunday,27,0.023745618641562567,8
_C,7,sunday,28,0.023737181544119294,8
_C,7,sunday,29,0.023659358893964623,8
_C,7,sunday,30,0.023658638734377395,8
_C,7,sunday,31,0.023628692442760522,8
_C,7,sunday,32,0.02366240561325558,8
_C,7,sunday,33,0.023742875872131714,8
_C,7,sunday,34,0.023843995499202766,8
_C,7,sunday,35,0.024049842219808455,8
_C,7,sunday,36,0.024161001566845662,8
_C,7,sunday,37,0.024148307098527742,8
_C,7,sunday,38,0.024101027516738933,8
_C,7,sunday,39,0.023983252079698793,8
_C,7,sunday,40,0.023766388544088773,8
_C,7,sunday,41,0.023414489111837855,8
_C,7,sunday,42,0.02311618167283916,8
_C,7,sunday,43,0.022917383320752112,8
_C,7,sunday,44,0.02262648012799305,8
_C,7,sunday,45,0.021994747569693253,8
_C,7,sunday,46,0.02117184971734647,8
_C,7,sunday,47,0.02027859892367173,8
_C,7,sunday,48,0.019420760899637048,8
_C,7,weekday,1,0.016722204279259526,46
_C,7,weekday,2,0.01609487371482094,46
_C,7,weekday,3,0.015518382596405051,46
_C,7,weekday,4,0.015253029442601835,46
_C,7,weekday,5,0.014931237665861885,46
_C,7,weekday,6,0.014609158510805043,46
_C,7,weekday,7,0.014420378260915788,46
_C,7,weekday,8,0.014246319178501577,46
_C,7,weekday,9,0.014227860252295289,46
_C,7,weekday,10,0.01421299204421254,46
_C,7,weekday,11,0.01464747921685693,46
_C,7,weekday,12,0.015292677000850517,46
_C,7,weekday,13,0.016756911426367146,46
_C,7,weekday,14,0.017867802430344037,46
_C,7,weekday,15,0.019447287467093306,46
_C,7,weekday,16,0.020508385524350088,46
_C,7,weekday,17,0.021595758000028508,46
_C,7,weekday,18,0.022318775433935834,46
_C,7,weekday,19,0.023072530850076288,46
_C,7,weekday,20,0.023494605757080317,46
_C,7,weekday,21,0.02382093241858991,46
_C,7,weekday,22,0.02405097553161286,46
_C,7,weekday,23,0.024300810867351873,46
_C,7,weekday,24,0.024491010341246712,46
_C,7,weekday,25,0.02475561967468402,46
_C,7,weekday,26,0.02487367920859634,46
_C,7,weekday,27,0.024955317432101505,46
_C,7,weekday,28,0.024920573991014463,46
_C,7,weekday,29,0.02494853948328823,46
_C,7,weekday,30,0.02491829170433127,46
_C,7,weekday,31,0.024839137480362573,46
_C,7,weekday,32,0.024874068279499523,46
_C,7,weekday,33,0.024992467572667303,46
_C,7,weekday,34,0.02504889155819885,46
_C,7,weekday,35,0.02500497999941329,46
_C,7,weekday,36,0.024909753264941922,46
_C,7,weekday,37,0.024475986632760748,46
_C,7,weekday,38,0.024209025111779962,46
_C,7,weekday,39,0.02355963055736654,46
_C,7,weekday,40,0.02311169960075845,46
_C,7,weekday,41,0.022481239209751293,46
_C,7,weekday,42,0.022013206576370858,46
_C,7,weekday,43,0.021619076961820596,46
_C,7,weekday,44,0.021202172369846756,46
_C,7,weekday,45,0.020416425298791802,46
_C,7,weekday,46,0.019585851576909123,46
_C,7,weekday,47,0.018615634840863354,46
_C,7,weekday,48,0.017766353402417435,46
_C,8,saturday,1,0.019289013093164324,9
_C,8,saturday,2,0.0186796336088915,9
_C,8,saturday,3,0.018029898411452975,9
_C,8,saturday,4,0.017662102485503487,9
_C,8,saturday,5,0.017252818418079994,9
_C,8,saturday,6,0.016825510196958434,9
_C,8,saturday,7,0.016502436589830045,9
_C,8,saturday,8,0.01620453409838095,9
_C,8,saturday,9,0.01605275198553952,9
_C,8,saturday,10,0.01595947533601148,9
_C,8,saturday,11,0.0161503637547481,9
_C,8,saturday,12,0.01634742673641601,9
_C,8,saturday,13,0.016927306871692742,9
_C,8,saturday,14,0.01737869065372356,9
_C,8,saturday,15,0.01815829744250365,9
_C,8,saturday,16,0.018797648018555935,9
_C,8,saturday,17,0.019729810677596566,9
_C,8,saturday,18,0.020394171334692388,9
_C,8,saturday,19,0.021153472712391683,9
_C,8,saturday,20,0.02172989235743316,9
_C,8,saturday,21,0.02230790559834731,9
_C,8,saturday,22,0.022719466198918358,9
_C,8,saturday,23,0.023119826248020628,9
_C,8,saturday,24,0.02334388339674862,9
_C,8,saturday,25,0.023569975537302335,9
_C,8,saturday,26,0.023657302519684224,9
_C,8,saturday,27,0.02362631878182086,9
_C,8,saturday,28,0.023570105856365278,9
_C,8,saturday,29,0.023523776608508254,9
_C,8,saturday,30,0.023459270158621176,9
_C,8,saturday,31,0.023396609702898717,9
_C,8,saturday,32,0.023341358833834577,9
_C,8,saturday,33,0.02334997152062588,9
_C,8,saturday,34,0.023420267124423872,9
_C,8,saturday,35,0.023546228445734084,9
_C,8,saturday,36,0.02359230513158954,9
_C,8,saturday,37,0.02357554939761035,9
_C,8,saturday,38,0.023567049391061943,9
_C,8,saturday,39,0.023445158655196117,9
_C,8,saturday,40,0.023316091636146702,9
_C,8,saturday,41,0.023150641968178013,9
_C,8,saturday,42,0.023064458929686105,9
_C,8,saturday,43,0.022798176544846907,9
_C,8,saturday,44,0.022285944628835794,9
_C,8,saturday,45,0.021651502900462954,9
_C,8,saturday,46,0.02092766318242783,9
_C,8,saturday,47,0.020090101574184414,9
_C,8,saturday,48,0.01935783474435266,9
_C,8,sunday,1,0.019130754408326556,9
_C,8,sunday,2,0.018482678049549218,9
_C,8,sunday,3,0.017890050066115694,9
_C,8,sunday,4,0.01752418415976477,9
_C,8,sunday,5,0.017134284536090158,9
_C,8,sunday,6,0.01671011450392559,9
_C,8,sunday,7,0.016414253669875114,9
_C,8,sunday,8,0.01614298179812908,9
_C,8,sunday,9,0.01596967127461502,9
_C,8,sunday,10,0.015843213097602383,9
_C,8,sunday,11,0.015871550110987974,9
_C,8,sunday,12,0.015783662332555008,9
_C,8,sunday,13,0.016083488287064088,9
_C,8,sunday,14,0.016447478601330005,9
_C,8,sunday,15,0.017190492161012427,9
_C,8,sunday,16,0.01787014051504825,9
_C,8,sunday,17,0.018840950318509575,9
_C,8,sunday,18,0.01952735874570984,9
_C,8,sunday,19,0.02035923560626751,9
_C,8,sunday,20,0.02102950921002804,9
_C,8,sunday,21,0.02174100110490357,9
_C,8,sunday,22,0.022252324828689714,9
_C,8,sunday,23,0.022788163509070217,9
_C,8,sunday,24,0.02308494926540851,9
_C,8,sunday,25,0.02343804831422816,9
_C,8,sunday,26,0.02367855190391653,9
_C,8,sunday,27,0.023776714142454167,9
_C,8,sunday,28,0.02380162917604498,9
_C,8,sunday,29,0.023858890791589146,9
_C,8,sunday,30,0.023832589808516564,9
_C,8,sunday,31,0.02383195454421143,9
_C,8,sunday,32,0.023877684379197534,9
_C,8,sunday,33,0.02395772139274144,9
_C,8,sunday,34,0.024028257357814158,9
_C,8,sunday,35,0.0241795680425348,9
_C,8,sunday,36,0.02427215455810743,9
_C,8,sunday,37,0.024283417979675526,9
_C,8,sunday,38,0.02426863130354663,9
_C,8,sunday,39,0.024167915385717196,9
_C,8,sunday,40,0.023992050673423696,9
_C,8,sunday,41,0.023809850807397268,9
_C,8,sunday,42,0.02368662293399443,9
_C,8,sunday,43,0.02337340636562575,9
_C,8,sunday,44,0.0227820721273321,9
_C,8,sunday,45,0.022021781640555474,9
_C,8,sunday,46,0.02118985977930818,9
_C,8,sunday,47,0.020310412253692605,9
_C,8,sunday,48,0.019467724177796478,9
_C,8,weekday,1,0.01676697021722521,40
_C,8,weekday,2,0.016177821468461133,40
_C,8,weekday,3,0.01563594513802068,40
_C,8,weekday,4,0.015404318871187445,40
_C,8,weekday,5,0.015109498675338987,40
_C,8,weekday,6,0.01478119478314121,40
_C,8,weekday,7,0.014575535253417279,40
_C,8,weekday,8,0.014400799451738753,40
_C,8,weekday,9,0.014401119539919427,40
_C,8,weekday,10,0.01446888952352492,40
_C,8,weekday,11,0.01500537836006966,40
_C,8,weekday,12,0.015576709984138851,40
_C,8,weekday,13,0.016882217680729224,40
_C,8,weekday,14,0.017858926942579824,40
_C,8,weekday,15,0.01930476483130507,40
_C,8,weekday,16,0.0203176626595788,40
_C,8,weekday,17,0.021449596566729685,40
_C,8,weekday,18,0.022233334416313512,40
_C,8,weekday,19,0.022965936379037925,40
_C,8,weekday,20,0.02335560672200095,40
_C,8,weekday,21,0.023742746375025704,40
_C,8,weekday,22,0.024044125201501763,40
_C,8,weekday,23,0.02429954019319743,40
_C,8,weekday,24,0.024483818960461052,40
_C,8,weekday,25,0.02477417432938714,40
_C,8,weekday,26,0.024883139280261157,40
_C,8,weekday,27,0.024934052257388782,40
_C,8,weekday,28,0.02488261912213619,40
_C,8,weekday,29,0.02491110903993455,40
_C,8,weekday,30,0.024874610631414665,40
_C,8,weekday,31,0.024857801589222857,40
_C,8,weekday,32,0.024827091073234494,40
_C,8,weekday,33,0.024836568664094727,40
_C,8,weekday,34,0.024874111237102127,40
_C,8,weekday,35,0.024837062606564292,40
_C,8,weekday,36,0.024767706856188045,40
_C,8,weekday,37,0.024326598143475205,40
_C,8,weekday,38,0.02409830306031562,40
_C,8,weekday,39,0.023491525904381767,40
_C,8,weekday,40,0.023080666730592073,40
_C,8,weekday,41,0.022617777373926527,40
_C,8,weekday,42,0.022309726700654755,40
_C,8,weekday,43,0.021796495614143346,40
_C,8,weekday,44,0.021105562216018087,40
_C,8,weekday,45,0.0202196454300773,40
_C,8,weekday,46,0.01937810480303416,40
_C,8,weekday,47,0.018429771402581625,40
_C,8,weekday,48,0.01764331773922603,40
_C,9,saturday,1,0.018531408804339535,4
_C,9,saturday,2,0.017899264770512662,4
_C,9,saturday,3,0.017283837083910458,4
_C,9,saturday,4,0.01693269801381643,4
_C,9,saturday,5,0.01652432525261835,4
_C,9,saturday,6,0.016100013895683444,4
_C,9,saturday,7,0.015784973704848198,4
_C,9,saturday,8,0.01551829647307967,4
_C,9,saturday,9,0.015396497465302498,4
_C,9,saturday,10,0.015350833553033402,4
_C,9,saturday,11,0.01565730207030145,4
_C,9,saturday,12,0.01605079850221664,4
_C,9,saturday,13,0.01676258872128356,4
_C,9,saturday,14,0.01724131074644754,4
_C,9,saturday,15,0.01809168646089506,4
_C,9,saturday,16,0.01890469436629456,4
_C,9,saturday,17,0.01989596692386258,4
_C,9,saturday,18,0.020714488486819744,4
_C,9,saturday,19,0.021560035868771858,4
_C,9,saturday,20,0.022304208434706457,4
_C,9,saturday,21,0.02285149315011231,4
_C,9,saturday,22,0.023145021448020414,4
_C,9,saturday,23,0.023487094854339217,4
_C,9,saturday,24,0.023698501634071188,4
_C,9,saturday,25,0.023944597499758864,4
_C,9,saturday,26,0.024076943090606918,4
_C,9,saturday,27,0.024052916207268082,4
_C,9,saturday,28,0.023917685401198874,4
_C,9,saturday,29,0.023752529612723214,4
_C,9,saturday,30,0.023563335798414704,4
_C,9,saturday,31,0.02339525646706783,4
_C,9,saturday,32,0.023342939081515527,4
_C,9,saturday,33,0.023402674470145657,4
_C,9,saturday,34,0.0234632096017439,4
_C,9,saturday,35,0.02370981478204404,4
_C,9,saturday,36,0.023841934149772537,4
_C,9,saturday,37,0.02397447673384611,4
_C,9,saturday,38,0.024083879562105837,4
_C,9,saturday,39,0.02432062005383466,4
_C,9,saturday,40,0.024382517489211736,4
_C,9,saturday,41,0.02404495274854531,4
_C,9,saturday,42,0.023528486576134277,4
_C,9,saturday,43,0.022920112560969055,4
_C,9,saturday,44,0.022139743907336668,4
_C,9,saturday,45,0.021384228375292583,4
_C,9,saturday,46,0.02058635772230858,4
_C,9,saturday,47,0.019643200909356874,4
_C,9,saturday,48,0.018840246513510947,4
_C,9,sunday,1,0.018555874077356257,4
_C,9,sunday,2,0.017919049458735944,4
_C,9,sunday,3,0.01736797117485163,4
_C,9,sunday,4,0.016978120289694847,4
_C,9,sunday,5,0.016629527193089303,4
_C,9,sunday,6,0.016215637247942893,4
_C,9,sunday,7,0.015915274737435633,4
_C,9,sunday,8,0.015617892500724507,4
_C,9,sunday,9,0.015453014479579984,4
_C,9,sunday,10,0.01533839584463816,4
_C,9,sunday,11,0.015445395022306314,4
_C,9,sunday,12,0.015532241261110028,4
_C,9,sunday,13,0.01591761448754651,4
_C,9,sunday,14,0.0162361247666521,4
_C,9,sunday,15,0.017045852094659215,4
_C,9,sunday,16,0.01786443784318161,4
_C,9,sunday,17,0.018923534143898385,4
_C,9,sunday,18,0.019684284579839527,4
_C,9,sunday,19,0.020593450468046864,4
_C,9,sunday,20,0.021315059921747422,4
_C,9,sunday,21,0.02208255629123751,4
_C,9,sunday,22,0.022552332524250006,4
_C,9,sunday,23,0.02305373866175619,4
_C,9,sunday,24,0.023503290993080798,4
_C,9,sunday,25,0.023914444686336276,4
_C,9,sunday,26,0.024070205876617137,4
_C,9,sunday,27,0.024138105549637377,4
_C,9,sunday,28,0.024158395336634983,4
_C,9,sunday,29,0.024132477795525083,4
_C,9,sunday,30,0.024019744947516405,4
_C,9,sunday,31,0.02402366262617847,4
_C,9,sunday,32,0.02408333996142046,4
_C,9,sunday,33,0.024215568351674616,4
_C,9,sunday,34,0.024376262917013444,4
_C,9,sunday,35,0.024539654526249316,4
_C,9,sunday,36,0.024788476635732068,4
_C,9,sunday,37,0.024874716349432294,4
_C,9,sunday,38,0.0249735804831605,4
_C,9,sunday,39,0.02521735319215802,4
_C,9,sunday,40,0.025158757944751003,4
_C,9,sunday,41,0.024614388680569345,4
_C,9,sunday,42,0.023898860685446655,4
_C,9,sunday,43,0.02318644871049329,4
_C,9,sunday,44,0.022339302823439704,4
_C,9,sunday,45,0.021382686778533895,4
_C,9,sunday,46,0.020373135322392807,4
_C,9,sunday,47,0.019340457053282575,4
_C,9,sunday,48,0.018439302702442616,4
_C,9,weekday,1,0.016104489340988112,22
_C,9,weekday,2,0.01557973016165773,22
_C,9,weekday,3,0.015105827011264745,22
_C,9,weekday,4,0.014907394698857534,22
_C,9,weekday,5,0.014616124190926389,22
_C,9,weekday,6,0.014289994220832885,22
_C,9,weekday,7,0.014104775957241262,22
_C,9,weekday,8,0.013942312355800224,22
_C,9,weekday,9,0.013976255309428264,22
_C,9,weekday,10,0.014111498330114658,22
_C,9,weekday,11,0.014808616489136424,22
_C,9,weekday,12,0.015580573346187558,22
_C,9,weekday,13,0.01722929222233729,22
_C,9,weekday,14,0.018506001158060535,22
_C,9,weekday,15,0.02030916131594017,22
_C,9,weekday,16,0.021404793788286608,22
_C,9,weekday,17,0.022266274286890434,22
_C,9,weekday,18,0.022783068251251093,22
_C,9,weekday,19,0.023457423849533667,22
_C,9,weekday,20,0.023845183094470458,22
_C,9,weekday,21,0.024090301697482955,22
_C,9,weekday,22,0.024232900834419844,22
_C,9,weekday,23,0.024428770225345207,22
_C,9,weekday,24,0.024524641147793656,22
_C,9,weekday,25,0.02475836856743834,22
_C,9,weekday,26,0.024829528752086102,22
_C,9,weekday,27,0.024841129451827627,22
_C,9,weekday,28,0.024683481444698382,22
_C,9,weekday,29,0.02460017983607904,22
_C,9,weekday,30,0.024450608127453418,22
_C,9,weekday,31,0.024259046260974314,22
_C,9,weekday,32,0.024252474058540793,22
_C,9,weekday,33,0.024383079171648836,22
_C,9,weekday,34,0.024508162484890725,22
_C,9,weekday,35,0.024610163641786868,22
_C,9,weekday,36,0.024692825747168457,22
_C,9,weekday,37,0.02451287517326183,22
_C,9,weekday,38,0.024521276308537766,22
_C,9,weekday,39,0.0243213860713971,22
_C,9,weekday,40,0.024105152368546035,22
_C,9,weekday,41,0.023488770073023666,22
_C,9,weekday,42,0.022742953830217762,22
_C,9,weekday,43,0.021916676612833114,22
_C,9,weekday,44,0.021064717917603972,22
_C,9,weekday,45,0.020046425983970908,22
_C,9,weekday,46,0.019045553797723682,22
_C,9,weekday,47,0.018008240238142785,22
_C,9,weekday,48,0.017151520795900783,22
_C,10,saturday,1,0.01848091448852601,4
_C,10,saturday,2,0.017895807082197755,4
_C,10,saturday,3,0.017283084021228322,4
_C,10,saturday,4,0.017022611460404704,4
_C,10,saturday,5,0.016686854263882084,4
_C,10,saturday,6,0.01624498430977689,4
_C,10,saturday,7,0.015890447490068432,4
_C,10,saturday,8,0.015612108205566156,4
_C,10,saturday,9,0.0154519620849529,4
_C,10,saturday,10,0.015428068266595183,4
_C,10,saturday,11,0.015732090666890863,4
_C,10,saturday,12,0.016114604346894962,4
_C,10,saturday,13,0.016893172591799697,4
_C,10,saturday,14,0.017475379072337077,4
_C,10,saturday,15,0.01825893048064067,4
_C,10,saturday,16,0.018897133008714973,4
_C,10,saturday,17,0.019997234589174843,4
_C,10,saturday,18,0.020731723571276825,4
_C,10,saturday,19,0.02150101835640492,4
_C,10,saturday,20,0.02204507574382053,4
_C,10,saturday,21,0.022642917289815157,4
_C,10,saturday,22,0.022991087229593615,4
_C,10,saturday,23,0.023296381268580853,4
_C,10,saturday,24,0.02344306511427907,4
_C,10,saturday,25,0.023717978342797465,4
_C,10,saturday,26,0.023814831179559064,4
_C,10,saturday,27,0.023807695148198724,4
_C,10,saturday,28,0.023613151414386097,4
_C,10,saturday,29,0.023507948136424296,4
_C,10,saturday,30,0.023316005797090304,4
_C,10,saturday,31,0.023054727130103186,4
_C,10,saturday,32,0.02297312727669494,4
_C,10,saturday,33,0.02307168079586288,4
_C,10,saturday,34,0.02320869698123434,4
_C,10,saturday,35,0.023603057314378985,4
_C,10,saturday,36,0.024011311063986247,4
_C,10,saturday,37,0.02460802779405781,4
_C,10,saturday,38,0.024952632930689778,4
_C,10,saturday,39,0.024865523650032854,4
_C,10,saturday,40,0.02449831706931703,4
_C,10,saturday,41,0.024003260722735516,4
_C,10,saturday,42,0.02349266578101789,4
_C,10,saturday,43,0.022881425183779044,4
_C,10,saturday,44,0.022236379123722075,4
_C,10,saturday,45,0.02146636541544774,4
_C,10,saturday,46,0.02065643641969267,4
_C,10,saturday,47,0.01968800400593401,4
_C,10,saturday,48,0.01893409631943452,4
_C,10,sunday,1,0.017893422038490557,4
_C,10,sunday,2,0.017295503160673985,4
_C,10,sunday,3,0.01676765746725095,4
_C,10,sunday,4,0.0164843023276028,4
_C,10,sunday,5,0.016167612870623464,4
_C,10,sunday,6,0.01573246574897204,4
_C,10,sunday,7,0.015397117592023443,4
_C,10,sunday,8,0.015130144175180773,4
_C,10,sunday,9,0.014982216024238448,4
_C,10,sunday,10,0.014860783590637871,4
_C,10,sunday,11,0.014908704204318772,4
_C,10,sunday,12,0.014980279705050245,4
_C,10,sunday,13,0.01538524562083319,4
_C,10,sunday,14,0.015757800124874242,4
_C,10,sunday,15,0.01640589650042643,4
_C,10,sunday,16,0.017000249199809334,4
_C,10,sunday,17,0.018031350073850014,4
_C,10,sunday,18,0.018796870810500115,4
_C,10,sunday,19,0.019733069268182107,4
_C,10,sunday,20,0.020432404658084553,4
_C,10,sunday,21,0.021099175597088272,4
_C,10,sunday,22,0.02153478432668615,4
_C,10,sunday,23,0.02205255760887782,4
_C,10,sunday,24,0.02230528912280316,4
_C,10,sunday,25,0.022601063843251036,4
_C,10,sunday,26,0.022797711888923784,4
_C,10,sunday,27,0.02295919403590167,4
_C,10,sunday,28,0.023018093526528324,4
_C,10,sunday,29,0.023009729171914475,4
_C,10,sunday,30,0.02299588073994364,4
_C,10,sunday,31,0.02302418181543112,4
_C,10,sunday,32,0.023053574475954523,4
_C,10,sunday,33,0.023186107301557745,4
_C,10,sunday,34,0.02331903866162491,4
_C,10,sunday,35,0.02376826222883115,4
_C,10,sunday,36,0.02421732518632966,4
_C,10,sunday,37,0.024693900973092195,4
_C,10,sunday,38,0.025032884898588684,4
_C,10,sunday,39,0.024937827736425236,4
_C,10,sunday,40,0.024465782545195432,4
_C,10,sunday,41,0.02387750962976105,4
_C,10,sunday,42,0.023186935230381327,4
_C,10,sunday,43,0.02253390516321423,4
_C,10,sunday,44,0.021753560475402653,4
_C,10,sunday,45,0.020892613664743886,4
_C,10,sunday,46,0.019936661645713956,4
_C,10,sunday,47,0.0189163255365992,4
_C,10,sunday,48,0.018027847922179284,4
_C,10,sunday,49,0.0176173610202415,1
_C,10,sunday,50,0.017041818865190662,1
_C,10,weekday,1,0.01615774247633601,23
_C,10,weekday,2,0.015604674863975808,23
_C,10,weekday,3,0.015095489457854173,23
_C,10,weekday,4,0.014839309347854532,23
_C,10,weekday,5,0.014560018187434834,23
_C,10,weekday,6,0.014242284379117554,23
_C,10,weekday,7,0.014014977761975049,23
_C,10,weekday,8,0.013820193307171276,23
_C,10,weekday,9,0.013836516786713148,23
_C,10,weekday,10,0.013987393646052837,23
_C,10,weekday,11,0.014682564032981859,23
_C,10,weekday,12,0.015522875012840505,23
_C,10,weekday,13,0.01722946950706886,23
_C,10,weekday,14,0.018539701890101467,23
_C,10,weekday,15,0.02028013936251785,23
_C,10,weekday,16,0.021296310885282638,23
_C,10,weekday,17,0.02226633250120413,23
_C,10,weekday,18,0.022785548865954897,23
_C,10,weekday,19,0.02344121174155673,23
_C,10,weekday,20,0.023780605150053126,23
_C,10,weekday,21,0.024048606535820662,23
_C,10,weekday,22,0.024202351636812697,23
_C,10,weekday,23,0.02435924764773891,23
_C,10,weekday,24,0.02444645429869998,23
_C,10,weekday,25,0.024706604530218213,23
_C,10,weekday,26,0.02477141201488351,23
_C,10,weekday,27,0.02475263947511143,23
_C,10,weekday,28,0.024546780497540246,23
_C,10,weekday,29,0.02440829083183989,23
_C,10,weekday,30,0.024216707692775976,23
_C,10,weekday,31,0.024062489513912915,23
_C,10,weekday,32,0.02408251167349035,23
_C,10,weekday,33,0.024283308146433254,23
_C,10,weekday,34,0.02451396809152457,23
_C,10,weekday,35,0.0248035040912028,23
_C,10,weekday,36,0.02503631693214059,23
_C,10,weekday,37,0.025143618195405778,23
_C,10,weekday,38,0.025264549214490034,23
_C,10,weekday,39,0.02482271156256407,23
_C,10,weekday,40,0.02420332299981096,23
_C,10,weekday,41,0.023402993316133838,23
_C,10,weekday,42,0.022700462072312702,23
_C,10,weekday,43,0.02189606055633671,23
_C,10,weekday,44,0.02103271662828353,23
_C,10,weekday,45,0.02004421560982533,23
_C,10,weekday,46,0.019060013111496986,23
_C,10,weekday,47,0.018008061516972845,23
_C,10,weekday,48,0.017196722442173948,23
_C,11,saturday,1,0.0185629103096866,5
_C,11,saturday,2,0.01810320553454814,5
_C,11,saturday,3,0.01744528606066663,5
_C,11,saturday,4,0.016793946972833557,5
_C,11,saturday,5,0.01635572906814951,5
_C,11,saturday,6,0.015978597330594035,5
_C,11,saturday,7,0.015648701981558592,5
_C,11,saturday,8,0.015366709921117322,5
_C,11,saturday,9,0.015201473208840377,5
_C,11,saturday,10,0.01515353443799256,5
_C,11,saturday,11,0.01548063821021308,5
_C,11,saturday,12,0.015880918741555103,5
_C,11,saturday,13,0.016627857735303342,5
_C,11,saturday,14,0.017125540892123314,5
_C,11,saturday,15,0.017899167272755766,5
_C,11,saturday,16,0.018511716841726485,5
_C,11,saturday,17,0.019599846435085784,5
_C,11,saturday,18,0.020430952895955687,5
_C,11,saturday,19,0.02123882016657783,5
_C,11,saturday,20,0.021822585791045783,5
_C,11,saturday,21,0.02245224247054022,5
_C,11,saturday,22,0.022809967115139017,5
_C,11,saturday,23,0.023206311399344315,5
_C,11,saturday,24,0.02347884717981256,5
_C,11,saturday,25,0.02382159971369839,5
_C,11,saturday,26,0.02392392885261877,5
_C,11,saturday,27,0.023935398595552076,5
_C,11,saturday,28,0.02383063268460938,5
_C,11,saturday,29,0.023708510349300365,5
_C,11,saturday,30,0.02364713610233836,5
_C,11,saturday,31,0.0237010087381735,5
_C,11,saturday,32,0.023791724082713968,5
_C,11,saturday,33,0.024118862187968503,5
_C,11,saturday,34,0.02459581256615953,5
_C,11,saturday,35,0.024957247571071962,5
_C,11,saturday,36,0.02504862981772372,5
_C,11,saturday,37,0.025004122017258146,5
_C,11,saturday,38,0.02482268813586896,5
_C,11,saturday,39,0.024457992874213623,5
_C,11,saturday,40,0.024039700252542966,5
_C,11,saturday,41,0.02360151246308607,5
_C,11,saturday,42,0.023089744204174093,5
_C,11,saturday,43,0.022553761984825105,5
_C,11,saturday,44,0.021933410501254386,5
_C,11,saturday,45,0.021182024347675944,5
_C,11,saturday,46,0.020454560798124414,5
_C,11,saturday,47,0.01954763834108135,5
_C,11,saturday,48,0.019056844844800795,5
_C,11,sunday,1,0.018672706928501225,5
_C,11,sunday,2,0.018222756096489916,5
_C,11,sunday,3,0.017538221284019332,5
_C,11,sunday,4,0.016848651794705134,5
_C,11,sunday,5,0.016427421206600106,5
_C,11,sunday,6,0.016052533684642184,5
_C,11,sunday,7,0.01575679644314802,5
_C,11,sunday,8,0.015499696607508806,5
_C,11,sunday,9,0.015371684197463811,5
_C,11,sunday,10,0.015250653094487818,5
_C,11,sunday,11,0.01538113028077514,5
_C,11,sunday,12,0.015482231329496226,5
_C,11,sunday,13,0.015979139500632816,5
_C,11,sunday,14,0.01640919896366081,5
_C,11,sunday,15,0.017135290118238895,5
_C,11,sunday,16,0.01776108597043784,5
_C,11,sunday,17,0.018820522092790636,5
_C,11,sunday,18,0.019680618292179757,5
_C,11,sunday,19,0.020593318824712728,5
_C,11,sunday,20,0.02119497423770202,5
_C,11,sunday,21,0.0218000825811323,5
_C,11,sunday,22,0.022219281575810483,5
_C,11,sunday,23,0.022677471332956448,5
_C,11,sunday,24,0.022928533670059502,5
_C,11,sunday,25,0.023276984313884995,5
_C,11,sunday,26,0.023451456514576398,5
_C,11,sunday,27,0.02356722757023369,5
_C,11,sunday,28,0.0236072470302422,5
_C,11,sunday,29,0.023624423316074863,5
_C,11,sunday,30,0.023677403407743026,5
_C,11,sunday,31,0.02386683720603889,5
_C,11,sunday,32,0.024106938263580187,5
_C,11,sunday,33,0.024751761222055232,5
_C,11,sunday,34,0.025448040286977575,5
_C,11,sunday,35,0.02592126011841403,5
_C,11,sunday,36,0.026139950908794136,5
_C,11,sunday,37,0.026091863406823068,5
_C,11,sunday,38,0.025899889276379384,5
_C,11,sunday,39,0.025557804386185424,5
_C,11,sunday,40,0.024979554010368776,5
_C,11,sunday,41,0.024320541239277505,5
_C,11,sunday,42,0.023755859755214846,5
_C,11,sunday,43,0.023005302855340876,5
_C,11,sunday,44,0.022177298385399478,5
_C,11,sunday,45,0.021191556461249518,5
_C,11,sunday,46,0.020232528407984212,5
_C,11,sunday,47,0.019151929334857015,5
_C,11,sunday,48,0.018492342214152725,5
_C,11,weekday,1,0.016269512472561524,20
_C,11,weekday,2,0.0158574161466202,20
_C,11,weekday,3,0.015283578604554243,20
_C,11,weekday,4,0.014762294159826514,20
_C,11,weekday,5,0.014435588478090067,20
_C,11,weekday,6,0.014174411773320355,20
_C,11,weekday,7,0.013971293305377672,20
_C,11,weekday,8,0.013793076527720638,20
_C,11,weekday,9,0.013815827863186775,20
_C,11,weekday,10,0.013941205844228418,20
_C,11,weekday,11,0.01463167227741346,20
_C,11,weekday,12,0.015471843137831408,20
_C,11,weekday,13,0.01717194624082527,20
_C,11,weekday,14,0.018514072554227858,20
_C,11,weekday,15,0.020281125261833403,20
_C,11,weekday,16,0.02124831481824527,20
_C,11,weekday,17,0.022135716820955224,20
_C,11,weekday,18,0.022660877293994557,20
_C,11,weekday,19,0.023361606384050163,20
_C,11,weekday,20,0.023728060686771295,20
_C,11,weekday,21,0.024020224915738124,20
_C,11,weekday,22,0.024203205684027528,20
_C,11,weekday,23,0.02438713343579902,20
_C,11,weekday,24,0.02442246749053446,20
_C,11,weekday,25,0.024618707604464527,20
_C,11,weekday,26,0.02468203062005156,20
_C,11,weekday,27,0.0246678060744212,20
_C,11,weekday,28,0.02451024335060232,20
_C,11,weekday,29,0.024388069209192904,20
_C,11,weekday,30,0.024254383319690112,20
_C,11,weekday,31,0.024174065268095225,20
_C,11,weekday,32,0.024311319704610607,20
_C,11,weekday,33,0.02479491079767951,20
_C,11,weekday,34,0.0252805212111469,20
_C,11,weekday,35,0.02548228197608991,20
_C,11,weekday,36,0.025488352847161305,20
_C,11,weekday,37,0.025262989567511385,20
_C,11,weekday,38,0.02508411453555563,20
_C,11,weekday,39,0.02453570828120605,20
_C,11,weekday,40,0.023938858580799683,20
_C,11,weekday,41,0.023197839853298922,20
_C,11,weekday,42,0.022504600514716637,20
_C,11,weekday,43,0.021706420587346346,20
_C,11,weekday,44,0.020839367160954445,20
_C,11,weekday,45,0.01986892257449236,20
_C,11,weekday,46,0.018877515948416516,20
_C,11,weekday,47,0.01782400106585361,20
_C,11,weekday,48,0.017164497168908895,20
_C,12,saturday,1,0.018603609400059534,4
_C,12,saturday,2,0.018231537482535518,4
_C,12,saturday,3,0.017600160958877585,4
_C,12,saturday,4,0.016955660811292003,4
_C,12,saturday,5,0.016542920973356637,4
_C,12,saturday,6,0.016168690999979883,4
_C,12,saturday,7,0.01587033207116953,4
_C,12,saturday,8,0.015614706216898623,4
_C,12,saturday,9,0.015449164577807928,4
_C,12,saturday,10,0.01540475863044523,4
_C,12,saturday,11,0.015690004201322737,4
_C,12,saturday,12,0.016100186310510793,4
_C,12,saturday,13,0.01687545919128569,4
_C,12,saturday,14,0.017433108552200174,4
_C,12,saturday,15,0.018208886718089047,4
_C,12,saturday,16,0.01875832838234391,4
_C,12,saturday,17,0.019744609907379005,4
_C,12,saturday,18,0.020552274973299103,4
_C,12,saturday,19,0.021371054265394242,4
_C,12,saturday,20,0.02194856218678884,4
_C,12,saturday,21,0.022477306381423336,4
_C,12,saturday,22,0.02280166213204881,4
_C,12,saturday,23,0.023045663138175985,4
_C,12,saturday,24,0.023237287887636193,4
_C,12,saturday,25,0.023476828491730974,4
_C,12,saturday,26,0.023567396675463106,4
_C,12,saturday,27,0.023541997319493517,4
_C,12,saturday,28,0.02350668811804353,4
_C,12,saturday,29,0.023488779524240305,4
_C,12,saturday,30,0.023456404241103086,4
_C,12,saturday,31,0.02352760910107245,4
_C,12,saturday,32,0.023708378940663924,4
_C,12,saturday,33,0.02426037120901799,4
_C,12,saturday,34,0.024572344938725548,4
_C,12,saturday,35,0.024790211729706364,4
_C,12,saturday,36,0.024816528988918396,4
_C,12,saturday,37,0.024792200960698188,4
_C,12,saturday,38,0.02460715216388938,4
_C,12,saturday,39,0.024285172915927487,4
_C,12,saturday,40,0.023879365379910138,4
_C,12,saturday,41,0.023462184103260845,4
_C,12,saturday,42,0.02308001592210288,4
_C,12,saturday,43,0.022521969270252067,4
_C,12,saturday,44,0.021881524403872102,4
_C,12,saturday,45,0.02115362972255005,4
_C,12,saturday,46,0.020416833509455796,4
_C,12,saturday,47,0.01954801526922931,4
_C,12,saturday,48,0.01897246075035223,4
_C,12,sunday,1,0.01891487460023688,4
_C,12,sunday,2,0.018552231706285983,4
_C,12,sunday,3,0.017877586309535752,4
_C,12,sunday,4,0.017204657318707732,4
_C,12,sunday,5,0.016760975813723274,4
_C,12,sunday,6,0.016372650552138095,4
_C,12,sunday,7,0.016026615383274313,4
_C,12,sunday,8,0.015764169254657366,4
_C,12,sunday,9,0.01558605039527174,4
_C,12,sunday,10,0.015434790622214558,4
_C,12,sunday,11,0.015529105553779619,4
_C,12,sunday,12,0.015620603351425275,4
_C,12,sunday,13,0.016090648475251674,4
_C,12,sunday,14,0.016500252366422878,4
_C,12,sunday,15,0.0172315161129809,4
_C,12,sunday,16,0.017770521482158554,4
_C,12,sunday,17,0.018709588802086532,4
_C,12,sunday,18,0.019530949540862593,4
_C,12,sunday,19,0.020460258121300992,4
_C,12,sunday,20,0.021208214229120885,4
_C,12,sunday,21,0.02194952288362368,4
_C,12,sunday,22,0.022516586991056776,4
_C,12,sunday,23,0.023031217180997002,4
_C,12,sunday,24,0.023368580198200577,4
_C,12,sunday,25,0.02370083095802706,4
_C,12,sunday,26,0.023891147146346912,4
_C,12,sunday,27,0.02401052241948346,4
_C,12,sunday,28,0.023992734844029053,4
_C,12,sunday,29,0.023977484714060002,4
_C,12,sunday,30,0.024057162860042718,4
_C,12,sunday,31,0.024196529395745094,4
_C,12,sunday,32,0.024421474190170774,4
_C,12,sunday,33,0.024841513000420198,4
_C,12,sunday,34,0.025153233264098716,4
_C,12,sunday,35,0.025280772676125156,4
_C,12,sunday,36,0.02535730594853883,4
_C,12,sunday,37,0.025200226855079506,4
_C,12,sunday,38,0.02501009883927361,4
_C,12,sunday,39,0.024735081539008323,4
_C,12,sunday,40,0.024266284453531663,4
_C,12,sunday,41,0.023705377087353652,4
_C,12,sunday,42,0.023179309116321857,4
_C,12,sunday,43,0.022547092655259632,4
_C,12,sunday,44,0.021820711002148628,4
_C,12,sunday,45,0.02096337017139332,4
_C,12,sunday,46,0.020047998692413353,4
_C,12,sunday,47,0.019090198228826013,4
_C,12,sunday,48,0.018541372696988835,4
_C,12,weekday,1,0.016794940055670286,23
_C,12,weekday,2,0.01641229349420213,23
_C,12,weekday,3,0.015852591133910916,23
_C,12,weekday,4,0.015295733242749476,23
_C,12,weekday,5,0.0149594522957765,23
_C,12,weekday,6,0.014678991627089842,23
_C,12,weekday,7,0.01444918603208331,23
_C,12,weekday,8,0.014251542365176771,23
_C,12,weekday,9,0.014240757166730553,23
_C,12,weekday,10,0.014341061314935004,23
_C,12,weekday,11,0.014951319390180984,23
_C,12,weekday,12,0.01565663646676819,23
_C,12,weekday,13,0.017152416484973235,23
_C,12,weekday,14,0.018254505917322448,23
_C,12,weekday,15,0.01982974576033635,23
_C,12,weekday,16,0.020667564056995675,23
_C,12,weekday,17,0.021544812822533878,23
_C,12,weekday,18,0.022143272330950148,23
_C,12,weekday,19,0.022865973709930886,23
_C,12,weekday,20,0.023336165957689038,23
_C,12,weekday,21,0.023697618323610666,23
_C,12,weekday,22,0.02394277953316669,23
_C,12,weekday,23,0.024136159431592318,23
_C,12,weekday,24,0.024238183621027608,23
_C,12,weekday,25,0.02442689945726008,23
_C,12,weekday,26,0.02449480182154072,23
_C,12,weekday,27,0.024531371743207676,23
_C,12,weekday,28,0.024440267650874207,23
_C,12,weekday,29,0.0243736199245407,23
_C,12,weekday,30,0.024316212519382242,23
_C,12,weekday,31,0.02432188257116276,23
_C,12,weekday,32,0.02450772062945475,23
_C,12,weekday,33,0.024974077435577568,23
_C,12,weekday,34,0.025232305405178648,23
_C,12,weekday,35,0.02527432487316842,23
_C,12,weekday,36,0.025218669685068175,23
_C,12,weekday,37,0.024925338833330986,23
_C,12,weekday,38,0.024671250898769342,23
_C,12,weekday,39,0.024104708306062782,23
_C,12,weekday,40,0.02358288852200768,23
_C,12,weekday,41,0.02293694481174377,23
_C,12,weekday,42,0.0223287247884836,23
_C,12,weekday,43,0.021642059056081776,23
_C,12,weekday,44,0.020893246055528763,23
_C,12,weekday,45,0.02002775927293059,23
_C,12,weekday,46,0.019164544719182136,23
_C,12,weekday,47,0.01823466634662575,23
_C,12,weekday,48,0.017682012137433967,23
_D,1,saturday,1,0.01709611831434861,9
_D,1,saturday,2,0.017628797145078354,9
_D,1,saturday,3,0.017448964005910287,9
_D,1,saturday,4,0.016935828946498158,9
_D,1,saturday,5,0.016590195477194442,9
_D,1,saturday,6,0.016240121605799365,9
_D,1,saturday,7,0.01589646431122284,9
_D,1,saturday,8,0.015560097246697805,9
_D,1,saturday,9,0.015258929339369722,9
_D,1,saturday,10,0.014984593218245239,9
_D,1,saturday,11,0.01488773003727857,9
_D,1,saturday,12,0.01503821538767731,9
_D,1,saturday,13,0.015827930030788227,9
_D,1,saturday,14,0.016542929799397886,9
_D,1,saturday,15,0.017626267024649075,9
_D,1,saturday,16,0.018449645062381902,9
_D,1,saturday,17,0.01990981221905109,9
_D,1,saturday,18,0.021105109769763503,9
_D,1,saturday,19,0.02225990398446142,9
_D,1,saturday,20,0.022733851775760164,9
_D,1,saturday,21,0.023098015435987985,9
_D,1,saturday,22,0.023135237405951543,9
_D,1,saturday,23,0.02317265176172554,9
_D,1,saturday,24,0.023041283075001626,9
_D,1,saturday,25,0.023185476912264687,9
_D,1,saturday,26,0.023237097895250153,9
_D,1,saturday,27,0.023304417148279664,9
_D,1,saturday,28,0.023242295148673348,9
_D,1,saturday,29,0.023307755395467363,9
_D,1,saturday,30,0.023684329015754325,9
_D,1,saturday,31,0.023819296099624774,9
_D,1,saturday,32,0.024187194438026496,9
_D,1,saturday,33,0.025001422001591573,9
_D,1,saturday,34,0.026194672034839737,9
_D,1,saturday,35,0.027196445129601846,9
_D,1,saturday,36,0.02713955758475323,9
_D,1,saturday,37,0.026625192904020857,9
_D,1,saturday,38,0.025898654296729245,9
_D,1,saturday,39,0.02532259028702419,9
_D,1,saturday,40,0.02458629320952466,9
_D,1,saturday,41,0.0238223482922663,9
_D,1,saturday,42,0.022961585581481817,9
_D,1,saturday,43,0.021923170897858755,9
_D,1,saturday,44,0.02099332910792073,9
_D,1,saturday,45,0.01983613835606024,9
_D,1,saturday,46,0.018886480014758067,9
_D,1,saturday,47,0.017891438474612442,9
_D,1,saturday,48,0.017284127393374846,9
_D,1,sunday,1,0.016756521014536407,8
_D,1,sunday,2,0.01730450580459052,8
_D,1,sunday,3,0.01707173698780598,8
_D,1,sunday,4,0.016778202235894206,8
_D,1,sunday,5,0.01640097949216205,8
_D,1,sunday,6,0.016091961893182124,8
_D,1,sunday,7,0.01574093867841174,8
_D,1,sunday,8,0.015387958475276972,8
_D,1,sunday,9,0.015348174547481823,8
_D,1,sunday,10,0.015061136283803785,8
_D,1,sunday,11,0.01500413263239279,8
_D,1,sunday,12,0.014990090382058825,8
_D,1,sunday,13,0.0154284876571819,8
_D,1,sunday,14,0.01581964292747524,8
_D,1,sunday,15,0.01669965010792868,8
_D,1,sunday,16,0.017329113675724026,8
_D,1,sunday,17,0.018612123013962686,8
_D,1,sunday,18,0.019743771573882168,8
_D,1,sunday,19,0.021063502063669838,8
_D,1,sunday,20,0.02206567859460004,8
_D,1,sunday,21,0.02274315868042755,8
_D,1,sunday,22,0.02321609871980634,8
_D,1,sunday,23,0.023947565115257887,8
_D,1,sunday,24,0.024018379130840227,8
_D,1,sunday,25,0.0242757530605527,8
_D,1,sunday,26,0.024491359043259116,8
_D,1,sunday,27,0.024493336897167903,8
_D,1,sunday,28,0.02458693790702771,8
_D,1,sunday,29,0.024569989700753192,8
_D,1,sunday,30,0.02482110461911941,8
_D,1,sunday,31,0.025059550905676357,8
_D,1,sunday,32,0.025402944214610815,8
_D,1,sunday,33,0.02598081541719693,8
_D,1,sunday,34,0.027007679874474284,8
_D,1,sunday,35,0.027828966463176723,8
_D,1,sunday,36,0.027526748865854996,8
_D,1,sunday,37,0.026674794285587854,8
_D,1,sunday,38,0.025964308101726365,8
_D,1,sunday,39,0.02509899899538884,8
_D,1,sunday,40,0.024408646235084,8
_D,1,sunday,41,0.02366260153963723,8
_D,1,sunday,42,0.022679082866358915,8
_D,1,sunday,43,0.02171086657743948,8
_D,1,sunday,44,0.0205020768976756,8
_D,1,sunday,45,0.01926782484954488,8
_D,1,sunday,46,0.01806147743215126,8
_D,1,sunday,47,0.01696687619653553,8
_D,1,sunday,48,0.016333749365646147,8
_D,1,weekday,1,0.0159279520877878,45
_D,1,weekday,2,0.016490071539260198,45
_D,1,weekday,3,0.0162706386139252,45
_D,1,weekday,4,0.015881750327858837,45
_D,1,weekday,5,0.015647458483387857,45
_D,1,weekday,6,0.015223018641334837,45
_D,1,weekday,7,0.01500921586221365,45
_D,1,weekday,8,0.014742899339813906,45
_D,1,weekday,9,0.014605332996051693,45
_D,1,weekday,10,0.014519284416512002,45
_D,1,weekday,11,0.014657623049268438,45
_D,1,weekday,12,0.01517379322735936,45
_D,1,weekday,13,0.016744712779050805,45
_D,1,weekday,14,0.018430622734536425,45
_D,1,weekday,15,0.020441774323119395,45
_D,1,weekday,16,0.021539228311711796,45
_D,1,weekday,17,0.02247947386337642,45
_D,1,weekday,18,0.02301285921961063,45
_D,1,weekday,19,0.023812804542828966,45
_D,1,weekday,20,0.023999256875413162,45
_D,1,weekday,21,0.024058494625191162,45
_D,1,weekday,22,0.02395890679897206,45
_D,1,weekday,23,0.02390546132780786,45
_D,1,weekday,24,0.023860944195307127,45
_D,1,weekday,25,0.023964888005058332,45
_D,1,weekday,26,0.023712216417248876,45
_D,1,weekday,27,0.023574887079269975,45
_D,1,weekday,28,0.023288886801513555,45
_D,1,weekday,29,0.023057920473126214,45
_D,1,weekday,30,0.023096662567656433,45
_D,1,weekday,31,0.02327385651758645,45
_D,1,weekday,32,0.02398515448717438,45
_D,1,weekday,33,0.024688138556951525,45
_D,1,weekday,34,0.02548399583353461,45
_D,1,weekday,35,0.026307154742916564,45
_D,1,weekday,36,0.02641156122761095,45
_D,1,weekday,37,0.026007960337996044,45
_D,1,weekday,38,0.025339024687478538,45
_D,1,weekday,39,0.024538472645431325,45
_D,1,weekday,40,0.023946867801030454,45
_D,1,weekday,41,0.023267640419630444,45
_D,1,weekday,42,0.022541014244235585,45
_D,1,weekday,43,0.02154634764145527,45
_D,1,weekday,44,0.02041780832037015,45
_D,1,weekday,45,0.019242433176595932,45
_D,1,weekday,46,0.018219633785951556,45
_D,1,weekday,47,0.0172400985298011,45
_D,1,weekday,48,0.01645379751867614,45
_D,2,saturday,1,0.01813636585445563,8
_D,2,saturday,2,0.01869482205296083,8
_D,2,saturday,3,0.018408326823383853,8
_D,2,saturday,4,0.018069022830735533,8
_D,2,saturday,5,0.017905554913514404,8
_D,2,saturday,6,0.017492278314801733,8
_D,2,saturday,7,0.017115637704771897,8
_D,2,saturday,8,0.016755267590718288,8
_D,2,saturday,9,0.01636295394187838,8
_D,2,saturday,10,0.016095847240773307,8
_D,2,saturday,11,0.016076431276897788,8
_D,2,saturday,12,0.016126660477953973,8
_D,2,saturday,13,0.016893922540493964,8
_D,2,saturday,14,0.017567875850300622,8
_D,2,saturday,15,0.018850776763197467,8
_D,2,saturday,16,0.019807480590364683,8
_D,2,saturday,17,0.021168208639847513,8
_D,2,saturday,18,0.02197357766496498,8
_D,2,saturday,19,0.022885727778540498,8
_D,2,saturday,20,0.02293086155169664,8
_D,2,saturday,21,0.023137366731598503,8
_D,2,saturday,22,0.02292512234510885,8
_D,2,saturday,23,0.022711135202071155,8
_D,2,saturday,24,0.022528084475874254,8
_D,2,saturday,25,0.022441988237517443,8
_D,2,saturday,26,0.02251510230162731,8
_D,2,saturday,27,0.022360451813604867,8
_D,2,saturday,28,0.02213486664297334,8
_D,2,saturday,29,0.02220895860688818,8
_D,2,saturday,30,0.022302901035810563,8
_D,2,saturday,31,0.022549136656992295,8
_D,2,saturday,32,0.023123283410991412,8
_D,2,saturday,33,0.02374102187418438,8
_D,2,saturday,34,0.024739733741792863,8
_D,2,saturday,35,0.0259038485421759,8
_D,2,saturday,36,0.026583136109421406,8
_D,2,saturday,37,0.02635925962975185,8
_D,2,saturday,38,0.02585969299041087,8
_D,2,saturday,39,0.025048351996516102,8
_D,2,saturday,40,0.024119693799249258,8
_D,2,saturday,41,0.023290801714358496,8
_D,2,saturday,42,0.022273185963437678,8
_D,2,saturday,43,0.02122704842363915,8
_D,2,saturday,44,0.020387851102028873,8
_D,2,saturday,45,0.019260682796015862,8
_D,2,saturday,46,0.017883695636137235,8
_D,2,saturday,47,0.01689133860792893,8
_D,2,saturday,48,0.01617465920964099,8
_D,2,sunday,1,0.01738453241410412,8
_D,2,sunday,2,0.017908559946431424,8
_D,2,sunday,3,0.017402931147945784,8
_D,2,sunday,4,0.01696051632086148,8
_D,2,sunday,5,0.016589477275581053,8
_D,2,sunday,6,0.01606551338023228,8
_D,2,sunday,7,0.01588374019202953,8
_D,2,sunday,8,0.015439179847751925,8
_D,2,sunday,9,0.014979851599606431,8
_D,2,sunday,10,0.014799916281377164,8
_D,2,sunday,11,0.01479815918558868,8
_D,2,sunday,12,0.014664731351437744,8
_D,2,sunday,13,0.01516280367359606,8
_D,2,sunday,14,0.015753360653842495,8
_D,2,sunday,15,0.016870264088318696,8
_D,2,sunday,16,0.0175976700942089,8
_D,2,sunday,17,0.019060386427102595,8
_D,2,sunday,18,0.020333424086034012,8
_D,2,sunday,19,0.02144439222627649,8
_D,2,sunday,20,0.022071861628799445,8
_D,2,sunday,21,0.022583433157113194,8
_D,2,sunday,22,0.02277684923081974,8
_D,2,sunday,23,0.023226060092913545,8
_D,2,sunday,24,0.023300982242309427,8
_D,2,sunday,25,0.023386553496876537,8
_D,2,sunday,26,0.02317738757003011,8
_D,2,sunday,27,0.02298867611258848,8
_D,2,sunday,28,0.023210611205318702,8
_D,2,sunday,29,0.02356188631310594,8
_D,2,sunday,30,0.023761817228594887,8
_D,2,sunday,31,0.024421258333130844,8
_D,2,sunday,32,0.02536746559842572,8
_D,2,sunday,33,0.025984036970151322,8
_D,2,sunday,34,0.026945812374883468,8
_D,2,sunday,35,0.028146445499019714,8
_D,2,sunday,36,0.028435630706341846,8
_D,2,sunday,37,0.027729509950391217,8
_D,2,sunday,38,0.027179316034345702,8
_D,2,sunday,39,0.0262479974111928,8
_D,2,sunday,40,0.02538673071780158,8
_D,2,sunday,41,0.024462160047202884,8
_D,2,sunday,42,0.02311059903251217,8
_D,2,sunday,43,0.022096196909685135,8
_D,2,sunday,44,0.0208215140641745,8
_D,2,sunday,45,0.019337968238909962,8
_D,2,sunday,46,0.018028668011400045,8
_D,2,sunday,47,0.01698990085730283,8
_D,2,sunday,48,0.016163260772331406,8
_D,2,weekday,1,0.01584223955400032,40
_D,2,weekday,2,0.016417909286896723,40
_D,2,weekday,3,0.01618469509005515,40
_D,2,weekday,4,0.015791684108021505,40
_D,2,weekday,5,0.015530161989717,40
_D,2,weekday,6,0.015210139694317846,40
_D,2,weekday,7,0.014902516198733095,40
_D,2,weekday,8,0.014547969557460374,40
_D,2,weekday,9,0.014405450058826794,40
_D,2,weekday,10,0.014318049850042536,40
_D,2,weekday,11,0.014598756545625216,40
_D,2,weekday,12,0.015158595412678177,40
_D,2,weekday,13,0.016900356763897763,40
_D,2,weekday,14,0.01875833347497286,40
_D,2,weekday,15,0.020773693480205385,40
_D,2,weekday,16,0.021923049987703967,40
_D,2,weekday,17,0.023053301264030435,40
_D,2,weekday,18,0.02344810546907003,40
_D,2,weekday,19,0.02391108205927295,40
_D,2,weekday,20,0.023871617612673514,40
_D,2,weekday,21,0.02360403991073484,40
_D,2,weekday,22,0.023356386295776254,40
_D,2,weekday,23,0.023443517294631875,40
_D,2,weekday,24,0.023328488502546874,40
_D,2,weekday,25,0.023330350158354787,40
_D,2,weekday,26,0.023085252791150226,40
_D,2,weekday,27,0.02302818600026519,40
_D,2,weekday,28,0.022874526507642847,40
_D,2,weekday,29,0.022818536230907398,40
_D,2,weekday,30,0.022720344734615303,40
_D,2,weekday,31,0.022737477634936557,40
_D,2,weekday,32,0.023431932653432103,40
_D,2,weekday,33,0.02421065272362128,40
_D,2,weekday,34,0.02482675764459346,40
_D,2,weekday,35,0.025858959252200962,40
_D,2,weekday,36,0.026628270724522583,40
_D,2,weekday,37,0.026703911638977562,40
_D,2,weekday,38,0.02607829116516632,40
_D,2,weekday,39,0.025322856782524487,40
_D,2,weekday,40,0.024987608647626045,40
_D,2,weekday,41,0.024167157475250164,40
_D,2,weekday,42,0.02324762947670501,40
_D,2,weekday,43,0.022121479575382914,40
_D,2,weekday,44,0.02080904912678854,40
_D,2,weekday,45,0.01948254949361474,40
_D,2,weekday,46,0.018300240750376333,40
_D,2,weekday,47,0.017301382910817304,40
_D,2,weekday,48,0.01664645643863639,40
_D,3,saturday,1,0.019385645985513296,9
_D,3,saturday,2,0.020200124691663643,9
_D,3,saturday,3,0.01995569567866941,9
_D,3,saturday,4,0.019600910033782434,9
_D,3,saturday,5,0.01916458397751129,9
_D,3,saturday,6,0.018748322163212885,9
_D,3,saturday,7,0.01818868991554186,9
_D,3,saturday,8,0.01775870719362782,9
_D,3,saturday,9,0.017604396023942023,9
_D,3,saturday,10,0.01756673744241319,9
_D,3,saturday,11,0.01762881339740577,9
_D,3,saturday,12,0.017672846619460506,9
_D,3,saturday,13,0.018492928940914425,9
_D,3,saturday,14,0.019107654629142875,9
_D,3,saturday,15,0.020071851680015577,9
_D,3,saturday,16,0.020633519371207356,9
_D,3,saturday,17,0.021268044050923623,9
_D,3,saturday,18,0.021411897413085485,9
_D,3,saturday,19,0.021225583729226154,9
_D,3,saturday,20,0.020611968346962606,9
_D,3,saturday,21,0.0200927420089332,9
_D,3,saturday,22,0.0196591613260565,9
_D,3,saturday,23,0.019390016755360236,9
_D,3,saturday,24,0.018988432027309664,9
_D,3,saturday,25,0.018825035184942142,9
_D,3,saturday,26,0.018555896225412146,9
_D,3,saturday,27,0.01851158908870499,9
_D,3,saturday,28,0.018715607409233857,9
_D,3,saturday,29,0.018919744334712954,9
_D,3,saturday,30,0.019407960430074974,9
_D,3,saturday,31,0.01995025627364877,9
_D,3,saturday,32,0.020861522201576235,9
_D,3,saturday,33,0.021951632872818438,9
_D,3,saturday,34,0.023635584692759108,9
_D,3,saturday,35,0.025145568397329975,9
_D,3,saturday,36,0.026064231739901515,9
_D,3,saturday,37,0.02682969783845844,9
_D,3,saturday,38,0.02710883576715268,9
_D,3,saturday,39,0.026747313799397137,9
_D,3,saturday,40,0.02619453703866305,9
_D,3,saturday,41,0.025684545814920825,9
_D,3,saturday,42,0.024775779589453203,9
_D,3,saturday,43,0.023947054643381357,9
_D,3,saturday,44,0.02287692312781628,9
_D,3,saturday,45,0.02173641959730064,9
_D,3,saturday,46,0.020576689075887365,9
_D,3,saturday,47,0.019615886298202902,9
_D,3,saturday,48,0.0189324151563692,9
_D,3,sunday,1,0.019399590484381966,10
_D,3,sunday,2,0.019849916158478313,10
_D,3,sunday,3,0.01953305403915889,10
_D,3,sunday,4,0.019065102098922652,10
_D,3,sunday,5,0.018434372926225687,10
_D,3,sunday,6,0.017909799924166626,10
_D,3,sunday,7,0.01734696106562932,10
_D,3,sunday,8,0.016833414771468134,10
_D,3,sunday,9,0.01636813882725747,10
_D,3,sunday,10,0.015897758764271075,10
_D,3,sunday,11,0.015751243757970802,10
_D,3,sunday,12,0.01574833722560945,10
_D,3,sunday,13,0.016345327014452543,10
_D,3,sunday,14,0.016819373348470452,10
_D,3,sunday,15,0.01764147317761499,10
_D,3,sunday,16,0.018111879366773626,10
_D,3,sunday,17,0.019024800690058265,10
_D,3,sunday,18,0.019619644376803462,10
_D,3,sunday,19,0.020175327963391557,10
_D,3,sunday,20,0.020475958892979557,10
_D,3,sunday,21,0.020933203276299595,10
_D,3,sunday,22,0.021107962144839478,10
_D,3,sunday,23,0.021272771779819774,10
_D,3,sunday,24,0.021536412381094286,10
_D,3,sunday,25,0.021676228813332494,10
_D,3,sunday,26,0.021798804907392492,10
_D,3,sunday,27,0.021791205089193025,10
_D,3,sunday,28,0.02184850128422666,10
_D,3,sunday,29,0.021925894081336623,10
_D,3,sunday,30,0.02186977234633589,10
_D,3,sunday,31,0.022207974978716922,10
_D,3,sunday,32,0.02294050727373386,10
_D,3,sunday,33,0.02398282015370149,10
_D,3,sunday,34,0.025048657449479483,10
_D,3,sunday,35,0.02622458867504747,10
_D,3,sunday,36,0.026836028382823215,10
_D,3,sunday,37,0.02709952126819576,10
_D,3,sunday,38,0.027250745067815683,10
_D,3,sunday,39,0.026905021935218938,10
_D,3,sunday,40,0.025942254948838978,10
_D,3,sunday,41,0.02517397328140565,10
_D,3,sunday,42,0.024076172427539032,10
_D,3,sunday,43,0.023091546542905357,10
_D,3,sunday,44,0.021907811612456096,10
_D,3,sunday,45,0.02056551983065999,10
_D,3,sunday,46,0.019336203733121792,10
_D,3,sunday,47,0.017841627086546796,8
_D,3,sunday,48,0.017456794373838347,8
_D,3,weekday,1,0.017000084663609548,43
_D,3,weekday,2,0.017516341081770203,43
_D,3,weekday,3,0.017377466492376245,43
_D,3,weekday,4,0.01704641440645389,43
_D,3,weekday,5,0.016764933769610923,43
_D,3,weekday,6,0.016422265503825813,43
_D,3,weekday,7,0.016162646005234815,43
_D,3,weekday,8,0.015914960104132177,43
_D,3,weekday,9,0.01578157414818156,43
_D,3,weekday,10,0.015746929703298187,43
_D,3,weekday,11,0.016064536083142806,43
_D,3,weekday,12,0.016689155887461383,43
_D,3,weekday,13,0.018443086600631417,43
_D,3,weekday,14,0.019964365297394072,43
_D,3,weekday,15,0.022152921350328852,43
_D,3,weekday,16,0.023138509763278536,43
_D,3,weekday,17,0.023536654490896827,43
_D,3,weekday,18,0.023387715981091666,43
_D,3,weekday,19,0.02337659386056464,43
_D,3,weekday,20,0.022951968199427106,43
_D,3,weekday,21,0.022453941794759957,43
_D,3,weekday,22,0.021961752654904906,43
_D,3,weekday,23,0.021577530106327625,43
_D,3,weekday,24,0.021337571798329954,43
_D,3,weekday,25,0.02125546393335675,43
_D,3,weekday,26,0.020929201370363082,43
_D,3,weekday,27,0.020722934277786056,43
_D,3,weekday,28,0.02047029174676474,43
_D,3,weekday,29,0.0204197739415783,43
_D,3,weekday,30,0.020445041039349562,43
_D,3,weekday,31,0.02083364106411555,43
_D,3,weekday,32,0.02190309723632792,43
_D,3,weekday,33,0.022932661239956825,43
_D,3,weekday,34,0.023614079152738936,43
_D,3,weekday,35,0.024601219267839158,43
_D,3,weekday,36,0.025503865183623103,43
_D,3,weekday,37,0.02605234351881377,43
_D,3,weekday,38,0.02629477646350994,43
_D,3,weekday,39,0.026178077195451992,43
_D,3,weekday,40,0.025805879220273987,43
_D,3,weekday,41,0.02503787751492399,43
_D,3,weekday,42,0.02417972377179149,43
_D,3,weekday,43,0.023047688695026394,43
_D,3,weekday,44,0.021789666687469043,43
_D,3,weekday,45,0.020497289436528243,43
_D,3,weekday,46,0.01916419424702961,43
_D,3,weekday,47,0.018057613539636645,43
_D,3,weekday,48,0.017493680508711855,43
_D,4,saturday,1,0.01971238730743733,8
_D,4,saturday,2,0.01941709963440964,8
_D,4,saturday,3,0.019248443491143824,8
_D,4,saturday,4,0.019636467870728518,8
_D,4,saturday,5,0.01936172048067014,8
_D,4,saturday,6,0.01893528349560644,8
_D,4,saturday,7,0.01870432365672668,8
_D,4,saturday,8,0.01845792751688764,8
_D,4,saturday,9,0.01815650703474775,8
_D,4,saturday,10,0.017837851309472182,8
_D,4,saturday,11,0.01791947261806875,8
_D,4,saturday,12,0.017766726194746858,8
_D,4,saturday,13,0.01864905041580407,8
_D,4,saturday,14,0.01913807634830396,8
_D,4,saturday,15,0.020207575007611032,8
_D,4,saturday,16,0.021217326331026593,8
_D,4,saturday,17,0.022134938486058967,8
_D,4,saturday,18,0.02251770911496456,8
_D,4,saturday,19,0.022598648388328268,8
_D,4,saturday,20,0.021681451756595544,8
_D,4,saturday,21,0.02123081561425129,8
_D,4,saturday,22,0.02054437901265351,8
_D,4,saturday,23,0.019936860582758707,8
_D,4,saturday,24,0.019591881692570208,8
_D,4,saturday,25,0.01922699537754728,8
_D,4,saturday,26,0.018831595963810087,8
_D,4,saturday,27,0.01819189665315323,8
_D,4,saturday,28,0.018049861141213347,8
_D,4,saturday,29,0.017901857953148314,8
_D,4,saturday,30,0.018204889421029942,8
_D,4,saturday,31,0.018462952516001108,8
_D,4,saturday,32,0.01899290090073533,8
_D,4,saturday,33,0.020049162895092957,8
_D,4,saturday,34,0.02159165405535919,8
_D,4,saturday,35,0.02352681544890999,8
_D,4,saturday,36,0.02442569762721911,8
_D,4,saturday,37,0.025101863701329205,8
_D,4,saturday,38,0.025417894042740814,8
_D,4,saturday,39,0.02548937112389798,8
_D,4,saturday,40,0.025359209323604078,8
_D,4,saturday,41,0.025530854211121,8
_D,4,saturday,42,0.025729279995249245,8
_D,4,saturday,43,0.025235494742195434,8
_D,4,saturday,44,0.02434664035853037,8
_D,4,saturday,45,0.023318055064134514,8
_D,4,saturday,46,0.02197505927252331,8
_D,4,saturday,47,0.02062192767586348,8
_D,4,saturday,48,0.01981514717401822,8
_D,4,sunday,1,0.0194915219506927,8
_D,4,sunday,2,0.018827662723229,8
_D,4,sunday,3,0.018218405079446488,8
_D,4,sunday,4,0.01835583157847421,8
_D,4,sunday,5,0.017984572710701453,8
_D,4,sunday,6,0.017613129159191592,8
_D,4,sunday,7,0.017280856370281872,8
_D,4,sunday,8,0.016952290230614703,8
_D,4,sunday,9,0.01680138765970282,8
_D,4,sunday,10,0.01667693226132212,8
_D,4,sunday,11,0.016546544334033103,8
_D,4,sunday,12,0.01642788146648527,8
_D,4,sunday,13,0.017026803436379846,8
_D,4,sunday,14,0.017626287954061758,8
_D,4,sunday,15,0.018430978622119516,8
_D,4,sunday,16,0.019208689942091333,8
_D,4,sunday,17,0.020035905908643875,8
_D,4,sunday,18,0.020554417933839893,8
_D,4,sunday,19,0.02090601189680088,8
_D,4,sunday,20,0.020810585353506564,8
_D,4,sunday,21,0.020593384435130712,8
_D,4,sunday,22,0.02024823852835244,8
_D,4,sunday,23,0.019906328634474453,8
_D,4,sunday,24,0.019762257508403797,8
_D,4,sunday,25,0.019477968483118953,8
_D,4,sunday,26,0.01889559870173999,8
_D,4,sunday,27,0.018420845019320724,8
_D,4,sunday,28,0.01801372361756915,8
_D,4,sunday,29,0.01773702706646671,8
_D,4,sunday,30,0.017754203878788663,8
_D,4,sunday,31,0.01818788083805945,8
_D,4,sunday,32,0.01902197413253826,8
_D,4,sunday,33,0.020422075223245163,8
_D,4,sunday,34,0.02202149993441706,8
_D,4,sunday,35,0.024051017890092723,8
_D,4,sunday,36,0.025278655685187487,8
_D,4,sunday,37,0.025942190539225033,8
_D,4,sunday,38,0.026378556499730255,8
_D,4,sunday,39,0.02729045179236507,8
_D,4,sunday,40,0.027638136450192557,8
_D,4,sunday,41,0.02819825681314261,8
_D,4,sunday,42,0.028540056750782167,8
_D,4,sunday,43,0.027935222689466504,8
_D,4,sunday,44,0.026961404783089078,8
_D,4,sunday,45,0.025607305899920774,8
_D,4,sunday,46,0.024454723786763846,8
_D,4,sunday,47,0.023120084518287717,8
_D,4,sunday,48,0.022364233328509692,8
_D,4,weekday,1,0.018776213140131844,44
_D,4,weekday,2,0.01850842126713098,44
_D,4,weekday,3,0.018232565949241226,44
_D,4,weekday,4,0.018493599989353206,44
_D,4,weekday,5,0.018409433638417558,44
_D,4,weekday,6,0.018067543379557387,44
_D,4,weekday,7,0.017783922412961853,44
_D,4,weekday,8,0.017509681537773783,44
_D,4,weekday,9,0.017345057940563534,44
_D,4,weekday,10,0.017255034775833136,44
_D,4,weekday,11,0.01739119453970399,44
_D,4,weekday,12,0.017822788526212358,44
_D,4,weekday,13,0.01935499644123846,44
_D,4,weekday,14,0.020741987877127645,44
_D,4,weekday,15,0.022680343343476513,44
_D,4,weekday,16,0.023647148959663203,44
_D,4,weekday,17,0.024445751311031928,44
_D,4,weekday,18,0.024317102424661178,44
_D,4,weekday,19,0.024147034630939822,44
_D,4,weekday,20,0.023387368397042328,44
_D,4,weekday,21,0.022504880961270804,44
_D,4,weekday,22,0.021758842097563,44
_D,4,weekday,23,0.021086974857436203,44
_D,4,weekday,24,0.02048397784192538,44
_D,4,weekday,25,0.02019369300407021,44
_D,4,weekday,26,0.01964272006384012,44
_D,4,weekday,27,0.019302728959006463,44
_D,4,weekday,28,0.018865662595011327,44
_D,4,weekday,29,0.01871423180052994,44
_D,4,weekday,30,0.01852089063296463,44
_D,4,weekday,31,0.018533417879607668,44
_D,4,weekday,32,0.019150987359896586,44
_D,4,weekday,33,0.020041723728565306,44
_D,4,weekday,34,0.020907142530058605,44
_D,4,weekday,35,0.02225403149755885,44
_D,4,weekday,36,0.023174890413763458,44
_D,4,weekday,37,0.023767495717555456,44
_D,4,weekday,38,0.024208328329946148,44
_D,4,weekday,39,0.024511750736343395,44
_D,4,weekday,40,0.025003078311346964,44
_D,4,weekday,41,0.025123630715858145,44
_D,4,weekday,42,0.02498337500434453,44
_D,4,weekday,43,0.024417361772694525,44
_D,4,weekday,44,0.023276392796281974,44
_D,4,weekday,45,0.02207118992211778,44
_D,4,weekday,46,0.02073182483734826,44
_D,4,weekday,47,0.019584014732802593,44
_D,4,weekday,48,0.01886757041822977,44
_D,5,saturday,1,0.022110065667017145,10
_D,5,saturday,2,0.02144264767711676,10
_D,5,saturday,3,0.020797714487927534,10
_D,5,saturday,4,0.020658315270603075,10
_D,5,saturday,5,0.020175530333453262,10
_D,5,saturday,6,0.01960356099191584,10
_D,5,saturday,7,0.01921350013743821,10
_D,5,saturday,8,0.01895638938805652,10
_D,5,saturday,9,0.018662198214655763,10
_D,5,saturday,10,0.01831685697051126,10
_D,5,saturday,11,0.018160203384813712,10
_D,5,saturday,12,0.017997754892852342,10
_D,5,saturday,13,0.0185885926741296,10
_D,5,saturday,14,0.01901195753490027,10
_D,5,saturday,15,0.019788055634653894,10
_D,5,saturday,16,0.020405788262058182,10
_D,5,saturday,17,0.021368392659786285,10
_D,5,saturday,18,0.021926621869200205,10
_D,5,saturday,19,0.022651595051000267,10
_D,5,saturday,20,0.022634014179203677,10
_D,5,saturday,21,0.022345589244576525,10
_D,5,saturday,22,0.02184137283545407,10
_D,5,saturday,23,0.021091078138327952,10
_D,5,saturday,24,0.020740363029427084,10
_D,5,saturday,25,0.019841644601759564,10
_D,5,saturday,26,0.018516187651013146,10
_D,5,saturday,27,0.017650462860464337,10
_D,5,saturday,28,0.01704269886965838,10
_D,5,saturday,29,0.01701148126533695,10
_D,5,saturday,30,0.01713527432980324,10
_D,5,saturday,31,0.017246370847663152,10
_D,5,saturday,32,0.017985241005671913,10
_D,5,saturday,33,0.019304020764128495,10
_D,5,saturday,34,0.020841835972545433,10
_D,5,saturday,35,0.02253086473393851,10
_D,5,saturday,36,0.023697366541259306,10
_D,5,saturday,37,0.02433591999362748,10
_D,5,saturday,38,0.02468545532678533,10
_D,5,saturday,39,0.02484631730769505,10
_D,5,saturday,40,0.024522435603666466,10
_D,5,saturday,41,0.02444642836103031,10
_D,5,saturday,42,0.024177629264564363,10
_D,5,saturday,43,0.024330222105658134,10
_D,5,saturday,44,0.024165968462810942,10
_D,5,saturday,45,0.023393667822368323,10
_D,5,saturday,46,0.022382785356448918,10
_D,5,saturday,47,0.021068230521932903,10
_D,5,saturday,48,0.020353331901089917,10
_D,5,sunday,1,0.020874688695358697,9
_D,5,sunday,2,0.02036571466813563,9
_D,5,sunday,3,0.020089571337820532,9
_D,5,sunday,4,0.019996249465953526,9
_D,5,sunday,5,0.019595318126277586,9
_D,5,sunday,6,0.019058958522694163,9
_D,5,sunday,7,0.018588351235979385,9
_D,5,sunday,8,0.018410326803061688,9
_D,5,sunday,9,0.018274209564525308,9
_D,5,sunday,10,0.017797676720355635,9
_D,5,sunday,11,0.017480040561911304,9
_D,5,sunday,12,0.017096016516407613,9
_D,5,sunday,13,0.017398503111013444,9
_D,5,sunday,14,0.017801070699263125,9
_D,5,sunday,15,0.018361339671345497,9
_D,5,sunday,16,0.018602052438666437,9
_D,5,sunday,17,0.019349875224386973,9
_D,5,sunday,18,0.019715872993311623,9
_D,5,sunday,19,0.0202081598649451,9
_D,5,sunday,20,0.0204888181385884,9
_D,5,sunday,21,0.0204961992180535,9
_D,5,sunday,22,0.01980428144312439,9
_D,5,sunday,23,0.019680273963412955,9
_D,5,sunday,24,0.019135795957986673,9
_D,5,sunday,25,0.019123740833566386,9
_D,5,sunday,26,0.0188421249651262,9
_D,5,sunday,27,0.01861401467230606,9
_D,5,sunday,28,0.0180165285955743,9
_D,5,sunday,29,0.017969412253837688,9
_D,5,sunday,30,0.01820934992032549,9
_D,5,sunday,31,0.01891735854265816,9
_D,5,sunday,32,0.019847074583388365,9
_D,5,sunday,33,0.021031774519703575,9
_D,5,sunday,34,0.022120107749174445,9
_D,5,sunday,35,0.023628911739818164,9
_D,5,sunday,36,0.02485491695822499,9
_D,5,sunday,37,0.02582620456037515,9
_D,5,sunday,38,0.02604572485701937,9
_D,5,sunday,39,0.026427021372384847,9
_D,5,sunday,40,0.02636297750395954,9
_D,5,sunday,41,0.02628014868930152,9
_D,5,sunday,42,0.0259800544377794,9
_D,5,sunday,43,0.025855456121830423,9
_D,5,sunday,44,0.025461969651406128,9
_D,5,sunday,45,0.024570797801508847,9
_D,5,sunday,46,0.02355092018455194,9
_D,5,sunday,47,0.022215598365228496,9
_D,5,sunday,48,0.02157844617837135,9
_D,5,weekday,1,0.019278695929483933,43
_D,5,weekday,2,0.018863028144701453,43
_D,5,weekday,3,0.018503146782312588,43
_D,5,weekday,4,0.018473167731272076,43
_D,5,weekday,5,0.018118699885113367,43
_D,5,weekday,6,0.017646186674106442,43
_D,5,weekday,7,0.017323912071237776,43
_D,5,weekday,8,0.01705335630588427,43
_D,5,weekday,9,0.01684027916223575,43
_D,5,weekday,10,0.0166606360544432,43
_D,5,weekday,11,0.016639089777049598,43
_D,5,weekday,12,0.01689965726728511,43
_D,5,weekday,13,0.018325356285497682,43
_D,5,weekday,14,0.019680726198563734,43
_D,5,weekday,15,0.02160342933506637,43
_D,5,weekday,16,0.022493424628689907,43
_D,5,weekday,17,0.023034162788354316,43
_D,5,weekday,18,0.022952848185522675,43
_D,5,weekday,19,0.022987790742799403,43
_D,5,weekday,20,0.02249536112559575,43
_D,5,weekday,21,0.022097201403680967,43
_D,5,weekday,22,0.021731844494244954,43
_D,5,weekday,23,0.02134612250996343,43
_D,5,weekday,24,0.021002876393937938,43
_D,5,weekday,25,0.020783049609535337,43
_D,5,weekday,26,0.02027432047455354,43
_D,5,weekday,27,0.019874168922540486,43
_D,5,weekday,28,0.01956903469532627,43
_D,5,weekday,29,0.019374931583788994,43
_D,5,weekday,30,0.019278897226959215,43
_D,5,weekday,31,0.019297450995224036,43
_D,5,weekday,32,0.020022468991002507,43
_D,5,weekday,33,0.020769197678621586,43
_D,5,weekday,34,0.02136406515718976,43
_D,5,weekday,35,0.02261668087187961,43
_D,5,weekday,36,0.023473306651252846,43
_D,5,weekday,37,0.02402091906643953,43
_D,5,weekday,38,0.02443589713387546,43
_D,5,weekday,39,0.02476653449024675,43
_D,5,weekday,40,0.02496099899019502,43
_D,5,weekday,41,0.024667658527092018,43
_D,5,weekday,42,0.02444906686085614,43
_D,5,weekday,43,0.024301811657959457,43
_D,5,weekday,44,0.02392497849123146,43
_D,5,weekday,45,0.023120221889755356,43
_D,5,weekday,46,0.02199845894835261,43
_D,5,weekday,47,0.02066482733532018,43
_D,5,weekday,48,0.01994005387375914,43
_D,6,saturday,1,0.021854378696291792,8
_D,6,saturday,2,0.02114230868467101,8
_D,6,saturday,3,0.021046333883244873,8
_D,6,saturday,4,0.02084402976277274,8
_D,6,saturday,5,0.020169938080533144,8
_D,6,saturday,6,0.01973457902217492,8
_D,6,saturday,7,0.01912682295621995,8
_D,6,saturday,8,0.018561842602078018,8
_D,6,saturday,9,0.01837641257809788,8
_D,6,saturday,10,0.01780003077543934,8
_D,6,saturday,11,0.01759072276319908,8
_D,6,saturday,12,0.017446969013050023,8
_D,6,saturday,13,0.018227791299631365,8
_D,6,saturday,14,0.018781529691998464,8
_D,6,saturday,15,0.0197914171587714,8
_D,6,saturday,16,0.02030058896018455,8
_D,6,saturday,17,0.020986138928739653,8
_D,6,saturday,18,0.021273082116807895,8
_D,6,saturday,19,0.021653187844005058,8
_D,6,saturday,20,0.0221273142987192,8
_D,6,saturday,21,0.021908809137525062,8
_D,6,saturday,22,0.021500057452114345,8
_D,6,saturday,23,0.021058706593503215,8
_D,6,saturday,24,0.02035641748173489,8
_D,6,saturday,25,0.01997381985837548,8
_D,6,saturday,26,0.019457762421077433,8
_D,6,saturday,27,0.01925246818822572,8
_D,6,saturday,28,0.01904561061641982,8
_D,6,saturday,29,0.018491906227616286,8
_D,6,saturday,30,0.01876862566933308,8
_D,6,saturday,31,0.019128935615878966,8
_D,6,saturday,32,0.019208815396505353,8
_D,6,saturday,33,0.019778390135713572,8
_D,6,saturday,34,0.02080442929932412,8
_D,6,saturday,35,0.022103743296354793,8
_D,6,saturday,36,0.023360314527247978,8
_D,6,saturday,37,0.02435180307393748,8
_D,6,saturday,38,0.024217130860691764,8
_D,6,saturday,39,0.024001556921163895,8
_D,6,saturday,40,0.023954907178275177,8
_D,6,saturday,41,0.023812874176706914,8
_D,6,saturday,42,0.023446195346763513,8
_D,6,saturday,43,0.023515055060488985,8
_D,6,saturday,44,0.02346869342725216,8
_D,6,saturday,45,0.02332573984518557,8
_D,6,saturday,46,0.022439779896788442,8
_D,6,saturday,47,0.021588116472142663,8
_D,6,saturday,48,0.020843916707023003,8
_D,6,sunday,1,0.02023896117547499,9
_D,6,sunday,2,0.020137329965015844,9
_D,6,sunday,3,0.02000655162978444,9
_D,6,sunday,4,0.019949750455434612,9
_D,6,sunday,5,0.01952343384343769,9
_D,6,sunday,6,0.019116633160450775,9
_D,6,sunday,7,0.018831637947051453,9
_D,6,sunday,8,0.01828631530374717,9
_D,6,sunday,9,0.01811029380844437,9
_D,6,sunday,10,0.017706816232271154,9
_D,6,sunday,11,0.01736731189235931,9
_D,6,sunday,12,0.017036441379125102,9
_D,6,sunday,13,0.01731130565160367,9
_D,6,sunday,14,0.01747171946030983,9
_D,6,sunday,15,0.01752592007262177,9
_D,6,sunday,16,0.01783796202435376,9
_D,6,sunday,17,0.018706607738084528,9
_D,6,sunday,18,0.019410675286892793,9
_D,6,sunday,19,0.020095085505011403,9
_D,6,sunday,20,0.020338178997792403,9
_D,6,sunday,21,0.020130558496911987,9
_D,6,sunday,22,0.019545225324038157,9
_D,6,sunday,23,0.019231541306866867,9
_D,6,sunday,24,0.019098998381623513,9
_D,6,sunday,25,0.019301046271194538,9
_D,6,sunday,26,0.018786331793330426,9
_D,6,sunday,27,0.01855307266677882,9
_D,6,sunday,28,0.018457665572462027,9
_D,6,sunday,29,0.01866050070222127,9
_D,6,sunday,30,0.018959695080911595,9
_D,6,sunday,31,0.020004636355700482,9
_D,6,sunday,32,0.02076629584953921,9
_D,6,sunday,33,0.021825035414501016,9
_D,6,sunday,34,0.023023346332631676,9
_D,6,sunday,35,0.024310966299340455,9
_D,6,sunday,36,0.02525948310562411,9
_D,6,sunday,37,0.025535543775218977,9
_D,6,sunday,38,0.025944841052193045,9
_D,6,sunday,39,0.0261201432951497,9
_D,6,sunday,40,0.02609214164519142,9
_D,6,sunday,41,0.026254963105306853,9
_D,6,sunday,42,0.025987679660022838,9
_D,6,sunday,43,0.025573166526889946,9
_D,6,sunday,44,0.025121598512687124,9
_D,6,sunday,45,0.024556563604885683,9
_D,6,sunday,46,0.023537142550751382,9
_D,6,sunday,47,0.02251723911349804,9
_D,6,sunday,48,0.0218356466752618,9
_D,6,weekday,1,0.019583611743947557,43
_D,6,weekday,2,0.019248164068133136,43
_D,6,weekday,3,0.018872546104958077,43
_D,6,weekday,4,0.018794351667813104,43
_D,6,weekday,5,0.018500560194282187,43
_D,6,weekday,6,0.01807773210134545,43
_D,6,weekday,7,0.017864879445456647,43
_D,6,weekday,8,0.017562950725180427,43
_D,6,weekday,9,0.017229649763607767,43
_D,6,weekday,10,0.01685780760635606,43
_D,6,weekday,11,0.016895363409575877,43
_D,6,weekday,12,0.017182013728279457,43
_D,6,weekday,13,0.01872411242964278,43
_D,6,weekday,14,0.019996077119034835,43
_D,6,weekday,15,0.021936771616262868,43
_D,6,weekday,16,0.022809058597157303,43
_D,6,weekday,17,0.023146356088171297,43
_D,6,weekday,18,0.02293849274066412,43
_D,6,weekday,19,0.02290702680015064,43
_D,6,weekday,20,0.0224337836518965,43
_D,6,weekday,21,0.02202804678020322,43
_D,6,weekday,22,0.02182606367281873,43
_D,6,weekday,23,0.021479870889840377,43
_D,6,weekday,24,0.021042562778802683,43
_D,6,weekday,25,0.020649339556677346,43
_D,6,weekday,26,0.0203030575913073,43
_D,6,weekday,27,0.02020450359748695,43
_D,6,weekday,28,0.020054589456791443,43
_D,6,weekday,29,0.019909814566745232,43
_D,6,weekday,30,0.01984879204692852,43
_D,6,weekday,31,0.01985172713569034,43
_D,6,weekday,32,0.02045259337839282,43
_D,6,weekday,33,0.021088898678452695,43
_D,6,weekday,34,0.02153402759894585,43
_D,6,weekday,35,0.022381911731506512,43
_D,6,weekday,36,0.02296733143896479,43
_D,6,weekday,37,0.02316462420084506,43
_D,6,weekday,38,0.023379599782636852,43
_D,6,weekday,39,0.02359383243567475,43
_D,6,weekday,40,0.023764499937727734,43
_D,6,weekday,41,0.023696956834287887,43
_D,6,weekday,42,0.023625161468140973,43
_D,6,weekday,43,0.023259360942889884,43
_D,6,weekday,44,0.022882173688420358,43
_D,6,weekday,45,0.022611885206592228,43
_D,6,weekday,46,0.021865780102948186,43
_D,6,weekday,47,0.020779040240225536,43
_D,6,weekday,48,0.02019264465813964,43
_D,7,saturday,1,0.022307228381298005,8
_D,7,saturday,2,0.02170389268441775,8
_D,7,saturday,3,0.020926111999329856,8
_D,7,saturday,4,0.020751433863593016,8
_D,7,saturday,5,0.020186937651156388,8
_D,7,saturday,6,0.019682215284343305,8
_D,7,saturday,7,0.019298605634472703,8
_D,7,saturday,8,0.018996113586860826,8
_D,7,saturday,9,0.018748406377604256,8
_D,7,saturday,10,0.01834288234722899,8
_D,7,saturday,11,0.017848544134535883,8
_D,7,saturday,12,0.01766458452482596,8
_D,7,saturday,13,0.0183203658924403,8
_D,7,saturday,14,0.018732858830419075,8
_D,7,saturday,15,0.01953200019162081,8
_D,7,saturday,16,0.019875829070868562,8
_D,7,saturday,17,0.020775391930586848,8
_D,7,saturday,18,0.02096111063008263,8
_D,7,saturday,19,0.021217966178837495,8
_D,7,saturday,20,0.020982221179476984,8
_D,7,saturday,21,0.02064903702990564,8
_D,7,saturday,22,0.020556379457505276,8
_D,7,saturday,23,0.020404776801264332,8
_D,7,saturday,24,0.020253132186340124,8
_D,7,saturday,25,0.02014499251909485,8
_D,7,saturday,26,0.019505452487216784,8
_D,7,saturday,27,0.019331683529809213,8
_D,7,saturday,28,0.018847620888294198,8
_D,7,saturday,29,0.018503564440379774,8
_D,7,saturday,30,0.018519330630388877,8
_D,7,saturday,31,0.01841838875557599,8
_D,7,saturday,32,0.018625452271394848,8
_D,7,saturday,33,0.0195011478670484,8
_D,7,saturday,34,0.020508975998964753,8
_D,7,saturday,35,0.021966624124748653,8
_D,7,saturday,36,0.02308230329944851,8
_D,7,saturday,37,0.02352647439376862,8
_D,7,saturday,38,0.024017334683266778,8
_D,7,saturday,39,0.02456244259111829,8
_D,7,saturday,40,0.024566153093707244,8
_D,7,saturday,41,0.024658544796725423,8
_D,7,saturday,42,0.024611843427705456,8
_D,7,saturday,43,0.02422901419417313,8
_D,7,saturday,44,0.02396174075889317,8
_D,7,saturday,45,0.023678237272376893,8
_D,7,saturday,46,0.02298021714890733,8
_D,7,saturday,47,0.02201722524476941,8
_D,7,saturday,48,0.021517209733208385,8
_D,7,sunday,1,0.021925227918598564,8
_D,7,sunday,2,0.021122771916725083,8
_D,7,sunday,3,0.020226654552609056,8
_D,7,sunday,4,0.019950925409273453,8
_D,7,sunday,5,0.01927393715677166,8
_D,7,sunday,6,0.018809568235052056,8
_D,7,sunday,7,0.01831896237263359,8
_D,7,sunday,8,0.01804938118092388,8
_D,7,sunday,9,0.017902265199706002,8
_D,7,sunday,10,0.017477300279411835,8
_D,7,sunday,11,0.01702232458182001,8
_D,7,sunday,12,0.0167780203946107,8
_D,7,sunday,13,0.01704226589541372,8
_D,7,sunday,14,0.017338593584150915,8
_D,7,sunday,15,0.017905517621643142,8
_D,7,sunday,16,0.01854203979626385,8
_D,7,sunday,17,0.01942395381750304,8
_D,7,sunday,18,0.01999192582182099,8
_D,7,sunday,19,0.020485957194582273,8
_D,7,sunday,20,0.02070075635712949,8
_D,7,sunday,21,0.020589247087303034,8
_D,7,sunday,22,0.020140508642363643,8
_D,7,sunday,23,0.020142497962403555,8
_D,7,sunday,24,0.020075727355446056,8
_D,7,sunday,25,0.019892975437278602,8
_D,7,sunday,26,0.01933526246657602,8
_D,7,sunday,27,0.018979114928124048,8
_D,7,sunday,28,0.018530899421835067,8
_D,7,sunday,29,0.018639324419869097,8
_D,7,sunday,30,0.018829602335768695,8
_D,7,sunday,31,0.019430185300837958,8
_D,7,sunday,32,0.020077914021406944,8
_D,7,sunday,33,0.021017642926823118,8
_D,7,sunday,34,0.02231009074142083,8
_D,7,sunday,35,0.023700540127294178,8
_D,7,sunday,36,0.024710619954278115,8
_D,7,sunday,37,0.025498641606500366,8
_D,7,sunday,38,0.025820758684940374,8
_D,7,sunday,39,0.026047795783507063,8
_D,7,sunday,40,0.026231032594599708,8
_D,7,sunday,41,0.026113245739511792,8
_D,7,sunday,42,0.02560209920797497,8
_D,7,sunday,43,0.02528322712160166,8
_D,7,sunday,44,0.024735994108884496,8
_D,7,sunday,45,0.023849915111780945,8
_D,7,sunday,46,0.022792349424441666,8
_D,7,sunday,47,0.022028989624382704,8
_D,7,sunday,48,0.021305448576202004,8
_D,7,weekday,1,0.020005191420807856,46
_D,7,weekday,2,0.019671460399392816,46
_D,7,weekday,3,0.019212201562957006,46
_D,7,weekday,4,0.019117048061136215,46
_D,7,weekday,5,0.01881350134937993,46
_D,7,weekday,6,0.018497091151994844,46
_D,7,weekday,7,0.018238170633302908,46
_D,7,weekday,8,0.018005240568646143,46
_D,7,weekday,9,0.017810901450803975,46
_D,7,weekday,10,0.017521046980784452,46
_D,7,weekday,11,0.01739925629012049,46
_D,7,weekday,12,0.017663226472072625,46
_D,7,weekday,13,0.019023639118160362,46
_D,7,weekday,14,0.020124882906477248,46
_D,7,weekday,15,0.02180659559327865,46
_D,7,weekday,16,0.022527278099937046,46
_D,7,weekday,17,0.023054299265042075,46
_D,7,weekday,18,0.023008825371705555,46
_D,7,weekday,19,0.02310466918919968,46
_D,7,weekday,20,0.022664687643666196,46
_D,7,weekday,21,0.02219738306321987,46
_D,7,weekday,22,0.021699750326427632,46
_D,7,weekday,23,0.02124486939243321,46
_D,7,weekday,24,0.020879488150493553,46
_D,7,weekday,25,0.020618933102805794,46
_D,7,weekday,26,0.020213669034541495,46
_D,7,weekday,27,0.01996102296159607,46
_D,7,weekday,28,0.019671553906116003,46
_D,7,weekday,29,0.019507095009638317,46
_D,7,weekday,30,0.01927167602127046,46
_D,7,weekday,31,0.0192823955134292,46
_D,7,weekday,32,0.019670659487717818,46
_D,7,weekday,33,0.02021437409126404,46
_D,7,weekday,34,0.020525904062892772,46
_D,7,weekday,35,0.02150847035331741,46
_D,7,weekday,36,0.02251012130301914,46
_D,7,weekday,37,0.023071858530633118,46
_D,7,weekday,38,0.023489210776856492,46
_D,7,weekday,39,0.02371224652114709,46
_D,7,weekday,40,0.02399444950167809,46
_D,7,weekday,41,0.023832919542714315,46
_D,7,weekday,42,0.023632355112905536,46
_D,7,weekday,43,0.023384483756474308,46
_D,7,weekday,44,0.022978001182643346,46
_D,7,weekday,45,0.02248029232488818,46
_D,7,weekday,46,0.02185264254308128,46
_D,7,weekday,47,0.020985880242792684,46
_D,7,weekday,48,0.02033908065513671,46
_D,8,saturday,1,0.022025647901598715,9
_D,8,saturday,2,0.02149913422636461,9
_D,8,saturday,3,0.020821659412823164,9
_D,8,saturday,4,0.02069362339794894,9
_D,8,saturday,5,0.020368567049808935,9
_D,8,saturday,6,0.019884906938852896,9
_D,8,saturday,7,0.019449892861514426,9
_D,8,saturday,8,0.01902248008319278,9
_D,8,saturday,9,0.01872639649274156,9
_D,8,saturday,10,0.018427364824221144,9
_D,8,saturday,11,0.0181942766249052,9
_D,8,saturday,12,0.018089385780604997,9
_D,8,saturday,13,0.018879538093309594,9
_D,8,saturday,14,0.019317040475438533,9
_D,8,saturday,15,0.02003881001214846,9
_D,8,saturday,16,0.020429012339448063,9
_D,8,saturday,17,0.021005778174759314,9
_D,8,saturday,18,0.02117418292242269,9
_D,8,saturday,19,0.02148645001104145,9
_D,8,saturday,20,0.021270613183898533,9
_D,8,saturday,21,0.02091113129625304,9
_D,8,saturday,22,0.02081514569278162,9
_D,8,saturday,23,0.02077348453444812,9
_D,8,saturday,24,0.020292598230310238,9
_D,8,saturday,25,0.020090372405707563,9
_D,8,saturday,26,0.019859978128355528,9
_D,8,saturday,27,0.01902989029888534,9
_D,8,saturday,28,0.018481526415970045,9
_D,8,saturday,29,0.018123715953423276,9
_D,8,saturday,30,0.01801490309889954,9
_D,8,saturday,31,0.017903636764386,9
_D,8,saturday,32,0.018164066486651358,9
_D,8,saturday,33,0.01902771352838256,9
_D,8,saturday,34,0.020249935956957617,9
_D,8,saturday,35,0.0217013135036194,9
_D,8,saturday,36,0.02302104322811259,9
_D,8,saturday,37,0.023774242526841124,9
_D,8,saturday,38,0.02408734038135952,9
_D,8,saturday,39,0.024249221916905876,9
_D,8,saturday,40,0.024323062935441828,9
_D,8,saturday,41,0.02452752882596542,9
_D,8,saturday,42,0.02468597648811173,9
_D,8,saturday,43,0.02455625430076445,9
_D,8,saturday,44,0.024044430697971006,9
_D,8,saturday,45,0.023333761509583755,9
_D,8,saturday,46,0.022474050685298837,9
_D,8,saturday,47,0.021644224086326255,9
_D,8,saturday,48,0.021034689315242355,9
_D,8,sunday,1,0.020918041432544904,9
_D,8,sunday,2,0.0206445162034304,9
_D,8,sunday,3,0.020267390415632396,9
_D,8,sunday,4,0.019892214658555132,9
_D,8,sunday,5,0.019468208447623522,9
_D,8,sunday,6,0.01896239238059823,9
_D,8,sunday,7,0.018553122509443007,9
_D,8,sunday,8,0.01819615315664401,9
_D,8,sunday,9,0.01806390709668361,9
_D,8,sunday,10,0.01772265385491986,9
_D,8,sunday,11,0.017495505576559857,9
_D,8,sunday,12,0.01731366256612232,9
_D,8,sunday,13,0.017736852893234886,9
_D,8,sunday,14,0.018151559799352162,9
_D,8,sunday,15,0.018622315221052406,9
_D,8,sunday,16,0.018885386669630827,9
_D,8,sunday,17,0.019384321332788154,9
_D,8,sunday,18,0.0197851033874557,9
_D,8,sunday,19,0.02017171013264625,9
_D,8,sunday,20,0.02040509571836686,9
_D,8,sunday,21,0.02035475492709795,9
_D,8,sunday,22,0.019740088788076215,9
_D,8,sunday,23,0.019497940330144008,9
_D,8,sunday,24,0.01919037618995341,9
_D,8,sunday,25,0.01941987257594209,9
_D,8,sunday,26,0.018945929854001526,9
_D,8,sunday,27,0.018907743043067558,9
_D,8,sunday,28,0.018936264771468897,9
_D,8,sunday,29,0.019210044429849624,9
_D,8,sunday,30,0.019293294027735247,9
_D,8,sunday,31,0.019511732655919475,9
_D,8,sunday,32,0.020453797168706947,9
_D,8,sunday,33,0.021852024618106473,9
_D,8,sunday,34,0.022965375410413064,9
_D,8,sunday,35,0.023964350851995872,9
_D,8,sunday,36,0.024894838340128875,9
_D,8,sunday,37,0.025542355017885213,9
_D,8,sunday,38,0.02599816380611471,9
_D,8,sunday,39,0.026122361669513167,9
_D,8,sunday,40,0.02594954054181961,9
_D,8,sunday,41,0.025555131323205787,9
_D,8,sunday,42,0.02532016979465048,9
_D,8,sunday,43,0.025044936478720883,9
_D,8,sunday,44,0.02410323115345166,9
_D,8,sunday,45,0.023168219810489145,9
_D,8,sunday,46,0.02245815470603439,9
_D,8,sunday,47,0.021677965924622948,9
_D,8,sunday,48,0.021281228337600266,9
_D,8,weekday,1,0.019534106708922826,40
_D,8,weekday,2,0.01917288625279522,40
_D,8,weekday,3,0.018821849381480175,40
_D,8,weekday,4,0.018667534055288888,40
_D,8,weekday,5,0.018389282065437555,40
_D,8,weekday,6,0.01791469799531212,40
_D,8,weekday,7,0.01749028175291621,40
_D,8,weekday,8,0.017318358382278392,40
_D,8,weekday,9,0.01710114733458253,40
_D,8,weekday,10,0.016900327610115493,40
_D,8,weekday,11,0.01690026608675575,40
_D,8,weekday,12,0.016965376985709733,40
_D,8,weekday,13,0.018074064534308903,40
_D,8,weekday,14,0.01898255513770871,40
_D,8,weekday,15,0.0205230271808699,40
_D,8,weekday,16,0.021470037965483735,40
_D,8,weekday,17,0.022439324354052187,40
_D,8,weekday,18,0.022750288591224223,40
_D,8,weekday,19,0.022921236104472848,40
_D,8,weekday,20,0.02263773968735335,40
_D,8,weekday,21,0.02224499494933421,40
_D,8,weekday,22,0.02204620821077021,40
_D,8,weekday,23,0.0217732999511682,40
_D,8,weekday,24,0.021382127521093815,40
_D,8,weekday,25,0.0210720939974725,40
_D,8,weekday,26,0.020565906375051627,40
_D,8,weekday,27,0.02019302182706133,40
_D,8,weekday,28,0.019733655580548817,40
_D,8,weekday,29,0.019691124863194756,40
_D,8,weekday,30,0.019690828663117065,40
_D,8,weekday,31,0.019826376306292106,40
_D,8,weekday,32,0.02025132330966582,40
_D,8,weekday,33,0.020952161422082886,40
_D,8,weekday,34,0.021603611961881618,40
_D,8,weekday,35,0.02262423634574596,40
_D,8,weekday,36,0.02349305753474295,40
_D,8,weekday,37,0.023936088995139708,40
_D,8,weekday,38,0.0243275248306401,40
_D,8,weekday,39,0.024398869985602166,40
_D,8,weekday,40,0.0245417136295493,40
_D,8,weekday,41,0.024535107115163386,40
_D,8,weekday,42,0.024518600836722495,40
_D,8,weekday,43,0.02416605817232727,40
_D,8,weekday,44,0.023372771027797053,40
_D,8,weekday,45,0.022260492066794077,40
_D,8,weekday,46,0.02142114258155045,40
_D,8,weekday,47,0.020534982120604884,40
_D,8,weekday,48,0.019868231651816497,40
_D,9,saturday,1,0.020349359935416818,4
_D,9,saturday,2,0.01999893497174807,4
_D,9,saturday,3,0.01959476229150212,4
_D,9,saturday,4,0.019616032025643687,4
_D,9,saturday,5,0.019153224573569737,4
_D,9,saturday,6,0.018748261402374546,4
_D,9,saturday,7,0.01838378215256959,4
_D,9,saturday,8,0.018080818988533053,4
_D,9,saturday,9,0.0177108058325769,4
_D,9,saturday,10,0.017519902471619345,4
_D,9,saturday,11,0.017586172533884854,4
_D,9,saturday,12,0.01772819413316949,4
_D,9,saturday,13,0.018460178197920153,4
_D,9,saturday,14,0.019099963874367527,4
_D,9,saturday,15,0.020329241574805833,4
_D,9,saturday,16,0.021339757234894667,4
_D,9,saturday,17,0.022664563337295447,4
_D,9,saturday,18,0.02348663895240016,4
_D,9,saturday,19,0.02402972078806944,4
_D,9,saturday,20,0.02348911950037388,4
_D,9,saturday,21,0.023312165961250252,4
_D,9,saturday,22,0.023201521199004593,4
_D,9,saturday,23,0.023506574106372836,4
_D,9,saturday,24,0.02304075886474047,4
_D,9,saturday,25,0.021215409298219925,4
_D,9,saturday,26,0.02017448424819907,4
_D,9,saturday,27,0.020243715688010474,4
_D,9,saturday,28,0.019680541289665808,4
_D,9,saturday,29,0.01957519306114411,4
_D,9,saturday,30,0.01904771939071543,4
_D,9,saturday,31,0.018892733683226894,4
_D,9,saturday,32,0.019027651035419833,4
_D,9,saturday,33,0.019668364240123533,4
_D,9,saturday,34,0.020617032084054913,4
_D,9,saturday,35,0.022088946616764426,4
_D,9,saturday,36,0.02349085853731496,4
_D,9,saturday,37,0.023569697754355332,4
_D,9,saturday,38,0.023494477272135845,4
_D,9,saturday,39,0.02357479685423437,4
_D,9,saturday,40,0.023775416980500206,4
_D,9,saturday,41,0.023554066931246353,4
_D,9,saturday,42,0.02294794821527836,4
_D,9,saturday,43,0.022369759514577977,4
_D,9,saturday,44,0.021770312951112338,4
_D,9,saturday,45,0.021277091986678008,4
_D,9,saturday,46,0.020853419200975543,4
_D,9,saturday,47,0.019687744766505512,4
_D,9,saturday,48,0.01897216349543732,4
_D,9,sunday,1,0.01838942488951513,4
_D,9,sunday,2,0.01839133225321281,4
_D,9,sunday,3,0.018026538098643616,4
_D,9,sunday,4,0.018108712765704776,4
_D,9,sunday,5,0.01738824734326158,4
_D,9,sunday,6,0.016529219605370807,4
_D,9,sunday,7,0.016234994296032333,4
_D,9,sunday,8,0.01621351041115092,4
_D,9,sunday,9,0.016026121459772235,4
_D,9,sunday,10,0.015535094161591927,4
_D,9,sunday,11,0.01553903831567285,4
_D,9,sunday,12,0.016019639286462425,4
_D,9,sunday,13,0.01701515254453219,4
_D,9,sunday,14,0.017424579657026602,4
_D,9,sunday,15,0.017787918602222348,4
_D,9,sunday,16,0.01861300643609593,4
_D,9,sunday,17,0.019843102430867794,4
_D,9,sunday,18,0.020824608396462066,4
_D,9,sunday,19,0.021811122999784764,4
_D,9,sunday,20,0.02174233933272235,4
_D,9,sunday,21,0.021640917942715145,4
_D,9,sunday,22,0.02174975132533467,4
_D,9,sunday,23,0.022660322977117314,4
_D,9,sunday,24,0.022407378795937447,4
_D,9,sunday,25,0.02273648800066457,4
_D,9,sunday,26,0.022661822115152285,4
_D,9,sunday,27,0.022768747917106487,4
_D,9,sunday,28,0.022254897083142537,4
_D,9,sunday,29,0.021936798438838983,4
_D,9,sunday,30,0.021551878769999033,4
_D,9,sunday,31,0.02231813343999594,4
_D,9,sunday,32,0.02291653191945568,4
_D,9,sunday,33,0.024071538462414877,4
_D,9,sunday,34,0.024612206121683192,4
_D,9,sunday,35,0.025764213835450536,4
_D,9,sunday,36,0.025843689396091565,4
_D,9,sunday,37,0.025799669368291797,4
_D,9,sunday,38,0.02523594669452379,4
_D,9,sunday,39,0.025611013988164268,4
_D,9,sunday,40,0.025223335122733517,4
_D,9,sunday,41,0.0251216917860751,4
_D,9,sunday,42,0.024014465266397896,4
_D,9,sunday,43,0.023048065016265887,4
_D,9,sunday,44,0.0222924521955093,4
_D,9,sunday,45,0.021097587323836042,4
_D,9,sunday,46,0.02002039321326917,4
_D,9,sunday,47,0.0188506418141751,4
_D,9,sunday,48,0.018325718383552417,4
_D,9,weekday,1,0.01764358825839998,22
_D,9,weekday,2,0.017375282995380582,22
_D,9,weekday,3,0.01702441628036024,22
_D,9,weekday,4,0.017001974318637578,22
_D,9,weekday,5,0.01685192472538834,22
_D,9,weekday,6,0.016462728712641442,22
_D,9,weekday,7,0.01622695972859856,22
_D,9,weekday,8,0.015993585939402758,22
_D,9,weekday,9,0.015879030694144033,22
_D,9,weekday,10,0.015868426506310186,22
_D,9,weekday,11,0.01617429851527762,22
_D,9,weekday,12,0.01672284876957109,22
_D,9,weekday,13,0.018505801467863913,22
_D,9,weekday,14,0.020059020726120813,22
_D,9,weekday,15,0.022003680983718268,22
_D,9,weekday,16,0.022639319938643782,22
_D,9,weekday,17,0.023495479642134155,22
_D,9,weekday,18,0.023477474079842974,22
_D,9,weekday,19,0.023605037345102057,22
_D,9,weekday,20,0.023163282155369926,22
_D,9,weekday,21,0.02270575354915241,22
_D,9,weekday,22,0.022400214654843254,22
_D,9,weekday,23,0.021887417702423324,22
_D,9,weekday,24,0.021657117075781558,22
_D,9,weekday,25,0.021725545953932904,22
_D,9,weekday,26,0.021446862411043363,22
_D,9,weekday,27,0.021262534452916402,22
_D,9,weekday,28,0.02075562335420398,22
_D,9,weekday,29,0.020695110290019067,22
_D,9,weekday,30,0.02079949133758789,22
_D,9,weekday,31,0.020639349324373172,22
_D,9,weekday,32,0.0212269005879877,22
_D,9,weekday,33,0.022152635127111162,22
_D,9,weekday,34,0.02266479515554706,22
_D,9,weekday,35,0.023447511511084075,22
_D,9,weekday,36,0.02432667098753818,22
_D,9,weekday,37,0.02449509186338861,22
_D,9,weekday,38,0.024602892438486988,22
_D,9,weekday,39,0.02497588519052111,22
_D,9,weekday,40,0.025063093095002962,22
_D,9,weekday,41,0.02505015351611204,22
_D,9,weekday,42,0.024582682065390504,22
_D,9,weekday,43,0.02356565250013539,22
_D,9,weekday,44,0.02250289032911921,22
_D,9,weekday,45,0.021332476182324474,22
_D,9,weekday,46,0.020201506354679717,22
_D,9,weekday,47,0.019158375847069545,22
_D,9,weekday,48,0.01850160535931564,22
_D,10,saturday,1,0.01834270824488937,4
_D,10,saturday,2,0.017891884200850347,4
_D,10,saturday,3,0.017446212088324645,4
_D,10,saturday,4,0.01731669878804445,4
_D,10,saturday,5,0.016935879830192475,4
_D,10,saturday,6,0.01645960507758899,4
_D,10,saturday,7,0.01621521759884223,4
_D,10,saturday,8,0.01588030170917807,4
_D,10,saturday,9,0.015688052529301007,4
_D,10,saturday,10,0.015468093520711842,4
_D,10,saturday,11,0.015317449569000293,4
_D,10,saturday,12,0.015154762594167332,4
_D,10,saturday,13,0.016379984523863734,4
_D,10,saturday,14,0.01724277664285823,4
_D,10,saturday,15,0.018660231697564,4
_D,10,saturday,16,0.0199664366449084,4
_D,10,saturday,17,0.021449833818431338,4
_D,10,saturday,18,0.022677659628852164,4
_D,10,saturday,19,0.023764850730437374,4
_D,10,saturday,20,0.023933630081623154,4
_D,10,saturday,21,0.023875863254923926,4
_D,10,saturday,22,0.023773388975022288,4
_D,10,saturday,23,0.02378832343897212,4
_D,10,saturday,24,0.023590693523917516,4
_D,10,saturday,25,0.023196975667947102,4
_D,10,saturday,26,0.022433006365886247,4
_D,10,saturday,27,0.02167263066428382,4
_D,10,saturday,28,0.020671140262726612,4
_D,10,saturday,29,0.019898878024447342,4
_D,10,saturday,30,0.019892935395688392,4
_D,10,saturday,31,0.019989230592346967,4
_D,10,saturday,32,0.021212968012991773,4
_D,10,saturday,33,0.021797749209528917,4
_D,10,saturday,34,0.023541116521254277,4
_D,10,saturday,35,0.025951142730125488,4
_D,10,saturday,36,0.026744137787751424,4
_D,10,saturday,37,0.02762604433023146,4
_D,10,saturday,38,0.027096326712998768,4
_D,10,saturday,39,0.026140913975963,4
_D,10,saturday,40,0.025848724115247454,4
_D,10,saturday,41,0.024761181646392967,4
_D,10,saturday,42,0.02385731472546996,4
_D,10,saturday,43,0.02252428803099603,4
_D,10,saturday,44,0.02153112019217483,4
_D,10,saturday,45,0.020564685996755212,4
_D,10,saturday,46,0.01960303392698535,4
_D,10,saturday,47,0.01851511388137044,4
_D,10,saturday,48,0.017708802517970846,4
_D,10,sunday,1,0.016216775827852546,4
_D,10,sunday,2,0.01571924035684018,4
_D,10,sunday,3,0.01572314223077463,4
_D,10,sunday,4,0.015939600879900165,4
_D,10,sunday,5,0.01565547852407508,4
_D,10,sunday,6,0.015232295570435785,4
_D,10,sunday,7,0.01440422373564972,4
_D,10,sunday,8,0.013975617007243566,4
_D,10,sunday,9,0.013755428289254098,4
_D,10,sunday,10,0.013533186797771383,4
_D,10,sunday,11,0.013571561713852822,4
_D,10,sunday,12,0.013303904006912995,4
_D,10,sunday,13,0.013697773107952598,4
_D,10,sunday,14,0.01424641254356616,4
_D,10,sunday,15,0.015290004322823474,4
_D,10,sunday,16,0.016298351608425098,4
_D,10,sunday,17,0.017712370713513056,4
_D,10,sunday,18,0.018525001721534977,4
_D,10,sunday,19,0.01923518846078319,4
_D,10,sunday,20,0.0202621839791803,4
_D,10,sunday,21,0.02074768530314355,4
_D,10,sunday,22,0.021189774939903722,4
_D,10,sunday,23,0.021860561814334593,4
_D,10,sunday,24,0.0221556840803204,4
_D,10,sunday,25,0.022235055378586,4
_D,10,sunday,26,0.022284256143238288,4
_D,10,sunday,27,0.022736942859048138,4
_D,10,sunday,28,0.02286051805928685,4
_D,10,sunday,29,0.022579617721726324,4
_D,10,sunday,30,0.02271002177308851,4
_D,10,sunday,31,0.022870452730195515,4
_D,10,sunday,32,0.023392867064141086,4
_D,10,sunday,33,0.024439987784015533,4
_D,10,sunday,34,0.025852183511417336,4
_D,10,sunday,35,0.02743543467589401,4
_D,10,sunday,36,0.028095937013472495,4
_D,10,sunday,37,0.028421977816902932,4
_D,10,sunday,38,0.028547060288356126,4
_D,10,sunday,39,0.027373819607838183,4
_D,10,sunday,40,0.02647929719298277,4
_D,10,sunday,41,0.025563145809053917,4
_D,10,sunday,42,0.02452688438980439,4
_D,10,sunday,43,0.02384949482534271,4
_D,10,sunday,44,0.02295653795391043,4
_D,10,sunday,45,0.021788292694049836,4
_D,10,sunday,46,0.02032711987386854,4
_D,10,sunday,47,0.01863519984805055,4
_D,10,sunday,48,0.01787360430359412,4
_D,10,sunday,49,0.01432092835122972,1
_D,10,sunday,50,0.013591914794861552,1
_D,10,weekday,1,0.016183778636836194,23
_D,10,weekday,2,0.016113667753568865,23
_D,10,weekday,3,0.01592983651710128,23
_D,10,weekday,4,0.01604412383725157,23
_D,10,weekday,5,0.015978202871234748,23
_D,10,weekday,6,0.015601979470094734,23
_D,10,weekday,7,0.015397124462475221,23
_D,10,weekday,8,0.015178027977235022,23
_D,10,weekday,9,0.015018804798260905,23
_D,10,weekday,10,0.014892691559831769,23
_D,10,weekday,11,0.015114135870152779,23
_D,10,weekday,12,0.015752577640201052,23
_D,10,weekday,13,0.017659407586870412,23
_D,10,weekday,14,0.019425535214843147,23
_D,10,weekday,15,0.02142654549344099,23
_D,10,weekday,16,0.022498644952462173,23
_D,10,weekday,17,0.023525101502361867,23
_D,10,weekday,18,0.023772724563582658,23
_D,10,weekday,19,0.024263867104692673,23
_D,10,weekday,20,0.024240574693395637,23
_D,10,weekday,21,0.023822351502050646,23
_D,10,weekday,22,0.023602227248936177,23
_D,10,weekday,23,0.02340966932841188,23
_D,10,weekday,24,0.023166040979770427,23
_D,10,weekday,25,0.023092647356090304,23
_D,10,weekday,26,0.022682976117046255,23
_D,10,weekday,27,0.022482458865906784,23
_D,10,weekday,28,0.02232037709620085,23
_D,10,weekday,29,0.0221396580838052,23
_D,10,weekday,30,0.02212160877486258,23
_D,10,weekday,31,0.02218524870137083,23
_D,10,weekday,32,0.02284385857215566,23
_D,10,weekday,33,0.023754972083783448,23
_D,10,weekday,34,0.024296294489677097,23
_D,10,weekday,35,0.025358299193012163,23
_D,10,weekday,36,0.025784360392661826,23
_D,10,weekday,37,0.02581916447319917,23
_D,10,weekday,38,0.025707040606703552,23
_D,10,weekday,39,0.025220900403787837,23
_D,10,weekday,40,0.024785328477274656,23
_D,10,weekday,41,0.024020102289953483,23
_D,10,weekday,42,0.0230225641665192,23
_D,10,weekday,43,0.021751427387669834,23
_D,10,weekday,44,0.020586917782871073,23
_D,10,weekday,45,0.019542425793825292,23
_D,10,weekday,46,0.01850381799531026,23
_D,10,weekday,47,0.017341624827694007,23
_D,10,weekday,48,0.016618284503555795,23
_D,11,saturday,1,0.01629466958112174,5
_D,11,saturday,2,0.01660612904134834,5
_D,11,saturday,3,0.016569827303958375,5
_D,11,saturday,4,0.015871511384737063,5
_D,11,saturday,5,0.01544004317753327,5
_D,11,saturday,6,0.014939176726931392,5
_D,11,saturday,7,0.01460927962081445,5
_D,11,saturday,8,0.01418063353786167,5
_D,11,saturday,9,0.01393274961420898,5
_D,11,saturday,10,0.013724443119678085,5
_D,11,saturday,11,0.01395672598048415,5
_D,11,saturday,12,0.014500283537349237,5
_D,11,saturday,13,0.01583328732209784,5
_D,11,saturday,14,0.01691856000258137,5
_D,11,saturday,15,0.01844016114216044,5
_D,11,saturday,16,0.019579357712103656,5
_D,11,saturday,17,0.020827403859144094,5
_D,11,saturday,18,0.021786679490947335,5
_D,11,saturday,19,0.022703959632914363,5
_D,11,saturday,20,0.022919556235564853,5
_D,11,saturday,21,0.02302118153144338,5
_D,11,saturday,22,0.022986697603453406,5
_D,11,saturday,23,0.02293692291601595,5
_D,11,saturday,24,0.022856042782761925,5
_D,11,saturday,25,0.02295976342560994,5
_D,11,saturday,26,0.02273997474286533,5
_D,11,saturday,27,0.023017133292836816,5
_D,11,saturday,28,0.023178204122368772,5
_D,11,saturday,29,0.023659612726523522,5
_D,11,saturday,30,0.024390724386675677,5
_D,11,saturday,31,0.02510580675741998,5
_D,11,saturday,32,0.025260686354610384,5
_D,11,saturday,33,0.026122509148308458,5
_D,11,saturday,34,0.027376109262271336,5
_D,11,saturday,35,0.028291796961932437,5
_D,11,saturday,36,0.027703043158261574,5
_D,11,saturday,37,0.02689635078861218,5
_D,11,saturday,38,0.025929533635819752,5
_D,11,saturday,39,0.025243122165022835,5
_D,11,saturday,40,0.02473148879219254,5
_D,11,saturday,41,0.023819030130675045,5
_D,11,saturday,42,0.023070761206482927,5
_D,11,saturday,43,0.02217919080497153,5
_D,11,saturday,44,0.02121955808903513,5
_D,11,saturday,45,0.02042441927020642,5
_D,11,saturday,46,0.01941828667271142,5
_D,11,saturday,47,0.018300697276807075,5
_D,11,saturday,48,0.017526913970563576,5
_D,11,sunday,1,0.017923544653911473,5
_D,11,sunday,2,0.01809707172043563,5
_D,11,sunday,3,0.017389192395430794,5
_D,11,sunday,4,0.01659677919781032,5
_D,11,sunday,5,0.01647215876497348,5
_D,11,sunday,6,0.01593109548002575,5
_D,11,sunday,7,0.01557484122836122,5
_D,11,sunday,8,0.014927643274127753,5
_D,11,sunday,9,0.014080028077276827,5
_D,11,sunday,10,0.014115422854654808,5
_D,11,sunday,11,0.013732035722972286,5
_D,11,sunday,12,0.013864808344339872,5
_D,11,sunday,13,0.014998149343200701,5
_D,11,sunday,14,0.015618366933843036,5
_D,11,sunday,15,0.01658985219276158,5
_D,11,sunday,16,0.017602943858081053,5
_D,11,sunday,17,0.018738502667217816,5
_D,11,sunday,18,0.019713891454760515,5
_D,11,sunday,19,0.020576970015438754,5
_D,11,sunday,20,0.020989997238918773,5
_D,11,sunday,21,0.021267409566285436,5
_D,11,sunday,22,0.021202222486244322,5
_D,11,sunday,23,0.021557953080037908,5
_D,11,sunday,24,0.021706750771332155,5
_D,11,sunday,25,0.022183820698119455,5
_D,11,sunday,26,0.022437028903137826,5
_D,11,sunday,27,0.022311711349507758,5
_D,11,sunday,28,0.022637666814018416,5
_D,11,sunday,29,0.023350080163293645,5
_D,11,sunday,30,0.024351541327796447,5
_D,11,sunday,31,0.025341324898819906,5
_D,11,sunday,32,0.026605515285017374,5
_D,11,sunday,33,0.028074883046305066,5
_D,11,sunday,34,0.02909119247327937,5
_D,11,sunday,35,0.030067506915305194,5
_D,11,sunday,36,0.029798894913984013,5
_D,11,sunday,37,0.028847940752279966,5
_D,11,sunday,38,0.02798142630758759,5
_D,11,sunday,39,0.026794915103099993,5
_D,11,sunday,40,0.025702288932651744,5
_D,11,sunday,41,0.02489733935584839,5
_D,11,sunday,42,0.024199203950006243,5
_D,11,sunday,43,0.02276718760042807,5
_D,11,sunday,44,0.021144021714833823,5
_D,11,sunday,45,0.019980866355015996,5
_D,11,sunday,46,0.018588709420436465,5
_D,11,sunday,47,0.017059879362760644,5
_D,11,sunday,48,0.01651742303402435,5
_D,11,weekday,1,0.0162609296562682,20
_D,11,weekday,2,0.01666344484391085,20
_D,11,weekday,3,0.01643283676569217,20
_D,11,weekday,4,0.015878026490215878,20
_D,11,weekday,5,0.015504295039183958,20
_D,11,weekday,6,0.015185605219378251,20
_D,11,weekday,7,0.014874340461063045,20
_D,11,weekday,8,0.01449710708152474,20
_D,11,weekday,9,0.014369515259764227,20
_D,11,weekday,10,0.014270895042948544,20
_D,11,weekday,11,0.014383451770345185,20
_D,11,weekday,12,0.01486300807982489,20
_D,11,weekday,13,0.01664449297935134,20
_D,11,weekday,14,0.018529933341524533,20
_D,11,weekday,15,0.020668555557679245,20
_D,11,weekday,16,0.021809636949699306,20
_D,11,weekday,17,0.022587302687734363,20
_D,11,weekday,18,0.02285159819630001,20
_D,11,weekday,19,0.023332217587892584,20
_D,11,weekday,20,0.023244767994493286,20
_D,11,weekday,21,0.0231229518342536,20
_D,11,weekday,22,0.023121536591570957,20
_D,11,weekday,23,0.022972808168233053,20
_D,11,weekday,24,0.02305091116141377,20
_D,11,weekday,25,0.02323614935139251,20
_D,11,weekday,26,0.02310992002775116,20
_D,11,weekday,27,0.023079792102618703,20
_D,11,weekday,28,0.023002220792992526,20
_D,11,weekday,29,0.023098444420351534,20
_D,11,weekday,30,0.02319276780974921,20
_D,11,weekday,31,0.023443284252389517,20
_D,11,weekday,32,0.02427079671980985,20
_D,11,weekday,33,0.025291171928031396,20
_D,11,weekday,34,0.026267541044255417,20
_D,11,weekday,35,0.027013573121891243,20
_D,11,weekday,36,0.026908559443456454,20
_D,11,weekday,37,0.026340141521286074,20
_D,11,weekday,38,0.025736831952105937,20
_D,11,weekday,39,0.024941550838310376,20
_D,11,weekday,40,0.024629545954962157,20
_D,11,weekday,41,0.02387541009756173,20
_D,11,weekday,42,0.02305571583922773,20
_D,11,weekday,43,0.02183050641563506,20
_D,11,weekday,44,0.020537947061457763,20
_D,11,weekday,45,0.019528926906196918,20
_D,11,weekday,46,0.0184847368069955,20
_D,11,weekday,47,0.017332328391402495,20
_D,11,weekday,48,0.016671968439902745,20
_D,12,saturday,1,0.019211883729201663,4
_D,12,saturday,2,0.019423251733115408,4
_D,12,saturday,3,0.018913077964551304,4
_D,12,saturday,4,0.01822775274904916,4
_D,12,saturday,5,0.01795445277721924,4
_D,12,saturday,6,0.017639167317361402,4
_D,12,saturday,7,0.017138589744115685,4
_D,12,saturday,8,0.016443485901336118,4
_D,12,saturday,9,0.01607424516401984,4
_D,12,saturday,10,0.015809126725226063,4
_D,12,saturday,11,0.01570237428140257,4
_D,12,saturday,12,0.015732924289410588,4
_D,12,saturday,13,0.016512571465192204,4
_D,12,saturday,14,0.017145895121322453,4
_D,12,saturday,15,0.018557314738311823,4
_D,12,saturday,16,0.019381263742721686,4
_D,12,saturday,17,0.020869517887335574,4
_D,12,saturday,18,0.0219834403970561,4
_D,12,saturday,19,0.023343860258353936,4
_D,12,saturday,20,0.023804678809963085,4
_D,12,saturday,21,0.023822122151977924,4
_D,12,saturday,22,0.023446776837774144,4
_D,12,saturday,23,0.023113414397841703,4
_D,12,saturday,24,0.023141645066487297,4
_D,12,saturday,25,0.02320377950978572,4
_D,12,saturday,26,0.023142401918886984,4
_D,12,saturday,27,0.023121535064409764,4
_D,12,saturday,28,0.02295507152315579,4
_D,12,saturday,29,0.022902270863474447,4
_D,12,saturday,30,0.02330755348167512,4
_D,12,saturday,31,0.023522323955320362,4
_D,12,saturday,32,0.02388748510684337,4
_D,12,saturday,33,0.02488446340923988,4
_D,12,saturday,34,0.025726883942024634,4
_D,12,saturday,35,0.02640531741462985,4
_D,12,saturday,36,0.02626223743342579,4
_D,12,saturday,37,0.02580348343174483,4
_D,12,saturday,38,0.02481906633783599,4
_D,12,saturday,39,0.02366841698698284,4
_D,12,saturday,40,0.022436411497792495,4
_D,12,saturday,41,0.022087096776069567,4
_D,12,saturday,42,0.021283977841858558,4
_D,12,saturday,43,0.02033605293595414,4
_D,12,saturday,44,0.019379687809882855,4
_D,12,saturday,45,0.018142119410726687,4
_D,12,saturday,46,0.017313097491843073,4
_D,12,saturday,47,0.016321183934268055,4
_D,12,saturday,48,0.01569524867182222,4
_D,12,sunday,1,0.015236517190607446,4
_D,12,sunday,2,0.01615998061910742,4
_D,12,sunday,3,0.015996603430740337,4
_D,12,sunday,4,0.015844030943869186,4
_D,12,sunday,5,0.01604777257595943,4
_D,12,sunday,6,0.015951845585603475,4
_D,12,sunday,7,0.01570565046309636,4
_D,12,sunday,8,0.015282427872868317,4
_D,12,sunday,9,0.015097039745820665,4
_D,12,sunday,10,0.014740758991661423,4
_D,12,sunday,11,0.014553722308689749,4
_D,12,sunday,12,0.014542776270047818,4
_D,12,sunday,13,0.01512726056966045,4
_D,12,sunday,14,0.015575750187122692,4
_D,12,sunday,15,0.01654799041838633,4
_D,12,sunday,16,0.01753993106604241,4
_D,12,sunday,17,0.018894012895599173,4
_D,12,sunday,18,0.02003395073992462,4
_D,12,sunday,19,0.021406183350943422,4
_D,12,sunday,20,0.02226242079014092,4
_D,12,sunday,21,0.02312787820017153,4
_D,12,sunday,22,0.02399080025460049,4
_D,12,sunday,23,0.024825529564085253,4
_D,12,sunday,24,0.024985965778872975,4
_D,12,sunday,25,0.025219249544271655,4
_D,12,sunday,26,0.02527760903871129,4
_D,12,sunday,27,0.02511917987407365,4
_D,12,sunday,28,0.02526967691227855,4
_D,12,sunday,29,0.02520355189431031,4
_D,12,sunday,30,0.025201552114652297,4
_D,12,sunday,31,0.02504431908445747,4
_D,12,sunday,32,0.02541467159460469,4
_D,12,sunday,33,0.02666544987084942,4
_D,12,sunday,34,0.02764573214175183,4
_D,12,sunday,35,0.027740340902237936,4
_D,12,sunday,36,0.027526013966320657,4
_D,12,sunday,37,0.026705507598186927,4
_D,12,sunday,38,0.025945771911129255,4
_D,12,sunday,39,0.025110078290096708,4
_D,12,sunday,40,0.02415122761869841,4
_D,12,sunday,41,0.023474093266872536,4
_D,12,sunday,42,0.02246787463604188,4
_D,12,sunday,43,0.021386567669137393,4
_D,12,sunday,44,0.020297052117834353,4
_D,12,sunday,45,0.019043468557573676,4
_D,12,sunday,46,0.017870585206018766,4
_D,12,sunday,47,0.016681726923765544,4
_D,12,sunday,48,0.0160618994525029,4
_D,12,weekday,1,0.015824793205547114,23
_D,12,weekday,2,0.01617832426297493,23
_D,12,weekday,3,0.015828635161568003,23
_D,12,weekday,4,0.01530522929939243,23
_D,12,weekday,5,0.01486431876539503,23
_D,12,weekday,6,0.014335588279783372,23
_D,12,weekday,7,0.013996123706463314,23
_D,12,weekday,8,0.013607080996473805,23
_D,12,weekday,9,0.013446222464630427,23
_D,12,weekday,10,0.013386317119381444,23
_D,12,weekday,11,0.013631832989714264,23
_D,12,weekday,12,0.014353593710249192,23
_D,12,weekday,13,0.0161259972063982,23
_D,12,weekday,14,0.017845164283304054,23
_D,12,weekday,15,0.019810915262488925,23
_D,12,weekday,16,0.021182983322308807,23
_D,12,weekday,17,0.02234682063587886,23
_D,12,weekday,18,0.022947229322433288,23
_D,12,weekday,19,0.023851726941123415,23
_D,12,weekday,20,0.024088929684642962,23
_D,12,weekday,21,0.02422711914675378,23
_D,12,weekday,22,0.024151445501562216,23
_D,12,weekday,23,0.023983820788959158,23
_D,12,weekday,24,0.023924275906145244,23
_D,12,weekday,25,0.024056557533481394,23
_D,12,weekday,26,0.023992953390719066,23
_D,12,weekday,27,0.024033310755306708,23
_D,12,weekday,28,0.023992175857985937,23
_D,12,weekday,29,0.024056650573314683,23
_D,12,weekday,30,0.0241874219958548,23
_D,12,weekday,31,0.024462300672056913,23
_D,12,weekday,32,0.025129391240070544,23
_D,12,weekday,33,0.026189440533370502,23
_D,12,weekday,34,0.026969070507935133,23
_D,12,weekday,35,0.027308120779568634,23
_D,12,weekday,36,0.027104445782825247,23
_D,12,weekday,37,0.026482800733612567,23
_D,12,weekday,38,0.02564835022630337,23
_D,12,weekday,39,0.024771504897240892,23
_D,12,weekday,40,0.024210802964034193,23
_D,12,weekday,41,0.02329861836671193,23
_D,12,weekday,42,0.022391576243997454,23
_D,12,weekday,43,0.021366744253544068,23
_D,12,weekday,44,0.020234295290179442,23
_D,12,weekday,45,0.019087825074613568,23
_D,12,weekday,46,0.018187745839214887,23
_D,12,weekday,47,0.017148932540017484,23
_D,12,weekday,48,0.01644447598446836,23
_E,1,saturday,1,0.017761929249584005,9
_E,1,saturday,2,0.018513680798894594,9
_E,1,saturday,3,0.01833765055313051,9
_E,1,saturday,4,0.01787933625435718,9
_E,1,saturday,5,0.017589459724444846,9
_E,1,saturday,6,0.017235582347813944,9
_E,1,saturday,7,0.016833980484515818,9
_E,1,saturday,8,0.016402419548995417,9
_E,1,saturday,9,0.016195945813547823,9
_E,1,saturday,10,0.015923744157245626,9
_E,1,saturday,11,0.015858670840827618,9
_E,1,saturday,12,0.01589708544206929,9
_E,1,saturday,13,0.016626834099348953,9
_E,1,saturday,14,0.017323991012531816,9
_E,1,saturday,15,0.018307435824176193,9
_E,1,saturday,16,0.019087771041014112,9
_E,1,saturday,17,0.020250013481884845,9
_E,1,saturday,18,0.021233449564224426,9
_E,1,saturday,19,0.02215648004276104,9
_E,1,saturday,20,0.02246986240804624,9
_E,1,saturday,21,0.022594683862051185,9
_E,1,saturday,22,0.022524903473095444,9
_E,1,saturday,23,0.02245534868087271,9
_E,1,saturday,24,0.022462467847713552,9
_E,1,saturday,25,0.022503892221041627,9
_E,1,saturday,26,0.02253405160876431,9
_E,1,saturday,27,0.022512148999430884,9
_E,1,saturday,28,0.022440210710143335,9
_E,1,saturday,29,0.022436638874562966,9
_E,1,saturday,30,0.022704485491415495,9
_E,1,saturday,31,0.023030024870363805,9
_E,1,saturday,32,0.023550353861060056,9
_E,1,saturday,33,0.02437696292732848,9
_E,1,saturday,34,0.02546307696719464,9
_E,1,saturday,35,0.026386092247734975,9
_E,1,saturday,36,0.026411026712251776,9
_E,1,saturday,37,0.02615895936669737,9
_E,1,saturday,38,0.025708203647370823,9
_E,1,saturday,39,0.024915843111519537,9
_E,1,saturday,40,0.024156959708501652,9
_E,1,saturday,41,0.02331386578923543,9
_E,1,saturday,42,0.022624542208783887,9
_E,1,saturday,43,0.021735681406811452,9
_E,1,saturday,44,0.02091421541462147,9
_E,1,saturday,45,0.01989779463229765,9
_E,1,saturday,46,0.018941898328306138,9
_E,1,saturday,47,0.017998717556609714,9
_E,1,saturday,48,0.017361626784805365,9
_E,1,sunday,1,0.017200775180205165,8
_E,1,sunday,2,0.017935536734159277,8
_E,1,sunday,3,0.01777776347512442,8
_E,1,sunday,4,0.017344077549032676,8
_E,1,sunday,5,0.01701473204780199,8
_E,1,sunday,6,0.01664118392847494,8
_E,1,sunday,7,0.016288234865955396,8
_E,1,sunday,8,0.015900823074234294,8
_E,1,sunday,9,0.015614984938999588,8
_E,1,sunday,10,0.015383672626830849,8
_E,1,sunday,11,0.015293108234783534,8
_E,1,sunday,12,0.015134167561018303,8
_E,1,sunday,13,0.01565235610246245,8
_E,1,sunday,14,0.016097070868156156,8
_E,1,sunday,15,0.01674289051890658,8
_E,1,sunday,16,0.01722513001314345,8
_E,1,sunday,17,0.018320580162933246,8
_E,1,sunday,18,0.019442587325141564,8
_E,1,sunday,19,0.020627870074466023,8
_E,1,sunday,20,0.021553518150223005,8
_E,1,sunday,21,0.022339452806989166,8
_E,1,sunday,22,0.022785212614054303,8
_E,1,sunday,23,0.02337325637630086,8
_E,1,sunday,24,0.02382536926564256,8
_E,1,sunday,25,0.024292644150070025,8
_E,1,sunday,26,0.024571006138498323,8
_E,1,sunday,27,0.024597097335537485,8
_E,1,sunday,28,0.024583936170666947,8
_E,1,sunday,29,0.024531059486421605,8
_E,1,sunday,30,0.024659516982593208,8
_E,1,sunday,31,0.024941977542547542,8
_E,1,sunday,32,0.0253157689139567,8
_E,1,sunday,33,0.025886929210231762,8
_E,1,sunday,34,0.02664319481138873,8
_E,1,sunday,35,0.027129923894391613,8
_E,1,sunday,36,0.02692695287955299,8
_E,1,sunday,37,0.02643449131300772,8
_E,1,sunday,38,0.025709128056857558,8
_E,1,sunday,39,0.024834928501173983,8
_E,1,sunday,40,0.024188253272391547,8
_E,1,sunday,41,0.023363253375491947,8
_E,1,sunday,42,0.02246904942325434,8
_E,1,sunday,43,0.021463719173019907,8
_E,1,sunday,44,0.02043079456591787,8
_E,1,sunday,45,0.019373660919444508,8
_E,1,sunday,46,0.01826712817990481,8
_E,1,sunday,47,0.017225573219799326,8
_E,1,sunday,48,0.01664565798883976,8
_E,1,weekday,1,0.015944802674663878,45
_E,1,weekday,2,0.016687786150858672,45
_E,1,weekday,3,0.01662444220538014,45
_E,1,weekday,4,0.016277866311905937,45
_E,1,weekday,5,0.016052263154357288,45
_E,1,weekday,6,0.01578889853474683,45
_E,1,weekday,7,0.015463945227270876,45
_E,1,weekday,8,0.015154472009476913,45
_E,1,weekday,9,0.015018068021114887,45
_E,1,weekday,10,0.01495380070485942,45
_E,1,weekday,11,0.015204164167147058,45
_E,1,weekday,12,0.01574908731819348,45
_E,1,weekday,13,0.01746012630305299,45
_E,1,weekday,14,0.019089263864542703,45
_E,1,weekday,15,0.02095789892779019,45
_E,1,weekday,16,0.02203158427562059,45
_E,1,weekday,17,0.022852663434042287,45
_E,1,weekday,18,0.023344561498674886,45
_E,1,weekday,19,0.023972107432563807,45
_E,1,weekday,20,0.02403051002556574,45
_E,1,weekday,21,0.02393446192961189,45
_E,1,weekday,22,0.02385882555372502,45
_E,1,weekday,23,0.023708217402828337,45
_E,1,weekday,24,0.02363585316836588,45
_E,1,weekday,25,0.02369972751374544,45
_E,1,weekday,26,0.023606939868069145,45
_E,1,weekday,27,0.0234072665349997,45
_E,1,weekday,28,0.023274945163257815,45
_E,1,weekday,29,0.023243590685737163,45
_E,1,weekday,30,0.023272028188574097,45
_E,1,weekday,31,0.023370782369632012,45
_E,1,weekday,32,0.023970993308397182,45
_E,1,weekday,33,0.02453097197801671,45
_E,1,weekday,34,0.025234989221691182,45
_E,1,weekday,35,0.025723981559357206,45
_E,1,weekday,36,0.025686617777919737,45
_E,1,weekday,37,0.025361889021200713,45
_E,1,weekday,38,0.024856944937228464,45
_E,1,weekday,39,0.02434396111523753,45
_E,1,weekday,40,0.023584874682486445,45
_E,1,weekday,41,0.022759276813320847,45
_E,1,weekday,42,0.021953371370620964,45
_E,1,weekday,43,0.0209935732505713,45
_E,1,weekday,44,0.019949909328228262,45
_E,1,weekday,45,0.018826210090225542,45
_E,1,weekday,46,0.017731375771658564,45
_E,1,weekday,47,0.016709210677556704,45
_E,1,weekday,48,0.01611089847590759,45
_E,2,saturday,1,0.018358944027501527,8
_E,2,saturday,2,0.019216764168135465,8
_E,2,saturday,3,0.019014508922743794,8
_E,2,saturday,4,0.018444625473447402,8
_E,2,saturday,5,0.01814243411328544,8
_E,2,saturday,6,0.017666438227848323,8
_E,2,saturday,7,0.017259521813317632,8
_E,2,saturday,8,0.016868180743588704,8
_E,2,saturday,9,0.016562911086437444,8
_E,2,saturday,10,0.01633935144688824,8
_E,2,saturday,11,0.01630745047474191,8
_E,2,saturday,12,0.016338559473696217,8
_E,2,saturday,13,0.01718696920818614,8
_E,2,saturday,14,0.017892515465940145,8
_E,2,saturday,15,0.018822769185539236,8
_E,2,saturday,16,0.01946127957723578,8
_E,2,saturday,17,0.0206827548421992,8
_E,2,saturday,18,0.021583612547088984,8
_E,2,saturday,19,0.022383587614099015,8
_E,2,saturday,20,0.02268270179807718,8
_E,2,saturday,21,0.022626998080605365,8
_E,2,saturday,22,0.022447063787335523,8
_E,2,saturday,23,0.022261042931446942,8
_E,2,saturday,24,0.022183797092393345,8
_E,2,saturday,25,0.022068868429367332,8
_E,2,saturday,26,0.022105985235760142,8
_E,2,saturday,27,0.022037404005485692,8
_E,2,saturday,28,0.021902995035277303,8
_E,2,saturday,29,0.021833824934474524,8
_E,2,saturday,30,0.021999387990880054,8
_E,2,saturday,31,0.02225254238956144,8
_E,2,saturday,32,0.022670998054207806,8
_E,2,saturday,33,0.023351422746826674,8
_E,2,saturday,34,0.024373614347123495,8
_E,2,saturday,35,0.025483690039010524,8
_E,2,saturday,36,0.026141067813735725,8
_E,2,saturday,37,0.026019418331749807,8
_E,2,saturday,38,0.025683995884365186,8
_E,2,saturday,39,0.02489864763314016,8
_E,2,saturday,40,0.024071292949933567,8
_E,2,saturday,41,0.023334201551081606,8
_E,2,saturday,42,0.022603805412190973,8
_E,2,saturday,43,0.02169880490088664,8
_E,2,saturday,44,0.020809043490306964,8
_E,2,saturday,45,0.019846386245954216,8
_E,2,saturday,46,0.018852168037432126,8
_E,2,saturday,47,0.0179113744697602,8
_E,2,saturday,48,0.017314277969708892,8
_E,2,sunday,1,0.01750025220082868,8
_E,2,sunday,2,0.018347838700396846,8
_E,2,sunday,3,0.01813040574212353,8
_E,2,sunday,4,0.01756839130850119,8
_E,2,sunday,5,0.0172688064053058,8
_E,2,sunday,6,0.01692196010600467,8
_E,2,sunday,7,0.016408670700153404,8
_E,2,sunday,8,0.016039333046869848,8
_E,2,sunday,9,0.015767019904023884,8
_E,2,sunday,10,0.015485976707834546,8
_E,2,sunday,11,0.015462746861694469,8
_E,2,sunday,12,0.01542578140978539,8
_E,2,sunday,13,0.015972062430528455,8
_E,2,sunday,14,0.01639334287425304,8
_E,2,sunday,15,0.017024186891745813,8
_E,2,sunday,16,0.017579246737791987,8
_E,2,sunday,17,0.01879176607448315,8
_E,2,sunday,18,0.01981984950001426,8
_E,2,sunday,19,0.02074112478825012,8
_E,2,sunday,20,0.021432770967194294,8
_E,2,sunday,21,0.02211124278058383,8
_E,2,sunday,22,0.022527331900373034,8
_E,2,sunday,23,0.022880581808668466,8
_E,2,sunday,24,0.02290141956278313,8
_E,2,sunday,25,0.02311632450801524,8
_E,2,sunday,26,0.023303607602299634,8
_E,2,sunday,27,0.023417932460579813,8
_E,2,sunday,28,0.02332499316871934,8
_E,2,sunday,29,0.023216404892674534,8
_E,2,sunday,30,0.02341210509948917,8
_E,2,sunday,31,0.023760244898736422,8
_E,2,sunday,32,0.024340083786870255,8
_E,2,sunday,33,0.025137569661346455,8
_E,2,sunday,34,0.0259498608274456,8
_E,2,sunday,35,0.02693042286329504,8
_E,2,sunday,36,0.027292773847766995,8
_E,2,sunday,37,0.02700199325794464,8
_E,2,sunday,38,0.026474797795727544,8
_E,2,sunday,39,0.025621948570480703,8
_E,2,sunday,40,0.02482659783977853,8
_E,2,sunday,41,0.024001267751771364,8
_E,2,sunday,42,0.023191972247180295,8
_E,2,sunday,43,0.022213247440364195,8
_E,2,sunday,44,0.02119658132571333,8
_E,2,sunday,45,0.02001737580081878,8
_E,2,sunday,46,0.018826842352890914,8
_E,2,sunday,47,0.017774914345250817,8
_E,2,sunday,48,0.017148028244648568,8
_E,2,weekday,1,0.016106475998678225,40
_E,2,weekday,2,0.01687047947581599,40
_E,2,weekday,3,0.0167832926049856,40
_E,2,weekday,4,0.016424607279884797,40
_E,2,weekday,5,0.016188622137966506,40
_E,2,weekday,6,0.01589014271119561,40
_E,2,weekday,7,0.015577296579204892,40
_E,2,weekday,8,0.015270291345178849,40
_E,2,weekday,9,0.015167042142814651,40
_E,2,weekday,10,0.015117537164813847,40
_E,2,weekday,11,0.015422309840235043,40
_E,2,weekday,12,0.016028230007797392,40
_E,2,weekday,13,0.017874932762379732,40
_E,2,weekday,14,0.019535963371835413,40
_E,2,weekday,15,0.02135338609584028,40
_E,2,weekday,16,0.022330249499423603,40
_E,2,weekday,17,0.02322291481205962,40
_E,2,weekday,18,0.02358400473929313,40
_E,2,weekday,19,0.024011232277078836,40
_E,2,weekday,20,0.024014678495577743,40
_E,2,weekday,21,0.02380377485887446,40
_E,2,weekday,22,0.02377804161825704,40
_E,2,weekday,23,0.023642345139247394,40
_E,2,weekday,24,0.023472016546025643,40
_E,2,weekday,25,0.023453706465785328,40
_E,2,weekday,26,0.023356629000032294,40
_E,2,weekday,27,0.02306237776545356,40
_E,2,weekday,28,0.02292006026835721,40
_E,2,weekday,29,0.022836589818607783,40
_E,2,weekday,30,0.02278333099733837,40
_E,2,weekday,31,0.0227639130759218,40
_E,2,weekday,32,0.023330037350629156,40
_E,2,weekday,33,0.023791066837236405,40
_E,2,weekday,34,0.024408760192764965,40
_E,2,weekday,35,0.025071570664011212,40
_E,2,weekday,36,0.025513528524994715,40
_E,2,weekday,37,0.025524444266570252,40
_E,2,weekday,38,0.025138087314930984,40
_E,2,weekday,39,0.024647166761345214,40
_E,2,weekday,40,0.023876938343813364,40
_E,2,weekday,41,0.022961590952333306,40
_E,2,weekday,42,0.02215812772541486,40
_E,2,weekday,43,0.02113560695072502,40
_E,2,weekday,44,0.020052950481339486,40
_E,2,weekday,45,0.018903501189787335,40
_E,2,weekday,46,0.01781486949983308,40
_E,2,weekday,47,0.016816493406951266,40
_E,2,weekday,48,0.016208784641358748,40
_E,3,saturday,1,0.019660029143254338,9
_E,3,saturday,2,0.020511250592241834,9
_E,3,saturday,3,0.020231458362231322,9
_E,3,saturday,4,0.0196896799497822,9
_E,3,saturday,5,0.019303680286626993,9
_E,3,saturday,6,0.018856662651243992,9
_E,3,saturday,7,0.018367561717549677,9
_E,3,saturday,8,0.017965623992247208,9
_E,3,saturday,9,0.017828573934854833,9
_E,3,saturday,10,0.017741948289375396,9
_E,3,saturday,11,0.017669640929114563,9
_E,3,saturday,12,0.01770507651059295,9
_E,3,saturday,13,0.018575208401210217,9
_E,3,saturday,14,0.01909376187020002,9
_E,3,saturday,15,0.019929741573436896,9
_E,3,saturday,16,0.020224143878452054,9
_E,3,saturday,17,0.0207310949479782,9
_E,3,saturday,18,0.020870524699510937,9
_E,3,saturday,19,0.020763060343285376,9
_E,3,saturday,20,0.020380820571487504,9
_E,3,saturday,21,0.019971568146956654,9
_E,3,saturday,22,0.019754243365579825,9
_E,3,saturday,23,0.019445707964716744,9
_E,3,saturday,24,0.019138226358859374,9
_E,3,saturday,25,0.018996865218547168,9
_E,3,saturday,26,0.019196599266816317,9
_E,3,saturday,27,0.019142833539135668,9
_E,3,saturday,28,0.019068627533769016,9
_E,3,saturday,29,0.019108043910147508,9
_E,3,saturday,30,0.019599349297405706,9
_E,3,saturday,31,0.020221186231953216,9
_E,3,saturday,32,0.021129956162468905,9
_E,3,saturday,33,0.022062167875099667,9
_E,3,saturday,34,0.023509701412842553,9
_E,3,saturday,35,0.025115723540665897,9
_E,3,saturday,36,0.026262379643792844,9
_E,3,saturday,37,0.026862323677821653,9
_E,3,saturday,38,0.02713087313315128,9
_E,3,saturday,39,0.02674055027157046,9
_E,3,saturday,40,0.026038383546347087,9
_E,3,saturday,41,0.025210924331655796,9
_E,3,saturday,42,0.02438113562656152,9
_E,3,saturday,43,0.023422322586076013,9
_E,3,saturday,44,0.022472790415317863,9
_E,3,saturday,45,0.02145132180818532,9
_E,3,saturday,46,0.020371751543920232,9
_E,3,saturday,47,0.019364322666320467,9
_E,3,saturday,48,0.018730578279638768,9
_E,3,sunday,1,0.01859067135962393,10
_E,3,sunday,2,0.019362797637193393,10
_E,3,sunday,3,0.01916853872040332,10
_E,3,sunday,4,0.018640070406867888,10
_E,3,sunday,5,0.018228642399004794,10
_E,3,sunday,6,0.017840305247835763,10
_E,3,sunday,7,0.017396607288263324,10
_E,3,sunday,8,0.0170303271832506,10
_E,3,sunday,9,0.016901397677457335,10
_E,3,sunday,10,0.016711681233317163,10
_E,3,sunday,11,0.016659670024191716,10
_E,3,sunday,12,0.016604957834861617,10
_E,3,sunday,13,0.017124480003792675,10
_E,3,sunday,14,0.017569274412031023,10
_E,3,sunday,15,0.018274798151381492,10
_E,3,sunday,16,0.018514366621133364,10
_E,3,sunday,17,0.019185529378094934,10
_E,3,sunday,18,0.019495407895471686,10
_E,3,sunday,19,0.01974044212255611,10
_E,3,sunday,20,0.019793091314858357,10
_E,3,sunday,21,0.019836071834276395,10
_E,3,sunday,22,0.02003737231075735,10
_E,3,sunday,23,0.020533874531787358,10
_E,3,sunday,24,0.02088847450632549,10
_E,3,sunday,25,0.021307595951695867,10
_E,3,sunday,26,0.021340069334244666,10
_E,3,sunday,27,0.021296697744382174,10
_E,3,sunday,28,0.021139637267080517,10
_E,3,sunday,29,0.021210779620597434,10
_E,3,sunday,30,0.021737481409548693,10
_E,3,sunday,31,0.02227898322079197,10
_E,3,sunday,32,0.023153587677954675,10
_E,3,sunday,33,0.024255709806889614,10
_E,3,sunday,34,0.02538795866684466,10
_E,3,sunday,35,0.026323830372319442,10
_E,3,sunday,36,0.026968938933497763,10
_E,3,sunday,37,0.02727289064557216,10
_E,3,sunday,38,0.027384660234854984,10
_E,3,sunday,39,0.026933724560943784,10
_E,3,sunday,40,0.02612928335953688,10
_E,3,sunday,41,0.02517932527058178,10
_E,3,sunday,42,0.02423490894689195,10
_E,3,sunday,43,0.023162249172308483,10
_E,3,sunday,44,0.022088932975143555,10
_E,3,sunday,45,0.02083022643594069,10
_E,3,sunday,46,0.01967095612704628,10
_E,3,sunday,47,0.01857574313738707,8
_E,3,sunday,48,0.018006979033207894,8
_E,3,weekday,1,0.01714980945391452,43
_E,3,weekday,2,0.01783734612869289,43
_E,3,weekday,3,0.01771769270340891,43
_E,3,weekday,4,0.017348338183015444,43
_E,3,weekday,5,0.017090226380716025,43
_E,3,weekday,6,0.016771107705061107,43
_E,3,weekday,7,0.016427372834781618,43
_E,3,weekday,8,0.01618023707327849,43
_E,3,weekday,9,0.016142626819858293,43
_E,3,weekday,10,0.01617469268735421,43
_E,3,weekday,11,0.01652841015117397,43
_E,3,weekday,12,0.01719985124086299,43
_E,3,weekday,13,0.019168375556614846,43
_E,3,weekday,14,0.020762604068360477,43
_E,3,weekday,15,0.02261122936296194,43
_E,3,weekday,16,0.023365471362555776,43
_E,3,weekday,17,0.023750395785025927,43
_E,3,weekday,18,0.023555415864914796,43
_E,3,weekday,19,0.023437321645535948,43
_E,3,weekday,20,0.02289043296407383,43
_E,3,weekday,21,0.022251751512129308,43
_E,3,weekday,22,0.021863720700185878,43
_E,3,weekday,23,0.021394181797507655,43
_E,3,weekday,24,0.021170939384031074,43
_E,3,weekday,25,0.021078980889580216,43
_E,3,weekday,26,0.02089019951123095,43
_E,3,weekday,27,0.02060993757972544,43
_E,3,weekday,28,0.020498767843911733,43
_E,3,weekday,29,0.020532202751854956,43
_E,3,weekday,30,0.020668546161666856,43
_E,3,weekday,31,0.02082899959843656,43
_E,3,weekday,32,0.02166371890152394,43
_E,3,weekday,33,0.02258144634553213,43
_E,3,weekday,34,0.023674036979635382,43
_E,3,weekday,35,0.024615213278107093,43
_E,3,weekday,36,0.025424825714552558,43
_E,3,weekday,37,0.0257990846669512,43
_E,3,weekday,38,0.02594701691242799,43
_E,3,weekday,39,0.02586506429879381,43
_E,3,weekday,40,0.02523724365594933,43
_E,3,weekday,41,0.02436577990893927,43
_E,3,weekday,42,0.0234906967244739,43
_E,3,weekday,43,0.02238974515458206,43
_E,3,weekday,44,0.021236596255927248,43
_E,3,weekday,45,0.02000869755107595,43
_E,3,weekday,46,0.0188260635913732,43
_E,3,weekday,47,0.017783980319100563,43
_E,3,weekday,48,0.017193604038631738,43
_E,4,saturday,1,0.020344839752331995,8
_E,4,saturday,2,0.020016682690881825,8
_E,4,saturday,3,0.01977612094544383,8
_E,4,saturday,4,0.020204700737127462,8
_E,4,saturday,5,0.020024790155226152,8
_E,4,saturday,6,0.019494891030249175,8
_E,4,saturday,7,0.019051142320440268,8
_E,4,saturday,8,0.018647283360484095,8
_E,4,saturday,9,0.01837326692951748,8
_E,4,saturday,10,0.01807885011215543,8
_E,4,saturday,11,0.018179538523287474,8
_E,4,saturday,12,0.018153067031549463,8
_E,4,saturday,13,0.018948770316976945,8
_E,4,saturday,14,0.019548756226722717,8
_E,4,saturday,15,0.020557046605372747,8
_E,4,saturday,16,0.021309513279527417,8
_E,4,saturday,17,0.02202046841067349,8
_E,4,saturday,18,0.022172708714041593,8
_E,4,saturday,19,0.022103977912709197,8
_E,4,saturday,20,0.02142402288946106,8
_E,4,saturday,21,0.020722565018627136,8
_E,4,saturday,22,0.01994578111914697,8
_E,4,saturday,23,0.01925251832705256,8
_E,4,saturday,24,0.018716649408493925,8
_E,4,saturday,25,0.018165140381223813,8
_E,4,saturday,26,0.017911914278297775,8
_E,4,saturday,27,0.01774964523327915,8
_E,4,saturday,28,0.017583871234729938,8
_E,4,saturday,29,0.017379624339242936,8
_E,4,saturday,30,0.01753085752274142,8
_E,4,saturday,31,0.01835633818603067,8
_E,4,saturday,32,0.01914106159106497,8
_E,4,saturday,33,0.01991328698227866,8
_E,4,saturday,34,0.021328959348614885,8
_E,4,saturday,35,0.023027375018086542,8
_E,4,saturday,36,0.024241923932705585,8
_E,4,saturday,37,0.0250511082604671,8
_E,4,saturday,38,0.025547236194762138,8
_E,4,saturday,39,0.02591758733295412,8
_E,4,saturday,40,0.025888695167506744,8
_E,4,saturday,41,0.026021821163206917,8
_E,4,saturday,42,0.025953816032883534,8
_E,4,saturday,43,0.025138799021550584,8
_E,4,saturday,44,0.02432642108215484,8
_E,4,saturday,45,0.023365164141317795,8
_E,4,saturday,46,0.02221231066208644,8
_E,4,saturday,47,0.020987748330399868,8
_E,4,saturday,48,0.02019134274491317,8
_E,4,sunday,1,0.020361877141611223,8
_E,4,sunday,2,0.019984730635845438,8
_E,4,sunday,3,0.019730924921310983,8
_E,4,sunday,4,0.02012096446420209,8
_E,4,sunday,5,0.019963079401507454,8
_E,4,sunday,6,0.0194588437170932,8
_E,4,sunday,7,0.019042414649755174,8
_E,4,sunday,8,0.018720614836674466,8
_E,4,sunday,9,0.018374063199792283,8
_E,4,sunday,10,0.018102939805488008,8
_E,4,sunday,11,0.01804418195015505,8
_E,4,sunday,12,0.017859338134260595,8
_E,4,sunday,13,0.018302441766043107,8
_E,4,sunday,14,0.018632704198989436,8
_E,4,sunday,15,0.019273957291529895,8
_E,4,sunday,16,0.019625463450848445,8
_E,4,sunday,17,0.020276797365232496,8
_E,4,sunday,18,0.020376357238772118,8
_E,4,sunday,19,0.020336215291456027,8
_E,4,sunday,20,0.020040513423408055,8
_E,4,sunday,21,0.019443840881573915,8
_E,4,sunday,22,0.019004573896290566,8
_E,4,sunday,23,0.018753963247195162,8
_E,4,sunday,24,0.01870395862908321,8
_E,4,sunday,25,0.018784218212807707,8
_E,4,sunday,26,0.018619953915320838,8
_E,4,sunday,27,0.018264547521526047,8
_E,4,sunday,28,0.017812723252976486,8
_E,4,sunday,29,0.017515673947942435,8
_E,4,sunday,30,0.017742832171630564,8
_E,4,sunday,31,0.01831932177440817,8
_E,4,sunday,32,0.019109915470099666,8
_E,4,sunday,33,0.020208305495516776,8
_E,4,sunday,34,0.021865595981321092,8
_E,4,sunday,35,0.02354171102990373,8
_E,4,sunday,36,0.0246465513504575,8
_E,4,sunday,37,0.025326819851115748,8
_E,4,sunday,38,0.026048647970451373,8
_E,4,sunday,39,0.026629474891993903,8
_E,4,sunday,40,0.02696617537314821,8
_E,4,sunday,41,0.027308032983607677,8
_E,4,sunday,42,0.027301734347934453,8
_E,4,sunday,43,0.026530553409207083,8
_E,4,sunday,44,0.025426374964819635,8
_E,4,sunday,45,0.02412848974395325,8
_E,4,sunday,46,0.022936663035077368,8
_E,4,sunday,47,0.02159797416768429,8
_E,4,sunday,48,0.020832949598977617,8
_E,4,weekday,1,0.018323010782845164,44
_E,4,weekday,2,0.018081678527194615,44
_E,4,weekday,3,0.01795065144657576,44
_E,4,weekday,4,0.018266733904461843,44
_E,4,weekday,5,0.01815031999894382,44
_E,4,weekday,6,0.017755212003064656,44
_E,4,weekday,7,0.017439180963968976,44
_E,4,weekday,8,0.01717973246987174,44
_E,4,weekday,9,0.017029885104839083,44
_E,4,weekday,10,0.017008278222360177,44
_E,4,weekday,11,0.01738203880486924,44
_E,4,weekday,12,0.01795578706957918,44
_E,4,weekday,13,0.01969782137455067,44
_E,4,weekday,14,0.02113103481386518,44
_E,4,weekday,15,0.022917168958750442,44
_E,4,weekday,16,0.023784597849372025,44
_E,4,weekday,17,0.02421051008593987,44
_E,4,weekday,18,0.023858766162308552,44
_E,4,weekday,19,0.0234948190120671,44
_E,4,weekday,20,0.02278902685427275,44
_E,4,weekday,21,0.021946497678155923,44
_E,4,weekday,22,0.021419345630057676,44
_E,4,weekday,23,0.020850584460894148,44
_E,4,weekday,24,0.020459324658815038,44
_E,4,weekday,25,0.02028123049434709,44
_E,4,weekday,26,0.019967495645982578,44
_E,4,weekday,27,0.01945613978777742,44
_E,4,weekday,28,0.01917242978157842,44
_E,4,weekday,29,0.019025479105353665,44
_E,4,weekday,30,0.019045982161235344,44
_E,4,weekday,31,0.01908475871334947,44
_E,4,weekday,32,0.019659801499574428,44
_E,4,weekday,33,0.020389329026457594,44
_E,4,weekday,34,0.02148722829151866,44
_E,4,weekday,35,0.02253622952345353,44
_E,4,weekday,36,0.023483158592651612,44
_E,4,weekday,37,0.024089977962755114,44
_E,4,weekday,38,0.024583760506520967,44
_E,4,weekday,39,0.02508285814211926,44
_E,4,weekday,40,0.02513906966401895,44
_E,4,weekday,41,0.02521456782030548,44
_E,4,weekday,42,0.025080681386502213,44
_E,4,weekday,43,0.024327109424361257,44
_E,4,weekday,44,0.02316739064061823,44
_E,4,weekday,45,0.021914208788243048,44
_E,4,weekday,46,0.020633916170269547,44
_E,4,weekday,47,0.019405080784550312,44
_E,4,weekday,48,0.018690109248832177,44
_E,5,saturday,1,0.021737829164430372,10
_E,5,saturday,2,0.021303901934080688,10
_E,5,saturday,3,0.02079808359433153,10
_E,5,saturday,4,0.02078790795894203,10
_E,5,saturday,5,0.020413956296501733,10
_E,5,saturday,6,0.019778085443549344,10
_E,5,saturday,7,0.01939424282303672,10
_E,5,saturday,8,0.019079724943810047,10
_E,5,saturday,9,0.01887959246622234,10
_E,5,saturday,10,0.01849268699547783,10
_E,5,saturday,11,0.018293791315084344,10
_E,5,saturday,12,0.01807764530955422,10
_E,5,saturday,13,0.018779827793992572,10
_E,5,saturday,14,0.01913432490190918,10
_E,5,saturday,15,0.019727402463117504,10
_E,5,saturday,16,0.020102759302619577,10
_E,5,saturday,17,0.020728844425061975,10
_E,5,saturday,18,0.020933861948039555,10
_E,5,saturday,19,0.020785759261503767,10
_E,5,saturday,20,0.020354309866969858,10
_E,5,saturday,21,0.019975798218834002,10
_E,5,saturday,22,0.01954322601529162,10
_E,5,saturday,23,0.01910796782110522,10
_E,5,saturday,24,0.018798927127170753,10
_E,5,saturday,25,0.018714020961248908,10
_E,5,saturday,26,0.018575991001588715,10
_E,5,saturday,27,0.018350402794374932,10
_E,5,saturday,28,0.01804810553605753,10
_E,5,saturday,29,0.01798411572032779,10
_E,5,saturday,30,0.017953412253810332,10
_E,5,saturday,31,0.01808574249189292,10
_E,5,saturday,32,0.018585627140124968,10
_E,5,saturday,33,0.019670476776731095,10
_E,5,saturday,34,0.02115706994333937,10
_E,5,saturday,35,0.022549284642279833,10
_E,5,saturday,36,0.023622634199526274,10
_E,5,saturday,37,0.024653924487671376,10
_E,5,saturday,38,0.025127139318130653,10
_E,5,saturday,39,0.025424981408298408,10
_E,5,saturday,40,0.025429769437738926,10
_E,5,saturday,41,0.0252982893431964,10
_E,5,saturday,42,0.02531113754701786,10
_E,5,saturday,43,0.02535157293806608,10
_E,5,saturday,44,0.024971653829935485,10
_E,5,saturday,45,0.024129037074530242,10
_E,5,saturday,46,0.023057972817711832,10
_E,5,saturday,47,0.021830962872383546,10
_E,5,saturday,48,0.02110621807337975,10
_E,5,sunday,1,0.02105428447295216,9
_E,5,sunday,2,0.020573770541332144,9
_E,5,sunday,3,0.02023507235359943,9
_E,5,sunday,4,0.020198586475654645,9
_E,5,sunday,5,0.0199421306367034,9
_E,5,sunday,6,0.019404740250367106,9
_E,5,sunday,7,0.018931588923256183,9
_E,5,sunday,8,0.0186620855137601,9
_E,5,sunday,9,0.018441909156412313,9
_E,5,sunday,10,0.01803560481499146,9
_E,5,sunday,11,0.017652285326390196,9
_E,5,sunday,12,0.01733998680756705,9
_E,5,sunday,13,0.017616597634109762,9
_E,5,sunday,14,0.017723918083722916,9
_E,5,sunday,15,0.018057989119360913,9
_E,5,sunday,16,0.01835578284997213,9
_E,5,sunday,17,0.018947403304471255,9
_E,5,sunday,18,0.019152715502319215,9
_E,5,sunday,19,0.01953156413936088,9
_E,5,sunday,20,0.019453533803216422,9
_E,5,sunday,21,0.01936164558203453,9
_E,5,sunday,22,0.019206409775444442,9
_E,5,sunday,23,0.019192680626583768,9
_E,5,sunday,24,0.019193462533596925,9
_E,5,sunday,25,0.019239992633265948,9
_E,5,sunday,26,0.019091815654796465,9
_E,5,sunday,27,0.018741927721182102,9
_E,5,sunday,28,0.018234294303649787,9
_E,5,sunday,29,0.018047869285284027,9
_E,5,sunday,30,0.01835200992853073,9
_E,5,sunday,31,0.01887530385105854,9
_E,5,sunday,32,0.019621660607590217,9
_E,5,sunday,33,0.02080145299902204,9
_E,5,sunday,34,0.022067836420963764,9
_E,5,sunday,35,0.023429028939786142,9
_E,5,sunday,36,0.024676868551285966,9
_E,5,sunday,37,0.025564814575119974,9
_E,5,sunday,38,0.026201133234127413,9
_E,5,sunday,39,0.0265494594851578,9
_E,5,sunday,40,0.026692136549479016,9
_E,5,sunday,41,0.026557424321180176,9
_E,5,sunday,42,0.026373001598358266,9
_E,5,sunday,43,0.02626622449424592,9
_E,5,sunday,44,0.02585254514034752,9
_E,5,sunday,45,0.02484417718956126,9
_E,5,sunday,46,0.023674710265591654,9
_E,5,sunday,47,0.022308654362936713,9
_E,5,sunday,48,0.021669909660299212,9
_E,5,weekday,1,0.018916579668442735,43
_E,5,weekday,2,0.018625500841177905,43
_E,5,weekday,3,0.01834673882111143,43
_E,5,weekday,4,0.018375751998613476,43
_E,5,weekday,5,0.01818034511253552,43
_E,5,weekday,6,0.017782811783820164,43
_E,5,weekday,7,0.01747067575770364,43
_E,5,weekday,8,0.01726661665636236,43
_E,5,weekday,9,0.017182514289853557,43
_E,5,weekday,10,0.0170332717162888,43
_E,5,weekday,11,0.017147229353124495,43
_E,5,weekday,12,0.017526400924460762,43
_E,5,weekday,13,0.01919538132520036,43
_E,5,weekday,14,0.020454675427250154,43
_E,5,weekday,15,0.021971064851581838,43
_E,5,weekday,16,0.02271664054841043,43
_E,5,weekday,17,0.02309996838893068,43
_E,5,weekday,18,0.02281968310835674,43
_E,5,weekday,19,0.02271332823589391,43
_E,5,weekday,20,0.02223558517292658,43
_E,5,weekday,21,0.02163167970644967,43
_E,5,weekday,22,0.021272226877051645,43
_E,5,weekday,23,0.020829268742575846,43
_E,5,weekday,24,0.020572648087135912,43
_E,5,weekday,25,0.020467069105490163,43
_E,5,weekday,26,0.020302574793369204,43
_E,5,weekday,27,0.01997595708712426,43
_E,5,weekday,28,0.01973432553799397,43
_E,5,weekday,29,0.01955241245313852,43
_E,5,weekday,30,0.01954547681579141,43
_E,5,weekday,31,0.019643002678082052,43
_E,5,weekday,32,0.02021145343275107,43
_E,5,weekday,33,0.020839208480003642,43
_E,5,weekday,34,0.021910421783085752,43
_E,5,weekday,35,0.02280764636559332,43
_E,5,weekday,36,0.023589335188495056,43
_E,5,weekday,37,0.024048767848105074,43
_E,5,weekday,38,0.024448872793004114,43
_E,5,weekday,39,0.024817520563538933,43
_E,5,weekday,40,0.0247638893294307,43
_E,5,weekday,41,0.024473877458088152,43
_E,5,weekday,42,0.024291414936395087,43
_E,5,weekday,43,0.024180883678338393,43
_E,5,weekday,44,0.02358168848386407,43
_E,5,weekday,45,0.02261376071657635,43
_E,5,weekday,46,0.02136860590392004,43
_E,5,weekday,47,0.020095078799252698,43
_E,5,weekday,48,0.01937016837330935,43
_E,6,saturday,1,0.02172136016254368,8
_E,6,saturday,2,0.02133264267992676,8
_E,6,saturday,3,0.021054391692390925,8
_E,6,saturday,4,0.02070017776921869,8
_E,6,saturday,5,0.02037496556428358,8
_E,6,saturday,6,0.01982380203708764,8
_E,6,saturday,7,0.019482655031503676,8
_E,6,saturday,8,0.019126115103392,8
_E,6,saturday,9,0.018858860392703104,8
_E,6,saturday,10,0.018351989132533185,8
_E,6,saturday,11,0.018186455889570657,8
_E,6,saturday,12,0.018046400676615948,8
_E,6,saturday,13,0.018739654648793708,8
_E,6,saturday,14,0.019083051374978847,8
_E,6,saturday,15,0.019827572345064867,8
_E,6,saturday,16,0.02036307065295473,8
_E,6,saturday,17,0.021030607608952753,8
_E,6,saturday,18,0.021148987580312813,8
_E,6,saturday,19,0.021128317844192643,8
_E,6,saturday,20,0.021048661263345002,8
_E,6,saturday,21,0.020846871162814216,8
_E,6,saturday,22,0.020584355380794957,8
_E,6,saturday,23,0.02033795131067183,8
_E,6,saturday,24,0.019829869698978087,8
_E,6,saturday,25,0.01947916698193525,8
_E,6,saturday,26,0.019334582320349424,8
_E,6,saturday,27,0.019170828982651357,8
_E,6,saturday,28,0.019100331616926324,8
_E,6,saturday,29,0.018914040702515733,8
_E,6,saturday,30,0.018760511665207036,8
_E,6,saturday,31,0.018491607431613252,8
_E,6,saturday,32,0.01890595097491942,8
_E,6,saturday,33,0.019467852632152827,8
_E,6,saturday,34,0.020414718221049184,8
_E,6,saturday,35,0.02146308135999575,8
_E,6,saturday,36,0.0225292142364083,8
_E,6,saturday,37,0.023387043820487036,8
_E,6,saturday,38,0.02415807970507155,8
_E,6,saturday,39,0.024377167992802016,8
_E,6,saturday,40,0.02461688013899434,8
_E,6,saturday,41,0.02453458217116848,8
_E,6,saturday,42,0.02435340619629471,8
_E,6,saturday,43,0.024040395457699884,8
_E,6,saturday,44,0.02383682680655991,8
_E,6,saturday,45,0.02364085953657097,8
_E,6,saturday,46,0.0229147593390952,8
_E,6,saturday,47,0.02189502884522768,8
_E,6,saturday,48,0.02118429586068011,8
_E,6,sunday,1,0.02111355940643641,9
_E,6,sunday,2,0.02069209546729161,9
_E,6,sunday,3,0.0202417394230717,9
_E,6,sunday,4,0.02005743695063117,9
_E,6,sunday,5,0.019688472410926933,9
_E,6,sunday,6,0.019170031645959443,9
_E,6,sunday,7,0.01873071510198899,9
_E,6,sunday,8,0.018408822084912197,9
_E,6,sunday,9,0.01815436291037189,9
_E,6,sunday,10,0.01757352298951023,9
_E,6,sunday,11,0.017256757386650695,9
_E,6,sunday,12,0.016892785799078085,9
_E,6,sunday,13,0.01715578281189818,9
_E,6,sunday,14,0.017104838984044083,9
_E,6,sunday,15,0.017482172834463697,9
_E,6,sunday,16,0.017662776401338082,9
_E,6,sunday,17,0.018351569346147862,9
_E,6,sunday,18,0.018879726290280865,9
_E,6,sunday,19,0.01939132241184939,9
_E,6,sunday,20,0.01945735242161148,9
_E,6,sunday,21,0.019681492365116973,9
_E,6,sunday,22,0.019754156023157828,9
_E,6,sunday,23,0.02001721367578106,9
_E,6,sunday,24,0.02020029457737898,9
_E,6,sunday,25,0.02027286207104627,9
_E,6,sunday,26,0.020134226718611665,9
_E,6,sunday,27,0.01981211190956378,9
_E,6,sunday,28,0.01937713657016837,9
_E,6,sunday,29,0.019354475205722095,9
_E,6,sunday,30,0.019393893550847155,9
_E,6,sunday,31,0.019479072215210617,9
_E,6,sunday,32,0.020053329737676838,9
_E,6,sunday,33,0.020975714916742022,9
_E,6,sunday,34,0.022370988744068857,9
_E,6,sunday,35,0.023441247945773944,9
_E,6,sunday,36,0.024576356525694797,9
_E,6,sunday,37,0.025227598915325364,9
_E,6,sunday,38,0.025577471263271357,9
_E,6,sunday,39,0.026114822738269435,9
_E,6,sunday,40,0.0261877979394531,9
_E,6,sunday,41,0.02615788264505026,9
_E,6,sunday,42,0.025903977462370623,9
_E,6,sunday,43,0.02545552119749579,9
_E,6,sunday,44,0.024973359984405613,9
_E,6,sunday,45,0.024641360982485865,9
_E,6,sunday,46,0.023463665814266708,9
_E,6,sunday,47,0.02232249289490606,9
_E,6,sunday,48,0.02161363233167559,9
_E,6,weekday,1,0.019076291583715696,43
_E,6,weekday,2,0.01873746591281036,43
_E,6,weekday,3,0.018435139217334424,43
_E,6,weekday,4,0.0183192347825049,43
_E,6,weekday,5,0.018099728193430427,43
_E,6,weekday,6,0.017663518030261987,43
_E,6,weekday,7,0.017425641700435816,43
_E,6,weekday,8,0.01720218163247409,43
_E,6,weekday,9,0.017027350285081275,43
_E,6,weekday,10,0.016736130367051277,43
_E,6,weekday,11,0.01689103872022974,43
_E,6,weekday,12,0.017296098579141873,43
_E,6,weekday,13,0.019010753941335806,43
_E,6,weekday,14,0.020306805925363568,43
_E,6,weekday,15,0.021986952013651317,43
_E,6,weekday,16,0.022770752122634012,43
_E,6,weekday,17,0.023129056665415676,43
_E,6,weekday,18,0.022939825467903352,43
_E,6,weekday,19,0.02296857666143814,43
_E,6,weekday,20,0.022454837606481842,43
_E,6,weekday,21,0.02185586157629619,43
_E,6,weekday,22,0.021571132519951266,43
_E,6,weekday,23,0.02120933517903489,43
_E,6,weekday,24,0.02103719913543374,43
_E,6,weekday,25,0.02089886557390826,43
_E,6,weekday,26,0.020631508795921103,43
_E,6,weekday,27,0.020243904168801057,43
_E,6,weekday,28,0.020015124345947596,43
_E,6,weekday,29,0.019894791036704607,43
_E,6,weekday,30,0.01984435509435696,43
_E,6,weekday,31,0.019775228725167345,43
_E,6,weekday,32,0.020402210593894486,43
_E,6,weekday,33,0.021004355164194577,43
_E,6,weekday,34,0.021811993687236162,43
_E,6,weekday,35,0.02253306807569862,43
_E,6,weekday,36,0.023339578830841076,43
_E,6,weekday,37,0.023734714809222054,43
_E,6,weekday,38,0.02407852991761062,43
_E,6,weekday,39,0.024380254061049222,43
_E,6,weekday,40,0.02438368610335636,43
_E,6,weekday,41,0.024152102869939383,43
_E,6,weekday,42,0.023900173617361683,43
_E,6,weekday,43,0.023547606676490185,43
_E,6,weekday,44,0.023075941527342964,43
_E,6,weekday,45,0.022556185522369345,43
_E,6,weekday,46,0.02153922884156723,43
_E,6,weekday,47,0.02039028987491873,43
_E,6,weekday,48,0.019715394266688703,43
_E,7,saturday,1,0.022446570598023356,8
_E,7,saturday,2,0.022030739752359044,8
_E,7,saturday,3,0.02141600113244644,8
_E,7,saturday,4,0.02127826310624868,8
_E,7,saturday,5,0.020782957111282373,8
_E,7,saturday,6,0.020306102833158424,8
_E,7,saturday,7,0.01982228183363021,8
_E,7,saturday,8,0.01948757098429924,8
_E,7,saturday,9,0.0192570462839408,8
_E,7,saturday,10,0.01885723215107273,8
_E,7,saturday,11,0.018544670291247557,8
_E,7,saturday,12,0.01835544527978338,8
_E,7,saturday,13,0.019033347289435246,8
_E,7,saturday,14,0.019224049992290167,8
_E,7,saturday,15,0.01976056352133677,8
_E,7,saturday,16,0.020040086382225195,8
_E,7,saturday,17,0.020477148768570458,8
_E,7,saturday,18,0.020691745830615612,8
_E,7,saturday,19,0.020710026323198995,8
_E,7,saturday,20,0.02041988152635941,8
_E,7,saturday,21,0.02019223507080895,8
_E,7,saturday,22,0.01998385353933645,8
_E,7,saturday,23,0.01969045022658592,8
_E,7,saturday,24,0.01932857280966489,8
_E,7,saturday,25,0.01918198582160986,8
_E,7,saturday,26,0.018888014553359395,8
_E,7,saturday,27,0.0182882415028077,8
_E,7,saturday,28,0.017871533774089288,8
_E,7,saturday,29,0.017677786810448674,8
_E,7,saturday,30,0.017766634158091175,8
_E,7,saturday,31,0.017779758942030308,8
_E,7,saturday,32,0.01837524981105195,8
_E,7,saturday,33,0.019383904284179417,8
_E,7,saturday,34,0.02066659794984642,8
_E,7,saturday,35,0.021952799700453447,8
_E,7,saturday,36,0.023119905078131227,8
_E,7,saturday,37,0.023873503682040092,8
_E,7,saturday,38,0.02440973962304762,8
_E,7,saturday,39,0.02485528931103203,8
_E,7,saturday,40,0.024929982468439454,8
_E,7,saturday,41,0.024901301917541363,8
_E,7,saturday,42,0.024702232280639638,8
_E,7,saturday,43,0.024405776575625395,8
_E,7,saturday,44,0.02428293361949313,8
_E,7,saturday,45,0.023826627521375366,8
_E,7,saturday,46,0.023015549284457246,8
_E,7,saturday,47,0.02211713919405582,8
_E,7,saturday,48,0.021590669498233683,8
_E,7,sunday,1,0.021874185594570494,8
_E,7,sunday,2,0.021401055273029945,8
_E,7,sunday,3,0.020890042227431994,8
_E,7,sunday,4,0.0206533231387587,8
_E,7,sunday,5,0.020122844101733012,8
_E,7,sunday,6,0.019508217814153465,8
_E,7,sunday,7,0.01917254214488259,8
_E,7,sunday,8,0.01886904721590355,8
_E,7,sunday,9,0.018695103633826506,8
_E,7,sunday,10,0.0181945771242797,8
_E,7,sunday,11,0.017819482263532013,8
_E,7,sunday,12,0.017513282440269347,8
_E,7,sunday,13,0.017887594376549035,8
_E,7,sunday,14,0.01793527216940215,8
_E,7,sunday,15,0.018253613427478884,8
_E,7,sunday,16,0.018483203004047318,8
_E,7,sunday,17,0.019114687904516963,8
_E,7,sunday,18,0.019563600532253866,8
_E,7,sunday,19,0.019750318884253656,8
_E,7,sunday,20,0.01966667524681848,8
_E,7,sunday,21,0.019721536056373605,8
_E,7,sunday,22,0.019388337664442663,8
_E,7,sunday,23,0.01916700977807023,8
_E,7,sunday,24,0.01909212888483095,8
_E,7,sunday,25,0.0191661067749588,8
_E,7,sunday,26,0.01891468501256511,8
_E,7,sunday,27,0.018418211809312933,8
_E,7,sunday,28,0.018155817200459883,8
_E,7,sunday,29,0.01827023754949803,8
_E,7,sunday,30,0.018398119853985387,8
_E,7,sunday,31,0.01866190851758191,8
_E,7,sunday,32,0.019288736674338638,8
_E,7,sunday,33,0.020266680223128285,8
_E,7,sunday,34,0.02155716830654881,8
_E,7,sunday,35,0.02288989755749815,8
_E,7,sunday,36,0.02409797988243325,8
_E,7,sunday,37,0.02485805954807603,8
_E,7,sunday,38,0.025463077418425687,8
_E,7,sunday,39,0.025893753801255318,8
_E,7,sunday,40,0.026219960489753356,8
_E,7,sunday,41,0.026113775382514994,8
_E,7,sunday,42,0.02590620771225697,8
_E,7,sunday,43,0.025776253916009642,8
_E,7,sunday,44,0.025335835981787284,8
_E,7,sunday,45,0.02483863476007204,8
_E,7,sunday,46,0.02373196761503259,8
_E,7,sunday,47,0.02276789502043344,8
_E,7,sunday,48,0.022271348090664368,8
_E,7,weekday,1,0.01975473609567945,46
_E,7,weekday,2,0.019444321239834767,46
_E,7,weekday,3,0.019052620970046567,46
_E,7,weekday,4,0.01887545538624931,46
_E,7,weekday,5,0.01854700271775546,46
_E,7,weekday,6,0.018139950100352936,46
_E,7,weekday,7,0.01787253091980485,46
_E,7,weekday,8,0.017662227386930976,46
_E,7,weekday,9,0.017549313464589246,46
_E,7,weekday,10,0.01735801760096668,46
_E,7,weekday,11,0.01735623961308417,46
_E,7,weekday,12,0.017671138726369016,46
_E,7,weekday,13,0.01922245224813842,46
_E,7,weekday,14,0.020263748645247413,46
_E,7,weekday,15,0.021674042718320793,46
_E,7,weekday,16,0.02242296141914326,46
_E,7,weekday,17,0.022918354222729934,46
_E,7,weekday,18,0.02265908840131355,46
_E,7,weekday,19,0.02247071172399624,46
_E,7,weekday,20,0.022001066136372673,46
_E,7,weekday,21,0.02143669822560986,46
_E,7,weekday,22,0.021070162118077686,46
_E,7,weekday,23,0.020684922370123097,46
_E,7,weekday,24,0.020443505921831952,46
_E,7,weekday,25,0.020263271369252062,46
_E,7,weekday,26,0.019945769174065726,46
_E,7,weekday,27,0.019568663692261665,46
_E,7,weekday,28,0.01939218872854287,46
_E,7,weekday,29,0.019380777433486897,46
_E,7,weekday,30,0.019374856825262188,46
_E,7,weekday,31,0.01946074619978026,46
_E,7,weekday,32,0.020026833937578023,46
_E,7,weekday,33,0.02051939223980877,46
_E,7,weekday,34,0.0214135013644451,46
_E,7,weekday,35,0.022222965935036084,46
_E,7,weekday,36,0.023056313590071764,46
_E,7,weekday,37,0.023545564193268833,46
_E,7,weekday,38,0.023976739511025153,46
_E,7,weekday,39,0.024466810031492845,46
_E,7,weekday,40,0.024585573511383744,46
_E,7,weekday,41,0.024385532283114228,46
_E,7,weekday,42,0.02416963016954759,46
_E,7,weekday,43,0.02397118324736474,46
_E,7,weekday,44,0.023620609656578244,46
_E,7,weekday,45,0.02303963977405572,46
_E,7,weekday,46,0.02199550278463432,46
_E,7,weekday,47,0.02086731804555804,46
_E,7,weekday,48,0.020199347929816834,46
_E,8,saturday,1,0.022131212730729474,9
_E,8,saturday,2,0.021711965549287223,9
_E,8,saturday,3,0.021264320470732574,9
_E,8,saturday,4,0.020920565455843983,9
_E,8,saturday,5,0.02056488592535807,9
_E,8,saturday,6,0.019957625792950403,9
_E,8,saturday,7,0.01967573675215557,9
_E,8,saturday,8,0.019300837692664122,9
_E,8,saturday,9,0.019062261227984476,9
_E,8,saturday,10,0.018829698655732006,9
_E,8,saturday,11,0.018729511362071672,9
_E,8,saturday,12,0.018532790049833738,9
_E,8,saturday,13,0.019254131161804782,9
_E,8,saturday,14,0.019610381713737954,9
_E,8,saturday,15,0.020228890214956496,9
_E,8,saturday,16,0.02043566264054634,9
_E,8,saturday,17,0.020752142408609717,9
_E,8,saturday,18,0.020657976663178878,9
_E,8,saturday,19,0.020476310551360028,9
_E,8,saturday,20,0.02010949118189869,9
_E,8,saturday,21,0.019628715254037258,9
_E,8,saturday,22,0.01908287031138454,9
_E,8,saturday,23,0.01871965632141841,9
_E,8,saturday,24,0.01857613277857807,9
_E,8,saturday,25,0.018439920510320132,9
_E,8,saturday,26,0.018177699876248073,9
_E,8,saturday,27,0.017821759108827235,9
_E,8,saturday,28,0.017792379419241507,9
_E,8,saturday,29,0.01769062555174628,9
_E,8,saturday,30,0.017798209474331597,9
_E,8,saturday,31,0.01809988605437054,9
_E,8,saturday,32,0.01878625329462301,9
_E,8,saturday,33,0.019480136860667067,9
_E,8,saturday,34,0.020824710824824278,9
_E,8,saturday,35,0.02242044024691016,9
_E,8,saturday,36,0.023640251604043604,9
_E,8,saturday,37,0.024469731223570632,9
_E,8,saturday,38,0.025132572150593457,9
_E,8,saturday,39,0.025405216824435577,9
_E,8,saturday,40,0.025484292564530532,9
_E,8,saturday,41,0.025405707477369602,9
_E,8,saturday,42,0.025337835501641995,9
_E,8,saturday,43,0.025174385736975113,9
_E,8,saturday,44,0.02451465422387482,9
_E,8,saturday,45,0.023861862485813054,9
_E,8,saturday,46,0.022854307003474596,9
_E,8,saturday,47,0.02188255086409688,9
_E,8,saturday,48,0.0212908382506158,9
_E,8,sunday,1,0.021464096509890684,9
_E,8,sunday,2,0.021096785218430794,9
_E,8,sunday,3,0.020664271528004038,9
_E,8,sunday,4,0.02035455703998862,9
_E,8,sunday,5,0.020071321487116323,9
_E,8,sunday,6,0.019478407540835952,9
_E,8,sunday,7,0.019115497244928833,9
_E,8,sunday,8,0.01888551635715134,9
_E,8,sunday,9,0.018633101420637465,9
_E,8,sunday,10,0.018366710076617294,9
_E,8,sunday,11,0.01814349959257006,9
_E,8,sunday,12,0.01777959880666003,9
_E,8,sunday,13,0.01813608729177372,9
_E,8,sunday,14,0.018267742029518468,9
_E,8,sunday,15,0.018641855641727604,9
_E,8,sunday,16,0.01883197154679002,9
_E,8,sunday,17,0.019132647691042257,9
_E,8,sunday,18,0.019097581123336264,9
_E,8,sunday,19,0.01911143553606884,9
_E,8,sunday,20,0.018827924247243586,9
_E,8,sunday,21,0.018450734615317124,9
_E,8,sunday,22,0.018065453635997278,9
_E,8,sunday,23,0.01788065274591925,9
_E,8,sunday,24,0.01801159668535202,9
_E,8,sunday,25,0.01829209658088253,9
_E,8,sunday,26,0.01820036804679071,9
_E,8,sunday,27,0.017850614506261166,9
_E,8,sunday,28,0.017651632165122295,9
_E,8,sunday,29,0.01778953243348058,9
_E,8,sunday,30,0.018191774388073043,9
_E,8,sunday,31,0.01871358419542504,9
_E,8,sunday,32,0.019543918129295013,9
_E,8,sunday,33,0.020765587657402586,9
_E,8,sunday,34,0.02228413766539759,9
_E,8,sunday,35,0.02367187436649217,9
_E,8,sunday,36,0.024825979504984205,9
_E,8,sunday,37,0.025740720840495487,9
_E,8,sunday,38,0.026479173712018206,9
_E,8,sunday,39,0.02671053376948195,9
_E,8,sunday,40,0.026910029470847127,9
_E,8,sunday,41,0.02692456978201128,9
_E,8,sunday,42,0.026846550191197412,9
_E,8,sunday,43,0.02662478845981411,9
_E,8,sunday,44,0.025827514872887286,9
_E,8,sunday,45,0.02482588272802141,9
_E,8,sunday,46,0.023865191499204644,9
_E,8,sunday,47,0.02279560839916058,9
_E,8,sunday,48,0.022159291022335725,9
_E,8,weekday,1,0.019160997612721244,40
_E,8,weekday,2,0.018850264278456416,40
_E,8,weekday,3,0.018522278089489405,40
_E,8,weekday,4,0.018354455565845407,40
_E,8,weekday,5,0.01812697827502788,40
_E,8,weekday,6,0.01768425990083252,40
_E,8,weekday,7,0.017350912581516352,40
_E,8,weekday,8,0.01715669677143247,40
_E,8,weekday,9,0.017045040630477747,40
_E,8,weekday,10,0.016988152003125843,40
_E,8,weekday,11,0.0171493880491237,40
_E,8,weekday,12,0.01740746071794438,40
_E,8,weekday,13,0.018746658730880127,40
_E,8,weekday,14,0.019719183764475245,40
_E,8,weekday,15,0.02107597485078038,40
_E,8,weekday,16,0.02186973050491438,40
_E,8,weekday,17,0.022632061056590876,40
_E,8,weekday,18,0.022788389191099122,40
_E,8,weekday,19,0.022605315602945136,40
_E,8,weekday,20,0.022180990864864747,40
_E,8,weekday,21,0.021612727945362016,40
_E,8,weekday,22,0.021406633283580577,40
_E,8,weekday,23,0.02113407446944747,40
_E,8,weekday,24,0.02097273064384017,40
_E,8,weekday,25,0.020889357904986285,40
_E,8,weekday,26,0.020636111128680655,40
_E,8,weekday,27,0.020278534889753286,40
_E,8,weekday,28,0.02009472166985794,40
_E,8,weekday,29,0.02010096206714848,40
_E,8,weekday,30,0.02017878508492448,40
_E,8,weekday,31,0.02023851222430927,40
_E,8,weekday,32,0.020618822035470774,40
_E,8,weekday,33,0.021041221908254738,40
_E,8,weekday,34,0.02198541393317249,40
_E,8,weekday,35,0.02281144072336034,40
_E,8,weekday,36,0.02363253916805534,40
_E,8,weekday,37,0.024009229604606934,40
_E,8,weekday,38,0.024413407082278148,40
_E,8,weekday,39,0.02463391526466597,40
_E,8,weekday,40,0.024545281573049332,40
_E,8,weekday,41,0.024424850118894566,40
_E,8,weekday,42,0.024311937596106076,40
_E,8,weekday,43,0.024064332608743248,40
_E,8,weekday,44,0.023285187587884372,40
_E,8,weekday,45,0.022264677175222305,40
_E,8,weekday,46,0.021229876684650865,40
_E,8,weekday,47,0.020192539205117602,40
_E,8,weekday,48,0.019576987376032903,40
_E,9,saturday,1,0.019416653825748927,4
_E,9,saturday,2,0.018943365052227348,4
_E,9,saturday,3,0.018611323982647802,4
_E,9,saturday,4,0.0184860688786369,4
_E,9,saturday,5,0.018173735929209827,4
_E,9,saturday,6,0.01773112509757439,4
_E,9,saturday,7,0.017406905304905258,4
_E,9,saturday,8,0.017164300919003152,4
_E,9,saturday,9,0.017011479215800034,4
_E,9,saturday,10,0.016859583904074257,4
_E,9,saturday,11,0.016801670554545102,4
_E,9,saturday,12,0.017013477369956044,4
_E,9,saturday,13,0.017821516213361276,4
_E,9,saturday,14,0.01840834698195645,4
_E,9,saturday,15,0.0193346045154853,4
_E,9,saturday,16,0.020135410205601948,4
_E,9,saturday,17,0.021132800171458604,4
_E,9,saturday,18,0.02165523734967869,4
_E,9,saturday,19,0.022111757046445253,4
_E,9,saturday,20,0.02205200951918187,4
_E,9,saturday,21,0.021825708947772256,4
_E,9,saturday,22,0.02129400932010032,4
_E,9,saturday,23,0.02138649930063006,4
_E,9,saturday,24,0.021604043345542126,4
_E,9,saturday,25,0.02188962892705998,4
_E,9,saturday,26,0.021291783448497446,4
_E,9,saturday,27,0.020656792087367714,4
_E,9,saturday,28,0.020761461164718043,4
_E,9,saturday,29,0.020985193966808195,4
_E,9,saturday,30,0.021213556344901845,4
_E,9,saturday,31,0.02067616196346358,4
_E,9,saturday,32,0.020709565776800956,4
_E,9,saturday,33,0.021229187245282895,4
_E,9,saturday,34,0.022425191387633256,4
_E,9,saturday,35,0.02375211834545078,4
_E,9,saturday,36,0.024743842915887646,4
_E,9,saturday,37,0.02519731868613194,4
_E,9,saturday,38,0.02534240532930726,4
_E,9,saturday,39,0.025354753699056667,4
_E,9,saturday,40,0.025269398183105935,4
_E,9,saturday,41,0.024822366193254584,4
_E,9,saturday,42,0.02415609887530935,4
_E,9,saturday,43,0.02342560149213682,4
_E,9,saturday,44,0.02254676166247344,4
_E,9,saturday,45,0.021504620090135942,4
_E,9,saturday,46,0.020749864575450343,4
_E,9,saturday,47,0.01979831213169121,4
_E,9,saturday,48,0.019116382556530954,4
_E,9,sunday,1,0.01854738480168166,4
_E,9,sunday,2,0.01815646155199965,4
_E,9,sunday,3,0.01790400665046515,4
_E,9,sunday,4,0.01777730540918259,4
_E,9,sunday,5,0.017584531005995177,4
_E,9,sunday,6,0.017080748398858245,4
_E,9,sunday,7,0.0167874269360559,4
_E,9,sunday,8,0.016435163530806804,4
_E,9,sunday,9,0.01619787401908738,4
_E,9,sunday,10,0.015867329547161236,4
_E,9,sunday,11,0.015879584703040683,4
_E,9,sunday,12,0.015986697733157345,4
_E,9,sunday,13,0.016662852383617012,4
_E,9,sunday,14,0.01691309574856218,4
_E,9,sunday,15,0.017772444215606652,4
_E,9,sunday,16,0.01843927014617351,4
_E,9,sunday,17,0.019593885456392755,4
_E,9,sunday,18,0.020450892862810384,4
_E,9,sunday,19,0.021253330858463256,4
_E,9,sunday,20,0.021418495724152886,4
_E,9,sunday,21,0.021635676725578864,4
_E,9,sunday,22,0.021488413040374025,4
_E,9,sunday,23,0.021574320234177553,4
_E,9,sunday,24,0.021520506387212302,4
_E,9,sunday,25,0.021935718900253358,4
_E,9,sunday,26,0.021901545530595846,4
_E,9,sunday,27,0.021445769127438053,4
_E,9,sunday,28,0.0209529703937947,4
_E,9,sunday,29,0.02079826106901441,4
_E,9,sunday,30,0.020849175263034734,4
_E,9,sunday,31,0.021408755765816967,4
_E,9,sunday,32,0.022323277562314225,4
_E,9,sunday,33,0.023174812364596627,4
_E,9,sunday,34,0.024432370043554225,4
_E,9,sunday,35,0.025320710432915516,4
_E,9,sunday,36,0.02619343912486146,4
_E,9,sunday,37,0.026473559815477284,4
_E,9,sunday,38,0.02657296062081016,4
_E,9,sunday,39,0.02671296677627356,4
_E,9,sunday,40,0.026560988810112207,4
_E,9,sunday,41,0.025971401968003616,4
_E,9,sunday,42,0.025003815218296768,4
_E,9,sunday,43,0.024288210663582985,4
_E,9,sunday,44,0.023278126806293663,4
_E,9,sunday,45,0.021963328792731888,4
_E,9,sunday,46,0.020817281005009892,4
_E,9,sunday,47,0.019678377316020557,4
_E,9,sunday,48,0.01901447855858411,4
_E,9,weekday,1,0.017373706580105827,22
_E,9,weekday,2,0.01714818009918417,22
_E,9,weekday,3,0.016900453421126428,22
_E,9,weekday,4,0.016909000935324794,22
_E,9,weekday,5,0.01673044684575104,22
_E,9,weekday,6,0.01637789688729711,22
_E,9,weekday,7,0.01618517397017794,22
_E,9,weekday,8,0.015967685771159514,22
_E,9,weekday,9,0.015895797796990855,22
_E,9,weekday,10,0.015918941522152875,22
_E,9,weekday,11,0.016342728637367424,22
_E,9,weekday,12,0.017061117306557735,22
_E,9,weekday,13,0.019001385411687947,22
_E,9,weekday,14,0.020656686983639774,22
_E,9,weekday,15,0.022571686244292434,22
_E,9,weekday,16,0.02340978456778966,22
_E,9,weekday,17,0.023717068430832447,22
_E,9,weekday,18,0.023507422155535754,22
_E,9,weekday,19,0.023466256558828395,22
_E,9,weekday,20,0.022911065466978065,22
_E,9,weekday,21,0.02222856241249235,22
_E,9,weekday,22,0.021944584899378176,22
_E,9,weekday,23,0.02167797789721089,22
_E,9,weekday,24,0.02153254819380228,22
_E,9,weekday,25,0.021613462160461516,22
_E,9,weekday,26,0.02145996185916404,22
_E,9,weekday,27,0.021217568158753933,22
_E,9,weekday,28,0.02100432967118981,22
_E,9,weekday,29,0.020876934275633897,22
_E,9,weekday,30,0.020882861545746496,22
_E,9,weekday,31,0.020938177088702863,22
_E,9,weekday,32,0.02164531261270833,22
_E,9,weekday,33,0.02239630177870183,22
_E,9,weekday,34,0.023303479823298914,22
_E,9,weekday,35,0.023996157739401357,22
_E,9,weekday,36,0.02448330851577685,22
_E,9,weekday,37,0.024685562304444467,22
_E,9,weekday,38,0.024814655124786537,22
_E,9,weekday,39,0.02514303836992444,22
_E,9,weekday,40,0.02498655250820593,22
_E,9,weekday,41,0.024771119050955123,22
_E,9,weekday,42,0.024120191617191464,22
_E,9,weekday,43,0.023180876584358145,22
_E,9,weekday,44,0.022061858442763038,22
_E,9,weekday,45,0.020854659032700038,22
_E,9,weekday,46,0.019713993953807987,22
_E,9,weekday,47,0.01852989986785324,22
_E,9,weekday,48,0.017883578917805835,22
_E,10,saturday,1,0.018417794026875704,4
_E,10,saturday,2,0.018016780994110807,4
_E,10,saturday,3,0.01778486357881473,4
_E,10,saturday,4,0.017998939607711317,4
_E,10,saturday,5,0.017853432612454846,4
_E,10,saturday,6,0.017424549626226252,4
_E,10,saturday,7,0.016948245395178606,4
_E,10,saturday,8,0.01659639299272604,4
_E,10,saturday,9,0.01632665880495182,4
_E,10,saturday,10,0.016061765333989342,4
_E,10,saturday,11,0.016046424925609783,4
_E,10,saturday,12,0.01609432917982438,4
_E,10,saturday,13,0.016981529542361005,4
_E,10,saturday,14,0.01777277989706108,4
_E,10,saturday,15,0.01894582509642998,4
_E,10,saturday,16,0.019883554774369736,4
_E,10,saturday,17,0.02112380461770804,4
_E,10,saturday,18,0.02177766489467011,4
_E,10,saturday,19,0.022406988088329458,4
_E,10,saturday,20,0.022489171032491095,4
_E,10,saturday,21,0.022384513595300123,4
_E,10,saturday,22,0.022225001706791814,4
_E,10,saturday,23,0.022206431569452678,4
_E,10,saturday,24,0.022281366875003344,4
_E,10,saturday,25,0.02283065822538961,4
_E,10,saturday,26,0.022821483004482005,4
_E,10,saturday,27,0.0228394680147879,4
_E,10,saturday,28,0.02222632177131408,4
_E,10,saturday,29,0.02150770274475923,4
_E,10,saturday,30,0.021231196705094955,4
_E,10,saturday,31,0.021146262692555085,4
_E,10,saturday,32,0.021503092142788328,4
_E,10,saturday,33,0.022050538393329447,4
_E,10,saturday,34,0.023240978776705494,4
_E,10,saturday,35,0.024693101261345766,4
_E,10,saturday,36,0.025582806673211427,4
_E,10,saturday,37,0.02624377712910215,4
_E,10,saturday,38,0.026300186164572487,4
_E,10,saturday,39,0.025690398835096606,4
_E,10,saturday,40,0.024861510893993147,4
_E,10,saturday,41,0.024191295068174492,4
_E,10,saturday,42,0.023561033324046934,4
_E,10,saturday,43,0.022643355209029086,4
_E,10,saturday,44,0.021740981349711128,4
_E,10,saturday,45,0.020664941518336533,4
_E,10,saturday,46,0.01967567749213012,4
_E,10,saturday,47,0.01868618760311592,4
_E,10,saturday,48,0.01801823623848602,4
_E,10,sunday,1,0.016936687589234747,4
_E,10,sunday,2,0.016602722713918213,4
_E,10,sunday,3,0.016411626618666523,4
_E,10,sunday,4,0.016705288794018804,4
_E,10,sunday,5,0.016536313086495783,4
_E,10,sunday,6,0.016122379868141506,4
_E,10,sunday,7,0.015807942114530047,4
_E,10,sunday,8,0.015504306079235022,4
_E,10,sunday,9,0.015229170229938983,4
_E,10,sunday,10,0.014952832289752416,4
_E,10,sunday,11,0.014851401288432996,4
_E,10,sunday,12,0.014770215218110479,4
_E,10,sunday,13,0.015188645435615954,4
_E,10,sunday,14,0.01565090468746152,4
_E,10,sunday,15,0.016387093165652032,4
_E,10,sunday,16,0.01718106095216797,4
_E,10,sunday,17,0.01833648524423652,4
_E,10,sunday,18,0.01893577143441918,4
_E,10,sunday,19,0.01964267433291332,4
_E,10,sunday,20,0.019956288045303656,4
_E,10,sunday,21,0.02037644923425953,4
_E,10,sunday,22,0.02068622703600389,4
_E,10,sunday,23,0.02133408011828949,4
_E,10,sunday,24,0.021630076146790335,4
_E,10,sunday,25,0.021988540822358953,4
_E,10,sunday,26,0.022390610300721748,4
_E,10,sunday,27,0.02264846957442125,4
_E,10,sunday,28,0.02276168011376704,4
_E,10,sunday,29,0.022852334826665262,4
_E,10,sunday,30,0.022743600232083355,4
_E,10,sunday,31,0.022771317267636485,4
_E,10,sunday,32,0.022959351777296615,4
_E,10,sunday,33,0.023562732932940138,4
_E,10,sunday,34,0.024412468108062146,4
_E,10,sunday,35,0.02547257169614211,4
_E,10,sunday,36,0.02614360441472287,4
_E,10,sunday,37,0.02661258786210009,4
_E,10,sunday,38,0.026691823499235448,4
_E,10,sunday,39,0.02609653900899643,4
_E,10,sunday,40,0.02512132978595439,4
_E,10,sunday,41,0.02421601456879546,4
_E,10,sunday,42,0.02336950778371509,4
_E,10,sunday,43,0.022405484919329373,4
_E,10,sunday,44,0.021511249688230517,4
_E,10,sunday,45,0.02032562289970242,4
_E,10,sunday,46,0.019317688830648223,4
_E,10,sunday,47,0.018061246482076482,4
_E,10,sunday,48,0.017399967781395593,4
_E,10,sunday,49,0.0164597010951803,1
_E,10,sunday,50,0.01596731200423322,1
_E,10,weekday,1,0.01633463675379691,23
_E,10,weekday,2,0.016329478188113655,23
_E,10,weekday,3,0.016151680484475503,23
_E,10,weekday,4,0.01624520794521464,23
_E,10,weekday,5,0.016084060655272767,23
_E,10,weekday,6,0.01573763041950026,23
_E,10,weekday,7,0.01544143935778519,23
_E,10,weekday,8,0.015193478464758181,23
_E,10,weekday,9,0.01510144684134007,23
_E,10,weekday,10,0.015047730565475684,23
_E,10,weekday,11,0.015383139750920228,23
_E,10,weekday,12,0.016052697805424124,23
_E,10,weekday,13,0.01802393568445985,23
_E,10,weekday,14,0.019772879468993906,23
_E,10,weekday,15,0.02168795778999527,23
_E,10,weekday,16,0.022700240892538772,23
_E,10,weekday,17,0.023538325864099097,23
_E,10,weekday,18,0.023720261761523743,23
_E,10,weekday,19,0.024125929251857768,23
_E,10,weekday,20,0.023985637174934894,23
_E,10,weekday,21,0.023720954567099783,23
_E,10,weekday,22,0.023606492864855787,23
_E,10,weekday,23,0.02335751719076884,23
_E,10,weekday,24,0.023190833836165242,23
_E,10,weekday,25,0.02305321311136055,23
_E,10,weekday,26,0.022961034780212802,23
_E,10,weekday,27,0.022708483621617922,23
_E,10,weekday,28,0.022608832095806056,23
_E,10,weekday,29,0.02244323895551603,23
_E,10,weekday,30,0.02248029427713469,23
_E,10,weekday,31,0.022486655374039242,23
_E,10,weekday,32,0.022974339789254006,23
_E,10,weekday,33,0.02337845155405137,23
_E,10,weekday,34,0.024022799590417244,23
_E,10,weekday,35,0.024795771821063618,23
_E,10,weekday,36,0.025112530431598577,23
_E,10,weekday,37,0.02520812622654287,23
_E,10,weekday,38,0.025195819264833066,23
_E,10,weekday,39,0.024998564727578828,23
_E,10,weekday,40,0.02431094933072254,23
_E,10,weekday,41,0.0235156756650707,23
_E,10,weekday,42,0.022746107853831906,23
_E,10,weekday,43,0.021749972213894974,23
_E,10,weekday,44,0.020717551093946664,23
_E,10,weekday,45,0.01955139198412387,23
_E,10,weekday,46,0.018444547326422905,23
_E,10,weekday,47,0.01731691674256263,23
_E,10,weekday,48,0.01668513858902678,23
_E,11,saturday,1,0.018158938028151,5
_E,11,saturday,2,0.01872526855727214,5
_E,11,saturday,3,0.018523369961822557,5
_E,11,saturday,4,0.01796186518921411,5
_E,11,saturday,5,0.017535295347516622,5
_E,11,saturday,6,0.01706828043171833,5
_E,11,saturday,7,0.016771343057877367,5
_E,11,saturday,8,0.0163036792420024,5
_E,11,saturday,9,0.015963638806937828,5
_E,11,saturday,10,0.015680271364423445,5
_E,11,saturday,11,0.01576711232300648,5
_E,11,saturday,12,0.015776558577101748,5
_E,11,saturday,13,0.016732927995832807,5
_E,11,saturday,14,0.01746352334448397,5
_E,11,saturday,15,0.01848334691202124,5
_E,11,saturday,16,0.019237985053598722,5
_E,11,saturday,17,0.020395865540012215,5
_E,11,saturday,18,0.02126961959094733,5
_E,11,saturday,19,0.022075600497757086,5
_E,11,saturday,20,0.022254887275117187,5
_E,11,saturday,21,0.022277672134161913,5
_E,11,saturday,22,0.02222854700764719,5
_E,11,saturday,23,0.022175137505396507,5
_E,11,saturday,24,0.02222894345456296,5
_E,11,saturday,25,0.02240814121750915,5
_E,11,saturday,26,0.02229086755957632,5
_E,11,saturday,27,0.022247551863445087,5
_E,11,saturday,28,0.022236478337528686,5
_E,11,saturday,29,0.022417658773951816,5
_E,11,saturday,30,0.022818988121925073,5
_E,11,saturday,31,0.02313279408688127,5
_E,11,saturday,32,0.02367666874649918,5
_E,11,saturday,33,0.024583799571017813,5
_E,11,saturday,34,0.025878523439358127,5
_E,11,saturday,35,0.02659184351483162,5
_E,11,saturday,36,0.0265780899327623,5
_E,11,saturday,37,0.026249887267062184,5
_E,11,saturday,38,0.02545951282186639,5
_E,11,saturday,39,0.024649727838791827,5
_E,11,saturday,40,0.024015609121011132,5
_E,11,saturday,41,0.023324204356781203,5
_E,11,saturday,42,0.0225977439514382,5
_E,11,saturday,43,0.021722657762795132,5
_E,11,saturday,44,0.02092935658103158,5
_E,11,saturday,45,0.02008227313085153,5
_E,11,saturday,46,0.019194301311517687,5
_E,11,saturday,47,0.018274969370949207,5
_E,11,saturday,48,0.01757867412203435,5
_E,11,sunday,1,0.01760854174696856,5
_E,11,sunday,2,0.0182545909729824,5
_E,11,sunday,3,0.018062211617944385,5
_E,11,sunday,4,0.01744995033520052,5
_E,11,sunday,5,0.017112109601513114,5
_E,11,sunday,6,0.016680980449711304,5
_E,11,sunday,7,0.01628265746330158,5
_E,11,sunday,8,0.01589087263664075,5
_E,11,sunday,9,0.01563725940714463,5
_E,11,sunday,10,0.015466049698461862,5
_E,11,sunday,11,0.015397888999384357,5
_E,11,sunday,12,0.01533485804024783,5
_E,11,sunday,13,0.015953928227280742,5
_E,11,sunday,14,0.01644827388340345,5
_E,11,sunday,15,0.017245875456806697,5
_E,11,sunday,16,0.017826242578552014,5
_E,11,sunday,17,0.018890821347713332,5
_E,11,sunday,18,0.01972330819285284,5
_E,11,sunday,19,0.02033997512878874,5
_E,11,sunday,20,0.020568522116097485,5
_E,11,sunday,21,0.020776982833317286,5
_E,11,sunday,22,0.02092978680412271,5
_E,11,sunday,23,0.02125205255009715,5
_E,11,sunday,24,0.02149915741904689,5
_E,11,sunday,25,0.022036688382077143,5
_E,11,sunday,26,0.02258467485593485,5
_E,11,sunday,27,0.022679382472729027,5
_E,11,sunday,28,0.022704849875122595,5
_E,11,sunday,29,0.022859233163546527,5
_E,11,sunday,30,0.02335428635950504,5
_E,11,sunday,31,0.024251083350335826,5
_E,11,sunday,32,0.025144887498414387,5
_E,11,sunday,33,0.026429373595314155,5
_E,11,sunday,34,0.027567727015169408,5
_E,11,sunday,35,0.028253253412594676,5
_E,11,sunday,36,0.028216754684459482,5
_E,11,sunday,37,0.02757383914714131,5
_E,11,sunday,38,0.02688530007643148,5
_E,11,sunday,39,0.02630598551539668,5
_E,11,sunday,40,0.02536656833581592,5
_E,11,sunday,41,0.02446778470507497,5
_E,11,sunday,42,0.023747635560922777,5
_E,11,sunday,43,0.02254527955737838,5
_E,11,sunday,44,0.021422007372705144,5
_E,11,sunday,45,0.02030607777912823,5
_E,11,sunday,46,0.019122303783679545,5
_E,11,sunday,47,0.018076163307119215,5
_E,11,sunday,48,0.017465962686422632,5
_E,11,weekday,1,0.01605910361801419,20
_E,11,weekday,2,0.016726961310517277,20
_E,11,weekday,3,0.016562340422919264,20
_E,11,weekday,4,0.01617151526911319,20
_E,11,weekday,5,0.015920023243062877,20
_E,11,weekday,6,0.015660645158670168,20
_E,11,weekday,7,0.015333416931089564,20
_E,11,weekday,8,0.015047032808543285,20
_E,11,weekday,9,0.014907904633874933,20
_E,11,weekday,10,0.014834820105053558,20
_E,11,weekday,11,0.015150656710373873,20
_E,11,weekday,12,0.0158058599107901,20
_E,11,weekday,13,0.017631495649385247,20
_E,11,weekday,14,0.019467715594233187,20
_E,11,weekday,15,0.021422933966131083,20
_E,11,weekday,16,0.022329809409020525,20
_E,11,weekday,17,0.0230857120663119,20
_E,11,weekday,18,0.02331368180114057,20
_E,11,weekday,19,0.023568432022702448,20
_E,11,weekday,20,0.02336219665976845,20
_E,11,weekday,21,0.02306851963724984,20
_E,11,weekday,22,0.02306018071680236,20
_E,11,weekday,23,0.023049828093125578,20
_E,11,weekday,24,0.023112428648831434,20
_E,11,weekday,25,0.023289947436509535,20
_E,11,weekday,26,0.023369281658367276,20
_E,11,weekday,27,0.023248242911186053,20
_E,11,weekday,28,0.023222976724384718,20
_E,11,weekday,29,0.023152786590543473,20
_E,11,weekday,30,0.02317108164900327,20
_E,11,weekday,31,0.023357331509212396,20
_E,11,weekday,32,0.02406275064005855,20
_E,11,weekday,33,0.024751049377215756,20
_E,11,weekday,34,0.025611408525143757,20
_E,11,weekday,35,0.026010826131002408,20
_E,11,weekday,36,0.025986069766348246,20
_E,11,weekday,37,0.02566405565289927,20
_E,11,weekday,38,0.02520137412211008,20
_E,11,weekday,39,0.024722670082466598,20
_E,11,weekday,40,0.023914729909142292,20
_E,11,weekday,41,0.022997120806335137,20
_E,11,weekday,42,0.022239728591870032,20
_E,11,weekday,43,0.021243410526643535,20
_E,11,weekday,44,0.020054533703401014,20
_E,11,weekday,45,0.018984169141003076,20
_E,11,weekday,46,0.01788331346505459,20
_E,11,weekday,47,0.01692226939372721,20
_E,11,weekday,48,0.01628565729964682,20
_E,12,saturday,1,0.018108839757088775,4
_E,12,saturday,2,0.018805593724127483,4
_E,12,saturday,3,0.018773874118725435,4
_E,12,saturday,4,0.01822999305489711,4
_E,12,saturday,5,0.017936264877091157,4
_E,12,saturday,6,0.017423542009933537,4
_E,12,saturday,7,0.016955358041413588,4
_E,12,saturday,8,0.016476053345000692,4
_E,12,saturday,9,0.0161647526866277,4
_E,12,saturday,10,0.015876981389699667,4
_E,12,saturday,11,0.01584261320877365,4
_E,12,saturday,12,0.015830830413290375,4
_E,12,saturday,13,0.016642456204067832,4
_E,12,saturday,14,0.01741588849521266,4
_E,12,saturday,15,0.018336786273972804,4
_E,12,saturday,16,0.019105482974313574,4
_E,12,saturday,17,0.020309877399543475,4
_E,12,saturday,18,0.021357797473256446,4
_E,12,saturday,19,0.022080584956560796,4
_E,12,saturday,20,0.02230643100334682,4
_E,12,saturday,21,0.022418589405650207,4
_E,12,saturday,22,0.022400603521662923,4
_E,12,saturday,23,0.022348994067441667,4
_E,12,saturday,24,0.022273849998504715,4
_E,12,saturday,25,0.02230089456011974,4
_E,12,saturday,26,0.02232631108695793,4
_E,12,saturday,27,0.02235250961153005,4
_E,12,saturday,28,0.022347042420846577,4
_E,12,saturday,29,0.022520812107500805,4
_E,12,saturday,30,0.022936930139701973,4
_E,12,saturday,31,0.023330541823084333,4
_E,12,saturday,32,0.02393498859489434,4
_E,12,saturday,33,0.025027299992056832,4
_E,12,saturday,34,0.025898603850758563,4
_E,12,saturday,35,0.026411953915668515,4
_E,12,saturday,36,0.026274360724809733,4
_E,12,saturday,37,0.02592852651388295,4
_E,12,saturday,38,0.02526373089729816,4
_E,12,saturday,39,0.02448931899364256,4
_E,12,saturday,40,0.023769193294806576,4
_E,12,saturday,41,0.02306216802009623,4
_E,12,saturday,42,0.022384195866900415,4
_E,12,saturday,43,0.02155359528522668,4
_E,12,saturday,44,0.020689521281298306,4
_E,12,saturday,45,0.019727861574524528,4
_E,12,saturday,46,0.018824554456411957,4
_E,12,saturday,47,0.017905444713626383,4
_E,12,saturday,48,0.017317601874152787,4
_E,12,sunday,1,0.01746752100531226,4
_E,12,sunday,2,0.01829938160039511,4
_E,12,sunday,3,0.018059504528184927,4
_E,12,sunday,4,0.017564868030215494,4
_E,12,sunday,5,0.017260079868379102,4
_E,12,sunday,6,0.016788228875070765,4
_E,12,sunday,7,0.016288151623596956,4
_E,12,sunday,8,0.015803922068361613,4
_E,12,sunday,9,0.015542707713415826,4
_E,12,sunday,10,0.015226514641493952,4
_E,12,sunday,11,0.015079387184006289,4
_E,12,sunday,12,0.01495843162221195,4
_E,12,sunday,13,0.015526788226954955,4
_E,12,sunday,14,0.015957940469548296,4
_E,12,sunday,15,0.01675745322712079,4
_E,12,sunday,16,0.01737597869753488,4
_E,12,sunday,17,0.018517169632895757,4
_E,12,sunday,18,0.019580069466522087,4
_E,12,sunday,19,0.020894159352027524,4
_E,12,sunday,20,0.021567913866936184,4
_E,12,sunday,21,0.02227619831098573,4
_E,12,sunday,22,0.02268930245465555,4
_E,12,sunday,23,0.023213875266761046,4
_E,12,sunday,24,0.02350636054369211,4
_E,12,sunday,25,0.02395812793629685,4
_E,12,sunday,26,0.02437685410595293,4
_E,12,sunday,27,0.02442453870037401,4
_E,12,sunday,28,0.02432906665837955,4
_E,12,sunday,29,0.024247009967852933,4
_E,12,sunday,30,0.02429932915103008,4
_E,12,sunday,31,0.02457597886890871,4
_E,12,sunday,32,0.025199541539388283,4
_E,12,sunday,33,0.02613147061162825,4
_E,12,sunday,34,0.026837381460576442,4
_E,12,sunday,35,0.02701572812999142,4
_E,12,sunday,36,0.02679933131278365,4
_E,12,sunday,37,0.02623616955991523,4
_E,12,sunday,38,0.025618326178964267,4
_E,12,sunday,39,0.02489714074943698,4
_E,12,sunday,40,0.023969253154576518,4
_E,12,sunday,41,0.023281357936162338,4
_E,12,sunday,42,0.022585292591304942,4
_E,12,sunday,43,0.021637605334015056,4
_E,12,sunday,44,0.02069228968972717,4
_E,12,sunday,45,0.019587066527741996,4
_E,12,sunday,46,0.018543417377552558,4
_E,12,sunday,47,0.01759866769680487,4
_E,12,sunday,48,0.01695714648435584,4
_E,12,weekday,1,0.01637770254951254,23
_E,12,weekday,2,0.0171687438589066,23
_E,12,weekday,3,0.017003870938787115,23
_E,12,weekday,4,0.016590813498772613,23
_E,12,weekday,5,0.01629119095254348,23
_E,12,weekday,6,0.015925468112366604,23
_E,12,weekday,7,0.01555321146217025,23
_E,12,weekday,8,0.015208923180855994,23
_E,12,weekday,9,0.015041912049488976,23
_E,12,weekday,10,0.014912240341130952,23
_E,12,weekday,11,0.015085300345972682,23
_E,12,weekday,12,0.015574993312058485,23
_E,12,weekday,13,0.017164236765688557,23
_E,12,weekday,14,0.01861665049709186,23
_E,12,weekday,15,0.020284988273458787,23
_E,12,weekday,16,0.02135372483573684,23
_E,12,weekday,17,0.02229517615580163,23
_E,12,weekday,18,0.022877983004267764,23
_E,12,weekday,19,0.023554472392918538,23
_E,12,weekday,20,0.023699949884272795,23
_E,12,weekday,21,0.023609997191641096,23
_E,12,weekday,22,0.02355479853618397,23
_E,12,weekday,23,0.023435817263528898,23
_E,12,weekday,24,0.023348938652492542,23
_E,12,weekday,25,0.02344098970454261,23
_E,12,weekday,26,0.023484356134808395,23
_E,12,weekday,27,0.02343814211503164,23
_E,12,weekday,28,0.02343819539262388,23
_E,12,weekday,29,0.023439960182851934,23
_E,12,weekday,30,0.023510344738549342,23
_E,12,weekday,31,0.023672940177544906,23
_E,12,weekday,32,0.024300807032612753,23
_E,12,weekday,33,0.024970420076191942,23
_E,12,weekday,34,0.02560850925962228,23
_E,12,weekday,35,0.02582849843022487,23
_E,12,weekday,36,0.025693099350632156,23
_E,12,weekday,37,0.025294759558817933,23
_E,12,weekday,38,0.024726433433493518,23
_E,12,weekday,39,0.02422713284562181,23
_E,12,weekday,40,0.02351166963208736,23
_E,12,weekday,41,0.022787969672571608,23
_E,12,weekday,42,0.02201117693644562,23
_E,12,weekday,43,0.021091594943270068,23
_E,12,weekday,44,0.020192369890375098,23
_E,12,weekday,45,0.01912455247463905,23
_E,12,weekday,46,0.018081873582049275,23
_E,12,weekday,47,0.017100175046633193,23
_E,12,weekday,48,0.016492925333109195,23
_F,1,saturday,1,0.017222645430442763,9
_F,1,saturday,2,0.017012496137183156,9
_F,1,saturday,3,0.01656724761416773,9
_F,1,saturday,4,0.016478828273217866,9
_F,1,saturday,5,0.016090877159880772,9
_F,1,saturday,6,0.015872759385848704,9
_F,1,saturday,7,0.015441085821245808,9
_F,1,saturday,8,0.015344332484628555,9
_F,1,saturday,9,0.015060007812369559,9
_F,1,saturday,10,0.014423733040227406,9
_F,1,saturday,11,0.014603824501763153,9
_F,1,saturday,12,0.015062211196556295,9
_F,1,saturday,13,0.015574555692489713,9
_F,1,saturday,14,0.016532572722183368,9
_F,1,saturday,15,0.01749870644136274,9
_F,1,saturday,16,0.018548481871397474,9
_F,1,saturday,17,0.01996523472384018,9
_F,1,saturday,18,0.021121880880800692,9
_F,1,saturday,19,0.02253312209420993,9
_F,1,saturday,20,0.022878608603531542,9
_F,1,saturday,21,0.0232658793576537,9
_F,1,saturday,22,0.02348121999668592,9
_F,1,saturday,23,0.023412338247427864,9
_F,1,saturday,24,0.02325178441436367,9
_F,1,saturday,25,0.02325636618773581,9
_F,1,saturday,26,0.02319854189903027,9
_F,1,saturday,27,0.023115667158777987,9
_F,1,saturday,28,0.023027154536338225,9
_F,1,saturday,29,0.023101827423203478,9
_F,1,saturday,30,0.02395323749114491,9
_F,1,saturday,31,0.024429036313838307,9
_F,1,saturday,32,0.025022529794658223,9
_F,1,saturday,33,0.025877253215326287,9
_F,1,saturday,34,0.026029562130019,9
_F,1,saturday,35,0.027010274592930164,9
_F,1,saturday,36,0.026691432255841887,9
_F,1,saturday,37,0.026489500478359296,9
_F,1,saturday,38,0.026783899099991272,9
_F,1,saturday,39,0.025928460232795707,9
_F,1,saturday,40,0.025070584298699006,9
_F,1,saturday,41,0.024169630013369706,9
_F,1,saturday,42,0.023234971390416387,9
_F,1,saturday,43,0.021962284880803318,9
_F,1,saturday,44,0.02120794270998788,9
_F,1,saturday,45,0.020170369928113926,9
_F,1,saturday,46,0.01887291110513694,9
_F,1,saturday,47,0.01729539310767436,9
_F,1,saturday,48,0.01685673585232912,9
_F,1,sunday,1,0.01645419669058869,8
_F,1,sunday,2,0.016768003308787874,8
_F,1,sunday,3,0.01640020032779798,8
_F,1,sunday,4,0.016065777675896762,8
_F,1,sunday,5,0.015768124892572653,8
_F,1,sunday,6,0.015563796399244819,8
_F,1,sunday,7,0.015252930713092836,8
_F,1,sunday,8,0.015353887052805064,8
_F,1,sunday,9,0.014936068077122007,8
_F,1,sunday,10,0.014727986490029397,8
_F,1,sunday,11,0.014623752721633238,8
_F,1,sunday,12,0.01469409599654867,8
_F,1,sunday,13,0.015221011885546896,8
_F,1,sunday,14,0.015974067474097242,8
_F,1,sunday,15,0.01617529295009137,8
_F,1,sunday,16,0.01714632582640117,8
_F,1,sunday,17,0.018357194860772415,8
_F,1,sunday,18,0.019372902496599047,8
_F,1,sunday,19,0.021223801839258188,8
_F,1,sunday,20,0.02211858615587239,8
_F,1,sunday,21,0.023222584281640788,8
_F,1,sunday,22,0.023815412546588286,8
_F,1,sunday,23,0.024558287834725984,8
_F,1,sunday,24,0.025153773182246517,8
_F,1,sunday,25,0.025508011334974663,8
_F,1,sunday,26,0.025594318557716197,8
_F,1,sunday,27,0.025588757652484855,8
_F,1,sunday,28,0.025395524355276887,8
_F,1,sunday,29,0.025433822091477584,8
_F,1,sunday,30,0.025564286414620944,8
_F,1,sunday,31,0.025586280211371038,8
_F,1,sunday,32,0.026199968369412328,8
_F,1,sunday,33,0.026550332720818515,8
_F,1,sunday,34,0.026862818892304418,8
_F,1,sunday,35,0.027048038109976958,8
_F,1,sunday,36,0.0266634837248902,8
_F,1,sunday,37,0.026310899544002123,8
_F,1,sunday,38,0.025586951162912545,8
_F,1,sunday,39,0.02508060595612106,8
_F,1,sunday,40,0.024412751051283352,8
_F,1,sunday,41,0.02342929402982882,8
_F,1,sunday,42,0.022401794692855866,8
_F,1,sunday,43,0.021236622409079926,8
_F,1,sunday,44,0.02030339926051359,8
_F,1,sunday,45,0.018946834221252998,8
_F,1,sunday,46,0.01828000440332521,8
_F,1,sunday,47,0.016832405266015878,8
_F,1,sunday,48,0.016234733887523774,8
_F,1,weekday,1,0.015793935252658743,45
_F,1,weekday,2,0.01577989833657148,45
_F,1,weekday,3,0.01570114808957618,45
_F,1,weekday,4,0.015446494816661844,45
_F,1,weekday,5,0.015162843036841029,45
_F,1,weekday,6,0.015021837610845459,45
_F,1,weekday,7,0.014596303289378998,45
_F,1,weekday,8,0.014411608585193903,45
_F,1,weekday,9,0.014115038167420164,45
_F,1,weekday,10,0.014108715595485731,45
_F,1,weekday,11,0.014176221074255162,45
_F,1,weekday,12,0.014774721894573756,45
_F,1,weekday,13,0.01630181795462932,45
_F,1,weekday,14,0.018049116076644136,45
_F,1,weekday,15,0.02012577786453586,45
_F,1,weekday,16,0.021445379954027663,45
_F,1,weekday,17,0.02259371422365648,45
_F,1,weekday,18,0.023142412183707446,45
_F,1,weekday,19,0.023942176464688804,45
_F,1,weekday,20,0.024130067523219705,45
_F,1,weekday,21,0.024160755056971208,45
_F,1,weekday,22,0.02412251671711035,45
_F,1,weekday,23,0.024280093094740732,45
_F,1,weekday,24,0.0243627221756985,45
_F,1,weekday,25,0.02436405380503227,45
_F,1,weekday,26,0.024276052258612783,45
_F,1,weekday,27,0.024370806427127793,45
_F,1,weekday,28,0.024180650114718153,45
_F,1,weekday,29,0.02406606361129238,45
_F,1,weekday,30,0.024174763275640925,45
_F,1,weekday,31,0.02419411789809465,45
_F,1,weekday,32,0.02483543221123912,45
_F,1,weekday,33,0.025607589082562107,45
_F,1,weekday,34,0.026165735252302348,45
_F,1,weekday,35,0.026490309660040682,45
_F,1,weekday,36,0.02623205543222733,45
_F,1,weekday,37,0.025700307576930204,45
_F,1,weekday,38,0.025184599031753217,45
_F,1,weekday,39,0.02425888134076839,45
_F,1,weekday,40,0.023681845170325885,45
_F,1,weekday,41,0.02321031584684243,45
_F,1,weekday,42,0.022360625403788133,45
_F,1,weekday,43,0.021287619217011416,45
_F,1,weekday,44,0.020143511793541548,45
_F,1,weekday,45,0.01902072095918607,45
_F,1,weekday,46,0.01785966454853286,45
_F,1,weekday,47,0.01664386788158613,45
_F,1,weekday,48,0.015945097161750507,45
_F,2,saturday,1,0.017829821903772552,8
_F,2,saturday,2,0.018101127963232707,8
_F,2,saturday,3,0.01768766964061384,8
_F,2,saturday,4,0.01750947715617447,8
_F,2,saturday,5,0.017193168441459773,8
_F,2,saturday,6,0.016804664647222484,8
_F,2,saturday,7,0.01625995498211328,8
_F,2,saturday,8,0.015951355345889047,8
_F,2,saturday,9,0.015722631610647617,8
_F,2,saturday,10,0.01564806731205966,8
_F,2,saturday,11,0.015452548426912249,8
_F,2,saturday,12,0.015697011255992075,8
_F,2,saturday,13,0.016837278530160472,8
_F,2,saturday,14,0.01781364582559566,8
_F,2,saturday,15,0.019206360032741177,8
_F,2,saturday,16,0.01984804525716187,8
_F,2,saturday,17,0.02134404911437162,8
_F,2,saturday,18,0.022138014496739168,8
_F,2,saturday,19,0.023075338323899002,8
_F,2,saturday,20,0.02346878400499651,8
_F,2,saturday,21,0.023647230130883025,8
_F,2,saturday,22,0.023759991667031567,8
_F,2,saturday,23,0.02344934957791634,8
_F,2,saturday,24,0.02366531455534393,8
_F,2,saturday,25,0.023438205029987932,8
_F,2,saturday,26,0.022974910313825626,8
_F,2,saturday,27,0.02291057631137328,8
_F,2,saturday,28,0.022857241628393272,8
_F,2,saturday,29,0.022472980303453467,8
_F,2,saturday,30,0.022707510353034602,8
_F,2,saturday,31,0.02302611608583228,8
_F,2,saturday,32,0.023413148481160585,8
_F,2,saturday,33,0.02389388334036842,8
_F,2,saturday,34,0.024761475018483903,8
_F,2,saturday,35,0.025853637139370545,8
_F,2,saturday,36,0.025793345913702397,8
_F,2,saturday,37,0.025706517681050846,8
_F,2,saturday,38,0.02550514069086201,8
_F,2,saturday,39,0.024740834446054318,8
_F,2,saturday,40,0.024399805879340253,8
_F,2,saturday,41,0.023570268869383657,8
_F,2,saturday,42,0.0225970200597458,8
_F,2,saturday,43,0.021439360848206752,8
_F,2,saturday,44,0.020188757387470148,8
_F,2,saturday,45,0.01896678633150837,8
_F,2,saturday,46,0.01760345881986819,8
_F,2,saturday,47,0.016906619011203997,8
_F,2,saturday,48,0.01616149985338923,8
_F,2,sunday,1,0.017484073248912692,8
_F,2,sunday,2,0.017415685703298853,8
_F,2,sunday,3,0.017412420065716774,8
_F,2,sunday,4,0.016759670968087392,8
_F,2,sunday,5,0.016486989268964844,8
_F,2,sunday,6,0.016072974591464746,8
_F,2,sunday,7,0.01570553125702187,8
_F,2,sunday,8,0.015418188240300664,8
_F,2,sunday,9,0.015185557610107293,8
_F,2,sunday,10,0.01504496705285778,8
_F,2,sunday,11,0.015083967731029432,8
_F,2,sunday,12,0.01548227568198238,8
_F,2,sunday,13,0.015895168174692338,8
_F,2,sunday,14,0.016207226214023356,8
_F,2,sunday,15,0.016859241588250938,8
_F,2,sunday,16,0.01745325046092657,8
_F,2,sunday,17,0.018614264752539893,8
_F,2,sunday,18,0.019656773521286024,8
_F,2,sunday,19,0.021086500113693455,8
_F,2,sunday,20,0.021642274981646614,8
_F,2,sunday,21,0.022426140177364988,8
_F,2,sunday,22,0.022992408178080057,8
_F,2,sunday,23,0.023757589469707435,8
_F,2,sunday,24,0.02390659180428588,8
_F,2,sunday,25,0.0245690920760623,8
_F,2,sunday,26,0.024440438924758053,8
_F,2,sunday,27,0.024654165661709308,8
_F,2,sunday,28,0.02457075688354665,8
_F,2,sunday,29,0.02431196911594716,8
_F,2,sunday,30,0.024538625508711994,8
_F,2,sunday,31,0.02449397346199447,8
_F,2,sunday,32,0.025089398644386918,8
_F,2,sunday,33,0.025433348471686417,8
_F,2,sunday,34,0.026127579322624234,8
_F,2,sunday,35,0.026965238942136895,8
_F,2,sunday,36,0.027179979645648684,8
_F,2,sunday,37,0.026861772814634883,8
_F,2,sunday,38,0.026396652267440073,8
_F,2,sunday,39,0.02534321973779542,8
_F,2,sunday,40,0.024753480994654426,8
_F,2,sunday,41,0.023781734822463624,8
_F,2,sunday,42,0.023016143108775235,8
_F,2,sunday,43,0.02185901894911675,8
_F,2,sunday,44,0.020889346468854028,8
_F,2,sunday,45,0.01961707140353221,8
_F,2,sunday,46,0.018418102381533442,8
_F,2,sunday,47,0.016261113452334428,8
_F,2,sunday,48,0.016378046083410123,8
_F,2,weekday,1,0.01634246835695124,40
_F,2,weekday,2,0.016412088584258324,40
_F,2,weekday,3,0.016128898497989225,40
_F,2,weekday,4,0.01581501059645798,40
_F,2,weekday,5,0.015495988804084999,40
_F,2,weekday,6,0.015277133614902808,40
_F,2,weekday,7,0.014908277198253207,40
_F,2,weekday,8,0.014777044176378446,40
_F,2,weekday,9,0.014254803435941122,40
_F,2,weekday,10,0.014404774898015369,40
_F,2,weekday,11,0.014437118225224987,40
_F,2,weekday,12,0.015267986937028646,40
_F,2,weekday,13,0.0168593255241383,40
_F,2,weekday,14,0.018485845693322345,40
_F,2,weekday,15,0.020296673169728816,40
_F,2,weekday,16,0.021404701056269286,40
_F,2,weekday,17,0.023028800389010527,40
_F,2,weekday,18,0.023445291850670937,40
_F,2,weekday,19,0.02397806520069657,40
_F,2,weekday,20,0.023885276655497126,40
_F,2,weekday,21,0.02393123585625493,40
_F,2,weekday,22,0.02382195691797282,40
_F,2,weekday,23,0.023734967496726152,40
_F,2,weekday,24,0.02371138014930488,40
_F,2,weekday,25,0.02367535300736078,40
_F,2,weekday,26,0.02340164576602847,40
_F,2,weekday,27,0.023582703723166197,40
_F,2,weekday,28,0.02349127741741462,40
_F,2,weekday,29,0.023285320350455628,40
_F,2,weekday,30,0.023331115073808573,40
_F,2,weekday,31,0.02330029313055579,40
_F,2,weekday,32,0.023972393762645962,40
_F,2,weekday,33,0.024692551825314456,40
_F,2,weekday,34,0.025302309610237335,40
_F,2,weekday,35,0.025988110417048786,40
_F,2,weekday,36,0.026195820109474244,40
_F,2,weekday,37,0.026093138479414198,40
_F,2,weekday,38,0.02563516691929385,40
_F,2,weekday,39,0.024855521851643546,40
_F,2,weekday,40,0.024390366549949458,40
_F,2,weekday,41,0.023462190939976733,40
_F,2,weekday,42,0.022705205376373397,40
_F,2,weekday,43,0.021418017153465793,40
_F,2,weekday,44,0.020445734319370922,40
_F,2,weekday,45,0.01923771635242081,40
_F,2,weekday,46,0.018138622893292135,40
_F,2,weekday,47,0.016929525986085815,40
_F,2,weekday,48,0.016364785700123462,40
_F,3,saturday,1,0.019603058386919038,9
_F,3,saturday,2,0.01959363812416293,9
_F,3,saturday,3,0.019455905402728645,9
_F,3,saturday,4,0.019259608442968288,9
_F,3,saturday,5,0.018686576921387296,9
_F,3,saturday,6,0.018029493845723873,9
_F,3,saturday,7,0.017444934366932983,9
_F,3,saturday,8,0.017294698119600195,9
_F,3,saturday,9,0.01706818051517751,9
_F,3,saturday,10,0.017178316451944054,9
_F,3,saturday,11,0.016900789624722787,9
_F,3,saturday,12,0.016778769854876318,9
_F,3,saturday,13,0.017713429982284017,9
_F,3,saturday,14,0.018513291022618276,9
_F,3,saturday,15,0.019589818543604722,9
_F,3,saturday,16,0.020659449963748036,9
_F,3,saturday,17,0.02162860864302302,9
_F,3,saturday,18,0.022382000123951144,9
_F,3,saturday,19,0.022530832745337074,9
_F,3,saturday,20,0.022356897255967838,9
_F,3,saturday,21,0.021196901752102242,9
_F,3,saturday,22,0.020525961020754713,9
_F,3,saturday,23,0.020143430390594005,9
_F,3,saturday,24,0.01994422916068705,9
_F,3,saturday,25,0.01980133068471869,9
_F,3,saturday,26,0.01975010795182484,9
_F,3,saturday,27,0.019803743396572444,9
_F,3,saturday,28,0.01993068694246692,9
_F,3,saturday,29,0.01986530740863122,9
_F,3,saturday,30,0.019936211010633347,9
_F,3,saturday,31,0.020463547010374103,9
_F,3,saturday,32,0.021340158361560942,9
_F,3,saturday,33,0.021854882381116436,9
_F,3,saturday,34,0.023392340844818452,9
_F,3,saturday,35,0.02489750216185967,9
_F,3,saturday,36,0.02532565259456511,9
_F,3,saturday,37,0.02660212781172768,9
_F,3,saturday,38,0.026491842448591083,9
_F,3,saturday,39,0.02606240170486584,9
_F,3,saturday,40,0.02550271650843934,9
_F,3,saturday,41,0.024950551162315187,9
_F,3,saturday,42,0.024207658189011157,9
_F,3,saturday,43,0.023372616011185805,9
_F,3,saturday,44,0.022542025406941477,9
_F,3,saturday,45,0.021284189159470997,9
_F,3,saturday,46,0.020394198806439265,9
_F,3,saturday,47,0.019238171384175703,9
_F,3,saturday,48,0.01851120999587824,9
_F,3,sunday,1,0.018811258860252436,10
_F,3,sunday,2,0.018704372281840322,10
_F,3,sunday,3,0.018547240255143763,10
_F,3,sunday,4,0.01806225430701122,10
_F,3,sunday,5,0.01732703951773018,10
_F,3,sunday,6,0.01717826710991492,10
_F,3,sunday,7,0.016710093835711957,10
_F,3,sunday,8,0.01660468206205025,10
_F,3,sunday,9,0.016405209303781865,10
_F,3,sunday,10,0.01631940157257538,10
_F,3,sunday,11,0.015964731777635164,10
_F,3,sunday,12,0.016201193617525544,10
_F,3,sunday,13,0.016741505289734438,10
_F,3,sunday,14,0.01690223461033309,10
_F,3,sunday,15,0.017745227646952935,10
_F,3,sunday,16,0.01878956205102439,10
_F,3,sunday,17,0.019917361286477853,10
_F,3,sunday,18,0.0204559537692938,10
_F,3,sunday,19,0.021018953648714804,10
_F,3,sunday,20,0.021311472899767397,10
_F,3,sunday,21,0.021253398748169006,10
_F,3,sunday,22,0.021225302325218548,10
_F,3,sunday,23,0.021379798421353995,10
_F,3,sunday,24,0.02147230630668156,10
_F,3,sunday,25,0.021888074426602996,10
_F,3,sunday,26,0.021655981248977406,10
_F,3,sunday,27,0.021780873532694613,10
_F,3,sunday,28,0.02170329365970433,10
_F,3,sunday,29,0.02195776138593,10
_F,3,sunday,30,0.02210735544414726,10
_F,3,sunday,31,0.022739780478059832,10
_F,3,sunday,32,0.02378452160645763,10
_F,3,sunday,33,0.02454312328413427,10
_F,3,sunday,34,0.02567713052238931,10
_F,3,sunday,35,0.02642072213131153,10
_F,3,sunday,36,0.026565331128601394,10
_F,3,sunday,37,0.02657154308664344,10
_F,3,sunday,38,0.026564789448960943,10
_F,3,sunday,39,0.026821078085659533,10
_F,3,sunday,40,0.026096237812594913,10
_F,3,sunday,41,0.02474028997114717,10
_F,3,sunday,42,0.02374015549936427,10
_F,3,sunday,43,0.02293780154687011,10
_F,3,sunday,44,0.022142604770874753,10
_F,3,sunday,45,0.02057140935462906,10
_F,3,sunday,46,0.01935996313753719,10
_F,3,sunday,47,0.0174263561584024,8
_F,3,sunday,48,0.017155000773410735,8
_F,3,weekday,1,0.017116956003478536,43
_F,3,weekday,2,0.017074394819136016,43
_F,3,weekday,3,0.016823066145517814,43
_F,3,weekday,4,0.016600830015530844,43
_F,3,weekday,5,0.016361541252602675,43
_F,3,weekday,6,0.016066221761180298,43
_F,3,weekday,7,0.015735844227588003,43
_F,3,weekday,8,0.015521453460308398,43
_F,3,weekday,9,0.015033850881252574,43
_F,3,weekday,10,0.01529345191403577,43
_F,3,weekday,11,0.015268592849943424,43
_F,3,weekday,12,0.01589079253765261,43
_F,3,weekday,13,0.017382807948446478,43
_F,3,weekday,14,0.01863332421366982,43
_F,3,weekday,15,0.021415583327730813,43
_F,3,weekday,16,0.022236862212848003,43
_F,3,weekday,17,0.023510672945112113,43
_F,3,weekday,18,0.023619482165943232,43
_F,3,weekday,19,0.02360667410094887,43
_F,3,weekday,20,0.023292121214929958,43
_F,3,weekday,21,0.022670524918465364,43
_F,3,weekday,22,0.022351721701929495,43
_F,3,weekday,23,0.022182818348358287,43
_F,3,weekday,24,0.022110918828821078,43
_F,3,weekday,25,0.02212329207460312,43
_F,3,weekday,26,0.021769998649793346,43
_F,3,weekday,27,0.021844236708419812,43
_F,3,weekday,28,0.02168867709068407,43
_F,3,weekday,29,0.021613016690842188,43
_F,3,weekday,30,0.021706049273061377,43
_F,3,weekday,31,0.02188599918719271,43
_F,3,weekday,32,0.022897381323270818,43
_F,3,weekday,33,0.023546825427566736,43
_F,3,weekday,34,0.024366477267338014,43
_F,3,weekday,35,0.02498736040027555,43
_F,3,weekday,36,0.025078040301543453,43
_F,3,weekday,37,0.025143662751372683,43
_F,3,weekday,38,0.02559813724257897,43
_F,3,weekday,39,0.025794817245096757,43
_F,3,weekday,40,0.025631596012677862,43
_F,3,weekday,41,0.024991693803957014,43
_F,3,weekday,42,0.024395852735529664,43
_F,3,weekday,43,0.023091563396122138,43
_F,3,weekday,44,0.021696487888824573,43
_F,3,weekday,45,0.020334979238101836,43
_F,3,weekday,46,0.019177680109453258,43
_F,3,weekday,47,0.017871259872191382,43
_F,3,weekday,48,0.016964407514072213,43
_F,4,saturday,1,0.019518553682968842,8
_F,4,saturday,2,0.019436605250704002,8
_F,4,saturday,3,0.01956192406461937,8
_F,4,saturday,4,0.019329386268557753,8
_F,4,saturday,5,0.018757241690312777,8
_F,4,saturday,6,0.01853684266228721,8
_F,4,saturday,7,0.017971125083677618,8
_F,4,saturday,8,0.017510644964242685,8
_F,4,saturday,9,0.01724298028671579,8
_F,4,saturday,10,0.01732862542367846,8
_F,4,saturday,11,0.017139237262527467,8
_F,4,saturday,12,0.017343100016781125,8
_F,4,saturday,13,0.01826320007364228,8
_F,4,saturday,14,0.018969568802073213,8
_F,4,saturday,15,0.019775303748443555,8
_F,4,saturday,16,0.02053705560243267,8
_F,4,saturday,17,0.0225240448535411,8
_F,4,saturday,18,0.022937309204380738,8
_F,4,saturday,19,0.023080586648275475,8
_F,4,saturday,20,0.023082813884763343,8
_F,4,saturday,21,0.02329997585986373,8
_F,4,saturday,22,0.02333683197915764,8
_F,4,saturday,23,0.022318182867636822,8
_F,4,saturday,24,0.022067880980472656,8
_F,4,saturday,25,0.021608946473979703,8
_F,4,saturday,26,0.02046767422836257,8
_F,4,saturday,27,0.01910176400239408,8
_F,4,saturday,28,0.019026281404112975,8
_F,4,saturday,29,0.018066380264329242,8
_F,4,saturday,30,0.01784303928864709,8
_F,4,saturday,31,0.01840914417362169,8
_F,4,saturday,32,0.0196368065840888,8
_F,4,saturday,33,0.020877463418236313,8
_F,4,saturday,34,0.021462796109384234,8
_F,4,saturday,35,0.022611030015409733,8
_F,4,saturday,36,0.02313978901120972,8
_F,4,saturday,37,0.02397640651200516,8
_F,4,saturday,38,0.024466848504428512,8
_F,4,saturday,39,0.024630011505314298,8
_F,4,saturday,40,0.024482696513567635,8
_F,4,saturday,41,0.025126461825338755,8
_F,4,saturday,42,0.025037311907898284,8
_F,4,saturday,43,0.024190307066994637,8
_F,4,saturday,44,0.023426581611582384,8
_F,4,saturday,45,0.02223750576393214,8
_F,4,saturday,46,0.02145060101087474,8
_F,4,saturday,47,0.01981830293212599,8
_F,4,saturday,48,0.01903682871040501,8
_F,4,sunday,1,0.019452770269378188,8
_F,4,sunday,2,0.019293552172419088,8
_F,4,sunday,3,0.01960323445845815,8
_F,4,sunday,4,0.019440446073656158,8
_F,4,sunday,5,0.019349442347914574,8
_F,4,sunday,6,0.01892534725911053,8
_F,4,sunday,7,0.01814240327944472,8
_F,4,sunday,8,0.017835433952641578,8
_F,4,sunday,9,0.017241123452377185,8
_F,4,sunday,10,0.016742571555545517,8
_F,4,sunday,11,0.01651723141152894,8
_F,4,sunday,12,0.016414082295387294,8
_F,4,sunday,13,0.017264747890218226,8
_F,4,sunday,14,0.017686559804738967,8
_F,4,sunday,15,0.018568793447023606,8
_F,4,sunday,16,0.018793262707474,8
_F,4,sunday,17,0.020075734556797432,8
_F,4,sunday,18,0.020391738362493177,8
_F,4,sunday,19,0.020937442120691818,8
_F,4,sunday,20,0.021008462830143248,8
_F,4,sunday,21,0.020578707933138846,8
_F,4,sunday,22,0.02034005071759045,8
_F,4,sunday,23,0.020529826856703248,8
_F,4,sunday,24,0.01988639408011499,8
_F,4,sunday,25,0.020789075515698998,8
_F,4,sunday,26,0.020604623399874712,8
_F,4,sunday,27,0.020335894392600393,8
_F,4,sunday,28,0.01941807448056565,8
_F,4,sunday,29,0.018563900154764765,8
_F,4,sunday,30,0.018498059712314493,8
_F,4,sunday,31,0.018624589173534913,8
_F,4,sunday,32,0.019527011040093856,8
_F,4,sunday,33,0.02084895254338229,8
_F,4,sunday,34,0.022287230374093834,8
_F,4,sunday,35,0.023389910599477436,8
_F,4,sunday,36,0.02429390965589849,8
_F,4,sunday,37,0.02519586271800652,8
_F,4,sunday,38,0.025190296333619716,8
_F,4,sunday,39,0.025726792502096803,8
_F,4,sunday,40,0.02616836139348312,8
_F,4,sunday,41,0.0267988794431592,8
_F,4,sunday,42,0.02704601104841113,8
_F,4,sunday,43,0.026223993494211596,8
_F,4,sunday,44,0.025742466818050057,8
_F,4,sunday,45,0.024511659196905594,8
_F,4,sunday,46,0.022951332425555707,8
_F,4,sunday,47,0.021497362064651214,8
_F,4,sunday,48,0.020746391684559582,8
_F,4,weekday,1,0.018421479344161447,44
_F,4,weekday,2,0.01820726612310707,44
_F,4,weekday,3,0.018257517461921245,44
_F,4,weekday,4,0.01814343447985904,44
_F,4,weekday,5,0.01790522963481326,44
_F,4,weekday,6,0.01775665188507759,44
_F,4,weekday,7,0.017199597611075406,44
_F,4,weekday,8,0.017109473532224556,44
_F,4,weekday,9,0.01660171677443079,44
_F,4,weekday,10,0.01666627434490099,44
_F,4,weekday,11,0.016714403666229612,44
_F,4,weekday,12,0.01714497062226048,44
_F,4,weekday,13,0.018509990031827208,44
_F,4,weekday,14,0.019444838976981613,44
_F,4,weekday,15,0.021687332965028703,44
_F,4,weekday,16,0.022642438946901672,44
_F,4,weekday,17,0.02371136234877954,44
_F,4,weekday,18,0.023880366462264314,44
_F,4,weekday,19,0.024111610342911524,44
_F,4,weekday,20,0.02360061924628307,44
_F,4,weekday,21,0.023030772312653523,44
_F,4,weekday,22,0.022512051443134243,44
_F,4,weekday,23,0.021822165230130378,44
_F,4,weekday,24,0.021646175677990574,44
_F,4,weekday,25,0.02135565577511843,44
_F,4,weekday,26,0.020866907134642548,44
_F,4,weekday,27,0.020621679951300195,44
_F,4,weekday,28,0.020320284493971174,44
_F,4,weekday,29,0.02009610635923681,44
_F,4,weekday,30,0.02001780420018695,44
_F,4,weekday,31,0.019987087830008896,44
_F,4,weekday,32,0.02055772836313314,44
_F,4,weekday,33,0.02130606179034228,44
_F,4,weekday,34,0.02228044160811019,44
_F,4,weekday,35,0.022971719561517546,44
_F,4,weekday,36,0.02352110160696306,44
_F,4,weekday,37,0.023407073980091,44
_F,4,weekday,38,0.02365820470211952,44
_F,4,weekday,39,0.023647508332356106,44
_F,4,weekday,40,0.02387519061898287,44
_F,4,weekday,41,0.024205849271096865,44
_F,4,weekday,42,0.024289768551109737,44
_F,4,weekday,43,0.023784458979178455,44
_F,4,weekday,44,0.022798083611884058,44
_F,4,weekday,45,0.021448405750853803,44
_F,4,weekday,46,0.020495608880672495,44
_F,4,weekday,47,0.019230324819451694,44
_F,4,weekday,48,0.018529204362724348,44
_F,5,saturday,1,0.021575089164342247,10
_F,5,saturday,2,0.021223514584784452,10
_F,5,saturday,3,0.02118284224712382,10
_F,5,saturday,4,0.020949099944573734,10
_F,5,saturday,5,0.02026432014121615,10
_F,5,saturday,6,0.01982889320605381,10
_F,5,saturday,7,0.019331286220658498,10
_F,5,saturday,8,0.019091694268708458,10
_F,5,saturday,9,0.018624891704621085,10
_F,5,saturday,10,0.018497451678025953,10
_F,5,saturday,11,0.018009868602623977,10
_F,5,saturday,12,0.017888302459675123,10
_F,5,saturday,13,0.018623467013579243,10
_F,5,saturday,14,0.019152391848247623,10
_F,5,saturday,15,0.0203991917431968,10
_F,5,saturday,16,0.02040330370695099,10
_F,5,saturday,17,0.021208756724540746,10
_F,5,saturday,18,0.021454421731823135,10
_F,5,saturday,19,0.02199284466409034,10
_F,5,saturday,20,0.02191997614562547,10
_F,5,saturday,21,0.02156089302538109,10
_F,5,saturday,22,0.02145575193482363,10
_F,5,saturday,23,0.0205453049729011,10
_F,5,saturday,24,0.0202821571418808,10
_F,5,saturday,25,0.019383609651139673,10
_F,5,saturday,26,0.018947002462845454,10
_F,5,saturday,27,0.018420594578213493,10
_F,5,saturday,28,0.017970686241224394,10
_F,5,saturday,29,0.01744710666148535,10
_F,5,saturday,30,0.017614110772519596,10
_F,5,saturday,31,0.017940182488967713,10
_F,5,saturday,32,0.018567737876271202,10
_F,5,saturday,33,0.019726060544837644,10
_F,5,saturday,34,0.02076966573956575,10
_F,5,saturday,35,0.022060080634998404,10
_F,5,saturday,36,0.022944087998084683,10
_F,5,saturday,37,0.023591725089581066,10
_F,5,saturday,38,0.024159426614293135,10
_F,5,saturday,39,0.024328745785755748,10
_F,5,saturday,40,0.024656723782237825,10
_F,5,saturday,41,0.024947374118482527,10
_F,5,saturday,42,0.02455295285272907,10
_F,5,saturday,43,0.024182722031134918,10
_F,5,saturday,44,0.02410811833958551,10
_F,5,saturday,45,0.023512620661805414,10
_F,5,saturday,46,0.022824474498399982,10
_F,5,saturday,47,0.021251043757973945,10
_F,5,saturday,48,0.020627431942419245,10
_F,5,sunday,1,0.021099237172311783,9
_F,5,sunday,2,0.020588344413762092,9
_F,5,sunday,3,0.019940119238219377,9
_F,5,sunday,4,0.019665298565240033,9
_F,5,sunday,5,0.018969519704421442,9
_F,5,sunday,6,0.01887059236312693,9
_F,5,sunday,7,0.018383127263305526,9
_F,5,sunday,8,0.018263448934995194,9
_F,5,sunday,9,0.017745190709360537,9
_F,5,sunday,10,0.017014947852085356,9
_F,5,sunday,11,0.016683551320396336,9
_F,5,sunday,12,0.016669317108837862,9
_F,5,sunday,13,0.01699833697527884,9
_F,5,sunday,14,0.017079669701738066,9
_F,5,sunday,15,0.01786467341923059,9
_F,5,sunday,16,0.018288134002723153,9
_F,5,sunday,17,0.018841823258327884,9
_F,5,sunday,18,0.0195591567414609,9
_F,5,sunday,19,0.019894894565763377,9
_F,5,sunday,20,0.02030280396470819,9
_F,5,sunday,21,0.02068186536097346,9
_F,5,sunday,22,0.020662633600785223,9
_F,5,sunday,23,0.02055005323909785,9
_F,5,sunday,24,0.020799731333119208,9
_F,5,sunday,25,0.020599097399799968,9
_F,5,sunday,26,0.020630458625522444,9
_F,5,sunday,27,0.020201393128431912,9
_F,5,sunday,28,0.019594303504144546,9
_F,5,sunday,29,0.019175492156902105,9
_F,5,sunday,30,0.019627419866031847,9
_F,5,sunday,31,0.019240437898419758,9
_F,5,sunday,32,0.019501786397740344,9
_F,5,sunday,33,0.020672038437098344,9
_F,5,sunday,34,0.021897559246303693,9
_F,5,sunday,35,0.023093143187628232,9
_F,5,sunday,36,0.023985800319008127,9
_F,5,sunday,37,0.024841064829276102,9
_F,5,sunday,38,0.025432693791689488,9
_F,5,sunday,39,0.025291697234643508,9
_F,5,sunday,40,0.025950001741420214,9
_F,5,sunday,41,0.025881452044525098,9
_F,5,sunday,42,0.02549585232831536,9
_F,5,sunday,43,0.025702246049246105,9
_F,5,sunday,44,0.02510600487353598,9
_F,5,sunday,45,0.024870476127308586,9
_F,5,sunday,46,0.02373685011351094,9
_F,5,sunday,47,0.02215985220135948,9
_F,5,sunday,48,0.02189640768886862,9
_F,5,weekday,1,0.018983107177760482,43
_F,5,weekday,2,0.018682773018712465,43
_F,5,weekday,3,0.018488559733788924,43
_F,5,weekday,4,0.018385041744941055,43
_F,5,weekday,5,0.018030136187874263,43
_F,5,weekday,6,0.01791265804275575,43
_F,5,weekday,7,0.017520096675493688,43
_F,5,weekday,8,0.01733069082858307,43
_F,5,weekday,9,0.016922243286669116,43
_F,5,weekday,10,0.016815258146634152,43
_F,5,weekday,11,0.016555650651184983,43
_F,5,weekday,12,0.016845382230727648,43
_F,5,weekday,13,0.018348913344453092,43
_F,5,weekday,14,0.019369950111866943,43
_F,5,weekday,15,0.02133932860994022,43
_F,5,weekday,16,0.022075355261114964,43
_F,5,weekday,17,0.022911598980638884,43
_F,5,weekday,18,0.02308513711219231,43
_F,5,weekday,19,0.023046142894458662,43
_F,5,weekday,20,0.02256830202651317,43
_F,5,weekday,21,0.02208631858142334,43
_F,5,weekday,22,0.02178069389276277,43
_F,5,weekday,23,0.021389243084744148,43
_F,5,weekday,24,0.021214445401924617,43
_F,5,weekday,25,0.02097205305666061,43
_F,5,weekday,26,0.02060144016722861,43
_F,5,weekday,27,0.020443790643273504,43
_F,5,weekday,28,0.02009319629589703,43
_F,5,weekday,29,0.019700222420155896,43
_F,5,weekday,30,0.019856158957296467,43
_F,5,weekday,31,0.020294679146122614,43
_F,5,weekday,32,0.020862322980382587,43
_F,5,weekday,33,0.021463442084477098,43
_F,5,weekday,34,0.02250775682038549,43
_F,5,weekday,35,0.02331976107472781,43
_F,5,weekday,36,0.023940686450228846,43
_F,5,weekday,37,0.02391212417627163,43
_F,5,weekday,38,0.023964258669073646,43
_F,5,weekday,39,0.02384932644446921,43
_F,5,weekday,40,0.023888178950418032,43
_F,5,weekday,41,0.023915135076512294,43
_F,5,weekday,42,0.02388368253535579,43
_F,5,weekday,43,0.024011992136914743,43
_F,5,weekday,44,0.023497950654965367,43
_F,5,weekday,45,0.022518875928376595,43
_F,5,weekday,46,0.021557891022651997,43
_F,5,weekday,47,0.02002024058061966,43
_F,5,weekday,48,0.019237806700375767,43
_F,6,saturday,1,0.02109940473050493,8
_F,6,saturday,2,0.02070942262163718,8
_F,6,saturday,3,0.020533026311497653,8
_F,6,saturday,4,0.020097390782148304,8
_F,6,saturday,5,0.01932437486769323,8
_F,6,saturday,6,0.019515259578364585,8
_F,6,saturday,7,0.01867851532671034,8
_F,6,saturday,8,0.017993481827526678,8
_F,6,saturday,9,0.017703755838544576,8
_F,6,saturday,10,0.017496902137461443,8
_F,6,saturday,11,0.017125699327174924,8
_F,6,saturday,12,0.017016924694455555,8
_F,6,saturday,13,0.017631430117330368,8
_F,6,saturday,14,0.018208367823538935,8
_F,6,saturday,15,0.019286975542330307,8
_F,6,saturday,16,0.019552557070459182,8
_F,6,saturday,17,0.020729708702737507,8
_F,6,saturday,18,0.020685626973478442,8
_F,6,saturday,19,0.021273175297483942,8
_F,6,saturday,20,0.020877300195444017,8
_F,6,saturday,21,0.021033847879581114,8
_F,6,saturday,22,0.021640001675009693,8
_F,6,saturday,23,0.02089550142846259,8
_F,6,saturday,24,0.02142996790613621,8
_F,6,saturday,25,0.021415755658328577,8
_F,6,saturday,26,0.021219331843007474,8
_F,6,saturday,27,0.020992378089590383,8
_F,6,saturday,28,0.02048411786763674,8
_F,6,saturday,29,0.019741847731400215,8
_F,6,saturday,30,0.019752542629740837,8
_F,6,saturday,31,0.01978136951515825,8
_F,6,saturday,32,0.0190998163279939,8
_F,6,saturday,33,0.020264330622431142,8
_F,6,saturday,34,0.021026512988612918,8
_F,6,saturday,35,0.021987468293410358,8
_F,6,saturday,36,0.022764230412597144,8
_F,6,saturday,37,0.02342086299106171,8
_F,6,saturday,38,0.023897858495655847,8
_F,6,saturday,39,0.022959085537351404,8
_F,6,saturday,40,0.023257838172124512,8
_F,6,saturday,41,0.024071727439172477,8
_F,6,saturday,42,0.023665625870117262,8
_F,6,saturday,43,0.02407104875590453,8
_F,6,saturday,44,0.02395490743712451,8
_F,6,saturday,45,0.0235671175827803,8
_F,6,saturday,46,0.02384006080704839,8
_F,6,saturday,47,0.022669817510750506,8
_F,6,saturday,48,0.021555728765288933,8
_F,6,sunday,1,0.021976407878069343,9
_F,6,sunday,2,0.0216895740336753,9
_F,6,sunday,3,0.020910802960938262,9
_F,6,sunday,4,0.0204883186264945,9
_F,6,sunday,5,0.020102152693048266,9
_F,6,sunday,6,0.019748113587801302,9
_F,6,sunday,7,0.018812682889413963,9
_F,6,sunday,8,0.018189489180431045,9
_F,6,sunday,9,0.01707507512538469,9
_F,6,sunday,10,0.016995531469261454,9
_F,6,sunday,11,0.016342447384930434,9
_F,6,sunday,12,0.016403561908622116,9
_F,6,sunday,13,0.017317772794600478,9
_F,6,sunday,14,0.01746450045839889,9
_F,6,sunday,15,0.018184016182183592,9
_F,6,sunday,16,0.018372181147195535,9
_F,6,sunday,17,0.019347257522412984,9
_F,6,sunday,18,0.01946314778387221,9
_F,6,sunday,19,0.019972576161676598,9
_F,6,sunday,20,0.01995920259534265,9
_F,6,sunday,21,0.020192828130921398,9
_F,6,sunday,22,0.02085522852438044,9
_F,6,sunday,23,0.02085605552133296,9
_F,6,sunday,24,0.020793762569179725,9
_F,6,sunday,25,0.020725507966522238,9
_F,6,sunday,26,0.020235606873617355,9
_F,6,sunday,27,0.019518330279931797,9
_F,6,sunday,28,0.019792531913458054,9
_F,6,sunday,29,0.018716449678159854,9
_F,6,sunday,30,0.018935851881374432,9
_F,6,sunday,31,0.01872881398522853,9
_F,6,sunday,32,0.019363125749245445,9
_F,6,sunday,33,0.020522478588564083,9
_F,6,sunday,34,0.020863722347424216,9
_F,6,sunday,35,0.021805179273873813,9
_F,6,sunday,36,0.023222523901487963,9
_F,6,sunday,37,0.024219362117979867,9
_F,6,sunday,38,0.025424822860360307,9
_F,6,sunday,39,0.025432262307007063,9
_F,6,sunday,40,0.02557746476639103,9
_F,6,sunday,41,0.024972915093629866,9
_F,6,sunday,42,0.02500890244344474,9
_F,6,sunday,43,0.025646119220469513,9
_F,6,sunday,44,0.025144995576279562,9
_F,6,sunday,45,0.025092599660580903,9
_F,6,sunday,46,0.024492698635510773,9
_F,6,sunday,47,0.022780766033185452,9
_F,6,sunday,48,0.022264281716704994,9
_F,6,weekday,1,0.0188772954117034,43
_F,6,weekday,2,0.01873567209729416,43
_F,6,weekday,3,0.018461217345254508,43
_F,6,weekday,4,0.018214993217107022,43
_F,6,weekday,5,0.01775066960036328,43
_F,6,weekday,6,0.017656665777798487,43
_F,6,weekday,7,0.0170991395982246,43
_F,6,weekday,8,0.01691916162974627,43
_F,6,weekday,9,0.016231211210844268,43
_F,6,weekday,10,0.01618426299546972,43
_F,6,weekday,11,0.016085377285746598,43
_F,6,weekday,12,0.016335501052018978,43
_F,6,weekday,13,0.018003979635704846,43
_F,6,weekday,14,0.01923831983798039,43
_F,6,weekday,15,0.021562077436416367,43
_F,6,weekday,16,0.022230455973155188,43
_F,6,weekday,17,0.02333605528186533,43
_F,6,weekday,18,0.023435771236261872,43
_F,6,weekday,19,0.023291868772394007,43
_F,6,weekday,20,0.022806938211889963,43
_F,6,weekday,21,0.02254051714346725,43
_F,6,weekday,22,0.022362283146913527,43
_F,6,weekday,23,0.021893618384658163,43
_F,6,weekday,24,0.021785444516638032,43
_F,6,weekday,25,0.021493258156222873,43
_F,6,weekday,26,0.02115774795117943,43
_F,6,weekday,27,0.020829728416833577,43
_F,6,weekday,28,0.020510500982086486,43
_F,6,weekday,29,0.020104967786657577,43
_F,6,weekday,30,0.020394854197635905,43
_F,6,weekday,31,0.020012062746821924,43
_F,6,weekday,32,0.02109684683261822,43
_F,6,weekday,33,0.021747695350637027,43
_F,6,weekday,34,0.022721163823828695,43
_F,6,weekday,35,0.02338966954685212,43
_F,6,weekday,36,0.023580821563970882,43
_F,6,weekday,37,0.023349770837903433,43
_F,6,weekday,38,0.023900231041965023,43
_F,6,weekday,39,0.02367939273728326,43
_F,6,weekday,40,0.023707218206457714,43
_F,6,weekday,41,0.023629276730097487,43
_F,6,weekday,42,0.02334876143588801,43
_F,6,weekday,43,0.023218742833239343,43
_F,6,weekday,44,0.022791957545099842,43
_F,6,weekday,45,0.0225583868828721,43
_F,6,weekday,46,0.022068293322433027,43
_F,6,weekday,47,0.020177897353577084,43
_F,6,weekday,48,0.019492256918922733,43
_F,7,saturday,1,0.02177534383180004,8
_F,7,saturday,2,0.021475477145534858,8
_F,7,saturday,3,0.021046298395868156,8
_F,7,saturday,4,0.02033131576500323,8
_F,7,saturday,5,0.020073478636056144,8
_F,7,saturday,6,0.01990877171147806,8
_F,7,saturday,7,0.01882004217247608,8
_F,7,saturday,8,0.01872148707882003,8
_F,7,saturday,9,0.018095160901694687,8
_F,7,saturday,10,0.017780370934222862,8
_F,7,saturday,11,0.017079812611266225,8
_F,7,saturday,12,0.017066125210606038,8
_F,7,saturday,13,0.018135126390026467,8
_F,7,saturday,14,0.01842000906515042,8
_F,7,saturday,15,0.019778708752204912,8
_F,7,saturday,16,0.019956593055769217,8
_F,7,saturday,17,0.020743935591239528,8
_F,7,saturday,18,0.020658966574978333,8
_F,7,saturday,19,0.02101939672368007,8
_F,7,saturday,20,0.021501339373072637,8
_F,7,saturday,21,0.021217497108833295,8
_F,7,saturday,22,0.021999073468615443,8
_F,7,saturday,23,0.021597123060823977,8
_F,7,saturday,24,0.021420038399383334,8
_F,7,saturday,25,0.021141452715212776,8
_F,7,saturday,26,0.020652720234331526,8
_F,7,saturday,27,0.019428493201936955,8
_F,7,saturday,28,0.019051491574555858,8
_F,7,saturday,29,0.018567989755926998,8
_F,7,saturday,30,0.01885533646642277,8
_F,7,saturday,31,0.018799413748489664,8
_F,7,saturday,32,0.018891299681853817,8
_F,7,saturday,33,0.02009463926644933,8
_F,7,saturday,34,0.021062643022979326,8
_F,7,saturday,35,0.022268211144471462,8
_F,7,saturday,36,0.022792786344925844,8
_F,7,saturday,37,0.023293548862660284,8
_F,7,saturday,38,0.02315929176490234,8
_F,7,saturday,39,0.023450139746897556,8
_F,7,saturday,40,0.02350091607349997,8
_F,7,saturday,41,0.02412406113961684,8
_F,7,saturday,42,0.02410210426324533,8
_F,7,saturday,43,0.023573124634627275,8
_F,7,saturday,44,0.02362696458988675,8
_F,7,saturday,45,0.02369294213481637,8
_F,7,saturday,46,0.02348067332942896,8
_F,7,saturday,47,0.022185341772977228,8
_F,7,saturday,48,0.021582922571280735,8
_F,7,sunday,1,0.021120245504717448,8
_F,7,sunday,2,0.021077169105111027,8
_F,7,sunday,3,0.020161775503302216,8
_F,7,sunday,4,0.019832783951017074,8
_F,7,sunday,5,0.019323374658011552,8
_F,7,sunday,6,0.018717284283914573,8
_F,7,sunday,7,0.018075367709719906,8
_F,7,sunday,8,0.017807594986854546,8
_F,7,sunday,9,0.017511366421157918,8
_F,7,sunday,10,0.017093860623590182,8
_F,7,sunday,11,0.016559666612460455,8
_F,7,sunday,12,0.016249427171752158,8
_F,7,sunday,13,0.016662168336081248,8
_F,7,sunday,14,0.017112557840228453,8
_F,7,sunday,15,0.01828292281824717,8
_F,7,sunday,16,0.01872927032480252,8
_F,7,sunday,17,0.020081737827792257,8
_F,7,sunday,18,0.02063736172277234,8
_F,7,sunday,19,0.02090257279377719,8
_F,7,sunday,20,0.02089612731908123,8
_F,7,sunday,21,0.02089800435653399,8
_F,7,sunday,22,0.021136611894729533,8
_F,7,sunday,23,0.020595597819711448,8
_F,7,sunday,24,0.020820979537674932,8
_F,7,sunday,25,0.0211905728175576,8
_F,7,sunday,26,0.02101137810288851,8
_F,7,sunday,27,0.021175385663077168,8
_F,7,sunday,28,0.020414720813975495,8
_F,7,sunday,29,0.019527574590193563,8
_F,7,sunday,30,0.019880536388225532,8
_F,7,sunday,31,0.02010903247506266,8
_F,7,sunday,32,0.020412877030518077,8
_F,7,sunday,33,0.02133636400754705,8
_F,7,sunday,34,0.021751846071623802,8
_F,7,sunday,35,0.022981866680764643,8
_F,7,sunday,36,0.023834906099268725,8
_F,7,sunday,37,0.024204688764490962,8
_F,7,sunday,38,0.0242891182668889,8
_F,7,sunday,39,0.024926538554925885,8
_F,7,sunday,40,0.024817298912062455,8
_F,7,sunday,41,0.024557427179128746,8
_F,7,sunday,42,0.02453427537858373,8
_F,7,sunday,43,0.024377026735229155,8
_F,7,sunday,44,0.024416886602309562,8
_F,7,sunday,45,0.024097253696333643,8
_F,7,sunday,46,0.023496437375145576,8
_F,7,sunday,47,0.02159141329228893,8
_F,7,sunday,48,0.02077874537886827,8
_F,7,weekday,1,0.01907793387866802,46
_F,7,weekday,2,0.01889637040574285,46
_F,7,weekday,3,0.018505827714993067,46
_F,7,weekday,4,0.018359803466092155,46
_F,7,weekday,5,0.018020351007414177,46
_F,7,weekday,6,0.01774627598508394,46
_F,7,weekday,7,0.017247917798887468,46
_F,7,weekday,8,0.016971460980127057,46
_F,7,weekday,9,0.016503437091555214,46
_F,7,weekday,10,0.016422515788680415,46
_F,7,weekday,11,0.016087267633662448,46
_F,7,weekday,12,0.01624049818860508,46
_F,7,weekday,13,0.017908296919335095,46
_F,7,weekday,14,0.018815831546689553,46
_F,7,weekday,15,0.020934791508679794,46
_F,7,weekday,16,0.02150510083934499,46
_F,7,weekday,17,0.02283226685553304,46
_F,7,weekday,18,0.02288172814626505,46
_F,7,weekday,19,0.02293461419210499,46
_F,7,weekday,20,0.02261936159238284,46
_F,7,weekday,21,0.022296470496872545,46
_F,7,weekday,22,0.02219622449791382,46
_F,7,weekday,23,0.021917067247380687,46
_F,7,weekday,24,0.021841414319824365,46
_F,7,weekday,25,0.02166799904593648,46
_F,7,weekday,26,0.021367748760376223,46
_F,7,weekday,27,0.021031669847977993,46
_F,7,weekday,28,0.02097288003885005,46
_F,7,weekday,29,0.020719182502585958,46
_F,7,weekday,30,0.020891957397674864,46
_F,7,weekday,31,0.020863709762387165,46
_F,7,weekday,32,0.02132455146326569,46
_F,7,weekday,33,0.021852447599865325,46
_F,7,weekday,34,0.0223713822735036,46
_F,7,weekday,35,0.022904037361461193,46
_F,7,weekday,36,0.023449527602821978,46
_F,7,weekday,37,0.02355476146155994,46
_F,7,weekday,38,0.02383969864705234,46
_F,7,weekday,39,0.02369594353459101,46
_F,7,weekday,40,0.02389485872677878,46
_F,7,weekday,41,0.023594884309428674,46
_F,7,weekday,42,0.02339595540080198,46
_F,7,weekday,43,0.023268159388582375,46
_F,7,weekday,44,0.02291173463676095,46
_F,7,weekday,45,0.022312418830297675,46
_F,7,weekday,46,0.021706656161869405,46
_F,7,weekday,47,0.0201233166994749,46
_F,7,weekday,48,0.019521690444256792,46
_F,8,saturday,1,0.021154573270158458,9
_F,8,saturday,2,0.020908834333803472,9
_F,8,saturday,3,0.020618718794390117,9
_F,8,saturday,4,0.02035607623413131,9
_F,8,saturday,5,0.01985398702864324,9
_F,8,saturday,6,0.019432087841282183,9
_F,8,saturday,7,0.018913632093020057,9
_F,8,saturday,8,0.0184698690589254,9
_F,8,saturday,9,0.01774369653515894,9
_F,8,saturday,10,0.017706878933316354,9
_F,8,saturday,11,0.017651835092246392,9
_F,8,saturday,12,0.017084089029228644,9
_F,8,saturday,13,0.018283386294170083,9
_F,8,saturday,14,0.01900172832094553,9
_F,8,saturday,15,0.020424382758593054,9
_F,8,saturday,16,0.02027513160508239,9
_F,8,saturday,17,0.021312644912866226,9
_F,8,saturday,18,0.02196279953755261,9
_F,8,saturday,19,0.022519813178779928,9
_F,8,saturday,20,0.02273786695064573,9
_F,8,saturday,21,0.022299724256011427,9
_F,8,saturday,22,0.022408929116205154,9
_F,8,saturday,23,0.022422365617023307,9
_F,8,saturday,24,0.02194487291781152,9
_F,8,saturday,25,0.02160289995119087,9
_F,8,saturday,26,0.020863940714480306,9
_F,8,saturday,27,0.020254473514792322,9
_F,8,saturday,28,0.019459249496383623,9
_F,8,saturday,29,0.01907107062247018,9
_F,8,saturday,30,0.018738033958957404,9
_F,8,saturday,31,0.018365874206475133,9
_F,8,saturday,32,0.01885964835777372,9
_F,8,saturday,33,0.019152176084681838,9
_F,8,saturday,34,0.020368242928104106,9
_F,8,saturday,35,0.021997822845907424,9
_F,8,saturday,36,0.02283915550502076,9
_F,8,saturday,37,0.023468181816252768,9
_F,8,saturday,38,0.02360084088099998,9
_F,8,saturday,39,0.02311042144974316,9
_F,8,saturday,40,0.023617212655404077,9
_F,8,saturday,41,0.023541855332622978,9
_F,8,saturday,42,0.023512278095357504,9
_F,8,saturday,43,0.02346253021432369,9
_F,8,saturday,44,0.023371453974848404,9
_F,8,saturday,45,0.022598382506921737,9
_F,8,saturday,46,0.022073496813858128,9
_F,8,saturday,47,0.020788259376098392,9
_F,8,saturday,48,0.019794574987339966,9
_F,8,sunday,1,0.019256180029722444,9
_F,8,sunday,2,0.01901192654671119,9
_F,8,sunday,3,0.01877597849979339,9
_F,8,sunday,4,0.01859929030117953,9
_F,8,sunday,5,0.01808217426979049,9
_F,8,sunday,6,0.018063615421345297,9
_F,8,sunday,7,0.017335990797754525,9
_F,8,sunday,8,0.01698270385587787,9
_F,8,sunday,9,0.016977909236160153,9
_F,8,sunday,10,0.01706647275409772,9
_F,8,sunday,11,0.01655457606176865,9
_F,8,sunday,12,0.016349058371760324,9
_F,8,sunday,13,0.01700086182283581,9
_F,8,sunday,14,0.017198156231134923,9
_F,8,sunday,15,0.01846148018583221,9
_F,8,sunday,16,0.019069260041779376,9
_F,8,sunday,17,0.019647527426455643,9
_F,8,sunday,18,0.02012644873821389,9
_F,8,sunday,19,0.021102642759359858,9
_F,8,sunday,20,0.021279550189703057,9
_F,8,sunday,21,0.021578233175582752,9
_F,8,sunday,22,0.02216735098273552,9
_F,8,sunday,23,0.021490003466950364,9
_F,8,sunday,24,0.021421151966827742,9
_F,8,sunday,25,0.020960159733122194,9
_F,8,sunday,26,0.020329559996367666,9
_F,8,sunday,27,0.01982838173772138,9
_F,8,sunday,28,0.0200299712766267,9
_F,8,sunday,29,0.02015381324439051,9
_F,8,sunday,30,0.02010889652862794,9
_F,8,sunday,31,0.019690661195408184,9
_F,8,sunday,32,0.020141153524449572,9
_F,8,sunday,33,0.02187224312450918,9
_F,8,sunday,34,0.023280141229913637,9
_F,8,sunday,35,0.02439012253756936,9
_F,8,sunday,36,0.024885377952325878,9
_F,8,sunday,37,0.025003767052859657,9
_F,8,sunday,38,0.02548757845267754,9
_F,8,sunday,39,0.025579714971168125,9
_F,8,sunday,40,0.025283561047780616,9
_F,8,sunday,41,0.025367013374521227,9
_F,8,sunday,42,0.025329960191656994,9
_F,8,sunday,43,0.02519394227513684,9
_F,8,sunday,44,0.024725405685280425,9
_F,8,sunday,45,0.02364049670513229,9
_F,8,sunday,46,0.02291032358932265,9
_F,8,sunday,47,0.021409990841841708,9
_F,8,sunday,48,0.020799220598216994,9
_F,8,weekday,1,0.018928403684491467,40
_F,8,weekday,2,0.018569034014873236,40
_F,8,weekday,3,0.018539536069650524,40
_F,8,weekday,4,0.018173396720399852,40
_F,8,weekday,5,0.0178475594205804,40
_F,8,weekday,6,0.017835326122173957,40
_F,8,weekday,7,0.017170368433871073,40
_F,8,weekday,8,0.016981734216681997,40
_F,8,weekday,9,0.016457269438592034,40
_F,8,weekday,10,0.016504031687107925,40
_F,8,weekday,11,0.016008790965662885,40
_F,8,weekday,12,0.016067300203345562,40
_F,8,weekday,13,0.01739379740920229,40
_F,8,weekday,14,0.018303098604984754,40
_F,8,weekday,15,0.020700716039622064,40
_F,8,weekday,16,0.021430760083296186,40
_F,8,weekday,17,0.022791694698369523,40
_F,8,weekday,18,0.022971819605601983,40
_F,8,weekday,19,0.023230845809942374,40
_F,8,weekday,20,0.02294828473061558,40
_F,8,weekday,21,0.022596475745184346,40
_F,8,weekday,22,0.022302600361396484,40
_F,8,weekday,23,0.022011293786480847,40
_F,8,weekday,24,0.021648454589049106,40
_F,8,weekday,25,0.021638290138287962,40
_F,8,weekday,26,0.021185190200337295,40
_F,8,weekday,27,0.021055665497062535,40
_F,8,weekday,28,0.020997573302773076,40
_F,8,weekday,29,0.020747177426308955,40
_F,8,weekday,30,0.02088689574356978,40
_F,8,weekday,31,0.020800822459467027,40
_F,8,weekday,32,0.021121982432882123,40
_F,8,weekday,33,0.021511539525121425,40
_F,8,weekday,34,0.022436008133930138,40
_F,8,weekday,35,0.02306320065368495,40
_F,8,weekday,36,0.02360176269539232,40
_F,8,weekday,37,0.02363958124938357,40
_F,8,weekday,38,0.024083032457900527,40
_F,8,weekday,39,0.023719592240839197,40
_F,8,weekday,40,0.023970628063248074,40
_F,8,weekday,41,0.024305558401272055,40
_F,8,weekday,42,0.0240730140380672,40
_F,8,weekday,43,0.02411055485316132,40
_F,8,weekday,44,0.023427054317289028,40
_F,8,weekday,45,0.022162152720594734,40
_F,8,weekday,46,0.021228504053329163,40
_F,8,weekday,47,0.019894556757718708,40
_F,8,weekday,48,0.018927070197202397,40
_F,9,saturday,1,0.019609731374853438,4
_F,9,saturday,2,0.019496514457030267,4
_F,9,saturday,3,0.019116072158138975,4
_F,9,saturday,4,0.01871040668554012,4
_F,9,saturday,5,0.018196668896271043,4
_F,9,saturday,6,0.018313885984465525,4
_F,9,saturday,7,0.01800333765760922,4
_F,9,saturday,8,0.017738314212965386,4
_F,9,saturday,9,0.017199445041795748,4
_F,9,saturday,10,0.017606920903682845,4
_F,9,saturday,11,0.017001323973473582,4
_F,9,saturday,12,0.017307275776828376,4
_F,9,saturday,13,0.01809567442451921,4
_F,9,saturday,14,0.018756920664713052,4
_F,9,saturday,15,0.020024132829310662,4
_F,9,saturday,16,0.021151601250901427,4
_F,9,saturday,17,0.02256678025270817,4
_F,9,saturday,18,0.023325913795742774,4
_F,9,saturday,19,0.023899200828528023,4
_F,9,saturday,20,0.023593226839130167,4
_F,9,saturday,21,0.02304761884617232,4
_F,9,saturday,22,0.022815241125749973,4
_F,9,saturday,23,0.022895749138741196,4
_F,9,saturday,24,0.022146809702786683,4
_F,9,saturday,25,0.022258158707398466,4
_F,9,saturday,26,0.021954960360323565,4
_F,9,saturday,27,0.021668868733029756,4
_F,9,saturday,28,0.02135496196588288,4
_F,9,saturday,29,0.020816517046463406,4
_F,9,saturday,30,0.020650307228850084,4
_F,9,saturday,31,0.021314219598799644,4
_F,9,saturday,32,0.02191065653370845,4
_F,9,saturday,33,0.022948465686911813,4
_F,9,saturday,34,0.02339336304250245,4
_F,9,saturday,35,0.023911948153121046,4
_F,9,saturday,36,0.024009876349605594,4
_F,9,saturday,37,0.024072492202225675,4
_F,9,saturday,38,0.023761283743284414,4
_F,9,saturday,39,0.024192585254141794,4
_F,9,saturday,40,0.023653170262310265,4
_F,9,saturday,41,0.0234840008295475,4
_F,9,saturday,42,0.02301710247214504,4
_F,9,saturday,43,0.02141762645015611,4
_F,9,saturday,44,0.019945662925751534,4
_F,9,saturday,45,0.019081808149432767,4
_F,9,saturday,46,0.018082186079972848,4
_F,9,saturday,47,0.016467712289185737,4
_F,9,saturday,48,0.016013299113590958,4
_F,9,sunday,1,0.015770145579468618,4
_F,9,sunday,2,0.015760149645832434,4
_F,9,sunday,3,0.01594479133605265,4
_F,9,sunday,4,0.01592017856651185,4
_F,9,sunday,5,0.015412524000786767,4
_F,9,sunday,6,0.014930905622276799,4
_F,9,sunday,7,0.014852489136818347,4
_F,9,sunday,8,0.01441306878943519,4
_F,9,sunday,9,0.014364114918788574,4
_F,9,sunday,10,0.014124175308431528,4
_F,9,sunday,11,0.014673499088179718,4
_F,9,sunday,12,0.015123719132056221,4
_F,9,sunday,13,0.015750233598503298,4
_F,9,sunday,14,0.016340408618816363,4
_F,9,sunday,15,0.01741471448164703,4
_F,9,sunday,16,0.018211454090327584,4
_F,9,sunday,17,0.020208790900598617,4
_F,9,sunday,18,0.020452434130337833,4
_F,9,sunday,19,0.020888819265738236,4
_F,9,sunday,20,0.021485114693588367,4
_F,9,sunday,21,0.02136343756484803,4
_F,9,sunday,22,0.021048317575301057,4
_F,9,sunday,23,0.02145326723510929,4
_F,9,sunday,24,0.022062893783202763,4
_F,9,sunday,25,0.022694064376987934,4
_F,9,sunday,26,0.023083248590429973,4
_F,9,sunday,27,0.0225431208943151,4
_F,9,sunday,28,0.02316003103015285,4
_F,9,sunday,29,0.02297230121703509,4
_F,9,sunday,30,0.02292646988829758,4
_F,9,sunday,31,0.024376957027459678,4
_F,9,sunday,32,0.024420492493337012,4
_F,9,sunday,33,0.025250471436977517,4
_F,9,sunday,34,0.026075393228934728,4
_F,9,sunday,35,0.026003558573191476,4
_F,9,sunday,36,0.02670922505724088,4
_F,9,sunday,37,0.026462410992723402,4
_F,9,sunday,38,0.02705405850636873,4
_F,9,sunday,39,0.02682780986521645,4
_F,9,sunday,40,0.026489730471357813,4
_F,9,sunday,41,0.026514642339778082,4
_F,9,sunday,42,0.02564424949090245,4
_F,9,sunday,43,0.024628659863493343,4
_F,9,sunday,44,0.02396762402659612,4
_F,9,sunday,45,0.0227449284973095,4
_F,9,sunday,46,0.021744839938778217,4
_F,9,sunday,47,0.019912865741711548,4
_F,9,sunday,48,0.019823199388747374,4
_F,9,weekday,1,0.017120950512989057,22
_F,9,weekday,2,0.016921574282745336,22
_F,9,weekday,3,0.016653748303671258,22
_F,9,weekday,4,0.016540603701960952,22
_F,9,weekday,5,0.01629061317318275,22
_F,9,weekday,6,0.01610036681782717,22
_F,9,weekday,7,0.01606151103846122,22
_F,9,weekday,8,0.01599376204267378,22
_F,9,weekday,9,0.015473132346121705,22
_F,9,weekday,10,0.015653071643009036,22
_F,9,weekday,11,0.01583761062974058,22
_F,9,weekday,12,0.01650673124488787,22
_F,9,weekday,13,0.018135425661755127,22
_F,9,weekday,14,0.019724521360961242,22
_F,9,weekday,15,0.02153230598956972,22
_F,9,weekday,16,0.022521844249464622,22
_F,9,weekday,17,0.023683216484822165,22
_F,9,weekday,18,0.0234741346539739,22
_F,9,weekday,19,0.023778043530295733,22
_F,9,weekday,20,0.023235521431146412,22
_F,9,weekday,21,0.02280250033274586,22
_F,9,weekday,22,0.02229976002748914,22
_F,9,weekday,23,0.021919183150504545,22
_F,9,weekday,24,0.021826037088737458,22
_F,9,weekday,25,0.021516871033773963,22
_F,9,weekday,26,0.02155916744853858,22
_F,9,weekday,27,0.021704181163846883,22
_F,9,weekday,28,0.021454448494930504,22
_F,9,weekday,29,0.021474950321784255,22
_F,9,weekday,30,0.0212571044303505,22
_F,9,weekday,31,0.02147760470671584,22
_F,9,weekday,32,0.021738032654180752,22
_F,9,weekday,33,0.022518424527170816,22
_F,9,weekday,34,0.02335273421106053,22
_F,9,weekday,35,0.023949238895991574,22
_F,9,weekday,36,0.02463085340458288,22
_F,9,weekday,37,0.024605252330377622,22
_F,9,weekday,38,0.02490712878799002,22
_F,9,weekday,39,0.025038984413958233,22
_F,9,weekday,40,0.025095902738518475,22
_F,9,weekday,41,0.025552510394952297,22
_F,9,weekday,42,0.02476273804033856,22
_F,9,weekday,43,0.023623855541254558,22
_F,9,weekday,44,0.022486471930470465,22
_F,9,weekday,45,0.020926049680183287,22
_F,9,weekday,46,0.01985661420676496,22
_F,9,weekday,47,0.018487658514489972,22
_F,9,weekday,48,0.017937052429037852,22
_F,10,saturday,1,0.017287401511000392,4
_F,10,saturday,2,0.016338446624400975,4
_F,10,saturday,3,0.016909085313479056,4
_F,10,saturday,4,0.017046867217763616,4
_F,10,saturday,5,0.016979185870083104,4
_F,10,saturday,6,0.016617424319518754,4
_F,10,saturday,7,0.015474618924334082,4
_F,10,saturday,8,0.015077931560975278,4
_F,10,saturday,9,0.015231726918532619,4
_F,10,saturday,10,0.015009658523203311,4
_F,10,saturday,11,0.014552245053134755,4
_F,10,saturday,12,0.014931377727557153,4
_F,10,saturday,13,0.0159102398928814,4
_F,10,saturday,14,0.017406414810870817,4
_F,10,saturday,15,0.019076821394773402,4
_F,10,saturday,16,0.019710799551183694,4
_F,10,saturday,17,0.021909870061120804,4
_F,10,saturday,18,0.022618723441620955,4
_F,10,saturday,19,0.023942577289720626,4
_F,10,saturday,20,0.02358136712896521,4
_F,10,saturday,21,0.024093243873000474,4
_F,10,saturday,22,0.023750296047525255,4
_F,10,saturday,23,0.023050838720746755,4
_F,10,saturday,24,0.022612927838059918,4
_F,10,saturday,25,0.02213233716073301,4
_F,10,saturday,26,0.021702383213695563,4
_F,10,saturday,27,0.02178687325174279,4
_F,10,saturday,28,0.021873006607701438,4
_F,10,saturday,29,0.020906217518196372,4
_F,10,saturday,30,0.020985065714571746,4
_F,10,saturday,31,0.022022806512926724,4
_F,10,saturday,32,0.022250497511846535,4
_F,10,saturday,33,0.02312263771100795,4
_F,10,saturday,34,0.024560296086473737,4
_F,10,saturday,35,0.02659214639161086,4
_F,10,saturday,36,0.026897144596198755,4
_F,10,saturday,37,0.027579689310951082,4
_F,10,saturday,38,0.02772333359987334,4
_F,10,saturday,39,0.027193318687398917,4
_F,10,saturday,40,0.026370335221161133,4
_F,10,saturday,41,0.02490613326292051,4
_F,10,saturday,42,0.0242613660169409,4
_F,10,saturday,43,0.02227883896109636,4
_F,10,saturday,44,0.021932636338493502,4
_F,10,saturday,45,0.02057136382912897,4
_F,10,saturday,46,0.018860746057971754,4
_F,10,saturday,47,0.01757765915859031,4
_F,10,saturday,48,0.016793077664315377,4
_F,10,sunday,1,0.015780919010435185,4
_F,10,sunday,2,0.01582732710560432,4
_F,10,sunday,3,0.015627280379685627,4
_F,10,sunday,4,0.01584839512366172,4
_F,10,sunday,5,0.015572868665145586,4
_F,10,sunday,6,0.015411723069232821,4
_F,10,sunday,7,0.014922085206379441,4
_F,10,sunday,8,0.014319853110971588,4
_F,10,sunday,9,0.013779921085075725,4
_F,10,sunday,10,0.013792758264672177,4
_F,10,sunday,11,0.013907633857550934,4
_F,10,sunday,12,0.014228593294878947,4
_F,10,sunday,13,0.014769447160500168,4
_F,10,sunday,14,0.015324237062217777,4
_F,10,sunday,15,0.016679025466387623,4
_F,10,sunday,16,0.017125180483840652,4
_F,10,sunday,17,0.01888114811169938,4
_F,10,sunday,18,0.019718581152763138,4
_F,10,sunday,19,0.020387199058706045,4
_F,10,sunday,20,0.02077642399801302,4
_F,10,sunday,21,0.021085776946995604,4
_F,10,sunday,22,0.020912900218735053,4
_F,10,sunday,23,0.02070311628895184,4
_F,10,sunday,24,0.02069902044089604,4
_F,10,sunday,25,0.020632885228268973,4
_F,10,sunday,26,0.02121126689814777,4
_F,10,sunday,27,0.022707284164433426,4
_F,10,sunday,28,0.022582144808710614,4
_F,10,sunday,29,0.02242554228506108,4
_F,10,sunday,30,0.022914746814294677,4
_F,10,sunday,31,0.023093672421713396,4
_F,10,sunday,32,0.023856190830243307,4
_F,10,sunday,33,0.024628888335044084,4
_F,10,sunday,34,0.024930125318055597,4
_F,10,sunday,35,0.026541356315966037,4
_F,10,sunday,36,0.028185363709346753,4
_F,10,sunday,37,0.02794887130713858,4
_F,10,sunday,38,0.02779919486935789,4
_F,10,sunday,39,0.026645986637778084,4
_F,10,sunday,40,0.025930193242410877,4
_F,10,sunday,41,0.02535846833358373,4
_F,10,sunday,42,0.02428466573372191,4
_F,10,sunday,43,0.023358044355276088,4
_F,10,sunday,44,0.022946957546661408,4
_F,10,sunday,45,0.021394647907960477,4
_F,10,sunday,46,0.02066279060926451,4
_F,10,sunday,47,0.019301179897386982,4
_F,10,sunday,48,0.018808524151520116,4
_F,10,sunday,49,0.013121359727064517,1
_F,10,sunday,50,0.012648233988588605,1
_F,10,weekday,1,0.016137304855400606,23
_F,10,weekday,2,0.015853420598530142,23
_F,10,weekday,3,0.015814677909549112,23
_F,10,weekday,4,0.015517993889586315,23
_F,10,weekday,5,0.015286885759422324,23
_F,10,weekday,6,0.015161728186325898,23
_F,10,weekday,7,0.015009441035456195,23
_F,10,weekday,8,0.01480694920751585,23
_F,10,weekday,9,0.014648901495780608,23
_F,10,weekday,10,0.01467720745399927,23
_F,10,weekday,11,0.014622009941385301,23
_F,10,weekday,12,0.015599871454332935,23
_F,10,weekday,13,0.017435905092515493,23
_F,10,weekday,14,0.019046228131960788,23
_F,10,weekday,15,0.021219562951127237,23
_F,10,weekday,16,0.02222182461178396,23
_F,10,weekday,17,0.023485437366474165,23
_F,10,weekday,18,0.02385876558558769,23
_F,10,weekday,19,0.024420356865997594,23
_F,10,weekday,20,0.023960432736664282,23
_F,10,weekday,21,0.02360615465398123,23
_F,10,weekday,22,0.02325934113690158,23
_F,10,weekday,23,0.02340683737066936,23
_F,10,weekday,24,0.023382361455493106,23
_F,10,weekday,25,0.02324988480007505,23
_F,10,weekday,26,0.0227569038328474,23
_F,10,weekday,27,0.022603952877740665,23
_F,10,weekday,28,0.022682373584609488,23
_F,10,weekday,29,0.022619586904946892,23
_F,10,weekday,30,0.022701809741501305,23
_F,10,weekday,31,0.023044558927056428,23
_F,10,weekday,32,0.02357692566627935,23
_F,10,weekday,33,0.024341336322369064,23
_F,10,weekday,34,0.02489134006019625,23
_F,10,weekday,35,0.025703637938500164,23
_F,10,weekday,36,0.02557176709962996,23
_F,10,weekday,37,0.025822547372317962,23
_F,10,weekday,38,0.025696377028448687,23
_F,10,weekday,39,0.025441351395919364,23
_F,10,weekday,40,0.025128809485774034,23
_F,10,weekday,41,0.024125500725470903,23
_F,10,weekday,42,0.023053702013710695,23
_F,10,weekday,43,0.021899934257496593,23
_F,10,weekday,44,0.021014865343928914,23
_F,10,weekday,45,0.019750276227871205,23
_F,10,weekday,46,0.018608616202056203,23
_F,10,weekday,47,0.0168876074957978,23
_F,10,weekday,48,0.016386734949014575,23
_F,11,saturday,1,0.016458955508150165,5
_F,11,saturday,2,0.017122236348382867,5
_F,11,saturday,3,0.016400072821426425,5
_F,11,saturday,4,0.01595452047372212,5
_F,11,saturday,5,0.015743786616013306,5
_F,11,saturday,6,0.015183919235379706,5
_F,11,saturday,7,0.015401049471673256,5
_F,11,saturday,8,0.015132641575879565,5
_F,11,saturday,9,0.015114775318765861,5
_F,11,saturday,10,0.014613732351554392,5
_F,11,saturday,11,0.01438254834389575,5
_F,11,saturday,12,0.014820180956222544,5
_F,11,saturday,13,0.015775280094487008,5
_F,11,saturday,14,0.016345810955893873,5
_F,11,saturday,15,0.018311226555429494,5
_F,11,saturday,16,0.01914249610061027,5
_F,11,saturday,17,0.02096419043093741,5
_F,11,saturday,18,0.021745419342744318,5
_F,11,saturday,19,0.022852709700894407,5
_F,11,saturday,20,0.023233462674296747,5
_F,11,saturday,21,0.0236099148292277,5
_F,11,saturday,22,0.023875498249661363,5
_F,11,saturday,23,0.02359784883746542,5
_F,11,saturday,24,0.023494706776156827,5
_F,11,saturday,25,0.023400013173675675,5
_F,11,saturday,26,0.023438731081275914,5
_F,11,saturday,27,0.023631702891908274,5
_F,11,saturday,28,0.022969694703478295,5
_F,11,saturday,29,0.023246501478633157,5
_F,11,saturday,30,0.023322141861299484,5
_F,11,saturday,31,0.023945596332121802,5
_F,11,saturday,32,0.024357762282531826,5
_F,11,saturday,33,0.026056604024333924,5
_F,11,saturday,34,0.026388094606295508,5
_F,11,saturday,35,0.026864025650488777,5
_F,11,saturday,36,0.02688148225407323,5
_F,11,saturday,37,0.026395208131954378,5
_F,11,saturday,38,0.02540782059090475,5
_F,11,saturday,39,0.025096834864478484,5
_F,11,saturday,40,0.024883488877110175,5
_F,11,saturday,41,0.023739694796605725,5
_F,11,saturday,42,0.02293800795251771,5
_F,11,saturday,43,0.021799319941702137,5
_F,11,saturday,44,0.0211576277012914,5
_F,11,saturday,45,0.020392228967245574,5
_F,11,saturday,46,0.019443435483308617,5
_F,11,saturday,47,0.017821451311581818,5
_F,11,saturday,48,0.017145547472312547,5
_F,11,sunday,1,0.01691224673182335,5
_F,11,sunday,2,0.017361565063520344,5
_F,11,sunday,3,0.016459006260793625,5
_F,11,sunday,4,0.016365827125090052,5
_F,11,sunday,5,0.016193932715112096,5
_F,11,sunday,6,0.015927691592336687,5
_F,11,sunday,7,0.015097126012436641,5
_F,11,sunday,8,0.015072568321450621,5
_F,11,sunday,9,0.014621564908596207,5
_F,11,sunday,10,0.01499248984703781,5
_F,11,sunday,11,0.014610413030017297,5
_F,11,sunday,12,0.014487837190797548,5
_F,11,sunday,13,0.015402363551946541,5
_F,11,sunday,14,0.016152947530699964,5
_F,11,sunday,15,0.017535545473204475,5
_F,11,sunday,16,0.017459813256568348,5
_F,11,sunday,17,0.018798553002109357,5
_F,11,sunday,18,0.01968725875366633,5
_F,11,sunday,19,0.0208325792545732,5
_F,11,sunday,20,0.021294835182283582,5
_F,11,sunday,21,0.022130121057858783,5
_F,11,sunday,22,0.022660027050954504,5
_F,11,sunday,23,0.02305294803255687,5
_F,11,sunday,24,0.02343276601851469,5
_F,11,sunday,25,0.023700560561390444,5
_F,11,sunday,26,0.02346643972312292,5
_F,11,sunday,27,0.023940132833861368,5
_F,11,sunday,28,0.023712694509963713,5
_F,11,sunday,29,0.023747718152499046,5
_F,11,sunday,30,0.02404968918145531,5
_F,11,sunday,31,0.02466920169316463,5
_F,11,sunday,32,0.025633325955818992,5
_F,11,sunday,33,0.027222271596854725,5
_F,11,sunday,34,0.027870776126443314,5
_F,11,sunday,35,0.02814062654314247,5
_F,11,sunday,36,0.02841493497058569,5
_F,11,sunday,37,0.027663796444512983,5
_F,11,sunday,38,0.027214588146319007,5
_F,11,sunday,39,0.02611264201298283,5
_F,11,sunday,40,0.025258699943647656,5
_F,11,sunday,41,0.02416110380440373,5
_F,11,sunday,42,0.02333315162386137,5
_F,11,sunday,43,0.02196471929401051,5
_F,11,sunday,44,0.020772159522315654,5
_F,11,sunday,45,0.019656581879510953,5
_F,11,sunday,46,0.018850003743055132,5
_F,11,sunday,47,0.01736039395320228,5
_F,11,sunday,48,0.016541760819926317,5
_F,11,weekday,1,0.01609811460370097,20
_F,11,weekday,2,0.016081018663536242,20
_F,11,weekday,3,0.015682882331481466,20
_F,11,weekday,4,0.015262119728908518,20
_F,11,weekday,5,0.014843394875647611,20
_F,11,weekday,6,0.014757029813715955,20
_F,11,weekday,7,0.014476857703143822,20
_F,11,weekday,8,0.014376856980510371,20
_F,11,weekday,9,0.013919922449892564,20
_F,11,weekday,10,0.013902707186593791,20
_F,11,weekday,11,0.01400074749309004,20
_F,11,weekday,12,0.01481890262274456,20
_F,11,weekday,13,0.016580649083905448,20
_F,11,weekday,14,0.018171098706349385,20
_F,11,weekday,15,0.020402564199602548,20
_F,11,weekday,16,0.02153776565014706,20
_F,11,weekday,17,0.022958640830801576,20
_F,11,weekday,18,0.023224379998924856,20
_F,11,weekday,19,0.02392737053127491,20
_F,11,weekday,20,0.023939688506848772,20
_F,11,weekday,21,0.023755588179192412,20
_F,11,weekday,22,0.023850529715827344,20
_F,11,weekday,23,0.02365632675145463,20
_F,11,weekday,24,0.02367482159879325,20
_F,11,weekday,25,0.023872641604327453,20
_F,11,weekday,26,0.02401094583653559,20
_F,11,weekday,27,0.023913930786008876,20
_F,11,weekday,28,0.02389700708471882,20
_F,11,weekday,29,0.023819829931653106,20
_F,11,weekday,30,0.023959612958190366,20
_F,11,weekday,31,0.024429309363991045,20
_F,11,weekday,32,0.025215144383380954,20
_F,11,weekday,33,0.02622804360451198,20
_F,11,weekday,34,0.026782427769651847,20
_F,11,weekday,35,0.02684740572754287,20
_F,11,weekday,36,0.026742982296511435,20
_F,11,weekday,37,0.026342979628913004,20
_F,11,weekday,38,0.02576179477744197,20
_F,11,weekday,39,0.024633568924339717,20
_F,11,weekday,40,0.02408484410617039,20
_F,11,weekday,41,0.0231802271328511,20
_F,11,weekday,42,0.022291295948285973,20
_F,11,weekday,43,0.021149281835271212,20
_F,11,weekday,44,0.02002092808871176,20
_F,11,weekday,45,0.018663129563209032,20
_F,11,weekday,46,0.017724905922406695,20
_F,11,weekday,47,0.016479607879283313,20
_F,11,weekday,48,0.01604817664000338,20
_F,12,saturday,1,0.017596388997527003,4
_F,12,saturday,2,0.01764580852168144,4
_F,12,saturday,3,0.01756776858780704,4
_F,12,saturday,4,0.017101956848160214,4
_F,12,saturday,5,0.016600083957466795,4
_F,12,saturday,6,0.016649578444672474,4
_F,12,saturday,7,0.01660742780489173,4
_F,12,saturday,8,0.015765708715621708,4
_F,12,saturday,9,0.015154686079288805,4
_F,12,saturday,10,0.015486057041901272,4
_F,12,saturday,11,0.01487838336426848,4
_F,12,saturday,12,0.015409858850321926,4
_F,12,saturday,13,0.016302751790924264,4
_F,12,saturday,14,0.01748342093219618,4
_F,12,saturday,15,0.018368508354624006,4
_F,12,saturday,16,0.018869994585590556,4
_F,12,saturday,17,0.020482297662656558,4
_F,12,saturday,18,0.021685974791042083,4
_F,12,saturday,19,0.022637820658980908,4
_F,12,saturday,20,0.023069526773519318,4
_F,12,saturday,21,0.02327159197459397,4
_F,12,saturday,22,0.023245610586952403,4
_F,12,saturday,23,0.023516341120905736,4
_F,12,saturday,24,0.02354683260564678,4
_F,12,saturday,25,0.0235451970036918,4
_F,12,saturday,26,0.02357262890128785,4
_F,12,saturday,27,0.023716924285119834,4
_F,12,saturday,28,0.02413882798165294,4
_F,12,saturday,29,0.023872194794238428,4
_F,12,saturday,30,0.024189852223784024,4
_F,12,saturday,31,0.02465387845147382,4
_F,12,saturday,32,0.024586649505997087,4
_F,12,saturday,33,0.025905194679017963,4
_F,12,saturday,34,0.026364888042315092,4
_F,12,saturday,35,0.026378700462191214,4
_F,12,saturday,36,0.02618623503340258,4
_F,12,saturday,37,0.02527445064527721,4
_F,12,saturday,38,0.024569594484183242,4
_F,12,saturday,39,0.024094135501401777,4
_F,12,saturday,40,0.02333662536187029,4
_F,12,saturday,41,0.02266575434970139,4
_F,12,saturday,42,0.022033416587132218,4
_F,12,saturday,43,0.021184901121314985,4
_F,12,saturday,44,0.019982416926910135,4
_F,12,saturday,45,0.01909031984481728,4
_F,12,saturday,46,0.018077058439899506,4
_F,12,saturday,47,0.017049139225815392,4
_F,12,saturday,48,0.016586637096262305,4
_F,12,sunday,1,0.017650419560548553,4
_F,12,sunday,2,0.017437104848018768,4
_F,12,sunday,3,0.016756868618039638,4
_F,12,sunday,4,0.01605906661536162,4
_F,12,sunday,5,0.015485055283082288,4
_F,12,sunday,6,0.01536547218693635,4
_F,12,sunday,7,0.014946177505443142,4
_F,12,sunday,8,0.01440021031620016,4
_F,12,sunday,9,0.014076186829371298,4
_F,12,sunday,10,0.013958483348766138,4
_F,12,sunday,11,0.014028356447742302,4
_F,12,sunday,12,0.01399784626337143,4
_F,12,sunday,13,0.014908345632919992,4
_F,12,sunday,14,0.01569207789443751,4
_F,12,sunday,15,0.01699200624611287,4
_F,12,sunday,16,0.01781685991597129,4
_F,12,sunday,17,0.01908279965557175,4
_F,12,sunday,18,0.020110205851167667,4
_F,12,sunday,19,0.022074318490461507,4
_F,12,sunday,20,0.023349241043825106,4
_F,12,sunday,21,0.024081060678172353,4
_F,12,sunday,22,0.024109603701180253,4
_F,12,sunday,23,0.02525232286393345,4
_F,12,sunday,24,0.0259719689398805,4
_F,12,sunday,25,0.026197728282057256,4
_F,12,sunday,26,0.0264745016633533,4
_F,12,sunday,27,0.026357221807035335,4
_F,12,sunday,28,0.026161125268175232,4
_F,12,sunday,29,0.025767178096300705,4
_F,12,sunday,30,0.025484273143279168,4
_F,12,sunday,31,0.02539158332787461,4
_F,12,sunday,32,0.026022221052422058,4
_F,12,sunday,33,0.027261409866823804,4
_F,12,sunday,34,0.027638189806559937,4
_F,12,sunday,35,0.027690258197918836,4
_F,12,sunday,36,0.027408095130248104,4
_F,12,sunday,37,0.026514995501531385,4
_F,12,sunday,38,0.025684007537202857,4
_F,12,sunday,39,0.024247549007585863,4
_F,12,sunday,40,0.02321487412419473,4
_F,12,sunday,41,0.022675243659316446,4
_F,12,sunday,42,0.021457617782524717,4
_F,12,sunday,43,0.020175341662728396,4
_F,12,sunday,44,0.01901308268823794,4
_F,12,sunday,45,0.017866735755498915,4
_F,12,sunday,46,0.016988682533098893,4
_F,12,sunday,47,0.015458263350078317,4
_F,12,sunday,48,0.01524776201943727,4
_F,12,weekday,1,0.016190885535916202,23
_F,12,weekday,2,0.01634443988374998,23
_F,12,weekday,3,0.015974592282164433,23
_F,12,weekday,4,0.015747516794126594,23
_F,12,weekday,5,0.015435984116778378,23
_F,12,weekday,6,0.014961948757263996,23
_F,12,weekday,7,0.014729241144008415,23
_F,12,weekday,8,0.014625434398859395,23
_F,12,weekday,9,0.014187038787411534,23
_F,12,weekday,10,0.01425213323695239,23
_F,12,weekday,11,0.014229354454036782,23
_F,12,weekday,12,0.014801580040432189,23
_F,12,weekday,13,0.016361496993999906,23
_F,12,weekday,14,0.017822765723877504,23
_F,12,weekday,15,0.019596097295870484,23
_F,12,weekday,16,0.02086351407780018,23
_F,12,weekday,17,0.022199332560684133,23
_F,12,weekday,18,0.022911457662808766,23
_F,12,weekday,19,0.024021289942578006,23
_F,12,weekday,20,0.024065111033114876,23
_F,12,weekday,21,0.024203842872070936,23
_F,12,weekday,22,0.02434126068990188,23
_F,12,weekday,23,0.024444068487010653,23
_F,12,weekday,24,0.02446526880899578,23
_F,12,weekday,25,0.024771418672031652,23
_F,12,weekday,26,0.024747004124734243,23
_F,12,weekday,27,0.024628902355579733,23
_F,12,weekday,28,0.024242118028508623,23
_F,12,weekday,29,0.02400734522769906,23
_F,12,weekday,30,0.024206827706734102,23
_F,12,weekday,31,0.024404084898609294,23
_F,12,weekday,32,0.02501862469172491,23
_F,12,weekday,33,0.026065656985975665,23
_F,12,weekday,34,0.02641633596872017,23
_F,12,weekday,35,0.026438094294465763,23
_F,12,weekday,36,0.026116384613161986,23
_F,12,weekday,37,0.025488246296384787,23
_F,12,weekday,38,0.024913187148191032,23
_F,12,weekday,39,0.02410043781311202,23
_F,12,weekday,40,0.023453750209871914,23
_F,12,weekday,41,0.022737668721367187,23
_F,12,weekday,42,0.021818737867409635,23
_F,12,weekday,43,0.020683057973247876,23
_F,12,weekday,44,0.01989315383183938,23
_F,12,weekday,45,0.018798407830847616,23
_F,12,weekday,46,0.017698671733093897,23
_F,12,weekday,47,0.016606921918287058,23
_F,12,weekday,48,0.015969305507989,23
_G,1,saturday,1,0.017976418998740237,9
_G,1,saturday,2,0.017982048673777073,9
_G,1,saturday,3,0.017548105180398257,9
_G,1,saturday,4,0.017786877316834978,9
_G,1,saturday,5,0.017294000992074614,9
_G,1,saturday,6,0.017211880110330074,9
_G,1,saturday,7,0.01668335538749257,9
_G,1,saturday,8,0.01647192042813833,9
_G,1,saturday,9,0.016305522597072505,9
_G,1,saturday,10,0.016185369881024942,9
_G,1,saturday,11,0.016050805480657557,9
_G,1,saturday,12,0.016146505136457615,9
_G,1,saturday,13,0.016544171722373133,9
_G,1,saturday,14,0.017347508329996944,9
_G,1,saturday,15,0.01808239318846129,9
_G,1,saturday,16,0.018832304044614456,9
_G,1,saturday,17,0.01993125412398143,9
_G,1,saturday,18,0.020324203852649297,9
_G,1,saturday,19,0.021801159461544484,9
_G,1,saturday,20,0.022533195313800766,9
_G,1,saturday,21,0.023138996716377185,9
_G,1,saturday,22,0.023524721394516498,9
_G,1,saturday,23,0.023588964751418733,9
_G,1,saturday,24,0.023629264565782942,9
_G,1,saturday,25,0.023740085161478512,9
_G,1,saturday,26,0.023636788604649985,9
_G,1,saturday,27,0.02332375925610293,9
_G,1,saturday,28,0.02320948943677762,9
_G,1,saturday,29,0.023097473459172308,9
_G,1,saturday,30,0.023172910546203195,9
_G,1,saturday,31,0.023140112920488717,9
_G,1,saturday,32,0.02310545822028083,9
_G,1,saturday,33,0.02374917722845078,9
_G,1,saturday,34,0.023754553302207146,9
_G,1,saturday,35,0.024790854320206137,9
_G,1,saturday,36,0.024856945967339537,9
_G,1,saturday,37,0.02443049112625578,9
_G,1,saturday,38,0.02434475468964931,9
_G,1,saturday,39,0.02443605170331515,9
_G,1,saturday,40,0.024260324235980096,9
_G,1,saturday,41,0.02346936885126701,9
_G,1,saturday,42,0.02295526613583893,9
_G,1,saturday,43,0.022061522213525933,9
_G,1,saturday,44,0.021545957431042435,9
_G,1,saturday,45,0.020395756758630857,9
_G,1,saturday,46,0.019714428840850635,9
_G,1,saturday,47,0.018337469674717246,9
_G,1,saturday,48,0.01755005226705302,9
_G,1,sunday,1,0.017211683002725575,8
_G,1,sunday,2,0.017299955954558428,8
_G,1,sunday,3,0.016840939365903654,8
_G,1,sunday,4,0.01704911581051142,8
_G,1,sunday,5,0.016619653317099338,8
_G,1,sunday,6,0.016611197090354083,8
_G,1,sunday,7,0.016141699199055518,8
_G,1,sunday,8,0.016147774515024464,8
_G,1,sunday,9,0.015741997120525358,8
_G,1,sunday,10,0.015828726134626322,8
_G,1,sunday,11,0.015448809672940197,8
_G,1,sunday,12,0.015500060775943448,8
_G,1,sunday,13,0.015974213316494488,8
_G,1,sunday,14,0.016259478449132125,8
_G,1,sunday,15,0.01671267088988506,8
_G,1,sunday,16,0.017048426091996676,8
_G,1,sunday,17,0.018153654752653414,8
_G,1,sunday,18,0.018787067633982635,8
_G,1,sunday,19,0.02037105435009608,8
_G,1,sunday,20,0.02099386920682308,8
_G,1,sunday,21,0.022022919089149537,8
_G,1,sunday,22,0.02269144607469169,8
_G,1,sunday,23,0.0234338521238007,8
_G,1,sunday,24,0.023766172286804846,8
_G,1,sunday,25,0.02457682187603788,8
_G,1,sunday,26,0.024566238832983558,8
_G,1,sunday,27,0.024648294229491025,8
_G,1,sunday,28,0.02477458549106036,8
_G,1,sunday,29,0.02454017150942967,8
_G,1,sunday,30,0.024899988588530896,8
_G,1,sunday,31,0.02502186362785258,8
_G,1,sunday,32,0.0252311320706413,8
_G,1,sunday,33,0.025395359745649545,8
_G,1,sunday,34,0.025564593624699823,8
_G,1,sunday,35,0.026149245118209923,8
_G,1,sunday,36,0.02623441304408248,8
_G,1,sunday,37,0.025492429199842664,8
_G,1,sunday,38,0.025534814862647717,8
_G,1,sunday,39,0.024670386816763586,8
_G,1,sunday,40,0.02430823933726158,8
_G,1,sunday,41,0.023598451515488724,8
_G,1,sunday,42,0.023073678153435893,8
_G,1,sunday,43,0.022113347260930033,8
_G,1,sunday,44,0.02112182843489074,8
_G,1,sunday,45,0.020224929369868104,8
_G,1,sunday,46,0.019389914168194623,8
_G,1,sunday,47,0.018464241364635633,8
_G,1,sunday,48,0.017748595532593538,8
_G,1,weekday,1,0.016640812682487342,45
_G,1,weekday,2,0.016447426968832144,45
_G,1,weekday,3,0.016243285524044988,45
_G,1,weekday,4,0.01631439611280819,45
_G,1,weekday,5,0.016150031252785517,45
_G,1,weekday,6,0.016069926448038837,45
_G,1,weekday,7,0.015795096362659813,45
_G,1,weekday,8,0.015658631150362277,45
_G,1,weekday,9,0.015348070123167728,45
_G,1,weekday,10,0.015366341403885321,45
_G,1,weekday,11,0.015331894326192917,45
_G,1,weekday,12,0.015996521603328758,45
_G,1,weekday,13,0.017061944438276015,45
_G,1,weekday,14,0.018340656689829465,45
_G,1,weekday,15,0.020014372789742912,45
_G,1,weekday,16,0.020791260599044827,45
_G,1,weekday,17,0.02192056492581393,45
_G,1,weekday,18,0.022304038255215448,45
_G,1,weekday,19,0.023387060239923832,45
_G,1,weekday,20,0.023675751753889918,45
_G,1,weekday,21,0.023939787594561324,45
_G,1,weekday,22,0.024130647550179605,45
_G,1,weekday,23,0.024369952637463527,45
_G,1,weekday,24,0.02437662821417406,45
_G,1,weekday,25,0.02457333008632915,45
_G,1,weekday,26,0.024426504223590915,45
_G,1,weekday,27,0.024206487199117083,45
_G,1,weekday,28,0.02398032332875809,45
_G,1,weekday,29,0.023681230978557954,45
_G,1,weekday,30,0.023601803793940734,45
_G,1,weekday,31,0.023539513742105975,45
_G,1,weekday,32,0.02367311076741012,45
_G,1,weekday,33,0.023506494913301514,45
_G,1,weekday,34,0.023755462594779037,45
_G,1,weekday,35,0.024286086333343046,45
_G,1,weekday,36,0.024296512781428845,45
_G,1,weekday,37,0.02412981160273616,45
_G,1,weekday,38,0.023807343629979272,45
_G,1,weekday,39,0.023867693492036053,45
_G,1,weekday,40,0.023426669449322944,45
_G,1,weekday,41,0.0229716488371705,45
_G,1,weekday,42,0.022440283488038497,45
_G,1,weekday,43,0.02159499704054827,45
_G,1,weekday,44,0.02089048963218768,45
_G,1,weekday,45,0.01987754253230375,45
_G,1,weekday,46,0.01889728572769692,45
_G,1,weekday,47,0.017843472171054253,45
_G,1,weekday,48,0.017050802007554527,45
_G,2,saturday,1,0.018459797668437913,8
_G,2,saturday,2,0.018281392651469004,8
_G,2,saturday,3,0.018077130073536667,8
_G,2,saturday,4,0.018234820435084793,8
_G,2,saturday,5,0.017815914231905775,8
_G,2,saturday,6,0.017370081508787584,8
_G,2,saturday,7,0.01722256760200532,8
_G,2,saturday,8,0.0169671186530125,8
_G,2,saturday,9,0.016558431311503558,8
_G,2,saturday,10,0.016718989103270472,8
_G,2,saturday,11,0.016363722536674587,8
_G,2,saturday,12,0.01626779661669296,8
_G,2,saturday,13,0.017156329440781534,8
_G,2,saturday,14,0.017447405025861364,8
_G,2,saturday,15,0.018556384504558626,8
_G,2,saturday,16,0.01885348376676702,8
_G,2,saturday,17,0.020124497696740067,8
_G,2,saturday,18,0.02104690102925474,8
_G,2,saturday,19,0.022323556177714858,8
_G,2,saturday,20,0.02272039211977483,8
_G,2,saturday,21,0.02307469917313687,8
_G,2,saturday,22,0.02323354302042118,8
_G,2,saturday,23,0.02330071532768547,8
_G,2,saturday,24,0.02355728496114564,8
_G,2,saturday,25,0.023252164257254883,8
_G,2,saturday,26,0.02323022792328425,8
_G,2,saturday,27,0.023226682462254136,8
_G,2,saturday,28,0.02320587917222469,8
_G,2,saturday,29,0.02285398346371059,8
_G,2,saturday,30,0.022872005800295876,8
_G,2,saturday,31,0.022943700028543075,8
_G,2,saturday,32,0.02314055219991845,8
_G,2,saturday,33,0.02326358411451819,8
_G,2,saturday,34,0.02346814260103961,8
_G,2,saturday,35,0.024348636426892736,8
_G,2,saturday,36,0.024542867061290063,8
_G,2,saturday,37,0.02456423181012222,8
_G,2,saturday,38,0.02459558052788892,8
_G,2,saturday,39,0.024210793616968096,8
_G,2,saturday,40,0.023842922331779662,8
_G,2,saturday,41,0.023375242884455104,8
_G,2,saturday,42,0.02273803976271993,8
_G,2,saturday,43,0.021578718563399324,8
_G,2,saturday,44,0.02101227519416348,8
_G,2,saturday,45,0.0197140478041743,8
_G,2,saturday,46,0.01896540851091703,8
_G,2,saturday,47,0.018059452590303112,8
_G,2,saturday,48,0.017261906255658935,8
_G,2,sunday,1,0.018117240929074716,8
_G,2,sunday,2,0.017962187391513784,8
_G,2,sunday,3,0.017647096998995648,8
_G,2,sunday,4,0.017521960683533868,8
_G,2,sunday,5,0.016716700836967392,8
_G,2,sunday,6,0.01664378321256403,8
_G,2,sunday,7,0.016224025555021792,8
_G,2,sunday,8,0.01620081407575085,8
_G,2,sunday,9,0.01579841111347693,8
_G,2,sunday,10,0.015973422390204786,8
_G,2,sunday,11,0.015539284514155422,8
_G,2,sunday,12,0.015717944771134106,8
_G,2,sunday,13,0.016103930906035718,8
_G,2,sunday,14,0.016189153398732017,8
_G,2,sunday,15,0.01690423399677546,8
_G,2,sunday,16,0.017318989455175706,8
_G,2,sunday,17,0.018312260395166466,8
_G,2,sunday,18,0.019120073455141738,8
_G,2,sunday,19,0.020449433795350698,8
_G,2,sunday,20,0.020879818131419627,8
_G,2,sunday,21,0.021896743989999003,8
_G,2,sunday,22,0.02246419793892204,8
_G,2,sunday,23,0.022920629172122287,8
_G,2,sunday,24,0.023360289577081642,8
_G,2,sunday,25,0.023947564140529867,8
_G,2,sunday,26,0.024151535615565992,8
_G,2,sunday,27,0.024083276319970853,8
_G,2,sunday,28,0.02426348390412483,8
_G,2,sunday,29,0.024078319942795266,8
_G,2,sunday,30,0.024325423567790737,8
_G,2,sunday,31,0.024385431757759892,8
_G,2,sunday,32,0.024894123756792723,8
_G,2,sunday,33,0.025290699173237507,8
_G,2,sunday,34,0.025456446129285246,8
_G,2,sunday,35,0.025903948481743516,8
_G,2,sunday,36,0.02611545545081866,8
_G,2,sunday,37,0.025649097730965704,8
_G,2,sunday,38,0.02571404208553275,8
_G,2,sunday,39,0.02521494565947505,8
_G,2,sunday,40,0.024814718663086828,8
_G,2,sunday,41,0.02409710954107691,8
_G,2,sunday,42,0.02331193709851535,8
_G,2,sunday,43,0.022241274474887215,8
_G,2,sunday,44,0.021583017853356264,8
_G,2,sunday,45,0.020306911864613867,8
_G,2,sunday,46,0.019255735767300438,8
_G,2,sunday,47,0.017872928616175395,8
_G,2,sunday,48,0.017059945720283413,8
_G,2,weekday,1,0.016499317140139393,40
_G,2,weekday,2,0.016487348201222267,40
_G,2,weekday,3,0.016280214954896507,40
_G,2,weekday,4,0.016289698123489165,40
_G,2,weekday,5,0.016034660108027798,40
_G,2,weekday,6,0.016026334949746666,40
_G,2,weekday,7,0.015673668515658327,40
_G,2,weekday,8,0.015488006954771514,40
_G,2,weekday,9,0.015086018203330904,40
_G,2,weekday,10,0.015085022954543597,40
_G,2,weekday,11,0.015027663153931984,40
_G,2,weekday,12,0.0157482379704627,40
_G,2,weekday,13,0.017111153370939262,40
_G,2,weekday,14,0.01839835457651746,40
_G,2,weekday,15,0.020253210926274783,40
_G,2,weekday,16,0.0209918501407635,40
_G,2,weekday,17,0.022516342906573058,40
_G,2,weekday,18,0.022964554015661134,40
_G,2,weekday,19,0.02372482878368848,40
_G,2,weekday,20,0.023998695517626237,40
_G,2,weekday,21,0.024217929026335645,40
_G,2,weekday,22,0.024323022334933032,40
_G,2,weekday,23,0.024286781669685835,40
_G,2,weekday,24,0.024215059842518462,40
_G,2,weekday,25,0.02434291930696896,40
_G,2,weekday,26,0.024243997365504543,40
_G,2,weekday,27,0.024121315553103477,40
_G,2,weekday,28,0.023971344710119524,40
_G,2,weekday,29,0.023724885256117937,40
_G,2,weekday,30,0.023630768999555723,40
_G,2,weekday,31,0.02341104043143035,40
_G,2,weekday,32,0.023743006266341283,40
_G,2,weekday,33,0.023210055670316056,40
_G,2,weekday,34,0.02321217430726567,40
_G,2,weekday,35,0.02375956894216633,40
_G,2,weekday,36,0.02385294943320117,40
_G,2,weekday,37,0.02396471308523284,40
_G,2,weekday,38,0.023845973797524893,40
_G,2,weekday,39,0.024390393780525342,40
_G,2,weekday,40,0.024028889807206848,40
_G,2,weekday,41,0.02334686016304624,40
_G,2,weekday,42,0.02273610729334104,40
_G,2,weekday,43,0.021715460998549544,40
_G,2,weekday,44,0.020873059402051822,40
_G,2,weekday,45,0.01975500417463511,40
_G,2,weekday,46,0.018700765107257506,40
_G,2,weekday,47,0.017693436334748645,40
_G,2,weekday,48,0.01699733547205143,40
_G,3,saturday,1,0.019132900840445284,9
_G,3,saturday,2,0.019203086814431374,9
_G,3,saturday,3,0.01889259352635967,9
_G,3,saturday,4,0.01910399589291882,9
_G,3,saturday,5,0.018381090734717345,9
_G,3,saturday,6,0.018469934278014938,9
_G,3,saturday,7,0.017874770203734187,9
_G,3,saturday,8,0.01763097184846075,9
_G,3,saturday,9,0.017298120506428052,9
_G,3,saturday,10,0.01743204919165875,9
_G,3,saturday,11,0.017166028467695504,9
_G,3,saturday,12,0.017150687163046904,9
_G,3,saturday,13,0.017827319215957125,9
_G,3,saturday,14,0.018095515375435883,9
_G,3,saturday,15,0.019093524260816064,9
_G,3,saturday,16,0.019856092857429817,9
_G,3,saturday,17,0.020795998917922148,9
_G,3,saturday,18,0.021447089165486245,9
_G,3,saturday,19,0.02180559253239856,9
_G,3,saturday,20,0.021898346000816766,9
_G,3,saturday,21,0.02199504331633008,9
_G,3,saturday,22,0.02203076209201775,9
_G,3,saturday,23,0.021738263910858768,9
_G,3,saturday,24,0.02168757568320181,9
_G,3,saturday,25,0.021661947007968405,9
_G,3,saturday,26,0.021824166378393003,9
_G,3,saturday,27,0.021804888161357925,9
_G,3,saturday,28,0.021641917930956076,9
_G,3,saturday,29,0.021331380584093222,9
_G,3,saturday,30,0.021398472446938353,9
_G,3,saturday,31,0.02120578224407168,9
_G,3,saturday,32,0.0218600814379572,9
_G,3,saturday,33,0.022237054420198004,9
_G,3,saturday,34,0.022795410301883774,9
_G,3,saturday,35,0.02373865927137847,9
_G,3,saturday,36,0.023388613197143263,9
_G,3,saturday,37,0.024090867883186467,9
_G,3,saturday,38,0.02377295649972361,9
_G,3,saturday,39,0.024109456582136785,9
_G,3,saturday,40,0.024030786685023935,9
_G,3,saturday,41,0.02398678319439753,9
_G,3,saturday,42,0.023680612690094083,9
_G,3,saturday,43,0.023020977207603825,9
_G,3,saturday,44,0.022272453870064865,9
_G,3,saturday,45,0.021201812538486374,9
_G,3,saturday,46,0.020491336346523333,9
_G,3,saturday,47,0.01966546454588823,9
_G,3,saturday,48,0.018780765777949005,9
_G,3,sunday,1,0.018458520343623032,10
_G,3,sunday,2,0.01834636635761039,10
_G,3,sunday,3,0.017916391496104987,10
_G,3,sunday,4,0.01823176344925535,10
_G,3,sunday,5,0.01760800965222775,10
_G,3,sunday,6,0.017648181296062205,10
_G,3,sunday,7,0.017103251790382305,10
_G,3,sunday,8,0.016909944053468316,10
_G,3,sunday,9,0.016593293929323585,10
_G,3,sunday,10,0.016524922465420255,10
_G,3,sunday,11,0.016083557698189557,10
_G,3,sunday,12,0.016151594469308923,10
_G,3,sunday,13,0.016489390533597967,10
_G,3,sunday,14,0.01677129019520003,10
_G,3,sunday,15,0.017839043753113782,10
_G,3,sunday,16,0.018468079949481582,10
_G,3,sunday,17,0.01962679836321616,10
_G,3,sunday,18,0.020209653909567284,10
_G,3,sunday,19,0.020994777179489426,10
_G,3,sunday,20,0.021405479433540615,10
_G,3,sunday,21,0.022075886997910063,10
_G,3,sunday,22,0.022284316614014435,10
_G,3,sunday,23,0.02264859006755585,10
_G,3,sunday,24,0.022641493836448343,10
_G,3,sunday,25,0.02270699964296223,10
_G,3,sunday,26,0.02259199035957466,10
_G,3,sunday,27,0.02278658157530771,10
_G,3,sunday,28,0.022418166504408216,10
_G,3,sunday,29,0.022547914155011003,10
_G,3,sunday,30,0.022833990628869382,10
_G,3,sunday,31,0.023014098822157356,10
_G,3,sunday,32,0.023771004360520778,10
_G,3,sunday,33,0.024315902049042378,10
_G,3,sunday,34,0.02455478396245881,10
_G,3,sunday,35,0.02490829599353796,10
_G,3,sunday,36,0.025011548430741562,10
_G,3,sunday,37,0.024957549143776746,10
_G,3,sunday,38,0.024898476000333767,10
_G,3,sunday,39,0.02513454207547491,10
_G,3,sunday,40,0.02468459484683349,10
_G,3,sunday,41,0.023773995590431148,10
_G,3,sunday,42,0.023482163026588114,10
_G,3,sunday,43,0.02271902841335419,10
_G,3,sunday,44,0.022197034812449137,10
_G,3,sunday,45,0.02077245761456561,10
_G,3,sunday,46,0.019912529738487245,10
_G,3,sunday,47,0.0186521425168664,8
_G,3,sunday,48,0.018323611902134936,8
_G,3,weekday,1,0.017374673825931584,43
_G,3,weekday,2,0.017267855467159313,43
_G,3,weekday,3,0.017057982798478616,43
_G,3,weekday,4,0.017046970975141202,43
_G,3,weekday,5,0.016817357301313632,43
_G,3,weekday,6,0.016792025011969147,43
_G,3,weekday,7,0.01653916515232701,43
_G,3,weekday,8,0.016481796576698536,43
_G,3,weekday,9,0.016135902583199954,43
_G,3,weekday,10,0.016131862345794005,43
_G,3,weekday,11,0.01589976295794549,43
_G,3,weekday,12,0.016397317713370888,43
_G,3,weekday,13,0.017387486951329894,43
_G,3,weekday,14,0.017893098193716584,43
_G,3,weekday,15,0.020627595468051672,43
_G,3,weekday,16,0.02125334171247336,43
_G,3,weekday,17,0.02284912180100528,43
_G,3,weekday,18,0.023177853074449594,43
_G,3,weekday,19,0.023438647908041562,43
_G,3,weekday,20,0.023508479602483052,43
_G,3,weekday,21,0.02343473812710771,43
_G,3,weekday,22,0.02352201500693744,43
_G,3,weekday,23,0.023471339878501377,43
_G,3,weekday,24,0.023503931277050576,43
_G,3,weekday,25,0.02350797734457291,43
_G,3,weekday,26,0.023322405060832413,43
_G,3,weekday,27,0.02309061710063629,43
_G,3,weekday,28,0.022876677223776495,43
_G,3,weekday,29,0.022764191118173478,43
_G,3,weekday,30,0.022655404821746133,43
_G,3,weekday,31,0.022465117589973257,43
_G,3,weekday,32,0.02296503109877792,43
_G,3,weekday,33,0.022701337713495782,43
_G,3,weekday,34,0.022984412165946228,43
_G,3,weekday,35,0.02309039169359569,43
_G,3,weekday,36,0.0231153447619537,43
_G,3,weekday,37,0.023133421471230094,43
_G,3,weekday,38,0.02306873601373179,43
_G,3,weekday,39,0.024214901141910657,43
_G,3,weekday,40,0.024154659009178295,43
_G,3,weekday,41,0.02365317043522741,43
_G,3,weekday,42,0.023228370212680434,43
_G,3,weekday,43,0.022266131319036042,43
_G,3,weekday,44,0.021452910627165443,43
_G,3,weekday,45,0.02027949150084446,43
_G,3,weekday,46,0.019340762098473265,43
_G,3,weekday,47,0.018198451295856913,43
_G,3,weekday,48,0.017459765470707423,43
_G,4,saturday,1,0.019497801626910255,8
_G,4,saturday,2,0.018934774125955203,8
_G,4,saturday,3,0.018665165536888434,8
_G,4,saturday,4,0.018538912568087693,8
_G,4,saturday,5,0.018189821671946323,8
_G,4,saturday,6,0.01812438024781752,8
_G,4,saturday,7,0.01790395529252249,8
_G,4,saturday,8,0.01777522947955922,8
_G,4,saturday,9,0.017390369466701507,8
_G,4,saturday,10,0.01722877608394961,8
_G,4,saturday,11,0.017098191130170977,8
_G,4,saturday,12,0.016988198884494078,8
_G,4,saturday,13,0.017599889566351213,8
_G,4,saturday,14,0.01783032422231321,8
_G,4,saturday,15,0.01912212994555276,8
_G,4,saturday,16,0.019706327464108546,8
_G,4,saturday,17,0.02097051600793902,8
_G,4,saturday,18,0.021428722248751465,8
_G,4,saturday,19,0.02237685634022071,8
_G,4,saturday,20,0.022616349217393448,8
_G,4,saturday,21,0.022343577558300205,8
_G,4,saturday,22,0.022540941998779384,8
_G,4,saturday,23,0.02204764929396717,8
_G,4,saturday,24,0.02178208291857041,8
_G,4,saturday,25,0.022039204227471743,8
_G,4,saturday,26,0.022013494252509928,8
_G,4,saturday,27,0.02175425868940291,8
_G,4,saturday,28,0.02164327756596231,8
_G,4,saturday,29,0.021256584427276837,8
_G,4,saturday,30,0.02148512133528381,8
_G,4,saturday,31,0.021670354416991416,8
_G,4,saturday,32,0.021693474718506106,8
_G,4,saturday,33,0.022085295877948233,8
_G,4,saturday,34,0.022557633435733977,8
_G,4,saturday,35,0.023403046845297447,8
_G,4,saturday,36,0.02352567042979705,8
_G,4,saturday,37,0.02345164964610581,8
_G,4,saturday,38,0.023312795216690673,8
_G,4,saturday,39,0.023069834817789445,8
_G,4,saturday,40,0.022597739290724426,8
_G,4,saturday,41,0.02282402011656751,8
_G,4,saturday,42,0.02335419844970166,8
_G,4,saturday,43,0.023042197244675218,8
_G,4,saturday,44,0.022986100566245195,8
_G,4,saturday,45,0.02212089568915479,8
_G,4,saturday,46,0.021337413903502543,8
_G,4,saturday,47,0.020498131377168244,8
_G,4,saturday,48,0.019576664562241924,8
_G,4,sunday,1,0.01928327661622366,8
_G,4,sunday,2,0.019197849216000953,8
_G,4,sunday,3,0.018549202760542862,8
_G,4,sunday,4,0.018531840355395846,8
_G,4,sunday,5,0.018283168705086773,8
_G,4,sunday,6,0.01816560986411954,8
_G,4,sunday,7,0.017613171765012623,8
_G,4,sunday,8,0.017555371131419424,8
_G,4,sunday,9,0.01703512838968277,8
_G,4,sunday,10,0.01700176944299195,8
_G,4,sunday,11,0.0168951157699657,8
_G,4,sunday,12,0.01681070005220894,8
_G,4,sunday,13,0.017231827237215787,8
_G,4,sunday,14,0.017328377802419297,8
_G,4,sunday,15,0.018236012237021343,8
_G,4,sunday,16,0.018814332952780254,8
_G,4,sunday,17,0.019839914959798827,8
_G,4,sunday,18,0.02029734430998646,8
_G,4,sunday,19,0.02093664075687676,8
_G,4,sunday,20,0.021542495593839618,8
_G,4,sunday,21,0.021624469896253398,8
_G,4,sunday,22,0.021917535566279827,8
_G,4,sunday,23,0.022057209539192137,8
_G,4,sunday,24,0.021695317343648282,8
_G,4,sunday,25,0.02173566959276949,8
_G,4,sunday,26,0.021494332971920636,8
_G,4,sunday,27,0.021315832379917993,8
_G,4,sunday,28,0.02118829648326344,8
_G,4,sunday,29,0.021170146516185095,8
_G,4,sunday,30,0.0210729172692277,8
_G,4,sunday,31,0.021189384769014698,8
_G,4,sunday,32,0.021866715533224116,8
_G,4,sunday,33,0.022213549269248255,8
_G,4,sunday,34,0.023171774816966303,8
_G,4,sunday,35,0.0241472338393647,8
_G,4,sunday,36,0.02457555109353777,8
_G,4,sunday,37,0.024112933488091796,8
_G,4,sunday,38,0.023780021736459867,8
_G,4,sunday,39,0.023626381182999482,8
_G,4,sunday,40,0.023768606472438204,8
_G,4,sunday,41,0.02425885552269119,8
_G,4,sunday,42,0.02439850346863469,8
_G,4,sunday,43,0.02433658148965031,8
_G,4,sunday,44,0.024102868926786546,8
_G,4,sunday,45,0.02272520405467833,8
_G,4,sunday,46,0.022123762174287263,8
_G,4,sunday,47,0.021050105178358494,8
_G,4,sunday,48,0.020131089506320615,8
_G,4,weekday,1,0.018190561163382177,44
_G,4,weekday,2,0.01809313730369928,44
_G,4,weekday,3,0.017975645334903725,44
_G,4,weekday,4,0.017785824566417294,44
_G,4,weekday,5,0.017640487640548017,44
_G,4,weekday,6,0.01763498985507793,44
_G,4,weekday,7,0.017135715257745557,44
_G,4,weekday,8,0.017281356078553314,44
_G,4,weekday,9,0.01673584353146338,44
_G,4,weekday,10,0.016674402461968215,44
_G,4,weekday,11,0.016506353456684168,44
_G,4,weekday,12,0.016913090174869114,44
_G,4,weekday,13,0.01780676615638715,44
_G,4,weekday,14,0.018097024042515175,44
_G,4,weekday,15,0.020404663502204285,44
_G,4,weekday,16,0.021072274028916236,44
_G,4,weekday,17,0.02286775278085187,44
_G,4,weekday,18,0.023367132178544716,44
_G,4,weekday,19,0.02379531792302394,44
_G,4,weekday,20,0.02364743312100018,44
_G,4,weekday,21,0.023382759966000952,44
_G,4,weekday,22,0.023158382581202966,44
_G,4,weekday,23,0.0227984161796238,44
_G,4,weekday,24,0.022775788791148974,44
_G,4,weekday,25,0.02284593902786578,44
_G,4,weekday,26,0.02268663508311865,44
_G,4,weekday,27,0.022496652807903413,44
_G,4,weekday,28,0.022331951345216244,44
_G,4,weekday,29,0.022037096248036667,44
_G,4,weekday,30,0.02186578470033482,44
_G,4,weekday,31,0.02182758577448528,44
_G,4,weekday,32,0.021981250722939744,44
_G,4,weekday,33,0.021718397206641923,44
_G,4,weekday,34,0.02229969734215677,44
_G,4,weekday,35,0.02264688458904536,44
_G,4,weekday,36,0.02294047060497406,44
_G,4,weekday,37,0.0224300124624663,44
_G,4,weekday,38,0.022265706355762912,44
_G,4,weekday,39,0.022496051687136757,44
_G,4,weekday,40,0.02237809417290053,44
_G,4,weekday,41,0.022911126377494585,44
_G,4,weekday,42,0.023169970433792562,44
_G,4,weekday,43,0.023113265459230238,44
_G,4,weekday,44,0.022562572309806142,44
_G,4,weekday,45,0.02126285204519807,44
_G,4,weekday,46,0.02017538388730278,44
_G,4,weekday,47,0.01920230850243669,44
_G,4,weekday,48,0.018613192777021285,44
_G,5,saturday,1,0.020432012997829884,10
_G,5,saturday,2,0.020209991634683337,10
_G,5,saturday,3,0.019536228359022446,10
_G,5,saturday,4,0.019435977617015,10
_G,5,saturday,5,0.018878309092870693,10
_G,5,saturday,6,0.01879474377223168,10
_G,5,saturday,7,0.018384249071458005,10
_G,5,saturday,8,0.01833339406005995,10
_G,5,saturday,9,0.017770819854121017,10
_G,5,saturday,10,0.017462731581994934,10
_G,5,saturday,11,0.017311341530840598,10
_G,5,saturday,12,0.017419829124525964,10
_G,5,saturday,13,0.018173004548342062,10
_G,5,saturday,14,0.0184871798756204,10
_G,5,saturday,15,0.019414483756184747,10
_G,5,saturday,16,0.019858399119960457,10
_G,5,saturday,17,0.020646618522384315,10
_G,5,saturday,18,0.021514499319833513,10
_G,5,saturday,19,0.021950377960433202,10
_G,5,saturday,20,0.022382074977069323,10
_G,5,saturday,21,0.022354072579980133,10
_G,5,saturday,22,0.022330371307662803,10
_G,5,saturday,23,0.022262332597137537,10
_G,5,saturday,24,0.0220007665099678,10
_G,5,saturday,25,0.022196035506584402,10
_G,5,saturday,26,0.02207602608516541,10
_G,5,saturday,27,0.021635825221330125,10
_G,5,saturday,28,0.02137562542409073,10
_G,5,saturday,29,0.021301689014472935,10
_G,5,saturday,30,0.021243802453499,10
_G,5,saturday,31,0.02147243984380433,10
_G,5,saturday,32,0.021456060037187495,10
_G,5,saturday,33,0.021533696253035934,10
_G,5,saturday,34,0.022131208749606595,10
_G,5,saturday,35,0.022903264363488038,10
_G,5,saturday,36,0.023500755779684582,10
_G,5,saturday,37,0.023257352078502783,10
_G,5,saturday,38,0.022795091940183965,10
_G,5,saturday,39,0.02203662624418787,10
_G,5,saturday,40,0.021640406260527864,10
_G,5,saturday,41,0.02163708394834862,10
_G,5,saturday,42,0.021914926163854306,10
_G,5,saturday,43,0.022459699897564436,10
_G,5,saturday,44,0.02242908180406038,10
_G,5,saturday,45,0.022137922096737334,10
_G,5,saturday,46,0.021389306289080784,10
_G,5,saturday,47,0.02032592785274124,10
_G,5,saturday,48,0.019806336921031027,10
_G,5,sunday,1,0.020298225609025937,9
_G,5,sunday,2,0.019841480411809623,9
_G,5,sunday,3,0.019450366583440126,9
_G,5,sunday,4,0.01903909000234373,9
_G,5,sunday,5,0.01905050785602582,9
_G,5,sunday,6,0.018590940334783604,9
_G,5,sunday,7,0.017950478152785516,9
_G,5,sunday,8,0.017820492438334567,9
_G,5,sunday,9,0.017447077822161004,9
_G,5,sunday,10,0.017172444460812043,9
_G,5,sunday,11,0.01648097327174309,9
_G,5,sunday,12,0.016556565187049312,9
_G,5,sunday,13,0.01729386506516226,9
_G,5,sunday,14,0.01732700462803927,9
_G,5,sunday,15,0.017981411987962753,9
_G,5,sunday,16,0.018588179975290182,9
_G,5,sunday,17,0.019345468732505245,9
_G,5,sunday,18,0.019755484209837235,9
_G,5,sunday,19,0.020482337022516547,9
_G,5,sunday,20,0.02101119515859905,9
_G,5,sunday,21,0.0214738700516631,9
_G,5,sunday,22,0.021516748401986332,9
_G,5,sunday,23,0.021597816743005767,9
_G,5,sunday,24,0.021358545103754817,9
_G,5,sunday,25,0.02142202205456161,9
_G,5,sunday,26,0.0211336869311646,9
_G,5,sunday,27,0.021134460207516484,9
_G,5,sunday,28,0.021331119404412333,9
_G,5,sunday,29,0.021274298669078703,9
_G,5,sunday,30,0.02109652536825897,9
_G,5,sunday,31,0.021311621695555904,9
_G,5,sunday,32,0.021688594747776388,9
_G,5,sunday,33,0.022415548809436484,9
_G,5,sunday,34,0.023320662075009144,9
_G,5,sunday,35,0.024322349196798307,9
_G,5,sunday,36,0.025047762406712224,9
_G,5,sunday,37,0.025029637145365196,9
_G,5,sunday,38,0.024659804272690246,9
_G,5,sunday,39,0.023990683646609764,9
_G,5,sunday,40,0.02405257577748224,9
_G,5,sunday,41,0.023576578645435914,9
_G,5,sunday,42,0.022985383545463835,9
_G,5,sunday,43,0.02294458568989724,9
_G,5,sunday,44,0.023077152346633285,9
_G,5,sunday,45,0.02281024728804264,9
_G,5,sunday,46,0.022597870191186323,9
_G,5,sunday,47,0.020717649903797767,9
_G,5,sunday,48,0.02062861077047749,9
_G,5,weekday,1,0.018384328985712513,43
_G,5,weekday,2,0.018160880111251377,43
_G,5,weekday,3,0.017806322028133592,43
_G,5,weekday,4,0.017711502036989915,43
_G,5,weekday,5,0.017413753471721503,43
_G,5,weekday,6,0.0175268661381046,43
_G,5,weekday,7,0.017143027087914233,43
_G,5,weekday,8,0.017077050680985705,43
_G,5,weekday,9,0.01665327836539385,43
_G,5,weekday,10,0.016478989160739872,43
_G,5,weekday,11,0.01628996952346625,43
_G,5,weekday,12,0.01657168560637552,43
_G,5,weekday,13,0.017848839069828707,43
_G,5,weekday,14,0.0184268669408148,43
_G,5,weekday,15,0.0204816555963196,43
_G,5,weekday,16,0.02125427991765945,43
_G,5,weekday,17,0.022455808261600173,43
_G,5,weekday,18,0.02301803297062832,43
_G,5,weekday,19,0.023356647855847533,43
_G,5,weekday,20,0.023240494355273183,43
_G,5,weekday,21,0.023224735740757695,43
_G,5,weekday,22,0.023147276673627232,43
_G,5,weekday,23,0.023032997738737945,43
_G,5,weekday,24,0.02289217659116262,43
_G,5,weekday,25,0.02295123458660495,43
_G,5,weekday,26,0.02292845553782029,43
_G,5,weekday,27,0.022657096347329167,43
_G,5,weekday,28,0.02243089053607426,43
_G,5,weekday,29,0.022180243672936247,43
_G,5,weekday,30,0.022307381111517397,43
_G,5,weekday,31,0.022216849787435895,43
_G,5,weekday,32,0.022446343264223782,43
_G,5,weekday,33,0.02180382531871512,43
_G,5,weekday,34,0.02240030660645448,43
_G,5,weekday,35,0.022948527555715897,43
_G,5,weekday,36,0.023239443967727112,43
_G,5,weekday,37,0.02273944441469068,43
_G,5,weekday,38,0.02250150436978502,43
_G,5,weekday,39,0.022370087513086712,43
_G,5,weekday,40,0.022084152291646533,43
_G,5,weekday,41,0.0219433119092503,43
_G,5,weekday,42,0.021964639929881746,43
_G,5,weekday,43,0.02232304617494172,43
_G,5,weekday,44,0.02222003113541892,43
_G,5,weekday,45,0.021817526505363075,43
_G,5,weekday,46,0.02109246317970333,43
_G,5,weekday,47,0.01986924237648875,43
_G,5,weekday,48,0.018966486998142434,43
_G,6,saturday,1,0.02000686035002432,8
_G,6,saturday,2,0.019633615503654677,8
_G,6,saturday,3,0.019188088131361216,8
_G,6,saturday,4,0.01870116540019732,8
_G,6,saturday,5,0.018420119739947,8
_G,6,saturday,6,0.018489247135148726,8
_G,6,saturday,7,0.018153113595132418,8
_G,6,saturday,8,0.017872352611543102,8
_G,6,saturday,9,0.01690444367945411,8
_G,6,saturday,10,0.016949106878490626,8
_G,6,saturday,11,0.0164833341119897,8
_G,6,saturday,12,0.016523261434962,8
_G,6,saturday,13,0.01707555022795061,8
_G,6,saturday,14,0.017255489653136252,8
_G,6,saturday,15,0.01854858592823208,8
_G,6,saturday,16,0.0190320863230738,8
_G,6,saturday,17,0.020556324344285264,8
_G,6,saturday,18,0.021250461969772667,8
_G,6,saturday,19,0.022339812050352945,8
_G,6,saturday,20,0.02301834861142626,8
_G,6,saturday,21,0.023408143156031555,8
_G,6,saturday,22,0.023357542116045987,8
_G,6,saturday,23,0.02315715069617451,8
_G,6,saturday,24,0.02358644663531269,8
_G,6,saturday,25,0.023043912595008736,8
_G,6,saturday,26,0.022821561242565572,8
_G,6,saturday,27,0.022439861075813625,8
_G,6,saturday,28,0.022268106190919488,8
_G,6,saturday,29,0.022055338995521936,8
_G,6,saturday,30,0.02188283901133784,8
_G,6,saturday,31,0.021944422011346044,8
_G,6,saturday,32,0.0218473712355095,8
_G,6,saturday,33,0.021910035025830134,8
_G,6,saturday,34,0.022690556988714815,8
_G,6,saturday,35,0.023325744910185856,8
_G,6,saturday,36,0.0234520996078892,8
_G,6,saturday,37,0.023412474634818544,8
_G,6,saturday,38,0.023330190154015842,8
_G,6,saturday,39,0.02261987177564779,8
_G,6,saturday,40,0.022469237544880217,8
_G,6,saturday,41,0.02180078407396504,8
_G,6,saturday,42,0.021638190183370463,8
_G,6,saturday,43,0.021294012301670728,8
_G,6,saturday,44,0.02089401782866541,8
_G,6,saturday,45,0.021241026287431457,8
_G,6,saturday,46,0.020798449372816837,8
_G,6,saturday,47,0.020716762438771786,8
_G,6,saturday,48,0.02019248422960329,8
_G,6,sunday,1,0.02037835623724625,9
_G,6,sunday,2,0.019910209455651137,9
_G,6,sunday,3,0.019412782920814272,9
_G,6,sunday,4,0.019010445529274764,9
_G,6,sunday,5,0.01860837213769225,9
_G,6,sunday,6,0.018430377803112744,9
_G,6,sunday,7,0.017761492493054278,9
_G,6,sunday,8,0.01758933407853075,9
_G,6,sunday,9,0.01729071176428601,9
_G,6,sunday,10,0.017144681359505434,9
_G,6,sunday,11,0.016799566990233702,9
_G,6,sunday,12,0.016704116272771415,9
_G,6,sunday,13,0.017355461036006645,9
_G,6,sunday,14,0.017206280140508495,9
_G,6,sunday,15,0.01791787575049428,9
_G,6,sunday,16,0.018388968850413953,9
_G,6,sunday,17,0.0194990139539802,9
_G,6,sunday,18,0.019872304721797178,9
_G,6,sunday,19,0.020657062592222417,9
_G,6,sunday,20,0.02116535049576755,9
_G,6,sunday,21,0.02180162630655237,9
_G,6,sunday,22,0.021985685300209154,9
_G,6,sunday,23,0.021940888958944915,9
_G,6,sunday,24,0.02235095433689796,9
_G,6,sunday,25,0.022526624929947905,9
_G,6,sunday,26,0.02245511825120878,9
_G,6,sunday,27,0.02186537023200089,9
_G,6,sunday,28,0.02177530118880973,9
_G,6,sunday,29,0.021635412849222865,9
_G,6,sunday,30,0.021552848740305768,9
_G,6,sunday,31,0.0219947487200383,9
_G,6,sunday,32,0.022205498035541896,9
_G,6,sunday,33,0.02320519009103696,9
_G,6,sunday,34,0.023715567369673587,9
_G,6,sunday,35,0.024266627395073934,9
_G,6,sunday,36,0.024878589213029715,9
_G,6,sunday,37,0.02437592167350562,9
_G,6,sunday,38,0.02411401894166289,9
_G,6,sunday,39,0.02405994617304219,9
_G,6,sunday,40,0.023064391925822256,9
_G,6,sunday,41,0.022774808508272727,9
_G,6,sunday,42,0.022297520738882054,9
_G,6,sunday,43,0.021911788501266734,9
_G,6,sunday,44,0.021579402282012647,9
_G,6,sunday,45,0.02186275840626349,9
_G,6,sunday,46,0.021459485667825077,9
_G,6,sunday,47,0.020986634874828342,9
_G,6,sunday,48,0.020254505804757492,9
_G,6,weekday,1,0.018386295796589357,43
_G,6,weekday,2,0.018017844189384957,43
_G,6,weekday,3,0.01778046992513464,43
_G,6,weekday,4,0.0176564944898133,43
_G,6,weekday,5,0.017401757533200255,43
_G,6,weekday,6,0.01741100079494279,43
_G,6,weekday,7,0.017013657776800917,43
_G,6,weekday,8,0.016959828128354993,43
_G,6,weekday,9,0.016462276120481803,43
_G,6,weekday,10,0.016213649311032897,43
_G,6,weekday,11,0.016177876628966602,43
_G,6,weekday,12,0.01645119216501452,43
_G,6,weekday,13,0.017735195665667967,43
_G,6,weekday,14,0.0184339609103849,43
_G,6,weekday,15,0.020747074610097005,43
_G,6,weekday,16,0.021561601228243667,43
_G,6,weekday,17,0.022786846020023895,43
_G,6,weekday,18,0.02313147257370776,43
_G,6,weekday,19,0.023682295685852704,43
_G,6,weekday,20,0.02356926789225907,43
_G,6,weekday,21,0.023593769314432016,43
_G,6,weekday,22,0.02359537428200773,43
_G,6,weekday,23,0.023702213656677205,43
_G,6,weekday,24,0.023660480320793483,43
_G,6,weekday,25,0.023668635367453773,43
_G,6,weekday,26,0.023458959662660907,43
_G,6,weekday,27,0.02337706875002154,43
_G,6,weekday,28,0.02313537246861017,43
_G,6,weekday,29,0.02274756552493845,43
_G,6,weekday,30,0.022644735337712916,43
_G,6,weekday,31,0.022523860696738153,43
_G,6,weekday,32,0.022864375138834818,43
_G,6,weekday,33,0.022247655634596908,43
_G,6,weekday,34,0.02265180694644705,43
_G,6,weekday,35,0.022875861107147927,43
_G,6,weekday,36,0.023033268719977427,43
_G,6,weekday,37,0.02246988404270606,43
_G,6,weekday,38,0.02205267695854781,43
_G,6,weekday,39,0.02171470779395382,43
_G,6,weekday,40,0.021357836263881703,43
_G,6,weekday,41,0.021165019397386308,43
_G,6,weekday,42,0.021194204097561054,43
_G,6,weekday,43,0.021330495690801452,43
_G,6,weekday,44,0.021162852843895637,43
_G,6,weekday,45,0.021068238919309982,43
_G,6,weekday,46,0.020669812777685915,43
_G,6,weekday,47,0.019502983182096683,43
_G,6,weekday,48,0.018950227657169104,43
_G,7,saturday,1,0.020118276833788994,8
_G,7,saturday,2,0.019927657897958542,8
_G,7,saturday,3,0.019156249983633435,8
_G,7,saturday,4,0.019291914409299435,8
_G,7,saturday,5,0.018789183753490823,8
_G,7,saturday,6,0.01854372932418186,8
_G,7,saturday,7,0.018036681595869457,8
_G,7,saturday,8,0.01762383309792123,8
_G,7,saturday,9,0.017455390032840634,8
_G,7,saturday,10,0.017014187669112158,8
_G,7,saturday,11,0.016677226552250554,8
_G,7,saturday,12,0.01684321484703185,8
_G,7,saturday,13,0.017615073293149732,8
_G,7,saturday,14,0.017559051500438162,8
_G,7,saturday,15,0.01914107289936397,8
_G,7,saturday,16,0.01934542617955016,8
_G,7,saturday,17,0.020542124717339596,8
_G,7,saturday,18,0.021145219865824127,8
_G,7,saturday,19,0.02166963544548628,8
_G,7,saturday,20,0.02182302141763338,8
_G,7,saturday,21,0.022180128467879996,8
_G,7,saturday,22,0.022145087515402104,8
_G,7,saturday,23,0.022275284286089988,8
_G,7,saturday,24,0.022374890734054426,8
_G,7,saturday,25,0.02257348970034838,8
_G,7,saturday,26,0.0226767225925854,8
_G,7,saturday,27,0.02249754246886272,8
_G,7,saturday,28,0.022349185335665312,8
_G,7,saturday,29,0.022180510356036034,8
_G,7,saturday,30,0.022019083452398346,8
_G,7,saturday,31,0.021784201629832814,8
_G,7,saturday,32,0.022014777214493852,8
_G,7,saturday,33,0.02287215380926649,8
_G,7,saturday,34,0.02297985324111402,8
_G,7,saturday,35,0.023524878289630374,8
_G,7,saturday,36,0.024368020252865573,8
_G,7,saturday,37,0.02366554448688963,8
_G,7,saturday,38,0.023040928247427966,8
_G,7,saturday,39,0.022602137493632418,8
_G,7,saturday,40,0.02197829376137611,8
_G,7,saturday,41,0.022327942195839768,8
_G,7,saturday,42,0.021786873077620266,8
_G,7,saturday,43,0.021230257495061165,8
_G,7,saturday,44,0.021049018299528842,8
_G,7,saturday,45,0.02102717471995214,8
_G,7,saturday,46,0.021435699409781923,8
_G,7,saturday,47,0.020732374384063938,8
_G,7,saturday,48,0.019989775766135618,8
_G,7,sunday,1,0.0202984809458785,8
_G,7,sunday,2,0.01998937009129767,8
_G,7,sunday,3,0.019495424215853638,8
_G,7,sunday,4,0.0194157835792531,8
_G,7,sunday,5,0.018728122186520816,8
_G,7,sunday,6,0.018226076266070312,8
_G,7,sunday,7,0.017844242518917242,8
_G,7,sunday,8,0.017576807641355958,8
_G,7,sunday,9,0.017179712113885803,8
_G,7,sunday,10,0.016716105896987833,8
_G,7,sunday,11,0.016502784819169836,8
_G,7,sunday,12,0.016168751525819466,8
_G,7,sunday,13,0.016901683252855952,8
_G,7,sunday,14,0.01687849199923143,8
_G,7,sunday,15,0.017731407789235168,8
_G,7,sunday,16,0.018036188816804008,8
_G,7,sunday,17,0.019254607444383134,8
_G,7,sunday,18,0.020157220957664944,8
_G,7,sunday,19,0.020286010744086445,8
_G,7,sunday,20,0.020906961919701258,8
_G,7,sunday,21,0.0212276590389547,8
_G,7,sunday,22,0.021438759351815048,8
_G,7,sunday,23,0.02168346963507311,8
_G,7,sunday,24,0.02144498677938736,8
_G,7,sunday,25,0.0216260149859134,8
_G,7,sunday,26,0.021796578020951345,8
_G,7,sunday,27,0.021898986574918906,8
_G,7,sunday,28,0.02193575215200267,8
_G,7,sunday,29,0.022506641391907382,8
_G,7,sunday,30,0.02234101772809295,8
_G,7,sunday,31,0.022424121352848922,8
_G,7,sunday,32,0.022599135661954286,8
_G,7,sunday,33,0.022932905675861887,8
_G,7,sunday,34,0.02375857964848376,8
_G,7,sunday,35,0.024315437081616195,8
_G,7,sunday,36,0.024690215957519232,8
_G,7,sunday,37,0.02431055440825606,8
_G,7,sunday,38,0.024102189690525,8
_G,7,sunday,39,0.023509525669766183,8
_G,7,sunday,40,0.023633697646649854,8
_G,7,sunday,41,0.022850030789112064,8
_G,7,sunday,42,0.022674892295495297,8
_G,7,sunday,43,0.02220178884738663,8
_G,7,sunday,44,0.02249879591940147,8
_G,7,sunday,45,0.022494204404252257,8
_G,7,sunday,46,0.022129078442412204,8
_G,7,sunday,47,0.021646808522787345,8
_G,7,sunday,48,0.02103393760168195,8
_G,7,weekday,1,0.018690819433681574,46
_G,7,weekday,2,0.018473611447854234,46
_G,7,weekday,3,0.018157890158519006,46
_G,7,weekday,4,0.01800706088760027,46
_G,7,weekday,5,0.01779918778934696,46
_G,7,weekday,6,0.01779282826488886,46
_G,7,weekday,7,0.017480203882411595,46
_G,7,weekday,8,0.017435489798444014,46
_G,7,weekday,9,0.016905996589702425,46
_G,7,weekday,10,0.016827556260124443,46
_G,7,weekday,11,0.01629809055690651,46
_G,7,weekday,12,0.016425547019031057,46
_G,7,weekday,13,0.017661736012443897,46
_G,7,weekday,14,0.018064831259404304,46
_G,7,weekday,15,0.020558953235413967,46
_G,7,weekday,16,0.021189198574068396,46
_G,7,weekday,17,0.02281432288778178,46
_G,7,weekday,18,0.023080678370164746,46
_G,7,weekday,19,0.023430426714398277,46
_G,7,weekday,20,0.023414738259618727,46
_G,7,weekday,21,0.023503962498532503,46
_G,7,weekday,22,0.023496287732309277,46
_G,7,weekday,23,0.023484616900529377,46
_G,7,weekday,24,0.0235015276454204,46
_G,7,weekday,25,0.023487549149906715,46
_G,7,weekday,26,0.023257080039289318,46
_G,7,weekday,27,0.02296033950521571,46
_G,7,weekday,28,0.022672535575368476,46
_G,7,weekday,29,0.02251861406924085,46
_G,7,weekday,30,0.022430251767730527,46
_G,7,weekday,31,0.022399835903500732,46
_G,7,weekday,32,0.022589416430735275,46
_G,7,weekday,33,0.022028676046667067,46
_G,7,weekday,34,0.02251451200686718,46
_G,7,weekday,35,0.02257370206611663,46
_G,7,weekday,36,0.022850909185769538,46
_G,7,weekday,37,0.022409664715548134,46
_G,7,weekday,38,0.0221479746182879,46
_G,7,weekday,39,0.02189829737280464,46
_G,7,weekday,40,0.021609241098492743,46
_G,7,weekday,41,0.021301822446518966,46
_G,7,weekday,42,0.021130240102505506,46
_G,7,weekday,43,0.02119191541631577,46
_G,7,weekday,44,0.021199485417569785,46
_G,7,weekday,45,0.02091753322390625,46
_G,7,weekday,46,0.02055317414961865,46
_G,7,weekday,47,0.019793940012751348,46
_G,7,weekday,48,0.019067727500675688,46
_G,8,saturday,1,0.020543500955793968,9
_G,8,saturday,2,0.02043256024424758,9
_G,8,saturday,3,0.019675715376194197,9
_G,8,saturday,4,0.01969746848808709,9
_G,8,saturday,5,0.019142927065082922,9
_G,8,saturday,6,0.018945842557472354,9
_G,8,saturday,7,0.018657730364131975,9
_G,8,saturday,8,0.01853241914004391,9
_G,8,saturday,9,0.01810823318266072,9
_G,8,saturday,10,0.01806243479357678,9
_G,8,saturday,11,0.017584765255590704,9
_G,8,saturday,12,0.01735770752972112,9
_G,8,saturday,13,0.018177674647557995,9
_G,8,saturday,14,0.01829448856373285,9
_G,8,saturday,15,0.019762982398268906,9
_G,8,saturday,16,0.019870699808268198,9
_G,8,saturday,17,0.02077073427032515,9
_G,8,saturday,18,0.021236756710002323,9
_G,8,saturday,19,0.021719646317303592,9
_G,8,saturday,20,0.022012062087774273,9
_G,8,saturday,21,0.022443551557022632,9
_G,8,saturday,22,0.022423578726305595,9
_G,8,saturday,23,0.022307360304952333,9
_G,8,saturday,24,0.02227693928132141,9
_G,8,saturday,25,0.022340541570755254,9
_G,8,saturday,26,0.022148150149937713,9
_G,8,saturday,27,0.021782106072886335,9
_G,8,saturday,28,0.021567655830260404,9
_G,8,saturday,29,0.02110348310977104,9
_G,8,saturday,30,0.020970835236619943,9
_G,8,saturday,31,0.02069083434005907,9
_G,8,saturday,32,0.02070560513001587,9
_G,8,saturday,33,0.02101389649679809,9
_G,8,saturday,34,0.021728921625948923,9
_G,8,saturday,35,0.02234398016329278,9
_G,8,saturday,36,0.02295098848741242,9
_G,8,saturday,37,0.02291743880229473,9
_G,8,saturday,38,0.0224589585422578,9
_G,8,saturday,39,0.02193363428069272,9
_G,8,saturday,40,0.022128419503995512,9
_G,8,saturday,41,0.022113591330995625,9
_G,8,saturday,42,0.02234141856805176,9
_G,8,saturday,43,0.02173419310166401,9
_G,8,saturday,44,0.022158322299100815,9
_G,8,saturday,45,0.022009978850683908,9
_G,8,saturday,46,0.021552904316529526,9
_G,8,saturday,47,0.020822177363266494,9
_G,8,saturday,48,0.020444185201270712,9
_G,8,sunday,1,0.019893276094075527,9
_G,8,sunday,2,0.019640588603974593,9
_G,8,sunday,3,0.019148660393882078,9
_G,8,sunday,4,0.019022280249403407,9
_G,8,sunday,5,0.01871206230205623,9
_G,8,sunday,6,0.01843487203026238,9
_G,8,sunday,7,0.01794573069063689,9
_G,8,sunday,8,0.01774148130307359,9
_G,8,sunday,9,0.01734188978890663,9
_G,8,sunday,10,0.017161427294770933,9
_G,8,sunday,11,0.016804658175065237,9
_G,8,sunday,12,0.016608818293508527,9
_G,8,sunday,13,0.01689307952880901,9
_G,8,sunday,14,0.017064596399317348,9
_G,8,sunday,15,0.018130885321355927,9
_G,8,sunday,16,0.01845609117924163,9
_G,8,sunday,17,0.019281796475045226,9
_G,8,sunday,18,0.020124350368098478,9
_G,8,sunday,19,0.020968630029337236,9
_G,8,sunday,20,0.02157916370968401,9
_G,8,sunday,21,0.021707395915444603,9
_G,8,sunday,22,0.022259573670460983,9
_G,8,sunday,23,0.022016721608747552,9
_G,8,sunday,24,0.022266423420697363,9
_G,8,sunday,25,0.022406306531664345,9
_G,8,sunday,26,0.022272520732579713,9
_G,8,sunday,27,0.022053884137700524,9
_G,8,sunday,28,0.021879000176160505,9
_G,8,sunday,29,0.02171801162828988,9
_G,8,sunday,30,0.021699950675333094,9
_G,8,sunday,31,0.02179673928223335,9
_G,8,sunday,32,0.02196459070176141,9
_G,8,sunday,33,0.022995764750166556,9
_G,8,sunday,34,0.02405049977540485,9
_G,8,sunday,35,0.024292486460236254,9
_G,8,sunday,36,0.024679787632259465,9
_G,8,sunday,37,0.02452774736221843,9
_G,8,sunday,38,0.02400626633130494,9
_G,8,sunday,39,0.023139782102842153,9
_G,8,sunday,40,0.02272028184847505,9
_G,8,sunday,41,0.022530886723754143,9
_G,8,sunday,42,0.022554976346056077,9
_G,8,sunday,43,0.02264847755885315,9
_G,8,sunday,44,0.022717314729326935,9
_G,8,sunday,45,0.022014553320883336,9
_G,8,sunday,46,0.02178670465662349,9
_G,8,sunday,47,0.020486516936484088,9
_G,8,sunday,48,0.01985249675353288,9
_G,8,weekday,1,0.01848707700604387,40
_G,8,weekday,2,0.018250344945240214,40
_G,8,weekday,3,0.017976156814846912,40
_G,8,weekday,4,0.017862582295527868,40
_G,8,weekday,5,0.01785490807028324,40
_G,8,weekday,6,0.017666005762039538,40
_G,8,weekday,7,0.017296520522804795,40
_G,8,weekday,8,0.01722670481541661,40
_G,8,weekday,9,0.016604650853133594,40
_G,8,weekday,10,0.016459164642408368,40
_G,8,weekday,11,0.015859506839263175,40
_G,8,weekday,12,0.015924388416013076,40
_G,8,weekday,13,0.016860895452903958,40
_G,8,weekday,14,0.017203358200843493,40
_G,8,weekday,15,0.019748934182190675,40
_G,8,weekday,16,0.02035358505875503,40
_G,8,weekday,17,0.022180266101042245,40
_G,8,weekday,18,0.02276310817295784,40
_G,8,weekday,19,0.02340956357480377,40
_G,8,weekday,20,0.02347505881665643,40
_G,8,weekday,21,0.023534877685083645,40
_G,8,weekday,22,0.023604973718227364,40
_G,8,weekday,23,0.023430854558707408,40
_G,8,weekday,24,0.023414699503686263,40
_G,8,weekday,25,0.023676770597165817,40
_G,8,weekday,26,0.023646741555195232,40
_G,8,weekday,27,0.023513156354330083,40
_G,8,weekday,28,0.023418102612378203,40
_G,8,weekday,29,0.02313393222488139,40
_G,8,weekday,30,0.02303552883384375,40
_G,8,weekday,31,0.02278988857833303,40
_G,8,weekday,32,0.023076286345761775,40
_G,8,weekday,33,0.02236990309534158,40
_G,8,weekday,34,0.022866144659560377,40
_G,8,weekday,35,0.022911786675824913,40
_G,8,weekday,36,0.0229759692168326,40
_G,8,weekday,37,0.022234821213396087,40
_G,8,weekday,38,0.021950977348543368,40
_G,8,weekday,39,0.021771350027026955,40
_G,8,weekday,40,0.02150574080827447,40
_G,8,weekday,41,0.021704521662546657,40
_G,8,weekday,42,0.021830549497215034,40
_G,8,weekday,43,0.02202369090787969,40
_G,8,weekday,44,0.021892395937561426,40
_G,8,weekday,45,0.021178640217284467,40
_G,8,weekday,46,0.020585259784590644,40
_G,8,weekday,47,0.01954663639219577,40
_G,8,weekday,48,0.018913019445157286,40
_G,9,saturday,1,0.019558106369267473,4
_G,9,saturday,2,0.018926299518885685,4
_G,9,saturday,3,0.01834172842758911,4
_G,9,saturday,4,0.017811990800703666,4
_G,9,saturday,5,0.01774438451002489,4
_G,9,saturday,6,0.017787077831623407,4
_G,9,saturday,7,0.017225307123181145,4
_G,9,saturday,8,0.01709321592418499,4
_G,9,saturday,9,0.017024435746563323,4
_G,9,saturday,10,0.01695242118731915,4
_G,9,saturday,11,0.016664545846585384,4
_G,9,saturday,12,0.016641996163862215,4
_G,9,saturday,13,0.017709509155736037,4
_G,9,saturday,14,0.017825892196349155,4
_G,9,saturday,15,0.01869733529348292,4
_G,9,saturday,16,0.019785093529691856,4
_G,9,saturday,17,0.020677080002010594,4
_G,9,saturday,18,0.021451184525886943,4
_G,9,saturday,19,0.022113209290484288,4
_G,9,saturday,20,0.022543661794701214,4
_G,9,saturday,21,0.022863692037384926,4
_G,9,saturday,22,0.02336161344554571,4
_G,9,saturday,23,0.023351170214596165,4
_G,9,saturday,24,0.023456584457466016,4
_G,9,saturday,25,0.023957893473186404,4
_G,9,saturday,26,0.022791225400984463,4
_G,9,saturday,27,0.023062798176062528,4
_G,9,saturday,28,0.02253334892780448,4
_G,9,saturday,29,0.02243977829136894,4
_G,9,saturday,30,0.022386433027194265,4
_G,9,saturday,31,0.022064227938892508,4
_G,9,saturday,32,0.02219415752703129,4
_G,9,saturday,33,0.023072870784565647,4
_G,9,saturday,34,0.0235988867108993,4
_G,9,saturday,35,0.023721896194322092,4
_G,9,saturday,36,0.023685091753274184,4
_G,9,saturday,37,0.023096747439132228,4
_G,9,saturday,38,0.022462479933466232,4
_G,9,saturday,39,0.0226064062180921,4
_G,9,saturday,40,0.0225423150785719,4
_G,9,saturday,41,0.022686739038157308,4
_G,9,saturday,42,0.022158297133266884,4
_G,9,saturday,43,0.02209695749963548,4
_G,9,saturday,44,0.021754421246148445,4
_G,9,saturday,45,0.020654933743732597,4
_G,9,saturday,46,0.020416000390413316,4
_G,9,saturday,47,0.019176416414913813,4
_G,9,saturday,48,0.019232142265757337,4
_G,9,sunday,1,0.01806190981934071,4
_G,9,sunday,2,0.017549635776774885,4
_G,9,sunday,3,0.01753350673753471,4
_G,9,sunday,4,0.016977961089162046,4
_G,9,sunday,5,0.016944996485718566,4
_G,9,sunday,6,0.01649156229007841,4
_G,9,sunday,7,0.015945456981514696,4
_G,9,sunday,8,0.01608179166690244,4
_G,9,sunday,9,0.015530658147302836,4
_G,9,sunday,10,0.015529989044820256,4
_G,9,sunday,11,0.015918940258271244,4
_G,9,sunday,12,0.01610166183294109,4
_G,9,sunday,13,0.01662054467995362,4
_G,9,sunday,14,0.01632331740373449,4
_G,9,sunday,15,0.01834815981566026,4
_G,9,sunday,16,0.018502796241636324,4
_G,9,sunday,17,0.01993585960415196,4
_G,9,sunday,18,0.020199037525181686,4
_G,9,sunday,19,0.021435889695115597,4
_G,9,sunday,20,0.022000377974144253,4
_G,9,sunday,21,0.021650354006957046,4
_G,9,sunday,22,0.0220753709057976,4
_G,9,sunday,23,0.022941962433888012,4
_G,9,sunday,24,0.022737788156194337,4
_G,9,sunday,25,0.023601842593763998,4
_G,9,sunday,26,0.02314959566224398,4
_G,9,sunday,27,0.022855912954729142,4
_G,9,sunday,28,0.022796604493160393,4
_G,9,sunday,29,0.02297199778426524,4
_G,9,sunday,30,0.02342987954957701,4
_G,9,sunday,31,0.024022967202869294,4
_G,9,sunday,32,0.02451842323583541,4
_G,9,sunday,33,0.025269309525754458,4
_G,9,sunday,34,0.02529316313525417,4
_G,9,sunday,35,0.025304230675488575,4
_G,9,sunday,36,0.02506733511595766,4
_G,9,sunday,37,0.024418938136743513,4
_G,9,sunday,38,0.023929612692795456,4
_G,9,sunday,39,0.02425461803851522,4
_G,9,sunday,40,0.023999159921690598,4
_G,9,sunday,41,0.023771251344889013,4
_G,9,sunday,42,0.023236532776914287,4
_G,9,sunday,43,0.02276712299088486,4
_G,9,sunday,44,0.02260486860753699,4
_G,9,sunday,45,0.021525052578050898,4
_G,9,sunday,46,0.02086515261991985,4
_G,9,sunday,47,0.019421926009836523,4
_G,9,sunday,48,0.0194849737805464,4
_G,9,weekday,1,0.017210589636452885,22
_G,9,weekday,2,0.016905029937121743,22
_G,9,weekday,3,0.016557284709607854,22
_G,9,weekday,4,0.01625016795926886,22
_G,9,weekday,5,0.01627049066847362,22
_G,9,weekday,6,0.01632783143115942,22
_G,9,weekday,7,0.01626691892035657,22
_G,9,weekday,8,0.016107428733373463,22
_G,9,weekday,9,0.01584453552556297,22
_G,9,weekday,10,0.015897906052321727,22
_G,9,weekday,11,0.01609764242609258,22
_G,9,weekday,12,0.016484784935961394,22
_G,9,weekday,13,0.017617547103965913,22
_G,9,weekday,14,0.018363258463227616,22
_G,9,weekday,15,0.01974877687487356,22
_G,9,weekday,16,0.020320151567696808,22
_G,9,weekday,17,0.022128680427514917,22
_G,9,weekday,18,0.022960386222567433,22
_G,9,weekday,19,0.023602818110602386,22
_G,9,weekday,20,0.02407136046107108,22
_G,9,weekday,21,0.0238294769135342,22
_G,9,weekday,22,0.0239468048471788,22
_G,9,weekday,23,0.023660038373143368,22
_G,9,weekday,24,0.023754583664239905,22
_G,9,weekday,25,0.023800073526582855,22
_G,9,weekday,26,0.02379470538691171,22
_G,9,weekday,27,0.023616648349891366,22
_G,9,weekday,28,0.023442995054286972,22
_G,9,weekday,29,0.02345206834352266,22
_G,9,weekday,30,0.02324452880988769,22
_G,9,weekday,31,0.02295085553340725,22
_G,9,weekday,32,0.023139523622207725,22
_G,9,weekday,33,0.022924882000587787,22
_G,9,weekday,34,0.023137896465875562,22
_G,9,weekday,35,0.02340334685599509,22
_G,9,weekday,36,0.023436842933377108,22
_G,9,weekday,37,0.022684445592915797,22
_G,9,weekday,38,0.022345656737104695,22
_G,9,weekday,39,0.022698051791185173,22
_G,9,weekday,40,0.022660055183622737,22
_G,9,weekday,41,0.02351263556290645,22
_G,9,weekday,42,0.02354860755569729,22
_G,9,weekday,43,0.022783210638912508,22
_G,9,weekday,44,0.021947822935726533,22
_G,9,weekday,45,0.020580977911539726,22
_G,9,weekday,46,0.0196921798314045,22
_G,9,weekday,47,0.018800956146799528,22
_G,9,weekday,48,0.01817653926428218,22
_G,10,saturday,1,0.018334158020538647,4
_G,10,saturday,2,0.017721150654224457,4
_G,10,saturday,3,0.017497799809631072,4
_G,10,saturday,4,0.01778895784731173,4
_G,10,saturday,5,0.01768132774201307,4
_G,10,saturday,6,0.017660830497388744,4
_G,10,saturday,7,0.016781869338841238,4
_G,10,saturday,8,0.017207761625010226,4
_G,10,saturday,9,0.016788451725641914,4
_G,10,saturday,10,0.01679539775013693,4
_G,10,saturday,11,0.016141693267523467,4
_G,10,saturday,12,0.015808006426739258,4
_G,10,saturday,13,0.016631086668844282,4
_G,10,saturday,14,0.01696205008306779,4
_G,10,saturday,15,0.01803222478395051,4
_G,10,saturday,16,0.018422698879992105,4
_G,10,saturday,17,0.020392875750732797,4
_G,10,saturday,18,0.021018280338177056,4
_G,10,saturday,19,0.022037804274525438,4
_G,10,saturday,20,0.022669712633791417,4
_G,10,saturday,21,0.022978523597390322,4
_G,10,saturday,22,0.02373648711250298,4
_G,10,saturday,23,0.023771877122637217,4
_G,10,saturday,24,0.023631350103634794,4
_G,10,saturday,25,0.023876670641476003,4
_G,10,saturday,26,0.022970860493718687,4
_G,10,saturday,27,0.022874616687782515,4
_G,10,saturday,28,0.023270052018003095,4
_G,10,saturday,29,0.02279964138510627,4
_G,10,saturday,30,0.023115217335347295,4
_G,10,saturday,31,0.022589414492561265,4
_G,10,saturday,32,0.022699391091828128,4
_G,10,saturday,33,0.022012682080077842,4
_G,10,saturday,34,0.022763358068707554,4
_G,10,saturday,35,0.02378571290269529,4
_G,10,saturday,36,0.023799959755691824,4
_G,10,saturday,37,0.024371357608666714,4
_G,10,saturday,38,0.024264315957849503,4
_G,10,saturday,39,0.024241321671980533,4
_G,10,saturday,40,0.02445815727234165,4
_G,10,saturday,41,0.02408768448182947,4
_G,10,saturday,42,0.023778983767584274,4
_G,10,saturday,43,0.022388799131932154,4
_G,10,saturday,44,0.021743363602900554,4
_G,10,saturday,45,0.02041690899089265,4
_G,10,saturday,46,0.020091574644166933,4
_G,10,saturday,47,0.018804833095863383,4
_G,10,saturday,48,0.01830274676674893,4
_G,10,sunday,1,0.016708621841261897,4
_G,10,sunday,2,0.016708135170835872,4
_G,10,sunday,3,0.01605888618987972,4
_G,10,sunday,4,0.015966735671350065,4
_G,10,sunday,5,0.015947165521985364,4
_G,10,sunday,6,0.01584907347617862,4
_G,10,sunday,7,0.01559359154739623,4
_G,10,sunday,8,0.015453962434032026,4
_G,10,sunday,9,0.015251746413340298,4
_G,10,sunday,10,0.015233452710665632,4
_G,10,sunday,11,0.015527937394849457,4
_G,10,sunday,12,0.014827088313778911,4
_G,10,sunday,13,0.015028585070622963,4
_G,10,sunday,14,0.01547226480678438,4
_G,10,sunday,15,0.015735727044762463,4
_G,10,sunday,16,0.01626927285108264,4
_G,10,sunday,17,0.017744155484462763,4
_G,10,sunday,18,0.018192093252900055,4
_G,10,sunday,19,0.019681003964159432,4
_G,10,sunday,20,0.0205319689137529,4
_G,10,sunday,21,0.02248099245821545,4
_G,10,sunday,22,0.02270599876915116,4
_G,10,sunday,23,0.02243768182193339,4
_G,10,sunday,24,0.022463512059757273,4
_G,10,sunday,25,0.023262969411407926,4
_G,10,sunday,26,0.023367210562793988,4
_G,10,sunday,27,0.02341945472973108,4
_G,10,sunday,28,0.023053416520769705,4
_G,10,sunday,29,0.02306961501632083,4
_G,10,sunday,30,0.02371687343190605,4
_G,10,sunday,31,0.02291799519651212,4
_G,10,sunday,32,0.024012902476278346,4
_G,10,sunday,33,0.024182490046250154,4
_G,10,sunday,34,0.024821972858397386,4
_G,10,sunday,35,0.025650971438750572,4
_G,10,sunday,36,0.02531221428727663,4
_G,10,sunday,37,0.025236375880715277,4
_G,10,sunday,38,0.024904893601334507,4
_G,10,sunday,39,0.02470018740621692,4
_G,10,sunday,40,0.024049391819894985,4
_G,10,sunday,41,0.02372376631386321,4
_G,10,sunday,42,0.023111027025319048,4
_G,10,sunday,43,0.022006137778730398,4
_G,10,sunday,44,0.02147422738289701,4
_G,10,sunday,45,0.019998727476181102,4
_G,10,sunday,46,0.01959434825174016,4
_G,10,sunday,47,0.018418266969648964,4
_G,10,sunday,48,0.017894092362871362,4
_G,10,sunday,49,0.015552591476988417,1
_G,10,sunday,50,0.014678227094064784,1
_G,10,weekday,1,0.016792170147811303,23
_G,10,weekday,2,0.016645982967741065,23
_G,10,weekday,3,0.01634187846353693,23
_G,10,weekday,4,0.016233516253278936,23
_G,10,weekday,5,0.01596485919243539,23
_G,10,weekday,6,0.01598824315299727,23
_G,10,weekday,7,0.01578557862338147,23
_G,10,weekday,8,0.01573579320378123,23
_G,10,weekday,9,0.015535783910341517,23
_G,10,weekday,10,0.015392013537339776,23
_G,10,weekday,11,0.015676302289106814,23
_G,10,weekday,12,0.016267288273990096,23
_G,10,weekday,13,0.01777534448825232,23
_G,10,weekday,14,0.018643284645513354,23
_G,10,weekday,15,0.020025710165346475,23
_G,10,weekday,16,0.02023224616874646,23
_G,10,weekday,17,0.02199005583080487,23
_G,10,weekday,18,0.022430510087583136,23
_G,10,weekday,19,0.023346271451390784,23
_G,10,weekday,20,0.024015244127872197,23
_G,10,weekday,21,0.024220955176498644,23
_G,10,weekday,22,0.02442192718256286,23
_G,10,weekday,23,0.02469140482788929,23
_G,10,weekday,24,0.024672579862576427,23
_G,10,weekday,25,0.024780532427288355,23
_G,10,weekday,26,0.02443788705164845,23
_G,10,weekday,27,0.024302135225437754,23
_G,10,weekday,28,0.02412434457211114,23
_G,10,weekday,29,0.023782760383181268,23
_G,10,weekday,30,0.02379038403047604,23
_G,10,weekday,31,0.02348974425522925,23
_G,10,weekday,32,0.023510670023075164,23
_G,10,weekday,33,0.02326167784128282,23
_G,10,weekday,34,0.02317038482594141,23
_G,10,weekday,35,0.023407746077183097,23
_G,10,weekday,36,0.022999619494354535,23
_G,10,weekday,37,0.022874717692478373,23
_G,10,weekday,38,0.022966228450728633,23
_G,10,weekday,39,0.023734011536872157,23
_G,10,weekday,40,0.023375042143364624,23
_G,10,weekday,41,0.022968748534985227,23
_G,10,weekday,42,0.0227789262056053,23
_G,10,weekday,43,0.02181163888152633,23
_G,10,weekday,44,0.02125821189173849,23
_G,10,weekday,45,0.020039415057249994,23
_G,10,weekday,46,0.01911468547740945,23
_G,10,weekday,47,0.017975892912155313,23
_G,10,weekday,48,0.01721965097789822,23
_G,11,saturday,1,0.017749051602403663,5
_G,11,saturday,2,0.0175968116053704,5
_G,11,saturday,3,0.017484987877869555,5
_G,11,saturday,4,0.01720418998763793,5
_G,11,saturday,5,0.016871013991587434,5
_G,11,saturday,6,0.017000986100705464,5
_G,11,saturday,7,0.016237161208424455,5
_G,11,saturday,8,0.015931412719013584,5
_G,11,saturday,9,0.01564029914572158,5
_G,11,saturday,10,0.015454866895620594,5
_G,11,saturday,11,0.01538956756635671,5
_G,11,saturday,12,0.01549372750109353,5
_G,11,saturday,13,0.016208898135086268,5
_G,11,saturday,14,0.01696209510606115,5
_G,11,saturday,15,0.018124830023713748,5
_G,11,saturday,16,0.01868361118193583,5
_G,11,saturday,17,0.020631206943518794,5
_G,11,saturday,18,0.021062747138009874,5
_G,11,saturday,19,0.022236882802686347,5
_G,11,saturday,20,0.02276482119486739,5
_G,11,saturday,21,0.02291545698612201,5
_G,11,saturday,22,0.023234573206706473,5
_G,11,saturday,23,0.02363204900624021,5
_G,11,saturday,24,0.023377424632420242,5
_G,11,saturday,25,0.023197127945338132,5
_G,11,saturday,26,0.022857310320714228,5
_G,11,saturday,27,0.02306777011528805,5
_G,11,saturday,28,0.02323438013542932,5
_G,11,saturday,29,0.023299721450799348,5
_G,11,saturday,30,0.023282592422185396,5
_G,11,saturday,31,0.023876688842580096,5
_G,11,saturday,32,0.02396179817483445,5
_G,11,saturday,33,0.024587271783921023,5
_G,11,saturday,34,0.02505561462860838,5
_G,11,saturday,35,0.025797768425252103,5
_G,11,saturday,36,0.025479843887335395,5
_G,11,saturday,37,0.02521203070773223,5
_G,11,saturday,38,0.024947320657170778,5
_G,11,saturday,39,0.024695642371169595,5
_G,11,saturday,40,0.024747806924242513,5
_G,11,saturday,41,0.02344359911541435,5
_G,11,saturday,42,0.022466545314073272,5
_G,11,saturday,43,0.021374007263779284,5
_G,11,saturday,44,0.021181254498295103,5
_G,11,saturday,45,0.020397396372142752,5
_G,11,saturday,46,0.01961547420547663,5
_G,11,saturday,47,0.0184866854449079,5
_G,11,saturday,48,0.017845676434136447,5
_G,11,sunday,1,0.01754591336899075,5
_G,11,sunday,2,0.01756287267408646,5
_G,11,sunday,3,0.017061547300047174,5
_G,11,sunday,4,0.0166580706991327,5
_G,11,sunday,5,0.01660650673258519,5
_G,11,sunday,6,0.01636236555311192,5
_G,11,sunday,7,0.016020389150348584,5
_G,11,sunday,8,0.01595201721685114,5
_G,11,sunday,9,0.015252583881086449,5
_G,11,sunday,10,0.01549554713300387,5
_G,11,sunday,11,0.015038432217143871,5
_G,11,sunday,12,0.015310595616864636,5
_G,11,sunday,13,0.016182283928837273,5
_G,11,sunday,14,0.01661015064957459,5
_G,11,sunday,15,0.01757276222317721,5
_G,11,sunday,16,0.017490867462872903,5
_G,11,sunday,17,0.01853253745604705,5
_G,11,sunday,18,0.019195306003182956,5
_G,11,sunday,19,0.020443840168131253,5
_G,11,sunday,20,0.020825470687562683,5
_G,11,sunday,21,0.021890097681766873,5
_G,11,sunday,22,0.022521358579652567,5
_G,11,sunday,23,0.022650396844325217,5
_G,11,sunday,24,0.023279678207115136,5
_G,11,sunday,25,0.024076236830494122,5
_G,11,sunday,26,0.023923297402245938,5
_G,11,sunday,27,0.0233241694290356,5
_G,11,sunday,28,0.022957440550434787,5
_G,11,sunday,29,0.02253133104612407,5
_G,11,sunday,30,0.02368287072159153,5
_G,11,sunday,31,0.024285389821486453,5
_G,11,sunday,32,0.024771069152329562,5
_G,11,sunday,33,0.025543133244236394,5
_G,11,sunday,34,0.026170819789023764,5
_G,11,sunday,35,0.02669666811645604,5
_G,11,sunday,36,0.02705646497498937,5
_G,11,sunday,37,0.026683290461881455,5
_G,11,sunday,38,0.026342628067679286,5
_G,11,sunday,39,0.026127001287389713,5
_G,11,sunday,40,0.02534991358373529,5
_G,11,sunday,41,0.024473292521696784,5
_G,11,sunday,42,0.023726623000639192,5
_G,11,sunday,43,0.022325605108244037,5
_G,11,sunday,44,0.021564350138834863,5
_G,11,sunday,45,0.020383689984998295,5
_G,11,sunday,46,0.019578046968675412,5
_G,11,sunday,47,0.018485350186264196,5
_G,11,sunday,48,0.017879726176015416,5
_G,11,weekday,1,0.016540354993156155,20
_G,11,weekday,2,0.016468691585395774,20
_G,11,weekday,3,0.01627278701103083,20
_G,11,weekday,4,0.016127694432721086,20
_G,11,weekday,5,0.01599933202052343,20
_G,11,weekday,6,0.015860562408217573,20
_G,11,weekday,7,0.015549017298332492,20
_G,11,weekday,8,0.015623477154838823,20
_G,11,weekday,9,0.015140440837672572,20
_G,11,weekday,10,0.015255764185436194,20
_G,11,weekday,11,0.01524144134563848,20
_G,11,weekday,12,0.015819132375388192,20
_G,11,weekday,13,0.017203940139100402,20
_G,11,weekday,14,0.01831210820749782,20
_G,11,weekday,15,0.020051158101164007,20
_G,11,weekday,16,0.020582062902050294,20
_G,11,weekday,17,0.02238278935946251,20
_G,11,weekday,18,0.022548027448504225,20
_G,11,weekday,19,0.023376779244656636,20
_G,11,weekday,20,0.023592699497839913,20
_G,11,weekday,21,0.023832356509886278,20
_G,11,weekday,22,0.024109134794635195,20
_G,11,weekday,23,0.02401513138539345,20
_G,11,weekday,24,0.024176968837504968,20
_G,11,weekday,25,0.02430390056008599,20
_G,11,weekday,26,0.024094361802219876,20
_G,11,weekday,27,0.023625133225687916,20
_G,11,weekday,28,0.023672684037730297,20
_G,11,weekday,29,0.02346832383204012,20
_G,11,weekday,30,0.02361621801786945,20
_G,11,weekday,31,0.023632390346280778,20
_G,11,weekday,32,0.023827308417676434,20
_G,11,weekday,33,0.023968566176494024,20
_G,11,weekday,34,0.024218177607173052,20
_G,11,weekday,35,0.024753846335240706,20
_G,11,weekday,36,0.02453159064023072,20
_G,11,weekday,37,0.024573149606648546,20
_G,11,weekday,38,0.024184184649154335,20
_G,11,weekday,39,0.024120357701638784,20
_G,11,weekday,40,0.02380722700808154,20
_G,11,weekday,41,0.023064181286143903,20
_G,11,weekday,42,0.02273227973194943,20
_G,11,weekday,43,0.02176200237223449,20
_G,11,weekday,44,0.020781376804583928,20
_G,11,weekday,45,0.0195589726226111,20
_G,11,weekday,46,0.018685685141954997,20
_G,11,weekday,47,0.017867922823587915,20
_G,11,weekday,48,0.017068307176634386,20
_G,12,saturday,1,0.017720054769505347,4
_G,12,saturday,2,0.01829750074383503,4
_G,12,saturday,3,0.01851013556523802,4
_G,12,saturday,4,0.018291181181263688,4
_G,12,saturday,5,0.017857805941860882,4
_G,12,saturday,6,0.017542853270292605,4
_G,12,saturday,7,0.017089158952469326,4
_G,12,saturday,8,0.01656126925355645,4
_G,12,saturday,9,0.01650757336170189,4
_G,12,saturday,10,0.016401925171124793,4
_G,12,saturday,11,0.01661035797164257,4
_G,12,saturday,12,0.016529813134087232,4
_G,12,saturday,13,0.016619287870480906,4
_G,12,saturday,14,0.017254976669425003,4
_G,12,saturday,15,0.017689330762770763,4
_G,12,saturday,16,0.01787574750158128,4
_G,12,saturday,17,0.01932866931348647,4
_G,12,saturday,18,0.020222892644061297,4
_G,12,saturday,19,0.02163063135488892,4
_G,12,saturday,20,0.022336650634239244,4
_G,12,saturday,21,0.022827044252585908,4
_G,12,saturday,22,0.022959238936558154,4
_G,12,saturday,23,0.023236509281062155,4
_G,12,saturday,24,0.0231463130005604,4
_G,12,saturday,25,0.023356546919597203,4
_G,12,saturday,26,0.023655613569560453,4
_G,12,saturday,27,0.02386198192773477,4
_G,12,saturday,28,0.023218689496561955,4
_G,12,saturday,29,0.02340046195074251,4
_G,12,saturday,30,0.023257656791312052,4
_G,12,saturday,31,0.023654106509319237,4
_G,12,saturday,32,0.02403107824946643,4
_G,12,saturday,33,0.024546107942196686,4
_G,12,saturday,34,0.024570566842108017,4
_G,12,saturday,35,0.025507106441676294,4
_G,12,saturday,36,0.025051523525013237,4
_G,12,saturday,37,0.024360959338936658,4
_G,12,saturday,38,0.024327776222889872,4
_G,12,saturday,39,0.024551122434925354,4
_G,12,saturday,40,0.02337607381017788,4
_G,12,saturday,41,0.022675132001765522,4
_G,12,saturday,42,0.022536986777927995,4
_G,12,saturday,43,0.021259498307335985,4
_G,12,saturday,44,0.020600345521075522,4
_G,12,saturday,45,0.01956381558541964,4
_G,12,saturday,46,0.019400860234677443,4
_G,12,saturday,47,0.018216159952364364,4
_G,12,saturday,48,0.01797290810893659,4
_G,12,sunday,1,0.017580147134227876,4
_G,12,sunday,2,0.01728715151116055,4
_G,12,sunday,3,0.016830424733940443,4
_G,12,sunday,4,0.016999757674783567,4
_G,12,sunday,5,0.016873556646605614,4
_G,12,sunday,6,0.016691455518943264,4
_G,12,sunday,7,0.016203524747044274,4
_G,12,sunday,8,0.01604306295196994,4
_G,12,sunday,9,0.015470615328788002,4
_G,12,sunday,10,0.015492140737549957,4
_G,12,sunday,11,0.014844416774327112,4
_G,12,sunday,12,0.015007940532690783,4
_G,12,sunday,13,0.015138864368888073,4
_G,12,sunday,14,0.015598613976726973,4
_G,12,sunday,15,0.0164336475608904,4
_G,12,sunday,16,0.01722886523359103,4
_G,12,sunday,17,0.018232574194688284,4
_G,12,sunday,18,0.018907992902869236,4
_G,12,sunday,19,0.021171267196802734,4
_G,12,sunday,20,0.02115440437977456,4
_G,12,sunday,21,0.02236276984026717,4
_G,12,sunday,22,0.023069162718076627,4
_G,12,sunday,23,0.023629658310530717,4
_G,12,sunday,24,0.023895879956659392,4
_G,12,sunday,25,0.024591688049657758,4
_G,12,sunday,26,0.024617330659301755,4
_G,12,sunday,27,0.024632080203359566,4
_G,12,sunday,28,0.024992156639298248,4
_G,12,sunday,29,0.024892506880636753,4
_G,12,sunday,30,0.025500897801107734,4
_G,12,sunday,31,0.025150298559346328,4
_G,12,sunday,32,0.02493052305063781,4
_G,12,sunday,33,0.02577793759619825,4
_G,12,sunday,34,0.026020249898435873,4
_G,12,sunday,35,0.026086939690540833,4
_G,12,sunday,36,0.026078795365603112,4
_G,12,sunday,37,0.025677823018929565,4
_G,12,sunday,38,0.025336638627734536,4
_G,12,sunday,39,0.024911562605096277,4
_G,12,sunday,40,0.024092389906159913,4
_G,12,sunday,41,0.023508364564071457,4
_G,12,sunday,42,0.02301745820012651,4
_G,12,sunday,43,0.021766005488509946,4
_G,12,sunday,44,0.020790977420235224,4
_G,12,sunday,45,0.020036139509998288,4
_G,12,sunday,46,0.019429305313491567,4
_G,12,sunday,47,0.01826261149682064,4
_G,12,sunday,48,0.017751424522905457,4
_G,12,weekday,1,0.016930700545782187,23
_G,12,weekday,2,0.016813414340221523,23
_G,12,weekday,3,0.016600900713104626,23
_G,12,weekday,4,0.016692902493337956,23
_G,12,weekday,5,0.016370588599056327,23
_G,12,weekday,6,0.016341459532722546,23
_G,12,weekday,7,0.016123510841215303,23
_G,12,weekday,8,0.01603214248399065,23
_G,12,weekday,9,0.015527396686640013,23
_G,12,weekday,10,0.01538439451411246,23
_G,12,weekday,11,0.014922141147492463,23
_G,12,weekday,12,0.01546153098404791,23
_G,12,weekday,13,0.01666124396282774,23
_G,12,weekday,14,0.01787149401418935,23
_G,12,weekday,15,0.019390799755557343,23
_G,12,weekday,16,0.020259386170632103,23
_G,12,weekday,17,0.021779306284933842,23
_G,12,weekday,18,0.02205230844439041,23
_G,12,weekday,19,0.02330593103402301,23
_G,12,weekday,20,0.023530775127016373,23
_G,12,weekday,21,0.023797077779120265,23
_G,12,weekday,22,0.024275531654967368,23
_G,12,weekday,23,0.024231936757788404,23
_G,12,weekday,24,0.02443033960764967,23
_G,12,weekday,25,0.02450494230289935,23
_G,12,weekday,26,0.024345663583218977,23
_G,12,weekday,27,0.024167817335736856,23
_G,12,weekday,28,0.02386602778529893,23
_G,12,weekday,29,0.023650278653520512,23
_G,12,weekday,30,0.02388125403643798,23
_G,12,weekday,31,0.02386818634651695,23
_G,12,weekday,32,0.024032437467970274,23
_G,12,weekday,33,0.024130832121648394,23
_G,12,weekday,34,0.024215860651105207,23
_G,12,weekday,35,0.024637962320391074,23
_G,12,weekday,36,0.024418120211807313,23
_G,12,weekday,37,0.024206303733259184,23
_G,12,weekday,38,0.023739063904748395,23
_G,12,weekday,39,0.023773925433803994,23
_G,12,weekday,40,0.02316491127083269,23
_G,12,weekday,41,0.022538501691305717,23
_G,12,weekday,42,0.02229797191290476,23
_G,12,weekday,43,0.021373248426146334,23
_G,12,weekday,44,0.02074624843634444,23
_G,12,weekday,45,0.01968161387041939,23
_G,12,weekday,46,0.01888548273066858,23
_G,12,weekday,47,0.018022427379020572,23
_G,12,weekday,48,0.017063704919174298,23
_H,1,saturday,1,0.019201964832983507,9
_H,1,saturday,2,0.019563827303802676,9
_H,1,saturday,3,0.01937646102794471,9
_H,1,saturday,4,0.01910006874651982,9
_H,1,saturday,5,0.01885834132935928,9
_H,1,saturday,6,0.018566732210288164,9
_H,1,saturday,7,0.018131525423676537,9
_H,1,saturday,8,0.01819206468082675,9
_H,1,saturday,9,0.01771390428425877,9
_H,1,saturday,10,0.017603856805998717,9
_H,1,saturday,11,0.017529184368127074,9
_H,1,saturday,12,0.017530804406155488,9
_H,1,saturday,13,0.018023199999562246,9
_H,1,saturday,14,0.018437153478645028,9
_H,1,saturday,15,0.019208727554793557,9
_H,1,saturday,16,0.019814785597283932,9
_H,1,saturday,17,0.020761699503555973,9
_H,1,saturday,18,0.020900020566739178,9
_H,1,saturday,19,0.02131836162353177,9
_H,1,saturday,20,0.020897298889818915,9
_H,1,saturday,21,0.02069717830336584,9
_H,1,saturday,22,0.02034282500566362,9
_H,1,saturday,23,0.020276835793465602,9
_H,1,saturday,24,0.020199932564437507,9
_H,1,saturday,25,0.02022391617339074,9
_H,1,saturday,26,0.020231207115575377,9
_H,1,saturday,27,0.02047768855403465,9
_H,1,saturday,28,0.020798571532722483,9
_H,1,saturday,29,0.021102107328069622,9
_H,1,saturday,30,0.02185066055771458,9
_H,1,saturday,31,0.022542099200251162,9
_H,1,saturday,32,0.02296285578611977,9
_H,1,saturday,33,0.02351182220155694,9
_H,1,saturday,34,0.024005793292641277,9
_H,1,saturday,35,0.02501979974823788,9
_H,1,saturday,36,0.025321979979314038,9
_H,1,saturday,37,0.025577924083540746,9
_H,1,saturday,38,0.025505098366802315,9
_H,1,saturday,39,0.02507521936652223,9
_H,1,saturday,40,0.02457327626860069,9
_H,1,saturday,41,0.024013570054201905,9
_H,1,saturday,42,0.023244147351556173,9
_H,1,saturday,43,0.022273661211597448,9
_H,1,saturday,44,0.021620876189684644,9
_H,1,saturday,45,0.02072463683344535,9
_H,1,saturday,46,0.01982731765950653,9
_H,1,saturday,47,0.0187469669972865,9
_H,1,saturday,48,0.018522049846822305,9
_H,1,sunday,1,0.01841621186383142,8
_H,1,sunday,2,0.01896215379358411,8
_H,1,sunday,3,0.018805705306247478,8
_H,1,sunday,4,0.018519191499835514,8
_H,1,sunday,5,0.01819034199913374,8
_H,1,sunday,6,0.01812431290555121,8
_H,1,sunday,7,0.017760274642148133,8
_H,1,sunday,8,0.01775096859594262,8
_H,1,sunday,9,0.017259353999400005,8
_H,1,sunday,10,0.017294203075224928,8
_H,1,sunday,11,0.016993217388748712,8
_H,1,sunday,12,0.016956112883503904,8
_H,1,sunday,13,0.01725850731701102,8
_H,1,sunday,14,0.017500924861472617,8
_H,1,sunday,15,0.01778349709663625,8
_H,1,sunday,16,0.018184130965292308,8
_H,1,sunday,17,0.01896976061210456,8
_H,1,sunday,18,0.01959651879853687,8
_H,1,sunday,19,0.020539241147017096,8
_H,1,sunday,20,0.020868338577736942,8
_H,1,sunday,21,0.021529404091096896,8
_H,1,sunday,22,0.02182490290557359,8
_H,1,sunday,23,0.022045532924917996,8
_H,1,sunday,24,0.022131009977742117,8
_H,1,sunday,25,0.022538748999924012,8
_H,1,sunday,26,0.02276628713024456,8
_H,1,sunday,27,0.023030995786383106,8
_H,1,sunday,28,0.023141683363080784,8
_H,1,sunday,29,0.02336553594519826,8
_H,1,sunday,30,0.023635487099612,8
_H,1,sunday,31,0.023918842282264128,8
_H,1,sunday,32,0.024088526138029313,8
_H,1,sunday,33,0.024431183260050622,8
_H,1,sunday,34,0.024804530030276637,8
_H,1,sunday,35,0.0254706439565161,8
_H,1,sunday,36,0.025707897737051174,8
_H,1,sunday,37,0.02547174902988116,8
_H,1,sunday,38,0.025092329190601375,8
_H,1,sunday,39,0.024411550180192837,8
_H,1,sunday,40,0.02393404312718752,8
_H,1,sunday,41,0.02323822519434292,8
_H,1,sunday,42,0.022419422166318214,8
_H,1,sunday,43,0.02129788845537163,8
_H,1,sunday,44,0.020310034790807452,8
_H,1,sunday,45,0.019300163251385123,8
_H,1,sunday,46,0.018918063449537323,8
_H,1,sunday,47,0.01783361010263831,8
_H,1,sunday,48,0.0176087421048154,8
_H,1,weekday,1,0.01764991877720772,45
_H,1,weekday,2,0.01811832704297799,45
_H,1,weekday,3,0.018019524107050426,45
_H,1,weekday,4,0.017745061981984077,45
_H,1,weekday,5,0.017522566109787856,45
_H,1,weekday,6,0.01734312551763036,45
_H,1,weekday,7,0.01702612247511049,45
_H,1,weekday,8,0.01695796930032947,45
_H,1,weekday,9,0.01651698969765988,45
_H,1,weekday,10,0.01661582482956598,45
_H,1,weekday,11,0.016602897866015875,45
_H,1,weekday,12,0.017054945300433888,45
_H,1,weekday,13,0.018133874743845597,45
_H,1,weekday,14,0.0193767803576192,45
_H,1,weekday,15,0.020880101197097854,45
_H,1,weekday,16,0.02136060681152719,45
_H,1,weekday,17,0.02230156143712732,45
_H,1,weekday,18,0.022388167550078386,45
_H,1,weekday,19,0.02281345803233762,45
_H,1,weekday,20,0.022442977851746867,45
_H,1,weekday,21,0.022250178691585375,45
_H,1,weekday,22,0.021953068780502086,45
_H,1,weekday,23,0.021784908219777483,45
_H,1,weekday,24,0.02155054820044456,45
_H,1,weekday,25,0.02162975741876845,45
_H,1,weekday,26,0.021706148205427954,45
_H,1,weekday,27,0.021871690172746514,45
_H,1,weekday,28,0.0221177809679667,45
_H,1,weekday,29,0.02221524635962092,45
_H,1,weekday,30,0.02252076043590708,45
_H,1,weekday,31,0.023019148847550738,45
_H,1,weekday,32,0.023518455339222644,45
_H,1,weekday,33,0.023969962853393076,45
_H,1,weekday,34,0.024262440576993078,45
_H,1,weekday,35,0.02448101939668794,45
_H,1,weekday,36,0.024607715361575192,45
_H,1,weekday,37,0.024745628059437398,45
_H,1,weekday,38,0.024865686387798444,45
_H,1,weekday,39,0.02456397727781738,45
_H,1,weekday,40,0.02399862700005237,45
_H,1,weekday,41,0.023330955656857198,45
_H,1,weekday,42,0.02256759366663622,45
_H,1,weekday,43,0.021507810552004396,45
_H,1,weekday,44,0.020655799079569298,45
_H,1,weekday,45,0.019530272155932723,45
_H,1,weekday,46,0.018748408109146648,45
_H,1,weekday,47,0.017636103774538843,45
_H,1,weekday,48,0.017519507464905233,45
_H,2,saturday,1,0.019846955402898398,8
_H,2,saturday,2,0.020364424773271075,8
_H,2,saturday,3,0.020153504255064333,8
_H,2,saturday,4,0.019810127910163726,8
_H,2,saturday,5,0.01932550558151038,8
_H,2,saturday,6,0.018972125857905746,8
_H,2,saturday,7,0.018634696652293517,8
_H,2,saturday,8,0.018370670382247104,8
_H,2,saturday,9,0.01789479214285207,8
_H,2,saturday,10,0.017877567823954863,8
_H,2,saturday,11,0.017719136941834412,8
_H,2,saturday,12,0.017722654917661756,8
_H,2,saturday,13,0.018223756161844826,8
_H,2,saturday,14,0.018574219458866288,8
_H,2,saturday,15,0.019560649725174708,8
_H,2,saturday,16,0.01987684521889936,8
_H,2,saturday,17,0.020779761430644108,8
_H,2,saturday,18,0.020985677456724947,8
_H,2,saturday,19,0.021336442170666547,8
_H,2,saturday,20,0.020951373664327706,8
_H,2,saturday,21,0.020769738966118872,8
_H,2,saturday,22,0.020440202754909792,8
_H,2,saturday,23,0.019872912251726403,8
_H,2,saturday,24,0.01995198875205177,8
_H,2,saturday,25,0.020141537601072273,8
_H,2,saturday,26,0.02010434306630531,8
_H,2,saturday,27,0.020146285957309572,8
_H,2,saturday,28,0.020324996132202077,8
_H,2,saturday,29,0.020285297368036054,8
_H,2,saturday,30,0.020618001947339377,8
_H,2,saturday,31,0.021078405208221487,8
_H,2,saturday,32,0.02180578223702871,8
_H,2,saturday,33,0.02243206598666278,8
_H,2,saturday,34,0.023352681335999836,8
_H,2,saturday,35,0.024467142098475544,8
_H,2,saturday,36,0.025365107109218858,8
_H,2,saturday,37,0.025645235278094102,8
_H,2,saturday,38,0.025693847864535047,8
_H,2,saturday,39,0.025360882004543846,8
_H,2,saturday,40,0.024934795537841323,8
_H,2,saturday,41,0.02430954456189548,8
_H,2,saturday,42,0.02359051936982814,8
_H,2,saturday,43,0.022626475129661785,8
_H,2,saturday,44,0.021809824523421544,8
_H,2,saturday,45,0.020643096310702342,8
_H,2,saturday,46,0.019798144405953014,8
_H,2,saturday,47,0.01877741881327996,8
_H,2,saturday,48,0.01867283949875881,8
_H,2,sunday,1,0.0188725673990317,8
_H,2,sunday,2,0.019526455581631304,8
_H,2,sunday,3,0.01932138260202687,8
_H,2,sunday,4,0.018971236075877276,8
_H,2,sunday,5,0.018530822585678185,8
_H,2,sunday,6,0.018338102096894793,8
_H,2,sunday,7,0.017632116360841086,8
_H,2,sunday,8,0.017443697719332657,8
_H,2,sunday,9,0.01709177981166326,8
_H,2,sunday,10,0.01717297925989407,8
_H,2,sunday,11,0.017094068016998115,8
_H,2,sunday,12,0.017219394702679844,8
_H,2,sunday,13,0.01744023116747081,8
_H,2,sunday,14,0.017773357587808,8
_H,2,sunday,15,0.018294685685319875,8
_H,2,sunday,16,0.018554366983398553,8
_H,2,sunday,17,0.019432527163016612,8
_H,2,sunday,18,0.019650086516567085,8
_H,2,sunday,19,0.020283821339580795,8
_H,2,sunday,20,0.020134598311244367,8
_H,2,sunday,21,0.020807086685449925,8
_H,2,sunday,22,0.020731654163288264,8
_H,2,sunday,23,0.021001383748952898,8
_H,2,sunday,24,0.02112269899435156,8
_H,2,sunday,25,0.0215060882614856,8
_H,2,sunday,26,0.021362012375797778,8
_H,2,sunday,27,0.021660163989325017,8
_H,2,sunday,28,0.02159908024157981,8
_H,2,sunday,29,0.021825526061962138,8
_H,2,sunday,30,0.02228011902119588,8
_H,2,sunday,31,0.022528412992227808,8
_H,2,sunday,32,0.023044418300071926,8
_H,2,sunday,33,0.023849272214388338,8
_H,2,sunday,34,0.024601414046089568,8
_H,2,sunday,35,0.02543803684439349,8
_H,2,sunday,36,0.026436502925820077,8
_H,2,sunday,37,0.026435295644584546,8
_H,2,sunday,38,0.026180530452301023,8
_H,2,sunday,39,0.025223609942827938,8
_H,2,sunday,40,0.024911968138325503,8
_H,2,sunday,41,0.02419288296850228,8
_H,2,sunday,42,0.023603648960003477,8
_H,2,sunday,43,0.022250642976366038,8
_H,2,sunday,44,0.02158062071063602,8
_H,2,sunday,45,0.020474871700114406,8
_H,2,sunday,46,0.01982044329335891,8
_H,2,sunday,47,0.018323807357795437,8
_H,2,sunday,48,0.018429530021849112,8
_H,2,weekday,1,0.018103846249412036,40
_H,2,weekday,2,0.018701654010428233,40
_H,2,weekday,3,0.018548555906708657,40
_H,2,weekday,4,0.018227305982893585,40
_H,2,weekday,5,0.017981571957162733,40
_H,2,weekday,6,0.017806228514064514,40
_H,2,weekday,7,0.01744979014613255,40
_H,2,weekday,8,0.017324683654772806,40
_H,2,weekday,9,0.016818624269211404,40
_H,2,weekday,10,0.01693280138243847,40
_H,2,weekday,11,0.016839562441805605,40
_H,2,weekday,12,0.01740881978340676,40
_H,2,weekday,13,0.018668903859086296,40
_H,2,weekday,14,0.01985568205090644,40
_H,2,weekday,15,0.021264101714364526,40
_H,2,weekday,16,0.021626527840089563,40
_H,2,weekday,17,0.022395193413815833,40
_H,2,weekday,18,0.022250460353821423,40
_H,2,weekday,19,0.02252938507200744,40
_H,2,weekday,20,0.022177019506430813,40
_H,2,weekday,21,0.021912928189772696,40
_H,2,weekday,22,0.02154033305412886,40
_H,2,weekday,23,0.021297759111665704,40
_H,2,weekday,24,0.021041581075048808,40
_H,2,weekday,25,0.020979887925916284,40
_H,2,weekday,26,0.021005599742274342,40
_H,2,weekday,27,0.02108643072737655,40
_H,2,weekday,28,0.021259661028326646,40
_H,2,weekday,29,0.021165727004173726,40
_H,2,weekday,30,0.021467585437234957,40
_H,2,weekday,31,0.0217929038248831,40
_H,2,weekday,32,0.022356796126913776,40
_H,2,weekday,33,0.023060343797098933,40
_H,2,weekday,34,0.023622667568618156,40
_H,2,weekday,35,0.02437735494975165,40
_H,2,weekday,36,0.024807168883467273,40
_H,2,weekday,37,0.02514515594446078,40
_H,2,weekday,38,0.025254577232831827,40
_H,2,weekday,39,0.024899579537074997,40
_H,2,weekday,40,0.024464022804334434,40
_H,2,weekday,41,0.023837849737576924,40
_H,2,weekday,42,0.02308212057112765,40
_H,2,weekday,43,0.02193895487487274,40
_H,2,weekday,44,0.02099686259345564,40
_H,2,weekday,45,0.01980980537284816,40
_H,2,weekday,46,0.019051995975283356,40
_H,2,weekday,47,0.017931674982273164,40
_H,2,weekday,48,0.01790195381824918,40
_H,3,saturday,1,0.022155355365983856,9
_H,3,saturday,2,0.02247390672989661,9
_H,3,saturday,3,0.02233810092078313,9
_H,3,saturday,4,0.021923239297664505,9
_H,3,saturday,5,0.021573450946474164,9
_H,3,saturday,6,0.02110841225606712,9
_H,3,saturday,7,0.02045796283234778,9
_H,3,saturday,8,0.020375569184186426,9
_H,3,saturday,9,0.020242965560072577,9
_H,3,saturday,10,0.020138472323361536,9
_H,3,saturday,11,0.020007124481117113,9
_H,3,saturday,12,0.020013412569077297,9
_H,3,saturday,13,0.020636290747911484,9
_H,3,saturday,14,0.020476404902386794,9
_H,3,saturday,15,0.02090815427401693,9
_H,3,saturday,16,0.02012815527673308,9
_H,3,saturday,17,0.019683414014162726,9
_H,3,saturday,18,0.01871073066470851,9
_H,3,saturday,19,0.018319018271130888,9
_H,3,saturday,20,0.017184760423444908,9
_H,3,saturday,21,0.0166859116529424,9
_H,3,saturday,22,0.016354686074289283,9
_H,3,saturday,23,0.015733381573018308,9
_H,3,saturday,24,0.015267954906857013,9
_H,3,saturday,25,0.015229488885386685,9
_H,3,saturday,26,0.01563106411785426,9
_H,3,saturday,27,0.015891623518022088,9
_H,3,saturday,28,0.016059874225149776,9
_H,3,saturday,29,0.016219761769380853,9
_H,3,saturday,30,0.016970608221776252,9
_H,3,saturday,31,0.017932485180042267,9
_H,3,saturday,32,0.019285683735357752,9
_H,3,saturday,33,0.02059145898771517,9
_H,3,saturday,34,0.02254582715845089,9
_H,3,saturday,35,0.0244866927972064,9
_H,3,saturday,36,0.02569984283443472,9
_H,3,saturday,37,0.0271365974448302,9
_H,3,saturday,38,0.02743713565095798,9
_H,3,saturday,39,0.027366304314708965,9
_H,3,saturday,40,0.026975176457215297,9
_H,3,saturday,41,0.026797780668485444,9
_H,3,saturday,42,0.026310551278354504,9
_H,3,saturday,43,0.025043743741364963,9
_H,3,saturday,44,0.024539450547710905,9
_H,3,saturday,45,0.023315268011070887,9
_H,3,saturday,46,0.02266034968124893,9
_H,3,saturday,47,0.021511492554775018,9
_H,3,saturday,48,0.021464902969865363,9
_H,3,sunday,1,0.020907183397837745,10
_H,3,sunday,2,0.02159831170098037,10
_H,3,sunday,3,0.021230309653665947,10
_H,3,sunday,4,0.02074020495914155,10
_H,3,sunday,5,0.020127032079644787,10
_H,3,sunday,6,0.020025162770385647,10
_H,3,sunday,7,0.019446219887214577,10
_H,3,sunday,8,0.019367505106484703,10
_H,3,sunday,9,0.01916261718213598,10
_H,3,sunday,10,0.019349353387347834,10
_H,3,sunday,11,0.01925980903773183,10
_H,3,sunday,12,0.0194487390960858,10
_H,3,sunday,13,0.019826388925832664,10
_H,3,sunday,14,0.019688093780997475,10
_H,3,sunday,15,0.019953351303921955,10
_H,3,sunday,16,0.019243885643929252,10
_H,3,sunday,17,0.01910985968886695,10
_H,3,sunday,18,0.018221700409659782,10
_H,3,sunday,19,0.017655013087491338,10
_H,3,sunday,20,0.017067241611456816,10
_H,3,sunday,21,0.01664755993847809,10
_H,3,sunday,22,0.0162695682628015,10
_H,3,sunday,23,0.016174063816139218,10
_H,3,sunday,24,0.016230982563992934,10
_H,3,sunday,25,0.01648445367349189,10
_H,3,sunday,26,0.016746121037317714,10
_H,3,sunday,27,0.017538192430202847,10
_H,3,sunday,28,0.018057500301109038,10
_H,3,sunday,29,0.01886703069288685,10
_H,3,sunday,30,0.01992254782562979,10
_H,3,sunday,31,0.020681642683162554,10
_H,3,sunday,32,0.022226843561652377,10
_H,3,sunday,33,0.023477345739117614,10
_H,3,sunday,34,0.024827758277420654,10
_H,3,sunday,35,0.026202345008296178,10
_H,3,sunday,36,0.02705926982711994,10
_H,3,sunday,37,0.027605576115853646,10
_H,3,sunday,38,0.027322231141410372,10
_H,3,sunday,39,0.027124956540759425,10
_H,3,sunday,40,0.02659520140569341,10
_H,3,sunday,41,0.02586060037303433,10
_H,3,sunday,42,0.02516131514583001,10
_H,3,sunday,43,0.024186963784990443,10
_H,3,sunday,44,0.023552056584993913,10
_H,3,sunday,45,0.022115109224802428,10
_H,3,sunday,46,0.021236003793493087,10
_H,3,sunday,47,0.01994511984346813,8
_H,3,sunday,48,0.02045365769603852,8
_H,3,weekday,1,0.019865710056189704,43
_H,3,weekday,2,0.020284960180162123,43
_H,3,weekday,3,0.02006379502129655,43
_H,3,weekday,4,0.01989857042260644,43
_H,3,weekday,5,0.019610888260994778,43
_H,3,weekday,6,0.019446635840371408,43
_H,3,weekday,7,0.01887903611767842,43
_H,3,weekday,8,0.018801105708301843,43
_H,3,weekday,9,0.018272111022838287,43
_H,3,weekday,10,0.018504946479342445,43
_H,3,weekday,11,0.018326595097707787,43
_H,3,weekday,12,0.018785479871017703,43
_H,3,weekday,13,0.019953946188410118,43
_H,3,weekday,14,0.020573604309910905,43
_H,3,weekday,15,0.022217700963953806,43
_H,3,weekday,16,0.021857633448396828,43
_H,3,weekday,17,0.022079401674708975,43
_H,3,weekday,18,0.021378050244171914,43
_H,3,weekday,19,0.02096844250458706,43
_H,3,weekday,20,0.02015866373241348,43
_H,3,weekday,21,0.019469544858790835,43
_H,3,weekday,22,0.018839702164682403,43
_H,3,weekday,23,0.018365456443495867,43
_H,3,weekday,24,0.01808951008876579,43
_H,3,weekday,25,0.018122405279017095,43
_H,3,weekday,26,0.01813400409010631,43
_H,3,weekday,27,0.018070968410664065,43
_H,3,weekday,28,0.01819058622879886,43
_H,3,weekday,29,0.018232888668575,43
_H,3,weekday,30,0.018796311107569002,43
_H,3,weekday,31,0.019165432032325295,43
_H,3,weekday,32,0.020329683261612295,43
_H,3,weekday,33,0.021531526939304383,43
_H,3,weekday,34,0.022776431428394327,43
_H,3,weekday,35,0.023971029271636274,43
_H,3,weekday,36,0.025022498387577287,43
_H,3,weekday,37,0.025855890271688085,43
_H,3,weekday,38,0.02621047217567819,43
_H,3,weekday,39,0.02642464313637162,43
_H,3,weekday,40,0.026066378997663862,43
_H,3,weekday,41,0.025651878016869398,43
_H,3,weekday,42,0.02494419323623982,43
_H,3,weekday,43,0.023735508258912342,43
_H,3,weekday,44,0.02282855423977488,43
_H,3,weekday,45,0.02158553202864638,43
_H,3,weekday,46,0.020738673092248847,43
_H,3,weekday,47,0.019498492451175676,43
_H,3,weekday,48,0.01942452828835524,43
_H,4,saturday,1,0.022901578850062825,8
_H,4,saturday,2,0.022761123179088027,8
_H,4,saturday,3,0.022919485035717568,8
_H,4,saturday,4,0.023239510159246482,8
_H,4,saturday,5,0.022630653546586204,8
_H,4,saturday,6,0.022402074512060534,8
_H,4,saturday,7,0.021609414261574957,8
_H,4,saturday,8,0.021202924592928506,8
_H,4,saturday,9,0.020798896961416326,8
_H,4,saturday,10,0.020943678170691503,8
_H,4,saturday,11,0.02081481465721122,8
_H,4,saturday,12,0.020775887153472766,8
_H,4,saturday,13,0.021509132020415257,8
_H,4,saturday,14,0.021649848466066077,8
_H,4,saturday,15,0.022146332009300777,8
_H,4,saturday,16,0.0220031097591569,8
_H,4,saturday,17,0.022111020026421953,8
_H,4,saturday,18,0.021576643607963627,8
_H,4,saturday,19,0.020846110466903427,8
_H,4,saturday,20,0.01959387492274766,8
_H,4,saturday,21,0.018036384608576313,8
_H,4,saturday,22,0.01707021758789151,8
_H,4,saturday,23,0.015339053820401948,8
_H,4,saturday,24,0.014476808686592164,8
_H,4,saturday,25,0.014162998656747606,8
_H,4,saturday,26,0.014033819567635625,8
_H,4,saturday,27,0.013449071838205345,8
_H,4,saturday,28,0.01322412133893645,8
_H,4,saturday,29,0.01331759272878772,8
_H,4,saturday,30,0.013904418207044696,8
_H,4,saturday,31,0.014264913707130943,8
_H,4,saturday,32,0.015355948466108328,8
_H,4,saturday,33,0.016977058863217234,8
_H,4,saturday,34,0.018804947032127033,8
_H,4,saturday,35,0.02099888473041618,8
_H,4,saturday,36,0.023064480200096226,8
_H,4,saturday,37,0.024870272720634988,8
_H,4,saturday,38,0.026426920645439698,8
_H,4,saturday,39,0.026751377071685355,8
_H,4,saturday,40,0.026919051809386314,8
_H,4,saturday,41,0.027327989716225354,8
_H,4,saturday,42,0.027184610669652748,8
_H,4,saturday,43,0.027044506885562297,8
_H,4,saturday,44,0.026510651567602624,8
_H,4,saturday,45,0.02552156136838722,8
_H,4,saturday,46,0.024641912043318157,8
_H,4,saturday,47,0.02317889148836746,8
_H,4,saturday,48,0.022705421614789893,8
_H,4,sunday,1,0.022662395476444074,8
_H,4,sunday,2,0.022598992460116547,8
_H,4,sunday,3,0.022675970548516926,8
_H,4,sunday,4,0.02316162257461363,8
_H,4,sunday,5,0.02289849131545392,8
_H,4,sunday,6,0.02226849585333367,8
_H,4,sunday,7,0.021445172424106984,8
_H,4,sunday,8,0.021221205666552095,8
_H,4,sunday,9,0.02066390572066971,8
_H,4,sunday,10,0.02045806036674124,8
_H,4,sunday,11,0.020538625860860853,8
_H,4,sunday,12,0.020639769858893986,8
_H,4,sunday,13,0.021297826059291897,8
_H,4,sunday,14,0.02107478217855031,8
_H,4,sunday,15,0.021312067651287885,8
_H,4,sunday,16,0.020564575511442838,8
_H,4,sunday,17,0.019718540823942702,8
_H,4,sunday,18,0.018192423757088197,8
_H,4,sunday,19,0.017247790763884597,8
_H,4,sunday,20,0.01621180623755541,8
_H,4,sunday,21,0.015453356665046436,8
_H,4,sunday,22,0.014669464295523866,8
_H,4,sunday,23,0.014812309538508123,8
_H,4,sunday,24,0.014203141574289086,8
_H,4,sunday,25,0.014453340195631595,8
_H,4,sunday,26,0.014509290792349782,8
_H,4,sunday,27,0.014237068057863903,8
_H,4,sunday,28,0.014571171517650543,8
_H,4,sunday,29,0.014685186504853245,8
_H,4,sunday,30,0.015516734654534126,8
_H,4,sunday,31,0.016163751378537497,8
_H,4,sunday,32,0.017522231156185446,8
_H,4,sunday,33,0.01894983018060481,8
_H,4,sunday,34,0.020855161295640304,8
_H,4,sunday,35,0.022805262961365407,8
_H,4,sunday,36,0.024743979783774406,8
_H,4,sunday,37,0.025889826262172448,8
_H,4,sunday,38,0.026683538534656572,8
_H,4,sunday,39,0.027394171050592584,8
_H,4,sunday,40,0.02736202051808384,8
_H,4,sunday,41,0.028042461311960476,8
_H,4,sunday,42,0.027940640831227753,8
_H,4,sunday,43,0.027491389082031536,8
_H,4,sunday,44,0.02698338017937232,8
_H,4,sunday,45,0.025897230592142096,8
_H,4,sunday,46,0.024889479029675324,8
_H,4,sunday,47,0.023426362414856135,8
_H,4,sunday,48,0.02299569853152287,8
_H,4,weekday,1,0.021051747989370796,44
_H,4,weekday,2,0.021276923840920052,44
_H,4,weekday,3,0.021353484918319912,44
_H,4,weekday,4,0.02172814373287147,44
_H,4,weekday,5,0.021292491815369987,44
_H,4,weekday,6,0.02101907524659895,44
_H,4,weekday,7,0.020256614571036967,44
_H,4,weekday,8,0.020114928862689497,44
_H,4,weekday,9,0.019561601078989035,44
_H,4,weekday,10,0.01969736639529053,44
_H,4,weekday,11,0.01972299050026641,44
_H,4,weekday,12,0.020197949062858527,44
_H,4,weekday,13,0.02124986283430105,44
_H,4,weekday,14,0.021905736423850616,44
_H,4,weekday,15,0.02326535508174057,44
_H,4,weekday,16,0.02284890799591369,44
_H,4,weekday,17,0.023115399333937744,44
_H,4,weekday,18,0.021960080186938583,44
_H,4,weekday,19,0.021031419723670005,44
_H,4,weekday,20,0.019707803429305976,44
_H,4,weekday,21,0.018506932458100565,44
_H,4,weekday,22,0.01744599660630201,44
_H,4,weekday,23,0.01655517682944357,44
_H,4,weekday,24,0.01601582403207901,44
_H,4,weekday,25,0.015764979378843556,44
_H,4,weekday,26,0.015771917573629144,44
_H,4,weekday,27,0.015535874397219106,44
_H,4,weekday,28,0.015552667921454816,44
_H,4,weekday,29,0.015681063531589535,44
_H,4,weekday,30,0.016095514628738813,44
_H,4,weekday,31,0.016125720993682414,44
_H,4,weekday,32,0.016997163014133933,44
_H,4,weekday,33,0.018073427441381035,44
_H,4,weekday,34,0.019570246338651218,44
_H,4,weekday,35,0.02132664628059867,44
_H,4,weekday,36,0.023229276793868867,44
_H,4,weekday,37,0.024371834309672966,44
_H,4,weekday,38,0.02560908562036577,44
_H,4,weekday,39,0.025987272271173333,44
_H,4,weekday,40,0.026373625455416196,44
_H,4,weekday,41,0.0270380059628231,44
_H,4,weekday,42,0.026737492392583207,44
_H,4,weekday,43,0.026478043935672557,44
_H,4,weekday,44,0.025646818234158982,44
_H,4,weekday,45,0.02432441797144379,44
_H,4,weekday,46,0.02337038373200591,44
_H,4,weekday,47,0.02196197013328329,44
_H,4,weekday,48,0.021494738737444265,44
_H,5,saturday,1,0.023965197066307557,10
_H,5,saturday,2,0.023811956290319947,10
_H,5,saturday,3,0.023580035934434,10
_H,5,saturday,4,0.023663143434596853,10
_H,5,saturday,5,0.023155288572371646,10
_H,5,saturday,6,0.022625663495784477,10
_H,5,saturday,7,0.021905663891052286,10
_H,5,saturday,8,0.02153742384191155,10
_H,5,saturday,9,0.021519696931978218,10
_H,5,saturday,10,0.021323741899322835,10
_H,5,saturday,11,0.02131213818569262,10
_H,5,saturday,12,0.021162213928396012,10
_H,5,saturday,13,0.021604031293037906,10
_H,5,saturday,14,0.021292277404057047,10
_H,5,saturday,15,0.021472353014004596,10
_H,5,saturday,16,0.02067363229949525,10
_H,5,saturday,17,0.020225004127798766,10
_H,5,saturday,18,0.019097739388626817,10
_H,5,saturday,19,0.018327825994102192,10
_H,5,saturday,20,0.016831922297037595,10
_H,5,saturday,21,0.015429814818587077,10
_H,5,saturday,22,0.014497052803672602,10
_H,5,saturday,23,0.0133522367660732,10
_H,5,saturday,24,0.01301858303230397,10
_H,5,saturday,25,0.013011733468821443,10
_H,5,saturday,26,0.01319905579060932,10
_H,5,saturday,27,0.013221115020237989,10
_H,5,saturday,28,0.01367430712134846,10
_H,5,saturday,29,0.014515417548026158,10
_H,5,saturday,30,0.015280981456485187,10
_H,5,saturday,31,0.015971802367749307,10
_H,5,saturday,32,0.016864334996026097,10
_H,5,saturday,33,0.018179831897670935,10
_H,5,saturday,34,0.019742772294677212,10
_H,5,saturday,35,0.021919278613518587,10
_H,5,saturday,36,0.02390065524150954,10
_H,5,saturday,37,0.024858165514007474,10
_H,5,saturday,38,0.02641818789334931,10
_H,5,saturday,39,0.026325244060086406,10
_H,5,saturday,40,0.02690371570965986,10
_H,5,saturday,41,0.02707774451738993,10
_H,5,saturday,42,0.027322441083786498,10
_H,5,saturday,43,0.027736492728303207,10
_H,5,saturday,44,0.027317162507279703,10
_H,5,saturday,45,0.026897762847891783,10
_H,5,saturday,46,0.025971604267930565,10
_H,5,saturday,47,0.024514989322328602,10
_H,5,saturday,48,0.023790567020341415,10
_H,5,sunday,1,0.023535469106576,9
_H,5,sunday,2,0.023331422140277638,9
_H,5,sunday,3,0.023248996585705735,9
_H,5,sunday,4,0.023236241113494063,9
_H,5,sunday,5,0.022711684385381306,9
_H,5,sunday,6,0.022125107734864934,9
_H,5,sunday,7,0.021465238639292537,9
_H,5,sunday,8,0.0212221359405923,9
_H,5,sunday,9,0.02086952053141869,9
_H,5,sunday,10,0.02083549305323424,9
_H,5,sunday,11,0.020357401077993068,9
_H,5,sunday,12,0.02036099752843556,9
_H,5,sunday,13,0.02038676309894111,9
_H,5,sunday,14,0.020061899157640544,9
_H,5,sunday,15,0.020156352311897562,9
_H,5,sunday,16,0.019289699208049675,9
_H,5,sunday,17,0.01891657420338571,9
_H,5,sunday,18,0.01816851258983436,9
_H,5,sunday,19,0.01758250486887093,9
_H,5,sunday,20,0.01626812433486436,9
_H,5,sunday,21,0.01573751243111155,9
_H,5,sunday,22,0.014913530542227875,9
_H,5,sunday,23,0.014383707733487634,9
_H,5,sunday,24,0.014492345087845573,9
_H,5,sunday,25,0.014492817998144555,9
_H,5,sunday,26,0.014699541189830368,9
_H,5,sunday,27,0.014915366313020213,9
_H,5,sunday,28,0.01512796438352005,9
_H,5,sunday,29,0.015632957961447463,9
_H,5,sunday,30,0.016222726613842924,9
_H,5,sunday,31,0.016391606099118747,9
_H,5,sunday,32,0.01698623236073149,9
_H,5,sunday,33,0.018021317307515283,9
_H,5,sunday,34,0.019787621755641402,9
_H,5,sunday,35,0.021941309054228753,9
_H,5,sunday,36,0.02406517707342798,9
_H,5,sunday,37,0.025484890745048214,9
_H,5,sunday,38,0.026747971299154245,9
_H,5,sunday,39,0.02719549571565613,9
_H,5,sunday,40,0.027547496581653622,9
_H,5,sunday,41,0.027226589744431286,9
_H,5,sunday,42,0.02730664541407847,9
_H,5,sunday,43,0.02787865021243817,9
_H,5,sunday,44,0.027591922107740065,9
_H,5,sunday,45,0.02684237917964881,9
_H,5,sunday,46,0.026106123288239903,9
_H,5,sunday,47,0.024356107105576986,9
_H,5,sunday,48,0.023773857090441955,9
_H,5,weekday,1,0.021390365243107022,43
_H,5,weekday,2,0.0214284377445662,43
_H,5,weekday,3,0.021332168038507,43
_H,5,weekday,4,0.02157056691151291,43
_H,5,weekday,5,0.021177161297580977,43
_H,5,weekday,6,0.02090297268144948,43
_H,5,weekday,7,0.020300309634637057,43
_H,5,weekday,8,0.02016850575847931,43
_H,5,weekday,9,0.019664624390738628,43
_H,5,weekday,10,0.0198035127122468,43
_H,5,weekday,11,0.019686928515557697,43
_H,5,weekday,12,0.01988551203506392,43
_H,5,weekday,13,0.02086129281344262,43
_H,5,weekday,14,0.021164121741123126,43
_H,5,weekday,15,0.022093439536546928,43
_H,5,weekday,16,0.021509441734850046,43
_H,5,weekday,17,0.021437319640326753,43
_H,5,weekday,18,0.020520667070339862,43
_H,5,weekday,19,0.019858376496414556,43
_H,5,weekday,20,0.018909809099805663,43
_H,5,weekday,21,0.018077002214688196,43
_H,5,weekday,22,0.017382058893840348,43
_H,5,weekday,23,0.016712083875076156,43
_H,5,weekday,24,0.016478913116110546,43
_H,5,weekday,25,0.01640009901352554,43
_H,5,weekday,26,0.016490694634532642,43
_H,5,weekday,27,0.016479842217747065,43
_H,5,weekday,28,0.01645373968345816,43
_H,5,weekday,29,0.016631817301170256,43
_H,5,weekday,30,0.016785616948492288,43
_H,5,weekday,31,0.01720611816389944,43
_H,5,weekday,32,0.017996409818545795,43
_H,5,weekday,33,0.019034808806298587,43
_H,5,weekday,34,0.020276791031613797,43
_H,5,weekday,35,0.021739603861999246,43
_H,5,weekday,36,0.02337351842418545,43
_H,5,weekday,37,0.024377650195032064,43
_H,5,weekday,38,0.02548327316450401,43
_H,5,weekday,39,0.025654520854492005,43
_H,5,weekday,40,0.026009407314774007,43
_H,5,weekday,41,0.026003555822839666,43
_H,5,weekday,42,0.026060150243711076,43
_H,5,weekday,43,0.026411878943718985,43
_H,5,weekday,44,0.025812214198963835,43
_H,5,weekday,45,0.024893798064587677,43
_H,5,weekday,46,0.02393017997653514,43
_H,5,weekday,47,0.022421118641716916,43
_H,5,weekday,48,0.02175760147764456,43
_H,6,saturday,1,0.02294277696710083,8
_H,6,saturday,2,0.022821675207887703,8
_H,6,saturday,3,0.02278237398839123,8
_H,6,saturday,4,0.02257192735508036,8
_H,6,saturday,5,0.02219679742827017,8
_H,6,saturday,6,0.021757642772631248,8
_H,6,saturday,7,0.02108135945810799,8
_H,6,saturday,8,0.02097288925310286,8
_H,6,saturday,9,0.02041229393035023,8
_H,6,saturday,10,0.020206488712262057,8
_H,6,saturday,11,0.02035724471646734,8
_H,6,saturday,12,0.020200039344781297,8
_H,6,saturday,13,0.020770783250190463,8
_H,6,saturday,14,0.020406601457803056,8
_H,6,saturday,15,0.020782440332155882,8
_H,6,saturday,16,0.020122380453608996,8
_H,6,saturday,17,0.020290966040222944,8
_H,6,saturday,18,0.0193118441223027,8
_H,6,saturday,19,0.018792278476694627,8
_H,6,saturday,20,0.018219567888663087,8
_H,6,saturday,21,0.01786777798847215,8
_H,6,saturday,22,0.017611074328000825,8
_H,6,saturday,23,0.017036533590729652,8
_H,6,saturday,24,0.016906723109566077,8
_H,6,saturday,25,0.0172125997894298,8
_H,6,saturday,26,0.0172450390613181,8
_H,6,saturday,27,0.017686206465636026,8
_H,6,saturday,28,0.017334756099527553,8
_H,6,saturday,29,0.016745005737865807,8
_H,6,saturday,30,0.016863363412054123,8
_H,6,saturday,31,0.016511427427905387,8
_H,6,saturday,32,0.016838835443840173,8
_H,6,saturday,33,0.018126764705577652,8
_H,6,saturday,34,0.019203737658804662,8
_H,6,saturday,35,0.020751418841908127,8
_H,6,saturday,36,0.02218683012102852,8
_H,6,saturday,37,0.0235170902334324,8
_H,6,saturday,38,0.02497884950196145,8
_H,6,saturday,39,0.02443049660569334,8
_H,6,saturday,40,0.02519971168252001,8
_H,6,saturday,41,0.02490846091077956,8
_H,6,saturday,42,0.025376924540642942,8
_H,6,saturday,43,0.025212834341847377,8
_H,6,saturday,44,0.02541131914842475,8
_H,6,saturday,45,0.025297367909582372,8
_H,6,saturday,46,0.024966431071255384,8
_H,6,saturday,47,0.023996372586684064,8
_H,6,saturday,48,0.023575676529436655,8
_H,6,sunday,1,0.024575645093731478,9
_H,6,sunday,2,0.02450070240178767,9
_H,6,sunday,3,0.023848525690555143,9
_H,6,sunday,4,0.023821888538609996,9
_H,6,sunday,5,0.022775246846483903,9
_H,6,sunday,6,0.022596267763236075,9
_H,6,sunday,7,0.02165542559579154,9
_H,6,sunday,8,0.02138199357963132,9
_H,6,sunday,9,0.02101371224507867,9
_H,6,sunday,10,0.020991621534991435,9
_H,6,sunday,11,0.020703624724723604,9
_H,6,sunday,12,0.02019723554942453,9
_H,6,sunday,13,0.02051812378996601,9
_H,6,sunday,14,0.019947581488445474,9
_H,6,sunday,15,0.020009166298248077,9
_H,6,sunday,16,0.01921052995980608,9
_H,6,sunday,17,0.018756036650738727,9
_H,6,sunday,18,0.01761035470270681,9
_H,6,sunday,19,0.017490585830560797,9
_H,6,sunday,20,0.01651558315581619,9
_H,6,sunday,21,0.016397993709404875,9
_H,6,sunday,22,0.015853095902137897,9
_H,6,sunday,23,0.015067509027329652,9
_H,6,sunday,24,0.014645948930174716,9
_H,6,sunday,25,0.015236954375769813,9
_H,6,sunday,26,0.015424447276948215,9
_H,6,sunday,27,0.01493444643845301,9
_H,6,sunday,28,0.015148963824600086,9
_H,6,sunday,29,0.014558681543493894,9
_H,6,sunday,30,0.01483360507263108,9
_H,6,sunday,31,0.015193344330193117,9
_H,6,sunday,32,0.016934919056657904,9
_H,6,sunday,33,0.018433837326348252,9
_H,6,sunday,34,0.02016661279723586,9
_H,6,sunday,35,0.021982869825011346,9
_H,6,sunday,36,0.02373532170338552,9
_H,6,sunday,37,0.024818681723144744,9
_H,6,sunday,38,0.026106886402100217,9
_H,6,sunday,39,0.026177021092308732,9
_H,6,sunday,40,0.026865670191109452,9
_H,6,sunday,41,0.026522740614596533,9
_H,6,sunday,42,0.02697414773861682,9
_H,6,sunday,43,0.027120328328866544,9
_H,6,sunday,44,0.026941353464118096,9
_H,6,sunday,45,0.02672912695651463,9
_H,6,sunday,46,0.026063008899457268,9
_H,6,sunday,47,0.02464762080780524,9
_H,6,sunday,48,0.02436501120125295,9
_H,6,weekday,1,0.021638395643837245,43
_H,6,weekday,2,0.02153410273484895,43
_H,6,weekday,3,0.021415330646717246,43
_H,6,weekday,4,0.021570480299009195,43
_H,6,weekday,5,0.021136628760400462,43
_H,6,weekday,6,0.02097470995103655,43
_H,6,weekday,7,0.020288716844984664,43
_H,6,weekday,8,0.020131271553137348,43
_H,6,weekday,9,0.01956304300682225,43
_H,6,weekday,10,0.01964381217680678,43
_H,6,weekday,11,0.019392736250173986,43
_H,6,weekday,12,0.019276277552470005,43
_H,6,weekday,13,0.02020113383166861,43
_H,6,weekday,14,0.02033374847781053,43
_H,6,weekday,15,0.021584563597585465,43
_H,6,weekday,16,0.021088120188880757,43
_H,6,weekday,17,0.021252054745807516,43
_H,6,weekday,18,0.020838131289856194,43
_H,6,weekday,19,0.020813648820708817,43
_H,6,weekday,20,0.02015985006309738,43
_H,6,weekday,21,0.019686505151900544,43
_H,6,weekday,22,0.018925989343459525,43
_H,6,weekday,23,0.018247962203713424,43
_H,6,weekday,24,0.017960475069857866,43
_H,6,weekday,25,0.017848836907978193,43
_H,6,weekday,26,0.01777988299155759,43
_H,6,weekday,27,0.017456062432497855,43
_H,6,weekday,28,0.01731555535554869,43
_H,6,weekday,29,0.01671102889166727,43
_H,6,weekday,30,0.01664533915283427,43
_H,6,weekday,31,0.01647858212945682,43
_H,6,weekday,32,0.017315057651517432,43
_H,6,weekday,33,0.01812797683613903,43
_H,6,weekday,34,0.01959021908086657,43
_H,6,weekday,35,0.02109789558720109,43
_H,6,weekday,36,0.022793032807529708,43
_H,6,weekday,37,0.023516958696125592,43
_H,6,weekday,38,0.024632892710866324,43
_H,6,weekday,39,0.024619068682509987,43
_H,6,weekday,40,0.025080160931185567,43
_H,6,weekday,41,0.025109891953040288,43
_H,6,weekday,42,0.025286351735552656,43
_H,6,weekday,43,0.025569569031100078,43
_H,6,weekday,44,0.025439827070786347,43
_H,6,weekday,45,0.02497925314438759,43
_H,6,weekday,46,0.024121561544027243,43
_H,6,weekday,47,0.02267009317975309,43
_H,6,weekday,48,0.022157213291279423,43
_H,7,saturday,1,0.024274611853226286,8
_H,7,saturday,2,0.024033558053690056,8
_H,7,saturday,3,0.023876588638384977,8
_H,7,saturday,4,0.023822802688537092,8
_H,7,saturday,5,0.022978508200353187,8
_H,7,saturday,6,0.02272888075442976,8
_H,7,saturday,7,0.021696658169492202,8
_H,7,saturday,8,0.021362677386125222,8
_H,7,saturday,9,0.0210596950653077,8
_H,7,saturday,10,0.02120500952701878,8
_H,7,saturday,11,0.021039896326238355,8
_H,7,saturday,12,0.02097636739725086,8
_H,7,saturday,13,0.021506046639888466,8
_H,7,saturday,14,0.020886829002975296,8
_H,7,saturday,15,0.02124183667113634,8
_H,7,saturday,16,0.020487738817357756,8
_H,7,saturday,17,0.020452202591324783,8
_H,7,saturday,18,0.01982474872898186,8
_H,7,saturday,19,0.018983297634256515,8
_H,7,saturday,20,0.018505385618335268,8
_H,7,saturday,21,0.017916569111034394,8
_H,7,saturday,22,0.017017304975165806,8
_H,7,saturday,23,0.016385361648855814,8
_H,7,saturday,24,0.01575626291329082,8
_H,7,saturday,25,0.015665784484953874,8
_H,7,saturday,26,0.015357851690632918,8
_H,7,saturday,27,0.014866974908414056,8
_H,7,saturday,28,0.014834183732765554,8
_H,7,saturday,29,0.01438385020230215,8
_H,7,saturday,30,0.01429750465316985,8
_H,7,saturday,31,0.01488443542312681,8
_H,7,saturday,32,0.015574314774448754,8
_H,7,saturday,33,0.01681975372360736,8
_H,7,saturday,34,0.018375109276607116,8
_H,7,saturday,35,0.02022570273987958,8
_H,7,saturday,36,0.022211636137220166,8
_H,7,saturday,37,0.023527925964659795,8
_H,7,saturday,38,0.024908481841467985,8
_H,7,saturday,39,0.025516570430041054,8
_H,7,saturday,40,0.026273562476264917,8
_H,7,saturday,41,0.02602449485177055,8
_H,7,saturday,42,0.02645809567329093,8
_H,7,saturday,43,0.025949645504191314,8
_H,7,saturday,44,0.02590807906659525,8
_H,7,saturday,45,0.026038737210844657,8
_H,7,saturday,46,0.025565170869708925,8
_H,7,saturday,47,0.02438106378506847,8
_H,7,saturday,48,0.02393223216631035,8
_H,7,sunday,1,0.02448400789999704,8
_H,7,sunday,2,0.02415738737853552,8
_H,7,sunday,3,0.023928303076182496,8
_H,7,sunday,4,0.023688855442689487,8
_H,7,sunday,5,0.023020740807191954,8
_H,7,sunday,6,0.022325284283045227,8
_H,7,sunday,7,0.02176216847418537,8
_H,7,sunday,8,0.021559211803977775,8
_H,7,sunday,9,0.02123327515782383,8
_H,7,sunday,10,0.021062281601425415,8
_H,7,sunday,11,0.020865444361270555,8
_H,7,sunday,12,0.02056807824413801,8
_H,7,sunday,13,0.02102521827042415,8
_H,7,sunday,14,0.02048798792360735,8
_H,7,sunday,15,0.020696330304581578,8
_H,7,sunday,16,0.02002545223968553,8
_H,7,sunday,17,0.020063328129848162,8
_H,7,sunday,18,0.01920383317362422,8
_H,7,sunday,19,0.01856544575456475,8
_H,7,sunday,20,0.01735307534704089,8
_H,7,sunday,21,0.01681101986652883,8
_H,7,sunday,22,0.015966915643368367,8
_H,7,sunday,23,0.015323369446367807,8
_H,7,sunday,24,0.014489286733084408,8
_H,7,sunday,25,0.014905090129184227,8
_H,7,sunday,26,0.014813078492433561,8
_H,7,sunday,27,0.014525716613372508,8
_H,7,sunday,28,0.013958166134717306,8
_H,7,sunday,29,0.01382978057108138,8
_H,7,sunday,30,0.014211962400856502,8
_H,7,sunday,31,0.01475695534220162,8
_H,7,sunday,32,0.015219196497690404,8
_H,7,sunday,33,0.016563335878254547,8
_H,7,sunday,34,0.018512228929243115,8
_H,7,sunday,35,0.020749186063668455,8
_H,7,sunday,36,0.02310399921843268,8
_H,7,sunday,37,0.02454458630911665,8
_H,7,sunday,38,0.025950121081422233,8
_H,7,sunday,39,0.026743372560924298,8
_H,7,sunday,40,0.027326344405955178,8
_H,7,sunday,41,0.02718042477798588,8
_H,7,sunday,42,0.02719418398872659,8
_H,7,sunday,43,0.027061485624102023,8
_H,7,sunday,44,0.027240195347502206,8
_H,7,sunday,45,0.026816543234968643,8
_H,7,sunday,46,0.026369298092651174,8
_H,7,sunday,47,0.025107867530592774,8
_H,7,sunday,48,0.024650579411727325,8
_H,7,weekday,1,0.022373144694757926,46
_H,7,weekday,2,0.022251994226461534,46
_H,7,weekday,3,0.021969257068303882,46
_H,7,weekday,4,0.022005187465857244,46
_H,7,weekday,5,0.02162507652042962,46
_H,7,weekday,6,0.02145209811653499,46
_H,7,weekday,7,0.02083465269256604,46
_H,7,weekday,8,0.020655219051815898,46
_H,7,weekday,9,0.020168544977569373,46
_H,7,weekday,10,0.020153179429787626,46
_H,7,weekday,11,0.019803523726686888,46
_H,7,weekday,12,0.019751833621651477,46
_H,7,weekday,13,0.020695361874079988,46
_H,7,weekday,14,0.020843338370861192,46
_H,7,weekday,15,0.021778126030727925,46
_H,7,weekday,16,0.021292308342809253,46
_H,7,weekday,17,0.021546120362582542,46
_H,7,weekday,18,0.02060900815352016,46
_H,7,weekday,19,0.019892151849486138,46
_H,7,weekday,20,0.01872462659345635,46
_H,7,weekday,21,0.01764933939243025,46
_H,7,weekday,22,0.016903374250836056,46
_H,7,weekday,23,0.016099517517102258,46
_H,7,weekday,24,0.015865168903938513,46
_H,7,weekday,25,0.01572308223245698,46
_H,7,weekday,26,0.015913347055158573,46
_H,7,weekday,27,0.015932639319083865,46
_H,7,weekday,28,0.01614797416150315,46
_H,7,weekday,29,0.016173164765792548,46
_H,7,weekday,30,0.016413680006891952,46
_H,7,weekday,31,0.016505028354920636,46
_H,7,weekday,32,0.01728098784701707,46
_H,7,weekday,33,0.018435747108032603,46
_H,7,weekday,34,0.019818662491584874,46
_H,7,weekday,35,0.021247362652327538,46
_H,7,weekday,36,0.022915446970288463,46
_H,7,weekday,37,0.02414059302123049,46
_H,7,weekday,38,0.025313542684361715,46
_H,7,weekday,39,0.02565320450268022,46
_H,7,weekday,40,0.026087965903475088,46
_H,7,weekday,41,0.026058248344049795,46
_H,7,weekday,42,0.02609439208769964,46
_H,7,weekday,43,0.0263357939798158,46
_H,7,weekday,44,0.02620626525765808,46
_H,7,weekday,45,0.025581827864789478,46
_H,7,weekday,46,0.024853252948338334,46
_H,7,weekday,47,0.02339152699977861,46
_H,7,weekday,48,0.02283411020681139,46
_H,8,saturday,1,0.023751347410085014,9
_H,8,saturday,2,0.023759114726703025,9
_H,8,saturday,3,0.02326726445180781,9
_H,8,saturday,4,0.023325037355234304,9
_H,8,saturday,5,0.022872519381527536,9
_H,8,saturday,6,0.022750683482452225,9
_H,8,saturday,7,0.021814039113093583,9
_H,8,saturday,8,0.021749560552002254,9
_H,8,saturday,9,0.021176023365748087,9
_H,8,saturday,10,0.021295034431943513,9
_H,8,saturday,11,0.021062581277784844,9
_H,8,saturday,12,0.020935029194431843,9
_H,8,saturday,13,0.021463317169414853,9
_H,8,saturday,14,0.021217056901338033,9
_H,8,saturday,15,0.021743678458758905,9
_H,8,saturday,16,0.020619012659428018,9
_H,8,saturday,17,0.02062166399675172,9
_H,8,saturday,18,0.01926398197490593,9
_H,8,saturday,19,0.018233482179884315,9
_H,8,saturday,20,0.016910882818167817,9
_H,8,saturday,21,0.01588756635202075,9
_H,8,saturday,22,0.015368235790516807,9
_H,8,saturday,23,0.014536226941484412,9
_H,8,saturday,24,0.014513747766322261,9
_H,8,saturday,25,0.014664179422545491,9
_H,8,saturday,26,0.014564521401443344,9
_H,8,saturday,27,0.014372967294895182,9
_H,8,saturday,28,0.014664329655206794,9
_H,8,saturday,29,0.014772294575910946,9
_H,8,saturday,30,0.015456585269782929,9
_H,8,saturday,31,0.015564807113518086,9
_H,8,saturday,32,0.016642239787029663,9
_H,8,saturday,33,0.01793423129350259,9
_H,8,saturday,34,0.019678407584036477,9
_H,8,saturday,35,0.021712021475409918,9
_H,8,saturday,36,0.023615698857135294,9
_H,8,saturday,37,0.024662266631869934,9
_H,8,saturday,38,0.02599432323325046,9
_H,8,saturday,39,0.026068447536689632,9
_H,8,saturday,40,0.02615035407940918,9
_H,8,saturday,41,0.026389413518351154,9
_H,8,saturday,42,0.026577981278448,9
_H,8,saturday,43,0.02680889283013705,9
_H,8,saturday,44,0.0266092898419592,9
_H,8,saturday,45,0.02595019216718204,9
_H,8,saturday,46,0.0254326526528999,9
_H,8,saturday,47,0.02413580401654712,9
_H,8,saturday,48,0.02344101073103171,9
_H,8,sunday,1,0.023846952376401262,9
_H,8,sunday,2,0.023572950139772262,9
_H,8,sunday,3,0.023486690293132897,9
_H,8,sunday,4,0.02345291305324066,9
_H,8,sunday,5,0.022489095833263615,9
_H,8,sunday,6,0.022463088423253803,9
_H,8,sunday,7,0.021526428023577515,9
_H,8,sunday,8,0.021160817181978344,9
_H,8,sunday,9,0.02098992181488564,9
_H,8,sunday,10,0.021013987080830035,9
_H,8,sunday,11,0.020681044618109087,9
_H,8,sunday,12,0.020683491320357024,9
_H,8,sunday,13,0.02088809314370096,9
_H,8,sunday,14,0.020633344175591133,9
_H,8,sunday,15,0.02076979491185753,9
_H,8,sunday,16,0.01991018375727607,9
_H,8,sunday,17,0.01947229326254667,9
_H,8,sunday,18,0.018644044873094377,9
_H,8,sunday,19,0.017758880121998034,9
_H,8,sunday,20,0.016954772308646015,9
_H,8,sunday,21,0.01576775249476162,9
_H,8,sunday,22,0.01501516155186809,9
_H,8,sunday,23,0.014213900607369597,9
_H,8,sunday,24,0.014247898114680104,9
_H,8,sunday,25,0.014444212352051587,9
_H,8,sunday,26,0.014450676199922621,9
_H,8,sunday,27,0.01441209589168395,9
_H,8,sunday,28,0.014295919585693154,9
_H,8,sunday,29,0.014363216589051264,9
_H,8,sunday,30,0.014540961116997505,9
_H,8,sunday,31,0.014730338381897452,9
_H,8,sunday,32,0.01571157441559481,9
_H,8,sunday,33,0.017389464057638717,9
_H,8,sunday,34,0.019245768209025366,9
_H,8,sunday,35,0.021693797771309167,9
_H,8,sunday,36,0.02383782628085418,9
_H,8,sunday,37,0.02558518647306089,9
_H,8,sunday,38,0.027289435152729635,9
_H,8,sunday,39,0.02720152755050899,9
_H,8,sunday,40,0.02754034049328038,9
_H,8,sunday,41,0.027532532444218976,9
_H,8,sunday,42,0.02791059316945438,9
_H,8,sunday,43,0.02832758443663311,9
_H,8,sunday,44,0.02766958905703722,9
_H,8,sunday,45,0.026722720195045277,9
_H,8,sunday,46,0.026271556482865957,9
_H,8,sunday,47,0.02484944408256969,9
_H,8,sunday,48,0.024340140128683393,9
_H,8,weekday,1,0.021358307483740808,40
_H,8,weekday,2,0.021412297159604184,40
_H,8,weekday,3,0.021231949849253088,40
_H,8,weekday,4,0.021480503819724214,40
_H,8,weekday,5,0.02104362360041175,40
_H,8,weekday,6,0.020976500120195366,40
_H,8,weekday,7,0.020198246323744708,40
_H,8,weekday,8,0.020036412171835282,40
_H,8,weekday,9,0.019416559840385445,40
_H,8,weekday,10,0.019358071088675814,40
_H,8,weekday,11,0.019090303535461782,40
_H,8,weekday,12,0.019195043024851317,40
_H,8,weekday,13,0.01994064046676278,40
_H,8,weekday,14,0.020252638024803614,40
_H,8,weekday,15,0.02157740770094484,40
_H,8,weekday,16,0.02106624965551959,40
_H,8,weekday,17,0.021770295225017514,40
_H,8,weekday,18,0.021046828608761593,40
_H,8,weekday,19,0.02048550672472431,40
_H,8,weekday,20,0.01954188494127776,40
_H,8,weekday,21,0.018991334148080526,40
_H,8,weekday,22,0.018273660692334034,40
_H,8,weekday,23,0.017614875682500673,40
_H,8,weekday,24,0.017177236919683127,40
_H,8,weekday,25,0.01718476289887291,40
_H,8,weekday,26,0.016987283917178155,40
_H,8,weekday,27,0.01681573155016533,40
_H,8,weekday,28,0.016844083456319738,40
_H,8,weekday,29,0.01684042885686326,40
_H,8,weekday,30,0.017297348279108726,40
_H,8,weekday,31,0.01752883884448493,40
_H,8,weekday,32,0.01832785611205113,40
_H,8,weekday,33,0.01905077343077336,40
_H,8,weekday,34,0.020378494474546798,40
_H,8,weekday,35,0.0217376997416863,40
_H,8,weekday,36,0.023289399515686465,40
_H,8,weekday,37,0.02414513005963079,40
_H,8,weekday,38,0.025231833805302105,40
_H,8,weekday,39,0.025366255689114707,40
_H,8,weekday,40,0.02556868423711222,40
_H,8,weekday,41,0.025864457125747847,40
_H,8,weekday,42,0.025888021454902127,40
_H,8,weekday,43,0.025814481290762886,40
_H,8,weekday,44,0.02537907327902909,40
_H,8,weekday,45,0.02435299553029793,40
_H,8,weekday,46,0.023714009274691607,40
_H,8,weekday,47,0.022269303216121663,40
_H,8,weekday,48,0.021586677151255798,40
_H,9,saturday,1,0.020791832623498218,4
_H,9,saturday,2,0.020787396523004806,4
_H,9,saturday,3,0.020571156868087883,4
_H,9,saturday,4,0.02038875065427553,4
_H,9,saturday,5,0.02014854035918706,4
_H,9,saturday,6,0.02001830477396405,4
_H,9,saturday,7,0.019277299320200756,4
_H,9,saturday,8,0.019397977264460377,4
_H,9,saturday,9,0.019051888574194948,4
_H,9,saturday,10,0.019080353239708494,4
_H,9,saturday,11,0.018810006950397664,4
_H,9,saturday,12,0.018977480207266764,4
_H,9,saturday,13,0.019374097543142628,4
_H,9,saturday,14,0.01986431158959632,4
_H,9,saturday,15,0.020677405406778565,4
_H,9,saturday,16,0.020704428729895478,4
_H,9,saturday,17,0.021094804073155695,4
_H,9,saturday,18,0.02080915681200995,4
_H,9,saturday,19,0.020681863691588306,4
_H,9,saturday,20,0.02060018081941867,4
_H,9,saturday,21,0.019890715111100382,4
_H,9,saturday,22,0.01996892230118381,4
_H,9,saturday,23,0.019156155428349426,4
_H,9,saturday,24,0.01868082240298855,4
_H,9,saturday,25,0.01863835358371027,4
_H,9,saturday,26,0.01882510184329482,4
_H,9,saturday,27,0.018987174422909592,4
_H,9,saturday,28,0.01852834982303487,4
_H,9,saturday,29,0.017672150983969365,4
_H,9,saturday,30,0.017656387853090635,4
_H,9,saturday,31,0.017180051947064876,4
_H,9,saturday,32,0.017640352959959672,4
_H,9,saturday,33,0.01879141126544842,4
_H,9,saturday,34,0.020457841327540017,4
_H,9,saturday,35,0.022121386695343505,4
_H,9,saturday,36,0.023686047651909566,4
_H,9,saturday,37,0.024588526573835003,4
_H,9,saturday,38,0.02504059277625891,4
_H,9,saturday,39,0.025542085638695165,4
_H,9,saturday,40,0.02542522137832473,4
_H,9,saturday,41,0.025608462600597896,4
_H,9,saturday,42,0.025306788015702332,4
_H,9,saturday,43,0.02476909973105476,4
_H,9,saturday,44,0.024317540192865843,4
_H,9,saturday,45,0.023801284989576423,4
_H,9,saturday,46,0.023508978448818278,4
_H,9,saturday,47,0.021581136567723293,4
_H,9,saturday,48,0.021521821461817386,4
_H,9,sunday,1,0.019369866384391865,4
_H,9,sunday,2,0.019530662055725286,4
_H,9,sunday,3,0.01963738963441192,4
_H,9,sunday,4,0.019483780320227892,4
_H,9,sunday,5,0.0191548668350986,4
_H,9,sunday,6,0.019021639733175486,4
_H,9,sunday,7,0.01784372886880085,4
_H,9,sunday,8,0.017873616951131037,4
_H,9,sunday,9,0.017368658468803297,4
_H,9,sunday,10,0.017325876778202885,4
_H,9,sunday,11,0.018071767833397038,4
_H,9,sunday,12,0.01800061243601914,4
_H,9,sunday,13,0.01816653640431423,4
_H,9,sunday,14,0.018118085293318927,4
_H,9,sunday,15,0.019560068645218098,4
_H,9,sunday,16,0.01922960682345986,4
_H,9,sunday,17,0.02003698469170514,4
_H,9,sunday,18,0.018926985854651204,4
_H,9,sunday,19,0.0200046033887149,4
_H,9,sunday,20,0.02020510409227711,4
_H,9,sunday,21,0.019848677557694136,4
_H,9,sunday,22,0.019906323491027892,4
_H,9,sunday,23,0.019452134693539135,4
_H,9,sunday,24,0.01893893962736745,4
_H,9,sunday,25,0.019347600849674684,4
_H,9,sunday,26,0.01862075919549743,4
_H,9,sunday,27,0.01866428663251194,4
_H,9,sunday,28,0.01868908010797311,4
_H,9,sunday,29,0.019091231020759068,4
_H,9,sunday,30,0.02012351926351718,4
_H,9,sunday,31,0.021498628117430293,4
_H,9,sunday,32,0.02230644633302224,4
_H,9,sunday,33,0.02276621446186918,4
_H,9,sunday,34,0.023900626313966368,4
_H,9,sunday,35,0.023905899516458107,4
_H,9,sunday,36,0.025057777458393164,4
_H,9,sunday,37,0.025586112736959203,4
_H,9,sunday,38,0.025751220337491203,4
_H,9,sunday,39,0.025928738199879155,4
_H,9,sunday,40,0.025947676571713596,4
_H,9,sunday,41,0.02554931120288459,4
_H,9,sunday,42,0.02542126094492663,4
_H,9,sunday,43,0.0247814431308999,4
_H,9,sunday,44,0.024211949675859178,4
_H,9,sunday,45,0.023187807757461314,4
_H,9,sunday,46,0.022605036595261103,4
_H,9,sunday,47,0.02115101046870873,4
_H,9,sunday,48,0.020829846244209263,4
_H,9,weekday,1,0.019697750099369537,22
_H,9,weekday,2,0.020013306398495346,22
_H,9,weekday,3,0.01959407115888231,22
_H,9,weekday,4,0.01966558695410116,22
_H,9,weekday,5,0.019383004776885433,22
_H,9,weekday,6,0.019269662531780828,22
_H,9,weekday,7,0.019145072904641788,22
_H,9,weekday,8,0.018861350116013916,22
_H,9,weekday,9,0.01839292754780856,22
_H,9,weekday,10,0.018379726040280823,22
_H,9,weekday,11,0.01881204257163632,22
_H,9,weekday,12,0.01927550548870992,22
_H,9,weekday,13,0.020141045083197005,22
_H,9,weekday,14,0.020704874225079647,22
_H,9,weekday,15,0.021916039571611593,22
_H,9,weekday,16,0.0216814071364397,22
_H,9,weekday,17,0.02202176290669314,22
_H,9,weekday,18,0.02150803079463271,22
_H,9,weekday,19,0.02109398918179389,22
_H,9,weekday,20,0.02016041647305801,22
_H,9,weekday,21,0.019287571457189304,22
_H,9,weekday,22,0.018708885633962502,22
_H,9,weekday,23,0.01824118541950719,22
_H,9,weekday,24,0.01813235735434003,22
_H,9,weekday,25,0.018244725693469806,22
_H,9,weekday,26,0.01812267482762452,22
_H,9,weekday,27,0.0179429040924082,22
_H,9,weekday,28,0.01777850405854464,22
_H,9,weekday,29,0.01793916250126087,22
_H,9,weekday,30,0.018140042945942954,22
_H,9,weekday,31,0.018450741182253497,22
_H,9,weekday,32,0.019323491670186512,22
_H,9,weekday,33,0.02054965582273666,22
_H,9,weekday,34,0.021986286310659638,22
_H,9,weekday,35,0.02344423711897047,22
_H,9,weekday,36,0.02447085882264535,22
_H,9,weekday,37,0.025006092289517154,22
_H,9,weekday,38,0.0255980466916739,22
_H,9,weekday,39,0.025816464687970088,22
_H,9,weekday,40,0.02583089924754667,22
_H,9,weekday,41,0.026319911322613212,22
_H,9,weekday,42,0.025835781087476164,22
_H,9,weekday,43,0.02506770133981229,22
_H,9,weekday,44,0.02409104366121103,22
_H,9,weekday,45,0.022817410172688145,22
_H,9,weekday,46,0.021953526356928696,22
_H,9,weekday,47,0.020898911257623026,22
_H,9,weekday,48,0.020283355012125845,22
_H,10,saturday,1,0.019424604369952626,4
_H,10,saturday,2,0.019506268144215137,4
_H,10,saturday,3,0.01989020981332753,4
_H,10,saturday,4,0.02011927689654222,4
_H,10,saturday,5,0.019702815043433613,4
_H,10,saturday,6,0.019658342545441816,4
_H,10,saturday,7,0.018408557847834867,4
_H,10,saturday,8,0.01875683110207208,4
_H,10,saturday,9,0.01820910518155041,4
_H,10,saturday,10,0.01867825804527102,4
_H,10,saturday,11,0.017808335322732863,4
_H,10,saturday,12,0.017528970213423856,4
_H,10,saturday,13,0.018081947213941008,4
_H,10,saturday,14,0.018873137446384813,4
_H,10,saturday,15,0.019887127691241565,4
_H,10,saturday,16,0.020131674892510207,4
_H,10,saturday,17,0.02082463080873887,4
_H,10,saturday,18,0.020637423722929163,4
_H,10,saturday,19,0.020449150556616183,4
_H,10,saturday,20,0.019585634734231132,4
_H,10,saturday,21,0.01874778864859745,4
_H,10,saturday,22,0.0186281322221236,4
_H,10,saturday,23,0.018290386443794018,4
_H,10,saturday,24,0.018676827792147323,4
_H,10,saturday,25,0.018924956311843433,4
_H,10,saturday,26,0.019509726115196125,4
_H,10,saturday,27,0.019676347168426277,4
_H,10,saturday,28,0.02007322255941144,4
_H,10,saturday,29,0.020385965516685516,4
_H,10,saturday,30,0.02063022641864616,4
_H,10,saturday,31,0.02074781934413461,4
_H,10,saturday,32,0.021219278008066517,4
_H,10,saturday,33,0.02140204868003119,4
_H,10,saturday,34,0.021786210808943888,4
_H,10,saturday,35,0.02362313427390507,4
_H,10,saturday,36,0.024934631946584553,4
_H,10,saturday,37,0.026127246952858424,4
_H,10,saturday,38,0.026720768508618035,4
_H,10,saturday,39,0.02668580894337589,4
_H,10,saturday,40,0.026036185140214507,4
_H,10,saturday,41,0.02555768713483995,4
_H,10,saturday,42,0.024856064792286085,4
_H,10,saturday,43,0.023735824673485582,4
_H,10,saturday,44,0.023125510528138358,4
_H,10,saturday,45,0.021848006292477483,4
_H,10,saturday,46,0.021572751026034044,4
_H,10,saturday,47,0.02046128207170912,4
_H,10,saturday,48,0.019853860085034356,4
_H,10,sunday,1,0.01817478025873606,4
_H,10,sunday,2,0.01810446717147707,4
_H,10,sunday,3,0.01819536109077365,4
_H,10,sunday,4,0.018411957616989796,4
_H,10,sunday,5,0.01804883558370939,4
_H,10,sunday,6,0.017968715519157536,4
_H,10,sunday,7,0.01744662194208504,4
_H,10,sunday,8,0.017360081628913462,4
_H,10,sunday,9,0.016808130059064338,4
_H,10,sunday,10,0.01669108363513493,4
_H,10,sunday,11,0.016712366699613488,4
_H,10,sunday,12,0.01706497644836275,4
_H,10,sunday,13,0.017003508919480888,4
_H,10,sunday,14,0.017183561873749933,4
_H,10,sunday,15,0.017893715550727055,4
_H,10,sunday,16,0.018010148144129295,4
_H,10,sunday,17,0.019272112918980837,4
_H,10,sunday,18,0.01891326229248208,4
_H,10,sunday,19,0.019138823237581416,4
_H,10,sunday,20,0.01881522649589528,4
_H,10,sunday,21,0.01878430273072923,4
_H,10,sunday,22,0.018746186388121224,4
_H,10,sunday,23,0.018476161843198422,4
_H,10,sunday,24,0.018622381653702565,4
_H,10,sunday,25,0.019523218279611676,4
_H,10,sunday,26,0.01978517511931525,4
_H,10,sunday,27,0.02013501004482569,4
_H,10,sunday,28,0.020177593566766707,4
_H,10,sunday,29,0.019906610204748265,4
_H,10,sunday,30,0.020285111750290484,4
_H,10,sunday,31,0.02042230150991278,4
_H,10,sunday,32,0.021494571141789307,4
_H,10,sunday,33,0.02252524750757852,4
_H,10,sunday,34,0.023101694954375203,4
_H,10,sunday,35,0.024441072438497045,4
_H,10,sunday,36,0.025486385235209866,4
_H,10,sunday,37,0.025560746091587493,4
_H,10,sunday,38,0.025878323594870887,4
_H,10,sunday,39,0.02547827352910919,4
_H,10,sunday,40,0.02498303846693195,4
_H,10,sunday,41,0.024232109594183995,4
_H,10,sunday,42,0.023885901216807986,4
_H,10,sunday,43,0.022823516668182917,4
_H,10,sunday,44,0.022628894415927997,4
_H,10,sunday,45,0.021325110037339758,4
_H,10,sunday,46,0.02063987072513484,4
_H,10,sunday,47,0.019312430742961628,4
_H,10,sunday,48,0.019140736402858773,4
_H,10,sunday,49,0.017122868181440723,1
_H,10,sunday,50,0.017857418876945447,1
_H,10,weekday,1,0.018071104088251785,23
_H,10,weekday,2,0.01832424509071358,23
_H,10,weekday,3,0.018315478721856245,23
_H,10,weekday,4,0.01825474657094462,23
_H,10,weekday,5,0.017926566467453695,23
_H,10,weekday,6,0.017845853090050053,23
_H,10,weekday,7,0.017398445957655585,23
_H,10,weekday,8,0.017395634422622725,23
_H,10,weekday,9,0.01683222615737735,23
_H,10,weekday,10,0.016893472008358668,23
_H,10,weekday,11,0.01687814008706293,23
_H,10,weekday,12,0.01752484380681249,23
_H,10,weekday,13,0.018912634041170853,23
_H,10,weekday,14,0.019805725969120128,23
_H,10,weekday,15,0.021004796412093157,23
_H,10,weekday,16,0.02116448433477276,23
_H,10,weekday,17,0.022146972809628806,23
_H,10,weekday,18,0.02188889544710352,23
_H,10,weekday,19,0.022193772524179645,23
_H,10,weekday,20,0.021657104315157914,23
_H,10,weekday,21,0.02142906196005979,23
_H,10,weekday,22,0.021080665105232536,23
_H,10,weekday,23,0.020833295259707094,23
_H,10,weekday,24,0.020845902434318015,23
_H,10,weekday,25,0.020841716108096545,23
_H,10,weekday,26,0.020868440112585106,23
_H,10,weekday,27,0.020684115319016202,23
_H,10,weekday,28,0.020703412311995205,23
_H,10,weekday,29,0.02072485004971273,23
_H,10,weekday,30,0.02108989387933978,23
_H,10,weekday,31,0.021131577199886002,23
_H,10,weekday,32,0.02195361196115777,23
_H,10,weekday,33,0.02267898283706736,23
_H,10,weekday,34,0.023345116578269605,23
_H,10,weekday,35,0.024338780560843043,23
_H,10,weekday,36,0.024752311500116808,23
_H,10,weekday,37,0.0252276045193087,23
_H,10,weekday,38,0.025286813868046137,23
_H,10,weekday,39,0.025443849029762045,23
_H,10,weekday,40,0.02494389101204265,23
_H,10,weekday,41,0.024299530810177255,23
_H,10,weekday,42,0.023723744898402493,23
_H,10,weekday,43,0.022797838974752096,23
_H,10,weekday,44,0.02222584486509131,23
_H,10,weekday,45,0.021022928970354186,23
_H,10,weekday,46,0.020103906206166307,23
_H,10,weekday,47,0.01884396999359134,23
_H,10,weekday,48,0.01834320135251539,23
_H,11,saturday,1,0.019404432939629356,5
_H,11,saturday,2,0.02017471280324787,5
_H,11,saturday,3,0.019771737089474543,5
_H,11,saturday,4,0.019402789245832268,5
_H,11,saturday,5,0.019143959958069744,5
_H,11,saturday,6,0.018571696818059966,5
_H,11,saturday,7,0.01811493889070346,5
_H,11,saturday,8,0.018105213769837543,5
_H,11,saturday,9,0.017693249962344306,5
_H,11,saturday,10,0.017577232781308568,5
_H,11,saturday,11,0.017405039824313483,5
_H,11,saturday,12,0.017523284662463272,5
_H,11,saturday,13,0.01789837550159063,5
_H,11,saturday,14,0.018450770179105933,5
_H,11,saturday,15,0.019759112699977845,5
_H,11,saturday,16,0.020002598406465517,5
_H,11,saturday,17,0.02067482898519183,5
_H,11,saturday,18,0.020277047699958962,5
_H,11,saturday,19,0.020232915050179733,5
_H,11,saturday,20,0.02021527494075284,5
_H,11,saturday,21,0.019777091738631628,5
_H,11,saturday,22,0.019592817748256462,5
_H,11,saturday,23,0.019356033046262645,5
_H,11,saturday,24,0.019383200799179975,5
_H,11,saturday,25,0.01955573312870095,5
_H,11,saturday,26,0.020229328866433235,5
_H,11,saturday,27,0.02080122648111995,5
_H,11,saturday,28,0.02119481497569898,5
_H,11,saturday,29,0.021957733869739243,5
_H,11,saturday,30,0.022412608813629484,5
_H,11,saturday,31,0.023082142855696576,5
_H,11,saturday,32,0.023555304233990867,5
_H,11,saturday,33,0.023934032167953055,5
_H,11,saturday,34,0.024464869040676736,5
_H,11,saturday,35,0.025170104003370018,5
_H,11,saturday,36,0.02558431198436422,5
_H,11,saturday,37,0.02563969693214343,5
_H,11,saturday,38,0.025428545643271527,5
_H,11,saturday,39,0.02509202229680354,5
_H,11,saturday,40,0.024745929446006776,5
_H,11,saturday,41,0.023832223062517803,5
_H,11,saturday,42,0.023146434686240912,5
_H,11,saturday,43,0.02189817416823337,5
_H,11,saturday,44,0.021240684411767914,5
_H,11,saturday,45,0.02051422839808053,5
_H,11,saturday,46,0.01994698995332025,5
_H,11,saturday,47,0.01925018238471261,5
_H,11,saturday,48,0.01881432265468961,5
_H,11,sunday,1,0.018882713183966622,5
_H,11,sunday,2,0.019673310765150307,5
_H,11,sunday,3,0.019155706062243948,5
_H,11,sunday,4,0.01881091791554949,5
_H,11,sunday,5,0.01856038423073985,5
_H,11,sunday,6,0.01829837438186821,5
_H,11,sunday,7,0.017711208292579748,5
_H,11,sunday,8,0.01760512703474052,5
_H,11,sunday,9,0.017221499969147867,5
_H,11,sunday,10,0.017511401718668714,5
_H,11,sunday,11,0.01737434197989568,5
_H,11,sunday,12,0.017297839847979845,5
_H,11,sunday,13,0.017869997235809974,5
_H,11,sunday,14,0.018142389643535446,5
_H,11,sunday,15,0.01884281365742389,5
_H,11,sunday,16,0.01895493586832273,5
_H,11,sunday,17,0.019421033340307405,5
_H,11,sunday,18,0.01898157691178258,5
_H,11,sunday,19,0.018871755690105123,5
_H,11,sunday,20,0.01865557917357749,5
_H,11,sunday,21,0.018554618962586346,5
_H,11,sunday,22,0.01856677565439126,5
_H,11,sunday,23,0.01885814808679568,5
_H,11,sunday,24,0.019077397664892266,5
_H,11,sunday,25,0.019495748064086833,5
_H,11,sunday,26,0.020093460648408057,5
_H,11,sunday,27,0.020371940701436494,5
_H,11,sunday,28,0.02086500108611027,5
_H,11,sunday,29,0.021391034241446852,5
_H,11,sunday,30,0.022098583417213966,5
_H,11,sunday,31,0.023544885275788473,5
_H,11,sunday,32,0.02463479318091285,5
_H,11,sunday,33,0.02521968382102882,5
_H,11,sunday,34,0.025991909678052656,5
_H,11,sunday,35,0.026951113049411356,5
_H,11,sunday,36,0.027160306951899686,5
_H,11,sunday,37,0.027186510962642962,5
_H,11,sunday,38,0.027073916705373798,5
_H,11,sunday,39,0.026252918600432877,5
_H,11,sunday,40,0.025746690496683804,5
_H,11,sunday,41,0.02499131532076035,5
_H,11,sunday,42,0.024019248333326797,5
_H,11,sunday,43,0.022883201043201885,5
_H,11,sunday,44,0.021934340176798406,5
_H,11,sunday,45,0.0207941680958392,5
_H,11,sunday,46,0.02018325814779527,5
_H,11,sunday,47,0.01904965149169741,5
_H,11,sunday,48,0.019166473237589954,5
_H,11,weekday,1,0.018003616019913272,20
_H,11,weekday,2,0.018387416524141668,20
_H,11,weekday,3,0.018140403480296552,20
_H,11,weekday,4,0.01805985355162438,20
_H,11,weekday,5,0.017664325062214152,20
_H,11,weekday,6,0.017526526281869643,20
_H,11,weekday,7,0.017132527714084425,20
_H,11,weekday,8,0.01707102226649474,20
_H,11,weekday,9,0.016521995417522195,20
_H,11,weekday,10,0.016567652945504323,20
_H,11,weekday,11,0.016547163049988982,20
_H,11,weekday,12,0.016953513970598695,20
_H,11,weekday,13,0.018216925197164606,20
_H,11,weekday,14,0.019335665140509363,20
_H,11,weekday,15,0.020794800363060258,20
_H,11,weekday,16,0.0212175864749079,20
_H,11,weekday,17,0.021990841343540252,20
_H,11,weekday,18,0.021786838933637802,20
_H,11,weekday,19,0.02221109019480902,20
_H,11,weekday,20,0.021878929858717446,20
_H,11,weekday,21,0.021520510975505447,20
_H,11,weekday,22,0.021183107378458514,20
_H,11,weekday,23,0.02110979171680741,20
_H,11,weekday,24,0.020935987431600217,20
_H,11,weekday,25,0.02095050907695024,20
_H,11,weekday,26,0.02106143539483613,20
_H,11,weekday,27,0.02121675153847157,20
_H,11,weekday,28,0.021701189635670973,20
_H,11,weekday,29,0.02198911054909517,20
_H,11,weekday,30,0.022635208101302012,20
_H,11,weekday,31,0.023184666315072683,20
_H,11,weekday,32,0.023684898933165843,20
_H,11,weekday,33,0.02395078766794351,20
_H,11,weekday,34,0.024178374698427253,20
_H,11,weekday,35,0.024630128037282976,20
_H,11,weekday,36,0.02487238014499673,20
_H,11,weekday,37,0.025314419842590318,20
_H,11,weekday,38,0.025391410035851214,20
_H,11,weekday,39,0.024884442904230954,20
_H,11,weekday,40,0.02439949409319295,20
_H,11,weekday,41,0.02382208917080347,20
_H,11,weekday,42,0.02307344212060741,20
_H,11,weekday,43,0.022058433734323275,20
_H,11,weekday,44,0.021120575766981575,20
_H,11,weekday,45,0.020050114123398636,20
_H,11,weekday,46,0.019086404194649603,20
_H,11,weekday,47,0.0180594373703521,20
_H,11,weekday,48,0.01792620525683216,20
_H,12,saturday,1,0.019438766663116707,4
_H,12,saturday,2,0.019981371657591663,4
_H,12,saturday,3,0.020004177430021586,4
_H,12,saturday,4,0.019589231561821435,4
_H,12,saturday,5,0.019348567801239187,4
_H,12,saturday,6,0.018806216637381367,4
_H,12,saturday,7,0.018322328506236954,4
_H,12,saturday,8,0.018328185463652096,4
_H,12,saturday,9,0.0179426999016432,4
_H,12,saturday,10,0.018031071983143198,4
_H,12,saturday,11,0.01785435331620066,4
_H,12,saturday,12,0.017826783693428792,4
_H,12,saturday,13,0.018197527015030024,4
_H,12,saturday,14,0.01865508164925846,4
_H,12,saturday,15,0.01904656491140006,4
_H,12,saturday,16,0.01936962804680593,4
_H,12,saturday,17,0.020422862617299486,4
_H,12,saturday,18,0.020986226164251078,4
_H,12,saturday,19,0.021315136981923666,4
_H,12,saturday,20,0.0208280726238645,4
_H,12,saturday,21,0.0204031714242862,4
_H,12,saturday,22,0.020086723651894685,4
_H,12,saturday,23,0.019704612491393898,4
_H,12,saturday,24,0.01949357703807011,4
_H,12,saturday,25,0.019545784588288158,4
_H,12,saturday,26,0.01975068545235903,4
_H,12,saturday,27,0.020015687740953893,4
_H,12,saturday,28,0.02066920550905771,4
_H,12,saturday,29,0.02117953489352922,4
_H,12,saturday,30,0.021923559772578965,4
_H,12,saturday,31,0.02284746027943266,4
_H,12,saturday,32,0.023476033839441,4
_H,12,saturday,33,0.023996859436404845,4
_H,12,saturday,34,0.024624939648693098,4
_H,12,saturday,35,0.024987390910322562,4
_H,12,saturday,36,0.02527870451350598,4
_H,12,saturday,37,0.0250794302572472,4
_H,12,saturday,38,0.025210925329721703,4
_H,12,saturday,39,0.02475234592363991,4
_H,12,saturday,40,0.024173355498082773,4
_H,12,saturday,41,0.023713468136152337,4
_H,12,saturday,42,0.023049915804747436,4
_H,12,saturday,43,0.022158721851583244,4
_H,12,saturday,44,0.02139005440176906,4
_H,12,saturday,45,0.020447609759102307,4
_H,12,saturday,46,0.020031571052029254,4
_H,12,saturday,47,0.018890441612672407,4
_H,12,saturday,48,0.018823374557730272,4
_H,12,sunday,1,0.01909763923836056,4
_H,12,sunday,2,0.019581023634792145,4
_H,12,sunday,3,0.019330467804110494,4
_H,12,sunday,4,0.018776749692450558,4
_H,12,sunday,5,0.018355211099875857,4
_H,12,sunday,6,0.018130568290824187,4
_H,12,sunday,7,0.017639239096956028,4
_H,12,sunday,8,0.01722723446880724,4
_H,12,sunday,9,0.016890826982430735,4
_H,12,sunday,10,0.016661002361009578,4
_H,12,sunday,11,0.016578855888587516,4
_H,12,sunday,12,0.016326322749003707,4
_H,12,sunday,13,0.016883052122014616,4
_H,12,sunday,14,0.017220937129036516,4
_H,12,sunday,15,0.017546704604517994,4
_H,12,sunday,16,0.017963885186956515,4
_H,12,sunday,17,0.018975212430065672,4
_H,12,sunday,18,0.019461861717312227,4
_H,12,sunday,19,0.02039967822913775,4
_H,12,sunday,20,0.020828047536662852,4
_H,12,sunday,21,0.021406719711054532,4
_H,12,sunday,22,0.0213864598349791,4
_H,12,sunday,23,0.02164279991218313,4
_H,12,sunday,24,0.021907229537199275,4
_H,12,sunday,25,0.022294546757965963,4
_H,12,sunday,26,0.02254359483961727,4
_H,12,sunday,27,0.02308610373263117,4
_H,12,sunday,28,0.02308233760191324,4
_H,12,sunday,29,0.02309609237185553,4
_H,12,sunday,30,0.023000249772770785,4
_H,12,sunday,31,0.023576346896978188,4
_H,12,sunday,32,0.024025774858718547,4
_H,12,sunday,33,0.024588408613206374,4
_H,12,sunday,34,0.02527178873691288,4
_H,12,sunday,35,0.02549024025685704,4
_H,12,sunday,36,0.02577666548513171,4
_H,12,sunday,37,0.025649568575997667,4
_H,12,sunday,38,0.025219570357090715,4
_H,12,sunday,39,0.024368935935395478,4
_H,12,sunday,40,0.02369971445185172,4
_H,12,sunday,41,0.023287563050047984,4
_H,12,sunday,42,0.022705506593346903,4
_H,12,sunday,43,0.021855035572844957,4
_H,12,sunday,44,0.021112388401708718,4
_H,12,sunday,45,0.019936040693604565,4
_H,12,sunday,46,0.019406265875602825,4
_H,12,sunday,47,0.01827503305058597,4
_H,12,sunday,48,0.018434498259035034,4
_H,12,weekday,1,0.01803439884180226,23
_H,12,weekday,2,0.018598843705867764,23
_H,12,weekday,3,0.018449569050622453,23
_H,12,weekday,4,0.01826809979099172,23
_H,12,weekday,5,0.017951901471928017,23
_H,12,weekday,6,0.017707005736609913,23
_H,12,weekday,7,0.017426795915098367,23
_H,12,weekday,8,0.017339290598357628,23
_H,12,weekday,9,0.016740107130548326,23
_H,12,weekday,10,0.01678888089059797,23
_H,12,weekday,11,0.016550929997157706,23
_H,12,weekday,12,0.016824428464282868,23
_H,12,weekday,13,0.017758974935982153,23
_H,12,weekday,14,0.018645431976932567,23
_H,12,weekday,15,0.020050402072825744,23
_H,12,weekday,16,0.02052582024110023,23
_H,12,weekday,17,0.02160741317645876,23
_H,12,weekday,18,0.021819372208589906,23
_H,12,weekday,19,0.022370203515405515,23
_H,12,weekday,20,0.022113999638722296,23
_H,12,weekday,21,0.022005797093168484,23
_H,12,weekday,22,0.021708090154657456,23
_H,12,weekday,23,0.021548149550099094,23
_H,12,weekday,24,0.02157727914764693,23
_H,12,weekday,25,0.021616988888462616,23
_H,12,weekday,26,0.021799780723679302,23
_H,12,weekday,27,0.022117057030555515,23
_H,12,weekday,28,0.022348141810480636,23
_H,12,weekday,29,0.02254065767577684,23
_H,12,weekday,30,0.022831976991026275,23
_H,12,weekday,31,0.023292655116809422,23
_H,12,weekday,32,0.023587464954406202,23
_H,12,weekday,33,0.024032363704140077,23
_H,12,weekday,34,0.024147196071078837,23
_H,12,weekday,35,0.024564609598392885,23
_H,12,weekday,36,0.024704688301824727,23
_H,12,weekday,37,0.0247611419538985,23
_H,12,weekday,38,0.024752655871776736,23
_H,12,weekday,39,0.024080370498923035,23
_H,12,weekday,40,0.023701711111244254,23
_H,12,weekday,41,0.023195215963651764,23
_H,12,weekday,42,0.022594283781806255,23
_H,12,weekday,43,0.021528116195213765,23
_H,12,weekday,44,0.02081156359939717,23
_H,12,weekday,45,0.019770195597340775,23
_H,12,weekday,46,0.019091586576948948,23
_H,12,weekday,47,0.017897217704841463,23
_H,12,weekday,48,0.017821174972869898,23
_J,1,saturday,1,0.017618306574945945,9
_J,1,saturday,2,0.017782131823311467,9
_J,1,saturday,3,0.01730380581084588,9
_J,1,saturday,4,0.016708358151064678,9
_J,1,saturday,5,0.016412056508492954,9
_J,1,saturday,6,0.01628694182345536,9
_J,1,saturday,7,0.015988829253180615,9
_J,1,saturday,8,0.015635982492213943,9
_J,1,saturday,9,0.01541669652807136,9
_J,1,saturday,10,0.015235134521204554,9
_J,1,saturday,11,0.015286544695894503,9
_J,1,saturday,12,0.015444518285285582,9
_J,1,saturday,13,0.01633135703968894,9
_J,1,saturday,14,0.01711970166657461,9
_J,1,saturday,15,0.01822790778085677,9
_J,1,saturday,16,0.019016077838086995,9
_J,1,saturday,17,0.020331531102173676,9
_J,1,saturday,18,0.021319703925904567,9
_J,1,saturday,19,0.02213918317828457,9
_J,1,saturday,20,0.022431391923139685,9
_J,1,saturday,21,0.02253533726652513,9
_J,1,saturday,22,0.02245808921738622,9
_J,1,saturday,23,0.022488609355975363,9
_J,1,saturday,24,0.02244130789327078,9
_J,1,saturday,25,0.022642916303710594,9
_J,1,saturday,26,0.02256677917785234,9
_J,1,saturday,27,0.022611980049209904,9
_J,1,saturday,28,0.022533561950297532,9
_J,1,saturday,29,0.022537725814670794,9
_J,1,saturday,30,0.022674465729447684,9
_J,1,saturday,31,0.02298518550245097,9
_J,1,saturday,32,0.023529275685714397,9
_J,1,saturday,33,0.024474505553157066,9
_J,1,saturday,34,0.025577019713125163,9
_J,1,saturday,35,0.026658586994372874,9
_J,1,saturday,36,0.02704911984299235,9
_J,1,saturday,37,0.02704806850935547,9
_J,1,saturday,38,0.02654965575883605,9
_J,1,saturday,39,0.02571510558208793,9
_J,1,saturday,40,0.024945696251350707,9
_J,1,saturday,41,0.024038789731751498,9
_J,1,saturday,42,0.023213721287418457,9
_J,1,saturday,43,0.022383803849020334,9
_J,1,saturday,44,0.021520089061116406,9
_J,1,saturday,45,0.02047075964152814,9
_J,1,saturday,46,0.01977571271162571,9
_J,1,saturday,47,0.018585287926291175,9
_J,1,saturday,48,0.01795268271678233,9
_J,1,sunday,1,0.01777232797299623,8
_J,1,sunday,2,0.017922898427876338,8
_J,1,sunday,3,0.01752757722785041,8
_J,1,sunday,4,0.016941157409411427,8
_J,1,sunday,5,0.016544614693469083,8
_J,1,sunday,6,0.01650431673266748,8
_J,1,sunday,7,0.016160032752931607,8
_J,1,sunday,8,0.015742950772679187,8
_J,1,sunday,9,0.01551883428993922,8
_J,1,sunday,10,0.01531671439529101,8
_J,1,sunday,11,0.015200391775256006,8
_J,1,sunday,12,0.01515299849514151,8
_J,1,sunday,13,0.015718179725764947,8
_J,1,sunday,14,0.01620559313752043,8
_J,1,sunday,15,0.01711218388287679,8
_J,1,sunday,16,0.017531461056090804,8
_J,1,sunday,17,0.018634885472509768,8
_J,1,sunday,18,0.01969191363727381,8
_J,1,sunday,19,0.020713270110133405,8
_J,1,sunday,20,0.021388731672263447,8
_J,1,sunday,21,0.021972116866905728,8
_J,1,sunday,22,0.022271561932464812,8
_J,1,sunday,23,0.022630546856177148,8
_J,1,sunday,24,0.022953762294724792,8
_J,1,sunday,25,0.023492084187800043,8
_J,1,sunday,26,0.0238031059948636,8
_J,1,sunday,27,0.023957218430640637,8
_J,1,sunday,28,0.02395899793068092,8
_J,1,sunday,29,0.02419872660629825,8
_J,1,sunday,30,0.024355518083638117,8
_J,1,sunday,31,0.0248526485619504,8
_J,1,sunday,32,0.025353104123871213,8
_J,1,sunday,33,0.026251732203960543,8
_J,1,sunday,34,0.027241844014572088,8
_J,1,sunday,35,0.027940160249801414,8
_J,1,sunday,36,0.027902375878403985,8
_J,1,sunday,37,0.027466644500192674,8
_J,1,sunday,38,0.02660194757292963,8
_J,1,sunday,39,0.025479621660914237,8
_J,1,sunday,40,0.024611356246679702,8
_J,1,sunday,41,0.023676619086074904,8
_J,1,sunday,42,0.02260868673822189,8
_J,1,sunday,43,0.02145768223079658,8
_J,1,sunday,44,0.0204195363084173,8
_J,1,sunday,45,0.019234299777228875,8
_J,1,sunday,46,0.018329224477998018,8
_J,1,sunday,47,0.017182954919521938,8
_J,1,sunday,48,0.016494888624327683,8
_J,1,weekday,1,0.016104710773807162,45
_J,1,weekday,2,0.01631989504100731,45
_J,1,weekday,3,0.016000265508657848,45
_J,1,weekday,4,0.01552524064758822,45
_J,1,weekday,5,0.015284364847631451,45
_J,1,weekday,6,0.015294163681982149,45
_J,1,weekday,7,0.014982449713203914,45
_J,1,weekday,8,0.014715262988757671,45
_J,1,weekday,9,0.014530374547863,45
_J,1,weekday,10,0.01452515946302086,45
_J,1,weekday,11,0.014904031118142098,45
_J,1,weekday,12,0.015647098406249962,45
_J,1,weekday,13,0.017388747891491196,45
_J,1,weekday,14,0.018990760214736776,45
_J,1,weekday,15,0.02091333573986101,45
_J,1,weekday,16,0.02159159566115747,45
_J,1,weekday,17,0.02233018283226161,45
_J,1,weekday,18,0.02271374985465494,45
_J,1,weekday,19,0.023407304974949854,45
_J,1,weekday,20,0.023498607203487135,45
_J,1,weekday,21,0.023387945776280717,45
_J,1,weekday,22,0.02325143755869994,45
_J,1,weekday,23,0.023132359987586185,45
_J,1,weekday,24,0.023042880366122898,45
_J,1,weekday,25,0.023205649959183235,45
_J,1,weekday,26,0.023274112029263043,45
_J,1,weekday,27,0.023243769588256455,45
_J,1,weekday,28,0.023092225528090433,45
_J,1,weekday,29,0.02308936695175671,45
_J,1,weekday,30,0.023032135943505123,45
_J,1,weekday,31,0.023153829709459034,45
_J,1,weekday,32,0.023708960926602234,45
_J,1,weekday,33,0.024255138714187243,45
_J,1,weekday,34,0.02535316299906876,45
_J,1,weekday,35,0.026108932012854184,45
_J,1,weekday,36,0.026432526104499657,45
_J,1,weekday,37,0.026528986227123626,45
_J,1,weekday,38,0.026172949193300137,45
_J,1,weekday,39,0.025844544342576055,45
_J,1,weekday,40,0.02494328681117156,45
_J,1,weekday,41,0.023882691643619672,45
_J,1,weekday,42,0.022871404111293844,45
_J,1,weekday,43,0.02175238810607239,45
_J,1,weekday,44,0.020599768507535143,45
_J,1,weekday,45,0.01945024477706947,45
_J,1,weekday,46,0.018597037134472062,45
_J,1,weekday,47,0.017320332754929238,45
_J,1,weekday,48,0.016604631124909324,45
_J,2,saturday,1,0.017531969247764553,8
_J,2,saturday,2,0.01783707497427302,8
_J,2,saturday,3,0.01738558534690765,8
_J,2,saturday,4,0.016784085407319713,8
_J,2,saturday,5,0.016366750126922992,8
_J,2,saturday,6,0.016292428671774974,8
_J,2,saturday,7,0.015962424556119258,8
_J,2,saturday,8,0.015562996546365926,8
_J,2,saturday,9,0.0154142792675499,8
_J,2,saturday,10,0.015198042632358714,8
_J,2,saturday,11,0.015173042230655907,8
_J,2,saturday,12,0.015484058990969123,8
_J,2,saturday,13,0.016456447758397583,8
_J,2,saturday,14,0.017339560117672004,8
_J,2,saturday,15,0.01855584493071849,8
_J,2,saturday,16,0.019344246824313866,8
_J,2,saturday,17,0.02042316210713134,8
_J,2,saturday,18,0.021352051572870633,8
_J,2,saturday,19,0.02222228454794481,8
_J,2,saturday,20,0.022466972783169992,8
_J,2,saturday,21,0.0226857697592137,8
_J,2,saturday,22,0.02257436070077792,8
_J,2,saturday,23,0.022580090718991308,8
_J,2,saturday,24,0.022728164671852607,8
_J,2,saturday,25,0.022921662473542163,8
_J,2,saturday,26,0.02275124699995327,8
_J,2,saturday,27,0.02260711365520034,8
_J,2,saturday,28,0.022506990507022696,8
_J,2,saturday,29,0.022496045607188046,8
_J,2,saturday,30,0.022408651212263035,8
_J,2,saturday,31,0.02261247764105762,8
_J,2,saturday,32,0.02289717742352121,8
_J,2,saturday,33,0.023509197019343776,8
_J,2,saturday,34,0.02454234860646503,8
_J,2,saturday,35,0.025756451458872665,8
_J,2,saturday,36,0.026823528396278676,8
_J,2,saturday,37,0.02708771322872819,8
_J,2,saturday,38,0.02686418355699206,8
_J,2,saturday,39,0.02610775383277478,8
_J,2,saturday,40,0.025141249938198693,8
_J,2,saturday,41,0.02424641959216049,8
_J,2,saturday,42,0.023370116759550832,8
_J,2,saturday,43,0.022450847145739708,8
_J,2,saturday,44,0.021555418895742844,8
_J,2,saturday,45,0.020607112471098414,8
_J,2,saturday,46,0.01996798339809806,8
_J,2,saturday,47,0.018848156999811204,8
_J,2,saturday,48,0.018198458688360213,8
_J,2,sunday,1,0.01786674392508674,8
_J,2,sunday,2,0.01816852062640265,8
_J,2,sunday,3,0.017703408829793082,8
_J,2,sunday,4,0.01699678919136432,8
_J,2,sunday,5,0.01656353296426879,8
_J,2,sunday,6,0.016396258941355244,8
_J,2,sunday,7,0.015961796131680726,8
_J,2,sunday,8,0.015535638663880432,8
_J,2,sunday,9,0.015416713898486227,8
_J,2,sunday,10,0.01511742990994023,8
_J,2,sunday,11,0.015044728964011957,8
_J,2,sunday,12,0.015032235231796425,8
_J,2,sunday,13,0.015615516877966461,8
_J,2,sunday,14,0.016131547510056653,8
_J,2,sunday,15,0.017108456582856067,8
_J,2,sunday,16,0.01770127788693703,8
_J,2,sunday,17,0.018895329946839082,8
_J,2,sunday,18,0.019855720028695352,8
_J,2,sunday,19,0.02091432149765824,8
_J,2,sunday,20,0.021504758554059995,8
_J,2,sunday,21,0.02209259007410849,8
_J,2,sunday,22,0.022408150602796474,8
_J,2,sunday,23,0.022680306777061537,8
_J,2,sunday,24,0.022953118560963333,8
_J,2,sunday,25,0.02332964888755605,8
_J,2,sunday,26,0.023514297984868326,8
_J,2,sunday,27,0.023578146556953245,8
_J,2,sunday,28,0.023407516271358154,8
_J,2,sunday,29,0.023418074241680138,8
_J,2,sunday,30,0.02339865228594938,8
_J,2,sunday,31,0.023800945002812556,8
_J,2,sunday,32,0.02433099602411004,8
_J,2,sunday,33,0.02526643089377123,8
_J,2,sunday,34,0.026257527750903724,8
_J,2,sunday,35,0.027523641505483136,8
_J,2,sunday,36,0.028216434316962476,8
_J,2,sunday,37,0.02805575845980688,8
_J,2,sunday,38,0.02741369267030377,8
_J,2,sunday,39,0.026366880502096728,8
_J,2,sunday,40,0.025196269110387005,8
_J,2,sunday,41,0.02407956877955108,8
_J,2,sunday,42,0.022955533900024475,8
_J,2,sunday,43,0.02210183207433877,8
_J,2,sunday,44,0.020953311681912598,8
_J,2,sunday,45,0.019798348360745996,8
_J,2,sunday,46,0.018864143361839697,8
_J,2,sunday,47,0.01761818955232933,8
_J,2,sunday,48,0.016889267646189695,8
_J,2,weekday,1,0.016422945984095747,40
_J,2,weekday,2,0.01672244269553077,40
_J,2,weekday,3,0.016407952760018173,40
_J,2,weekday,4,0.015924932023860562,40
_J,2,weekday,5,0.015601370628551955,40
_J,2,weekday,6,0.015571641157039792,40
_J,2,weekday,7,0.01526424469397589,40
_J,2,weekday,8,0.014956352101556455,40
_J,2,weekday,9,0.014799361460856239,40
_J,2,weekday,10,0.014781587017678118,40
_J,2,weekday,11,0.015229023843399117,40
_J,2,weekday,12,0.016044767508264227,40
_J,2,weekday,13,0.01792695310494899,40
_J,2,weekday,14,0.019556922404755105,40
_J,2,weekday,15,0.02132167930274254,40
_J,2,weekday,16,0.021905804184743128,40
_J,2,weekday,17,0.022612108327817487,40
_J,2,weekday,18,0.022866806952968454,40
_J,2,weekday,19,0.023260400868008638,40
_J,2,weekday,20,0.023168876588214777,40
_J,2,weekday,21,0.022957140965581414,40
_J,2,weekday,22,0.02274825658496174,40
_J,2,weekday,23,0.022591693751882955,40
_J,2,weekday,24,0.02251889235652946,40
_J,2,weekday,25,0.02269599920096092,40
_J,2,weekday,26,0.022654837163329937,40
_J,2,weekday,27,0.022602077430538985,40
_J,2,weekday,28,0.022332865877417302,40
_J,2,weekday,29,0.022348061437649693,40
_J,2,weekday,30,0.02236785349025882,40
_J,2,weekday,31,0.02248389552232262,40
_J,2,weekday,32,0.023066065842649818,40
_J,2,weekday,33,0.02337892070088483,40
_J,2,weekday,34,0.024399615525197243,40
_J,2,weekday,35,0.0254480698401995,40
_J,2,weekday,36,0.026314162663679558,40
_J,2,weekday,37,0.026758148763956317,40
_J,2,weekday,38,0.02655862030898421,40
_J,2,weekday,39,0.02640109670691442,40
_J,2,weekday,40,0.02546961946813367,40
_J,2,weekday,41,0.024316725157972365,40
_J,2,weekday,42,0.023307421004754247,40
_J,2,weekday,43,0.022150967732194993,40
_J,2,weekday,44,0.02094464648764661,40
_J,2,weekday,45,0.01971934270762043,40
_J,2,weekday,46,0.01877521580754902,40
_J,2,weekday,47,0.0175520594987536,40
_J,2,weekday,48,0.016791554392449153,40
_J,3,saturday,1,0.019039876466977124,9
_J,3,saturday,2,0.01938906197225402,9
_J,3,saturday,3,0.018955147640863777,9
_J,3,saturday,4,0.018326232723478785,9
_J,3,saturday,5,0.01794029945907489,9
_J,3,saturday,6,0.017774391491518122,9
_J,3,saturday,7,0.017374316029296982,9
_J,3,saturday,8,0.016941806296195332,9
_J,3,saturday,9,0.01677429986191119,9
_J,3,saturday,10,0.01664360651976592,9
_J,3,saturday,11,0.0167666483684825,9
_J,3,saturday,12,0.016951821353328303,9
_J,3,saturday,13,0.01807506725934814,9
_J,3,saturday,14,0.01884824695080814,9
_J,3,saturday,15,0.019930308982125854,9
_J,3,saturday,16,0.020357212178693733,9
_J,3,saturday,17,0.020949499801657757,9
_J,3,saturday,18,0.021243184677242337,9
_J,3,saturday,19,0.021408027188553492,9
_J,3,saturday,20,0.021109969054331133,9
_J,3,saturday,21,0.020781512520608312,9
_J,3,saturday,22,0.02059878458956618,9
_J,3,saturday,23,0.02049019218700185,9
_J,3,saturday,24,0.02022377979965977,9
_J,3,saturday,25,0.019973467454793427,9
_J,3,saturday,26,0.019845794020242283,9
_J,3,saturday,27,0.01980652557256047,9
_J,3,saturday,28,0.019522888819945742,9
_J,3,saturday,29,0.01964222105347342,9
_J,3,saturday,30,0.019739237147438235,9
_J,3,saturday,31,0.020216494728425606,9
_J,3,saturday,32,0.020878064701285413,9
_J,3,saturday,33,0.021806202110033215,9
_J,3,saturday,34,0.02317833589011588,9
_J,3,saturday,35,0.024978597226091553,9
_J,3,saturday,36,0.02620217794627558,9
_J,3,saturday,37,0.027388687236795578,9
_J,3,saturday,38,0.027797648014977867,9
_J,3,saturday,39,0.02742610726072211,9
_J,3,saturday,40,0.026503807573854496,9
_J,3,saturday,41,0.025534102104711895,9
_J,3,saturday,42,0.024753274401770636,9
_J,3,saturday,43,0.023767070144937254,9
_J,3,saturday,44,0.02273798967588328,9
_J,3,saturday,45,0.02172349068800776,9
_J,3,saturday,46,0.02091497790860057,9
_J,3,saturday,47,0.019706321294399268,9
_J,3,saturday,48,0.019063223651914842,9
_J,3,sunday,1,0.018785369109386187,10
_J,3,sunday,2,0.019231966002091715,10
_J,3,sunday,3,0.01874761081998285,10
_J,3,sunday,4,0.01809545759592416,10
_J,3,sunday,5,0.017598410723402666,10
_J,3,sunday,6,0.01745219785070753,10
_J,3,sunday,7,0.01695905346841561,10
_J,3,sunday,8,0.016569575572807742,10
_J,3,sunday,9,0.016428745282003412,10
_J,3,sunday,10,0.016213388005214983,10
_J,3,sunday,11,0.016289281754164123,10
_J,3,sunday,12,0.016407976610945167,10
_J,3,sunday,13,0.017134300747029735,10
_J,3,sunday,14,0.0177386134243692,10
_J,3,sunday,15,0.018715979414221394,10
_J,3,sunday,16,0.019076647657741853,10
_J,3,sunday,17,0.019788937116368248,10
_J,3,sunday,18,0.020080068342754068,10
_J,3,sunday,19,0.020362804019859463,10
_J,3,sunday,20,0.020449524932629623,10
_J,3,sunday,21,0.020457901573063684,10
_J,3,sunday,22,0.020164719624421828,10
_J,3,sunday,23,0.01999557023032751,10
_J,3,sunday,24,0.020102060592593694,10
_J,3,sunday,25,0.020343153029305946,10
_J,3,sunday,26,0.020415440961011583,10
_J,3,sunday,27,0.020599776547656403,10
_J,3,sunday,28,0.020632663814408845,10
_J,3,sunday,29,0.0209885318092079,10
_J,3,sunday,30,0.021652391615069783,10
_J,3,sunday,31,0.022388831834162157,10
_J,3,sunday,32,0.02340134200808461,10
_J,3,sunday,33,0.024528315528721343,10
_J,3,sunday,34,0.025882600472297665,10
_J,3,sunday,35,0.02714566682432232,10
_J,3,sunday,36,0.027980047702250054,10
_J,3,sunday,37,0.028318920658731504,10
_J,3,sunday,38,0.028238710770120325,10
_J,3,sunday,39,0.027409454712674215,10
_J,3,sunday,40,0.026280796300502653,10
_J,3,sunday,41,0.02521243801968844,10
_J,3,sunday,42,0.024186248014835984,10
_J,3,sunday,43,0.023107777525456636,10
_J,3,sunday,44,0.021907735044636292,10
_J,3,sunday,45,0.02053222519537569,10
_J,3,sunday,46,0.01956645600632288,10
_J,3,sunday,47,0.018535092492661248,8
_J,3,sunday,48,0.0178992226420691,8
_J,3,weekday,1,0.017384374452293516,43
_J,3,weekday,2,0.01772778910346195,43
_J,3,weekday,3,0.01734531857356736,43
_J,3,weekday,4,0.016821716304348814,43
_J,3,weekday,5,0.0165099453344792,43
_J,3,weekday,6,0.016393216353926064,43
_J,3,weekday,7,0.01600527733524553,43
_J,3,weekday,8,0.015741144175728358,43
_J,3,weekday,9,0.015575762849836246,43
_J,3,weekday,10,0.015597070006512097,43
_J,3,weekday,11,0.016114681323948762,43
_J,3,weekday,12,0.017040742766034282,43
_J,3,weekday,13,0.019105551791652544,43
_J,3,weekday,14,0.020726469341190202,43
_J,3,weekday,15,0.02250498867316317,43
_J,3,weekday,16,0.022800038840415263,43
_J,3,weekday,17,0.02299965431596265,43
_J,3,weekday,18,0.02276224222513606,43
_J,3,weekday,19,0.022707734600811796,43
_J,3,weekday,20,0.022231596486642226,43
_J,3,weekday,21,0.02168432283123531,43
_J,3,weekday,22,0.02129654709621836,43
_J,3,weekday,23,0.02085400322078315,43
_J,3,weekday,24,0.020550347687689652,43
_J,3,weekday,25,0.020530870985523,43
_J,3,weekday,26,0.02039098498219523,43
_J,3,weekday,27,0.020218482052494147,43
_J,3,weekday,28,0.019993921917823513,43
_J,3,weekday,29,0.02001297020979301,43
_J,3,weekday,30,0.02014421795420533,43
_J,3,weekday,31,0.020454659688023343,43
_J,3,weekday,32,0.021433129316932392,43
_J,3,weekday,33,0.022040689988324393,43
_J,3,weekday,34,0.023417276242394328,43
_J,3,weekday,35,0.02479114020592542,43
_J,3,weekday,36,0.026150031388874635,43
_J,3,weekday,37,0.027269859496436902,43
_J,3,weekday,38,0.02763617989786039,43
_J,3,weekday,39,0.0276718829629906,43
_J,3,weekday,40,0.02674810703851545,43
_J,3,weekday,41,0.025710745967056938,43
_J,3,weekday,42,0.02466167839078265,43
_J,3,weekday,43,0.023396371970777548,43
_J,3,weekday,44,0.02213204187063348,43
_J,3,weekday,45,0.020811602502498104,43
_J,3,weekday,46,0.019768480276853927,43
_J,3,weekday,47,0.01842387592872971,43
_J,3,weekday,48,0.01771026307407298,43
_J,4,saturday,1,0.0200744506478291,8
_J,4,saturday,2,0.01958449513218205,8
_J,4,saturday,3,0.01898703376051562,8
_J,4,saturday,4,0.019110138976034266,8
_J,4,saturday,5,0.018714816812558818,8
_J,4,saturday,6,0.018143362034811976,8
_J,4,saturday,7,0.01769091977773402,8
_J,4,saturday,8,0.017491382604058397,8
_J,4,saturday,9,0.017193055960296473,8
_J,4,saturday,10,0.017011005918107013,8
_J,4,saturday,11,0.01723057414827882,8
_J,4,saturday,12,0.01740819811596379,8
_J,4,saturday,13,0.018405472200291817,8
_J,4,saturday,14,0.019398601419148124,8
_J,4,saturday,15,0.020509077260761926,8
_J,4,saturday,16,0.02142049218514109,8
_J,4,saturday,17,0.022298830304884068,8
_J,4,saturday,18,0.022318324503363976,8
_J,4,saturday,19,0.02261072266559546,8
_J,4,saturday,20,0.022380740508519945,8
_J,4,saturday,21,0.021919131274902873,8
_J,4,saturday,22,0.02122259709480566,8
_J,4,saturday,23,0.020664676366258437,8
_J,4,saturday,24,0.020050786614044434,8
_J,4,saturday,25,0.019767796686780536,8
_J,4,saturday,26,0.019416178978088987,8
_J,4,saturday,27,0.01889238299740382,8
_J,4,saturday,28,0.018293224290384765,8
_J,4,saturday,29,0.01797399495349686,8
_J,4,saturday,30,0.01746332180344976,8
_J,4,saturday,31,0.017665461631360953,8
_J,4,saturday,32,0.018155079620393103,8
_J,4,saturday,33,0.01914641893489154,8
_J,4,saturday,34,0.020718196910781146,8
_J,4,saturday,35,0.02270080025928388,8
_J,4,saturday,36,0.024347244543556596,8
_J,4,saturday,37,0.025693871795415137,8
_J,4,saturday,38,0.026295866906147825,8
_J,4,saturday,39,0.026452725357385576,8
_J,4,saturday,40,0.02640673562624803,8
_J,4,saturday,41,0.02650255174289932,8
_J,4,saturday,42,0.026118091772915877,8
_J,4,saturday,43,0.025337684647777952,8
_J,4,saturday,44,0.024550617546283304,8
_J,4,saturday,45,0.023371531205273275,8
_J,4,saturday,46,0.022147360935050747,8
_J,4,saturday,47,0.020644789495155025,8
_J,4,saturday,48,0.02009918507348783,8
_J,4,sunday,1,0.01976693277397463,8
_J,4,sunday,2,0.019407220081727284,8
_J,4,sunday,3,0.01871411445767304,8
_J,4,sunday,4,0.01868453665721819,8
_J,4,sunday,5,0.018280132580605894,8
_J,4,sunday,6,0.017525687937801297,8
_J,4,sunday,7,0.017000657149640126,8
_J,4,sunday,8,0.016831646680441847,8
_J,4,sunday,9,0.016613672888918282,8
_J,4,sunday,10,0.016372566361608464,8
_J,4,sunday,11,0.01636085450055503,8
_J,4,sunday,12,0.016398881636588106,8
_J,4,sunday,13,0.01718196083770404,8
_J,4,sunday,14,0.017645578067818246,8
_J,4,sunday,15,0.018763441387348114,8
_J,4,sunday,16,0.019382806353471293,8
_J,4,sunday,17,0.02017035035602897,8
_J,4,sunday,18,0.020287344482773258,8
_J,4,sunday,19,0.02044433371573496,8
_J,4,sunday,20,0.020349420641854188,8
_J,4,sunday,21,0.020068457248828143,8
_J,4,sunday,22,0.019627383735033664,8
_J,4,sunday,23,0.0193652324425722,8
_J,4,sunday,24,0.019110388444819458,8
_J,4,sunday,25,0.019342062464518934,8
_J,4,sunday,26,0.019340154144191726,8
_J,4,sunday,27,0.019041874409067905,8
_J,4,sunday,28,0.018754228743016126,8
_J,4,sunday,29,0.01877210969484523,8
_J,4,sunday,30,0.018971281499633938,8
_J,4,sunday,31,0.019554568002030846,8
_J,4,sunday,32,0.020379393594540395,8
_J,4,sunday,33,0.021641168265363997,8
_J,4,sunday,34,0.023293495505205746,8
_J,4,sunday,35,0.02513553617989725,8
_J,4,sunday,36,0.02652335562806983,8
_J,4,sunday,37,0.027324824264617478,8
_J,4,sunday,38,0.02755849296729611,8
_J,4,sunday,39,0.027627151374619505,8
_J,4,sunday,40,0.02746249000981176,8
_J,4,sunday,41,0.02762670402395394,8
_J,4,sunday,42,0.027251015204171114,8
_J,4,sunday,43,0.026439800927787537,8
_J,4,sunday,44,0.025261130642221997,8
_J,4,sunday,45,0.02395005900998765,8
_J,4,sunday,46,0.022497264776985455,8
_J,4,sunday,47,0.021214377874200836,8
_J,4,sunday,48,0.020683859373225966,8
_J,4,weekday,1,0.01865279412734379,44
_J,4,weekday,2,0.018243995971619523,44
_J,4,weekday,3,0.017806779831512538,44
_J,4,weekday,4,0.017885729496737713,44
_J,4,weekday,5,0.01768383871410509,44
_J,4,weekday,6,0.017107959615767235,44
_J,4,weekday,7,0.016736819051006036,44
_J,4,weekday,8,0.016602816862697677,44
_J,4,weekday,9,0.016481750666346075,44
_J,4,weekday,10,0.016531128526022773,44
_J,4,weekday,11,0.016975809373197318,44
_J,4,weekday,12,0.0177936724097693,44
_J,4,weekday,13,0.019569288363483903,44
_J,4,weekday,14,0.020984639754284325,44
_J,4,weekday,15,0.022591719462424414,44
_J,4,weekday,16,0.023188856664400428,44
_J,4,weekday,17,0.02357949263595138,44
_J,4,weekday,18,0.023160034680942795,44
_J,4,weekday,19,0.02302327320691342,44
_J,4,weekday,20,0.022346190669217943,44
_J,4,weekday,21,0.02166400796767232,44
_J,4,weekday,22,0.02103472103621386,44
_J,4,weekday,23,0.02048632216185044,44
_J,4,weekday,24,0.020110159332296606,44
_J,4,weekday,25,0.019971893744449295,44
_J,4,weekday,26,0.01961990912798962,44
_J,4,weekday,27,0.01923626365293336,44
_J,4,weekday,28,0.018757072196904985,44
_J,4,weekday,29,0.018603480924516174,44
_J,4,weekday,30,0.018613713875977326,44
_J,4,weekday,31,0.018740044248545897,44
_J,4,weekday,32,0.01941474380456225,44
_J,4,weekday,33,0.01993037781190757,44
_J,4,weekday,34,0.021297594876089287,44
_J,4,weekday,35,0.022756845717205983,44
_J,4,weekday,36,0.024147566805033202,44
_J,4,weekday,37,0.025241177414355,44
_J,4,weekday,38,0.0258390298192218,44
_J,4,weekday,39,0.026768375537241318,44
_J,4,weekday,40,0.026716280134112855,44
_J,4,weekday,41,0.026648078806928197,44
_J,4,weekday,42,0.02607978760415168,44
_J,4,weekday,43,0.025095814167930112,44
_J,4,weekday,44,0.023855945342459182,44
_J,4,weekday,45,0.022526834793866798,44
_J,4,weekday,46,0.02109771389435975,44
_J,4,weekday,47,0.01963854933671583,44
_J,4,weekday,48,0.01916110578076564,44
_J,5,saturday,1,0.0206901091326619,10
_J,5,saturday,2,0.0201625921249227,10
_J,5,saturday,3,0.019494718788535547,10
_J,5,saturday,4,0.019373828996854536,10
_J,5,saturday,5,0.018896235422393378,10
_J,5,saturday,6,0.018244527705270214,10
_J,5,saturday,7,0.017755800681129745,10
_J,5,saturday,8,0.017584396091440184,10
_J,5,saturday,9,0.01732610855467597,10
_J,5,saturday,10,0.01705381904325245,10
_J,5,saturday,11,0.017028131482057212,10
_J,5,saturday,12,0.017038747074436898,10
_J,5,saturday,13,0.017831077454964855,10
_J,5,saturday,14,0.018517239021352366,10
_J,5,saturday,15,0.019453076302950727,10
_J,5,saturday,16,0.020259587753124055,10
_J,5,saturday,17,0.021100644316201254,10
_J,5,saturday,18,0.021301417015448514,10
_J,5,saturday,19,0.021378417653799435,10
_J,5,saturday,20,0.021037333934966748,10
_J,5,saturday,21,0.020744930537205202,10
_J,5,saturday,22,0.020421383564994282,10
_J,5,saturday,23,0.02011564473397908,10
_J,5,saturday,24,0.01990453876076696,10
_J,5,saturday,25,0.01976938212148459,10
_J,5,saturday,26,0.019387366288924027,10
_J,5,saturday,27,0.018951819035949658,10
_J,5,saturday,28,0.018582123183536404,10
_J,5,saturday,29,0.018480951365760005,10
_J,5,saturday,30,0.018401907176958977,10
_J,5,saturday,31,0.018963176345163733,10
_J,5,saturday,32,0.019687635268812384,10
_J,5,saturday,33,0.020891155555026845,10
_J,5,saturday,34,0.022034509381178045,10
_J,5,saturday,35,0.023587078450449595,10
_J,5,saturday,36,0.025023401241993086,10
_J,5,saturday,37,0.02615608234897554,10
_J,5,saturday,38,0.026319322391745788,10
_J,5,saturday,39,0.026274342707469246,10
_J,5,saturday,40,0.026009947825677792,10
_J,5,saturday,41,0.025613202165651567,10
_J,5,saturday,42,0.025503318009924586,10
_J,5,saturday,43,0.025278331810672038,10
_J,5,saturday,44,0.024586533845261598,10
_J,5,saturday,45,0.023584673500813717,10
_J,5,saturday,46,0.022468717915285243,10
_J,5,saturday,47,0.02110273024991756,10
_J,5,saturday,48,0.020627985665983766,10
_J,5,sunday,1,0.020469832521471235,9
_J,5,sunday,2,0.019967464353720103,9
_J,5,sunday,3,0.01926633863619123,9
_J,5,sunday,4,0.018976266391636847,9
_J,5,sunday,5,0.018458464384766726,9
_J,5,sunday,6,0.01789901231102374,9
_J,5,sunday,7,0.017329158137620537,9
_J,5,sunday,8,0.017060147198898694,9
_J,5,sunday,9,0.016597395496710188,9
_J,5,sunday,10,0.016240328549305894,9
_J,5,sunday,11,0.01598113392818451,9
_J,5,sunday,12,0.015803425320434834,9
_J,5,sunday,13,0.016273614324359906,9
_J,5,sunday,14,0.01662460534631077,9
_J,5,sunday,15,0.017400218178310608,9
_J,5,sunday,16,0.01803076068160228,9
_J,5,sunday,17,0.019230049084979002,9
_J,5,sunday,18,0.01964297153801837,9
_J,5,sunday,19,0.020001838937728864,9
_J,5,sunday,20,0.020204280105118336,9
_J,5,sunday,21,0.02042310524763082,9
_J,5,sunday,22,0.02030262152054815,9
_J,5,sunday,23,0.020292118448431713,9
_J,5,sunday,24,0.020365346415288657,9
_J,5,sunday,25,0.020672195042293003,9
_J,5,sunday,26,0.020770931280631417,9
_J,5,sunday,27,0.020422906902060434,9
_J,5,sunday,28,0.020096636703634704,9
_J,5,sunday,29,0.020009597703847085,9
_J,5,sunday,30,0.020009394270172023,9
_J,5,sunday,31,0.02024763952295228,9
_J,5,sunday,32,0.020992461251575556,9
_J,5,sunday,33,0.02202743722515672,9
_J,5,sunday,34,0.02337642681555356,9
_J,5,sunday,35,0.02487005449081377,9
_J,5,sunday,36,0.025914413493583328,9
_J,5,sunday,37,0.026838455218688245,9
_J,5,sunday,38,0.02711632860359688,9
_J,5,sunday,39,0.02707498315041295,9
_J,5,sunday,40,0.02652680789901331,9
_J,5,sunday,41,0.02613660429861196,9
_J,5,sunday,42,0.0259680234737481,9
_J,5,sunday,43,0.025689927102671387,9
_J,5,sunday,44,0.02484112842589907,9
_J,5,sunday,45,0.02376853495103178,9
_J,5,sunday,46,0.022535311278627124,9
_J,5,sunday,47,0.020856601321170475,9
_J,5,sunday,48,0.020396702515962827,9
_J,5,weekday,1,0.018637521018449267,43
_J,5,weekday,2,0.018225614976744804,43
_J,5,weekday,3,0.017726437911349122,43
_J,5,weekday,4,0.017680071355917055,43
_J,5,weekday,5,0.01742177456152216,43
_J,5,weekday,6,0.016884464146060502,43
_J,5,weekday,7,0.01652527972064533,43
_J,5,weekday,8,0.016352802563795267,43
_J,5,weekday,9,0.016204623764536377,43
_J,5,weekday,10,0.016142500877276252,43
_J,5,weekday,11,0.01639865802665558,43
_J,5,weekday,12,0.01699097810489105,43
_J,5,weekday,13,0.01859438892528894,43
_J,5,weekday,14,0.019865390758166564,43
_J,5,weekday,15,0.021318444805269413,43
_J,5,weekday,16,0.021864341058940626,43
_J,5,weekday,17,0.022282125889456057,43
_J,5,weekday,18,0.0221270199265623,43
_J,5,weekday,19,0.02221391893975625,43
_J,5,weekday,20,0.02191010321159299,43
_J,5,weekday,21,0.021529996105971783,43
_J,5,weekday,22,0.021161757471862348,43
_J,5,weekday,23,0.020846433960431284,43
_J,5,weekday,24,0.020753105900139,43
_J,5,weekday,25,0.020813051413816886,43
_J,5,weekday,26,0.02075702990439205,43
_J,5,weekday,27,0.020448927825718746,43
_J,5,weekday,28,0.020061390713729706,43
_J,5,weekday,29,0.019894529806145006,43
_J,5,weekday,30,0.019760290938550973,43
_J,5,weekday,31,0.019881898201737948,43
_J,5,weekday,32,0.02063501493348944,43
_J,5,weekday,33,0.020862495771538793,43
_J,5,weekday,34,0.0221429673969252,43
_J,5,weekday,35,0.02334903524404121,43
_J,5,weekday,36,0.024485460659936634,43
_J,5,weekday,37,0.02537414217845468,43
_J,5,weekday,38,0.025827744582174732,43
_J,5,weekday,39,0.02642619661929372,43
_J,5,weekday,40,0.026085290931658837,43
_J,5,weekday,41,0.02558296012767555,43
_J,5,weekday,42,0.02523396224031836,43
_J,5,weekday,43,0.024937290816001503,43
_J,5,weekday,44,0.02401882081329471,43
_J,5,weekday,45,0.02287612740198908,43
_J,5,weekday,46,0.02146901161794231,43
_J,5,weekday,47,0.020002685514550297,43
_J,5,weekday,48,0.01941592036534331,43
_J,6,saturday,1,0.02048851606916735,8
_J,6,saturday,2,0.019810379413906717,8
_J,6,saturday,3,0.01923587309247185,8
_J,6,saturday,4,0.018793762757410376,8
_J,6,saturday,5,0.018449866848972134,8
_J,6,saturday,6,0.01784660125052108,8
_J,6,saturday,7,0.01742476299423124,8
_J,6,saturday,8,0.017090546901213286,8
_J,6,saturday,9,0.016943562671609402,8
_J,6,saturday,10,0.016678369250529054,8
_J,6,saturday,11,0.01651413226082101,8
_J,6,saturday,12,0.0164857732586736,8
_J,6,saturday,13,0.0173260247701206,8
_J,6,saturday,14,0.017913141177016773,8
_J,6,saturday,15,0.018802675192603032,8
_J,6,saturday,16,0.01969562504783584,8
_J,6,saturday,17,0.020692878152907667,8
_J,6,saturday,18,0.02118107937924678,8
_J,6,saturday,19,0.02146932945735453,8
_J,6,saturday,20,0.021403087766151418,8
_J,6,saturday,21,0.021248603885663457,8
_J,6,saturday,22,0.0208044254255868,8
_J,6,saturday,23,0.020428054956362445,8
_J,6,saturday,24,0.020035916131099243,8
_J,6,saturday,25,0.019805624627360716,8
_J,6,saturday,26,0.01963944316888509,8
_J,6,saturday,27,0.019585380809939934,8
_J,6,saturday,28,0.019514545949661326,8
_J,6,saturday,29,0.019714930169876473,8
_J,6,saturday,30,0.019821724428061804,8
_J,6,saturday,31,0.01999278587889948,8
_J,6,saturday,32,0.020640205468779916,8
_J,6,saturday,33,0.021642063750323466,8
_J,6,saturday,34,0.02281812045382383,8
_J,6,saturday,35,0.02395413174513665,8
_J,6,saturday,36,0.02488527594695844,8
_J,6,saturday,37,0.025730388873343307,8
_J,6,saturday,38,0.026128627976316526,8
_J,6,saturday,39,0.02604367842480998,8
_J,6,saturday,40,0.02573892095438037,8
_J,6,saturday,41,0.025426784102285636,8
_J,6,saturday,42,0.02483761774644641,8
_J,6,saturday,43,0.024548805382094526,8
_J,6,saturday,44,0.02421204141798143,8
_J,6,saturday,45,0.023562984979018927,8
_J,6,saturday,46,0.022692953107011367,8
_J,6,saturday,47,0.021467420734504892,8
_J,6,saturday,48,0.020832555792623813,8
_J,6,sunday,1,0.020917898106599674,9
_J,6,sunday,2,0.020419747085304925,9
_J,6,sunday,3,0.01958889602642915,9
_J,6,sunday,4,0.019318538695075195,9
_J,6,sunday,5,0.018876248814970516,9
_J,6,sunday,6,0.018327526413063653,9
_J,6,sunday,7,0.017721283863895498,9
_J,6,sunday,8,0.017557607154292252,9
_J,6,sunday,9,0.017321563050457754,9
_J,6,sunday,10,0.016966945774080346,9
_J,6,sunday,11,0.016750936479802563,9
_J,6,sunday,12,0.0163849422225269,9
_J,6,sunday,13,0.016683595728895145,9
_J,6,sunday,14,0.016984575195055425,9
_J,6,sunday,15,0.017592612354192322,9
_J,6,sunday,16,0.018184182294070858,9
_J,6,sunday,17,0.019163616269553384,9
_J,6,sunday,18,0.019589410484600524,9
_J,6,sunday,19,0.02001410741271918,9
_J,6,sunday,20,0.020351410973706453,9
_J,6,sunday,21,0.02049941787764469,9
_J,6,sunday,22,0.020177421189029418,9
_J,6,sunday,23,0.019921797298553576,9
_J,6,sunday,24,0.019758051005986797,9
_J,6,sunday,25,0.019997506821018914,9
_J,6,sunday,26,0.01988196676387516,9
_J,6,sunday,27,0.01965502046144777,9
_J,6,sunday,28,0.01951604853807932,9
_J,6,sunday,29,0.019582306141345165,9
_J,6,sunday,30,0.019597284412342285,9
_J,6,sunday,31,0.01971120870850051,9
_J,6,sunday,32,0.020451518997003478,9
_J,6,sunday,33,0.02156630106401118,9
_J,6,sunday,34,0.022828438013217756,9
_J,6,sunday,35,0.024274638716671473,9
_J,6,sunday,36,0.025650914983431843,9
_J,6,sunday,37,0.026495360484587557,9
_J,6,sunday,38,0.026740297234126804,9
_J,6,sunday,39,0.026872096680591553,9
_J,6,sunday,40,0.026569293376687026,9
_J,6,sunday,41,0.026029442263031492,9
_J,6,sunday,42,0.025741931346450315,9
_J,6,sunday,43,0.02533313005919133,9
_J,6,sunday,44,0.024977027305647978,9
_J,6,sunday,45,0.024232296570552883,9
_J,6,sunday,46,0.022907840065183822,9
_J,6,sunday,47,0.0215040341154123,9
_J,6,sunday,48,0.020811765107085912,9
_J,6,weekday,1,0.01875523002536852,43
_J,6,weekday,2,0.01832677188066253,43
_J,6,weekday,3,0.01783402127763041,43
_J,6,weekday,4,0.017701985204214888,43
_J,6,weekday,5,0.01734897136424706,43
_J,6,weekday,6,0.016882715304344126,43
_J,6,weekday,7,0.016446400758565138,43
_J,6,weekday,8,0.01626419147455669,43
_J,6,weekday,9,0.01604786870451893,43
_J,6,weekday,10,0.0158423368742356,43
_J,6,weekday,11,0.016118310777627463,43
_J,6,weekday,12,0.016751615292769792,43
_J,6,weekday,13,0.018289447006067324,43
_J,6,weekday,14,0.01959075799497846,43
_J,6,weekday,15,0.021144547271523657,43
_J,6,weekday,16,0.021775092977684957,43
_J,6,weekday,17,0.022193715962642586,43
_J,6,weekday,18,0.02201842593179797,43
_J,6,weekday,19,0.02229304807640578,43
_J,6,weekday,20,0.022166533105474104,43
_J,6,weekday,21,0.021915499436028378,43
_J,6,weekday,22,0.021733608258387795,43
_J,6,weekday,23,0.02145972831694935,43
_J,6,weekday,24,0.021266050971313115,43
_J,6,weekday,25,0.021279076291387634,43
_J,6,weekday,26,0.021175335558614183,43
_J,6,weekday,27,0.020921349496251407,43
_J,6,weekday,28,0.020604918589734435,43
_J,6,weekday,29,0.020396393009955507,43
_J,6,weekday,30,0.020263969146188797,43
_J,6,weekday,31,0.02001548605152861,43
_J,6,weekday,32,0.020587903605528236,43
_J,6,weekday,33,0.02081871490300453,43
_J,6,weekday,34,0.021939869096681903,43
_J,6,weekday,35,0.023115789444961597,43
_J,6,weekday,36,0.0241298911200017,43
_J,6,weekday,37,0.025017294197727857,43
_J,6,weekday,38,0.025543383137036902,43
_J,6,weekday,39,0.026043438936876388,43
_J,6,weekday,40,0.025722612350049856,43
_J,6,weekday,41,0.025142917085577327,43
_J,6,weekday,42,0.02463479876103616,43
_J,6,weekday,43,0.02423425880097085,43
_J,6,weekday,44,0.02378350757395061,43
_J,6,weekday,45,0.022898633313337472,43
_J,6,weekday,46,0.02170985977389149,43
_J,6,weekday,47,0.02024614159044329,43
_J,6,weekday,48,0.019607583917268627,43
_J,7,saturday,1,0.02103345149200478,8
_J,7,saturday,2,0.02038764896585191,8
_J,7,saturday,3,0.019699455551456444,8
_J,7,saturday,4,0.019525667783112047,8
_J,7,saturday,5,0.01898143472713676,8
_J,7,saturday,6,0.01832725303098529,8
_J,7,saturday,7,0.01780174856305663,8
_J,7,saturday,8,0.01754518416402887,8
_J,7,saturday,9,0.0172481207103056,8
_J,7,saturday,10,0.016997530043622838,8
_J,7,saturday,11,0.016973841355812966,8
_J,7,saturday,12,0.01702016479971243,8
_J,7,saturday,13,0.01771025545972444,8
_J,7,saturday,14,0.018017394999954386,8
_J,7,saturday,15,0.01895136601710513,8
_J,7,saturday,16,0.019567095542794028,8
_J,7,saturday,17,0.02049824329429418,8
_J,7,saturday,18,0.020811929899886627,8
_J,7,saturday,19,0.021086424897479694,8
_J,7,saturday,20,0.020945632643369322,8
_J,7,saturday,21,0.021252165114252344,8
_J,7,saturday,22,0.021182158501047547,8
_J,7,saturday,23,0.020976757505745555,8
_J,7,saturday,24,0.021099131745446538,8
_J,7,saturday,25,0.0210329413510447,8
_J,7,saturday,26,0.020904291604892253,8
_J,7,saturday,27,0.02039726200834248,8
_J,7,saturday,28,0.01968879548510273,8
_J,7,saturday,29,0.019470390103990303,8
_J,7,saturday,30,0.019344368371503093,8
_J,7,saturday,31,0.019308485621886255,8
_J,7,saturday,32,0.019846973800874874,8
_J,7,saturday,33,0.020932367301353484,8
_J,7,saturday,34,0.02183464482699009,8
_J,7,saturday,35,0.023120699102309315,8
_J,7,saturday,36,0.024346938002906337,8
_J,7,saturday,37,0.025061559342883687,8
_J,7,saturday,38,0.02534673663617259,8
_J,7,saturday,39,0.0253666634454539,8
_J,7,saturday,40,0.0249523254077419,8
_J,7,saturday,41,0.02499757686265652,8
_J,7,saturday,42,0.024610773502354036,8
_J,7,saturday,43,0.02425304790974432,8
_J,7,saturday,44,0.024067210923993724,8
_J,7,saturday,45,0.023342910861172846,8
_J,7,saturday,46,0.0222719900038292,8
_J,7,saturday,47,0.02111648609999803,8
_J,7,saturday,48,0.02074450461461698,8
_J,7,sunday,1,0.02105629892463116,8
_J,7,sunday,2,0.02048618207384985,8
_J,7,sunday,3,0.019748988194895775,8
_J,7,sunday,4,0.01953617135356526,8
_J,7,sunday,5,0.018896086072896116,8
_J,7,sunday,6,0.018133079050048313,8
_J,7,sunday,7,0.01770774947804688,8
_J,7,sunday,8,0.017383086089669004,8
_J,7,sunday,9,0.017164283786127475,8
_J,7,sunday,10,0.01674743190839184,8
_J,7,sunday,11,0.016485521485098957,8
_J,7,sunday,12,0.0161779985237056,8
_J,7,sunday,13,0.016429946617939,8
_J,7,sunday,14,0.016664974045917044,8
_J,7,sunday,15,0.01719940420880945,8
_J,7,sunday,16,0.01795899727194948,8
_J,7,sunday,17,0.019067537259661572,8
_J,7,sunday,18,0.01959799781223089,8
_J,7,sunday,19,0.02011857671072217,8
_J,7,sunday,20,0.02051764226015061,8
_J,7,sunday,21,0.02090012275162491,8
_J,7,sunday,22,0.020677113845375534,8
_J,7,sunday,23,0.020451522922988623,8
_J,7,sunday,24,0.02039340596324759,8
_J,7,sunday,25,0.020515343370064536,8
_J,7,sunday,26,0.0204044258930322,8
_J,7,sunday,27,0.020113122974202174,8
_J,7,sunday,28,0.019757226632547628,8
_J,7,sunday,29,0.019677236177286225,8
_J,7,sunday,30,0.01945825218264627,8
_J,7,sunday,31,0.019736064871488858,8
_J,7,sunday,32,0.020464969516403714,8
_J,7,sunday,33,0.021285979407729166,8
_J,7,sunday,34,0.022580891272098447,8
_J,7,sunday,35,0.02424036969353317,8
_J,7,sunday,36,0.0254117165497359,8
_J,7,sunday,37,0.02608285870652996,8
_J,7,sunday,38,0.026460359351170467,8
_J,7,sunday,39,0.02671608588132822,8
_J,7,sunday,40,0.026499059516685755,8
_J,7,sunday,41,0.025960168075219527,8
_J,7,sunday,42,0.025720885205837485,8
_J,7,sunday,43,0.025689648884203796,8
_J,7,sunday,44,0.02488819005917326,8
_J,7,sunday,45,0.02387931180844955,8
_J,7,sunday,46,0.022684724484224896,8
_J,7,sunday,47,0.02134195333580682,8
_J,7,sunday,48,0.02093103753905887,8
_J,7,weekday,1,0.019158118535269265,46
_J,7,weekday,2,0.018759377249761146,46
_J,7,weekday,3,0.018178304713289687,46
_J,7,weekday,4,0.01801465240767646,46
_J,7,weekday,5,0.017606789436613073,46
_J,7,weekday,6,0.017099820744025714,46
_J,7,weekday,7,0.0167373164491015,46
_J,7,weekday,8,0.01648611733648352,46
_J,7,weekday,9,0.01635434307481448,46
_J,7,weekday,10,0.01614901081566494,46
_J,7,weekday,11,0.016251873920356617,46
_J,7,weekday,12,0.016718759048651378,46
_J,7,weekday,13,0.018059715160138733,46
_J,7,weekday,14,0.01907921281093382,46
_J,7,weekday,15,0.02048596736039655,46
_J,7,weekday,16,0.02117814737629029,46
_J,7,weekday,17,0.0217625476380174,46
_J,7,weekday,18,0.02173870657023289,46
_J,7,weekday,19,0.021800276260545197,46
_J,7,weekday,20,0.021558374384518807,46
_J,7,weekday,21,0.021350533198506428,46
_J,7,weekday,22,0.02103813457186296,46
_J,7,weekday,23,0.020671263319309872,46
_J,7,weekday,24,0.020625124266498887,46
_J,7,weekday,25,0.020727306243019165,46
_J,7,weekday,26,0.020675235562557424,46
_J,7,weekday,27,0.020555794097725795,46
_J,7,weekday,28,0.020410823365520053,46
_J,7,weekday,29,0.02043746229119515,46
_J,7,weekday,30,0.020478535355014194,46
_J,7,weekday,31,0.020539963780220688,46
_J,7,weekday,32,0.02119223123899678,46
_J,7,weekday,33,0.0212454925400924,46
_J,7,weekday,34,0.022255696181958128,46
_J,7,weekday,35,0.0232579463048338,46
_J,7,weekday,36,0.024293677821473573,46
_J,7,weekday,37,0.025096163898446596,46
_J,7,weekday,38,0.025579457170964225,46
_J,7,weekday,39,0.02628550379833657,46
_J,7,weekday,40,0.025937690953280933,46
_J,7,weekday,41,0.02525543590604899,46
_J,7,weekday,42,0.024876458474512978,46
_J,7,weekday,43,0.024594946208579084,46
_J,7,weekday,44,0.024044577566074987,46
_J,7,weekday,45,0.023028000452455937,46
_J,7,weekday,46,0.02188874197055833,46
_J,7,weekday,47,0.02052408227771372,46
_J,7,weekday,48,0.019956289891460907,46
_J,8,saturday,1,0.02080184304604024,9
_J,8,saturday,2,0.020066146814740966,9
_J,8,saturday,3,0.019312219466587184,9
_J,8,saturday,4,0.019181468453689246,9
_J,8,saturday,5,0.018611212964043243,9
_J,8,saturday,6,0.017951390117786174,9
_J,8,saturday,7,0.017596510541352577,9
_J,8,saturday,8,0.01719223474092801,9
_J,8,saturday,9,0.01689433317907972,9
_J,8,saturday,10,0.016615615421381822,9
_J,8,saturday,11,0.016657114487363428,9
_J,8,saturday,12,0.016690988150786366,9
_J,8,saturday,13,0.01758793177320936,9
_J,8,saturday,14,0.018105058282293255,9
_J,8,saturday,15,0.01901639894029533,9
_J,8,saturday,16,0.019555155903071875,9
_J,8,saturday,17,0.020494566106840792,9
_J,8,saturday,18,0.020854997000293744,9
_J,8,saturday,19,0.021005199659944532,9
_J,8,saturday,20,0.020867293676283698,9
_J,8,saturday,21,0.020707487376417658,9
_J,8,saturday,22,0.020609235112107698,9
_J,8,saturday,23,0.020447870894950794,9
_J,8,saturday,24,0.020560355358725982,9
_J,8,saturday,25,0.02069127558959511,9
_J,8,saturday,26,0.02063885965720593,9
_J,8,saturday,27,0.02021636437178463,9
_J,8,saturday,28,0.02001365093430271,9
_J,8,saturday,29,0.019909208980404873,9
_J,8,saturday,30,0.01975852284925243,9
_J,8,saturday,31,0.019808623886160535,9
_J,8,saturday,32,0.020165245891421164,9
_J,8,saturday,33,0.020955544847646026,9
_J,8,saturday,34,0.022334054953273993,9
_J,8,saturday,35,0.023778550405581973,9
_J,8,saturday,36,0.02504097096592153,9
_J,8,saturday,37,0.025901632830101152,9
_J,8,saturday,38,0.026154019839778317,9
_J,8,saturday,39,0.026060592635089933,9
_J,8,saturday,40,0.025737357897485394,9
_J,8,saturday,41,0.025414580464764275,9
_J,8,saturday,42,0.025140934905721585,9
_J,8,saturday,43,0.024456595000989106,9
_J,8,saturday,44,0.023776559312906738,9
_J,8,saturday,45,0.02319829976834665,9
_J,8,saturday,46,0.022022597297783816,9
_J,8,saturday,47,0.02095068129091767,9
_J,8,saturday,48,0.02049264795535075,9
_J,8,sunday,1,0.020365025964659902,9
_J,8,sunday,2,0.019863348864380195,9
_J,8,sunday,3,0.019224627415008712,9
_J,8,sunday,4,0.018975772105939266,9
_J,8,sunday,5,0.01859348353238745,9
_J,8,sunday,6,0.017930030206797988,9
_J,8,sunday,7,0.017403463374642585,9
_J,8,sunday,8,0.01720208945527894,9
_J,8,sunday,9,0.016995562877417228,9
_J,8,sunday,10,0.016705724005698912,9
_J,8,sunday,11,0.01662177507994024,9
_J,8,sunday,12,0.016397938121842464,9
_J,8,sunday,13,0.016859934695311454,9
_J,8,sunday,14,0.017106679733644516,9
_J,8,sunday,15,0.01776383499736244,9
_J,8,sunday,16,0.018181048056894113,9
_J,8,sunday,17,0.019135147113024237,9
_J,8,sunday,18,0.019372370973431256,9
_J,8,sunday,19,0.019774281970004116,9
_J,8,sunday,20,0.01982894678771801,9
_J,8,sunday,21,0.0198601489144488,9
_J,8,sunday,22,0.019846837787076743,9
_J,8,sunday,23,0.020043806092682043,9
_J,8,sunday,24,0.020032476732732743,9
_J,8,sunday,25,0.020332713708034838,9
_J,8,sunday,26,0.02030891487719432,9
_J,8,sunday,27,0.020139059112451733,9
_J,8,sunday,28,0.0197589075904425,9
_J,8,sunday,29,0.01977516148066565,9
_J,8,sunday,30,0.019645861867489497,9
_J,8,sunday,31,0.0198917587798453,9
_J,8,sunday,32,0.020948327897476565,9
_J,8,sunday,33,0.02205978245385845,9
_J,8,sunday,34,0.023590381169383855,9
_J,8,sunday,35,0.024760085010515506,9
_J,8,sunday,36,0.025725323605006945,9
_J,8,sunday,37,0.026691128700428654,9
_J,8,sunday,38,0.027213422342849784,9
_J,8,sunday,39,0.02713403592242282,9
_J,8,sunday,40,0.026896156910132998,9
_J,8,sunday,41,0.02656461893006228,9
_J,8,sunday,42,0.026172243618743526,9
_J,8,sunday,43,0.02563427692494889,9
_J,8,sunday,44,0.02462733456863401,9
_J,8,sunday,45,0.02350440980949272,9
_J,8,sunday,46,0.022572188966974598,9
_J,8,sunday,47,0.021275734247491393,9
_J,8,sunday,48,0.02069381664712886,9
_J,8,weekday,1,0.018760234220855362,40
_J,8,weekday,2,0.018370153480432146,40
_J,8,weekday,3,0.01788188264840907,40
_J,8,weekday,4,0.01774088712489022,40
_J,8,weekday,5,0.017522209112147788,40
_J,8,weekday,6,0.016921020844949168,40
_J,8,weekday,7,0.016517834813855475,40
_J,8,weekday,8,0.01627625431979638,40
_J,8,weekday,9,0.016065527367834922,40
_J,8,weekday,10,0.015976680885610654,40
_J,8,weekday,11,0.016220037647889377,40
_J,8,weekday,12,0.01668293044968267,40
_J,8,weekday,13,0.0179100699692464,40
_J,8,weekday,14,0.018766149358254696,40
_J,8,weekday,15,0.02020989438752801,40
_J,8,weekday,16,0.02087997224837541,40
_J,8,weekday,17,0.021864421086544177,40
_J,8,weekday,18,0.022031371772881354,40
_J,8,weekday,19,0.02204441228973318,40
_J,8,weekday,20,0.02179461290035879,40
_J,8,weekday,21,0.02148098947274476,40
_J,8,weekday,22,0.02117742057318181,40
_J,8,weekday,23,0.02096982806459388,40
_J,8,weekday,24,0.020847872973879522,40
_J,8,weekday,25,0.02092842933113927,40
_J,8,weekday,26,0.020849673832977565,40
_J,8,weekday,27,0.020643078957734765,40
_J,8,weekday,28,0.020503263940180656,40
_J,8,weekday,29,0.02035539832019431,40
_J,8,weekday,30,0.02034211508014891,40
_J,8,weekday,31,0.020532726157485963,40
_J,8,weekday,32,0.02105640252579512,40
_J,8,weekday,33,0.021101128297728748,40
_J,8,weekday,34,0.02222002915182935,40
_J,8,weekday,35,0.023450310839280238,40
_J,8,weekday,36,0.02466336042201458,40
_J,8,weekday,37,0.02549771878327503,40
_J,8,weekday,38,0.025935733973382086,40
_J,8,weekday,39,0.026459022165061758,40
_J,8,weekday,40,0.026178434056453037,40
_J,8,weekday,41,0.025848007606793455,40
_J,8,weekday,42,0.025513288273346646,40
_J,8,weekday,43,0.02489436950104784,40
_J,8,weekday,44,0.023951710959819197,40
_J,8,weekday,45,0.022897804477037393,40
_J,8,weekday,46,0.021584643601641244,40
_J,8,weekday,47,0.020124019123961633,40
_J,8,weekday,48,0.019556662607995996,40
_J,9,saturday,1,0.019181045082282716,4
_J,9,saturday,2,0.018606029310705798,4
_J,9,saturday,3,0.01807704802694528,4
_J,9,saturday,4,0.017823693016298943,4
_J,9,saturday,5,0.0175589034292475,4
_J,9,saturday,6,0.016964532079243765,4
_J,9,saturday,7,0.01656444488737821,4
_J,9,saturday,8,0.01633353124331334,4
_J,9,saturday,9,0.016165986393735718,4
_J,9,saturday,10,0.016065353322548062,4
_J,9,saturday,11,0.016106970336482777,4
_J,9,saturday,12,0.016426401815843955,4
_J,9,saturday,13,0.017483250738907413,4
_J,9,saturday,14,0.018098773515087326,4
_J,9,saturday,15,0.019445906746467442,4
_J,9,saturday,16,0.020571531655355715,4
_J,9,saturday,17,0.021796853690538645,4
_J,9,saturday,18,0.02222972475359283,4
_J,9,saturday,19,0.0231129199669863,4
_J,9,saturday,20,0.023230470758699273,4
_J,9,saturday,21,0.023152298785883964,4
_J,9,saturday,22,0.022692329864311796,4
_J,9,saturday,23,0.022135026006486754,4
_J,9,saturday,24,0.021657689150604786,4
_J,9,saturday,25,0.02125590035465829,4
_J,9,saturday,26,0.020996700223455077,4
_J,9,saturday,27,0.020763355870963774,4
_J,9,saturday,28,0.02071303299813429,4
_J,9,saturday,29,0.02065675163340897,4
_J,9,saturday,30,0.02042289930393531,4
_J,9,saturday,31,0.020151558812977605,4
_J,9,saturday,32,0.02027166276908675,4
_J,9,saturday,33,0.021085425247963564,4
_J,9,saturday,34,0.022303282471272036,4
_J,9,saturday,35,0.023895038804384525,4
_J,9,saturday,36,0.024962265171632757,4
_J,9,saturday,37,0.025667025984656824,4
_J,9,saturday,38,0.026133722111490548,4
_J,9,saturday,39,0.026413329364970064,4
_J,9,saturday,40,0.026284332964580465,4
_J,9,saturday,41,0.02561271376317069,4
_J,9,saturday,42,0.024458824480565543,4
_J,9,saturday,43,0.023618451752354594,4
_J,9,saturday,44,0.022551148842224485,4
_J,9,saturday,45,0.02144679665946086,4
_J,9,saturday,46,0.020606627671548618,4
_J,9,saturday,47,0.01935143470298464,4
_J,9,saturday,48,0.018897003463171427,4
_J,9,sunday,1,0.018025674540123913,4
_J,9,sunday,2,0.017654960308367475,4
_J,9,sunday,3,0.017056619522851774,4
_J,9,sunday,4,0.0168569822192177,4
_J,9,sunday,5,0.01642021926627501,4
_J,9,sunday,6,0.015895928960376518,4
_J,9,sunday,7,0.015481613589234382,4
_J,9,sunday,8,0.015350025868813877,4
_J,9,sunday,9,0.015098897675682604,4
_J,9,sunday,10,0.014923546593203349,4
_J,9,sunday,11,0.015085773908010943,4
_J,9,sunday,12,0.015181121691673627,4
_J,9,sunday,13,0.015740740293452505,4
_J,9,sunday,14,0.01619950598975139,4
_J,9,sunday,15,0.017191870194457615,4
_J,9,sunday,16,0.018009540995153298,4
_J,9,sunday,17,0.019255988951012794,4
_J,9,sunday,18,0.01969047051977545,4
_J,9,sunday,19,0.02038281374945969,4
_J,9,sunday,20,0.020626776632673066,4
_J,9,sunday,21,0.020917936751939984,4
_J,9,sunday,22,0.02107827933937202,4
_J,9,sunday,23,0.021362092522887323,4
_J,9,sunday,24,0.0214540075802591,4
_J,9,sunday,25,0.022111408271658646,4
_J,9,sunday,26,0.022703460473952296,4
_J,9,sunday,27,0.02302911455155426,4
_J,9,sunday,28,0.02298083509964178,4
_J,9,sunday,29,0.023022676815695725,4
_J,9,sunday,30,0.02327560392932588,4
_J,9,sunday,31,0.02378634000231846,4
_J,9,sunday,32,0.02456371066518297,4
_J,9,sunday,33,0.02531804259009767,4
_J,9,sunday,34,0.026370646106477165,4
_J,9,sunday,35,0.027118751057006202,4
_J,9,sunday,36,0.02769073186697367,4
_J,9,sunday,37,0.027740921718029388,4
_J,9,sunday,38,0.027477672906257196,4
_J,9,sunday,39,0.02718138292682156,4
_J,9,sunday,40,0.026710836064635344,4
_J,9,sunday,41,0.02578743896117392,4
_J,9,sunday,42,0.024575659547141297,4
_J,9,sunday,43,0.02362018301143452,4
_J,9,sunday,44,0.022545913313529814,4
_J,9,sunday,45,0.02121383060569164,4
_J,9,sunday,46,0.01979862847165323,4
_J,9,sunday,47,0.01847289168897759,4
_J,9,sunday,48,0.017961931690744372,4
_J,9,weekday,1,0.017390658952494642,22
_J,9,weekday,2,0.016986972305367,22
_J,9,weekday,3,0.01645766443672304,22
_J,9,weekday,4,0.01642220953140142,22
_J,9,weekday,5,0.016171989644088815,22
_J,9,weekday,6,0.01566258849180691,22
_J,9,weekday,7,0.015325161111216562,22
_J,9,weekday,8,0.015199114612540181,22
_J,9,weekday,9,0.015096019947291928,22
_J,9,weekday,10,0.015189468132124274,22
_J,9,weekday,11,0.015746745725683322,22
_J,9,weekday,12,0.016554296748542034,22
_J,9,weekday,13,0.01847439580011636,22
_J,9,weekday,14,0.02005804841309251,22
_J,9,weekday,15,0.0218517470590924,22
_J,9,weekday,16,0.022507033944762094,22
_J,9,weekday,17,0.022946346402500838,22
_J,9,weekday,18,0.022749354116475752,22
_J,9,weekday,19,0.02298917090755295,22
_J,9,weekday,20,0.02265452427528616,22
_J,9,weekday,21,0.022135138430961186,22
_J,9,weekday,22,0.02172956786715804,22
_J,9,weekday,23,0.021363243143756157,22
_J,9,weekday,24,0.021241957901365297,22
_J,9,weekday,25,0.02127100214810952,22
_J,9,weekday,26,0.021161938681219735,22
_J,9,weekday,27,0.021028491096503947,22
_J,9,weekday,28,0.020734865072347928,22
_J,9,weekday,29,0.020667860166592448,22
_J,9,weekday,30,0.020557003169527417,22
_J,9,weekday,31,0.020578871686036334,22
_J,9,weekday,32,0.02132762485138603,22
_J,9,weekday,33,0.021830142295542174,22
_J,9,weekday,34,0.023050331013965163,22
_J,9,weekday,35,0.02434230851074849,22
_J,9,weekday,36,0.025586089313666096,22
_J,9,weekday,37,0.02639053546379274,22
_J,9,weekday,38,0.02681692163767787,22
_J,9,weekday,39,0.027307412980894275,22
_J,9,weekday,40,0.02698444630077147,22
_J,9,weekday,41,0.026278611783324194,22
_J,9,weekday,42,0.025265472560567395,22
_J,9,weekday,43,0.024069217849458965,22
_J,9,weekday,44,0.02286108119834992,22
_J,9,weekday,45,0.02160130138340426,22
_J,9,weekday,46,0.020210075022267272,22
_J,9,weekday,47,0.01888463137139769,22
_J,9,weekday,48,0.0182903465410488,22
_J,10,saturday,1,0.01824112854442915,4
_J,10,saturday,2,0.017819632961575734,4
_J,10,saturday,3,0.017349803302226557,4
_J,10,saturday,4,0.01733616193300524,4
_J,10,saturday,5,0.01697856691704489,4
_J,10,saturday,6,0.016430400770595262,4
_J,10,saturday,7,0.015841998428766532,4
_J,10,saturday,8,0.015556967994018907,4
_J,10,saturday,9,0.015350240789110773,4
_J,10,saturday,10,0.015173806124903544,4
_J,10,saturday,11,0.015119813275851277,4
_J,10,saturday,12,0.01536215528242375,4
_J,10,saturday,13,0.016461070321414483,4
_J,10,saturday,14,0.017344728033548307,4
_J,10,saturday,15,0.018671740570853457,4
_J,10,saturday,16,0.01977770393108277,4
_J,10,saturday,17,0.02118561219219716,4
_J,10,saturday,18,0.02178762576092772,4
_J,10,saturday,19,0.02225352799749094,4
_J,10,saturday,20,0.02210370417097352,4
_J,10,saturday,21,0.021926550464352802,4
_J,10,saturday,22,0.021599985707384278,4
_J,10,saturday,23,0.02158722924932702,4
_J,10,saturday,24,0.021467908329902224,4
_J,10,saturday,25,0.021964528473645238,4
_J,10,saturday,26,0.02210456105420858,4
_J,10,saturday,27,0.022368095512517255,4
_J,10,saturday,28,0.022084509717425885,4
_J,10,saturday,29,0.02191380503392936,4
_J,10,saturday,30,0.021770792155278246,4
_J,10,saturday,31,0.02188196991187115,4
_J,10,saturday,32,0.02236262775245447,4
_J,10,saturday,33,0.023152378306025772,4
_J,10,saturday,34,0.024100315156971495,4
_J,10,saturday,35,0.025640980790115293,4
_J,10,saturday,36,0.026626875215504803,4
_J,10,saturday,37,0.02758288363783984,4
_J,10,saturday,38,0.027652494953740916,4
_J,10,saturday,39,0.02694137976734724,4
_J,10,saturday,40,0.02613833828728975,4
_J,10,saturday,41,0.02502747823121318,4
_J,10,saturday,42,0.024279618339463536,4
_J,10,saturday,43,0.023220266114374295,4
_J,10,saturday,44,0.022169153558948253,4
_J,10,saturday,45,0.021151448775177096,4
_J,10,saturday,46,0.01997841855636461,4
_J,10,saturday,47,0.01875485110551728,4
_J,10,saturday,48,0.018404166539370163,4
_J,10,sunday,1,0.017196237923223685,4
_J,10,sunday,2,0.016735732191959878,4
_J,10,sunday,3,0.016170582395441415,4
_J,10,sunday,4,0.016187083372926295,4
_J,10,sunday,5,0.015869279867595863,4
_J,10,sunday,6,0.015371018498114689,4
_J,10,sunday,7,0.014960528747227335,4
_J,10,sunday,8,0.014828009732029272,4
_J,10,sunday,9,0.014604099779028223,4
_J,10,sunday,10,0.01438387185853517,4
_J,10,sunday,11,0.014372082414268739,4
_J,10,sunday,12,0.01435954247984098,4
_J,10,sunday,13,0.014943517748645482,4
_J,10,sunday,14,0.01546175274798248,4
_J,10,sunday,15,0.01645114456058994,4
_J,10,sunday,16,0.017454660602237337,4
_J,10,sunday,17,0.018941527098468008,4
_J,10,sunday,18,0.01949196597921771,4
_J,10,sunday,19,0.01997194121526434,4
_J,10,sunday,20,0.02013804233359073,4
_J,10,sunday,21,0.020246656824004436,4
_J,10,sunday,22,0.02023046249279634,4
_J,10,sunday,23,0.020422470692955736,4
_J,10,sunday,24,0.020503137467142676,4
_J,10,sunday,25,0.020972371850789803,4
_J,10,sunday,26,0.02136287283720312,4
_J,10,sunday,27,0.02187215800501466,4
_J,10,sunday,28,0.022138614366185926,4
_J,10,sunday,29,0.022444675540262526,4
_J,10,sunday,30,0.022615311665178606,4
_J,10,sunday,31,0.023059785884506256,4
_J,10,sunday,32,0.023708883838450073,4
_J,10,sunday,33,0.024617413528936736,4
_J,10,sunday,34,0.025601050938338105,4
_J,10,sunday,35,0.026836085145675134,4
_J,10,sunday,36,0.027504825922727308,4
_J,10,sunday,37,0.027867457141567048,4
_J,10,sunday,38,0.027789345709905197,4
_J,10,sunday,39,0.02698594294864218,4
_J,10,sunday,40,0.025764258677309144,4
_J,10,sunday,41,0.024716864951068916,4
_J,10,sunday,42,0.023687427677771673,4
_J,10,sunday,43,0.022648094157562828,4
_J,10,sunday,44,0.021481560838992726,4
_J,10,sunday,45,0.020258412779443742,4
_J,10,sunday,46,0.01919280247257496,4
_J,10,sunday,47,0.01781739429221027,4
_J,10,sunday,48,0.0173956479250376,4
_J,10,sunday,49,0.016546616792127003,1
_J,10,sunday,50,0.015818775089431636,1
_J,10,weekday,1,0.01654261498174514,23
_J,10,weekday,2,0.016390473134673907,23
_J,10,weekday,3,0.01595931159913181,23
_J,10,weekday,4,0.01585489245150388,23
_J,10,weekday,5,0.015710340396282184,23
_J,10,weekday,6,0.015225818779391305,23
_J,10,weekday,7,0.014819415187600448,23
_J,10,weekday,8,0.014643756224838426,23
_J,10,weekday,9,0.014522369563531933,23
_J,10,weekday,10,0.014592291725189919,23
_J,10,weekday,11,0.015103301395160734,23
_J,10,weekday,12,0.01596510420838471,23
_J,10,weekday,13,0.01790631080787837,23
_J,10,weekday,14,0.019489753302592738,23
_J,10,weekday,15,0.02119716840660897,23
_J,10,weekday,16,0.022034706481168505,23
_J,10,weekday,17,0.022815389933146513,23
_J,10,weekday,18,0.022797953954202012,23
_J,10,weekday,19,0.023165889504037057,23
_J,10,weekday,20,0.022938707795629305,23
_J,10,weekday,21,0.022774996732822895,23
_J,10,weekday,22,0.022515240302484973,23
_J,10,weekday,23,0.022410452366569567,23
_J,10,weekday,24,0.02239002464876304,23
_J,10,weekday,25,0.022564795813280674,23
_J,10,weekday,26,0.022528238991066915,23
_J,10,weekday,27,0.022505621250075145,23
_J,10,weekday,28,0.02224372642929104,23
_J,10,weekday,29,0.022153734897814813,23
_J,10,weekday,30,0.02208776823690914,23
_J,10,weekday,31,0.022012892824240165,23
_J,10,weekday,32,0.022507282853326472,23
_J,10,weekday,33,0.0229464478627778,23
_J,10,weekday,34,0.02406669137450743,23
_J,10,weekday,35,0.025371611759813208,23
_J,10,weekday,36,0.026366861963286924,23
_J,10,weekday,37,0.02716225509608119,23
_J,10,weekday,38,0.027290764359116607,23
_J,10,weekday,39,0.02699449844786921,23
_J,10,weekday,40,0.026028868545025213,23
_J,10,weekday,41,0.024905025433022754,23
_J,10,weekday,42,0.023898070372751868,23
_J,10,weekday,43,0.02273892480247451,23
_J,10,weekday,44,0.021615613620158933,23
_J,10,weekday,45,0.02036759452984653,23
_J,10,weekday,46,0.019050034577392592,23
_J,10,weekday,47,0.01768302475544853,23
_J,10,weekday,48,0.017143367321083992,23
_J,11,saturday,1,0.017956157845287028,5
_J,11,saturday,2,0.01810232248205218,5
_J,11,saturday,3,0.01754632763018685,5
_J,11,saturday,4,0.016873610702758054,5
_J,11,saturday,5,0.01647189407673435,5
_J,11,saturday,6,0.016140455461524834,5
_J,11,saturday,7,0.015616473708841786,5
_J,11,saturday,8,0.01512502901396176,5
_J,11,saturday,9,0.014912837955711905,5
_J,11,saturday,10,0.014666975880360863,5
_J,11,saturday,11,0.01483227768519814,5
_J,11,saturday,12,0.015078768643391933,5
_J,11,saturday,13,0.01609080923682944,5
_J,11,saturday,14,0.016858019611561616,5
_J,11,saturday,15,0.018220737727638325,5
_J,11,saturday,16,0.019165149660559554,5
_J,11,saturday,17,0.020310846240779258,5
_J,11,saturday,18,0.021116303761648976,5
_J,11,saturday,19,0.021723417627511697,5
_J,11,saturday,20,0.02187325017444573,5
_J,11,saturday,21,0.022029003668914186,5
_J,11,saturday,22,0.02188492807296024,5
_J,11,saturday,23,0.021908905780273907,5
_J,11,saturday,24,0.022061466541788803,5
_J,11,saturday,25,0.022311928608384834,5
_J,11,saturday,26,0.022371832311520626,5
_J,11,saturday,27,0.022454224456635856,5
_J,11,saturday,28,0.02244878681398173,5
_J,11,saturday,29,0.022747682183705223,5
_J,11,saturday,30,0.022929843108079336,5
_J,11,saturday,31,0.023329257224705444,5
_J,11,saturday,32,0.02381488255169615,5
_J,11,saturday,33,0.02492135832314009,5
_J,11,saturday,34,0.026372655144115815,5
_J,11,saturday,35,0.027390652013616144,5
_J,11,saturday,36,0.027721259276762965,5
_J,11,saturday,37,0.027628721430455805,5
_J,11,saturday,38,0.026962559400385843,5
_J,11,saturday,39,0.02619882116732824,5
_J,11,saturday,40,0.02521648404362617,5
_J,11,saturday,41,0.024295656469871668,5
_J,11,saturday,42,0.023391853535852755,5
_J,11,saturday,43,0.022536453859096268,5
_J,11,saturday,44,0.021520727552196757,5
_J,11,saturday,45,0.02050765791737234,5
_J,11,saturday,46,0.019718887903053678,5
_J,11,saturday,47,0.018652809315188767,5
_J,11,saturday,48,0.017989036198306087,5
_J,11,sunday,1,0.01749790862229323,5
_J,11,sunday,2,0.017890505087887067,5
_J,11,sunday,3,0.0174323903506108,5
_J,11,sunday,4,0.01669891144832689,5
_J,11,sunday,5,0.01640346720069661,5
_J,11,sunday,6,0.01618368473852021,5
_J,11,sunday,7,0.015672644276688484,5
_J,11,sunday,8,0.015170168884381835,5
_J,11,sunday,9,0.014889829286927775,5
_J,11,sunday,10,0.014592717557873286,5
_J,11,sunday,11,0.014492170670074259,5
_J,11,sunday,12,0.014413526892186973,5
_J,11,sunday,13,0.015224559926293197,5
_J,11,sunday,14,0.015861082059104227,5
_J,11,sunday,15,0.016755598416639678,5
_J,11,sunday,16,0.017599160636817508,5
_J,11,sunday,17,0.019072838507552592,5
_J,11,sunday,18,0.020149100132363363,5
_J,11,sunday,19,0.021020251091295666,5
_J,11,sunday,20,0.021333541952008025,5
_J,11,sunday,21,0.021519671562035325,5
_J,11,sunday,22,0.021327806765172312,5
_J,11,sunday,23,0.021156390098879742,5
_J,11,sunday,24,0.021236871740563434,5
_J,11,sunday,25,0.02157024752734137,5
_J,11,sunday,26,0.021952289417999853,5
_J,11,sunday,27,0.02195340732300225,5
_J,11,sunday,28,0.022076733827586854,5
_J,11,sunday,29,0.022468841839751116,5
_J,11,sunday,30,0.023135796035877378,5
_J,11,sunday,31,0.02420861351425276,5
_J,11,sunday,32,0.02534819985179255,5
_J,11,sunday,33,0.027028630604317892,5
_J,11,sunday,34,0.02859937360972547,5
_J,11,sunday,35,0.029311335912494508,5
_J,11,sunday,36,0.029631129461013966,5
_J,11,sunday,37,0.029029455002923817,5
_J,11,sunday,38,0.028125037449989444,5
_J,11,sunday,39,0.027156193262161333,5
_J,11,sunday,40,0.025999999647942078,5
_J,11,sunday,41,0.02506190449767714,5
_J,11,sunday,42,0.024177209856660015,5
_J,11,sunday,43,0.023037888536259706,5
_J,11,sunday,44,0.02167741393916512,5
_J,11,sunday,45,0.020434956315819906,5
_J,11,sunday,46,0.0194534738862542,5
_J,11,sunday,47,0.017894781350605623,5
_J,11,sunday,48,0.017072289424193206,5
_J,11,weekday,1,0.015812870667102425,20
_J,11,weekday,2,0.016214090247667252,20
_J,11,weekday,3,0.01584971351426678,20
_J,11,weekday,4,0.015298371380590568,20
_J,11,weekday,5,0.015129690502236231,20
_J,11,weekday,6,0.01490709163532768,20
_J,11,weekday,7,0.01452840942407516,20
_J,11,weekday,8,0.014268102097148646,20
_J,11,weekday,9,0.014100048291491987,20
_J,11,weekday,10,0.014107575515353521,20
_J,11,weekday,11,0.014622456864524078,20
_J,11,weekday,12,0.01545807241020004,20
_J,11,weekday,13,0.017532595929456787,20
_J,11,weekday,14,0.019295029653192988,20
_J,11,weekday,15,0.021246374159902753,20
_J,11,weekday,16,0.021846477929868633,20
_J,11,weekday,17,0.022358915945504508,20
_J,11,weekday,18,0.022654417608215086,20
_J,11,weekday,19,0.023155252406829196,20
_J,11,weekday,20,0.023152351067064064,20
_J,11,weekday,21,0.022905029380576276,20
_J,11,weekday,22,0.022677193975028518,20
_J,11,weekday,23,0.02266264156046672,20
_J,11,weekday,24,0.022637238929526855,20
_J,11,weekday,25,0.022803329738257227,20
_J,11,weekday,26,0.022845682889172367,20
_J,11,weekday,27,0.022842138154139026,20
_J,11,weekday,28,0.02272950906332208,20
_J,11,weekday,29,0.022859155431220364,20
_J,11,weekday,30,0.022926224851429013,20
_J,11,weekday,31,0.022943050423717352,20
_J,11,weekday,32,0.023728463998952214,20
_J,11,weekday,33,0.024637614226489947,20
_J,11,weekday,34,0.025951395078531357,20
_J,11,weekday,35,0.026747949126291283,20
_J,11,weekday,36,0.027159566275020714,20
_J,11,weekday,37,0.027228390158820177,20
_J,11,weekday,38,0.026806321243365717,20
_J,11,weekday,39,0.02657480825740955,20
_J,11,weekday,40,0.02559254287685388,20
_J,11,weekday,41,0.024446217235447144,20
_J,11,weekday,42,0.02337756523403716,20
_J,11,weekday,43,0.02220993263948342,20
_J,11,weekday,44,0.02085075723211302,20
_J,11,weekday,45,0.01966750691151463,20
_J,11,weekday,46,0.018647219436358938,20
_J,11,weekday,47,0.017370958089571276,20
_J,11,weekday,48,0.0166336903328654,20
_J,12,saturday,1,0.017901084614260196,4
_J,12,saturday,2,0.018183777125873792,4
_J,12,saturday,3,0.017847636470905665,4
_J,12,saturday,4,0.01721420200803457,4
_J,12,saturday,5,0.016939593806969574,4
_J,12,saturday,6,0.016662664735695647,4
_J,12,saturday,7,0.016230586042945496,4
_J,12,saturday,8,0.01579228086294173,4
_J,12,saturday,9,0.01559451376230856,4
_J,12,saturday,10,0.015348543277632493,4
_J,12,saturday,11,0.015584298663826057,4
_J,12,saturday,12,0.01574785282799534,4
_J,12,saturday,13,0.016634015719195733,4
_J,12,saturday,14,0.01745375170718844,4
_J,12,saturday,15,0.018573185633572388,4
_J,12,saturday,16,0.019282703868417975,4
_J,12,saturday,17,0.020547390536400423,4
_J,12,saturday,18,0.0215339873104479,4
_J,12,saturday,19,0.022084043466160316,4
_J,12,saturday,20,0.022209505740383897,4
_J,12,saturday,21,0.022323656942421066,4
_J,12,saturday,22,0.022079767095869292,4
_J,12,saturday,23,0.02199919529771864,4
_J,12,saturday,24,0.021903139271033163,4
_J,12,saturday,25,0.022074687720924933,4
_J,12,saturday,26,0.0221673509329473,4
_J,12,saturday,27,0.022325131406216808,4
_J,12,saturday,28,0.022344856951690223,4
_J,12,saturday,29,0.02250040567242532,4
_J,12,saturday,30,0.022730835423322028,4
_J,12,saturday,31,0.023243604080068706,4
_J,12,saturday,32,0.02394037952592966,4
_J,12,saturday,33,0.025197842583542965,4
_J,12,saturday,34,0.02605304986537109,4
_J,12,saturday,35,0.026577453425896996,4
_J,12,saturday,36,0.026762477417310575,4
_J,12,saturday,37,0.026710665081630017,4
_J,12,saturday,38,0.026181892364074137,4
_J,12,saturday,39,0.025408557486420277,4
_J,12,saturday,40,0.024642856606561285,4
_J,12,saturday,41,0.023849224758476034,4
_J,12,saturday,42,0.022930122083680886,4
_J,12,saturday,43,0.022050623429775252,4
_J,12,saturday,44,0.02115516777513743,4
_J,12,saturday,45,0.020056865708540726,4
_J,12,saturday,46,0.01940053888769664,4
_J,12,saturday,47,0.01831920024128674,4
_J,12,saturday,48,0.01770483378287563,4
_J,12,sunday,1,0.01766080884978404,4
_J,12,sunday,2,0.018140574340232776,4
_J,12,sunday,3,0.01765961925687707,4
_J,12,sunday,4,0.01707956238697317,4
_J,12,sunday,5,0.01667685056087771,4
_J,12,sunday,6,0.01645318131640449,4
_J,12,sunday,7,0.01589657543552087,4
_J,12,sunday,8,0.015383142425066167,4
_J,12,sunday,9,0.015143569815491776,4
_J,12,sunday,10,0.014865344001915757,4
_J,12,sunday,11,0.014752985186648238,4
_J,12,sunday,12,0.014676073886874908,4
_J,12,sunday,13,0.015393495329157177,4
_J,12,sunday,14,0.015889417720943606,4
_J,12,sunday,15,0.016937004640091857,4
_J,12,sunday,16,0.01775415457601551,4
_J,12,sunday,17,0.01907586860790885,4
_J,12,sunday,18,0.02016471792458347,4
_J,12,sunday,19,0.021306397460163256,4
_J,12,sunday,20,0.02193225633183917,4
_J,12,sunday,21,0.022434478421090708,4
_J,12,sunday,22,0.022768745350638768,4
_J,12,sunday,23,0.02313280681580355,4
_J,12,sunday,24,0.02336125852665885,4
_J,12,sunday,25,0.023895171187903012,4
_J,12,sunday,26,0.024323741641685617,4
_J,12,sunday,27,0.024338513268287995,4
_J,12,sunday,28,0.024085312886947402,4
_J,12,sunday,29,0.024054916116322853,4
_J,12,sunday,30,0.02401686966583725,4
_J,12,sunday,31,0.024369545230340496,4
_J,12,sunday,32,0.02510479575575169,4
_J,12,sunday,33,0.026027555584546974,4
_J,12,sunday,34,0.02681402430957719,4
_J,12,sunday,35,0.02709449576214893,4
_J,12,sunday,36,0.0271656993368209,4
_J,12,sunday,37,0.02678805226020853,4
_J,12,sunday,38,0.02606057208066921,4
_J,12,sunday,39,0.02525066921357967,4
_J,12,sunday,40,0.02433583133262546,4
_J,12,sunday,41,0.023481807178864528,4
_J,12,sunday,42,0.022673981516337073,4
_J,12,sunday,43,0.021769422034441342,4
_J,12,sunday,44,0.020825825036126806,4
_J,12,sunday,45,0.01962155944279172,4
_J,12,sunday,46,0.018626987309680924,4
_J,12,sunday,47,0.017677107110513755,4
_J,12,sunday,48,0.017058655570428946,4
_J,12,weekday,1,0.016412885075148993,23
_J,12,weekday,2,0.016782704696753213,23
_J,12,weekday,3,0.016381468268880057,23
_J,12,weekday,4,0.015860679378319763,23
_J,12,weekday,5,0.015562583385651457,23
_J,12,weekday,6,0.015376248252051661,23
_J,12,weekday,7,0.014985051688672814,23
_J,12,weekday,8,0.014628772381644369,23
_J,12,weekday,9,0.014448506319554645,23
_J,12,weekday,10,0.014373065429141295,23
_J,12,weekday,11,0.014699651594947818,23
_J,12,weekday,12,0.015341522175258885,23
_J,12,weekday,13,0.017034823440838617,23
_J,12,weekday,14,0.01841322757026849,23
_J,12,weekday,15,0.020121575467712725,23
_J,12,weekday,16,0.020955058764087615,23
_J,12,weekday,17,0.02187183533276396,23
_J,12,weekday,18,0.02243474012705714,23
_J,12,weekday,19,0.022985923404007756,23
_J,12,weekday,20,0.023135706630189417,23
_J,12,weekday,21,0.023128161654969386,23
_J,12,weekday,22,0.022942728110590692,23
_J,12,weekday,23,0.022940008556084013,23
_J,12,weekday,24,0.02303883158806161,23
_J,12,weekday,25,0.023420655319990685,23
_J,12,weekday,26,0.02347638927805599,23
_J,12,weekday,27,0.023547232499738315,23
_J,12,weekday,28,0.02340789211278073,23
_J,12,weekday,29,0.02336404833382333,23
_J,12,weekday,30,0.02338102170525058,23
_J,12,weekday,31,0.023504508271718336,23
_J,12,weekday,32,0.024135936425483135,23
_J,12,weekday,33,0.024801168739487605,23
_J,12,weekday,34,0.0255590770285296,23
_J,12,weekday,35,0.025894983533875916,23
_J,12,weekday,36,0.02608502031569839,23
_J,12,weekday,37,0.02614110810122896,23
_J,12,weekday,38,0.0256868484893141,23
_J,12,weekday,39,0.025632534336455317,23
_J,12,weekday,40,0.024890397862519585,23
_J,12,weekday,41,0.023902413720791306,23
_J,12,weekday,42,0.02301235762862286,23
_J,12,weekday,43,0.021987058403903408,23
_J,12,weekday,44,0.020916932675132078,23
_J,12,weekday,45,0.019789767777773283,23
_J,12,weekday,46,0.01892733244406105,23
_J,12,weekday,47,0.017643832935729666,23
_J,12,weekday,48,0.01703572276737941,23
_K,1,saturday,1,0.01720608274379591,9
_K,1,saturday,2,0.017438690852533287,9
_K,1,saturday,3,0.01715746126338991,9
_K,1,saturday,4,0.01715115979789841,9
_K,1,saturday,5,0.01687062518051665,9
_K,1,saturday,6,0.01669988527522838,9
_K,1,saturday,7,0.01639299888731405,9
_K,1,saturday,8,0.01589650547402898,9
_K,1,saturday,9,0.015564176608234257,9
_K,1,saturday,10,0.01546603107964823,9
_K,1,saturday,11,0.015386071758117258,9
_K,1,saturday,12,0.015713519045751505,9
_K,1,saturday,13,0.016612312684955347,9
_K,1,saturday,14,0.017253126687189535,9
_K,1,saturday,15,0.017800459622268845,9
_K,1,saturday,16,0.01895380240930476,9
_K,1,saturday,17,0.020521950890297118,9
_K,1,saturday,18,0.02140604803843475,9
_K,1,saturday,19,0.022446414154570733,9
_K,1,saturday,20,0.022792468714448393,9
_K,1,saturday,21,0.022809839688032657,9
_K,1,saturday,22,0.022717158407366482,9
_K,1,saturday,23,0.022279104779857103,9
_K,1,saturday,24,0.02187987797686848,9
_K,1,saturday,25,0.021551476880758216,9
_K,1,saturday,26,0.021472864768064783,9
_K,1,saturday,27,0.021405374732327887,9
_K,1,saturday,28,0.02152629548941229,9
_K,1,saturday,29,0.02188624823970316,9
_K,1,saturday,30,0.022539597694124218,9
_K,1,saturday,31,0.023038619753332157,9
_K,1,saturday,32,0.023844523257142678,9
_K,1,saturday,33,0.024637078548549275,9
_K,1,saturday,34,0.02509437015381545,9
_K,1,saturday,35,0.026121374234997156,9
_K,1,saturday,36,0.026550932899210275,9
_K,1,saturday,37,0.026696447924966202,9
_K,1,saturday,38,0.026302529692339364,9
_K,1,saturday,39,0.025621284687021094,9
_K,1,saturday,40,0.025228301199276833,9
_K,1,saturday,41,0.024407005837401366,9
_K,1,saturday,42,0.02355737454376177,9
_K,1,saturday,43,0.022765189405704902,9
_K,1,saturday,44,0.022008707452498732,9
_K,1,saturday,45,0.021061847472569444,9
_K,1,saturday,46,0.020122189257141414,9
_K,1,saturday,47,0.019531974275828656,9
_K,1,saturday,48,0.01861261958000166,9
_K,1,sunday,1,0.018282329853148666,8
_K,1,sunday,2,0.01847590768316486,8
_K,1,sunday,3,0.018103493869442534,8
_K,1,sunday,4,0.0177213477368598,8
_K,1,sunday,5,0.01775797490286863,8
_K,1,sunday,6,0.01709381498201299,8
_K,1,sunday,7,0.016552571363219856,8
_K,1,sunday,8,0.016522032983238438,8
_K,1,sunday,9,0.01613937398998341,8
_K,1,sunday,10,0.01595480740419481,8
_K,1,sunday,11,0.01566750996685499,8
_K,1,sunday,12,0.015783774329929712,8
_K,1,sunday,13,0.016112421837583393,8
_K,1,sunday,14,0.01625048152322002,8
_K,1,sunday,15,0.016342810544191743,8
_K,1,sunday,16,0.016827635581420777,8
_K,1,sunday,17,0.018022505508632543,8
_K,1,sunday,18,0.018762949490950184,8
_K,1,sunday,19,0.0204293388032701,8
_K,1,sunday,20,0.021152724756951312,8
_K,1,sunday,21,0.022161919291504063,8
_K,1,sunday,22,0.022740147943685153,8
_K,1,sunday,23,0.023197910958298117,8
_K,1,sunday,24,0.023219486591259,8
_K,1,sunday,25,0.023332071976239606,8
_K,1,sunday,26,0.023419302733812014,8
_K,1,sunday,27,0.023213392117991085,8
_K,1,sunday,28,0.023557880630321198,8
_K,1,sunday,29,0.023700503876694902,8
_K,1,sunday,30,0.024212489158478165,8
_K,1,sunday,31,0.024352975597380384,8
_K,1,sunday,32,0.024773481895952527,8
_K,1,sunday,33,0.025009901440007903,8
_K,1,sunday,34,0.025468687640646984,8
_K,1,sunday,35,0.026082582914931485,8
_K,1,sunday,36,0.02644642127408138,8
_K,1,sunday,37,0.026551514889542258,8
_K,1,sunday,38,0.0263010735012049,8
_K,1,sunday,39,0.025689719612616388,8
_K,1,sunday,40,0.025050216997384637,8
_K,1,sunday,41,0.023938800306548786,8
_K,1,sunday,42,0.02286447297297357,8
_K,1,sunday,43,0.021783902484620917,8
_K,1,sunday,44,0.0204231518362157,8
_K,1,sunday,45,0.01987973596364345,8
_K,1,sunday,46,0.018918778987747784,8
_K,1,sunday,47,0.01833932074796907,8
_K,1,sunday,48,0.0174143485471098,8
_K,1,weekday,1,0.017121239551663517,45
_K,1,weekday,2,0.017209848175692207,45
_K,1,weekday,3,0.016995114462802483,45
_K,1,weekday,4,0.01678890837177646,45
_K,1,weekday,5,0.016586736721314325,45
_K,1,weekday,6,0.016356691074287305,45
_K,1,weekday,7,0.015956890041880386,45
_K,1,weekday,8,0.01565272684915297,45
_K,1,weekday,9,0.015368367692838253,45
_K,1,weekday,10,0.015261416589557323,45
_K,1,weekday,11,0.01538030174787733,45
_K,1,weekday,12,0.015875205816217847,45
_K,1,weekday,13,0.01702979757593231,45
_K,1,weekday,14,0.018478694240244727,45
_K,1,weekday,15,0.020210600099510482,45
_K,1,weekday,16,0.021378510211473092,45
_K,1,weekday,17,0.022557463390435076,45
_K,1,weekday,18,0.023090819398462706,45
_K,1,weekday,19,0.023616296899741596,45
_K,1,weekday,20,0.02353639638291654,45
_K,1,weekday,21,0.02304721787817669,45
_K,1,weekday,22,0.022597285068537195,45
_K,1,weekday,23,0.02215046238371769,45
_K,1,weekday,24,0.021751106036422344,45
_K,1,weekday,25,0.021925068888007784,45
_K,1,weekday,26,0.02176233713770973,45
_K,1,weekday,27,0.02163138726605816,45
_K,1,weekday,28,0.021628318677646724,45
_K,1,weekday,29,0.021859675369748817,45
_K,1,weekday,30,0.022190867756795043,45
_K,1,weekday,31,0.022823310836661066,45
_K,1,weekday,32,0.023718500646624938,45
_K,1,weekday,33,0.024455589360696212,45
_K,1,weekday,34,0.024728670594957394,45
_K,1,weekday,35,0.024766805415051354,45
_K,1,weekday,36,0.025193956520551865,45
_K,1,weekday,37,0.02547545269703373,45
_K,1,weekday,38,0.025467336068253923,45
_K,1,weekday,39,0.025054423028973045,45
_K,1,weekday,40,0.024993496220404213,45
_K,1,weekday,41,0.024428970553810953,45
_K,1,weekday,42,0.023727916058392588,45
_K,1,weekday,43,0.02271827135480816,45
_K,1,weekday,44,0.02167824917193017,45
_K,1,weekday,45,0.020617987386514314,45
_K,1,weekday,46,0.019431234255324052,45
_K,1,weekday,47,0.01822342998375422,45
_K,1,weekday,48,0.017500648089660696,45
_K,2,saturday,1,0.018281427802670454,8
_K,2,saturday,2,0.01860986901066419,8
_K,2,saturday,3,0.01839265701535912,8
_K,2,saturday,4,0.01839192552889612,8
_K,2,saturday,5,0.017740873168341307,8
_K,2,saturday,6,0.01715710133795381,8
_K,2,saturday,7,0.01707917921742147,8
_K,2,saturday,8,0.01700438609981662,8
_K,2,saturday,9,0.016658091753929388,8
_K,2,saturday,10,0.016714234068302306,8
_K,2,saturday,11,0.016562243882512775,8
_K,2,saturday,12,0.01657206564149442,8
_K,2,saturday,13,0.017794544697816803,8
_K,2,saturday,14,0.018946112126604697,8
_K,2,saturday,15,0.02006827094999591,8
_K,2,saturday,16,0.020892379792836632,8
_K,2,saturday,17,0.02211199809148325,8
_K,2,saturday,18,0.022400309255850938,8
_K,2,saturday,19,0.022604660923019812,8
_K,2,saturday,20,0.022043473802871656,8
_K,2,saturday,21,0.02123324975350156,8
_K,2,saturday,22,0.02082115185355124,8
_K,2,saturday,23,0.020255253190286628,8
_K,2,saturday,24,0.02019093336596268,8
_K,2,saturday,25,0.01994950352509934,8
_K,2,saturday,26,0.020188989209429672,8
_K,2,saturday,27,0.020153782618994948,8
_K,2,saturday,28,0.020164468877489013,8
_K,2,saturday,29,0.020025207793430352,8
_K,2,saturday,30,0.020644873522519955,8
_K,2,saturday,31,0.02166619518672979,8
_K,2,saturday,32,0.022694799602751614,8
_K,2,saturday,33,0.024091366867439883,8
_K,2,saturday,34,0.025105726162550596,8
_K,2,saturday,35,0.02610416395642822,8
_K,2,saturday,36,0.026789485099846286,8
_K,2,saturday,37,0.02733042681965961,8
_K,2,saturday,38,0.027528525110148704,8
_K,2,saturday,39,0.026823433473915692,8
_K,2,saturday,40,0.02593347105469594,8
_K,2,saturday,41,0.024765779432608163,8
_K,2,saturday,42,0.02384640868010375,8
_K,2,saturday,43,0.0228117549003898,8
_K,2,saturday,44,0.02141056931575139,8
_K,2,saturday,45,0.02014886834677081,8
_K,2,saturday,46,0.018854360966632164,8
_K,2,saturday,47,0.017650637057263767,8
_K,2,saturday,48,0.01679081008820675,8
_K,2,sunday,1,0.01808199106008853,8
_K,2,sunday,2,0.018189873362383605,8
_K,2,sunday,3,0.01756320781339261,8
_K,2,sunday,4,0.017304399398327047,8
_K,2,sunday,5,0.016569485205995837,8
_K,2,sunday,6,0.016230513999230405,8
_K,2,sunday,7,0.01598281428429116,8
_K,2,sunday,8,0.01599332718680035,8
_K,2,sunday,9,0.01581503956659914,8
_K,2,sunday,10,0.015896798002300785,8
_K,2,sunday,11,0.01587649633431177,8
_K,2,sunday,12,0.016099583081440244,8
_K,2,sunday,13,0.016699445889969376,8
_K,2,sunday,14,0.01743347176938066,8
_K,2,sunday,15,0.018092645517735748,8
_K,2,sunday,16,0.018637940921566058,8
_K,2,sunday,17,0.019952739244488683,8
_K,2,sunday,18,0.02082070917070977,8
_K,2,sunday,19,0.0216091320546085,8
_K,2,sunday,20,0.02204611565752399,8
_K,2,sunday,21,0.022763932367669514,8
_K,2,sunday,22,0.022931266265152687,8
_K,2,sunday,23,0.022577431972884174,8
_K,2,sunday,24,0.022303518383941713,8
_K,2,sunday,25,0.022486451971747753,8
_K,2,sunday,26,0.02301347341977751,8
_K,2,sunday,27,0.022994598161114124,8
_K,2,sunday,28,0.022771512383145596,8
_K,2,sunday,29,0.022614986684035582,8
_K,2,sunday,30,0.022637139272880264,8
_K,2,sunday,31,0.022977498491953935,8
_K,2,sunday,32,0.023692509205026024,8
_K,2,sunday,33,0.024533529288754446,8
_K,2,sunday,34,0.024980474764166507,8
_K,2,sunday,35,0.025832244519746063,8
_K,2,sunday,36,0.02659110216460252,8
_K,2,sunday,37,0.02667074796585531,8
_K,2,sunday,38,0.026629662466539205,8
_K,2,sunday,39,0.025741157144652124,8
_K,2,sunday,40,0.02470293978207025,8
_K,2,sunday,41,0.023828765615486257,8
_K,2,sunday,42,0.02311479850162083,8
_K,2,sunday,43,0.02220796248057788,8
_K,2,sunday,44,0.021261315307444927,8
_K,2,sunday,45,0.020244968277048872,8
_K,2,sunday,46,0.019288706732640083,8
_K,2,sunday,47,0.018334880055083963,8
_K,2,sunday,48,0.0173766968332376,8
_K,2,weekday,1,0.01742332585925315,40
_K,2,weekday,2,0.017534929938922326,40
_K,2,weekday,3,0.017346938761965316,40
_K,2,weekday,4,0.01706982041293316,40
_K,2,weekday,5,0.016838042223842935,40
_K,2,weekday,6,0.01656486631945745,40
_K,2,weekday,7,0.016085136563085044,40
_K,2,weekday,8,0.015836818492683244,40
_K,2,weekday,9,0.015526635246078247,40
_K,2,weekday,10,0.015417359460241514,40
_K,2,weekday,11,0.015402839291346851,40
_K,2,weekday,12,0.01596690718491763,40
_K,2,weekday,13,0.017413015391970127,40
_K,2,weekday,14,0.018982448907571704,40
_K,2,weekday,15,0.020865010754194176,40
_K,2,weekday,16,0.02207298230813714,40
_K,2,weekday,17,0.023290971802931628,40
_K,2,weekday,18,0.02345838892600122,40
_K,2,weekday,19,0.02369645731360289,40
_K,2,weekday,20,0.023309149959937398,40
_K,2,weekday,21,0.02278881135239038,40
_K,2,weekday,22,0.022198948445364672,40
_K,2,weekday,23,0.02188993836575901,40
_K,2,weekday,24,0.021658942972546148,40
_K,2,weekday,25,0.021405005693169752,40
_K,2,weekday,26,0.021293788538436685,40
_K,2,weekday,27,0.020945746817719928,40
_K,2,weekday,28,0.020886813576474348,40
_K,2,weekday,29,0.02086221809553473,40
_K,2,weekday,30,0.02126470260618733,40
_K,2,weekday,31,0.021556691185689,40
_K,2,weekday,32,0.02252549880365689,40
_K,2,weekday,33,0.02351201377784561,40
_K,2,weekday,34,0.024260238761734946,40
_K,2,weekday,35,0.02485607493255615,40
_K,2,weekday,36,0.025419033583872135,40
_K,2,weekday,37,0.02588246414040052,40
_K,2,weekday,38,0.026012014848739544,40
_K,2,weekday,39,0.025883012281853718,40
_K,2,weekday,40,0.025744664242440755,40
_K,2,weekday,41,0.024941630918171833,40
_K,2,weekday,42,0.0240368201813084,40
_K,2,weekday,43,0.02275178683062601,40
_K,2,weekday,44,0.021517987881763873,40
_K,2,weekday,45,0.02040217142824373,40
_K,2,weekday,46,0.019350335783073276,40
_K,2,weekday,47,0.018361779359854623,40
_K,2,weekday,48,0.01768881947551288,40
_K,3,saturday,1,0.021908914806156886,9
_K,3,saturday,2,0.022515514514167057,9
_K,3,saturday,3,0.022354634949485926,9
_K,3,saturday,4,0.021940505928464277,9
_K,3,saturday,5,0.02183204870264697,9
_K,3,saturday,6,0.02138975272143499,9
_K,3,saturday,7,0.020808243553230927,9
_K,3,saturday,8,0.02046404575941508,9
_K,3,saturday,9,0.020103549048569237,9
_K,3,saturday,10,0.020023747094487912,9
_K,3,saturday,11,0.019885122675833436,9
_K,3,saturday,12,0.01980240253392545,9
_K,3,saturday,13,0.02039652054771927,9
_K,3,saturday,14,0.020644400943071992,9
_K,3,saturday,15,0.020871012724357128,9
_K,3,saturday,16,0.020529547132735856,9
_K,3,saturday,17,0.02005307143115681,9
_K,3,saturday,18,0.019005892043762473,9
_K,3,saturday,19,0.017542123838568072,9
_K,3,saturday,20,0.0162122894042179,9
_K,3,saturday,21,0.015382252023734173,9
_K,3,saturday,22,0.014885497555389756,9
_K,3,saturday,23,0.013677931041181628,9
_K,3,saturday,24,0.0137095587032125,9
_K,3,saturday,25,0.0138033161731919,9
_K,3,saturday,26,0.013533348367513031,9
_K,3,saturday,27,0.013760491893553247,9
_K,3,saturday,28,0.014063904456651951,9
_K,3,saturday,29,0.014736088245039393,9
_K,3,saturday,30,0.01564207870893056,9
_K,3,saturday,31,0.016849584024509742,9
_K,3,saturday,32,0.018420160822788828,9
_K,3,saturday,33,0.020525376410140364,9
_K,3,saturday,34,0.02278222665786483,9
_K,3,saturday,35,0.025375694501591033,9
_K,3,saturday,36,0.02676963077640207,9
_K,3,saturday,37,0.028460506806995578,9
_K,3,saturday,38,0.029552499548589486,9
_K,3,saturday,39,0.029548735774672947,9
_K,3,saturday,40,0.02902859631816825,9
_K,3,saturday,41,0.02828834280159091,9
_K,3,saturday,42,0.02761806745017716,9
_K,3,saturday,43,0.026916186328426468,9
_K,3,saturday,44,0.025839001634741836,9
_K,3,saturday,45,0.024835866480934624,9
_K,3,saturday,46,0.023996203206769897,9
_K,3,saturday,47,0.022419919427402207,9
_K,3,saturday,48,0.02129559350642799,9
_K,3,sunday,1,0.020429592966701788,10
_K,3,sunday,2,0.020762636570917918,10
_K,3,sunday,3,0.020456455465833807,10
_K,3,sunday,4,0.020174125665623474,10
_K,3,sunday,5,0.019889351540345046,10
_K,3,sunday,6,0.019719144603217192,10
_K,3,sunday,7,0.01909261207535864,10
_K,3,sunday,8,0.01897377874526243,10
_K,3,sunday,9,0.018699438564736652,10
_K,3,sunday,10,0.018466305501356722,10
_K,3,sunday,11,0.018413045824510997,10
_K,3,sunday,12,0.0185546535762063,10
_K,3,sunday,13,0.018733314612891083,10
_K,3,sunday,14,0.01919943872424749,10
_K,3,sunday,15,0.019570852204968285,10
_K,3,sunday,16,0.019743766545331255,10
_K,3,sunday,17,0.01968246288278504,10
_K,3,sunday,18,0.01948929107641485,10
_K,3,sunday,19,0.018630341013461626,10
_K,3,sunday,20,0.018126628578159977,10
_K,3,sunday,21,0.01735882962844131,10
_K,3,sunday,22,0.017046900090575717,10
_K,3,sunday,23,0.017194547916930134,10
_K,3,sunday,24,0.017042975414769068,10
_K,3,sunday,25,0.01724087187759151,10
_K,3,sunday,26,0.01740425911560233,10
_K,3,sunday,27,0.01754248097063019,10
_K,3,sunday,28,0.017594464594249872,10
_K,3,sunday,29,0.018021069601752673,10
_K,3,sunday,30,0.018630683684932807,10
_K,3,sunday,31,0.01949953604462642,10
_K,3,sunday,32,0.0210290504362885,10
_K,3,sunday,33,0.022805438209264794,10
_K,3,sunday,34,0.024530208934799767,10
_K,3,sunday,35,0.026178313887894673,10
_K,3,sunday,36,0.02735296877722572,10
_K,3,sunday,37,0.02805273691182138,10
_K,3,sunday,38,0.02889147878655467,10
_K,3,sunday,39,0.02854830883595116,10
_K,3,sunday,40,0.028072392941298478,10
_K,3,sunday,41,0.026506282916073227,10
_K,3,sunday,42,0.02568071573929809,10
_K,3,sunday,43,0.024797486841180646,10
_K,3,sunday,44,0.02360284229950544,10
_K,3,sunday,45,0.02248751436397318,10
_K,3,sunday,46,0.02143306970262098,10
_K,3,sunday,47,0.01953937177054161,8
_K,3,sunday,48,0.01910796296727501,8
_K,3,weekday,1,0.018730158305478164,43
_K,3,weekday,2,0.01896480827446379,43
_K,3,weekday,3,0.01885781423853097,43
_K,3,weekday,4,0.01857977454488796,43
_K,3,weekday,5,0.018291047673234643,43
_K,3,weekday,6,0.018080001259348367,43
_K,3,weekday,7,0.017638481670575423,43
_K,3,weekday,8,0.01742941082051794,43
_K,3,weekday,9,0.017226787356424283,43
_K,3,weekday,10,0.017333219739277428,43
_K,3,weekday,11,0.017540987571400244,43
_K,3,weekday,12,0.018204748149666262,43
_K,3,weekday,13,0.019976546397229126,43
_K,3,weekday,14,0.02121656879138554,43
_K,3,weekday,15,0.023019288287295787,43
_K,3,weekday,16,0.02340436490725216,43
_K,3,weekday,17,0.023580309081792605,43
_K,3,weekday,18,0.02259676605655915,43
_K,3,weekday,19,0.021584726617768852,43
_K,3,weekday,20,0.020381621995968966,43
_K,3,weekday,21,0.019128581057259456,43
_K,3,weekday,22,0.01814022624914979,43
_K,3,weekday,23,0.017228838143102967,43
_K,3,weekday,24,0.016894884981612082,43
_K,3,weekday,25,0.016951386703598824,43
_K,3,weekday,26,0.01691923481425682,43
_K,3,weekday,27,0.016794568757154394,43
_K,3,weekday,28,0.016857278136447062,43
_K,3,weekday,29,0.017322293139895414,43
_K,3,weekday,30,0.017861611513646024,43
_K,3,weekday,31,0.018473611207720078,43
_K,3,weekday,32,0.020066114373300845,43
_K,3,weekday,33,0.021902009138097644,43
_K,3,weekday,34,0.023716870757014976,43
_K,3,weekday,35,0.025063464367634087,43
_K,3,weekday,36,0.026499191303404678,43
_K,3,weekday,37,0.027293391479966532,43
_K,3,weekday,38,0.02797988387318703,43
_K,3,weekday,39,0.02838272994054789,43
_K,3,weekday,40,0.028163870655620128,43
_K,3,weekday,41,0.027418781109422977,43
_K,3,weekday,42,0.026470593921014047,43
_K,3,weekday,43,0.025179190183189183,43
_K,3,weekday,44,0.02378641588226282,43
_K,3,weekday,45,0.022475716427590185,43
_K,3,weekday,46,0.021263487949107398,43
_K,3,weekday,47,0.01994891686247674,43
_K,3,weekday,48,0.019179425333262258,43
_K,4,saturday,1,0.023184481143096576,8
_K,4,saturday,2,0.022409588462473436,8
_K,4,saturday,3,0.022328557433603954,8
_K,4,saturday,4,0.022669616660443218,8
_K,4,saturday,5,0.022480354647333667,8
_K,4,saturday,6,0.022225096474618056,8
_K,4,saturday,7,0.02143177103545853,8
_K,4,saturday,8,0.02103246637071142,8
_K,4,saturday,9,0.02097747154425478,8
_K,4,saturday,10,0.021087927214178428,8
_K,4,saturday,11,0.020859268945492372,8
_K,4,saturday,12,0.020801058322682087,8
_K,4,saturday,13,0.022087124018660635,8
_K,4,saturday,14,0.02232225286846119,8
_K,4,saturday,15,0.024109972685194977,8
_K,4,saturday,16,0.02384411035956361,8
_K,4,saturday,17,0.02342408016562391,8
_K,4,saturday,18,0.021082399388439383,8
_K,4,saturday,19,0.01943062872349743,8
_K,4,saturday,20,0.01727502654031025,8
_K,4,saturday,21,0.016095576034867,8
_K,4,saturday,22,0.014897490741990477,8
_K,4,saturday,23,0.012866034572486038,8
_K,4,saturday,24,0.012213186236552853,8
_K,4,saturday,25,0.0123698131832525,8
_K,4,saturday,26,0.011870472289594229,8
_K,4,saturday,27,0.012027877765863351,8
_K,4,saturday,28,0.012308176978042982,8
_K,4,saturday,29,0.011767269846075316,8
_K,4,saturday,30,0.01184276467462078,8
_K,4,saturday,31,0.011886915381026278,8
_K,4,saturday,32,0.012348263169810967,8
_K,4,saturday,33,0.01518482222086077,8
_K,4,saturday,34,0.018408268947074237,8
_K,4,saturday,35,0.021815503222877664,8
_K,4,saturday,36,0.024083016870731923,8
_K,4,saturday,37,0.02676320975133875,8
_K,4,saturday,38,0.029064343829959188,8
_K,4,saturday,39,0.030209803391540804,8
_K,4,saturday,40,0.030347811710458812,8
_K,4,saturday,41,0.03031532964333265,8
_K,4,saturday,42,0.030131951575004128,8
_K,4,saturday,43,0.029251424494324135,8
_K,4,saturday,44,0.028493554134488442,8
_K,4,saturday,45,0.026647067576460313,8
_K,4,saturday,46,0.025249272086596327,8
_K,4,saturday,47,0.023954061493503605,8
_K,4,saturday,48,0.02252346517316755,8
_K,4,sunday,1,0.020651723315405223,8
_K,4,sunday,2,0.020623582292001747,8
_K,4,sunday,3,0.020285459985328023,8
_K,4,sunday,4,0.020694651432540345,8
_K,4,sunday,5,0.02102973490992668,8
_K,4,sunday,6,0.02064085662726539,8
_K,4,sunday,7,0.020145039885121254,8
_K,4,sunday,8,0.019696332668659645,8
_K,4,sunday,9,0.01942539932664881,8
_K,4,sunday,10,0.01954578142203981,8
_K,4,sunday,11,0.019039111221258006,8
_K,4,sunday,12,0.019235186860289234,8
_K,4,sunday,13,0.020000433398347776,8
_K,4,sunday,14,0.020200339722591387,8
_K,4,sunday,15,0.020656777772685108,8
_K,4,sunday,16,0.02070064573320213,8
_K,4,sunday,17,0.02072705714606248,8
_K,4,sunday,18,0.01894847028035592,8
_K,4,sunday,19,0.01849507908616857,8
_K,4,sunday,20,0.017275727632075435,8
_K,4,sunday,21,0.01566492761609542,8
_K,4,sunday,22,0.013671791233783488,8
_K,4,sunday,23,0.01287465747951043,8
_K,4,sunday,24,0.012079899477620523,8
_K,4,sunday,25,0.01208516529137353,8
_K,4,sunday,26,0.011723126117878114,8
_K,4,sunday,27,0.010822344727561188,8
_K,4,sunday,28,0.010499909113932893,8
_K,4,sunday,29,0.010772587312972079,8
_K,4,sunday,30,0.010649641378044845,8
_K,4,sunday,31,0.01130029924521182,8
_K,4,sunday,32,0.012832109524680543,8
_K,4,sunday,33,0.015018604431124221,8
_K,4,sunday,34,0.01759924716686582,8
_K,4,sunday,35,0.021342519772590756,8
_K,4,sunday,36,0.024218566171417273,8
_K,4,sunday,37,0.02734096512558931,8
_K,4,sunday,38,0.03015508532176463,8
_K,4,sunday,39,0.03236499001350296,8
_K,4,sunday,40,0.0336997722534587,8
_K,4,sunday,41,0.03473216224264646,8
_K,4,sunday,42,0.03492815338761544,8
_K,4,sunday,43,0.03445229677381596,8
_K,4,sunday,44,0.03335189170201934,8
_K,4,sunday,45,0.03183524208365444,8
_K,4,sunday,46,0.030629392302037508,8
_K,4,sunday,47,0.028351853456782657,8
_K,4,sunday,48,0.026985408558476698,8
_K,4,weekday,1,0.021980626120280487,44
_K,4,weekday,2,0.0218290767092691,44
_K,4,weekday,3,0.02174878713801388,44
_K,4,weekday,4,0.021932148614998634,44
_K,4,weekday,5,0.02175917948443308,44
_K,4,weekday,6,0.021302311909518066,44
_K,4,weekday,7,0.020793785240161292,44
_K,4,weekday,8,0.020397323365456962,44
_K,4,weekday,9,0.020085999462717323,44
_K,4,weekday,10,0.019954683859486653,44
_K,4,weekday,11,0.019968614254849956,44
_K,4,weekday,12,0.020415588646688285,44
_K,4,weekday,13,0.022021790696408597,44
_K,4,weekday,14,0.023083618679928197,44
_K,4,weekday,15,0.02502713779281198,44
_K,4,weekday,16,0.025317793038820282,44
_K,4,weekday,17,0.025180856903037084,44
_K,4,weekday,18,0.023720910109101732,44
_K,4,weekday,19,0.022236675860640584,44
_K,4,weekday,20,0.020317613221661868,44
_K,4,weekday,21,0.01834024540227672,44
_K,4,weekday,22,0.01682717220640053,44
_K,4,weekday,23,0.015151468845115144,44
_K,4,weekday,24,0.01407897171902467,44
_K,4,weekday,25,0.01340413237383923,44
_K,4,weekday,26,0.012769795833483661,44
_K,4,weekday,27,0.011867531359253636,44
_K,4,weekday,28,0.0112768140398005,44
_K,4,weekday,29,0.011109816499532259,44
_K,4,weekday,30,0.01142974491177562,44
_K,4,weekday,31,0.011986278104037178,44
_K,4,weekday,32,0.013637562046497104,44
_K,4,weekday,33,0.01583653097671421,44
_K,4,weekday,34,0.018354302149294774,44
_K,4,weekday,35,0.02026603696233243,44
_K,4,weekday,36,0.022891181236438116,44
_K,4,weekday,37,0.025009902915550754,44
_K,4,weekday,38,0.0268773452113347,44
_K,4,weekday,39,0.028113976382369933,44
_K,4,weekday,40,0.02942374432123296,44
_K,4,weekday,41,0.02990388003478868,44
_K,4,weekday,42,0.02981230124060331,44
_K,4,weekday,43,0.029056245195429983,44
_K,4,weekday,44,0.027844448785989902,44
_K,4,weekday,45,0.02615938747960479,44
_K,4,weekday,46,0.024596016528777243,44
_K,4,weekday,47,0.02294981978662004,44
_K,4,weekday,48,0.0219508263435979,44
_K,5,saturday,1,0.026536039805012707,10
_K,5,saturday,2,0.02567992477649403,10
_K,5,saturday,3,0.02522725144001884,10
_K,5,saturday,4,0.02504755581541729,10
_K,5,saturday,5,0.024244244691489985,10
_K,5,saturday,6,0.024207378820470145,10
_K,5,saturday,7,0.023792114411274323,10
_K,5,saturday,8,0.023428158120907528,10
_K,5,saturday,9,0.022976690335457923,10
_K,5,saturday,10,0.02264728548656468,10
_K,5,saturday,11,0.022808124875466452,10
_K,5,saturday,12,0.022542277163028247,10
_K,5,saturday,13,0.022554176729652035,10
_K,5,saturday,14,0.02267613076363037,10
_K,5,saturday,15,0.022803064058238957,10
_K,5,saturday,16,0.022184675597425443,10
_K,5,saturday,17,0.021864645978083106,10
_K,5,saturday,18,0.02115658229439544,10
_K,5,saturday,19,0.020264925101035974,10
_K,5,saturday,20,0.01867280418082624,10
_K,5,saturday,21,0.01675289017444626,10
_K,5,saturday,22,0.015402694521498167,10
_K,5,saturday,23,0.013842937336623364,10
_K,5,saturday,24,0.012853984439621286,10
_K,5,saturday,25,0.011613520336179631,10
_K,5,saturday,26,0.010893868655059914,10
_K,5,saturday,27,0.010708199736671118,10
_K,5,saturday,28,0.010169837569623927,10
_K,5,saturday,29,0.010428333131675013,10
_K,5,saturday,30,0.011311716261714741,10
_K,5,saturday,31,0.012475973754082657,10
_K,5,saturday,32,0.013309605689488052,10
_K,5,saturday,33,0.01556707359548839,10
_K,5,saturday,34,0.01760790269014636,10
_K,5,saturday,35,0.019740720296544747,10
_K,5,saturday,36,0.022406131555364323,10
_K,5,saturday,37,0.02443040384562819,10
_K,5,saturday,38,0.02572942852310963,10
_K,5,saturday,39,0.02659198291342401,10
_K,5,saturday,40,0.026628354985416963,10
_K,5,saturday,41,0.027152915955383362,10
_K,5,saturday,42,0.027322660028244093,10
_K,5,saturday,43,0.027884066653100097,10
_K,5,saturday,44,0.027558109298892595,10
_K,5,saturday,45,0.02686321299780333,10
_K,5,saturday,46,0.025884859923338506,10
_K,5,saturday,47,0.02413688680403526,10
_K,5,saturday,48,0.02341767788250632,10
_K,5,sunday,1,0.024465238716119237,9
_K,5,sunday,2,0.023756993091752016,9
_K,5,sunday,3,0.023708298284504107,9
_K,5,sunday,4,0.023760536818707944,9
_K,5,sunday,5,0.023151865572828605,9
_K,5,sunday,6,0.02228897864690107,9
_K,5,sunday,7,0.021702991789624093,9
_K,5,sunday,8,0.02146523424857138,9
_K,5,sunday,9,0.020982565053793017,9
_K,5,sunday,10,0.02075145357342069,9
_K,5,sunday,11,0.020662320777911556,9
_K,5,sunday,12,0.020369689253348654,9
_K,5,sunday,13,0.020553482781100172,9
_K,5,sunday,14,0.02075490571366985,9
_K,5,sunday,15,0.02033143832910792,9
_K,5,sunday,16,0.01966976258059612,9
_K,5,sunday,17,0.01865782200285723,9
_K,5,sunday,18,0.01828016679728898,9
_K,5,sunday,19,0.017812612181642394,9
_K,5,sunday,20,0.017353255185021572,9
_K,5,sunday,21,0.016381348010718586,9
_K,5,sunday,22,0.015009027035327051,9
_K,5,sunday,23,0.013973242677833765,9
_K,5,sunday,24,0.01317750613871612,9
_K,5,sunday,25,0.012214947550223168,9
_K,5,sunday,26,0.012373468251278018,9
_K,5,sunday,27,0.012131700230227036,9
_K,5,sunday,28,0.011428423928430296,9
_K,5,sunday,29,0.01142414394662609,9
_K,5,sunday,30,0.0118141031295489,9
_K,5,sunday,31,0.01185274453283671,9
_K,5,sunday,32,0.0129997345399114,9
_K,5,sunday,33,0.014321981571074612,9
_K,5,sunday,34,0.01671569353793231,9
_K,5,sunday,35,0.019950308696992287,9
_K,5,sunday,36,0.022776303382813938,9
_K,5,sunday,37,0.025368684561911096,9
_K,5,sunday,38,0.027160148735537983,9
_K,5,sunday,39,0.0288978619771214,9
_K,5,sunday,40,0.029835397726751176,9
_K,5,sunday,41,0.031739321340595525,9
_K,5,sunday,42,0.031056695443726745,9
_K,5,sunday,43,0.031045588830492785,9
_K,5,sunday,44,0.031016508011621202,9
_K,5,sunday,45,0.030791359595864803,9
_K,5,sunday,46,0.029882152892449346,9
_K,5,sunday,47,0.027145034854560095,9
_K,5,sunday,48,0.027036957470110937,9
_K,5,weekday,1,0.02180100985962932,43
_K,5,weekday,2,0.0215111684774407,43
_K,5,weekday,3,0.021266038823915753,43
_K,5,weekday,4,0.02114845795219721,43
_K,5,weekday,5,0.02091073708121678,43
_K,5,weekday,6,0.02055884778489866,43
_K,5,weekday,7,0.020174154974087623,43
_K,5,weekday,8,0.02000382490837095,43
_K,5,weekday,9,0.019597594981905886,43
_K,5,weekday,10,0.019624176373411108,43
_K,5,weekday,11,0.019910532261009726,43
_K,5,weekday,12,0.0200828085440243,43
_K,5,weekday,13,0.02148689722343106,43
_K,5,weekday,14,0.022332490576369636,43
_K,5,weekday,15,0.023649113475005305,43
_K,5,weekday,16,0.023458137950920218,43
_K,5,weekday,17,0.023278292409788872,43
_K,5,weekday,18,0.022045387418277423,43
_K,5,weekday,19,0.021054530942247306,43
_K,5,weekday,20,0.019822947614690303,43
_K,5,weekday,21,0.018425125138918207,43
_K,5,weekday,22,0.017412878809675854,43
_K,5,weekday,23,0.016461244759117668,43
_K,5,weekday,24,0.016060363077075968,43
_K,5,weekday,25,0.01563869260896684,43
_K,5,weekday,26,0.015185528323022978,43
_K,5,weekday,27,0.01440137759631645,43
_K,5,weekday,28,0.013953493925136085,43
_K,5,weekday,29,0.013447618155067865,43
_K,5,weekday,30,0.01336165813549287,43
_K,5,weekday,31,0.013747233762885086,43
_K,5,weekday,32,0.014987967798313585,43
_K,5,weekday,33,0.016642441087820994,43
_K,5,weekday,34,0.018475226384887255,43
_K,5,weekday,35,0.020253724368648873,43
_K,5,weekday,36,0.022454756321640467,43
_K,5,weekday,37,0.02423574397758619,43
_K,5,weekday,38,0.025807563035588624,43
_K,5,weekday,39,0.026755324725672835,43
_K,5,weekday,40,0.027613976075206697,43
_K,5,weekday,41,0.028111794506537426,43
_K,5,weekday,42,0.02808521386558306,43
_K,5,weekday,43,0.028354573637150625,43
_K,5,weekday,44,0.02781363314784329,43
_K,5,weekday,45,0.026857825808432097,43
_K,5,weekday,46,0.025481211581956917,43
_K,5,weekday,47,0.023636018528924684,43
_K,5,weekday,48,0.022620641223692384,43
_K,6,saturday,1,0.024326953244318675,8
_K,6,saturday,2,0.024047209379599418,8
_K,6,saturday,3,0.02382357072834208,8
_K,6,saturday,4,0.022886736355124074,8
_K,6,saturday,5,0.022583371027668126,8
_K,6,saturday,6,0.02234760383883984,8
_K,6,saturday,7,0.02164060501837217,8
_K,6,saturday,8,0.02101884359090807,8
_K,6,saturday,9,0.0203681442152007,8
_K,6,saturday,10,0.020728423101903422,8
_K,6,saturday,11,0.02020011557260447,8
_K,6,saturday,12,0.02005551407034585,8
_K,6,saturday,13,0.02083397357228948,8
_K,6,saturday,14,0.02058302780226926,8
_K,6,saturday,15,0.020768094113193105,8
_K,6,saturday,16,0.02095927657301519,8
_K,6,saturday,17,0.021395746728047924,8
_K,6,saturday,18,0.020962161941433355,8
_K,6,saturday,19,0.02107220964949321,8
_K,6,saturday,20,0.020214137350200386,8
_K,6,saturday,21,0.01872946750336374,8
_K,6,saturday,22,0.017711203838941682,8
_K,6,saturday,23,0.016743995042182536,8
_K,6,saturday,24,0.016593202392574655,8
_K,6,saturday,25,0.015922709485909913,8
_K,6,saturday,26,0.015416449605218013,8
_K,6,saturday,27,0.013288987773900102,8
_K,6,saturday,28,0.012071154621793567,8
_K,6,saturday,29,0.01208050484101498,8
_K,6,saturday,30,0.012255355558934786,8
_K,6,saturday,31,0.012734313030273904,8
_K,6,saturday,32,0.013088448762420156,8
_K,6,saturday,33,0.014928087626345619,8
_K,6,saturday,34,0.017191101337655005,8
_K,6,saturday,35,0.019699738413023634,8
_K,6,saturday,36,0.022020964568335667,8
_K,6,saturday,37,0.02381969296267949,8
_K,6,saturday,38,0.025270534985726324,8
_K,6,saturday,39,0.026283021492235846,8
_K,6,saturday,40,0.02719153637498019,8
_K,6,saturday,41,0.02780888833006219,8
_K,6,saturday,42,0.028037773481573353,8
_K,6,saturday,43,0.027361104543678714,8
_K,6,saturday,44,0.027282123801782777,8
_K,6,saturday,45,0.027398833415650956,8
_K,6,saturday,46,0.02651874383290187,8
_K,6,saturday,47,0.026122545542673303,8
_K,6,saturday,48,0.025613798960998194,8
_K,6,sunday,1,0.025602967940673908,9
_K,6,sunday,2,0.024929085897775954,9
_K,6,sunday,3,0.023912422837083506,9
_K,6,sunday,4,0.023343413568494793,9
_K,6,sunday,5,0.022917031637189198,9
_K,6,sunday,6,0.0224710503534667,9
_K,6,sunday,7,0.02185975530741912,9
_K,6,sunday,8,0.021567607870020263,9
_K,6,sunday,9,0.021355134994578716,9
_K,6,sunday,10,0.021060324449978147,9
_K,6,sunday,11,0.02076439311942767,9
_K,6,sunday,12,0.020497776899468845,9
_K,6,sunday,13,0.02056240934939849,9
_K,6,sunday,14,0.019907492905354353,9
_K,6,sunday,15,0.01991981488677327,9
_K,6,sunday,16,0.019698924429049497,9
_K,6,sunday,17,0.019823080732542655,9
_K,6,sunday,18,0.018571353537532486,9
_K,6,sunday,19,0.017484391049851822,9
_K,6,sunday,20,0.016241992385452937,9
_K,6,sunday,21,0.014964254866870856,9
_K,6,sunday,22,0.013745115816313587,9
_K,6,sunday,23,0.013258308101207704,9
_K,6,sunday,24,0.012585169427092584,9
_K,6,sunday,25,0.012086348267812248,9
_K,6,sunday,26,0.011293821455193044,9
_K,6,sunday,27,0.010860845566665882,9
_K,6,sunday,28,0.011196143299936885,9
_K,6,sunday,29,0.011834014792160666,9
_K,6,sunday,30,0.012802767944210466,9
_K,6,sunday,31,0.013005356702398854,9
_K,6,sunday,32,0.01397809410555857,9
_K,6,sunday,33,0.01678468161628258,9
_K,6,sunday,34,0.01859150837191013,9
_K,6,sunday,35,0.021405216374921723,9
_K,6,sunday,36,0.02409262015631736,9
_K,6,sunday,37,0.02631411974466289,9
_K,6,sunday,38,0.02798078911234459,9
_K,6,sunday,39,0.02996858782745221,9
_K,6,sunday,40,0.03029240925684222,9
_K,6,sunday,41,0.03097154850039141,9
_K,6,sunday,42,0.030332541404165598,9
_K,6,sunday,43,0.029466438785882627,9
_K,6,sunday,44,0.028764804507586242,9
_K,6,sunday,45,0.029282326644595444,9
_K,6,sunday,46,0.02847039149841765,9
_K,6,sunday,47,0.027135646848263653,9
_K,6,sunday,48,0.02604570485300998,9
_K,6,weekday,1,0.02214462544041199,43
_K,6,weekday,2,0.021707026978652805,43
_K,6,weekday,3,0.0215318694752358,43
_K,6,weekday,4,0.02132064401636161,43
_K,6,weekday,5,0.020968791048836057,43
_K,6,weekday,6,0.020421949947725046,43
_K,6,weekday,7,0.019886078257584434,43
_K,6,weekday,8,0.019661123453364272,43
_K,6,weekday,9,0.019387524916793405,43
_K,6,weekday,10,0.019246185918631652,43
_K,6,weekday,11,0.01924832093160322,43
_K,6,weekday,12,0.019367044734901005,43
_K,6,weekday,13,0.02078220166739936,43
_K,6,weekday,14,0.02184732030861278,43
_K,6,weekday,15,0.023687957873330646,43
_K,6,weekday,16,0.02386442444860269,43
_K,6,weekday,17,0.024112002753155785,43
_K,6,weekday,18,0.023276401868661364,43
_K,6,weekday,19,0.022410732194428924,43
_K,6,weekday,20,0.020877481280647432,43
_K,6,weekday,21,0.019681370122440613,43
_K,6,weekday,22,0.01859345068350455,43
_K,6,weekday,23,0.01739580736856247,43
_K,6,weekday,24,0.016751705845460273,43
_K,6,weekday,25,0.01616433565232024,43
_K,6,weekday,26,0.015181987695466139,43
_K,6,weekday,27,0.014351405548184577,43
_K,6,weekday,28,0.013883942074883953,43
_K,6,weekday,29,0.013638290497112326,43
_K,6,weekday,30,0.013855719885929594,43
_K,6,weekday,31,0.014191471752543507,43
_K,6,weekday,32,0.015101683664922885,43
_K,6,weekday,33,0.01679703594865848,43
_K,6,weekday,34,0.018675802167884007,43
_K,6,weekday,35,0.020096085693186428,43
_K,6,weekday,36,0.021877876120596215,43
_K,6,weekday,37,0.0232399156163767,43
_K,6,weekday,38,0.024730191047425458,43
_K,6,weekday,39,0.025692643179789327,43
_K,6,weekday,40,0.02691431739450501,43
_K,6,weekday,41,0.02723823437999135,43
_K,6,weekday,42,0.027368335315413155,43
_K,6,weekday,43,0.027423993811463192,43
_K,6,weekday,44,0.02671945718941327,43
_K,6,weekday,45,0.02637872822524085,43
_K,6,weekday,46,0.025281263740543184,43
_K,6,weekday,47,0.024037881195530967,43
_K,6,weekday,48,0.022987360667710992,43
_K,7,saturday,1,0.024981498850793326,8
_K,7,saturday,2,0.024548874737368415,8
_K,7,saturday,3,0.024174035609942503,8
_K,7,saturday,4,0.02454045467005601,8
_K,7,saturday,5,0.023991897054727034,8
_K,7,saturday,6,0.023760595226308585,8
_K,7,saturday,7,0.023137072910428814,8
_K,7,saturday,8,0.022705153821273118,8
_K,7,saturday,9,0.022650381405619674,8
_K,7,saturday,10,0.022531467422254238,8
_K,7,saturday,11,0.022128997581321353,8
_K,7,saturday,12,0.021883308613779316,8
_K,7,saturday,13,0.022582395529841006,8
_K,7,saturday,14,0.022416342628133818,8
_K,7,saturday,15,0.022905092156015928,8
_K,7,saturday,16,0.02266106312189419,8
_K,7,saturday,17,0.02205275816936505,8
_K,7,saturday,18,0.021240164593487196,8
_K,7,saturday,19,0.020079048431431448,8
_K,7,saturday,20,0.018499422935209158,8
_K,7,saturday,21,0.016740736350696284,8
_K,7,saturday,22,0.015033864175850885,8
_K,7,saturday,23,0.013787239305785917,8
_K,7,saturday,24,0.012419803437088544,8
_K,7,saturday,25,0.011809672476048269,8
_K,7,saturday,26,0.011094949411066892,8
_K,7,saturday,27,0.010608445579263891,8
_K,7,saturday,28,0.010441602199650544,8
_K,7,saturday,29,0.010912726243455398,8
_K,7,saturday,30,0.01063841656577258,8
_K,7,saturday,31,0.011380770522088477,8
_K,7,saturday,32,0.012238412306521014,8
_K,7,saturday,33,0.014465573050780972,8
_K,7,saturday,34,0.01693391931576152,8
_K,7,saturday,35,0.019897053596500538,8
_K,7,saturday,36,0.022262252443048375,8
_K,7,saturday,37,0.023987935623647174,8
_K,7,saturday,38,0.02615867279295454,8
_K,7,saturday,39,0.027205224837691475,8
_K,7,saturday,40,0.028023800064882445,8
_K,7,saturday,41,0.028654196852599196,8
_K,7,saturday,42,0.02859772294102299,8
_K,7,saturday,43,0.028443866510469245,8
_K,7,saturday,44,0.02862979854058542,8
_K,7,saturday,45,0.027992145865339175,8
_K,7,saturday,46,0.027180831811435092,8
_K,7,saturday,47,0.02590006566440102,8
_K,7,saturday,48,0.025090276046341956,8
_K,7,sunday,1,0.026371826421047913,8
_K,7,sunday,2,0.025496783647922197,8
_K,7,sunday,3,0.024713943814733057,8
_K,7,sunday,4,0.0241851240704127,8
_K,7,sunday,5,0.02334268285920616,8
_K,7,sunday,6,0.022812617936612833,8
_K,7,sunday,7,0.022218491441406005,8
_K,7,sunday,8,0.02156845388233742,8
_K,7,sunday,9,0.020902076634850126,8
_K,7,sunday,10,0.02079464510256688,8
_K,7,sunday,11,0.02024086868245176,8
_K,7,sunday,12,0.019868982179272847,8
_K,7,sunday,13,0.020415322379122924,8
_K,7,sunday,14,0.020140561315062276,8
_K,7,sunday,15,0.01980035067276331,8
_K,7,sunday,16,0.01929766904097905,8
_K,7,sunday,17,0.01924079148642778,8
_K,7,sunday,18,0.01864301857184811,8
_K,7,sunday,19,0.017705662437232473,8
_K,7,sunday,20,0.01611377697494295,8
_K,7,sunday,21,0.015074357999356804,8
_K,7,sunday,22,0.013144937801428683,8
_K,7,sunday,23,0.012288326714202418,8
_K,7,sunday,24,0.012307182436691051,8
_K,7,sunday,25,0.012244834566716215,8
_K,7,sunday,26,0.011966260674031264,8
_K,7,sunday,27,0.011339763795898086,8
_K,7,sunday,28,0.011337302275722053,8
_K,7,sunday,29,0.010982768932308373,8
_K,7,sunday,30,0.011084852595533148,8
_K,7,sunday,31,0.0122221882810897,8
_K,7,sunday,32,0.013324444662336064,8
_K,7,sunday,33,0.015061196568601092,8
_K,7,sunday,34,0.017369724707722863,8
_K,7,sunday,35,0.02009948147019079,8
_K,7,sunday,36,0.02280010747385309,8
_K,7,sunday,37,0.025291994136950612,8
_K,7,sunday,38,0.0275923538580195,8
_K,7,sunday,39,0.029057438618276008,8
_K,7,sunday,40,0.03041792810072553,8
_K,7,sunday,41,0.031031844496622454,8
_K,7,sunday,42,0.031533799070453415,8
_K,7,sunday,43,0.03154301452142587,8
_K,7,sunday,44,0.031174061652986453,8
_K,7,sunday,45,0.030598372256888468,8
_K,7,sunday,46,0.029748983297456323,8
_K,7,sunday,47,0.028371825098377636,8
_K,7,sunday,48,0.02711700438493723,8
_K,7,weekday,1,0.023481427000020982,46
_K,7,weekday,2,0.023252192945202334,46
_K,7,weekday,3,0.02284241699603366,46
_K,7,weekday,4,0.022596281439689194,46
_K,7,weekday,5,0.02227127984418483,46
_K,7,weekday,6,0.021817748622001424,46
_K,7,weekday,7,0.021387072339429613,46
_K,7,weekday,8,0.021015200907983048,46
_K,7,weekday,9,0.020766059288175456,46
_K,7,weekday,10,0.02076250177755943,46
_K,7,weekday,11,0.020587129741541914,46
_K,7,weekday,12,0.020713516126032866,46
_K,7,weekday,13,0.022051574145932926,46
_K,7,weekday,14,0.022913421563195473,46
_K,7,weekday,15,0.024219690558989263,46
_K,7,weekday,16,0.024008358475457327,46
_K,7,weekday,17,0.023690340393527957,46
_K,7,weekday,18,0.022385858707779264,46
_K,7,weekday,19,0.02119781225789714,46
_K,7,weekday,20,0.01944361263057198,46
_K,7,weekday,21,0.01794332602227932,46
_K,7,weekday,22,0.016606790763195784,46
_K,7,weekday,23,0.01560023755969342,46
_K,7,weekday,24,0.01510988044834989,46
_K,7,weekday,25,0.014582408928623163,46
_K,7,weekday,26,0.01416920761794519,46
_K,7,weekday,27,0.013375900019030985,46
_K,7,weekday,28,0.012762753541147538,46
_K,7,weekday,29,0.012466039456648814,46
_K,7,weekday,30,0.012496980403536116,46
_K,7,weekday,31,0.012759892999834987,46
_K,7,weekday,32,0.013605765007316419,46
_K,7,weekday,33,0.015173929893529411,46
_K,7,weekday,34,0.017308103056114018,46
_K,7,weekday,35,0.018792934104872008,46
_K,7,weekday,36,0.02120752896583119,46
_K,7,weekday,37,0.023000646420499003,46
_K,7,weekday,38,0.024848968217043358,46
_K,7,weekday,39,0.026148667042566624,46
_K,7,weekday,40,0.027437959670537616,46
_K,7,weekday,41,0.027820476816074084,46
_K,7,weekday,42,0.02793855512324725,46
_K,7,weekday,43,0.027776221744233037,46
_K,7,weekday,44,0.02749066186365744,46
_K,7,weekday,45,0.02701575613236872,46
_K,7,weekday,46,0.02633617689872469,46
_K,7,weekday,47,0.02486227334315385,46
_K,7,weekday,48,0.023958462178740002,46
_K,8,saturday,1,0.025317990705456053,9
_K,8,saturday,2,0.024910385045674322,9
_K,8,saturday,3,0.024282335025755265,9
_K,8,saturday,4,0.023942060051764334,9
_K,8,saturday,5,0.0236503693460866,9
_K,8,saturday,6,0.023600815239869323,9
_K,8,saturday,7,0.02314905822414072,9
_K,8,saturday,8,0.022844423430418873,9
_K,8,saturday,9,0.022543432589398584,9
_K,8,saturday,10,0.02256235052781614,9
_K,8,saturday,11,0.022461235151338063,9
_K,8,saturday,12,0.0224239776742059,9
_K,8,saturday,13,0.023112941353720173,9
_K,8,saturday,14,0.023339288790830262,9
_K,8,saturday,15,0.023843570232415855,9
_K,8,saturday,16,0.023333877115251936,9
_K,8,saturday,17,0.022727686641304493,9
_K,8,saturday,18,0.021430621124318,9
_K,8,saturday,19,0.01977847856662733,9
_K,8,saturday,20,0.017991676474322066,9
_K,8,saturday,21,0.016272695430316047,9
_K,8,saturday,22,0.014328490956440117,9
_K,8,saturday,23,0.01289394650044844,9
_K,8,saturday,24,0.012716447587466465,9
_K,8,saturday,25,0.012592873737956789,9
_K,8,saturday,26,0.012626948118484006,9
_K,8,saturday,27,0.011766770477819566,9
_K,8,saturday,28,0.011545653598934228,9
_K,8,saturday,29,0.011128239506733004,9
_K,8,saturday,30,0.011270886202155377,9
_K,8,saturday,31,0.012226903670544464,9
_K,8,saturday,32,0.013493929022257822,9
_K,8,saturday,33,0.01514504761831751,9
_K,8,saturday,34,0.01691898064278839,9
_K,8,saturday,35,0.019187211647033575,9
_K,8,saturday,36,0.0210258767353345,9
_K,8,saturday,37,0.02328850961472397,9
_K,8,saturday,38,0.025500798111603204,9
_K,8,saturday,39,0.02670688186383436,9
_K,8,saturday,40,0.027760637177089854,9
_K,8,saturday,41,0.028007938414638542,9
_K,8,saturday,42,0.028253675477414475,9
_K,8,saturday,43,0.027864780837094223,9
_K,8,saturday,44,0.027688676921729067,9
_K,8,saturday,45,0.027062969254254055,9
_K,8,saturday,46,0.026409456575043094,9
_K,8,saturday,47,0.024858141426496644,9
_K,8,saturday,48,0.02421005956233393,9
_K,8,sunday,1,0.02477829116029551,9
_K,8,sunday,2,0.024367276424074425,9
_K,8,sunday,3,0.023846285451578075,9
_K,8,sunday,4,0.02333530921608882,9
_K,8,sunday,5,0.02292810862906431,9
_K,8,sunday,6,0.022509972665848445,9
_K,8,sunday,7,0.02178355229064618,9
_K,8,sunday,8,0.02168005044995651,9
_K,8,sunday,9,0.021336173705047194,9
_K,8,sunday,10,0.021052104706111366,9
_K,8,sunday,11,0.020791394549648387,9
_K,8,sunday,12,0.021177101895903258,9
_K,8,sunday,13,0.02160529543260704,9
_K,8,sunday,14,0.02135689322382113,9
_K,8,sunday,15,0.02146555166821764,9
_K,8,sunday,16,0.020964375223980435,9
_K,8,sunday,17,0.02042536085096781,9
_K,8,sunday,18,0.019435980190898677,9
_K,8,sunday,19,0.01762071763436464,9
_K,8,sunday,20,0.01621053915409781,9
_K,8,sunday,21,0.015026462387564003,9
_K,8,sunday,22,0.013842717502264222,9
_K,8,sunday,23,0.013209819520667307,9
_K,8,sunday,24,0.012577678070521476,9
_K,8,sunday,25,0.011815563497186763,9
_K,8,sunday,26,0.010869753766548163,9
_K,8,sunday,27,0.010197940805803548,9
_K,8,sunday,28,0.01033916465948595,9
_K,8,sunday,29,0.01093982008265152,9
_K,8,sunday,30,0.01116634324258877,9
_K,8,sunday,31,0.012097877787710749,9
_K,8,sunday,32,0.013223593351208039,9
_K,8,sunday,33,0.014914064966304695,9
_K,8,sunday,34,0.017509032309804176,9
_K,8,sunday,35,0.020406890905540796,9
_K,8,sunday,36,0.02371300822013147,9
_K,8,sunday,37,0.026425412443998222,9
_K,8,sunday,38,0.028969919637109945,9
_K,8,sunday,39,0.02989056485697683,9
_K,8,sunday,40,0.030520348747869883,9
_K,8,sunday,41,0.031234139495712646,9
_K,8,sunday,42,0.031330448388406935,9
_K,8,sunday,43,0.031048501733892057,9
_K,8,sunday,44,0.03035431909766268,9
_K,8,sunday,45,0.02896805704656752,9
_K,8,sunday,46,0.028483125868915563,9
_K,8,sunday,47,0.026567157236479323,9
_K,8,sunday,48,0.025687939847209088,9
_K,8,weekday,1,0.022319598286655702,40
_K,8,weekday,2,0.021967422601826717,40
_K,8,weekday,3,0.0215340891511764,40
_K,8,weekday,4,0.021331191708965285,40
_K,8,weekday,5,0.021052433232057785,40
_K,8,weekday,6,0.02071140448077243,40
_K,8,weekday,7,0.020110681216019964,40
_K,8,weekday,8,0.019826613459829383,40
_K,8,weekday,9,0.019417321166783304,40
_K,8,weekday,10,0.019239761498343513,40
_K,8,weekday,11,0.019189396388787788,40
_K,8,weekday,12,0.01943237556946099,40
_K,8,weekday,13,0.020567407271657435,40
_K,8,weekday,14,0.021336111333848485,40
_K,8,weekday,15,0.022742673775735057,40
_K,8,weekday,16,0.02299790892818443,40
_K,8,weekday,17,0.023425257928693915,40
_K,8,weekday,18,0.02271902685964082,40
_K,8,weekday,19,0.021934113684925944,40
_K,8,weekday,20,0.0205732297243846,40
_K,8,weekday,21,0.019475286491763905,40
_K,8,weekday,22,0.01832441239742703,40
_K,8,weekday,23,0.01720643958542049,40
_K,8,weekday,24,0.01641610704114531,40
_K,8,weekday,25,0.015869250140313613,40
_K,8,weekday,26,0.015469164466051104,40
_K,8,weekday,27,0.014795181956048772,40
_K,8,weekday,28,0.014401959471212016,40
_K,8,weekday,29,0.013959694651040303,40
_K,8,weekday,30,0.01390794285491952,40
_K,8,weekday,31,0.014351949793066265,40
_K,8,weekday,32,0.015289525343689905,40
_K,8,weekday,33,0.016675207827002415,40
_K,8,weekday,34,0.018319358640360404,40
_K,8,weekday,35,0.01985534053397141,40
_K,8,weekday,36,0.02190761397354664,40
_K,8,weekday,37,0.023498933885893553,40
_K,8,weekday,38,0.025201297416544276,40
_K,8,weekday,39,0.026079927429025797,40
_K,8,weekday,40,0.02720011144470222,40
_K,8,weekday,41,0.027790900728134373,40
_K,8,weekday,42,0.028162624724679987,40
_K,8,weekday,43,0.028073016558843394,40
_K,8,weekday,44,0.027393620663907343,40
_K,8,weekday,45,0.026284465376951578,40
_K,8,weekday,46,0.025208683391879556,40
_K,8,weekday,47,0.023592290690255275,40
_K,8,weekday,48,0.02286167425445363,40
_K,9,saturday,1,0.024184903583439946,4
_K,9,saturday,2,0.02339929890731686,4
_K,9,saturday,3,0.022191389193631235,4
_K,9,saturday,4,0.022413388878931014,4
_K,9,saturday,5,0.022252602899460155,4
_K,9,saturday,6,0.023130278873171803,4
_K,9,saturday,7,0.02201513407106332,4
_K,9,saturday,8,0.022464849995221678,4
_K,9,saturday,9,0.021454008105931704,4
_K,9,saturday,10,0.02172122880244273,4
_K,9,saturday,11,0.0216246181343807,4
_K,9,saturday,12,0.021321998072379562,4
_K,9,saturday,13,0.022498750125731767,4
_K,9,saturday,14,0.022583104101432293,4
_K,9,saturday,15,0.022979015186898853,4
_K,9,saturday,16,0.023326213741886814,4
_K,9,saturday,17,0.02427180572764972,4
_K,9,saturday,18,0.02462095588179234,4
_K,9,saturday,19,0.024569225058139913,4
_K,9,saturday,20,0.02258236113591318,4
_K,9,saturday,21,0.02028750997611138,4
_K,9,saturday,22,0.01961158004354343,4
_K,9,saturday,23,0.017927732981377363,4
_K,9,saturday,24,0.0171262946131664,4
_K,9,saturday,25,0.016415370573928906,4
_K,9,saturday,26,0.014834598050889679,4
_K,9,saturday,27,0.01371705783896407,4
_K,9,saturday,28,0.012410228613760843,4
_K,9,saturday,29,0.011913969746751204,4
_K,9,saturday,30,0.011175751687262958,4
_K,9,saturday,31,0.011714035965013131,4
_K,9,saturday,32,0.012532913871929712,4
_K,9,saturday,33,0.01620924872125741,4
_K,9,saturday,34,0.017933040485163705,4
_K,9,saturday,35,0.019950336619129115,4
_K,9,saturday,36,0.021345631469976797,4
_K,9,saturday,37,0.0221723271562429,4
_K,9,saturday,38,0.02343315086316885,4
_K,9,saturday,39,0.024612142075369974,4
_K,9,saturday,40,0.02612264786312621,4
_K,9,saturday,41,0.025890864694082853,4
_K,9,saturday,42,0.025849833770736623,4
_K,9,saturday,43,0.025122882119089703,4
_K,9,saturday,44,0.024988596822424863,4
_K,9,saturday,45,0.023879379108664847,4
_K,9,saturday,46,0.023281422390068935,4
_K,9,saturday,47,0.022299921845932488,4
_K,9,saturday,48,0.02163639955605009,4
_K,9,sunday,1,0.019069432080322975,4
_K,9,sunday,2,0.018755483466567753,4
_K,9,sunday,3,0.01856733286130589,4
_K,9,sunday,4,0.01923352091372619,4
_K,9,sunday,5,0.019300057388936878,4
_K,9,sunday,6,0.019468609527090085,4
_K,9,sunday,7,0.018976628478586062,4
_K,9,sunday,8,0.01872991274767729,4
_K,9,sunday,9,0.01785091359079726,4
_K,9,sunday,10,0.01780266244478179,4
_K,9,sunday,11,0.018050635301306198,4
_K,9,sunday,12,0.01807755176376769,4
_K,9,sunday,13,0.018707331861389353,4
_K,9,sunday,14,0.018773483622028048,4
_K,9,sunday,15,0.01979432472564346,4
_K,9,sunday,16,0.020655948415922176,4
_K,9,sunday,17,0.02265784186208656,4
_K,9,sunday,18,0.022096494019424442,4
_K,9,sunday,19,0.022488662278823242,4
_K,9,sunday,20,0.022360349775684546,4
_K,9,sunday,21,0.02115727582166555,4
_K,9,sunday,22,0.01955808097188323,4
_K,9,sunday,23,0.01900238283662809,4
_K,9,sunday,24,0.018861547543404588,4
_K,9,sunday,25,0.01968950921350765,4
_K,9,sunday,26,0.018736701164636244,4
_K,9,sunday,27,0.01791058563540558,4
_K,9,sunday,28,0.01735767580702518,4
_K,9,sunday,29,0.01817982034725272,4
_K,9,sunday,30,0.019135780151176392,4
_K,9,sunday,31,0.018836115220527,4
_K,9,sunday,32,0.018287609329129276,4
_K,9,sunday,33,0.01903818592159341,4
_K,9,sunday,34,0.02029039361740724,4
_K,9,sunday,35,0.021696450450344924,4
_K,9,sunday,36,0.023476611701070123,4
_K,9,sunday,37,0.025102426069219988,4
_K,9,sunday,38,0.026422324960747035,4
_K,9,sunday,39,0.02725426961528371,4
_K,9,sunday,40,0.02792363233248575,4
_K,9,sunday,41,0.0272928933719881,4
_K,9,sunday,42,0.02623343709409378,4
_K,9,sunday,43,0.025727520323187855,4
_K,9,sunday,44,0.024433778143696162,4
_K,9,sunday,45,0.02304016423631536,4
_K,9,sunday,46,0.022429688798923923,4
_K,9,sunday,47,0.021124451607851175,4
_K,9,sunday,48,0.02038351058768209,4
_K,9,weekday,1,0.019150090608265734,22
_K,9,weekday,2,0.018762506023368614,22
_K,9,weekday,3,0.018494382271465683,22
_K,9,weekday,4,0.01852471396822053,22
_K,9,weekday,5,0.018637811142235196,22
_K,9,weekday,6,0.018322697247518626,22
_K,9,weekday,7,0.018390508540682728,22
_K,9,weekday,8,0.01820323524184947,22
_K,9,weekday,9,0.01805612172958021,22
_K,9,weekday,10,0.0179918950990646,22
_K,9,weekday,11,0.018325253096945156,22
_K,9,weekday,12,0.018743686669413055,22
_K,9,weekday,13,0.020450955275458496,22
_K,9,weekday,14,0.021769706695429,22
_K,9,weekday,15,0.023558798398025004,22
_K,9,weekday,16,0.023983229648783702,22
_K,9,weekday,17,0.02419899977302881,22
_K,9,weekday,18,0.023374772894983943,22
_K,9,weekday,19,0.022688345697314188,22
_K,9,weekday,20,0.021685032790585496,22
_K,9,weekday,21,0.020200013938678155,22
_K,9,weekday,22,0.01897617009482511,22
_K,9,weekday,23,0.018102725969281933,22
_K,9,weekday,24,0.017590639479156567,22
_K,9,weekday,25,0.01717026315856635,22
_K,9,weekday,26,0.01630798366180236,22
_K,9,weekday,27,0.0156721355607298,22
_K,9,weekday,28,0.015325674973963739,22
_K,9,weekday,29,0.015273162482878714,22
_K,9,weekday,30,0.01555928477206896,22
_K,9,weekday,31,0.015955987084145237,22
_K,9,weekday,32,0.01747471241048354,22
_K,9,weekday,33,0.01916647068764588,22
_K,9,weekday,34,0.020763160808395638,22
_K,9,weekday,35,0.02235540540436433,22
_K,9,weekday,36,0.024427479503939233,22
_K,9,weekday,37,0.025882821580230128,22
_K,9,weekday,38,0.026871918447972612,22
_K,9,weekday,39,0.02743988879461187,22
_K,9,weekday,40,0.028097951254987385,22
_K,9,weekday,41,0.028576204588671238,22
_K,9,weekday,42,0.027764793399008784,22
_K,9,weekday,43,0.026925430321211988,22
_K,9,weekday,44,0.025566944033640734,22
_K,9,weekday,45,0.024374622920575097,22
_K,9,weekday,46,0.023111311422215296,22
_K,9,weekday,47,0.0214457310353655,22
_K,9,weekday,48,0.020308369398365587,22
_K,10,saturday,1,0.021740693828884824,4
_K,10,saturday,2,0.0204190324157991,4
_K,10,saturday,3,0.020340117236962597,4
_K,10,saturday,4,0.0205669576334455,4
_K,10,saturday,5,0.020233039732097675,4
_K,10,saturday,6,0.019588159994616168,4
_K,10,saturday,7,0.018979168185501584,4
_K,10,saturday,8,0.017790554457477556,4
_K,10,saturday,9,0.017427598004823165,4
_K,10,saturday,10,0.01707323288746096,4
_K,10,saturday,11,0.016648171093852658,4
_K,10,saturday,12,0.01627033523242492,4
_K,10,saturday,13,0.017084908162479224,4
_K,10,saturday,14,0.017796733118375208,4
_K,10,saturday,15,0.01899200360935871,4
_K,10,saturday,16,0.019717427861310026,4
_K,10,saturday,17,0.02153545731537928,4
_K,10,saturday,18,0.021482696630883633,4
_K,10,saturday,19,0.02176109614638178,4
_K,10,saturday,20,0.02057910225310053,4
_K,10,saturday,21,0.020961263179861574,4
_K,10,saturday,22,0.020293510222962118,4
_K,10,saturday,23,0.01843224648784915,4
_K,10,saturday,24,0.019224204561124707,4
_K,10,saturday,25,0.01938451026334098,4
_K,10,saturday,26,0.019618572723848954,4
_K,10,saturday,27,0.019412023254479206,4
_K,10,saturday,28,0.01860878601589611,4
_K,10,saturday,29,0.017866682392002037,4
_K,10,saturday,30,0.01882840617974107,4
_K,10,saturday,31,0.018304566356609236,4
_K,10,saturday,32,0.019774884002364913,4
_K,10,saturday,33,0.020999751164162507,4
_K,10,saturday,34,0.023196752117332457,4
_K,10,saturday,35,0.02509662783477761,4
_K,10,saturday,36,0.02648856687701684,4
_K,10,saturday,37,0.02799450056370738,4
_K,10,saturday,38,0.02734649951278714,4
_K,10,saturday,39,0.026518052776231083,4
_K,10,saturday,40,0.026189548818435375,4
_K,10,saturday,41,0.025956827319877116,4
_K,10,saturday,42,0.025305200492935956,4
_K,10,saturday,43,0.024463668298002554,4
_K,10,saturday,44,0.023636735362005182,4
_K,10,saturday,45,0.02165193212417716,4
_K,10,saturday,46,0.020178878373193734,4
_K,10,saturday,47,0.019488165544161554,4
_K,10,saturday,48,0.018752151380501174,4
_K,10,sunday,1,0.016682275918405317,4
_K,10,sunday,2,0.01684481988336376,4
_K,10,sunday,3,0.016345608463545692,4
_K,10,sunday,4,0.016426978612486248,4
_K,10,sunday,5,0.01628314137850352,4
_K,10,sunday,6,0.01636118771109989,4
_K,10,sunday,7,0.016052687298761092,4
_K,10,sunday,8,0.015736797248177326,4
_K,10,sunday,9,0.015580616351044182,4
_K,10,sunday,10,0.015174230199636759,4
_K,10,sunday,11,0.01576928962800327,4
_K,10,sunday,12,0.015246513672823642,4
_K,10,sunday,13,0.015982641947537148,4
_K,10,sunday,14,0.016147037528503088,4
_K,10,sunday,15,0.016948193789548142,4
_K,10,sunday,16,0.017602506197148298,4
_K,10,sunday,17,0.019016785158500856,4
_K,10,sunday,18,0.019630485804939694,4
_K,10,sunday,19,0.02015376924543435,4
_K,10,sunday,20,0.020235741762203635,4
_K,10,sunday,21,0.020592046218021662,4
_K,10,sunday,22,0.020039720222314972,4
_K,10,sunday,23,0.019842030694269045,4
_K,10,sunday,24,0.01932416229054548,4
_K,10,sunday,25,0.019764650188417936,4
_K,10,sunday,26,0.019655195371777456,4
_K,10,sunday,27,0.019950364974361392,4
_K,10,sunday,28,0.02001576449305647,4
_K,10,sunday,29,0.020354411950975707,4
_K,10,sunday,30,0.02049239491610917,4
_K,10,sunday,31,0.021461913141038017,4
_K,10,sunday,32,0.02192935165368831,4
_K,10,sunday,33,0.02301370431046115,4
_K,10,sunday,34,0.024060673662968914,4
_K,10,sunday,35,0.025329301051277467,4
_K,10,sunday,36,0.026500853585421792,4
_K,10,sunday,37,0.027995911479870766,4
_K,10,sunday,38,0.028418913869258298,4
_K,10,sunday,39,0.029005711581912536,4
_K,10,sunday,40,0.02774610167232374,4
_K,10,sunday,41,0.02648657670872559,4
_K,10,sunday,42,0.025711800572032276,4
_K,10,sunday,43,0.02456232490722047,4
_K,10,sunday,44,0.023681140444372115,4
_K,10,sunday,45,0.022375940940896736,4
_K,10,sunday,46,0.021182488650987926,4
_K,10,sunday,47,0.020040236794683548,4
_K,10,sunday,48,0.019288433915853664,4
_K,10,sunday,49,0.011831047319234924,1
_K,10,sunday,50,0.011125524618256544,1
_K,10,weekday,1,0.01749473418029955,23
_K,10,weekday,2,0.017452225316110924,23
_K,10,weekday,3,0.017696198848705474,23
_K,10,weekday,4,0.017698767868304287,23
_K,10,weekday,5,0.017425095013813622,23
_K,10,weekday,6,0.017322390438539302,23
_K,10,weekday,7,0.01691514241045869,23
_K,10,weekday,8,0.0168105591230084,23
_K,10,weekday,9,0.01677062567377886,23
_K,10,weekday,10,0.01655929161008018,23
_K,10,weekday,11,0.01656979685071972,23
_K,10,weekday,12,0.0170667129220298,23
_K,10,weekday,13,0.01881573829370232,23
_K,10,weekday,14,0.020322825728457693,23
_K,10,weekday,15,0.021980470289840306,23
_K,10,weekday,16,0.02273986499550214,23
_K,10,weekday,17,0.023763835433497294,23
_K,10,weekday,18,0.023771343296303888,23
_K,10,weekday,19,0.02391830735619201,23
_K,10,weekday,20,0.023560275768239592,23
_K,10,weekday,21,0.023237885139930747,23
_K,10,weekday,22,0.022689165698239578,23
_K,10,weekday,23,0.021817758716753323,23
_K,10,weekday,24,0.021278684599657992,23
_K,10,weekday,25,0.020969562700057277,23
_K,10,weekday,26,0.020239962037067356,23
_K,10,weekday,27,0.01988821800336636,23
_K,10,weekday,28,0.01960845318833958,23
_K,10,weekday,29,0.019586017356452358,23
_K,10,weekday,30,0.01983906192445753,23
_K,10,weekday,31,0.0201691694506151,23
_K,10,weekday,32,0.021069399501996912,23
_K,10,weekday,33,0.022095722903673305,23
_K,10,weekday,34,0.023052830208415802,23
_K,10,weekday,35,0.023994981121153416,23
_K,10,weekday,36,0.024698397687692414,23
_K,10,weekday,37,0.02521454060837073,23
_K,10,weekday,38,0.025290800662643848,23
_K,10,weekday,39,0.025496425454798168,23
_K,10,weekday,40,0.02518911315049582,23
_K,10,weekday,41,0.024693710259058956,23
_K,10,weekday,42,0.023865054218556756,23
_K,10,weekday,43,0.02289130800748821,23
_K,10,weekday,44,0.021916235897100556,23
_K,10,weekday,45,0.020890084023316192,23
_K,10,weekday,46,0.01983699515409636,23
_K,10,weekday,47,0.018314381774071766,23
_K,10,weekday,48,0.017511879134549532,23
_K,11,saturday,1,0.016364783608675337,5
_K,11,saturday,2,0.01663058502146997,5
_K,11,saturday,3,0.01674485360382378,5
_K,11,saturday,4,0.016522851740817374,5
_K,11,saturday,5,0.016157273317067653,5
_K,11,saturday,6,0.01601754718523049,5
_K,11,saturday,7,0.015557293702221373,5
_K,11,saturday,8,0.015472405871846385,5
_K,11,saturday,9,0.015263681255855532,5
_K,11,saturday,10,0.015352108302515589,5
_K,11,saturday,11,0.015478546623229983,5
_K,11,saturday,12,0.01593899963162405,5
_K,11,saturday,13,0.016608649342070646,5
_K,11,saturday,14,0.01759976495658757,5
_K,11,saturday,15,0.01888185565280142,5
_K,11,saturday,16,0.019895525953162033,5
_K,11,saturday,17,0.021142140884591022,5
_K,11,saturday,18,0.02178524528939762,5
_K,11,saturday,19,0.02204210271974995,5
_K,11,saturday,20,0.021994580158888465,5
_K,11,saturday,21,0.020984425863922636,5
_K,11,saturday,22,0.02052360555462816,5
_K,11,saturday,23,0.020454935597829144,5
_K,11,saturday,24,0.020481639922642673,5
_K,11,saturday,25,0.02038354370462769,5
_K,11,saturday,26,0.020413337821582823,5
_K,11,saturday,27,0.021163662315338547,5
_K,11,saturday,28,0.022009162860429456,5
_K,11,saturday,29,0.02301669828868947,5
_K,11,saturday,30,0.022891223617670063,5
_K,11,saturday,31,0.023602414669072043,5
_K,11,saturday,32,0.024855054839773162,5
_K,11,saturday,33,0.02660545860279324,5
_K,11,saturday,34,0.027606328857539865,5
_K,11,saturday,35,0.02812321039338529,5
_K,11,saturday,36,0.028045684584819118,5
_K,11,saturday,37,0.027639783267991585,5
_K,11,saturday,38,0.027150100651303227,5
_K,11,saturday,39,0.026470131002656726,5
_K,11,saturday,40,0.025756905288869675,5
_K,11,saturday,41,0.0246090398769775,5
_K,11,saturday,42,0.024007105863858756,5
_K,11,saturday,43,0.022989963757847093,5
_K,11,saturday,44,0.02199919683497355,5
_K,11,saturday,45,0.02092811326368752,5
_K,11,saturday,46,0.01994034808242401,5
_K,11,saturday,47,0.01844471853543498,5
_K,11,saturday,48,0.017453411257605737,5
_K,11,sunday,1,0.017841124119522805,5
_K,11,sunday,2,0.017674572925102605,5
_K,11,sunday,3,0.016999251979966833,5
_K,11,sunday,4,0.016689003893154544,5
_K,11,sunday,5,0.016818410515482333,5
_K,11,sunday,6,0.016781409080145165,5
_K,11,sunday,7,0.016304101273158456,5
_K,11,sunday,8,0.016143168237937825,5
_K,11,sunday,9,0.015163494789339175,5
_K,11,sunday,10,0.014933750803524428,5
_K,11,sunday,11,0.014566274787899345,5
_K,11,sunday,12,0.015099280286713087,5
_K,11,sunday,13,0.01566532632170858,5
_K,11,sunday,14,0.016326378303926796,5
_K,11,sunday,15,0.017217475673996716,5
_K,11,sunday,16,0.01783091027930735,5
_K,11,sunday,17,0.019555030941657375,5
_K,11,sunday,18,0.02031134912612954,5
_K,11,sunday,19,0.021167155308485466,5
_K,11,sunday,20,0.021095129751943862,5
_K,11,sunday,21,0.020783163397719673,5
_K,11,sunday,22,0.020978245931361182,5
_K,11,sunday,23,0.020603385754027047,5
_K,11,sunday,24,0.02126131600410112,5
_K,11,sunday,25,0.02096793682615033,5
_K,11,sunday,26,0.021604754047575125,5
_K,11,sunday,27,0.022068363969091367,5
_K,11,sunday,28,0.02159817556594928,5
_K,11,sunday,29,0.02177192966238362,5
_K,11,sunday,30,0.022662949164658493,5
_K,11,sunday,31,0.02371655300944601,5
_K,11,sunday,32,0.0249944271538485,5
_K,11,sunday,33,0.026755750788544055,5
_K,11,sunday,34,0.027447883676579365,5
_K,11,sunday,35,0.028530122211092426,5
_K,11,sunday,36,0.02874465264843059,5
_K,11,sunday,37,0.028292830825920115,5
_K,11,sunday,38,0.028664605991613534,5
_K,11,sunday,39,0.027406700493978163,5
_K,11,sunday,40,0.026476244574434912,5
_K,11,sunday,41,0.02600643417161556,5
_K,11,sunday,42,0.025048251762412817,5
_K,11,sunday,43,0.023106371357239554,5
_K,11,sunday,44,0.02204757074680842,5
_K,11,sunday,45,0.020316571688625176,5
_K,11,sunday,46,0.01914913227642784,5
_K,11,sunday,47,0.017775097237013024,5
_K,11,sunday,48,0.017037980663850507,5
_K,11,weekday,1,0.01710946570299822,20
_K,11,weekday,2,0.017200773700807376,20
_K,11,weekday,3,0.01679286500622822,20
_K,11,weekday,4,0.01625157851403261,20
_K,11,weekday,5,0.016057557757644884,20
_K,11,weekday,6,0.015611910730995455,20
_K,11,weekday,7,0.0153387082078324,20
_K,11,weekday,8,0.015043891245378452,20
_K,11,weekday,9,0.014875257828701947,20
_K,11,weekday,10,0.014759057158657881,20
_K,11,weekday,11,0.014948628185704194,20
_K,11,weekday,12,0.015385955665997852,20
_K,11,weekday,13,0.017112982661591315,20
_K,11,weekday,14,0.018489313025929405,20
_K,11,weekday,15,0.020483751327881727,20
_K,11,weekday,16,0.021714914274668352,20
_K,11,weekday,17,0.022798590897083516,20
_K,11,weekday,18,0.022716028907869317,20
_K,11,weekday,19,0.022905254896198955,20
_K,11,weekday,20,0.02258567464088816,20
_K,11,weekday,21,0.022192489599257802,20
_K,11,weekday,22,0.022144440134949837,20
_K,11,weekday,23,0.021864635520150777,20
_K,11,weekday,24,0.02181536724668584,20
_K,11,weekday,25,0.021834492446871037,20
_K,11,weekday,26,0.022017292028623184,20
_K,11,weekday,27,0.021815081542186174,20
_K,11,weekday,28,0.02189156319563377,20
_K,11,weekday,29,0.021981253552932394,20
_K,11,weekday,30,0.02238322103440541,20
_K,11,weekday,31,0.023174008347891135,20
_K,11,weekday,32,0.024015664881157705,20
_K,11,weekday,33,0.02466539294679757,20
_K,11,weekday,34,0.0253997037803097,20
_K,11,weekday,35,0.025686745482714442,20
_K,11,weekday,36,0.026064819779195964,20
_K,11,weekday,37,0.026084440256877693,20
_K,11,weekday,38,0.025986362352470576,20
_K,11,weekday,39,0.025629686193982863,20
_K,11,weekday,40,0.025606259361025546,20
_K,11,weekday,41,0.024874729882027567,20
_K,11,weekday,42,0.024213560309940086,20
_K,11,weekday,43,0.022881337154295484,20
_K,11,weekday,44,0.02163157503631846,20
_K,11,weekday,45,0.020703134237965392,20
_K,11,weekday,46,0.01948517706075976,20
_K,11,weekday,47,0.01806479977112844,20
_K,11,weekday,48,0.01771060652635515,20
_K,12,saturday,1,0.021325933890304377,4
_K,12,saturday,2,0.021190173758727938,4
_K,12,saturday,3,0.021097399538124458,4
_K,12,saturday,4,0.019935754583620496,4
_K,12,saturday,5,0.01909496247347761,4
_K,12,saturday,6,0.01852802841286358,4
_K,12,saturday,7,0.01824758327833209,4
_K,12,saturday,8,0.017388048007388857,4
_K,12,saturday,9,0.016900813872080936,4
_K,12,saturday,10,0.016435543918977884,4
_K,12,saturday,11,0.01641343819528859,4
_K,12,saturday,12,0.01616869333112131,4
_K,12,saturday,13,0.017097335131110197,4
_K,12,saturday,14,0.01807483355660731,4
_K,12,saturday,15,0.01849659090893694,4
_K,12,saturday,16,0.01947704719610006,4
_K,12,saturday,17,0.021134196688949815,4
_K,12,saturday,18,0.022104391399080988,4
_K,12,saturday,19,0.02243172139904595,4
_K,12,saturday,20,0.02162275267910215,4
_K,12,saturday,21,0.02068896462396257,4
_K,12,saturday,22,0.019350449209576057,4
_K,12,saturday,23,0.018510510509333843,4
_K,12,saturday,24,0.01784047513079556,4
_K,12,saturday,25,0.01756307484176816,4
_K,12,saturday,26,0.017615542427664502,4
_K,12,saturday,27,0.018349713763303636,4
_K,12,saturday,28,0.01844169794969105,4
_K,12,saturday,29,0.019680796061193,4
_K,12,saturday,30,0.021668547815458933,4
_K,12,saturday,31,0.022846905251594222,4
_K,12,saturday,32,0.023885869154573313,4
_K,12,saturday,33,0.02509721472927064,4
_K,12,saturday,34,0.026537234004873008,4
_K,12,saturday,35,0.027294719187493384,4
_K,12,saturday,36,0.027233050151037504,4
_K,12,saturday,37,0.0272619844569701,4
_K,12,saturday,38,0.02709136519966546,4
_K,12,saturday,39,0.02628098415492548,4
_K,12,saturday,40,0.025259965514560032,4
_K,12,saturday,41,0.023800906497325896,4
_K,12,saturday,42,0.022905191567632748,4
_K,12,saturday,43,0.022168901641042172,4
_K,12,saturday,44,0.021166427877254323,4
_K,12,saturday,45,0.020627298086665156,4
_K,12,saturday,46,0.020043586588159273,4
_K,12,saturday,47,0.018798003947077722,4
_K,12,saturday,48,0.018825377437890728,4
_K,12,sunday,1,0.016021146090156403,4
_K,12,sunday,2,0.016670531331740273,4
_K,12,sunday,3,0.016512653970741326,4
_K,12,sunday,4,0.016758549536831705,4
_K,12,sunday,5,0.01678219893355512,4
_K,12,sunday,6,0.01637928222300305,4
_K,12,sunday,7,0.015717646937300753,4
_K,12,sunday,8,0.015587284409049683,4
_K,12,sunday,9,0.015373338602500715,4
_K,12,sunday,10,0.015547188408570195,4
_K,12,sunday,11,0.015145843942605238,4
_K,12,sunday,12,0.014941464608984715,4
_K,12,sunday,13,0.015522625713119484,4
_K,12,sunday,14,0.016136495253085158,4
_K,12,sunday,15,0.01694094091851313,4
_K,12,sunday,16,0.01795060615844606,4
_K,12,sunday,17,0.019343715823731976,4
_K,12,sunday,18,0.02036619575369327,4
_K,12,sunday,19,0.021411651047234567,4
_K,12,sunday,20,0.022362501158092834,4
_K,12,sunday,21,0.022782410160953843,4
_K,12,sunday,22,0.023098637169876583,4
_K,12,sunday,23,0.02299248403817603,4
_K,12,sunday,24,0.023211065180576897,4
_K,12,sunday,25,0.02273688307308369,4
_K,12,sunday,26,0.023379446235129542,4
_K,12,sunday,27,0.023747350206590953,4
_K,12,sunday,28,0.023888220412218476,4
_K,12,sunday,29,0.02383156402875186,4
_K,12,sunday,30,0.024171432607248133,4
_K,12,sunday,31,0.02369016806829715,4
_K,12,sunday,32,0.023911165062381827,4
_K,12,sunday,33,0.024671126085394103,4
_K,12,sunday,34,0.025724642277650932,4
_K,12,sunday,35,0.02597190855277105,4
_K,12,sunday,36,0.026371788884086846,4
_K,12,sunday,37,0.02634154060987117,4
_K,12,sunday,38,0.026289885926806575,4
_K,12,sunday,39,0.02566239907734414,4
_K,12,sunday,40,0.024782576708315747,4
_K,12,sunday,41,0.024837826623206726,4
_K,12,sunday,42,0.024019387478394733,4
_K,12,sunday,43,0.02296037567617206,4
_K,12,sunday,44,0.022149304040031514,4
_K,12,sunday,45,0.02098821590092463,4
_K,12,sunday,46,0.019906539296689462,4
_K,12,sunday,47,0.01851203161402251,4
_K,12,sunday,48,0.017897764184077146,4
_K,12,weekday,1,0.01653084945282696,23
_K,12,weekday,2,0.01686272750406901,23
_K,12,weekday,3,0.016580681293776055,23
_K,12,weekday,4,0.016205366507741414,23
_K,12,weekday,5,0.016027644993153428,23
_K,12,weekday,6,0.01562918581560683,23
_K,12,weekday,7,0.015210868637838337,23
_K,12,weekday,8,0.014758036371532923,23
_K,12,weekday,9,0.01457965368679331,23
_K,12,weekday,10,0.014605438332145684,23
_K,12,weekday,11,0.014620483238202451,23
_K,12,weekday,12,0.015098747237480526,23
_K,12,weekday,13,0.016675971775748068,23
_K,12,weekday,14,0.01826698608807931,23
_K,12,weekday,15,0.01991826646615457,23
_K,12,weekday,16,0.021252009437843555,23
_K,12,weekday,17,0.022625101883653412,23
_K,12,weekday,18,0.023318255156633005,23
_K,12,weekday,19,0.023752403468192827,23
_K,12,weekday,20,0.023575777084866932,23
_K,12,weekday,21,0.023107619386148862,23
_K,12,weekday,22,0.022559382918145778,23
_K,12,weekday,23,0.02223018139380411,23
_K,12,weekday,24,0.021997759377441643,23
_K,12,weekday,25,0.02209149779626796,23
_K,12,weekday,26,0.022324006853662485,23
_K,12,weekday,27,0.022415386148551323,23
_K,12,weekday,28,0.02258973938205036,23
_K,12,weekday,29,0.02291955297838967,23
_K,12,weekday,30,0.0234517496865865,23
_K,12,weekday,31,0.023887179920270712,23
_K,12,weekday,32,0.024713425829970045,23
_K,12,weekday,33,0.02558429826592839,23
_K,12,weekday,34,0.025900627967877926,23
_K,12,weekday,35,0.025983502833461736,23
_K,12,weekday,36,0.026102435615389524,23
_K,12,weekday,37,0.025913663881376184,23
_K,12,weekday,38,0.025646375386817487,23
_K,12,weekday,39,0.025095325813853986,23
_K,12,weekday,40,0.024800943829870054,23
_K,12,weekday,41,0.024098643982453826,23
_K,12,weekday,42,0.02325060695759259,23
_K,12,weekday,43,0.02199649320209956,23
_K,12,weekday,44,0.021389085396991216,23
_K,12,weekday,45,0.020210227191394516,23
_K,12,weekday,46,0.019019264173508986,23
_K,12,weekday,47,0.017825874503101254,23
_K,12,weekday,48,0.016800694894654692,23
_L,1,saturday,1,0.019363571512867623,9
_L,1,saturday,2,0.02048896923524691,9
_L,1,saturday,3,0.020190182530455663,9
_L,1,saturday,4,0.019585654631673888,9
_L,1,saturday,5,0.019302183543685354,9
_L,1,saturday,6,0.01897905006708767,9
_L,1,saturday,7,0.01849085645547892,9
_L,1,saturday,8,0.017950871015904427,9
_L,1,saturday,9,0.017390371804203095,9
_L,1,saturday,10,0.017005528239923056,9
_L,1,saturday,11,0.01685550306677949,9
_L,1,saturday,12,0.01679315324259961,9
_L,1,saturday,13,0.017463207397599885,9
_L,1,saturday,14,0.018263580573732965,9
_L,1,saturday,15,0.019040161368479556,9
_L,1,saturday,16,0.019913594576957058,9
_L,1,saturday,17,0.02134276139179365,9
_L,1,saturday,18,0.02200329358527666,9
_L,1,saturday,19,0.022263479972973732,9
_L,1,saturday,20,0.02166597431601438,9
_L,1,saturday,21,0.020971678198375768,9
_L,1,saturday,22,0.020282229786178566,9
_L,1,saturday,23,0.01960241980953193,9
_L,1,saturday,24,0.018873974406960665,9
_L,1,saturday,25,0.01904242363633883,9
_L,1,saturday,26,0.01891114834606695,9
_L,1,saturday,27,0.01916484138262723,9
_L,1,saturday,28,0.019260351114345053,9
_L,1,saturday,29,0.01952271420309695,9
_L,1,saturday,30,0.020247699754162005,9
_L,1,saturday,31,0.021215970079795542,9
_L,1,saturday,32,0.02236961226025483,9
_L,1,saturday,33,0.02416783236593147,9
_L,1,saturday,34,0.025685817257927766,9
_L,1,saturday,35,0.027505902014746772,9
_L,1,saturday,36,0.028007887677989292,9
_L,1,saturday,37,0.027835980686027884,9
_L,1,saturday,38,0.027118993363091797,9
_L,1,saturday,39,0.025995571639215363,9
_L,1,saturday,40,0.025338119439395092,9
_L,1,saturday,41,0.024328670585771053,9
_L,1,saturday,42,0.023312212822871676,9
_L,1,saturday,43,0.022099048823325716,9
_L,1,saturday,44,0.021093676207026894,9
_L,1,saturday,45,0.019774217992159185,9
_L,1,saturday,46,0.01879443827441018,9
_L,1,saturday,47,0.01777480310672643,9
_L,1,saturday,48,0.017349816236915526,9
_L,1,sunday,1,0.019378688119613904,8
_L,1,sunday,2,0.020337761660514757,8
_L,1,sunday,3,0.020023369320898238,8
_L,1,sunday,4,0.019463592532780065,8
_L,1,sunday,5,0.01903079833070231,8
_L,1,sunday,6,0.01865268888012657,8
_L,1,sunday,7,0.018019554834075736,8
_L,1,sunday,8,0.017371012779234172,8
_L,1,sunday,9,0.016655198444430464,8
_L,1,sunday,10,0.016253000599617585,8
_L,1,sunday,11,0.01587735469398651,8
_L,1,sunday,12,0.015796113452519467,8
_L,1,sunday,13,0.016304415317656716,8
_L,1,sunday,14,0.016737760606355255,8
_L,1,sunday,15,0.01715989093656561,8
_L,1,sunday,16,0.01765754480821094,8
_L,1,sunday,17,0.019083263414480783,8
_L,1,sunday,18,0.020111723307978318,8
_L,1,sunday,19,0.021157124184068524,8
_L,1,sunday,20,0.021639677239602813,8
_L,1,sunday,21,0.02167722259360409,8
_L,1,sunday,22,0.02150779286023251,8
_L,1,sunday,23,0.021335674671044066,8
_L,1,sunday,24,0.021319481500207384,8
_L,1,sunday,25,0.021431261904140936,8
_L,1,sunday,26,0.021701317167977224,8
_L,1,sunday,27,0.021511845944325904,8
_L,1,sunday,28,0.02117845553165224,8
_L,1,sunday,29,0.021249268960556573,8
_L,1,sunday,30,0.021773716609297774,8
_L,1,sunday,31,0.022723583424605946,8
_L,1,sunday,32,0.023755440563225025,8
_L,1,sunday,33,0.025398948262095617,8
_L,1,sunday,34,0.02671368725469559,8
_L,1,sunday,35,0.028303011382721652,8
_L,1,sunday,36,0.028564654455723513,8
_L,1,sunday,37,0.02775479077651548,8
_L,1,sunday,38,0.027115034744929798,8
_L,1,sunday,39,0.025699888817045574,8
_L,1,sunday,40,0.025001145397312314,8
_L,1,sunday,41,0.02372258360301409,8
_L,1,sunday,42,0.022595643496227186,8
_L,1,sunday,43,0.021482184071283647,8
_L,1,sunday,44,0.020214463007408583,8
_L,1,sunday,45,0.018716171404051386,8
_L,1,sunday,46,0.017915751191278344,8
_L,1,sunday,47,0.016753255823764957,8
_L,1,sunday,48,0.01617319111764385,8
_L,1,weekday,1,0.017893622066060978,45
_L,1,weekday,2,0.018912618963431913,45
_L,1,weekday,3,0.018662415869539522,45
_L,1,weekday,4,0.01820173399716538,45
_L,1,weekday,5,0.017934477119581092,45
_L,1,weekday,6,0.017642674673598206,45
_L,1,weekday,7,0.017016710301054574,45
_L,1,weekday,8,0.01666482917991569,45
_L,1,weekday,9,0.016067043066983495,45
_L,1,weekday,10,0.01589490333558191,45
_L,1,weekday,11,0.0157842012533895,45
_L,1,weekday,12,0.016216193531965687,45
_L,1,weekday,13,0.017913722192613557,45
_L,1,weekday,14,0.01958011241364095,45
_L,1,weekday,15,0.021291061068930747,45
_L,1,weekday,16,0.022173943796549016,45
_L,1,weekday,17,0.02324626741677136,45
_L,1,weekday,18,0.023305743358305733,45
_L,1,weekday,19,0.023385072468241407,45
_L,1,weekday,20,0.022651678508529678,45
_L,1,weekday,21,0.021663862984363194,45
_L,1,weekday,22,0.02086660956564754,45
_L,1,weekday,23,0.020285576392951452,45
_L,1,weekday,24,0.019827788699984153,45
_L,1,weekday,25,0.01995650520868345,45
_L,1,weekday,26,0.020016155328583262,45
_L,1,weekday,27,0.02024760054022496,45
_L,1,weekday,28,0.02040397693183556,45
_L,1,weekday,29,0.020747789657766334,45
_L,1,weekday,30,0.021267729579586336,45
_L,1,weekday,31,0.022270496608900833,45
_L,1,weekday,32,0.02345790991662002,45
_L,1,weekday,33,0.02493383052598481,45
_L,1,weekday,34,0.026132100939795046,45
_L,1,weekday,35,0.027044696940008005,45
_L,1,weekday,36,0.027496288452365528,45
_L,1,weekday,37,0.02719701791513859,45
_L,1,weekday,38,0.02669584385581385,45
_L,1,weekday,39,0.0259692322160125,45
_L,1,weekday,40,0.02500904504301373,45
_L,1,weekday,41,0.023925825042749753,45
_L,1,weekday,42,0.02282305044569074,45
_L,1,weekday,43,0.021510687868152533,45
_L,1,weekday,44,0.02025746515835146,45
_L,1,weekday,45,0.01889861100486959,45
_L,1,weekday,46,0.017768073307819758,45
_L,1,weekday,47,0.016706741233350413,45
_L,1,weekday,48,0.0161804640538862,45
_L,2,saturday,1,0.02076314306288169,8
_L,2,saturday,2,0.02175379190715189,8
_L,2,saturday,3,0.02159097072235622,8
_L,2,saturday,4,0.02103461100851499,8
_L,2,saturday,5,0.02075163945359495,8
_L,2,saturday,6,0.020223657956373202,8
_L,2,saturday,7,0.019646734222174014,8
_L,2,saturday,8,0.018845788680142903,8
_L,2,saturday,9,0.018528421440246266,8
_L,2,saturday,10,0.018080927862346913,8
_L,2,saturday,11,0.0179785520464671,8
_L,2,saturday,12,0.017970571654318212,8
_L,2,saturday,13,0.01906739349448482,8
_L,2,saturday,14,0.019890948105084086,8
_L,2,saturday,15,0.020877454065523347,8
_L,2,saturday,16,0.02151036648061581,8
_L,2,saturday,17,0.022293310482114994,8
_L,2,saturday,18,0.021681074131032388,8
_L,2,saturday,19,0.02110988021732819,8
_L,2,saturday,20,0.019632713352622944,8
_L,2,saturday,21,0.01839763881199589,8
_L,2,saturday,22,0.017293364400430274,8
_L,2,saturday,23,0.0165013688777456,8
_L,2,saturday,24,0.016140273466259895,8
_L,2,saturday,25,0.015989695601192223,8
_L,2,saturday,26,0.01613561232819721,8
_L,2,saturday,27,0.016263347376617443,8
_L,2,saturday,28,0.016888233671687652,8
_L,2,saturday,29,0.017066843321151645,8
_L,2,saturday,30,0.017996022490254747,8
_L,2,saturday,31,0.019528488905634148,8
_L,2,saturday,32,0.02102137486985297,8
_L,2,saturday,33,0.023035567462349877,8
_L,2,saturday,34,0.02533997180153854,8
_L,2,saturday,35,0.027559598534487303,8
_L,2,saturday,36,0.028939275634593947,8
_L,2,saturday,37,0.029194756693889032,8
_L,2,saturday,38,0.029152892418136546,8
_L,2,saturday,39,0.028004237616222862,8
_L,2,saturday,40,0.02671639549150668,8
_L,2,saturday,41,0.02538738145855725,8
_L,2,saturday,42,0.024382848819136285,8
_L,2,saturday,43,0.023037649548093297,8
_L,2,saturday,44,0.021758149030472886,8
_L,2,saturday,45,0.02026073377911666,8
_L,2,saturday,46,0.019165321545385295,8
_L,2,saturday,47,0.018163974706072,8
_L,2,saturday,48,0.017447030994046903,8
_L,2,sunday,1,0.019713456731468345,8
_L,2,sunday,2,0.020684032887000395,8
_L,2,sunday,3,0.020129277832062867,8
_L,2,sunday,4,0.01978748607582007,8
_L,2,sunday,5,0.01911048381987147,8
_L,2,sunday,6,0.018688965086469153,8
_L,2,sunday,7,0.017887409190533263,8
_L,2,sunday,8,0.017369186649928568,8
_L,2,sunday,9,0.01673694612830803,8
_L,2,sunday,10,0.016390758968687,8
_L,2,sunday,11,0.01615391734740123,8
_L,2,sunday,12,0.016168134316084746,8
_L,2,sunday,13,0.016738633020701433,8
_L,2,sunday,14,0.017219898716756114,8
_L,2,sunday,15,0.018180965956194332,8
_L,2,sunday,16,0.018605337190877872,8
_L,2,sunday,17,0.020005016120369336,8
_L,2,sunday,18,0.020171610395254412,8
_L,2,sunday,19,0.02088666540153461,8
_L,2,sunday,20,0.0205236758296925,8
_L,2,sunday,21,0.020795241564699442,8
_L,2,sunday,22,0.020355812203697247,8
_L,2,sunday,23,0.020007243816172946,8
_L,2,sunday,24,0.01918941996123296,8
_L,2,sunday,25,0.01896240284614317,8
_L,2,sunday,26,0.01889493476273296,8
_L,2,sunday,27,0.019355937824372997,8
_L,2,sunday,28,0.01924703300098391,8
_L,2,sunday,29,0.01924446329369066,8
_L,2,sunday,30,0.01968526873720726,8
_L,2,sunday,31,0.020875473681306433,8
_L,2,sunday,32,0.02277086959808461,8
_L,2,sunday,33,0.024461698903544566,8
_L,2,sunday,34,0.02664655539451624,8
_L,2,sunday,35,0.028895077236969845,8
_L,2,sunday,36,0.02981139202697946,8
_L,2,sunday,37,0.029197721736065135,8
_L,2,sunday,38,0.028715162782612783,8
_L,2,sunday,39,0.02745844913435321,8
_L,2,sunday,40,0.026583557527419463,8
_L,2,sunday,41,0.025241273958646986,8
_L,2,sunday,42,0.0243383508046452,8
_L,2,sunday,43,0.022938012211819774,8
_L,2,sunday,44,0.021595086256999622,8
_L,2,sunday,45,0.019973192408759027,8
_L,2,sunday,46,0.018998947295401983,8
_L,2,sunday,47,0.01762451468693638,8
_L,2,sunday,48,0.016985048678989978,8
_L,2,weekday,1,0.01863928338354128,40
_L,2,weekday,2,0.01971052256756066,40
_L,2,weekday,3,0.019522748446961804,40
_L,2,weekday,4,0.01895186397366356,40
_L,2,weekday,5,0.01861557300201385,40
_L,2,weekday,6,0.01826019807585396,40
_L,2,weekday,7,0.017617377831148216,40
_L,2,weekday,8,0.01711311190187973,40
_L,2,weekday,9,0.016481688283214786,40
_L,2,weekday,10,0.016283395184192168,40
_L,2,weekday,11,0.016155507511914177,40
_L,2,weekday,12,0.016782629051234087,40
_L,2,weekday,13,0.01866768366529589,40
_L,2,weekday,14,0.020511904411411895,40
_L,2,weekday,15,0.022451400833231123,40
_L,2,weekday,16,0.023013961923408995,40
_L,2,weekday,17,0.02381917139428664,40
_L,2,weekday,18,0.023341243143672457,40
_L,2,weekday,19,0.022715708909116526,40
_L,2,weekday,20,0.021669877252424384,40
_L,2,weekday,21,0.020692298783779404,40
_L,2,weekday,22,0.019756000590304156,40
_L,2,weekday,23,0.0191135969952413,40
_L,2,weekday,24,0.018638496835684835,40
_L,2,weekday,25,0.018648052839504967,40
_L,2,weekday,26,0.018488775335633683,40
_L,2,weekday,27,0.01853715765789183,40
_L,2,weekday,28,0.018536556918019836,40
_L,2,weekday,29,0.018702195698371827,40
_L,2,weekday,30,0.01935725745323436,40
_L,2,weekday,31,0.020190874419269613,40
_L,2,weekday,32,0.021667799120208504,40
_L,2,weekday,33,0.02353839031331884,40
_L,2,weekday,34,0.025387768602426523,40
_L,2,weekday,35,0.02690854414590803,40
_L,2,weekday,36,0.02777904256399128,40
_L,2,weekday,37,0.028164247521970248,40
_L,2,weekday,38,0.027865292881083952,40
_L,2,weekday,39,0.027280740400067345,40
_L,2,weekday,40,0.026300493706181222,40
_L,2,weekday,41,0.024997855919143126,40
_L,2,weekday,42,0.02386879836655836,40
_L,2,weekday,43,0.022522194655462395,40
_L,2,weekday,44,0.021011022179535467,40
_L,2,weekday,45,0.019520000875186426,40
_L,2,weekday,46,0.01842257684323547,40
_L,2,weekday,47,0.017135007545180846,40
_L,2,weekday,48,0.016644110087579964,40
_L,3,saturday,1,0.02456107853895793,9
_L,3,saturday,2,0.025868805948158193,9
_L,3,saturday,3,0.025498765597043963,9
_L,3,saturday,4,0.02455416494016271,9
_L,3,saturday,5,0.023920307377951255,9
_L,3,saturday,6,0.023379331169582976,9
_L,3,saturday,7,0.022586325579116842,9
_L,3,saturday,8,0.022015859423385575,9
_L,3,saturday,9,0.02148116263055329,9
_L,3,saturday,10,0.021150257620807723,9
_L,3,saturday,11,0.02112999335767485,9
_L,3,saturday,12,0.021136975669998042,9
_L,3,saturday,13,0.022435825907179158,9
_L,3,saturday,14,0.022916205546449818,9
_L,3,saturday,15,0.022894163569316024,9
_L,3,saturday,16,0.021628666455350776,9
_L,3,saturday,17,0.02041341275958656,9
_L,3,saturday,18,0.01836078051456523,9
_L,3,saturday,19,0.01637246585410779,9
_L,3,saturday,20,0.014122921857411645,9
_L,3,saturday,21,0.012270045960979093,9
_L,3,saturday,22,0.011312069292603635,9
_L,3,saturday,23,0.009967592733778013,9
_L,3,saturday,24,0.009208551818501083,9
_L,3,saturday,25,0.008783147704669154,9
_L,3,saturday,26,0.008802004157433208,9
_L,3,saturday,27,0.008637146825081966,9
_L,3,saturday,28,0.009284840828839033,9
_L,3,saturday,29,0.010015601135201953,9
_L,3,saturday,30,0.011074016405925518,9
_L,3,saturday,31,0.013429033779583084,9
_L,3,saturday,32,0.016149255574783476,9
_L,3,saturday,33,0.019508444814104246,9
_L,3,saturday,34,0.02337871717628775,9
_L,3,saturday,35,0.02762232815411563,9
_L,3,saturday,36,0.03026393567327655,9
_L,3,saturday,37,0.032117622661454785,9
_L,3,saturday,38,0.032757556895885616,9
_L,3,saturday,39,0.032519484187743586,9
_L,3,saturday,40,0.03153707855841767,9
_L,3,saturday,41,0.030094549175989402,9
_L,3,saturday,42,0.02915528572318364,9
_L,3,saturday,43,0.027658796576543496,9
_L,3,saturday,44,0.02616102988947601,9
_L,3,saturday,45,0.024727401448323125,9
_L,3,saturday,46,0.02338419184983662,9
_L,3,saturday,47,0.02217290483870572,9
_L,3,saturday,48,0.02157989584191655,9
_L,3,sunday,1,0.023263668488374536,10
_L,3,sunday,2,0.02455341629703763,10
_L,3,sunday,3,0.024066482373392983,10
_L,3,sunday,4,0.02321283331857144,10
_L,3,sunday,5,0.02258984605342605,10
_L,3,sunday,6,0.021925771441273206,10
_L,3,sunday,7,0.02116981495066675,10
_L,3,sunday,8,0.02063009544239608,10
_L,3,sunday,9,0.020111154775514235,10
_L,3,sunday,10,0.01974491936194611,10
_L,3,sunday,11,0.01959190916516111,10
_L,3,sunday,12,0.01984265792297329,10
_L,3,sunday,13,0.02070015817663446,10
_L,3,sunday,14,0.021279539670433167,10
_L,3,sunday,15,0.020748770342450283,10
_L,3,sunday,16,0.019752669580075044,10
_L,3,sunday,17,0.019216413347481972,10
_L,3,sunday,18,0.01794585351597979,10
_L,3,sunday,19,0.0167742089000893,10
_L,3,sunday,20,0.015049051740175389,10
_L,3,sunday,21,0.013748691787990168,10
_L,3,sunday,22,0.012599919412954082,10
_L,3,sunday,23,0.011867988210901861,10
_L,3,sunday,24,0.011475541156950682,10
_L,3,sunday,25,0.011703964674836977,10
_L,3,sunday,26,0.01210036206779857,10
_L,3,sunday,27,0.012626462407298906,10
_L,3,sunday,28,0.012669903018952091,10
_L,3,sunday,29,0.013821763668108078,10
_L,3,sunday,30,0.015184874607480133,10
_L,3,sunday,31,0.017254165814931523,10
_L,3,sunday,32,0.01975438494100589,10
_L,3,sunday,33,0.02286317678736227,10
_L,3,sunday,34,0.026145511641151132,10
_L,3,sunday,35,0.029091624017461834,10
_L,3,sunday,36,0.031111594923137104,10
_L,3,sunday,37,0.03202785671431734,10
_L,3,sunday,38,0.03216775239504449,10
_L,3,sunday,39,0.03137294226243863,10
_L,3,sunday,40,0.030079981973421974,10
_L,3,sunday,41,0.028420172068640656,10
_L,3,sunday,42,0.02716615459413552,10
_L,3,sunday,43,0.025735802327594225,10
_L,3,sunday,44,0.024357792961172776,10
_L,3,sunday,45,0.02232276780580671,10
_L,3,sunday,46,0.021172681641220634,10
_L,3,sunday,47,0.019596742670749893,8
_L,3,sunday,48,0.019390188583083032,8
_L,3,weekday,1,0.021166967382943158,43
_L,3,weekday,2,0.022298251432857394,43
_L,3,weekday,3,0.02207713485227158,43
_L,3,weekday,4,0.021535954850918974,43
_L,3,weekday,5,0.021092053782858413,43
_L,3,weekday,6,0.020636983761296378,43
_L,3,weekday,7,0.019979274969357336,43
_L,3,weekday,8,0.019433056997964476,43
_L,3,weekday,9,0.018861867299268417,43
_L,3,weekday,10,0.018696370854911763,43
_L,3,weekday,11,0.018829826019268966,43
_L,3,weekday,12,0.019573667381053823,43
_L,3,weekday,13,0.021836228998026622,43
_L,3,weekday,14,0.023407525976797215,43
_L,3,weekday,15,0.025265322345375055,43
_L,3,weekday,16,0.024661798708949245,43
_L,3,weekday,17,0.023940665257994848,43
_L,3,weekday,18,0.022297259331649555,43
_L,3,weekday,19,0.020552859957937094,43
_L,3,weekday,20,0.018509706718138043,43
_L,3,weekday,21,0.016549415470673526,43
_L,3,weekday,22,0.015020427444086819,43
_L,3,weekday,23,0.013809849729363171,43
_L,3,weekday,24,0.012934121891824787,43
_L,3,weekday,25,0.012521996538816154,43
_L,3,weekday,26,0.012437029526592588,43
_L,3,weekday,27,0.012269998043606877,43
_L,3,weekday,28,0.012148519056557623,43
_L,3,weekday,29,0.012435598746237288,43
_L,3,weekday,30,0.013312121344287546,43
_L,3,weekday,31,0.014800478979916,43
_L,3,weekday,32,0.0171723528157588,43
_L,3,weekday,33,0.020216439442798117,43
_L,3,weekday,34,0.02342750970597762,43
_L,3,weekday,35,0.026113812167650633,43
_L,3,weekday,36,0.028509921722122647,43
_L,3,weekday,37,0.030007657214173245,43
_L,3,weekday,38,0.03059730500461095,43
_L,3,weekday,39,0.031097833106988916,43
_L,3,weekday,40,0.03013937830556996,43
_L,3,weekday,41,0.028898528928280046,43
_L,3,weekday,42,0.027590835187678197,43
_L,3,weekday,43,0.026027097877507045,43
_L,3,weekday,44,0.02429393732514489,43
_L,3,weekday,45,0.022698871046280187,43
_L,3,weekday,46,0.021295866473373202,43
_L,3,weekday,47,0.01981314704851693,43
_L,3,weekday,48,0.019207172975767874,43
_L,4,saturday,1,0.02397360050396398,8
_L,4,saturday,2,0.02374349094490523,8
_L,4,saturday,3,0.02521560426138931,8
_L,4,saturday,4,0.02601695156316307,8
_L,4,saturday,5,0.025595535269009914,8
_L,4,saturday,6,0.024706828618799536,8
_L,4,saturday,7,0.02381652803147373,8
_L,4,saturday,8,0.023055476137633823,8
_L,4,saturday,9,0.022578256329824842,8
_L,4,saturday,10,0.022103460897836075,8
_L,4,saturday,11,0.022183093873351566,8
_L,4,saturday,12,0.022125351517898687,8
_L,4,saturday,13,0.023527464794193518,8
_L,4,saturday,14,0.024121157488410098,8
_L,4,saturday,15,0.02546278993276438,8
_L,4,saturday,16,0.025282113305726273,8
_L,4,saturday,17,0.024639785193477703,8
_L,4,saturday,18,0.022407373190867063,8
_L,4,saturday,19,0.019945196789958854,8
_L,4,saturday,20,0.016710138155129388,8
_L,4,saturday,21,0.014192843785590426,8
_L,4,saturday,22,0.011970390548190359,8
_L,4,saturday,23,0.00977829328726518,8
_L,4,saturday,24,0.008762404865595715,8
_L,4,saturday,25,0.008727808645250554,8
_L,4,saturday,26,0.008592502251335182,8
_L,4,saturday,27,0.00835748756959921,8
_L,4,saturday,28,0.008405384437092657,8
_L,4,saturday,29,0.00785087541316049,8
_L,4,saturday,30,0.007851322419340886,8
_L,4,saturday,31,0.008248881011969958,8
_L,4,saturday,32,0.00910674264914321,8
_L,4,saturday,33,0.011074155372647743,8
_L,4,saturday,34,0.014844077745703057,8
_L,4,saturday,35,0.01972818323453748,8
_L,4,saturday,36,0.02402002040458348,8
_L,4,saturday,37,0.02788356892876083,8
_L,4,saturday,38,0.030444578613799258,8
_L,4,saturday,39,0.03216133157233928,8
_L,4,saturday,40,0.03249609746520889,8
_L,4,saturday,41,0.03274586743749945,8
_L,4,saturday,42,0.03230009148561861,8
_L,4,saturday,43,0.031223389020802333,8
_L,4,saturday,44,0.02984695342968821,8
_L,4,saturday,45,0.028190424773693323,8
_L,4,saturday,46,0.026361388305315925,8
_L,4,saturday,47,0.024219699023488795,8
_L,4,saturday,48,0.02340503950300249,8
_L,4,sunday,1,0.024565009580483316,8
_L,4,sunday,2,0.02421234230345034,8
_L,4,sunday,3,0.02626531790713406,8
_L,4,sunday,4,0.0268567651493983,8
_L,4,sunday,5,0.026627720048096826,8
_L,4,sunday,6,0.02565843805225753,8
_L,4,sunday,7,0.02459651654725435,8
_L,4,sunday,8,0.024105807233163766,8
_L,4,sunday,9,0.02332931036441041,8
_L,4,sunday,10,0.02294381414145704,8
_L,4,sunday,11,0.022865690560533444,8
_L,4,sunday,12,0.022881293771697522,8
_L,4,sunday,13,0.024025701858519412,8
_L,4,sunday,14,0.02424648041530656,8
_L,4,sunday,15,0.024717289159235607,8
_L,4,sunday,16,0.02408158524707495,8
_L,4,sunday,17,0.022665429923058658,8
_L,4,sunday,18,0.0198451412647348,8
_L,4,sunday,19,0.0166735935429132,8
_L,4,sunday,20,0.013144542694709055,8
_L,4,sunday,21,0.009842682898371669,8
_L,4,sunday,22,0.007381045585267056,8
_L,4,sunday,23,0.005390525060927776,8
_L,4,sunday,24,0.004567095400040237,8
_L,4,sunday,25,0.00456765012306788,8
_L,4,sunday,26,0.00483377519358411,8
_L,4,sunday,27,0.004681403542679416,8
_L,4,sunday,28,0.004934886924870685,8
_L,4,sunday,29,0.005479213439883168,8
_L,4,sunday,30,0.00606951501914386,8
_L,4,sunday,31,0.0068742644205343475,8
_L,4,sunday,32,0.008791597270671128,8
_L,4,sunday,33,0.012482114284387474,8
_L,4,sunday,34,0.016721503102873618,8
_L,4,sunday,35,0.021466035913423043,8
_L,4,sunday,36,0.02592938670900817,8
_L,4,sunday,37,0.029489235994753248,8
_L,4,sunday,38,0.03257946742518629,8
_L,4,sunday,39,0.034467116220689306,8
_L,4,sunday,40,0.03537969184523887,8
_L,4,sunday,41,0.03583692215646901,8
_L,4,sunday,42,0.03576438552382147,8
_L,4,sunday,43,0.034694811907618736,8
_L,4,sunday,44,0.033396802406149666,8
_L,4,sunday,45,0.03111135613129691,8
_L,4,sunday,46,0.029344670234759854,8
_L,4,sunday,47,0.0272372574612174,8
_L,4,sunday,48,0.026377798039176448,8
_L,4,weekday,1,0.022619896736816646,44
_L,4,weekday,2,0.022425911737753587,44
_L,4,weekday,3,0.024097973084867066,44
_L,4,weekday,4,0.024553722189734294,44
_L,4,weekday,5,0.02426740611333075,44
_L,4,weekday,6,0.02349629360084866,44
_L,4,weekday,7,0.022696638727934246,44
_L,4,weekday,8,0.02223714548888469,44
_L,4,weekday,9,0.021736405655547984,44
_L,4,weekday,10,0.02154008606876054,44
_L,4,weekday,11,0.02177166885559825,44
_L,4,weekday,12,0.02246552492141534,44
_L,4,weekday,13,0.024679598928074795,44
_L,4,weekday,14,0.026042056223992773,44
_L,4,weekday,15,0.028252224398047456,44
_L,4,weekday,16,0.027740563692378765,44
_L,4,weekday,17,0.02662980049485694,44
_L,4,weekday,18,0.023977913863451675,44
_L,4,weekday,19,0.021260583705064392,44
_L,4,weekday,20,0.017913615410713343,44
_L,4,weekday,21,0.014720202574567763,44
_L,4,weekday,22,0.01226843447578821,44
_L,4,weekday,23,0.0104195176918369,44
_L,4,weekday,24,0.009401165420712954,44
_L,4,weekday,25,0.008945215499222706,44
_L,4,weekday,26,0.00835664944031372,44
_L,4,weekday,27,0.007863929887545662,44
_L,4,weekday,28,0.007393837699970137,44
_L,4,weekday,29,0.007389733696047993,44
_L,4,weekday,30,0.007618592441692532,44
_L,4,weekday,31,0.008151804813701778,44
_L,4,weekday,32,0.009829120050100641,44
_L,4,weekday,33,0.01273966232559356,44
_L,4,weekday,34,0.016438672777201766,44
_L,4,weekday,35,0.019661775333429873,44
_L,4,weekday,36,0.023624187128650123,44
_L,4,weekday,37,0.026753127542700202,44
_L,4,weekday,38,0.029456991474736797,44
_L,4,weekday,39,0.031710836522500827,44
_L,4,weekday,40,0.03230935611899794,44
_L,4,weekday,41,0.032790626552310485,44
_L,4,weekday,42,0.03225871169053691,44
_L,4,weekday,43,0.031083601246423394,44
_L,4,weekday,44,0.02948530415937204,44
_L,4,weekday,45,0.02748260693382583,44
_L,4,weekday,46,0.025397176511191697,44
_L,4,weekday,47,0.02345871504207827,44
_L,4,weekday,48,0.0225854150508771,44
_L,5,saturday,1,0.02795920374068387,10
_L,5,saturday,2,0.027268663597492648,10
_L,5,saturday,3,0.0277850886157046,10
_L,5,saturday,4,0.027576128992255027,10
_L,5,saturday,5,0.02681049023176752,10
_L,5,saturday,6,0.025702354412555396,10
_L,5,saturday,7,0.0250531100058518,10
_L,5,saturday,8,0.024504189931518556,10
_L,5,saturday,9,0.024100570593269907,10
_L,5,saturday,10,0.023744163762847555,10
_L,5,saturday,11,0.02403998594913991,10
_L,5,saturday,12,0.023697732363495715,10
_L,5,saturday,13,0.02442099691899483,10
_L,5,saturday,14,0.02418307568780906,10
_L,5,saturday,15,0.024645456394503724,10
_L,5,saturday,16,0.023856883621706702,10
_L,5,saturday,17,0.02272863813461425,10
_L,5,saturday,18,0.02068749152653086,10
_L,5,saturday,19,0.017803642987788998,10
_L,5,saturday,20,0.014131203895297716,10
_L,5,saturday,21,0.011145861918780732,10
_L,5,saturday,22,0.008884489462506934,10
_L,5,saturday,23,0.007585544209658637,10
_L,5,saturday,24,0.0069485130612714704,10
_L,5,saturday,25,0.0069651421937091005,10
_L,5,saturday,26,0.0068068446857061345,10
_L,5,saturday,27,0.006693621457227014,10
_L,5,saturday,28,0.0065129226649113525,10
_L,5,saturday,29,0.006268775262997491,10
_L,5,saturday,30,0.006635703995966151,10
_L,5,saturday,31,0.00663692638033989,10
_L,5,saturday,32,0.007098863387699781,10
_L,5,saturday,33,0.009064334768275551,10
_L,5,saturday,34,0.013021868579682652,10
_L,5,saturday,35,0.017663591717623904,10
_L,5,saturday,36,0.022286055288483334,10
_L,5,saturday,37,0.026583103804484504,10
_L,5,saturday,38,0.029732847132447875,10
_L,5,saturday,39,0.031564195820186804,10
_L,5,saturday,40,0.03270164643834465,10
_L,5,saturday,41,0.03340608781925361,10
_L,5,saturday,42,0.03379238921630024,10
_L,5,saturday,43,0.03371455458225924,10
_L,5,saturday,44,0.03278830676070826,10
_L,5,saturday,45,0.0313106587773581,10
_L,5,saturday,46,0.029619948663125128,10
_L,5,saturday,47,0.027520617004030336,10
_L,5,saturday,48,0.026347513582832476,10
_L,5,sunday,1,0.027249919231356397,9
_L,5,sunday,2,0.026686872477520388,9
_L,5,sunday,3,0.027731481676146228,9
_L,5,sunday,4,0.027600424808068937,9
_L,5,sunday,5,0.02672561186054001,9
_L,5,sunday,6,0.02559273339365152,9
_L,5,sunday,7,0.024728225768266485,9
_L,5,sunday,8,0.024315172387911196,9
_L,5,sunday,9,0.0238598136251042,9
_L,5,sunday,10,0.0234573333440021,9
_L,5,sunday,11,0.02328729741423569,9
_L,5,sunday,12,0.022909621748931974,9
_L,5,sunday,13,0.023550239863449715,9
_L,5,sunday,14,0.022411935123396075,9
_L,5,sunday,15,0.021969232224939607,9
_L,5,sunday,16,0.020156641172730857,9
_L,5,sunday,17,0.01859857558575205,9
_L,5,sunday,18,0.016344343869974718,9
_L,5,sunday,19,0.014962201948585586,9
_L,5,sunday,20,0.01272451916911329,9
_L,5,sunday,21,0.01037535566172646,9
_L,5,sunday,22,0.00789521553581668,9
_L,5,sunday,23,0.006865943195632527,9
_L,5,sunday,24,0.0059498298670055015,9
_L,5,sunday,25,0.005849095543903855,9
_L,5,sunday,26,0.0062334368049660055,9
_L,5,sunday,27,0.006294733126658037,9
_L,5,sunday,28,0.005516372545675836,9
_L,5,sunday,29,0.005426680435841049,9
_L,5,sunday,30,0.00590693682327902,9
_L,5,sunday,31,0.006455463458525207,9
_L,5,sunday,32,0.007677399985402926,9
_L,5,sunday,33,0.010447692632677209,9
_L,5,sunday,34,0.014642869901012441,9
_L,5,sunday,35,0.019199980472005086,9
_L,5,sunday,36,0.023662315294719374,9
_L,5,sunday,37,0.027976531790502183,9
_L,5,sunday,38,0.03141201876542355,9
_L,5,sunday,39,0.03415239929276239,9
_L,5,sunday,40,0.035616167999902526,9
_L,5,sunday,41,0.036504901966885404,9
_L,5,sunday,42,0.03664297875888979,9
_L,5,sunday,43,0.036402747392974825,9
_L,5,sunday,44,0.035455966889178694,9
_L,5,sunday,45,0.03367725567681487,9
_L,5,sunday,46,0.03178384877926061,9
_L,5,sunday,47,0.02905003820760143,9
_L,5,sunday,48,0.028063626501279512,9
_L,5,weekday,1,0.024221636944311255,43
_L,5,weekday,2,0.023845709427124804,43
_L,5,weekday,3,0.024630681444020145,43
_L,5,weekday,4,0.02469421362237809,43
_L,5,weekday,5,0.024211101114151288,43
_L,5,weekday,6,0.023543433809721865,43
_L,5,weekday,7,0.02293405765413045,43
_L,5,weekday,8,0.022618692589793453,43
_L,5,weekday,9,0.022276065642319973,43
_L,5,weekday,10,0.022077438875970645,43
_L,5,weekday,11,0.022364566425972836,43
_L,5,weekday,12,0.02261133910900079,43
_L,5,weekday,13,0.02458566827899073,43
_L,5,weekday,14,0.025544136954311493,43
_L,5,weekday,15,0.027116480548493617,43
_L,5,weekday,16,0.026166047725394416,43
_L,5,weekday,17,0.0249019088173509,43
_L,5,weekday,18,0.022338162008644746,43
_L,5,weekday,19,0.019859773204552105,43
_L,5,weekday,20,0.017185462707460446,43
_L,5,weekday,21,0.014670555371318858,43
_L,5,weekday,22,0.01241789200509687,43
_L,5,weekday,23,0.010586766535089994,43
_L,5,weekday,24,0.009119073577471631,43
_L,5,weekday,25,0.008234519577059885,43
_L,5,weekday,26,0.007467839365571879,43
_L,5,weekday,27,0.006522362039280771,43
_L,5,weekday,28,0.0060038129070624745,43
_L,5,weekday,29,0.005889382813375503,43
_L,5,weekday,30,0.0062247132418395325,43
_L,5,weekday,31,0.006915119458668715,43
_L,5,weekday,32,0.008551873788500254,43
_L,5,weekday,33,0.011656233406977733,43
_L,5,weekday,34,0.01548421229157054,43
_L,5,weekday,35,0.018764934860097834,43
_L,5,weekday,36,0.022715010549072406,43
_L,5,weekday,37,0.026055092357429657,43
_L,5,weekday,38,0.029082180701032558,43
_L,5,weekday,39,0.03188486347104807,43
_L,5,weekday,40,0.03303774800225476,43
_L,5,weekday,41,0.03325863260835804,43
_L,5,weekday,42,0.03320495885094871,43
_L,5,weekday,43,0.03296797221317415,43
_L,5,weekday,44,0.03193154931758638,43
_L,5,weekday,45,0.03027327152109101,43
_L,5,weekday,46,0.028310975343382,43
_L,5,weekday,47,0.026095644743378155,43
_L,5,weekday,48,0.02494623217816759,43
_L,6,saturday,1,0.025870246020907768,8
_L,6,saturday,2,0.02533819948128235,8
_L,6,saturday,3,0.025888972514909913,8
_L,6,saturday,4,0.025715616660741483,8
_L,6,saturday,5,0.02518546521817555,8
_L,6,saturday,6,0.024561175775782172,8
_L,6,saturday,7,0.02392440990882168,8
_L,6,saturday,8,0.023357659891347485,8
_L,6,saturday,9,0.023090771498812022,8
_L,6,saturday,10,0.02293687498544993,8
_L,6,saturday,11,0.022844758551507437,8
_L,6,saturday,12,0.022409329450784665,8
_L,6,saturday,13,0.022953166748626,8
_L,6,saturday,14,0.022635438142619063,8
_L,6,saturday,15,0.023197656418856835,8
_L,6,saturday,16,0.022791100751401998,8
_L,6,saturday,17,0.022792095852209468,8
_L,6,saturday,18,0.021908180481821988,8
_L,6,saturday,19,0.021067924941835806,8
_L,6,saturday,20,0.019205399124308086,8
_L,6,saturday,21,0.01699633458743662,8
_L,6,saturday,22,0.015020739849642735,8
_L,6,saturday,23,0.013691453484669746,8
_L,6,saturday,24,0.012419856502670768,8
_L,6,saturday,25,0.01257032085123729,8
_L,6,saturday,26,0.011372443279091954,8
_L,6,saturday,27,0.00955834939994808,8
_L,6,saturday,28,0.008623761800970532,8
_L,6,saturday,29,0.007767132015980575,8
_L,6,saturday,30,0.007207459646478064,8
_L,6,saturday,31,0.007489047786006122,8
_L,6,saturday,32,0.007482409672341693,8
_L,6,saturday,33,0.008589412450830412,8
_L,6,saturday,34,0.01186464388265785,8
_L,6,saturday,35,0.01666365384989138,8
_L,6,saturday,36,0.020807403544055535,8
_L,6,saturday,37,0.024355523458448762,8
_L,6,saturday,38,0.0266925101604324,8
_L,6,saturday,39,0.028528054710848547,8
_L,6,saturday,40,0.029983774283815948,8
_L,6,saturday,41,0.030618468575998252,8
_L,6,saturday,42,0.030871545039931687,8
_L,6,saturday,43,0.03070218834647392,8
_L,6,saturday,44,0.030663477340133784,8
_L,6,saturday,45,0.02991071533359533,8
_L,6,saturday,46,0.028558085920296017,8
_L,6,saturday,47,0.027118505954649146,8
_L,6,saturday,48,0.026198285851265157,8
_L,6,sunday,1,0.028019248982883597,9
_L,6,sunday,2,0.027395078653985577,9
_L,6,sunday,3,0.027698717679691152,9
_L,6,sunday,4,0.027401112355913065,9
_L,6,sunday,5,0.02658787880860826,9
_L,6,sunday,6,0.025840754565942946,9
_L,6,sunday,7,0.024917728349951335,9
_L,6,sunday,8,0.02454194197681655,9
_L,6,sunday,9,0.024228793292428347,9
_L,6,sunday,10,0.02401985591753398,9
_L,6,sunday,11,0.023745729864543503,9
_L,6,sunday,12,0.023031770856329018,9
_L,6,sunday,13,0.02320265031370729,9
_L,6,sunday,14,0.02229896622273482,9
_L,6,sunday,15,0.021912641267022737,9
_L,6,sunday,16,0.020838917784580826,9
_L,6,sunday,17,0.019920092232860172,9
_L,6,sunday,18,0.017827208438587195,9
_L,6,sunday,19,0.015726742486020084,9
_L,6,sunday,20,0.013084913516595723,9
_L,6,sunday,21,0.011629159968468809,9
_L,6,sunday,22,0.009241849059854708,9
_L,6,sunday,23,0.0074813052972248694,9
_L,6,sunday,24,0.006627773950258955,9
_L,6,sunday,25,0.0060612433353588345,9
_L,6,sunday,26,0.005518361009262473,9
_L,6,sunday,27,0.0049936924572413,9
_L,6,sunday,28,0.00474560806241914,9
_L,6,sunday,29,0.005190290642986339,9
_L,6,sunday,30,0.005502009682521184,9
_L,6,sunday,31,0.006152037254872543,9
_L,6,sunday,32,0.008176597961755407,9
_L,6,sunday,33,0.011330362191282705,9
_L,6,sunday,34,0.014977952822261146,9
_L,6,sunday,35,0.019756531073835615,9
_L,6,sunday,36,0.024698713658779622,9
_L,6,sunday,37,0.028121343259346523,9
_L,6,sunday,38,0.030704535615813662,9
_L,6,sunday,39,0.03343495601068404,9
_L,6,sunday,40,0.034404741351800126,9
_L,6,sunday,41,0.03487965661894859,9
_L,6,sunday,42,0.03474092382297214,9
_L,6,sunday,43,0.03468765530532151,9
_L,6,sunday,44,0.033983143117727446,9
_L,6,sunday,45,0.03303590790961867,9
_L,6,sunday,46,0.030999746428236837,9
_L,6,sunday,47,0.02892587276096235,9
_L,6,sunday,48,0.027757285803448325,9
_L,6,weekday,1,0.02352192002240074,43
_L,6,weekday,2,0.02311843693212138,43
_L,6,weekday,3,0.023517075604605742,43
_L,6,weekday,4,0.02340432769766154,43
_L,6,weekday,5,0.022842967302697026,43
_L,6,weekday,6,0.022189610675603835,43
_L,6,weekday,7,0.021738284964398048,43
_L,6,weekday,8,0.021521496866161643,43
_L,6,weekday,9,0.02114415561735145,43
_L,6,weekday,10,0.021049984400852536,43
_L,6,weekday,11,0.021213176554187963,43
_L,6,weekday,12,0.021332592436961402,43
_L,6,weekday,13,0.02308503441805726,43
_L,6,weekday,14,0.02415655649018793,43
_L,6,weekday,15,0.025910022593860587,43
_L,6,weekday,16,0.025573341287188134,43
_L,6,weekday,17,0.02467781782870239,43
_L,6,weekday,18,0.02286567335509751,43
_L,6,weekday,19,0.02130712906383566,43
_L,6,weekday,20,0.018967288447904525,43
_L,6,weekday,21,0.01665541126728311,43
_L,6,weekday,22,0.01455112153839564,43
_L,6,weekday,23,0.01278848294535715,43
_L,6,weekday,24,0.011420688202091803,43
_L,6,weekday,25,0.010600306150900353,43
_L,6,weekday,26,0.009601222068321336,43
_L,6,weekday,27,0.008388948125156576,43
_L,6,weekday,28,0.007909037087086212,43
_L,6,weekday,29,0.008057357002558503,43
_L,6,weekday,30,0.00846740459294333,43
_L,6,weekday,31,0.009362482289057585,43
_L,6,weekday,32,0.011374077593218807,43
_L,6,weekday,33,0.014207493865357907,43
_L,6,weekday,34,0.017377123050739084,43
_L,6,weekday,35,0.02018264192230997,43
_L,6,weekday,36,0.023322377911590066,43
_L,6,weekday,37,0.025529467822357294,43
_L,6,weekday,38,0.027772603535914434,43
_L,6,weekday,39,0.029944503170509715,43
_L,6,weekday,40,0.03075139434035791,43
_L,6,weekday,41,0.030992451654658894,43
_L,6,weekday,42,0.03081296929184525,43
_L,6,weekday,43,0.030670747242906173,43
_L,6,weekday,44,0.030033087016598823,43
_L,6,weekday,45,0.029046170503518112,43
_L,6,weekday,46,0.027346544508922776,43
_L,6,weekday,47,0.025341092758132892,43
_L,6,weekday,48,0.024355899982072993,43
_L,7,saturday,1,0.029031294718577252,8
_L,7,saturday,2,0.02825004255813968,8
_L,7,saturday,3,0.02810678692233317,8
_L,7,saturday,4,0.027855943114418295,8
_L,7,saturday,5,0.02705437953891757,8
_L,7,saturday,6,0.026196016627916596,8
_L,7,saturday,7,0.025336496545396724,8
_L,7,saturday,8,0.024869852025126232,8
_L,7,saturday,9,0.024483705121376785,8
_L,7,saturday,10,0.02425137561984334,8
_L,7,saturday,11,0.024148019975758658,8
_L,7,saturday,12,0.023837894326890294,8
_L,7,saturday,13,0.02447796528340955,8
_L,7,saturday,14,0.02413860785060496,8
_L,7,saturday,15,0.02475045972875289,8
_L,7,saturday,16,0.023740128992676662,8
_L,7,saturday,17,0.023290256078029516,8
_L,7,saturday,18,0.021634553338585695,8
_L,7,saturday,19,0.019862208778935762,8
_L,7,saturday,20,0.016785199662335677,8
_L,7,saturday,21,0.014242835746261525,8
_L,7,saturday,22,0.011986332642851729,8
_L,7,saturday,23,0.009494159780829526,8
_L,7,saturday,24,0.007671988831660321,8
_L,7,saturday,25,0.006717932131691128,8
_L,7,saturday,26,0.005082806903594623,8
_L,7,saturday,27,0.004040983557924809,8
_L,7,saturday,28,0.0035661709180817586,8
_L,7,saturday,29,0.0034723433201261926,8
_L,7,saturday,30,0.0039195959777801855,8
_L,7,saturday,31,0.0046810487954078855,8
_L,7,saturday,32,0.005540307136986793,8
_L,7,saturday,33,0.008741264874842416,8
_L,7,saturday,34,0.01250371368358972,8
_L,7,saturday,35,0.017406012986216243,8
_L,7,saturday,36,0.022251785994212302,8
_L,7,saturday,37,0.025947573992112408,8
_L,7,saturday,38,0.029081611453983938,8
_L,7,saturday,39,0.03150683897204145,8
_L,7,saturday,40,0.03254511233769747,8
_L,7,saturday,41,0.033261846313034464,8
_L,7,saturday,42,0.03300764943722663,8
_L,7,saturday,43,0.032670749758566736,8
_L,7,saturday,44,0.032166993163273,8
_L,7,saturday,45,0.031097041848212076,8
_L,7,saturday,46,0.029864537706748562,8
_L,7,saturday,47,0.028191562538079824,8
_L,7,saturday,48,0.027238012388941014,8
_L,7,sunday,1,0.027921104911220098,8
_L,7,sunday,2,0.027220690799952516,8
_L,7,sunday,3,0.027246513658898817,8
_L,7,sunday,4,0.026914436770048088,8
_L,7,sunday,5,0.025870080588760017,8
_L,7,sunday,6,0.02492400119413974,8
_L,7,sunday,7,0.024227132501173875,8
_L,7,sunday,8,0.02381502711823657,8
_L,7,sunday,9,0.023563198633003234,8
_L,7,sunday,10,0.023189099932389927,8
_L,7,sunday,11,0.022962661724422878,8
_L,7,sunday,12,0.022492323812763015,8
_L,7,sunday,13,0.02279875761874442,8
_L,7,sunday,14,0.02240340368997259,8
_L,7,sunday,15,0.02219865725463205,8
_L,7,sunday,16,0.021562002432516457,8
_L,7,sunday,17,0.021036195992961353,8
_L,7,sunday,18,0.019128440011034687,8
_L,7,sunday,19,0.01718924169203971,8
_L,7,sunday,20,0.015139237887494291,8
_L,7,sunday,21,0.012737717889778843,8
_L,7,sunday,22,0.010033009119640708,8
_L,7,sunday,23,0.008124279204710256,8
_L,7,sunday,24,0.006950788387688728,8
_L,7,sunday,25,0.006874988574400053,8
_L,7,sunday,26,0.006063130308713775,8
_L,7,sunday,27,0.005253184436467792,8
_L,7,sunday,28,0.004971328409419898,8
_L,7,sunday,29,0.004853346485661199,8
_L,7,sunday,30,0.004649918934861549,8
_L,7,sunday,31,0.005370400724928923,8
_L,7,sunday,32,0.007081912677353719,8
_L,7,sunday,33,0.010240079314810975,8
_L,7,sunday,34,0.014520158563190794,8
_L,7,sunday,35,0.01918179879281057,8
_L,7,sunday,36,0.023483568387290186,8
_L,7,sunday,37,0.026824231029902793,8
_L,7,sunday,38,0.029737691490852522,8
_L,7,sunday,39,0.03221923275173534,8
_L,7,sunday,40,0.03427278289893831,8
_L,7,sunday,41,0.035022024132098345,8
_L,7,sunday,42,0.035511668173621294,8
_L,7,sunday,43,0.035414110630515555,8
_L,7,sunday,44,0.03472500381965522,8
_L,7,sunday,45,0.033499556725684616,8
_L,7,sunday,46,0.03181362802323846,8
_L,7,sunday,47,0.02994685653021074,8
_L,7,sunday,48,0.02882139535741448,8
_L,7,weekday,1,0.02578042958062299,46
_L,7,weekday,2,0.025259828220678734,46
_L,7,weekday,3,0.025453825134908025,46
_L,7,weekday,4,0.02517434368845254,46
_L,7,weekday,5,0.024555819846386547,46
_L,7,weekday,6,0.023991801106920046,46
_L,7,weekday,7,0.02364011313321633,46
_L,7,weekday,8,0.023275129417502646,46
_L,7,weekday,9,0.022893580636247003,46
_L,7,weekday,10,0.02278507199557023,46
_L,7,weekday,11,0.02283083736240632,46
_L,7,weekday,12,0.023037165510748896,46
_L,7,weekday,13,0.02478485526465943,46
_L,7,weekday,14,0.02567265738348713,46
_L,7,weekday,15,0.027261151311365205,46
_L,7,weekday,16,0.026529478646229464,46
_L,7,weekday,17,0.025476375400827887,46
_L,7,weekday,18,0.02305352806863168,46
_L,7,weekday,19,0.02056322474555731,46
_L,7,weekday,20,0.01739868040456782,46
_L,7,weekday,21,0.01442571873280742,46
_L,7,weekday,22,0.011886782432900837,46
_L,7,weekday,23,0.009722081954870876,46
_L,7,weekday,24,0.008329625346504893,46
_L,7,weekday,25,0.007645237555749348,46
_L,7,weekday,26,0.006790195901979196,46
_L,7,weekday,27,0.006197849882810028,46
_L,7,weekday,28,0.005792827957619357,46
_L,7,weekday,29,0.00554838343703352,46
_L,7,weekday,30,0.005755788842180842,46
_L,7,weekday,31,0.006312500386820645,46
_L,7,weekday,32,0.007840518435617084,46
_L,7,weekday,33,0.01037774953346037,46
_L,7,weekday,34,0.013922363326083395,46
_L,7,weekday,35,0.017133312945705952,46
_L,7,weekday,36,0.02123665280430871,46
_L,7,weekday,37,0.02472080928668905,46
_L,7,weekday,38,0.027814192261595226,46
_L,7,weekday,39,0.03086918708511701,46
_L,7,weekday,40,0.03247326565976606,46
_L,7,weekday,41,0.03290072389637903,46
_L,7,weekday,42,0.032878963905975764,46
_L,7,weekday,43,0.032805021842125325,46
_L,7,weekday,44,0.03228839867465391,46
_L,7,weekday,45,0.031128520381323115,46
_L,7,weekday,46,0.029575983115207646,46
_L,7,weekday,47,0.02761419284760278,46
_L,7,weekday,48,0.02659525470812639,46
_L,8,saturday,1,0.02859191068852092,9
_L,8,saturday,2,0.028062977538797503,9
_L,8,saturday,3,0.0281768980156917,9
_L,8,saturday,4,0.027601474737957106,9
_L,8,saturday,5,0.026803652438447966,9
_L,8,saturday,6,0.02591886757819072,9
_L,8,saturday,7,0.025510431863613715,9
_L,8,saturday,8,0.02512739765830235,9
_L,8,saturday,9,0.02470620498166826,9
_L,8,saturday,10,0.024447670191153674,9
_L,8,saturday,11,0.024529402801268165,9
_L,8,saturday,12,0.02445755819227902,9
_L,8,saturday,13,0.025481503456564206,9
_L,8,saturday,14,0.025657039195043068,9
_L,8,saturday,15,0.025995157379193643,9
_L,8,saturday,16,0.02487459719079851,9
_L,8,saturday,17,0.02330082993356471,9
_L,8,saturday,18,0.020637320423046272,9
_L,8,saturday,19,0.017744687725283037,9
_L,8,saturday,20,0.014291141992296301,9
_L,8,saturday,21,0.010931586999094155,9
_L,8,saturday,22,0.008341895720646166,9
_L,8,saturday,23,0.005857887703497128,9
_L,8,saturday,24,0.004642669002179864,9
_L,8,saturday,25,0.004119730025319854,9
_L,8,saturday,26,0.004052428684588378,9
_L,8,saturday,27,0.003969398962789737,9
_L,8,saturday,28,0.003984376829190071,9
_L,8,saturday,29,0.004246158474551404,9
_L,8,saturday,30,0.004247749740408182,9
_L,8,saturday,31,0.004970870446133803,9
_L,8,saturday,32,0.00677092243132385,9
_L,8,saturday,33,0.009534791276730934,9
_L,8,saturday,34,0.01401484869657012,9
_L,8,saturday,35,0.018311668806924423,9
_L,8,saturday,36,0.022701440186016705,9
_L,8,saturday,37,0.02656131607295113,9
_L,8,saturday,38,0.02993656928010547,9
_L,8,saturday,39,0.03263119618125255,9
_L,8,saturday,40,0.033984627644208225,9
_L,8,saturday,41,0.034604770227752414,9
_L,8,saturday,42,0.034636157056491985,9
_L,8,saturday,43,0.03412965683641081,9
_L,8,saturday,44,0.03322772145289448,9
_L,8,saturday,45,0.03181548715730853,9
_L,8,saturday,46,0.030113563527157033,9
_L,8,saturday,47,0.028322694741826096,9
_L,8,saturday,48,0.02742109185399566,9
_L,8,sunday,1,0.02806298482383024,9
_L,8,sunday,2,0.02751683996525613,9
_L,8,sunday,3,0.027793055600950762,9
_L,8,sunday,4,0.02737015709821412,9
_L,8,sunday,5,0.02662802250906186,9
_L,8,sunday,6,0.025729523490175252,9
_L,8,sunday,7,0.024983397827100046,9
_L,8,sunday,8,0.02445093806751142,9
_L,8,sunday,9,0.02417016937622239,9
_L,8,sunday,10,0.023847601077852228,9
_L,8,sunday,11,0.02407419278091906,9
_L,8,sunday,12,0.023953066340914868,9
_L,8,sunday,13,0.02463272823630913,9
_L,8,sunday,14,0.024519179333728467,9
_L,8,sunday,15,0.02480267143972405,9
_L,8,sunday,16,0.023548376330420204,9
_L,8,sunday,17,0.02201862336756974,9
_L,8,sunday,18,0.019367005330179474,9
_L,8,sunday,19,0.01660100677273834,9
_L,8,sunday,20,0.013006569852019749,9
_L,8,sunday,21,0.009967170832493755,9
_L,8,sunday,22,0.006599809584080683,9
_L,8,sunday,23,0.005100710675226109,9
_L,8,sunday,24,0.004496134380029124,9
_L,8,sunday,25,0.004316786043804288,9
_L,8,sunday,26,0.0041242565899789665,9
_L,8,sunday,27,0.0038064329674224323,9
_L,8,sunday,28,0.003191003882546115,9
_L,8,sunday,29,0.00263973787618158,9
_L,8,sunday,30,0.002861620776190947,9
_L,8,sunday,31,0.0030916601540799424,9
_L,8,sunday,32,0.00416163027718779,9
_L,8,sunday,33,0.008469311968183716,9
_L,8,sunday,34,0.013173376764248361,9
_L,8,sunday,35,0.018439305620765706,9
_L,8,sunday,36,0.024076586543622592,9
_L,8,sunday,37,0.028961863056010784,9
_L,8,sunday,38,0.032984877850153665,9
_L,8,sunday,39,0.035250651719030725,9
_L,8,sunday,40,0.03660617699130924,9
_L,8,sunday,41,0.037246629833926646,9
_L,8,sunday,42,0.037381893410370216,9
_L,8,sunday,43,0.037191565057067784,9
_L,8,sunday,44,0.0355136436546884,9
_L,8,sunday,45,0.03358279549218752,9
_L,8,sunday,46,0.031829103460247594,9
_L,8,sunday,47,0.029468476267165273,9
_L,8,sunday,48,0.028390678651102525,9
_L,8,weekday,1,0.023382937348218613,40
_L,8,weekday,2,0.023019639927610143,40
_L,8,weekday,3,0.02321234699069174,40
_L,8,weekday,4,0.02297668655552322,40
_L,8,weekday,5,0.022416339032729708,40
_L,8,weekday,6,0.021813043210970263,40
_L,8,weekday,7,0.021267034213479624,40
_L,8,weekday,8,0.020954528330177764,40
_L,8,weekday,9,0.020660284727717297,40
_L,8,weekday,10,0.02053971597949816,40
_L,8,weekday,11,0.02082292159684414,40
_L,8,weekday,12,0.021214466786255846,40
_L,8,weekday,13,0.023003233641080457,40
_L,8,weekday,14,0.02404901116325831,40
_L,8,weekday,15,0.025746439711678885,40
_L,8,weekday,16,0.025778763081945693,40
_L,8,weekday,17,0.025616462263210887,40
_L,8,weekday,18,0.02385038753261625,40
_L,8,weekday,19,0.021944513252458143,40
_L,8,weekday,20,0.019297393280112585,40
_L,8,weekday,21,0.016874302764533486,40
_L,8,weekday,22,0.014683429327428329,40
_L,8,weekday,23,0.012921448045448553,40
_L,8,weekday,24,0.011345532986035977,40
_L,8,weekday,25,0.010350220949766151,40
_L,8,weekday,26,0.00949177703820429,40
_L,8,weekday,27,0.008784891189512338,40
_L,8,weekday,28,0.008304319776158264,40
_L,8,weekday,29,0.008015313217132562,40
_L,8,weekday,30,0.008216224516710289,40
_L,8,weekday,31,0.008659086281978534,40
_L,8,weekday,32,0.00985224634286885,40
_L,8,weekday,33,0.012314250950070058,40
_L,8,weekday,34,0.01580532646395757,40
_L,8,weekday,35,0.01906914992707004,40
_L,8,weekday,36,0.0230581622180493,40
_L,8,weekday,37,0.026271154967961424,40
_L,8,weekday,38,0.029017302674106255,40
_L,8,weekday,39,0.03138031691903641,40
_L,8,weekday,40,0.032264682789263255,40
_L,8,weekday,41,0.03250414852350214,40
_L,8,weekday,42,0.03225832500385534,40
_L,8,weekday,43,0.03158277690733098,40
_L,8,weekday,44,0.030377606761006877,40
_L,8,weekday,45,0.028708842481014723,40
_L,8,weekday,46,0.02700603912955752,40
_L,8,weekday,47,0.025144819274686602,40
_L,8,weekday,48,0.02417215394767616,40
_L,9,saturday,1,0.02305169709230754,4
_L,9,saturday,2,0.022443508169814125,4
_L,9,saturday,3,0.02294461294530344,4
_L,9,saturday,4,0.022755327279514948,4
_L,9,saturday,5,0.022246765892151084,4
_L,9,saturday,6,0.021695438013682507,4
_L,9,saturday,7,0.021176936535654892,4
_L,9,saturday,8,0.02075789775674279,4
_L,9,saturday,9,0.020510048345948946,4
_L,9,saturday,10,0.02023847528816633,4
_L,9,saturday,11,0.020236404299464036,4
_L,9,saturday,12,0.020347406898635907,4
_L,9,saturday,13,0.021668275061376186,4
_L,9,saturday,14,0.022738460483157655,4
_L,9,saturday,15,0.024144662497487417,4
_L,9,saturday,16,0.025154742021521733,4
_L,9,saturday,17,0.025616701295804335,4
_L,9,saturday,18,0.024955416401076135,4
_L,9,saturday,19,0.02357130429608086,4
_L,9,saturday,20,0.0212336042749753,4
_L,9,saturday,21,0.018420183526203934,4
_L,9,saturday,22,0.01524630120981538,4
_L,9,saturday,23,0.01341302068637581,4
_L,9,saturday,24,0.012145418725500139,4
_L,9,saturday,25,0.011994535861283191,4
_L,9,saturday,26,0.011251944236872343,4
_L,9,saturday,27,0.010599650810125543,4
_L,9,saturday,28,0.009141863586124442,4
_L,9,saturday,29,0.008783505934785342,4
_L,9,saturday,30,0.009236418279307077,4
_L,9,saturday,31,0.009916265543836556,4
_L,9,saturday,32,0.010745357754411367,4
_L,9,saturday,33,0.01368717348503611,4
_L,9,saturday,34,0.017652565403757082,4
_L,9,saturday,35,0.02247198668946179,4
_L,9,saturday,36,0.025857117555172292,4
_L,9,saturday,37,0.02832968569226908,4
_L,9,saturday,38,0.030231512054286355,4
_L,9,saturday,39,0.031013125538857135,4
_L,9,saturday,40,0.03119528497311476,4
_L,9,saturday,41,0.03046469863869741,4
_L,9,saturday,42,0.029307401299274324,4
_L,9,saturday,43,0.028241420186887748,4
_L,9,saturday,44,0.027178537098013388,4
_L,9,saturday,45,0.02577460317431694,4
_L,9,saturday,46,0.024943610653121635,4
_L,9,saturday,47,0.022975058659773725,4
_L,9,saturday,48,0.022294067894453026,4
_L,9,sunday,1,0.019889967355319133,4
_L,9,sunday,2,0.019696930014881105,4
_L,9,sunday,3,0.02041813768015346,4
_L,9,sunday,4,0.020404021659516627,4
_L,9,sunday,5,0.019785892280868307,4
_L,9,sunday,6,0.01919327114310007,4
_L,9,sunday,7,0.018769647293534964,4
_L,9,sunday,8,0.018527526756642605,4
_L,9,sunday,9,0.018112637666107417,4
_L,9,sunday,10,0.017773273336095956,4
_L,9,sunday,11,0.018044092225855467,4
_L,9,sunday,12,0.01804163859962605,4
_L,9,sunday,13,0.019025980502673297,4
_L,9,sunday,14,0.01967745966476592,4
_L,9,sunday,15,0.021220560446211574,4
_L,9,sunday,16,0.021633279195708163,4
_L,9,sunday,17,0.022531078087177754,4
_L,9,sunday,18,0.02197725868133634,4
_L,9,sunday,19,0.0218249207854175,4
_L,9,sunday,20,0.0207437085328973,4
_L,9,sunday,21,0.01976809764699198,4
_L,9,sunday,22,0.018684672659683273,4
_L,9,sunday,23,0.017328698879663835,4
_L,9,sunday,24,0.0164898721491665,4
_L,9,sunday,25,0.01656828734015081,4
_L,9,sunday,26,0.015528975873810621,4
_L,9,sunday,27,0.014131192940010945,4
_L,9,sunday,28,0.013182661729480825,4
_L,9,sunday,29,0.013413618536783661,4
_L,9,sunday,30,0.014036205270012089,4
_L,9,sunday,31,0.015367909433836464,4
_L,9,sunday,32,0.015775535930091948,4
_L,9,sunday,33,0.017879572130012164,4
_L,9,sunday,34,0.020911193424535752,4
_L,9,sunday,35,0.02459364429750492,4
_L,9,sunday,36,0.027292521300444985,4
_L,9,sunday,37,0.029570662883812045,4
_L,9,sunday,38,0.030890217773528253,4
_L,9,sunday,39,0.03138728939848101,4
_L,9,sunday,40,0.030967055841823146,4
_L,9,sunday,41,0.02996745452223851,4
_L,9,sunday,42,0.02867896393299781,4
_L,9,sunday,43,0.02725643415759158,4
_L,9,sunday,44,0.02561698272106902,4
_L,9,sunday,45,0.024090835191763187,4
_L,9,sunday,46,0.02244354842416188,4
_L,9,sunday,47,0.020792714271001985,4
_L,9,sunday,48,0.02009389943146179,4
_L,9,weekday,1,0.019857167403131613,22
_L,9,weekday,2,0.01968969201972644,22
_L,9,weekday,3,0.020184799714054968,22
_L,9,weekday,4,0.020198180766876694,22
_L,9,weekday,5,0.01982746874855009,22
_L,9,weekday,6,0.01921550610797112,22
_L,9,weekday,7,0.01882365635904636,22
_L,9,weekday,8,0.01858388864051175,22
_L,9,weekday,9,0.01845451419747591,22
_L,9,weekday,10,0.018434424575789577,22
_L,9,weekday,11,0.0188037262432737,22
_L,9,weekday,12,0.01949111804497745,22
_L,9,weekday,13,0.021971696710455034,22
_L,9,weekday,14,0.02409310808519405,22
_L,9,weekday,15,0.02666751633160043,22
_L,9,weekday,16,0.026814357891670474,22
_L,9,weekday,17,0.026131082443160213,22
_L,9,weekday,18,0.023992415287480032,22
_L,9,weekday,19,0.021828225950769664,22
_L,9,weekday,20,0.01939593267315775,22
_L,9,weekday,21,0.017163917639119085,22
_L,9,weekday,22,0.015353257119157394,22
_L,9,weekday,23,0.013730773483057308,22
_L,9,weekday,24,0.012621564736959535,22
_L,9,weekday,25,0.012387308875632547,22
_L,9,weekday,26,0.012206184717080237,22
_L,9,weekday,27,0.011681540950189884,22
_L,9,weekday,28,0.011194597805342058,22
_L,9,weekday,29,0.01164880776657481,22
_L,9,weekday,30,0.01207426578396074,22
_L,9,weekday,31,0.012885809668647318,22
_L,9,weekday,32,0.015182798491812428,22
_L,9,weekday,33,0.017936415942761373,22
_L,9,weekday,34,0.021125567041596793,22
_L,9,weekday,35,0.023771801313654885,22
_L,9,weekday,36,0.026749306849967014,22
_L,9,weekday,37,0.028959604920465728,22
_L,9,weekday,38,0.030510553962852585,22
_L,9,weekday,39,0.03172540580129621,22
_L,9,weekday,40,0.03161213318469731,22
_L,9,weekday,41,0.031116179998864294,22
_L,9,weekday,42,0.030032417112962173,22
_L,9,weekday,43,0.028390181779739867,22
_L,9,weekday,44,0.026709383330231488,22
_L,9,weekday,45,0.024981020407423282,22
_L,9,weekday,46,0.02335722641234608,22
_L,9,weekday,47,0.021607728488597953,22
_L,9,weekday,48,0.020825768220136303,22
_L,10,saturday,1,0.020034825745381027,4
_L,10,saturday,2,0.019879560027365278,4
_L,10,saturday,3,0.020845456960760414,4
_L,10,saturday,4,0.0211683068529445,4
_L,10,saturday,5,0.020700960120613614,4
_L,10,saturday,6,0.01993393292530151,4
_L,10,saturday,7,0.018956062670285857,4
_L,10,saturday,8,0.0189394084501915,4
_L,10,saturday,9,0.018431507129050142,4
_L,10,saturday,10,0.017815905791630976,4
_L,10,saturday,11,0.01758890373140382,4
_L,10,saturday,12,0.01735399063053328,4
_L,10,saturday,13,0.018663919503695107,4
_L,10,saturday,14,0.019676914932333884,4
_L,10,saturday,15,0.021800401369545634,4
_L,10,saturday,16,0.023090678804944982,4
_L,10,saturday,17,0.024290359817093064,4
_L,10,saturday,18,0.02392797529649717,4
_L,10,saturday,19,0.022781149499737672,4
_L,10,saturday,20,0.021211558847012126,4
_L,10,saturday,21,0.01924741537525344,4
_L,10,saturday,22,0.01790999316876901,4
_L,10,saturday,23,0.017387554188176398,4
_L,10,saturday,24,0.014637558798209877,4
_L,10,saturday,25,0.014295548967793307,4
_L,10,saturday,26,0.01387608859405487,4
_L,10,saturday,27,0.01371250919721145,4
_L,10,saturday,28,0.01300167745003246,4
_L,10,saturday,29,0.012783723794153077,4
_L,10,saturday,30,0.01363747315961867,4
_L,10,saturday,31,0.014211326248153657,4
_L,10,saturday,32,0.015978814411337125,4
_L,10,saturday,33,0.018508895436964688,4
_L,10,saturday,34,0.022402177674318433,4
_L,10,saturday,35,0.02713979351736879,4
_L,10,saturday,36,0.029970676552366377,4
_L,10,saturday,37,0.0316654327673047,4
_L,10,saturday,38,0.032192400512930194,4
_L,10,saturday,39,0.03149470728062547,4
_L,10,saturday,40,0.03027942901290505,4
_L,10,saturday,41,0.028708231530784296,4
_L,10,saturday,42,0.027479617648348328,4
_L,10,saturday,43,0.025668738047909985,4
_L,10,saturday,44,0.02438625980879189,4
_L,10,saturday,45,0.022736958382478474,4
_L,10,saturday,46,0.021276260804689036,4
_L,10,saturday,47,0.019574521118002203,4
_L,10,saturday,48,0.01874443744512719,4
_L,10,sunday,1,0.016782870453975994,4
_L,10,sunday,2,0.016634488380332817,4
_L,10,sunday,3,0.01779164051794362,4
_L,10,sunday,4,0.018087664172381827,4
_L,10,sunday,5,0.01784644292803178,4
_L,10,sunday,6,0.017341133663949754,4
_L,10,sunday,7,0.01664127178192214,4
_L,10,sunday,8,0.01616436184851979,4
_L,10,sunday,9,0.01583178893116041,4
_L,10,sunday,10,0.01567949308944541,4
_L,10,sunday,11,0.015496607864306108,4
_L,10,sunday,12,0.015665804453955205,4
_L,10,sunday,13,0.016220024448558412,4
_L,10,sunday,14,0.016514518346739455,4
_L,10,sunday,15,0.017874882117321616,4
_L,10,sunday,16,0.019056995827964423,4
_L,10,sunday,17,0.020337070653940102,4
_L,10,sunday,18,0.020770971257565995,4
_L,10,sunday,19,0.020718509496682257,4
_L,10,sunday,20,0.020302732703965043,4
_L,10,sunday,21,0.019639727693087746,4
_L,10,sunday,22,0.018662307784165267,4
_L,10,sunday,23,0.018001925685829596,4
_L,10,sunday,24,0.017368832593194633,4
_L,10,sunday,25,0.017104435341448697,4
_L,10,sunday,26,0.01653376769983055,4
_L,10,sunday,27,0.016748637008027527,4
_L,10,sunday,28,0.016608143206910175,4
_L,10,sunday,29,0.016465577129925465,4
_L,10,sunday,30,0.016597834288983912,4
_L,10,sunday,31,0.017399006400488866,4
_L,10,sunday,32,0.018845262137308284,4
_L,10,sunday,33,0.02102889903070752,4
_L,10,sunday,34,0.024025455111312644,4
_L,10,sunday,35,0.027555007164956694,4
_L,10,sunday,36,0.029759792427347328,4
_L,10,sunday,37,0.03120226794856938,4
_L,10,sunday,38,0.03173539708954649,4
_L,10,sunday,39,0.031261930296822914,4
_L,10,sunday,40,0.029693952553467524,4
_L,10,sunday,41,0.027934069195421487,4
_L,10,sunday,42,0.026316805102441696,4
_L,10,sunday,43,0.024855360269570224,4
_L,10,sunday,44,0.02364364026999613,4
_L,10,sunday,45,0.02206454479079225,4
_L,10,sunday,46,0.020632986598998336,4
_L,10,sunday,47,0.018832366754708632,4
_L,10,sunday,48,0.018072503651342837,4
_L,10,sunday,49,0.015093872646536928,1
_L,10,sunday,50,0.014556419189598182,1
_L,10,weekday,1,0.017422721775195736,23
_L,10,weekday,2,0.017555957443092685,23
_L,10,weekday,3,0.01816302416101569,23
_L,10,weekday,4,0.018280351036505507,23
_L,10,weekday,5,0.018007017856804242,23
_L,10,weekday,6,0.017359357998265757,23
_L,10,weekday,7,0.016952926688230997,23
_L,10,weekday,8,0.016563134944038695,23
_L,10,weekday,9,0.016241203838041465,23
_L,10,weekday,10,0.0160495035829825,23
_L,10,weekday,11,0.01622741663631645,23
_L,10,weekday,12,0.016850864524878578,23
_L,10,weekday,13,0.019080327109827676,23
_L,10,weekday,14,0.021062287497861515,23
_L,10,weekday,15,0.02351566062113219,23
_L,10,weekday,16,0.02453722160272334,23
_L,10,weekday,17,0.025114008052040053,23
_L,10,weekday,18,0.024370952084031665,23
_L,10,weekday,19,0.023693773453219533,23
_L,10,weekday,20,0.02247615630083457,23
_L,10,weekday,21,0.02123065457727206,23
_L,10,weekday,22,0.02005769293109395,23
_L,10,weekday,23,0.019150154806476322,23
_L,10,weekday,24,0.018380147700626823,23
_L,10,weekday,25,0.01823578826042981,23
_L,10,weekday,26,0.017721694001663103,23
_L,10,weekday,27,0.01752722778769914,23
_L,10,weekday,28,0.017419271321278167,23
_L,10,weekday,29,0.017499908453415525,23
_L,10,weekday,30,0.017775452859450914,23
_L,10,weekday,31,0.018345044725446708,23
_L,10,weekday,32,0.019839642628160157,23
_L,10,weekday,33,0.022203090601134404,23
_L,10,weekday,34,0.024406576940624116,23
_L,10,weekday,35,0.026535763315123775,23
_L,10,weekday,36,0.028053553468157806,23
_L,10,weekday,37,0.028732685634217957,23
_L,10,weekday,38,0.02882762215907775,23
_L,10,weekday,39,0.0288125052375805,23
_L,10,weekday,40,0.027514097356361213,23
_L,10,weekday,41,0.026175758473376706,23
_L,10,weekday,42,0.024992644615327193,23
_L,10,weekday,43,0.023627382060469816,23
_L,10,weekday,44,0.02229408938298672,23
_L,10,weekday,45,0.0207767146340046,23
_L,10,weekday,46,0.019329022832293877,23
_L,10,weekday,47,0.0178365820731114,23
_L,10,weekday,48,0.017175363956100653,23
_L,11,saturday,1,0.01940315924583395,5
_L,11,saturday,2,0.020558485676960503,5
_L,11,saturday,3,0.020222976393834254,5
_L,11,saturday,4,0.01932138062101792,5
_L,11,saturday,5,0.018811676485358385,5
_L,11,saturday,6,0.018230651344361092,5
_L,11,saturday,7,0.017620911644664738,5
_L,11,saturday,8,0.016903842214058,5
_L,11,saturday,9,0.016465562525096712,5
_L,11,saturday,10,0.015972759673139048,5
_L,11,saturday,11,0.016025370798285043,5
_L,11,saturday,12,0.016162982692893204,5
_L,11,saturday,13,0.017255389447022672,5
_L,11,saturday,14,0.018193422658794034,5
_L,11,saturday,15,0.01947599157091101,5
_L,11,saturday,16,0.020188921613639037,5
_L,11,saturday,17,0.021395754446330455,5
_L,11,saturday,18,0.02132116920513006,5
_L,11,saturday,19,0.020380921556708505,5
_L,11,saturday,20,0.019388712936443862,5
_L,11,saturday,21,0.018522521012007343,5
_L,11,saturday,22,0.017706457973862486,5
_L,11,saturday,23,0.017042679451083335,5
_L,11,saturday,24,0.017288320946954476,5
_L,11,saturday,25,0.017689683096824293,5
_L,11,saturday,26,0.017738188554428262,5
_L,11,saturday,27,0.018248727934898946,5
_L,11,saturday,28,0.018831419957957986,5
_L,11,saturday,29,0.01998059251118577,5
_L,11,saturday,30,0.02085582276275294,5
_L,11,saturday,31,0.022395981409965994,5
_L,11,saturday,32,0.024124065109797456,5
_L,11,saturday,33,0.026024330497301844,5
_L,11,saturday,34,0.02762937696771591,5
_L,11,saturday,35,0.029765088750692514,5
_L,11,saturday,36,0.030022746261345774,5
_L,11,saturday,37,0.029525394908979086,5
_L,11,saturday,38,0.028621679855323916,5
_L,11,saturday,39,0.02745353816872289,5
_L,11,saturday,40,0.026566278135572163,5
_L,11,saturday,41,0.025450149780152104,5
_L,11,saturday,42,0.024223824989083542,5
_L,11,saturday,43,0.022919807173495833,5
_L,11,saturday,44,0.02183749600767259,5
_L,11,saturday,45,0.02038827102705103,5
_L,11,saturday,46,0.019614120094809978,5
_L,11,saturday,47,0.018441329559973303,5
_L,11,saturday,48,0.01779206434990573,5
_L,11,sunday,1,0.019305392237932643,5
_L,11,sunday,2,0.020284112710754972,5
_L,11,sunday,3,0.01978032530482832,5
_L,11,sunday,4,0.018954319207759064,5
_L,11,sunday,5,0.018419094714617307,5
_L,11,sunday,6,0.017863628527770164,5
_L,11,sunday,7,0.017167834580004197,5
_L,11,sunday,8,0.016466656491092236,5
_L,11,sunday,9,0.01591733040308669,5
_L,11,sunday,10,0.01571495100931296,5
_L,11,sunday,11,0.015528540821641613,5
_L,11,sunday,12,0.015425182209655946,5
_L,11,sunday,13,0.016217203689387012,5
_L,11,sunday,14,0.0169265684781963,5
_L,11,sunday,15,0.017843860790018734,5
_L,11,sunday,16,0.018599821834326274,5
_L,11,sunday,17,0.019697391716370086,5
_L,11,sunday,18,0.019796578924229608,5
_L,11,sunday,19,0.01970765773839419,5
_L,11,sunday,20,0.018949049590402705,5
_L,11,sunday,21,0.018334939543010898,5
_L,11,sunday,22,0.0177441146921981,5
_L,11,sunday,23,0.017408742327747792,5
_L,11,sunday,24,0.01771666774587337,5
_L,11,sunday,25,0.01824793563944307,5
_L,11,sunday,26,0.018881426652200314,5
_L,11,sunday,27,0.019189645987252278,5
_L,11,sunday,28,0.019681267755814243,5
_L,11,sunday,29,0.020688606879597254,5
_L,11,sunday,30,0.0218610781389865,5
_L,11,sunday,31,0.02384094403053699,5
_L,11,sunday,32,0.025742131237861364,5
_L,11,sunday,33,0.028167295371020768,5
_L,11,sunday,34,0.029708892393823006,5
_L,11,sunday,35,0.031067160936324268,5
_L,11,sunday,36,0.031140544572600452,5
_L,11,sunday,37,0.030204991308405878,5
_L,11,sunday,38,0.02928183493603967,5
_L,11,sunday,39,0.02822736951546581,5
_L,11,sunday,40,0.026771307475875507,5
_L,11,sunday,41,0.02564567444645884,5
_L,11,sunday,42,0.024447943236415474,5
_L,11,sunday,43,0.0228927557934027,5
_L,11,sunday,44,0.02140212110755323,5
_L,11,sunday,45,0.019958740688444804,5
_L,11,sunday,46,0.018974650829428924,5
_L,11,sunday,47,0.017428982962463608,5
_L,11,sunday,48,0.016776732815973854,5
_L,11,weekday,1,0.017752201984562496,20
_L,11,weekday,2,0.018745202882445806,20
_L,11,weekday,3,0.018429628523807525,20
_L,11,weekday,4,0.017774396101268124,20
_L,11,weekday,5,0.017299039403135718,20
_L,11,weekday,6,0.016854408600580777,20
_L,11,weekday,7,0.016359735058365417,20
_L,11,weekday,8,0.015853999813507,20
_L,11,weekday,9,0.015411757947585081,20
_L,11,weekday,10,0.015241045110150587,20
_L,11,weekday,11,0.015471421875870302,20
_L,11,weekday,12,0.01592367526493923,20
_L,11,weekday,13,0.017981549518940446,20
_L,11,weekday,14,0.01992687654838413,20
_L,11,weekday,15,0.021911678478936096,20
_L,11,weekday,16,0.022748972858091573,20
_L,11,weekday,17,0.023358581874999874,20
_L,11,weekday,18,0.022981229843043162,20
_L,11,weekday,19,0.022498824179238326,20
_L,11,weekday,20,0.021576294292924864,20
_L,11,weekday,21,0.02036940107219886,20
_L,11,weekday,22,0.019576630843081793,20
_L,11,weekday,23,0.01906108116068873,20
_L,11,weekday,24,0.018833065952311934,20
_L,11,weekday,25,0.01908986190693224,20
_L,11,weekday,26,0.019298241550835253,20
_L,11,weekday,27,0.019667695741026912,20
_L,11,weekday,28,0.02005013385984183,20
_L,11,weekday,29,0.02065382206701615,20
_L,11,weekday,30,0.02153963370526807,20
_L,11,weekday,31,0.02261648726721698,20
_L,11,weekday,32,0.02406708167191456,20
_L,11,weekday,33,0.025737135551264854,20
_L,11,weekday,34,0.02726572974322855,20
_L,11,weekday,35,0.02820963409552411,20
_L,11,weekday,36,0.02847007086722419,20
_L,11,weekday,37,0.02811950589930337,20
_L,11,weekday,38,0.027517874550330362,20
_L,11,weekday,39,0.027042004175190277,20
_L,11,weekday,40,0.025905723403898996,20
_L,11,weekday,41,0.024793579522518296,20
_L,11,weekday,42,0.023624696330562116,20
_L,11,weekday,43,0.022288797858076505,20
_L,11,weekday,44,0.020820012894106725,20
_L,11,weekday,45,0.01945778975566006,20
_L,11,weekday,46,0.018318696970590593,20
_L,11,weekday,47,0.017018539861298917,20
_L,11,weekday,48,0.016486551562112223,20
_L,12,saturday,1,0.02039068441912978,4
_L,12,saturday,2,0.021651205287211248,4
_L,12,saturday,3,0.021439412896812806,4
_L,12,saturday,4,0.020559806802287136,4
_L,12,saturday,5,0.020143998648525428,4
_L,12,saturday,6,0.019511236160105336,4
_L,12,saturday,7,0.018815105319162674,4
_L,12,saturday,8,0.01803745250045275,4
_L,12,saturday,9,0.017460757014680806,4
_L,12,saturday,10,0.017244506276367304,4
_L,12,saturday,11,0.016988411456187024,4
_L,12,saturday,12,0.016733603161604247,4
_L,12,saturday,13,0.017760800441779252,4
_L,12,saturday,14,0.018486076759410087,4
_L,12,saturday,15,0.019293973254182195,4
_L,12,saturday,16,0.020050192095429322,4
_L,12,saturday,17,0.021541974661446812,4
_L,12,saturday,18,0.021994950664331613,4
_L,12,saturday,19,0.021548815672383217,4
_L,12,saturday,20,0.020669237929940187,4
_L,12,saturday,21,0.019391266332164862,4
_L,12,saturday,22,0.018063068613526946,4
_L,12,saturday,23,0.016901511784675652,4
_L,12,saturday,24,0.01639092148381662,4
_L,12,saturday,25,0.016425829228777795,4
_L,12,saturday,26,0.016738086469995684,4
_L,12,saturday,27,0.01726877544311519,4
_L,12,saturday,28,0.018209610699563006,4
_L,12,saturday,29,0.019487572950090938,4
_L,12,saturday,30,0.02090355715126503,4
_L,12,saturday,31,0.022481446068294057,4
_L,12,saturday,32,0.023954270675355997,4
_L,12,saturday,33,0.025597094714210317,4
_L,12,saturday,34,0.026927542300717495,4
_L,12,saturday,35,0.02835995359560264,4
_L,12,saturday,36,0.02826551806920799,4
_L,12,saturday,37,0.027694360270729364,4
_L,12,saturday,38,0.02720523088365197,4
_L,12,saturday,39,0.026271720097008747,4
_L,12,saturday,40,0.025335237308704368,4
_L,12,saturday,41,0.024468700394421332,4
_L,12,saturday,42,0.02353504375772363,4
_L,12,saturday,43,0.02248772698756628,4
_L,12,saturday,44,0.02146235483613145,4
_L,12,saturday,45,0.020199793367672192,4
_L,12,saturday,46,0.019372497803846374,4
_L,12,saturday,47,0.018340982684544843,4
_L,12,saturday,48,0.017938124606189987,4
_L,12,sunday,1,0.01908550186284156,4
_L,12,sunday,2,0.020327746565001713,4
_L,12,sunday,3,0.02001884344948584,4
_L,12,sunday,4,0.019361776543978474,4
_L,12,sunday,5,0.018822242830285794,4
_L,12,sunday,6,0.01829645897421765,4
_L,12,sunday,7,0.017624185389236616,4
_L,12,sunday,8,0.016814001104946973,4
_L,12,sunday,9,0.016196880896022087,4
_L,12,sunday,10,0.015536638970984045,4
_L,12,sunday,11,0.015346780097802219,4
_L,12,sunday,12,0.015115188062576942,4
_L,12,sunday,13,0.015897671501422933,4
_L,12,sunday,14,0.016444485171906748,4
_L,12,sunday,15,0.017059763741742277,4
_L,12,sunday,16,0.017617694710635942,4
_L,12,sunday,17,0.01898594540230288,4
_L,12,sunday,18,0.019829275112339187,4
_L,12,sunday,19,0.020695176666641932,4
_L,12,sunday,20,0.020968346300522033,4
_L,12,sunday,21,0.021244524322206505,4
_L,12,sunday,22,0.021186547835398722,4
_L,12,sunday,23,0.0214217472610738,4
_L,12,sunday,24,0.02144773675814352,4
_L,12,sunday,25,0.021988804781190197,4
_L,12,sunday,26,0.022310143137324073,4
_L,12,sunday,27,0.022494204002102024,4
_L,12,sunday,28,0.022318010365595997,4
_L,12,sunday,29,0.02222511579563973,4
_L,12,sunday,30,0.02275793308925003,4
_L,12,sunday,31,0.023586777122800585,4
_L,12,sunday,32,0.02443398310929372,4
_L,12,sunday,33,0.025959691015336257,4
_L,12,sunday,34,0.027300950805104997,4
_L,12,sunday,35,0.028222524362935087,4
_L,12,sunday,36,0.028086544588765514,4
_L,12,sunday,37,0.02757097981433687,4
_L,12,sunday,38,0.02669979136032142,4
_L,12,sunday,39,0.025731677010701344,4
_L,12,sunday,40,0.02459001217898321,4
_L,12,sunday,41,0.023581596056841125,4
_L,12,sunday,42,0.02269662812608716,4
_L,12,sunday,43,0.021602025207235996,4
_L,12,sunday,44,0.020368258805561194,4
_L,12,sunday,45,0.018978552708899615,4
_L,12,sunday,46,0.01801019220264203,4
_L,12,sunday,47,0.016788407213252234,4
_L,12,sunday,48,0.016352037608083153,4
_L,12,weekday,1,0.017886984327441412,23
_L,12,weekday,2,0.019083947436515755,23
_L,12,weekday,3,0.018800649328015978,23
_L,12,weekday,4,0.018196688336040438,23
_L,12,weekday,5,0.017740820950470873,23
_L,12,weekday,6,0.017372788825395932,23
_L,12,weekday,7,0.016794325316211257,23
_L,12,weekday,8,0.016219914336090064,23
_L,12,weekday,9,0.01566463629669108,23
_L,12,weekday,10,0.015402555133664248,23
_L,12,weekday,11,0.015337909776880631,23
_L,12,weekday,12,0.015657933193077067,23
_L,12,weekday,13,0.017328546208023397,23
_L,12,weekday,14,0.018933181048821194,23
_L,12,weekday,15,0.020593772334549437,23
_L,12,weekday,16,0.02160588559228904,23
_L,12,weekday,17,0.022845818647481187,23
_L,12,weekday,18,0.02310113131787733,23
_L,12,weekday,19,0.02318247518219153,23
_L,12,weekday,20,0.02252640544804054,23
_L,12,weekday,21,0.021753258904489668,23
_L,12,weekday,22,0.021044058331952786,23
_L,12,weekday,23,0.020385850142466272,23
_L,12,weekday,24,0.020101132544583497,23
_L,12,weekday,25,0.02034225087675013,23
_L,12,weekday,26,0.02061572084939106,23
_L,12,weekday,27,0.020791983066982038,23
_L,12,weekday,28,0.020924637263617926,23
_L,12,weekday,29,0.02124824313257039,23
_L,12,weekday,30,0.02195974303729382,23
_L,12,weekday,31,0.02286993831137354,23
_L,12,weekday,32,0.02397075225908973,23
_L,12,weekday,33,0.025320016643425397,23
_L,12,weekday,34,0.026534707566553815,23
_L,12,weekday,35,0.027178826037871397,23
_L,12,weekday,36,0.027237362644302054,23
_L,12,weekday,37,0.026888959961013988,23
_L,12,weekday,38,0.02627944719928369,23
_L,12,weekday,39,0.025814696608658833,23
_L,12,weekday,40,0.024921276949302372,23
_L,12,weekday,41,0.02387850422725086,23
_L,12,weekday,42,0.022845789503245558,23
_L,12,weekday,43,0.02161651922338632,23
_L,12,weekday,44,0.020432426816285428,23
_L,12,weekday,45,0.019155585092156816,23
_L,12,weekday,46,0.018183717455191963,23
_L,12,weekday,47,0.016985684361700986,23
_L,12,weekday,48,0.016442541954041292,23
_M,1,saturday,1,0.01721970572992708,9
_M,1,saturday,2,0.01703300588014675,9
_M,1,saturday,3,0.016661079452769793,9
_M,1,saturday,4,0.016632246882679065,9
_M,1,saturday,5,0.015915630586118838,9
_M,1,saturday,6,0.01577060156999595,9
_M,1,saturday,7,0.015773236698529567,9
_M,1,saturday,8,0.015318225153360053,9
_M,1,saturday,9,0.015206296035130486,9
_M,1,saturday,10,0.015252045909254917,9
_M,1,saturday,11,0.015086515967470472,9
_M,1,saturday,12,0.015324283435361503,9
_M,1,saturday,13,0.016042480723143557,9
_M,1,saturday,14,0.016842586161803997,9
_M,1,saturday,15,0.018046524386805627,9
_M,1,saturday,16,0.018917734108867667,9
_M,1,saturday,17,0.020434380558767867,9
_M,1,saturday,18,0.021032758526828073,9
_M,1,saturday,19,0.022402206724054324,9
_M,1,saturday,20,0.022942631289202,9
_M,1,saturday,21,0.023411952911889185,9
_M,1,saturday,22,0.023641890506533973,9
_M,1,saturday,23,0.02345059128069421,9
_M,1,saturday,24,0.02344744092565687,9
_M,1,saturday,25,0.02362176931305652,9
_M,1,saturday,26,0.02343736514321815,9
_M,1,saturday,27,0.0230414159768812,9
_M,1,saturday,28,0.023028477462930616,9
_M,1,saturday,29,0.0230992875286006,9
_M,1,saturday,30,0.023107453430528765,9
_M,1,saturday,31,0.02355064983417491,9
_M,1,saturday,32,0.024109853237066395,9
_M,1,saturday,33,0.02533105991093998,9
_M,1,saturday,34,0.025964687531228256,9
_M,1,saturday,35,0.026845894800580937,9
_M,1,saturday,36,0.02625148021287929,9
_M,1,saturday,37,0.02584278359829538,9
_M,1,saturday,38,0.02601997886958449,9
_M,1,saturday,39,0.02556673915712845,9
_M,1,saturday,40,0.02486658433090052,9
_M,1,saturday,41,0.023811889869912405,9
_M,1,saturday,42,0.023124203805117413,9
_M,1,saturday,43,0.02195165407680268,9
_M,1,saturday,44,0.02116007551268632,9
_M,1,saturday,45,0.01989783898378065,9
_M,1,saturday,46,0.01934691357524166,9
_M,1,saturday,47,0.018019583047537664,9
_M,1,saturday,48,0.017196309385934916,9
_M,1,sunday,1,0.016835337277106004,8
_M,1,sunday,2,0.01686506756681235,8
_M,1,sunday,3,0.01636098045049622,8
_M,1,sunday,4,0.01597220036244006,8
_M,1,sunday,5,0.015549468833987716,8
_M,1,sunday,6,0.015492967545929619,8
_M,1,sunday,7,0.015069516399311766,8
_M,1,sunday,8,0.014652644253273209,8
_M,1,sunday,9,0.014393534730257583,8
_M,1,sunday,10,0.014314948046822783,8
_M,1,sunday,11,0.013926671443621228,8
_M,1,sunday,12,0.014122448209661182,8
_M,1,sunday,13,0.014969359886657095,8
_M,1,sunday,14,0.015245199389019182,8
_M,1,sunday,15,0.015718424659785794,8
_M,1,sunday,16,0.016326749764708586,8
_M,1,sunday,17,0.017640266351756497,8
_M,1,sunday,18,0.018285402710186673,8
_M,1,sunday,19,0.020549754678684702,8
_M,1,sunday,20,0.02081135150951025,8
_M,1,sunday,21,0.02187590710864493,8
_M,1,sunday,22,0.022737236408269766,8
_M,1,sunday,23,0.023716932771095288,8
_M,1,sunday,24,0.024106819259533577,8
_M,1,sunday,25,0.02492850637299183,8
_M,1,sunday,26,0.025093781655300237,8
_M,1,sunday,27,0.025231332335331293,8
_M,1,sunday,28,0.025601616274571557,8
_M,1,sunday,29,0.025435897257110915,8
_M,1,sunday,30,0.025720950624434216,8
_M,1,sunday,31,0.02581245879343231,8
_M,1,sunday,32,0.026430843154130874,8
_M,1,sunday,33,0.027340977760128275,8
_M,1,sunday,34,0.027545159633869856,8
_M,1,sunday,35,0.02784719350467376,8
_M,1,sunday,36,0.027379666547612893,8
_M,1,sunday,37,0.026850344096245964,8
_M,1,sunday,38,0.02657793534060329,8
_M,1,sunday,39,0.025874088915487335,8
_M,1,sunday,40,0.02533557696923207,8
_M,1,sunday,41,0.02448039472523686,8
_M,1,sunday,42,0.023520221839195478,8
_M,1,sunday,43,0.02208155140017922,8
_M,1,sunday,44,0.021168183385061042,8
_M,1,sunday,45,0.02010980490284416,8
_M,1,sunday,46,0.019163777946437983,8
_M,1,sunday,47,0.01772848540876863,8
_M,1,sunday,48,0.017202061539547904,8
_M,1,weekday,1,0.015371502641757049,45
_M,1,weekday,2,0.015541582596811727,45
_M,1,weekday,3,0.015308445732075987,45
_M,1,weekday,4,0.015061858233695524,45
_M,1,weekday,5,0.014744564038870507,45
_M,1,weekday,6,0.014480454828639033,45
_M,1,weekday,7,0.01425986091417597,45
_M,1,weekday,8,0.014081840628822794,45
_M,1,weekday,9,0.013859989975147,45
_M,1,weekday,10,0.014065894327412263,45
_M,1,weekday,11,0.014295797150718527,45
_M,1,weekday,12,0.015026388397498801,45
_M,1,weekday,13,0.01678007438899316,45
_M,1,weekday,14,0.01853980768884808,45
_M,1,weekday,15,0.020590453274183244,45
_M,1,weekday,16,0.02160220801841975,45
_M,1,weekday,17,0.022731575166707145,45
_M,1,weekday,18,0.023190480622765616,45
_M,1,weekday,19,0.024167218090867918,45
_M,1,weekday,20,0.02442093770305434,45
_M,1,weekday,21,0.02456282780109083,45
_M,1,weekday,22,0.024647471653710104,45
_M,1,weekday,23,0.024787795883913392,45
_M,1,weekday,24,0.024836617807069885,45
_M,1,weekday,25,0.02500645874134303,45
_M,1,weekday,26,0.0247241217517278,45
_M,1,weekday,27,0.024625384790823872,45
_M,1,weekday,28,0.024454871966670608,45
_M,1,weekday,29,0.024060809156609395,45
_M,1,weekday,30,0.02414229014803109,45
_M,1,weekday,31,0.02437549823688045,45
_M,1,weekday,32,0.024722889768598523,45
_M,1,weekday,33,0.025308962073475195,45
_M,1,weekday,34,0.025799699621067398,45
_M,1,weekday,35,0.026198232228314158,45
_M,1,weekday,36,0.025739789002706247,45
_M,1,weekday,37,0.02546243276276556,45
_M,1,weekday,38,0.024907823673169918,45
_M,1,weekday,39,0.024348100367527218,45
_M,1,weekday,40,0.023703690580268826,45
_M,1,weekday,41,0.023061323889464466,45
_M,1,weekday,42,0.022146595887140408,45
_M,1,weekday,43,0.021049675296621724,45
_M,1,weekday,44,0.019981388119165614,45
_M,1,weekday,45,0.018816707841844346,45
_M,1,weekday,46,0.0177649735370724,45
_M,1,weekday,47,0.016711341401097646,45
_M,1,weekday,48,0.015931291592365456,45
_M,2,saturday,1,0.01810238466341789,8
_M,2,saturday,2,0.01813009960749099,8
_M,2,saturday,3,0.017778778808658028,8
_M,2,saturday,4,0.017562113228718472,8
_M,2,saturday,5,0.017200075509731565,8
_M,2,saturday,6,0.016460837236746056,8
_M,2,saturday,7,0.016335907810378313,8
_M,2,saturday,8,0.01612816929191806,8
_M,2,saturday,9,0.015917279581196094,8
_M,2,saturday,10,0.015894426238207568,8
_M,2,saturday,11,0.01564778290857257,8
_M,2,saturday,12,0.015671070912090693,8
_M,2,saturday,13,0.01687614353605641,8
_M,2,saturday,14,0.017658541664556732,8
_M,2,saturday,15,0.018598197846523726,8
_M,2,saturday,16,0.018791721701790783,8
_M,2,saturday,17,0.020387556875535378,8
_M,2,saturday,18,0.021429317515559584,8
_M,2,saturday,19,0.0230922631980141,8
_M,2,saturday,20,0.02351384207675106,8
_M,2,saturday,21,0.023552455789151775,8
_M,2,saturday,22,0.023483790620386715,8
_M,2,saturday,23,0.02398023585640452,8
_M,2,saturday,24,0.023752682683126046,8
_M,2,saturday,25,0.023544464955110922,8
_M,2,saturday,26,0.02331207701605887,8
_M,2,saturday,27,0.02315703240877972,8
_M,2,saturday,28,0.02314582943634945,8
_M,2,saturday,29,0.02284061245978437,8
_M,2,saturday,30,0.02309471341715482,8
_M,2,saturday,31,0.02333694364096941,8
_M,2,saturday,32,0.023628521254206468,8
_M,2,saturday,33,0.024288819879958054,8
_M,2,saturday,34,0.02478561566891392,8
_M,2,saturday,35,0.025688999912988543,8
_M,2,saturday,36,0.02587571225612201,8
_M,2,saturday,37,0.02547845641843267,8
_M,2,saturday,38,0.025144049381628474,8
_M,2,saturday,39,0.024696894882319007,8
_M,2,saturday,40,0.024239600765899687,8
_M,2,saturday,41,0.023491403314844606,8
_M,2,saturday,42,0.022748662218418307,8
_M,2,saturday,43,0.021372805038441148,8
_M,2,saturday,44,0.020661624562370664,8
_M,2,saturday,45,0.018797823946300498,8
_M,2,saturday,46,0.01788623188796892,8
_M,2,saturday,47,0.016928460091750346,8
_M,2,saturday,48,0.015908970024245985,8
_M,2,sunday,1,0.017616651227397674,8
_M,2,sunday,2,0.017685518528575545,8
_M,2,sunday,3,0.017105766673165317,8
_M,2,sunday,4,0.016392997480031965,8
_M,2,sunday,5,0.01592233017501469,8
_M,2,sunday,6,0.01537270399448827,8
_M,2,sunday,7,0.014899070464721423,8
_M,2,sunday,8,0.015283254948527829,8
_M,2,sunday,9,0.014642634466158943,8
_M,2,sunday,10,0.014597858057447798,8
_M,2,sunday,11,0.014223138147330732,8
_M,2,sunday,12,0.014422209798313202,8
_M,2,sunday,13,0.015096435926309803,8
_M,2,sunday,14,0.01548489008507798,8
_M,2,sunday,15,0.016283000275451737,8
_M,2,sunday,16,0.01691003453375376,8
_M,2,sunday,17,0.01833242935008689,8
_M,2,sunday,18,0.0187265633602893,8
_M,2,sunday,19,0.020213259314064865,8
_M,2,sunday,20,0.020438654246997146,8
_M,2,sunday,21,0.021766939473695714,8
_M,2,sunday,22,0.022136183198227282,8
_M,2,sunday,23,0.02267931945234013,8
_M,2,sunday,24,0.023001258625279197,8
_M,2,sunday,25,0.023316180507917166,8
_M,2,sunday,26,0.024138470259391972,8
_M,2,sunday,27,0.024539400902664293,8
_M,2,sunday,28,0.024936804921363846,8
_M,2,sunday,29,0.024597226261551485,8
_M,2,sunday,30,0.0249917718364171,8
_M,2,sunday,31,0.025461278030998773,8
_M,2,sunday,32,0.02629355575269034,8
_M,2,sunday,33,0.026852331951306745,8
_M,2,sunday,34,0.027311268151676015,8
_M,2,sunday,35,0.02795114667357114,8
_M,2,sunday,36,0.027910567886787294,8
_M,2,sunday,37,0.02704800566489693,8
_M,2,sunday,38,0.02707017070282742,8
_M,2,sunday,39,0.02643909322107777,8
_M,2,sunday,40,0.02553443068075297,8
_M,2,sunday,41,0.02461088123394052,8
_M,2,sunday,42,0.023980260434193587,8
_M,2,sunday,43,0.022521869228775193,8
_M,2,sunday,44,0.021681321911260557,8
_M,2,sunday,45,0.02028188807379191,8
_M,2,sunday,46,0.018938614310603195,8
_M,2,sunday,47,0.01765002240445205,8
_M,2,sunday,48,0.016710337194344522,8
_M,2,weekday,1,0.015760843227383255,40
_M,2,weekday,2,0.01597777937060564,40
_M,2,weekday,3,0.015747358009967207,40
_M,2,weekday,4,0.0154199242801993,40
_M,2,weekday,5,0.015143239176325044,40
_M,2,weekday,6,0.014991611305449579,40
_M,2,weekday,7,0.014613886695343484,40
_M,2,weekday,8,0.014450400530754831,40
_M,2,weekday,9,0.014225110289641074,40
_M,2,weekday,10,0.014349904053046472,40
_M,2,weekday,11,0.01436632055172532,40
_M,2,weekday,12,0.015169291524241277,40
_M,2,weekday,13,0.017079179495533708,40
_M,2,weekday,14,0.018863139961207386,40
_M,2,weekday,15,0.020868182682990448,40
_M,2,weekday,16,0.021656082135713645,40
_M,2,weekday,17,0.023169561917125,40
_M,2,weekday,18,0.0235470955952523,40
_M,2,weekday,19,0.024293476104431576,40
_M,2,weekday,20,0.024247404735427212,40
_M,2,weekday,21,0.02422252686849431,40
_M,2,weekday,22,0.024248339192897542,40
_M,2,weekday,23,0.024401315106000524,40
_M,2,weekday,24,0.02421784442527638,40
_M,2,weekday,25,0.024071545629372297,40
_M,2,weekday,26,0.023952685944409604,40
_M,2,weekday,27,0.023809996525638262,40
_M,2,weekday,28,0.02377993521258657,40
_M,2,weekday,29,0.023532013786969903,40
_M,2,weekday,30,0.02363528038657758,40
_M,2,weekday,31,0.023573266917184955,40
_M,2,weekday,32,0.02412520463703022,40
_M,2,weekday,33,0.024641864910570053,40
_M,2,weekday,34,0.025275061495649433,40
_M,2,weekday,35,0.02584215114059042,40
_M,2,weekday,36,0.025731666547880033,40
_M,2,weekday,37,0.02552556281383108,40
_M,2,weekday,38,0.02504561223901335,40
_M,2,weekday,39,0.02482880284928876,40
_M,2,weekday,40,0.024212485728540862,40
_M,2,weekday,41,0.023356664791670156,40
_M,2,weekday,42,0.022475837341764435,40
_M,2,weekday,43,0.021338142085441943,40
_M,2,weekday,44,0.020151649047895424,40
_M,2,weekday,45,0.01897972761707045,40
_M,2,weekday,46,0.017867760581689096,40
_M,2,weekday,47,0.01700238378128487,40
_M,2,weekday,48,0.01621488075301774,40
_M,3,saturday,1,0.019629340900583367,9
_M,3,saturday,2,0.020059047815253903,9
_M,3,saturday,3,0.0196511124447414,9
_M,3,saturday,4,0.019207657048211535,9
_M,3,saturday,5,0.018676972697118165,9
_M,3,saturday,6,0.01835244798250131,9
_M,3,saturday,7,0.017937813004440986,9
_M,3,saturday,8,0.01769326955669423,9
_M,3,saturday,9,0.01747771297103954,9
_M,3,saturday,10,0.01744753999067185,9
_M,3,saturday,11,0.017369186366397053,9
_M,3,saturday,12,0.0171543492773749,9
_M,3,saturday,13,0.018000568942018735,9
_M,3,saturday,14,0.018474533488992237,9
_M,3,saturday,15,0.019712666439274315,9
_M,3,saturday,16,0.01973116033690037,9
_M,3,saturday,17,0.020813971814357932,9
_M,3,saturday,18,0.02125560832161669,9
_M,3,saturday,19,0.02150278261002615,9
_M,3,saturday,20,0.02154610739426306,9
_M,3,saturday,21,0.021402894866824174,9
_M,3,saturday,22,0.021165380413122284,9
_M,3,saturday,23,0.020732396573445278,9
_M,3,saturday,24,0.020387267073251076,9
_M,3,saturday,25,0.019797211902847972,9
_M,3,saturday,26,0.01985761386272354,9
_M,3,saturday,27,0.01958365903807653,9
_M,3,saturday,28,0.01953773256731544,9
_M,3,saturday,29,0.019473390073652584,9
_M,3,saturday,30,0.020070157076937295,9
_M,3,saturday,31,0.020576164982389667,9
_M,3,saturday,32,0.021323822901759278,9
_M,3,saturday,33,0.021960426549655406,9
_M,3,saturday,34,0.023211958325176738,9
_M,3,saturday,35,0.024847554491337506,9
_M,3,saturday,36,0.025336784150815472,9
_M,3,saturday,37,0.02586155876433641,9
_M,3,saturday,38,0.025420262752246642,9
_M,3,saturday,39,0.025873626748740632,9
_M,3,saturday,40,0.025531122737965702,9
_M,3,saturday,41,0.02480254067753382,9
_M,3,saturday,42,0.02418932296095796,9
_M,3,saturday,43,0.02350570072506312,9
_M,3,saturday,44,0.022780688695087915,9
_M,3,saturday,45,0.02160231584357948,9
_M,3,saturday,46,0.020881062613217042,9
_M,3,saturday,47,0.019937911667098428,9
_M,3,saturday,48,0.018655621562364878,9
_M,3,sunday,1,0.01877830253995877,10
_M,3,sunday,2,0.01897116824130376,10
_M,3,sunday,3,0.01841710974631895,10
_M,3,sunday,4,0.018104783161873705,10
_M,3,sunday,5,0.017586184184579967,10
_M,3,sunday,6,0.01734651491252464,10
_M,3,sunday,7,0.01717713703459438,10
_M,3,sunday,8,0.016983511366871443,10
_M,3,sunday,9,0.016718593256314848,10
_M,3,sunday,10,0.01650447392508682,10
_M,3,sunday,11,0.016125745087498946,10
_M,3,sunday,12,0.016016924341011114,10
_M,3,sunday,13,0.01651214912334242,10
_M,3,sunday,14,0.01676460059721764,10
_M,3,sunday,15,0.017847004867089993,10
_M,3,sunday,16,0.018446908051379014,10
_M,3,sunday,17,0.019405500307821465,10
_M,3,sunday,18,0.019754464611237036,10
_M,3,sunday,19,0.01980181840279243,10
_M,3,sunday,20,0.019743172395306145,10
_M,3,sunday,21,0.020047947604597785,10
_M,3,sunday,22,0.02006356121265587,10
_M,3,sunday,23,0.020548230919000373,10
_M,3,sunday,24,0.020671385179921117,10
_M,3,sunday,25,0.021149370121955828,10
_M,3,sunday,26,0.021370531542239498,10
_M,3,sunday,27,0.021796674458101187,10
_M,3,sunday,28,0.021754000657423878,10
_M,3,sunday,29,0.021945661153205558,10
_M,3,sunday,30,0.02242214490484486,10
_M,3,sunday,31,0.022841674628344664,10
_M,3,sunday,32,0.023886021799484403,10
_M,3,sunday,33,0.02477943351361777,10
_M,3,sunday,34,0.025573431763502696,10
_M,3,sunday,35,0.026475090689910614,10
_M,3,sunday,36,0.02653509081847011,10
_M,3,sunday,37,0.027116603294503622,10
_M,3,sunday,38,0.02723634512950963,10
_M,3,sunday,39,0.02701314634061871,10
_M,3,sunday,40,0.026354762047207922,10
_M,3,sunday,41,0.02513142194098706,10
_M,3,sunday,42,0.024544448508865543,10
_M,3,sunday,43,0.02333393317419666,10
_M,3,sunday,44,0.022509140753791602,10
_M,3,sunday,45,0.02120567924826469,10
_M,3,sunday,46,0.020084288155961076,10
_M,3,sunday,47,0.01876663913136598,8
_M,3,sunday,48,0.01783727515332788,8
_M,3,weekday,1,0.016768507204663715,43
_M,3,weekday,2,0.016965732555049687,43
_M,3,weekday,3,0.016700410994637024,43
_M,3,weekday,4,0.016380532359143544,43
_M,3,weekday,5,0.01620589932358236,43
_M,3,weekday,6,0.016122929130281995,43
_M,3,weekday,7,0.01594493257918778,43
_M,3,weekday,8,0.01580096122226331,43
_M,3,weekday,9,0.01568013745546521,43
_M,3,weekday,10,0.015775358698493423,43
_M,3,weekday,11,0.015738918932925675,43
_M,3,weekday,12,0.01635897332423553,43
_M,3,weekday,13,0.018357806281862416,43
_M,3,weekday,14,0.019647496813797974,43
_M,3,weekday,15,0.02197509127792399,43
_M,3,weekday,16,0.022600555530184082,43
_M,3,weekday,17,0.023839988320800486,43
_M,3,weekday,18,0.02382972853947379,43
_M,3,weekday,19,0.023910561417883773,43
_M,3,weekday,20,0.023518889733998384,43
_M,3,weekday,21,0.023012010604979632,43
_M,3,weekday,22,0.022795232399524946,43
_M,3,weekday,23,0.022621113023045647,43
_M,3,weekday,24,0.022465667708431687,43
_M,3,weekday,25,0.02226851238336833,43
_M,3,weekday,26,0.021958050716253175,43
_M,3,weekday,27,0.021771419478385366,43
_M,3,weekday,28,0.02143882333994164,43
_M,3,weekday,29,0.021161194745313295,43
_M,3,weekday,30,0.021237877693466405,43
_M,3,weekday,31,0.021499338947647575,43
_M,3,weekday,32,0.022390357816168382,43
_M,3,weekday,33,0.023173917979767127,43
_M,3,weekday,34,0.024070930052752827,43
_M,3,weekday,35,0.024577295591109088,43
_M,3,weekday,36,0.024892959865171205,43
_M,3,weekday,37,0.024812975143047665,43
_M,3,weekday,38,0.024782565828128402,43
_M,3,weekday,39,0.025427833638918703,43
_M,3,weekday,40,0.025088383813437105,43
_M,3,weekday,41,0.02456642221563365,43
_M,3,weekday,42,0.02369033882446533,43
_M,3,weekday,43,0.022416018574192224,43
_M,3,weekday,44,0.021259422385011315,43
_M,3,weekday,45,0.020087307069206313,43
_M,3,weekday,46,0.019071833626081513,43
_M,3,weekday,47,0.018086156499766595,43
_M,3,weekday,48,0.017252628340930703,43
_M,4,saturday,1,0.021080734822663896,8
_M,4,saturday,2,0.020571247893438564,8
_M,4,saturday,3,0.019963559564974392,8
_M,4,saturday,4,0.019828762911470798,8
_M,4,saturday,5,0.019407610973906503,8
_M,4,saturday,6,0.0191999586079886,8
_M,4,saturday,7,0.018869790274758193,8
_M,4,saturday,8,0.018412154824144586,8
_M,4,saturday,9,0.01797861093369821,8
_M,4,saturday,10,0.017812758279674844,8
_M,4,saturday,11,0.017540748182796013,8
_M,4,saturday,12,0.017158683827580394,8
_M,4,saturday,13,0.01831495167086816,8
_M,4,saturday,14,0.018331558731992395,8
_M,4,saturday,15,0.020171570228912722,8
_M,4,saturday,16,0.020729654387638713,8
_M,4,saturday,17,0.022252041857744608,8
_M,4,saturday,18,0.021817350469888034,8
_M,4,saturday,19,0.02245885630141832,8
_M,4,saturday,20,0.022326526384046738,8
_M,4,saturday,21,0.022180633106718712,8
_M,4,saturday,22,0.02191433221590705,8
_M,4,saturday,23,0.021451786148599446,8
_M,4,saturday,24,0.021017117513916113,8
_M,4,saturday,25,0.020808250060873796,8
_M,4,saturday,26,0.02031488691779706,8
_M,4,saturday,27,0.019411328061637513,8
_M,4,saturday,28,0.018573783083532282,8
_M,4,saturday,29,0.017753273589504223,8
_M,4,saturday,30,0.018003481870783874,8
_M,4,saturday,31,0.018190331730942692,8
_M,4,saturday,32,0.01862389240991378,8
_M,4,saturday,33,0.019121778746402328,8
_M,4,saturday,34,0.020121896476820455,8
_M,4,saturday,35,0.021871788910293535,8
_M,4,saturday,36,0.02277498379883268,8
_M,4,saturday,37,0.02339909148010353,8
_M,4,saturday,38,0.024079193551601243,8
_M,4,saturday,39,0.024742511671553395,8
_M,4,saturday,40,0.025251662527424903,8
_M,4,saturday,41,0.02547857751787481,8
_M,4,saturday,42,0.025337388914909425,8
_M,4,saturday,43,0.024670656141468364,8
_M,4,saturday,44,0.02456772092236424,8
_M,4,saturday,45,0.023375921494858305,8
_M,4,saturday,46,0.022259485832884583,8
_M,4,saturday,47,0.02075820308242979,8
_M,4,saturday,48,0.01971891109044724,8
_M,4,sunday,1,0.01909092042202889,8
_M,4,sunday,2,0.018781272011456004,8
_M,4,sunday,3,0.018298864972206584,8
_M,4,sunday,4,0.018574552761291416,8
_M,4,sunday,5,0.01815546897722035,8
_M,4,sunday,6,0.01788906430325659,8
_M,4,sunday,7,0.017353064114787372,8
_M,4,sunday,8,0.017088144591144362,8
_M,4,sunday,9,0.016254367883759942,8
_M,4,sunday,10,0.016193214721954126,8
_M,4,sunday,11,0.01639906942803694,8
_M,4,sunday,12,0.016259927384969692,8
_M,4,sunday,13,0.01669732372227235,8
_M,4,sunday,14,0.016887265260276247,8
_M,4,sunday,15,0.01789268865900618,8
_M,4,sunday,16,0.018440409873220855,8
_M,4,sunday,17,0.01930993365798728,8
_M,4,sunday,18,0.019603769329519107,8
_M,4,sunday,19,0.020166199764800777,8
_M,4,sunday,20,0.02026211060074484,8
_M,4,sunday,21,0.019890657830073943,8
_M,4,sunday,22,0.019592283472894153,8
_M,4,sunday,23,0.01977007326281517,8
_M,4,sunday,24,0.019833170575581354,8
_M,4,sunday,25,0.0198901178790164,8
_M,4,sunday,26,0.020057646521512627,8
_M,4,sunday,27,0.019913843795289356,8
_M,4,sunday,28,0.019622516527898398,8
_M,4,sunday,29,0.01979987017615152,8
_M,4,sunday,30,0.019800296633380975,8
_M,4,sunday,31,0.01990473284995722,8
_M,4,sunday,32,0.02060057328895791,8
_M,4,sunday,33,0.02154214150897827,8
_M,4,sunday,34,0.02295217845970126,8
_M,4,sunday,35,0.02471123477028508,8
_M,4,sunday,36,0.0254133569899389,8
_M,4,sunday,37,0.025541214181617394,8
_M,4,sunday,38,0.025731170069237537,8
_M,4,sunday,39,0.026248584469621507,8
_M,4,sunday,40,0.026653733341003676,8
_M,4,sunday,41,0.02783583252921228,8
_M,4,sunday,42,0.027514244028172666,8
_M,4,sunday,43,0.02714974622442991,8
_M,4,sunday,44,0.02667695272268923,8
_M,4,sunday,45,0.024854094221808804,8
_M,4,sunday,46,0.024100948849531883,8
_M,4,sunday,47,0.022922719967823996,8
_M,4,sunday,48,0.021878432412478645,8
_M,4,weekday,1,0.01840456958179798,44
_M,4,weekday,2,0.018373643604185794,44
_M,4,weekday,3,0.01817927078907219,44
_M,4,weekday,4,0.01804835230715117,44
_M,4,weekday,5,0.017900666765740304,44
_M,4,weekday,6,0.017714872888850437,44
_M,4,weekday,7,0.017263807348309037,44
_M,4,weekday,8,0.017187140961165383,44
_M,4,weekday,9,0.016858221452743558,44
_M,4,weekday,10,0.016860555621657478,44
_M,4,weekday,11,0.016759818712806338,44
_M,4,weekday,12,0.017204062238489224,44
_M,4,weekday,13,0.018828515971810653,44
_M,4,weekday,14,0.01984109648274439,44
_M,4,weekday,15,0.02225010180508581,44
_M,4,weekday,16,0.022888445035239235,44
_M,4,weekday,17,0.024081058078917184,44
_M,4,weekday,18,0.024106623351973867,44
_M,4,weekday,19,0.024272918943906232,44
_M,4,weekday,20,0.023720471481870932,44
_M,4,weekday,21,0.02289390546760399,44
_M,4,weekday,22,0.02235143163477092,44
_M,4,weekday,23,0.021933434990310544,44
_M,4,weekday,24,0.02157667964071414,44
_M,4,weekday,25,0.02136676279081549,44
_M,4,weekday,26,0.021024123462278922,44
_M,4,weekday,27,0.020745177251307752,44
_M,4,weekday,28,0.02050496101774981,44
_M,4,weekday,29,0.01996549165645255,44
_M,4,weekday,30,0.019953161461702094,44
_M,4,weekday,31,0.01999835889358232,44
_M,4,weekday,32,0.020577353514616484,44
_M,4,weekday,33,0.0210935331241599,44
_M,4,weekday,34,0.021924995076706658,44
_M,4,weekday,35,0.022529176425942796,44
_M,4,weekday,36,0.023123683457364545,44
_M,4,weekday,37,0.02292609285546734,44
_M,4,weekday,38,0.02304596507520545,44
_M,4,weekday,39,0.023295397803402153,44
_M,4,weekday,40,0.02333401058847756,44
_M,4,weekday,41,0.024244350554192853,44
_M,4,weekday,42,0.024280839496562436,44
_M,4,weekday,43,0.023603068359884172,44
_M,4,weekday,44,0.022952574215596912,44
_M,4,weekday,45,0.02155535478847457,44
_M,4,weekday,46,0.0203091060355643,44
_M,4,weekday,47,0.01950643316953186,44
_M,4,weekday,48,0.018640363768044274,44
_M,5,saturday,1,0.022001007129801582,10
_M,5,saturday,2,0.02222781058068945,10
_M,5,saturday,3,0.021555463443888718,10
_M,5,saturday,4,0.02149627445824168,10
_M,5,saturday,5,0.020484820798881784,10
_M,5,saturday,6,0.01996681133258637,10
_M,5,saturday,7,0.019558091018105718,10
_M,5,saturday,8,0.019532970625424383,10
_M,5,saturday,9,0.018777212271828433,10
_M,5,saturday,10,0.018324160097302422,10
_M,5,saturday,11,0.018471271228436704,10
_M,5,saturday,12,0.018545618058973826,10
_M,5,saturday,13,0.019095913494602035,10
_M,5,saturday,14,0.019525458983354307,10
_M,5,saturday,15,0.020123492276499195,10
_M,5,saturday,16,0.020269914811835314,10
_M,5,saturday,17,0.021014654223492607,10
_M,5,saturday,18,0.021536733115658808,10
_M,5,saturday,19,0.021889713106138794,10
_M,5,saturday,20,0.021543483191514445,10
_M,5,saturday,21,0.020999647342982916,10
_M,5,saturday,22,0.02041242593660586,10
_M,5,saturday,23,0.021017499395982138,10
_M,5,saturday,24,0.020656325997592907,10
_M,5,saturday,25,0.02050471335384691,10
_M,5,saturday,26,0.020009678026452853,10
_M,5,saturday,27,0.01892637202885549,10
_M,5,saturday,28,0.018562206898514656,10
_M,5,saturday,29,0.01769163184302296,10
_M,5,saturday,30,0.018059337587331574,10
_M,5,saturday,31,0.018724919376028878,10
_M,5,saturday,32,0.01907171656633621,10
_M,5,saturday,33,0.019943320708903613,10
_M,5,saturday,34,0.02051245241477932,10
_M,5,saturday,35,0.022248653034851636,10
_M,5,saturday,36,0.023160783046921304,10
_M,5,saturday,37,0.02272800946883996,10
_M,5,saturday,38,0.022849974024813393,10
_M,5,saturday,39,0.022960719501839724,10
_M,5,saturday,40,0.02273526390509216,10
_M,5,saturday,41,0.02333312290672819,10
_M,5,saturday,42,0.023524828382841922,10
_M,5,saturday,43,0.023734950531618088,10
_M,5,saturday,44,0.02376857193617468,10
_M,5,saturday,45,0.023235873198449206,10
_M,5,saturday,46,0.022781536914977522,10
_M,5,saturday,47,0.021310145387677632,10
_M,5,saturday,48,0.020594446034681732,10
_M,5,sunday,1,0.02119910616701579,9
_M,5,sunday,2,0.020823470429320517,9
_M,5,sunday,3,0.020480942050816908,9
_M,5,sunday,4,0.019818687312118596,9
_M,5,sunday,5,0.019857747116174038,9
_M,5,sunday,6,0.01921381728412079,9
_M,5,sunday,7,0.018570458563489586,9
_M,5,sunday,8,0.01836518229559591,9
_M,5,sunday,9,0.01794196851864706,9
_M,5,sunday,10,0.017393788958448883,9
_M,5,sunday,11,0.016579782362276516,9
_M,5,sunday,12,0.015854561702953855,9
_M,5,sunday,13,0.017333860346106584,9
_M,5,sunday,14,0.017198196728027956,9
_M,5,sunday,15,0.01733019225695391,9
_M,5,sunday,16,0.017337518115039877,9
_M,5,sunday,17,0.018038661391859608,9
_M,5,sunday,18,0.018358167676294487,9
_M,5,sunday,19,0.018813926766326663,9
_M,5,sunday,20,0.018990341818886522,9
_M,5,sunday,21,0.019420481173075585,9
_M,5,sunday,22,0.019567799684493986,9
_M,5,sunday,23,0.01953557812546081,9
_M,5,sunday,24,0.019329172962374744,9
_M,5,sunday,25,0.01982737808111737,9
_M,5,sunday,26,0.019071907267656504,9
_M,5,sunday,27,0.019012071007625947,9
_M,5,sunday,28,0.01927962942563053,9
_M,5,sunday,29,0.019396832293486283,9
_M,5,sunday,30,0.018749066180928132,9
_M,5,sunday,31,0.020267591081999627,9
_M,5,sunday,32,0.0203572609928841,9
_M,5,sunday,33,0.02146243856701756,9
_M,5,sunday,34,0.022742707488268152,9
_M,5,sunday,35,0.024421831736765758,9
_M,5,sunday,36,0.025167182388252204,9
_M,5,sunday,37,0.026203492199830866,9
_M,5,sunday,38,0.026538575055564135,9
_M,5,sunday,39,0.026524373160238354,9
_M,5,sunday,40,0.026454284255229776,9
_M,5,sunday,41,0.02600293708704177,9
_M,5,sunday,42,0.025697534336922328,9
_M,5,sunday,43,0.025237612055155595,9
_M,5,sunday,44,0.025477305616966643,9
_M,5,sunday,45,0.02498855800741316,9
_M,5,sunday,46,0.024658555280575967,9
_M,5,sunday,47,0.02254843404438692,9
_M,5,sunday,48,0.02255903258316315,9
_M,5,weekday,1,0.01879481033169186,43
_M,5,weekday,2,0.01853305981532199,43
_M,5,weekday,3,0.01818921914321638,43
_M,5,weekday,4,0.01822472392305054,43
_M,5,weekday,5,0.01767141649292973,43
_M,5,weekday,6,0.01762084799550246,43
_M,5,weekday,7,0.017330633020529125,43
_M,5,weekday,8,0.017158768865506324,43
_M,5,weekday,9,0.01686970794754707,43
_M,5,weekday,10,0.01661974676586287,43
_M,5,weekday,11,0.01640987605854845,43
_M,5,weekday,12,0.016553911925594134,43
_M,5,weekday,13,0.018399796824442975,43
_M,5,weekday,14,0.019337609873082667,43
_M,5,weekday,15,0.02139461062355749,43
_M,5,weekday,16,0.022123344660156394,43
_M,5,weekday,17,0.02302854496026703,43
_M,5,weekday,18,0.023288315826303543,43
_M,5,weekday,19,0.023326440814254834,43
_M,5,weekday,20,0.02286978168031157,43
_M,5,weekday,21,0.022566908394790055,43
_M,5,weekday,22,0.022411662810147316,43
_M,5,weekday,23,0.022260131253544067,43
_M,5,weekday,24,0.021941248555588384,43
_M,5,weekday,25,0.02187007093451613,43
_M,5,weekday,26,0.021658076724386202,43
_M,5,weekday,27,0.021519032945249112,43
_M,5,weekday,28,0.020958881734921112,43
_M,5,weekday,29,0.020427260649134596,43
_M,5,weekday,30,0.020388839173560266,43
_M,5,weekday,31,0.020795440048686487,43
_M,5,weekday,32,0.021164454343370446,43
_M,5,weekday,33,0.021604301842212518,43
_M,5,weekday,34,0.0223501520292978,43
_M,5,weekday,35,0.02299410345327283,43
_M,5,weekday,36,0.023565088492130595,43
_M,5,weekday,37,0.023498594149280475,43
_M,5,weekday,38,0.02330969259199617,43
_M,5,weekday,39,0.023167037428949985,43
_M,5,weekday,40,0.022898747385666343,43
_M,5,weekday,41,0.02293275449033151,43
_M,5,weekday,42,0.022872944306212353,43
_M,5,weekday,43,0.023178485025598904,43
_M,5,weekday,44,0.022888524001855048,43
_M,5,weekday,45,0.02222653146354624,43
_M,5,weekday,46,0.021411271023948672,43
_M,5,weekday,47,0.020155348992081608,43
_M,5,weekday,48,0.01923924820804733,43
_M,6,saturday,1,0.021807800342425274,8
_M,6,saturday,2,0.021366375449847447,8
_M,6,saturday,3,0.020774270008265233,8
_M,6,saturday,4,0.020466465735658412,8
_M,6,saturday,5,0.02004794699927466,8
_M,6,saturday,6,0.020390694695812155,8
_M,6,saturday,7,0.01941548257248181,8
_M,6,saturday,8,0.019108356484291475,8
_M,6,saturday,9,0.01813925822723886,8
_M,6,saturday,10,0.018396354007356494,8
_M,6,saturday,11,0.017626011057664676,8
_M,6,saturday,12,0.017813256931685274,8
_M,6,saturday,13,0.01822581117859263,8
_M,6,saturday,14,0.017912805732925377,8
_M,6,saturday,15,0.019672463253718856,8
_M,6,saturday,16,0.020170166413469102,8
_M,6,saturday,17,0.02101674047582399,8
_M,6,saturday,18,0.021115671495418365,8
_M,6,saturday,19,0.021405350465994715,8
_M,6,saturday,20,0.021759365190490994,8
_M,6,saturday,21,0.02189887288518611,8
_M,6,saturday,22,0.021255925617891865,8
_M,6,saturday,23,0.021015371205363814,8
_M,6,saturday,24,0.021130865396374536,8
_M,6,saturday,25,0.01964580520121028,8
_M,6,saturday,26,0.02052771771081624,8
_M,6,saturday,27,0.019884304023863396,8
_M,6,saturday,28,0.019695372023068525,8
_M,6,saturday,29,0.0193740194942454,8
_M,6,saturday,30,0.01927250111226517,8
_M,6,saturday,31,0.019957763077509617,8
_M,6,saturday,32,0.01977587871940708,8
_M,6,saturday,33,0.019871813846770815,8
_M,6,saturday,34,0.02088792821079117,8
_M,6,saturday,35,0.022143618238925616,8
_M,6,saturday,36,0.02216847770456104,8
_M,6,saturday,37,0.023007248417831628,8
_M,6,saturday,38,0.023033048632888013,8
_M,6,saturday,39,0.022860295682436572,8
_M,6,saturday,40,0.023871492686927245,8
_M,6,saturday,41,0.023515306493576478,8
_M,6,saturday,42,0.023201548094660435,8
_M,6,saturday,43,0.022999311704766524,8
_M,6,saturday,44,0.02261523404910001,8
_M,6,saturday,45,0.023433250460157217,8
_M,6,saturday,46,0.022475172981557885,8
_M,6,saturday,47,0.022309864669124303,8
_M,6,saturday,48,0.021541344940287213,8
_M,6,sunday,1,0.021979215980415516,9
_M,6,sunday,2,0.021684499285183543,9
_M,6,sunday,3,0.021169501520046197,9
_M,6,sunday,4,0.020474938409811672,9
_M,6,sunday,5,0.019889416500504194,9
_M,6,sunday,6,0.01926078364653099,9
_M,6,sunday,7,0.018047700196944724,9
_M,6,sunday,8,0.01817836378899538,9
_M,6,sunday,9,0.017249938608022847,9
_M,6,sunday,10,0.017458563493154604,9
_M,6,sunday,11,0.01694029640049867,9
_M,6,sunday,12,0.016863259238287683,9
_M,6,sunday,13,0.01805682465397125,9
_M,6,sunday,14,0.017704815480787627,9
_M,6,sunday,15,0.018192793802857495,9
_M,6,sunday,16,0.01776984434784286,9
_M,6,sunday,17,0.018374130008979212,9
_M,6,sunday,18,0.018067636847880583,9
_M,6,sunday,19,0.01886554208550773,9
_M,6,sunday,20,0.019418935221536034,9
_M,6,sunday,21,0.019968160997312977,9
_M,6,sunday,22,0.020153673795022045,9
_M,6,sunday,23,0.020354967936988266,9
_M,6,sunday,24,0.020464823052252754,9
_M,6,sunday,25,0.019982388393913107,9
_M,6,sunday,26,0.02016765696009482,9
_M,6,sunday,27,0.020791719974870827,9
_M,6,sunday,28,0.02051567250412221,9
_M,6,sunday,29,0.0203531936124361,9
_M,6,sunday,30,0.02007301242291621,9
_M,6,sunday,31,0.02011265473688312,9
_M,6,sunday,32,0.020611813840760905,9
_M,6,sunday,33,0.021845418642599392,9
_M,6,sunday,34,0.022088056703685226,9
_M,6,sunday,35,0.023212439878885438,9
_M,6,sunday,36,0.023503125719531077,9
_M,6,sunday,37,0.02400436411112332,9
_M,6,sunday,38,0.02359462413699488,9
_M,6,sunday,39,0.02583724570902036,9
_M,6,sunday,40,0.02428833786174681,9
_M,6,sunday,41,0.02490084850204276,9
_M,6,sunday,42,0.02443870019848727,9
_M,6,sunday,43,0.023967294885232707,9
_M,6,sunday,44,0.023721734084575452,9
_M,6,sunday,45,0.024681604226329017,9
_M,6,sunday,46,0.024367966829854575,9
_M,6,sunday,47,0.024011818278334686,9
_M,6,sunday,48,0.022339682486224893,9
_M,6,weekday,1,0.01920187873338357,43
_M,6,weekday,2,0.018753699435309027,43
_M,6,weekday,3,0.018552949686003635,43
_M,6,weekday,4,0.018371171119321614,43
_M,6,weekday,5,0.017835427883446126,43
_M,6,weekday,6,0.017640235607889708,43
_M,6,weekday,7,0.01749501817330117,43
_M,6,weekday,8,0.017376645979908015,43
_M,6,weekday,9,0.016824899903956764,43
_M,6,weekday,10,0.016639964413301775,43
_M,6,weekday,11,0.01648246339745466,43
_M,6,weekday,12,0.016714760325756594,43
_M,6,weekday,13,0.018422183444129176,43
_M,6,weekday,14,0.01924428993632121,43
_M,6,weekday,15,0.021526047189594232,43
_M,6,weekday,16,0.021894131945854076,43
_M,6,weekday,17,0.023005975754923413,43
_M,6,weekday,18,0.02284712828583179,43
_M,6,weekday,19,0.023228980879981664,43
_M,6,weekday,20,0.023012785780068788,43
_M,6,weekday,21,0.02292558474595423,43
_M,6,weekday,22,0.022891397212365088,43
_M,6,weekday,23,0.022855648616825094,43
_M,6,weekday,24,0.022822205223654846,43
_M,6,weekday,25,0.022305374146767143,43
_M,6,weekday,26,0.021927393392619444,43
_M,6,weekday,27,0.021751701001611203,43
_M,6,weekday,28,0.021573675995849247,43
_M,6,weekday,29,0.02115831737562309,43
_M,6,weekday,30,0.0210349836041531,43
_M,6,weekday,31,0.02109608722190779,43
_M,6,weekday,32,0.021621115781854897,43
_M,6,weekday,33,0.022041417091971712,43
_M,6,weekday,34,0.022465732382078524,43
_M,6,weekday,35,0.022628049229612757,43
_M,6,weekday,36,0.022856385741827478,43
_M,6,weekday,37,0.02226690279229898,43
_M,6,weekday,38,0.022063438180824773,43
_M,6,weekday,39,0.02223417865307896,43
_M,6,weekday,40,0.022024289382373254,43
_M,6,weekday,41,0.02214472832663413,43
_M,6,weekday,42,0.02204818269614771,43
_M,6,weekday,43,0.022563255708969415,43
_M,6,weekday,44,0.022016909953927258,43
_M,6,weekday,45,0.02211389856637941,43
_M,6,weekday,46,0.021397771466961733,43
_M,6,weekday,47,0.020381114356117416,43
_M,6,weekday,48,0.01971962327587434,43
_M,7,saturday,1,0.021849763220422164,8
_M,7,saturday,2,0.021950142793925126,8
_M,7,saturday,3,0.021035860298936313,8
_M,7,saturday,4,0.021128676308146344,8
_M,7,saturday,5,0.02054648243143619,8
_M,7,saturday,6,0.019949678030211207,8
_M,7,saturday,7,0.01928877804763114,8
_M,7,saturday,8,0.018933906204893464,8
_M,7,saturday,9,0.01881179407508761,8
_M,7,saturday,10,0.017737091494444437,8
_M,7,saturday,11,0.017437603738547185,8
_M,7,saturday,12,0.0171940403487178,8
_M,7,saturday,13,0.018678936949877302,8
_M,7,saturday,14,0.01849473717607671,8
_M,7,saturday,15,0.020324941668656803,8
_M,7,saturday,16,0.020698067632484808,8
_M,7,saturday,17,0.0215107576381721,8
_M,7,saturday,18,0.021830647284416207,8
_M,7,saturday,19,0.02211112116507852,8
_M,7,saturday,20,0.02129452176700474,8
_M,7,saturday,21,0.021395812855855907,8
_M,7,saturday,22,0.020839216196275694,8
_M,7,saturday,23,0.021545278856591767,8
_M,7,saturday,24,0.0215787837637445,8
_M,7,saturday,25,0.021184601907205718,8
_M,7,saturday,26,0.021106219993126712,8
_M,7,saturday,27,0.02054195442509918,8
_M,7,saturday,28,0.019987026022087958,8
_M,7,saturday,29,0.01914330261043985,8
_M,7,saturday,30,0.019405652819878768,8
_M,7,saturday,31,0.019541609325684946,8
_M,7,saturday,32,0.0196759035801188,8
_M,7,saturday,33,0.020602655985887404,8
_M,7,saturday,34,0.020927725445482204,8
_M,7,saturday,35,0.021756026097689455,8
_M,7,saturday,36,0.022809445207394936,8
_M,7,saturday,37,0.02230541758905482,8
_M,7,saturday,38,0.0213755601095463,8
_M,7,saturday,39,0.021950477233941623,8
_M,7,saturday,40,0.022050415296066363,8
_M,7,saturday,41,0.02369495450833582,8
_M,7,saturday,42,0.02267385653231237,8
_M,7,saturday,43,0.021932138233221588,8
_M,7,saturday,44,0.022007750329965853,8
_M,7,saturday,45,0.022123399826757942,8
_M,7,saturday,46,0.02282797527224728,8
_M,7,saturday,47,0.0224741759177247,8
_M,7,saturday,48,0.021735115784095378,8
_M,7,sunday,1,0.021869229371792677,8
_M,7,sunday,2,0.02173974877015268,8
_M,7,sunday,3,0.021248341264272223,8
_M,7,sunday,4,0.02099397467978294,8
_M,7,sunday,5,0.02019387909720318,8
_M,7,sunday,6,0.01991609480385269,8
_M,7,sunday,7,0.01968677297899937,8
_M,7,sunday,8,0.01889462408232497,8
_M,7,sunday,9,0.01877826497971498,8
_M,7,sunday,10,0.017444903974523515,8
_M,7,sunday,11,0.017186133044603428,8
_M,7,sunday,12,0.01682419373548076,8
_M,7,sunday,13,0.017180741900607473,8
_M,7,sunday,14,0.01719939697607508,8
_M,7,sunday,15,0.017163034543380574,8
_M,7,sunday,16,0.017446066360086786,8
_M,7,sunday,17,0.018235986397458603,8
_M,7,sunday,18,0.018821446814075347,8
_M,7,sunday,19,0.01833135778137298,8
_M,7,sunday,20,0.019042763723710526,8
_M,7,sunday,21,0.01888419899298486,8
_M,7,sunday,22,0.019443460234324646,8
_M,7,sunday,23,0.019527696127640916,8
_M,7,sunday,24,0.01937085398853912,8
_M,7,sunday,25,0.019861621088967503,8
_M,7,sunday,26,0.020303029805150544,8
_M,7,sunday,27,0.02046737149811519,8
_M,7,sunday,28,0.020371307068869696,8
_M,7,sunday,29,0.020527602572044477,8
_M,7,sunday,30,0.02015095146563172,8
_M,7,sunday,31,0.02007852488842009,8
_M,7,sunday,32,0.02077680286220675,8
_M,7,sunday,33,0.021165184540142813,8
_M,7,sunday,34,0.022449292780783985,8
_M,7,sunday,35,0.023282332461741925,8
_M,7,sunday,36,0.023779839263201832,8
_M,7,sunday,37,0.024238543097491714,8
_M,7,sunday,38,0.025132221557856244,8
_M,7,sunday,39,0.02440150645633218,8
_M,7,sunday,40,0.02450722198232154,8
_M,7,sunday,41,0.02472149767958728,8
_M,7,sunday,42,0.024173383365513897,8
_M,7,sunday,43,0.024032102352872807,8
_M,7,sunday,44,0.024679374975581897,8
_M,7,sunday,45,0.024313952650046926,8
_M,7,sunday,46,0.02438690334498859,8
_M,7,sunday,47,0.023784071315047176,8
_M,7,sunday,48,0.022992196304122876,8
_M,7,weekday,1,0.01945085473504568,46
_M,7,weekday,2,0.019128948533434557,46
_M,7,weekday,3,0.019036965139092726,46
_M,7,weekday,4,0.018798980524384955,46
_M,7,weekday,5,0.018335796831362095,46
_M,7,weekday,6,0.018056195350796632,46
_M,7,weekday,7,0.017882498419280867,46
_M,7,weekday,8,0.017700469570116326,46
_M,7,weekday,9,0.01733161611090538,46
_M,7,weekday,10,0.017173647800338636,46
_M,7,weekday,11,0.016508012551272294,46
_M,7,weekday,12,0.01646455620378744,46
_M,7,weekday,13,0.018270418084437117,46
_M,7,weekday,14,0.018984185186092198,46
_M,7,weekday,15,0.021515834053431968,46
_M,7,weekday,16,0.021769363003168528,46
_M,7,weekday,17,0.023037685262573066,46
_M,7,weekday,18,0.022860285017807746,46
_M,7,weekday,19,0.023018393824087123,46
_M,7,weekday,20,0.02281467732160774,46
_M,7,weekday,21,0.022664958000098778,46
_M,7,weekday,22,0.022601797887497083,46
_M,7,weekday,23,0.022618924675669026,46
_M,7,weekday,24,0.022639691225326452,46
_M,7,weekday,25,0.02228822899428034,46
_M,7,weekday,26,0.022034950577121053,46
_M,7,weekday,27,0.021900700448188197,46
_M,7,weekday,28,0.021524246466416774,46
_M,7,weekday,29,0.021549283695861378,46
_M,7,weekday,30,0.020966325502376256,46
_M,7,weekday,31,0.02094727980927263,46
_M,7,weekday,32,0.021259883359984834,46
_M,7,weekday,33,0.021730149653921373,46
_M,7,weekday,34,0.02255631391891284,46
_M,7,weekday,35,0.02222368702411866,46
_M,7,weekday,36,0.022816650041408006,46
_M,7,weekday,37,0.022632909162346445,46
_M,7,weekday,38,0.022299683366484798,46
_M,7,weekday,39,0.022128543444728713,46
_M,7,weekday,40,0.02189652302503211,46
_M,7,weekday,41,0.021798948860714824,46
_M,7,weekday,42,0.021602398824223674,46
_M,7,weekday,43,0.021929079474638673,46
_M,7,weekday,44,0.02192223818939274,46
_M,7,weekday,45,0.021782644513080363,46
_M,7,weekday,46,0.021095659870744937,46
_M,7,weekday,47,0.02064994955766985,46
_M,7,weekday,48,0.019798966907466128,46
_M,8,saturday,1,0.021754473252687343,9
_M,8,saturday,2,0.021886120559984443,9
_M,8,saturday,3,0.021050642130592788,9
_M,8,saturday,4,0.021215229464521018,9
_M,8,saturday,5,0.02015097927631375,9
_M,8,saturday,6,0.019325008932974366,9
_M,8,saturday,7,0.019429781303448742,9
_M,8,saturday,8,0.018784273742379697,9
_M,8,saturday,9,0.01860207446947362,9
_M,8,saturday,10,0.018488103416646362,9
_M,8,saturday,11,0.01793616118259364,9
_M,8,saturday,12,0.017605483613838322,9
_M,8,saturday,13,0.018183926431816332,9
_M,8,saturday,14,0.018665189794898673,9
_M,8,saturday,15,0.020096004418916295,9
_M,8,saturday,16,0.020437997851204166,9
_M,8,saturday,17,0.021221625668762633,9
_M,8,saturday,18,0.02135041988905946,9
_M,8,saturday,19,0.0212114685632094,9
_M,8,saturday,20,0.021370441542416668,9
_M,8,saturday,21,0.02229340316153499,9
_M,8,saturday,22,0.021945036238507992,9
_M,8,saturday,23,0.021265045256455336,9
_M,8,saturday,24,0.021451625906091273,9
_M,8,saturday,25,0.021532255098870787,9
_M,8,saturday,26,0.020936671529376106,9
_M,8,saturday,27,0.02011600286279447,9
_M,8,saturday,28,0.01987992954367035,9
_M,8,saturday,29,0.019041707351726788,9
_M,8,saturday,30,0.019108163856196972,9
_M,8,saturday,31,0.018872297046091124,9
_M,8,saturday,32,0.019069142835420647,9
_M,8,saturday,33,0.01990607083589059,9
_M,8,saturday,34,0.021047436129828605,9
_M,8,saturday,35,0.02200503705514527,9
_M,8,saturday,36,0.022392696646983516,9
_M,8,saturday,37,0.023002797644003887,9
_M,8,saturday,38,0.022529218320943498,9
_M,8,saturday,39,0.02250464419266761,9
_M,8,saturday,40,0.022578964806615014,9
_M,8,saturday,41,0.02293258378501416,9
_M,8,saturday,42,0.02318298526753663,9
_M,8,saturday,43,0.02234931242294673,9
_M,8,saturday,44,0.02278038091283961,9
_M,8,saturday,45,0.022684659572200803,9
_M,8,saturday,46,0.02221368240528914,9
_M,8,saturday,47,0.021973299769605614,9
_M,8,saturday,48,0.02163954404001478,9
_M,8,sunday,1,0.021176686642561778,9
_M,8,sunday,2,0.020223364581053768,9
_M,8,sunday,3,0.0195181516931324,9
_M,8,sunday,4,0.019472211017549593,9
_M,8,sunday,5,0.01927079192935191,9
_M,8,sunday,6,0.01858150521631991,9
_M,8,sunday,7,0.018045041115898167,9
_M,8,sunday,8,0.018023889447607626,9
_M,8,sunday,9,0.017840589544864508,9
_M,8,sunday,10,0.017566182562599193,9
_M,8,sunday,11,0.01713729244954433,9
_M,8,sunday,12,0.016909385190428602,9
_M,8,sunday,13,0.016895499081098792,9
_M,8,sunday,14,0.016762884478419834,9
_M,8,sunday,15,0.018410808834374355,9
_M,8,sunday,16,0.01843359652961056,9
_M,8,sunday,17,0.019504345995863294,9
_M,8,sunday,18,0.02030177617986698,9
_M,8,sunday,19,0.020601670803807606,9
_M,8,sunday,20,0.02096340951811363,9
_M,8,sunday,21,0.020968266368689495,9
_M,8,sunday,22,0.021151324483575134,9
_M,8,sunday,23,0.02127284186444396,9
_M,8,sunday,24,0.02158390949650858,9
_M,8,sunday,25,0.021069120186418107,9
_M,8,sunday,26,0.020351479113931727,9
_M,8,sunday,27,0.020229326071392387,9
_M,8,sunday,28,0.020044170573339168,9
_M,8,sunday,29,0.019759220535332578,9
_M,8,sunday,30,0.019948306697304293,9
_M,8,sunday,31,0.0195211488053348,9
_M,8,sunday,32,0.020520236156780707,9
_M,8,sunday,33,0.02163069760329127,9
_M,8,sunday,34,0.02314617099360111,9
_M,8,sunday,35,0.022884079745376595,9
_M,8,sunday,36,0.024163073875993705,9
_M,8,sunday,37,0.02447134866166145,9
_M,8,sunday,38,0.025346575643484817,9
_M,8,sunday,39,0.024262996060509464,9
_M,8,sunday,40,0.02412465328334606,9
_M,8,sunday,41,0.02432598250883498,9
_M,8,sunday,42,0.024403516074536207,9
_M,8,sunday,43,0.02445370605008141,9
_M,8,sunday,44,0.02383292188419513,9
_M,8,sunday,45,0.023475777400403932,9
_M,8,sunday,46,0.023382680528556285,9
_M,8,sunday,47,0.022368245446709272,9
_M,8,sunday,48,0.02166914107430053,9
_M,8,weekday,1,0.019009533329723247,40
_M,8,weekday,2,0.01882526343506496,40
_M,8,weekday,3,0.018388196264392552,40
_M,8,weekday,4,0.01825739966441515,40
_M,8,weekday,5,0.01799188301900869,40
_M,8,weekday,6,0.017592877128093543,40
_M,8,weekday,7,0.017285456511173157,40
_M,8,weekday,8,0.017132631902501947,40
_M,8,weekday,9,0.01663065514626342,40
_M,8,weekday,10,0.01655056802923568,40
_M,8,weekday,11,0.01599659162797171,40
_M,8,weekday,12,0.016113504697367328,40
_M,8,weekday,13,0.017533299462105863,40
_M,8,weekday,14,0.018235061211207236,40
_M,8,weekday,15,0.020936230025572662,40
_M,8,weekday,16,0.02142265879363356,40
_M,8,weekday,17,0.022733599444464583,40
_M,8,weekday,18,0.022974620259919285,40
_M,8,weekday,19,0.023265660734227294,40
_M,8,weekday,20,0.022865162541428802,40
_M,8,weekday,21,0.022529195399185065,40
_M,8,weekday,22,0.022542933204464283,40
_M,8,weekday,23,0.02233286058408505,40
_M,8,weekday,24,0.022281050523458048,40
_M,8,weekday,25,0.02248290436274799,40
_M,8,weekday,26,0.0223837334298482,40
_M,8,weekday,27,0.022240360231584388,40
_M,8,weekday,28,0.02216826973532081,40
_M,8,weekday,29,0.02223984813007721,40
_M,8,weekday,30,0.021862496491368136,40
_M,8,weekday,31,0.02189331679386375,40
_M,8,weekday,32,0.022217623379936994,40
_M,8,weekday,33,0.022134168875350795,40
_M,8,weekday,34,0.022717444657349484,40
_M,8,weekday,35,0.02288924473911307,40
_M,8,weekday,36,0.02319001960369875,40
_M,8,weekday,37,0.02246007476120553,40
_M,8,weekday,38,0.02239572053478494,40
_M,8,weekday,39,0.021955061540183982,40
_M,8,weekday,40,0.022115686233520133,40
_M,8,weekday,41,0.022599680091492477,40
_M,8,weekday,42,0.022612437558811257,40
_M,8,weekday,43,0.02271533703563577,40
_M,8,weekday,44,0.022559680320644142,40
_M,8,weekday,45,0.022037848662334637,40
_M,8,weekday,46,0.021019366952254974,40
_M,8,weekday,47,0.020257074472450128,40
_M,8,weekday,48,0.019425708467459345,40
_M,9,saturday,1,0.020750406886735913,4
_M,9,saturday,2,0.019791676868139655,4
_M,9,saturday,3,0.01897482191351357,4
_M,9,saturday,4,0.018663546692974257,4
_M,9,saturday,5,0.018219134269008924,4
_M,9,saturday,6,0.017817841025524257,4
_M,9,saturday,7,0.017351886327369666,4
_M,9,saturday,8,0.01725513510101389,4
_M,9,saturday,9,0.0173950756158516,4
_M,9,saturday,10,0.01781502515995396,4
_M,9,saturday,11,0.017665398145788897,4
_M,9,saturday,12,0.01787882627289667,4
_M,9,saturday,13,0.018813346060497903,4
_M,9,saturday,14,0.018833371643350732,4
_M,9,saturday,15,0.019714221092314677,4
_M,9,saturday,16,0.020760506066843376,4
_M,9,saturday,17,0.02196946555675436,4
_M,9,saturday,18,0.022362529527305733,4
_M,9,saturday,19,0.023017458116696175,4
_M,9,saturday,20,0.02296496733561372,4
_M,9,saturday,21,0.023050110581930516,4
_M,9,saturday,22,0.02339375549329545,4
_M,9,saturday,23,0.022567185022948293,4
_M,9,saturday,24,0.022472831871549376,4
_M,9,saturday,25,0.022738109156691843,4
_M,9,saturday,26,0.022053302019102345,4
_M,9,saturday,27,0.022741543650555845,4
_M,9,saturday,28,0.02180437599512322,4
_M,9,saturday,29,0.02131530813902935,4
_M,9,saturday,30,0.02221606497246604,4
_M,9,saturday,31,0.021731137545665594,4
_M,9,saturday,32,0.021127359190407764,4
_M,9,saturday,33,0.022127353987508723,4
_M,9,saturday,34,0.02288503082106014,4
_M,9,saturday,35,0.02367667247418439,4
_M,9,saturday,36,0.023768336612766824,4
_M,9,saturday,37,0.023115799609329378,4
_M,9,saturday,38,0.022965346258762058,4
_M,9,saturday,39,0.023311299073281423,4
_M,9,saturday,40,0.02272580657915148,4
_M,9,saturday,41,0.022920457049910074,4
_M,9,saturday,42,0.02194230825860055,4
_M,9,saturday,43,0.02085851259009933,4
_M,9,saturday,44,0.020362681005031157,4
_M,9,saturday,45,0.019339429510842214,4
_M,9,saturday,46,0.019461761150585448,4
_M,9,saturday,47,0.017524594414828093,4
_M,9,saturday,48,0.017788887287145172,4
_M,9,sunday,1,0.016632500320355813,4
_M,9,sunday,2,0.016685827436370582,4
_M,9,sunday,3,0.01595945335069175,4
_M,9,sunday,4,0.015923343264176406,4
_M,9,sunday,5,0.016018509975481945,4
_M,9,sunday,6,0.015698556584440224,4
_M,9,sunday,7,0.015120957581002101,4
_M,9,sunday,8,0.01547205201409651,4
_M,9,sunday,9,0.01533098732889038,4
_M,9,sunday,10,0.014878047928269095,4
_M,9,sunday,11,0.015221203278523379,4
_M,9,sunday,12,0.015089606669684655,4
_M,9,sunday,13,0.015758884838890284,4
_M,9,sunday,14,0.015475310137152032,4
_M,9,sunday,15,0.018113068699390035,4
_M,9,sunday,16,0.018607883712256808,4
_M,9,sunday,17,0.019328304625181245,4
_M,9,sunday,18,0.020279531930709128,4
_M,9,sunday,19,0.020981446378085567,4
_M,9,sunday,20,0.02111960869496455,4
_M,9,sunday,21,0.020650420904850426,4
_M,9,sunday,22,0.0207016025933287,4
_M,9,sunday,23,0.02107738493185994,4
_M,9,sunday,24,0.02173561115419441,4
_M,9,sunday,25,0.022241656354192993,4
_M,9,sunday,26,0.021756834423082478,4
_M,9,sunday,27,0.022611423779381523,4
_M,9,sunday,28,0.023558537224072005,4
_M,9,sunday,29,0.02473060897375158,4
_M,9,sunday,30,0.02491721565459389,4
_M,9,sunday,31,0.024581904404716835,4
_M,9,sunday,32,0.02508548040829869,4
_M,9,sunday,33,0.026500879891834712,4
_M,9,sunday,34,0.0264110469269163,4
_M,9,sunday,35,0.02658543704287867,4
_M,9,sunday,36,0.025943447722872395,4
_M,9,sunday,37,0.0259753048540714,4
_M,9,sunday,38,0.025401754723360537,4
_M,9,sunday,39,0.025656743682480596,4
_M,9,sunday,40,0.025013141748144417,4
_M,9,sunday,41,0.024767730095724985,4
_M,9,sunday,42,0.024591826159669625,4
_M,9,sunday,43,0.023990854536076876,4
_M,9,sunday,44,0.02353931915509975,4
_M,9,sunday,45,0.0222363939419016,4
_M,9,sunday,46,0.02153874295862429,4
_M,9,sunday,47,0.020484695881319008,4
_M,9,sunday,48,0.020018915124088925,4
_M,9,weekday,1,0.017336656128802447,22
_M,9,weekday,2,0.016784018970724637,22
_M,9,weekday,3,0.016488792326607767,22
_M,9,weekday,4,0.01604800875423435,22
_M,9,weekday,5,0.016252305068327245,22
_M,9,weekday,6,0.015875543155219482,22
_M,9,weekday,7,0.01593155926808801,22
_M,9,weekday,8,0.015575292516535923,22
_M,9,weekday,9,0.015453751031745983,22
_M,9,weekday,10,0.01544441170612549,22
_M,9,weekday,11,0.015793349105402397,22
_M,9,weekday,12,0.016734460629221636,22
_M,9,weekday,13,0.018473333067419637,22
_M,9,weekday,14,0.019345372174442536,22
_M,9,weekday,15,0.02051682356552562,22
_M,9,weekday,16,0.021272487785451526,22
_M,9,weekday,17,0.02276438509041656,22
_M,9,weekday,18,0.023342330789224198,22
_M,9,weekday,19,0.023603614673927912,22
_M,9,weekday,20,0.02367724826856903,22
_M,9,weekday,21,0.023072402449623042,22
_M,9,weekday,22,0.022901710503444236,22
_M,9,weekday,23,0.02265692187303917,22
_M,9,weekday,24,0.02270232562851525,22
_M,9,weekday,25,0.022613056990011673,22
_M,9,weekday,26,0.02254501815042743,22
_M,9,weekday,27,0.022240835509759596,22
_M,9,weekday,28,0.02225966089047706,22
_M,9,weekday,29,0.02231512183796069,22
_M,9,weekday,30,0.022104361153102534,22
_M,9,weekday,31,0.022322182045478686,22
_M,9,weekday,32,0.022869698756090698,22
_M,9,weekday,33,0.023425582192317152,22
_M,9,weekday,34,0.02367378540316105,22
_M,9,weekday,35,0.024195314999220553,22
_M,9,weekday,36,0.02432309065341405,22
_M,9,weekday,37,0.02348671112394178,22
_M,9,weekday,38,0.02320935347577482,22
_M,9,weekday,39,0.023259133496852703,22
_M,9,weekday,40,0.023473941311927038,22
_M,9,weekday,41,0.02474410350282709,22
_M,9,weekday,42,0.02424289549618788,22
_M,9,weekday,43,0.02326824208903106,22
_M,9,weekday,44,0.02227959719743716,22
_M,9,weekday,45,0.021017517731840064,22
_M,9,weekday,46,0.020176701608720347,22
_M,9,weekday,47,0.019311018395807338,22
_M,9,weekday,48,0.018595971457597463,22
_M,10,saturday,1,0.018054656537521335,4
_M,10,saturday,2,0.01709623496823037,4
_M,10,saturday,3,0.017364171861953277,4
_M,10,saturday,4,0.017519433078662095,4
_M,10,saturday,5,0.017155937467319728,4
_M,10,saturday,6,0.017028785729211186,4
_M,10,saturday,7,0.016243566228110996,4
_M,10,saturday,8,0.01598642779178885,4
_M,10,saturday,9,0.015862047762411315,4
_M,10,saturday,10,0.015274022928198927,4
_M,10,saturday,11,0.014741865014642754,4
_M,10,saturday,12,0.014858601470712083,4
_M,10,saturday,13,0.01626635025066797,4
_M,10,saturday,14,0.016880555634113184,4
_M,10,saturday,15,0.018207604274600536,4
_M,10,saturday,16,0.019235780744369765,4
_M,10,saturday,17,0.020863442491651146,4
_M,10,saturday,18,0.02145136453153073,4
_M,10,saturday,19,0.02259401831805317,4
_M,10,saturday,20,0.022512458127702577,4
_M,10,saturday,21,0.022085797746278925,4
_M,10,saturday,22,0.02252795099838603,4
_M,10,saturday,23,0.022339601549674553,4
_M,10,saturday,24,0.021738177983175594,4
_M,10,saturday,25,0.02226437727776634,4
_M,10,saturday,26,0.021657010169294375,4
_M,10,saturday,27,0.022388766583398074,4
_M,10,saturday,28,0.022511973948069773,4
_M,10,saturday,29,0.022696232892260772,4
_M,10,saturday,30,0.023737962064388142,4
_M,10,saturday,31,0.022529334968061317,4
_M,10,saturday,32,0.022667287316209723,4
_M,10,saturday,33,0.02300303124180733,4
_M,10,saturday,34,0.024107855232175963,4
_M,10,saturday,35,0.025546002713990965,4
_M,10,saturday,36,0.025623615573511872,4
_M,10,saturday,37,0.026422758510872713,4
_M,10,saturday,38,0.026848865009681665,4
_M,10,saturday,39,0.026204821829297523,4
_M,10,saturday,40,0.026047358697007948,4
_M,10,saturday,41,0.025431576017977145,4
_M,10,saturday,42,0.02473879608462315,4
_M,10,saturday,43,0.02309783752861101,4
_M,10,saturday,44,0.022502902944859227,4
_M,10,saturday,45,0.020503019922108054,4
_M,10,saturday,46,0.019815051125249717,4
_M,10,saturday,47,0.018169066706696647,4
_M,10,saturday,48,0.017595642153113447,4
_M,10,sunday,1,0.016986185181702702,4
_M,10,sunday,2,0.01647709405378677,4
_M,10,sunday,3,0.015462043859669468,4
_M,10,sunday,4,0.015787213116898766,4
_M,10,sunday,5,0.015396646500894853,4
_M,10,sunday,6,0.01521118491597731,4
_M,10,sunday,7,0.014663041166125282,4
_M,10,sunday,8,0.014397680568669542,4
_M,10,sunday,9,0.014496316502153685,4
_M,10,sunday,10,0.014476288521229867,4
_M,10,sunday,11,0.01502260443815526,4
_M,10,sunday,12,0.014464417822420661,4
_M,10,sunday,13,0.01483368557822896,4
_M,10,sunday,14,0.01558383814056993,4
_M,10,sunday,15,0.01599918792165552,4
_M,10,sunday,16,0.01634792235389612,4
_M,10,sunday,17,0.018410961619429983,4
_M,10,sunday,18,0.018415142539832598,4
_M,10,sunday,19,0.01959771465575285,4
_M,10,sunday,20,0.019357457135840066,4
_M,10,sunday,21,0.02097344970629178,4
_M,10,sunday,22,0.02024431827234753,4
_M,10,sunday,23,0.019339344855062144,4
_M,10,sunday,24,0.019379100898626312,4
_M,10,sunday,25,0.019654909065112375,4
_M,10,sunday,26,0.020588674358051385,4
_M,10,sunday,27,0.02151992554352904,4
_M,10,sunday,28,0.021925376983222982,4
_M,10,sunday,29,0.023001884678610664,4
_M,10,sunday,30,0.024263198588244127,4
_M,10,sunday,31,0.023095693936282916,4
_M,10,sunday,32,0.024499468433534448,4
_M,10,sunday,33,0.025377266227839347,4
_M,10,sunday,34,0.025849824535760468,4
_M,10,sunday,35,0.02690559165075058,4
_M,10,sunday,36,0.02661510511319701,4
_M,10,sunday,37,0.027278594442057248,4
_M,10,sunday,38,0.026779862365809863,4
_M,10,sunday,39,0.02722309009712036,4
_M,10,sunday,40,0.02704867341084003,4
_M,10,sunday,41,0.026297443630161673,4
_M,10,sunday,42,0.026062344888518225,4
_M,10,sunday,43,0.024064390281545427,4
_M,10,sunday,44,0.023273151523593664,4
_M,10,sunday,45,0.021274224712787237,4
_M,10,sunday,46,0.020734201608931323,4
_M,10,sunday,47,0.019502406233681248,4
_M,10,sunday,48,0.01858300009700032,4
_M,10,sunday,49,0.013659267091117457,1
_M,10,sunday,50,0.013599590177482627,1
_M,10,weekday,1,0.016288972961344416,23
_M,10,weekday,2,0.01605058276648116,23
_M,10,weekday,3,0.015623211226069848,23
_M,10,weekday,4,0.015509481655844547,23
_M,10,weekday,5,0.015231294637750876,23
_M,10,weekday,6,0.014991944527372401,23
_M,10,weekday,7,0.015074398903755745,23
_M,10,weekday,8,0.01481948134812358,23
_M,10,weekday,9,0.014709493019832556,23
_M,10,weekday,10,0.014707549658076616,23
_M,10,weekday,11,0.015059491600997238,23
_M,10,weekday,12,0.01583494763227695,23
_M,10,weekday,13,0.018119020602308297,23
_M,10,weekday,14,0.019287972371898898,23
_M,10,weekday,15,0.02090158791202837,23
_M,10,weekday,16,0.021476613136283355,23
_M,10,weekday,17,0.023101681011633422,23
_M,10,weekday,18,0.023551177725573087,23
_M,10,weekday,19,0.024371796675003433,23
_M,10,weekday,20,0.02459720611914904,23
_M,10,weekday,21,0.024342531785187572,23
_M,10,weekday,22,0.024329337729801333,23
_M,10,weekday,23,0.02432861294284878,23
_M,10,weekday,24,0.02444440355934005,23
_M,10,weekday,25,0.024519067819183463,23
_M,10,weekday,26,0.024193021566642665,23
_M,10,weekday,27,0.023969224945198372,23
_M,10,weekday,28,0.023752669544989634,23
_M,10,weekday,29,0.02333407984894741,23
_M,10,weekday,30,0.023511693139615784,23
_M,10,weekday,31,0.023253910333595265,23
_M,10,weekday,32,0.02395468640940163,23
_M,10,weekday,33,0.02416940397253694,23
_M,10,weekday,34,0.024408019743858488,23
_M,10,weekday,35,0.02443755910293861,23
_M,10,weekday,36,0.02401463377860096,23
_M,10,weekday,37,0.0236724816420554,23
_M,10,weekday,38,0.023615237580741737,23
_M,10,weekday,39,0.02432190382418334,23
_M,10,weekday,40,0.023885667849125027,23
_M,10,weekday,41,0.023399517572929636,23
_M,10,weekday,42,0.02269318975560941,23
_M,10,weekday,43,0.02154101480422157,23
_M,10,weekday,44,0.020784839424675086,23
_M,10,weekday,45,0.019408065180507795,23
_M,10,weekday,46,0.018541569277785896,23
_M,10,weekday,47,0.017319783821883327,23
_M,10,weekday,48,0.016545967551790976,23
_M,11,saturday,1,0.01613520770332862,5
_M,11,saturday,2,0.016188789068304454,5
_M,11,saturday,3,0.016469820849381638,5
_M,11,saturday,4,0.015872493182873683,5
_M,11,saturday,5,0.015446086522531544,5
_M,11,saturday,6,0.015399950125596279,5
_M,11,saturday,7,0.014818069186292526,5
_M,11,saturday,8,0.014335771195399697,5
_M,11,saturday,9,0.014088115538527301,5
_M,11,saturday,10,0.014187751581446566,5
_M,11,saturday,11,0.01417051216302644,5
_M,11,saturday,12,0.01418102696296319,5
_M,11,saturday,13,0.015506671219739598,5
_M,11,saturday,14,0.016107594492687814,5
_M,11,saturday,15,0.017643326477244464,5
_M,11,saturday,16,0.01852200310965868,5
_M,11,saturday,17,0.02028532130343567,5
_M,11,saturday,18,0.020995366552244266,5
_M,11,saturday,19,0.02167483306962592,5
_M,11,saturday,20,0.021952179164674922,5
_M,11,saturday,21,0.02245185793358536,5
_M,11,saturday,22,0.023085316782153423,5
_M,11,saturday,23,0.023374587591804084,5
_M,11,saturday,24,0.023338101597059447,5
_M,11,saturday,25,0.02344418430580058,5
_M,11,saturday,26,0.0231302695955237,5
_M,11,saturday,27,0.02312605905299195,5
_M,11,saturday,28,0.02353103559670482,5
_M,11,saturday,29,0.023980130976787674,5
_M,11,saturday,30,0.02406668291923802,5
_M,11,saturday,31,0.024919835265037864,5
_M,11,saturday,32,0.02575875900300184,5
_M,11,saturday,33,0.02648318754235775,5
_M,11,saturday,34,0.027078808071787263,5
_M,11,saturday,35,0.0277786824903541,5
_M,11,saturday,36,0.027347465338372325,5
_M,11,saturday,37,0.026807755307003717,5
_M,11,saturday,38,0.026663081867425664,5
_M,11,saturday,39,0.02612787899914467,5
_M,11,saturday,40,0.025688617051132234,5
_M,11,saturday,41,0.0244159960310461,5
_M,11,saturday,42,0.02375278566936798,5
_M,11,saturday,43,0.02205653270031091,5
_M,11,saturday,44,0.021545571190526212,5
_M,11,saturday,45,0.020462808008526505,5
_M,11,saturday,46,0.01975331188545869,5
_M,11,saturday,47,0.018169101856293,5
_M,11,saturday,48,0.017680705902220838,5
_M,11,sunday,1,0.017082945177555226,5
_M,11,sunday,2,0.01675338018679868,5
_M,11,sunday,3,0.016530358219308382,5
_M,11,sunday,4,0.016263874271156005,5
_M,11,sunday,5,0.01612918740309478,5
_M,11,sunday,6,0.015786021729461287,5
_M,11,sunday,7,0.015547745900090023,5
_M,11,sunday,8,0.015501106096587091,5
_M,11,sunday,9,0.014955523535437703,5
_M,11,sunday,10,0.014768477915915634,5
_M,11,sunday,11,0.014179365264159527,5
_M,11,sunday,12,0.014501513477169294,5
_M,11,sunday,13,0.01514607177566627,5
_M,11,sunday,14,0.01583821060639762,5
_M,11,sunday,15,0.01664377507590748,5
_M,11,sunday,16,0.016794022177096305,5
_M,11,sunday,17,0.018461863298429006,5
_M,11,sunday,18,0.019092837229029477,5
_M,11,sunday,19,0.020288204997752128,5
_M,11,sunday,20,0.02077766361419478,5
_M,11,sunday,21,0.021628824870498987,5
_M,11,sunday,22,0.022089613184128293,5
_M,11,sunday,23,0.02221668567581209,5
_M,11,sunday,24,0.022777276841245215,5
_M,11,sunday,25,0.023615844400873214,5
_M,11,sunday,26,0.024107666535533614,5
_M,11,sunday,27,0.023597895995023314,5
_M,11,sunday,28,0.023868198459432794,5
_M,11,sunday,29,0.02374743015747168,5
_M,11,sunday,30,0.024448966219074837,5
_M,11,sunday,31,0.025828135329438822,5
_M,11,sunday,32,0.026692955454943195,5
_M,11,sunday,33,0.02749913691253439,5
_M,11,sunday,34,0.028643182264203853,5
_M,11,sunday,35,0.02914185747954003,5
_M,11,sunday,36,0.02832401038146031,5
_M,11,sunday,37,0.027499744583272694,5
_M,11,sunday,38,0.027311119586687686,5
_M,11,sunday,39,0.02683562945937166,5
_M,11,sunday,40,0.025620820973075296,5
_M,11,sunday,41,0.024841847452996866,5
_M,11,sunday,42,0.023532093166786432,5
_M,11,sunday,43,0.022143928531335552,5
_M,11,sunday,44,0.020794674989166588,5
_M,11,sunday,45,0.019588951987679765,5
_M,11,sunday,46,0.018625409037566272,5
_M,11,sunday,47,0.017283899709674738,5
_M,11,sunday,48,0.016652052409965125,5
_M,11,weekday,1,0.015502753238161786,20
_M,11,weekday,2,0.015496817785661293,20
_M,11,weekday,3,0.015347122551499537,20
_M,11,weekday,4,0.015254458459329082,20
_M,11,weekday,5,0.014887337980330173,20
_M,11,weekday,6,0.014596465972879447,20
_M,11,weekday,7,0.014285160598056054,20
_M,11,weekday,8,0.014011303190443325,20
_M,11,weekday,9,0.013647605511511188,20
_M,11,weekday,10,0.013966192344801875,20
_M,11,weekday,11,0.014212539507528493,20
_M,11,weekday,12,0.015010211339003366,20
_M,11,weekday,13,0.017056838643096484,20
_M,11,weekday,14,0.01850730641617591,20
_M,11,weekday,15,0.020714721262143524,20
_M,11,weekday,16,0.021419751286466462,20
_M,11,weekday,17,0.02319190307334719,20
_M,11,weekday,18,0.023384503666614216,20
_M,11,weekday,19,0.024096463232123385,20
_M,11,weekday,20,0.024026645768346132,20
_M,11,weekday,21,0.024137457263220665,20
_M,11,weekday,22,0.024339578331415222,20
_M,11,weekday,23,0.024200991305438256,20
_M,11,weekday,24,0.02425605993843817,20
_M,11,weekday,25,0.0243613691167165,20
_M,11,weekday,26,0.024410480647584516,20
_M,11,weekday,27,0.024270385760425665,20
_M,11,weekday,28,0.024314734070767896,20
_M,11,weekday,29,0.024228053481033164,20
_M,11,weekday,30,0.02429555118807478,20
_M,11,weekday,31,0.02439421066131404,20
_M,11,weekday,32,0.02481021161985816,20
_M,11,weekday,33,0.02550122503090873,20
_M,11,weekday,34,0.025777848855440783,20
_M,11,weekday,35,0.026222339440253505,20
_M,11,weekday,36,0.025752158873503572,20
_M,11,weekday,37,0.025485113301037414,20
_M,11,weekday,38,0.025119238223430006,20
_M,11,weekday,39,0.02477814890750677,20
_M,11,weekday,40,0.0240508308563988,20
_M,11,weekday,41,0.023193628678156386,20
_M,11,weekday,42,0.022493513375089817,20
_M,11,weekday,43,0.021291208093851526,20
_M,11,weekday,44,0.020045906778318627,20
_M,11,weekday,45,0.018775598905718494,20
_M,11,weekday,46,0.01784588344687244,20
_M,11,weekday,47,0.016903443049927636,20
_M,11,weekday,48,0.016128728971779496,20
_M,12,saturday,1,0.016595287522147208,4
_M,12,saturday,2,0.01712774246701238,4
_M,12,saturday,3,0.01735304189522701,4
_M,12,saturday,4,0.016913121897005633,4
_M,12,saturday,5,0.01662715302797304,4
_M,12,saturday,6,0.016448462765711425,4
_M,12,saturday,7,0.015818284941840934,4
_M,12,saturday,8,0.015782317603189693,4
_M,12,saturday,9,0.015209702778219997,4
_M,12,saturday,10,0.015085442746393502,4
_M,12,saturday,11,0.015535304555448992,4
_M,12,saturday,12,0.015764615841376964,4
_M,12,saturday,13,0.016255264894761003,4
_M,12,saturday,14,0.017257092991325707,4
_M,12,saturday,15,0.017610845197063046,4
_M,12,saturday,16,0.018318274874410123,4
_M,12,saturday,17,0.020231789007305108,4
_M,12,saturday,18,0.020874113922922138,4
_M,12,saturday,19,0.022391096387708184,4
_M,12,saturday,20,0.023104073056882665,4
_M,12,saturday,21,0.023477550685862256,4
_M,12,saturday,22,0.023707057465273434,4
_M,12,saturday,23,0.024086323572890513,4
_M,12,saturday,24,0.02412630239233519,4
_M,12,saturday,25,0.024115908561760515,4
_M,12,saturday,26,0.024481766510826633,4
_M,12,saturday,27,0.024598582387517158,4
_M,12,saturday,28,0.02428371694279547,4
_M,12,saturday,29,0.024176807615503768,4
_M,12,saturday,30,0.024022546852016567,4
_M,12,saturday,31,0.02439167050427949,4
_M,12,saturday,32,0.025133476723699425,4
_M,12,saturday,33,0.026378405217446343,4
_M,12,saturday,34,0.026395000921736956,4
_M,12,saturday,35,0.027191580610546686,4
_M,12,saturday,36,0.026049527341411728,4
_M,12,saturday,37,0.024945428496879297,4
_M,12,saturday,38,0.024666337945198076,4
_M,12,saturday,39,0.02410096647393789,4
_M,12,saturday,40,0.023098012722082478,4
_M,12,saturday,41,0.02231388438568658,4
_M,12,saturday,42,0.022160655593992662,4
_M,12,saturday,43,0.020603644461152995,4
_M,12,saturday,44,0.01962111245389575,4
_M,12,saturday,45,0.01876024554503314,4
_M,12,saturday,46,0.01841283555085939,4
_M,12,saturday,47,0.017453821653467344,4
_M,12,saturday,48,0.01694380203798755,4
_M,12,sunday,1,0.017012463418266486,4
_M,12,sunday,2,0.01693033410271498,4
_M,12,sunday,3,0.016332575584122527,4
_M,12,sunday,4,0.015944871899576805,4
_M,12,sunday,5,0.016016568913804964,4
_M,12,sunday,6,0.01562557452219268,4
_M,12,sunday,7,0.015296249698539025,4
_M,12,sunday,8,0.015106733746840179,4
_M,12,sunday,9,0.014438346299623083,4
_M,12,sunday,10,0.014321148794839422,4
_M,12,sunday,11,0.014445577845179018,4
_M,12,sunday,12,0.014715539728739877,4
_M,12,sunday,13,0.014701585934794417,4
_M,12,sunday,14,0.015279741959655618,4
_M,12,sunday,15,0.01636038194107042,4
_M,12,sunday,16,0.01747970334057531,4
_M,12,sunday,17,0.01857288442760186,4
_M,12,sunday,18,0.019621230292384398,4
_M,12,sunday,19,0.022228177958881417,4
_M,12,sunday,20,0.02237627741954176,4
_M,12,sunday,21,0.023823460109797943,4
_M,12,sunday,22,0.023979076052672174,4
_M,12,sunday,23,0.024785378485761983,4
_M,12,sunday,24,0.02526717461781176,4
_M,12,sunday,25,0.025880141944687008,4
_M,12,sunday,26,0.026096030695405545,4
_M,12,sunday,27,0.025822389890907516,4
_M,12,sunday,28,0.025702786089085546,4
_M,12,sunday,29,0.025160602530789264,4
_M,12,sunday,30,0.025944944508556826,4
_M,12,sunday,31,0.025640991024013085,4
_M,12,sunday,32,0.025675204127189585,4
_M,12,sunday,33,0.027077288903022037,4
_M,12,sunday,34,0.02738609178097104,4
_M,12,sunday,35,0.0272078500064904,4
_M,12,sunday,36,0.026836089965004126,4
_M,12,sunday,37,0.025825600417676266,4
_M,12,sunday,38,0.025647422801153792,4
_M,12,sunday,39,0.024887196619850546,4
_M,12,sunday,40,0.023901117520783003,4
_M,12,sunday,41,0.022879843722570653,4
_M,12,sunday,42,0.022076392811133577,4
_M,12,sunday,43,0.02066985936352152,4
_M,12,sunday,44,0.019667676310581236,4
_M,12,sunday,45,0.01855149008523038,4
_M,12,sunday,46,0.017818927540290373,4
_M,12,sunday,47,0.016622877554822363,4
_M,12,sunday,48,0.016360126691276195,4
_M,12,weekday,1,0.01585213865263649,23
_M,12,weekday,2,0.015851994385859974,23
_M,12,weekday,3,0.015619334095927856,23
_M,12,weekday,4,0.01549040162469703,23
_M,12,weekday,5,0.015108613347994935,23
_M,12,weekday,6,0.014953407749266266,23
_M,12,weekday,7,0.014751349780646498,23
_M,12,weekday,8,0.014604510539588604,23
_M,12,weekday,9,0.014219662783307281,23
_M,12,weekday,10,0.01418780213568483,23
_M,12,weekday,11,0.013882286056101686,23
_M,12,weekday,12,0.014536249914555845,23
_M,12,weekday,13,0.016293028510476062,23
_M,12,weekday,14,0.017892986097871776,23
_M,12,weekday,15,0.01966697208857844,23
_M,12,weekday,16,0.020893923847649966,23
_M,12,weekday,17,0.02240217582138958,23
_M,12,weekday,18,0.02290815469183369,23
_M,12,weekday,19,0.024010982582816306,23
_M,12,weekday,20,0.0242791394920549,23
_M,12,weekday,21,0.02454381061873522,23
_M,12,weekday,22,0.024785855069490034,23
_M,12,weekday,23,0.024822324346199832,23
_M,12,weekday,24,0.024906533427585135,23
_M,12,weekday,25,0.024958331363963214,23
_M,12,weekday,26,0.0250175451576424,23
_M,12,weekday,27,0.024911338012326006,23
_M,12,weekday,28,0.024582623383428773,23
_M,12,weekday,29,0.024278775329780473,23
_M,12,weekday,30,0.024510538118731627,23
_M,12,weekday,31,0.024548830444206624,23
_M,12,weekday,32,0.02473119240303318,23
_M,12,weekday,33,0.025576255796999268,23
_M,12,weekday,34,0.025760957789364405,23
_M,12,weekday,35,0.02614342302101702,23
_M,12,weekday,36,0.025615620159080168,23
_M,12,weekday,37,0.025403651899949777,23
_M,12,weekday,38,0.024847275809309562,23
_M,12,weekday,39,0.024032841857477113,23
_M,12,weekday,40,0.023566815926270017,23
_M,12,weekday,41,0.022739264871353283,23
_M,12,weekday,42,0.021910209606893594,23
_M,12,weekday,43,0.020738472707532155,23
_M,12,weekday,44,0.01991580482635693,23
_M,12,weekday,45,0.018776056605323273,23
_M,12,weekday,46,0.017849232481367102,23
_M,12,weekday,47,0.01700655226229975,23
_M,12,weekday,48,0.016114752505346056,23
_N,1,saturday,1,0.017186309409772664,9
_N,1,saturday,2,0.016586445853547273,9
_N,1,saturday,3,0.015961489359273898,9
_N,1,saturday,4,0.01494001381411371,9
_N,1,saturday,5,0.014258970188997735,9
_N,1,saturday,6,0.013662884358951338,9
_N,1,saturday,7,0.012971078073541522,9
_N,1,saturday,8,0.012784653487519554,9
_N,1,saturday,9,0.012282904167411485,9
_N,1,saturday,10,0.012130573032346608,9
_N,1,saturday,11,0.012431763007429892,9
_N,1,saturday,12,0.012479190520196944,9
_N,1,saturday,13,0.013211751184217418,9
_N,1,saturday,14,0.013929620874971385,9
_N,1,saturday,15,0.015013251872102609,9
_N,1,saturday,16,0.01635549926289888,9
_N,1,saturday,17,0.01799823911179077,9
_N,1,saturday,18,0.01944257089909153,9
_N,1,saturday,19,0.02132636444475884,9
_N,1,saturday,20,0.022371871131511144,9
_N,1,saturday,21,0.02380390355700398,9
_N,1,saturday,22,0.024528943584301924,9
_N,1,saturday,23,0.025119275579552316,9
_N,1,saturday,24,0.025314076155421764,9
_N,1,saturday,25,0.025574374828581332,9
_N,1,saturday,26,0.02560760070899648,9
_N,1,saturday,27,0.025575708467747985,9
_N,1,saturday,28,0.025689551670754075,9
_N,1,saturday,29,0.025544671935530203,9
_N,1,saturday,30,0.025583255427799094,9
_N,1,saturday,31,0.02579776057259794,9
_N,1,saturday,32,0.026236367425010447,9
_N,1,saturday,33,0.026994405876342182,9
_N,1,saturday,34,0.027674052218795837,9
_N,1,saturday,35,0.02860867948099116,9
_N,1,saturday,36,0.028581858937987766,9
_N,1,saturday,37,0.027890487102693637,9
_N,1,saturday,38,0.027631269509189336,9
_N,1,saturday,39,0.026297575594120638,9
_N,1,saturday,40,0.025591367117481167,9
_N,1,saturday,41,0.024772352458141536,9
_N,1,saturday,42,0.023617173861840826,9
_N,1,saturday,43,0.022608072914436412,9
_N,1,saturday,44,0.02152589794825136,9
_N,1,saturday,45,0.020199373965083766,9
_N,1,saturday,46,0.019368914590615193,9
_N,1,saturday,47,0.018839233500588137,9
_N,1,saturday,48,0.01809835095569829,9
_N,1,sunday,1,0.017706793411249793,8
_N,1,sunday,2,0.016938973929608976,8
_N,1,sunday,3,0.016269911041396953,8
_N,1,sunday,4,0.015318121333146504,8
_N,1,sunday,5,0.014612129975309453,8
_N,1,sunday,6,0.014096955391899191,8
_N,1,sunday,7,0.013835056005866115,8
_N,1,sunday,8,0.013790709646085723,8
_N,1,sunday,9,0.013379190361734499,8
_N,1,sunday,10,0.013395463866776886,8
_N,1,sunday,11,0.01325970593748431,8
_N,1,sunday,12,0.013306012214881252,8
_N,1,sunday,13,0.01404114715163054,8
_N,1,sunday,14,0.014630112906802313,8
_N,1,sunday,15,0.01567340569623061,8
_N,1,sunday,16,0.016456932824702116,8
_N,1,sunday,17,0.017945677220872466,8
_N,1,sunday,18,0.019142493839952677,8
_N,1,sunday,19,0.020637068782669944,8
_N,1,sunday,20,0.021946332463535122,8
_N,1,sunday,21,0.023372250287295053,8
_N,1,sunday,22,0.023976984468995398,8
_N,1,sunday,23,0.02465394764522929,8
_N,1,sunday,24,0.02531779304949812,8
_N,1,sunday,25,0.025712169597709885,8
_N,1,sunday,26,0.026020533133279494,8
_N,1,sunday,27,0.025865321907735148,8
_N,1,sunday,28,0.025877675562620325,8
_N,1,sunday,29,0.025644656333919658,8
_N,1,sunday,30,0.025391288649617663,8
_N,1,sunday,31,0.02555271472534695,8
_N,1,sunday,32,0.026053858488466204,8
_N,1,sunday,33,0.027290410438544445,8
_N,1,sunday,34,0.028352310703850504,8
_N,1,sunday,35,0.02917560258514538,8
_N,1,sunday,36,0.02892031410201238,8
_N,1,sunday,37,0.02835825879534557,8
_N,1,sunday,38,0.027794199695845484,8
_N,1,sunday,39,0.026113953727932425,8
_N,1,sunday,40,0.025061487516816125,8
_N,1,sunday,41,0.023962228954599298,8
_N,1,sunday,42,0.023075482315617332,8
_N,1,sunday,43,0.021591559400026526,8
_N,1,sunday,44,0.020428703456122868,8
_N,1,sunday,45,0.01901222976564913,8
_N,1,sunday,46,0.017878775429344546,8
_N,1,sunday,47,0.017089443034982013,8
_N,1,sunday,48,0.016073652226617337,8
_N,1,weekday,1,0.015352102748500835,45
_N,1,weekday,2,0.014933402729626231,45
_N,1,weekday,3,0.014669455775264822,45
_N,1,weekday,4,0.014105243595682397,45
_N,1,weekday,5,0.013545618665618812,45
_N,1,weekday,6,0.013240420449070091,45
_N,1,weekday,7,0.012760381543128353,45
_N,1,weekday,8,0.012624933165946874,45
_N,1,weekday,9,0.01253918014017177,45
_N,1,weekday,10,0.012518103248048503,45
_N,1,weekday,11,0.012879601481906085,45
_N,1,weekday,12,0.013490994104550773,45
_N,1,weekday,13,0.015312396880107233,45
_N,1,weekday,14,0.017081873811505104,45
_N,1,weekday,15,0.01938996259919543,45
_N,1,weekday,16,0.020899085413525982,45
_N,1,weekday,17,0.022348564663291014,45
_N,1,weekday,18,0.022861764184922334,45
_N,1,weekday,19,0.023837347670520072,45
_N,1,weekday,20,0.024335832948599003,45
_N,1,weekday,21,0.02483986422826356,45
_N,1,weekday,22,0.025036750371987642,45
_N,1,weekday,23,0.025069581989340246,45
_N,1,weekday,24,0.02499638220434936,45
_N,1,weekday,25,0.025082097902984893,45
_N,1,weekday,26,0.025223619830825043,45
_N,1,weekday,27,0.025210727849284482,45
_N,1,weekday,28,0.025116421543714552,45
_N,1,weekday,29,0.02501072385052422,45
_N,1,weekday,30,0.024628798585415772,45
_N,1,weekday,31,0.02475348686206119,45
_N,1,weekday,32,0.025215530029463324,45
_N,1,weekday,33,0.02596583360485477,45
_N,1,weekday,34,0.026667568816591682,45
_N,1,weekday,35,0.027472826798409185,45
_N,1,weekday,36,0.02730950790329551,45
_N,1,weekday,37,0.026750230411150606,45
_N,1,weekday,38,0.026192922278008915,45
_N,1,weekday,39,0.025458475634028515,45
_N,1,weekday,40,0.024889666723974996,45
_N,1,weekday,41,0.024006608651295613,45
_N,1,weekday,42,0.022946975018363867,45
_N,1,weekday,43,0.02173152142662339,45
_N,1,weekday,44,0.02051356272788371,45
_N,1,weekday,45,0.01911892580552288,45
_N,1,weekday,46,0.01805033134724715,45
_N,1,weekday,47,0.01740078279483474,45
_N,1,weekday,48,0.016614008990518472,45
_N,2,saturday,1,0.01804520643168457,8
_N,2,saturday,2,0.017788143469239542,8
_N,2,saturday,3,0.017159157296331804,8
_N,2,saturday,4,0.016234043544742973,8
_N,2,saturday,5,0.015742544221234944,8
_N,2,saturday,6,0.015348369094086219,8
_N,2,saturday,7,0.01450473536766457,8
_N,2,saturday,8,0.014559160702959336,8
_N,2,saturday,9,0.014412769190853573,8
_N,2,saturday,10,0.014450218777657968,8
_N,2,saturday,11,0.014694084817191425,8
_N,2,saturday,12,0.014509504410123898,8
_N,2,saturday,13,0.015367688605531282,8
_N,2,saturday,14,0.01615490506127723,8
_N,2,saturday,15,0.01776255291288982,8
_N,2,saturday,16,0.01877276418240329,8
_N,2,saturday,17,0.020425246609933646,8
_N,2,saturday,18,0.0219308734508666,8
_N,2,saturday,19,0.023834533897984275,8
_N,2,saturday,20,0.02436286013269999,8
_N,2,saturday,21,0.025013384859141546,8
_N,2,saturday,22,0.0252478114938534,8
_N,2,saturday,23,0.025383911324441084,8
_N,2,saturday,24,0.025344717459341408,8
_N,2,saturday,25,0.02513505330088591,8
_N,2,saturday,26,0.024969549391485456,8
_N,2,saturday,27,0.024802260495701924,8
_N,2,saturday,28,0.024523186162097796,8
_N,2,saturday,29,0.02405704454116181,8
_N,2,saturday,30,0.023692716261038506,8
_N,2,saturday,31,0.02377093437190761,8
_N,2,saturday,32,0.024092175047867252,8
_N,2,saturday,33,0.024425179685849063,8
_N,2,saturday,34,0.025395678535813683,8
_N,2,saturday,35,0.026139142601352257,8
_N,2,saturday,36,0.02663195981774375,8
_N,2,saturday,37,0.026211673054685337,8
_N,2,saturday,38,0.02605150214920545,8
_N,2,saturday,39,0.02544313724440222,8
_N,2,saturday,40,0.024379585214140322,8
_N,2,saturday,41,0.023313027251681828,8
_N,2,saturday,42,0.02212481735938,8
_N,2,saturday,43,0.020726018322497736,8
_N,2,saturday,44,0.0192416342085393,8
_N,2,saturday,45,0.018075571697103304,8
_N,2,saturday,46,0.017373258973111632,8
_N,2,saturday,47,0.016745831096694395,8
_N,2,saturday,48,0.01562987590151906,8
_N,2,sunday,1,0.017679695852828685,8
_N,2,sunday,2,0.017075574889274848,8
_N,2,sunday,3,0.0163798642377404,8
_N,2,sunday,4,0.015496916068283116,8
_N,2,sunday,5,0.015097120286221996,8
_N,2,sunday,6,0.01459670749232187,8
_N,2,sunday,7,0.013221964265981068,8
_N,2,sunday,8,0.012916694682748683,8
_N,2,sunday,9,0.012646998444682015,8
_N,2,sunday,10,0.012450383758848105,8
_N,2,sunday,11,0.012844345600736305,8
_N,2,sunday,12,0.0127999737613715,8
_N,2,sunday,13,0.013126463118868545,8
_N,2,sunday,14,0.013608532888717117,8
_N,2,sunday,15,0.014160833860158338,8
_N,2,sunday,16,0.01461370338258151,8
_N,2,sunday,17,0.016247633459259232,8
_N,2,sunday,18,0.017953751967951237,8
_N,2,sunday,19,0.019916493679360315,8
_N,2,sunday,20,0.021335207445079534,8
_N,2,sunday,21,0.022958814764547864,8
_N,2,sunday,22,0.023368088627863322,8
_N,2,sunday,23,0.02410791486499712,8
_N,2,sunday,24,0.024845744816435124,8
_N,2,sunday,25,0.024996734978443853,8
_N,2,sunday,26,0.02466677261444793,8
_N,2,sunday,27,0.02486824218063269,8
_N,2,sunday,28,0.025183472087959513,8
_N,2,sunday,29,0.02522711504102594,8
_N,2,sunday,30,0.02518905274221544,8
_N,2,sunday,31,0.025361729168944577,8
_N,2,sunday,32,0.025910059731310876,8
_N,2,sunday,33,0.027031474683814952,8
_N,2,sunday,34,0.028150171294015418,8
_N,2,sunday,35,0.02968775822367784,8
_N,2,sunday,36,0.030391897710494734,8
_N,2,sunday,37,0.030144238018485443,8
_N,2,sunday,38,0.02955206787113454,8
_N,2,sunday,39,0.028255093538459487,8
_N,2,sunday,40,0.02697868237417088,8
_N,2,sunday,41,0.02585211379599,8
_N,2,sunday,42,0.024788406252463677,8
_N,2,sunday,43,0.023302141171579114,8
_N,2,sunday,44,0.02151286266233034,8
_N,2,sunday,45,0.020062078602913112,8
_N,2,sunday,46,0.0188526025401961,8
_N,2,sunday,47,0.01806114784910698,8
_N,2,sunday,48,0.016524662649328715,8
_N,2,weekday,1,0.015920636541462498,40
_N,2,weekday,2,0.01545133731261055,40
_N,2,weekday,3,0.014995695912201516,40
_N,2,weekday,4,0.014421426305958187,40
_N,2,weekday,5,0.01380068698640365,40
_N,2,weekday,6,0.013433909368655825,40
_N,2,weekday,7,0.012998903357086023,40
_N,2,weekday,8,0.01273185506713215,40
_N,2,weekday,9,0.012372121741942032,40
_N,2,weekday,10,0.012249642210677657,40
_N,2,weekday,11,0.012601473074639236,40
_N,2,weekday,12,0.013285548799666078,40
_N,2,weekday,13,0.01499282279936522,40
_N,2,weekday,14,0.016863292454233327,40
_N,2,weekday,15,0.019468047783236093,40
_N,2,weekday,16,0.021059962193546427,40
_N,2,weekday,17,0.022711885365045783,40
_N,2,weekday,18,0.023188228690773846,40
_N,2,weekday,19,0.0242122051350148,40
_N,2,weekday,20,0.024635673038550937,40
_N,2,weekday,21,0.02487913094346178,40
_N,2,weekday,22,0.024876873849050143,40
_N,2,weekday,23,0.024821495999618682,40
_N,2,weekday,24,0.024644607744101245,40
_N,2,weekday,25,0.02484012667482228,40
_N,2,weekday,26,0.02479729311997419,40
_N,2,weekday,27,0.02452246223876906,40
_N,2,weekday,28,0.024457993497917982,40
_N,2,weekday,29,0.02427243165470659,40
_N,2,weekday,30,0.023809099264417967,40
_N,2,weekday,31,0.02365582401356167,40
_N,2,weekday,32,0.02417102252299749,40
_N,2,weekday,33,0.024840502294848823,40
_N,2,weekday,34,0.02564994973798973,40
_N,2,weekday,35,0.026770105332946402,40
_N,2,weekday,36,0.027448547759221266,40
_N,2,weekday,37,0.02744234002646508,40
_N,2,weekday,38,0.027153517202281464,40
_N,2,weekday,39,0.02639297134252509,40
_N,2,weekday,40,0.02587727480411468,40
_N,2,weekday,41,0.024922421710866966,40
_N,2,weekday,42,0.023820003824577985,40
_N,2,weekday,43,0.022420063563316873,40
_N,2,weekday,44,0.020971611572371297,40
_N,2,weekday,45,0.01927095077208957,40
_N,2,weekday,46,0.018053526294026165,40
_N,2,weekday,47,0.017384752093457113,40
_N,2,weekday,48,0.016437746007300594,40
_N,3,saturday,1,0.019050286171342756,9
_N,3,saturday,2,0.018547084214414724,9
_N,3,saturday,3,0.01801112276269835,9
_N,3,saturday,4,0.01717506077384515,9
_N,3,saturday,5,0.016561724949665544,9
_N,3,saturday,6,0.016119630306530953,9
_N,3,saturday,7,0.015590551121961675,9
_N,3,saturday,8,0.015167015767756663,9
_N,3,saturday,9,0.015193542626071001,9
_N,3,saturday,10,0.015311033405859535,9
_N,3,saturday,11,0.015723564693008108,9
_N,3,saturday,12,0.015646370386042746,9
_N,3,saturday,13,0.016557929790671874,9
_N,3,saturday,14,0.01728662976798927,9
_N,3,saturday,15,0.018722692148373084,9
_N,3,saturday,16,0.01975447307028936,9
_N,3,saturday,17,0.021322498792906062,9
_N,3,saturday,18,0.022180056112584858,9
_N,3,saturday,19,0.023078330659624943,9
_N,3,saturday,20,0.022864947283558045,9
_N,3,saturday,21,0.022761095962394007,9
_N,3,saturday,22,0.022689619451021013,9
_N,3,saturday,23,0.02252132112350169,9
_N,3,saturday,24,0.02235789877653833,9
_N,3,saturday,25,0.021927123672024693,9
_N,3,saturday,26,0.021611621450891183,9
_N,3,saturday,27,0.021045733126613016,9
_N,3,saturday,28,0.020923254426119507,9
_N,3,saturday,29,0.02103282074865661,9
_N,3,saturday,30,0.02107257324354889,9
_N,3,saturday,31,0.021055198743087283,9
_N,3,saturday,32,0.021465066006152732,9
_N,3,saturday,33,0.022424921873826303,9
_N,3,saturday,34,0.02367990942718608,9
_N,3,saturday,35,0.02503453580179364,9
_N,3,saturday,36,0.025477852647935773,9
_N,3,saturday,37,0.026358514272907578,9
_N,3,saturday,38,0.026716420656487903,9
_N,3,saturday,39,0.0269241972453218,9
_N,3,saturday,40,0.026329287836223778,9
_N,3,saturday,41,0.02552685380907876,9
_N,3,saturday,42,0.024732835482388103,9
_N,3,saturday,43,0.023659141153810598,9
_N,3,saturday,44,0.022483672793156315,9
_N,3,saturday,45,0.02126452563167069,9
_N,3,saturday,46,0.020532228201797117,9
_N,3,saturday,47,0.019789082012851705,9
_N,3,saturday,48,0.018738149617820176,9
_N,3,sunday,1,0.020958114169188125,10
_N,3,sunday,2,0.02067289531771011,10
_N,3,sunday,3,0.019826729071783945,10
_N,3,sunday,4,0.018715245155993508,10
_N,3,sunday,5,0.01770300411802353,10
_N,3,sunday,6,0.016481673117517543,10
_N,3,sunday,7,0.015070971021974024,10
_N,3,sunday,8,0.014140771237098894,10
_N,3,sunday,9,0.013563250042648231,10
_N,3,sunday,10,0.012921817117595992,10
_N,3,sunday,11,0.012746452243190013,10
_N,3,sunday,12,0.012979314177970432,10
_N,3,sunday,13,0.013278051908311212,10
_N,3,sunday,14,0.013892822247082454,10
_N,3,sunday,15,0.014813868490490677,10
_N,3,sunday,16,0.01611383822410899,10
_N,3,sunday,17,0.017943146225209393,10
_N,3,sunday,18,0.019314120857584317,10
_N,3,sunday,19,0.020548021394006393,10
_N,3,sunday,20,0.021132604561061738,10
_N,3,sunday,21,0.021468328447900697,10
_N,3,sunday,22,0.021602495467632536,10
_N,3,sunday,23,0.02159624505601982,10
_N,3,sunday,24,0.02171904476424613,10
_N,3,sunday,25,0.02179541261572577,10
_N,3,sunday,26,0.022007050377427763,10
_N,3,sunday,27,0.02225084224302526,10
_N,3,sunday,28,0.022214670198451237,10
_N,3,sunday,29,0.02210338265485467,10
_N,3,sunday,30,0.021607387202747852,10
_N,3,sunday,31,0.022313742419099492,10
_N,3,sunday,32,0.023272188184302645,10
_N,3,sunday,33,0.024700099059652373,10
_N,3,sunday,34,0.026508723326738357,10
_N,3,sunday,35,0.027858378185097548,10
_N,3,sunday,36,0.028804687276197893,10
_N,3,sunday,37,0.028335366597572277,10
_N,3,sunday,38,0.02896265434568993,10
_N,3,sunday,39,0.02932667109110969,10
_N,3,sunday,40,0.02896188582926109,10
_N,3,sunday,41,0.02810039525212557,10
_N,3,sunday,42,0.026850440287284373,10
_N,3,sunday,43,0.024973449032537526,10
_N,3,sunday,44,0.023575283917426023,10
_N,3,sunday,45,0.021258290690164633,10
_N,3,sunday,46,0.019924606413318918,10
_N,3,sunday,47,0.01792696974257475,8
_N,3,sunday,48,0.017164598623265734,8
_N,3,weekday,1,0.016364182892053256,43
_N,3,weekday,2,0.016027775446721952,43
_N,3,weekday,3,0.015579148854221783,43
_N,3,weekday,4,0.015006883321574458,43
_N,3,weekday,5,0.01448933799358621,43
_N,3,weekday,6,0.014169576671000826,43
_N,3,weekday,7,0.013608569453464581,43
_N,3,weekday,8,0.013539603965641986,43
_N,3,weekday,9,0.0131139251999256,43
_N,3,weekday,10,0.013151295507318254,43
_N,3,weekday,11,0.013645823063269823,43
_N,3,weekday,12,0.014481256989815823,43
_N,3,weekday,13,0.01631796672622658,43
_N,3,weekday,14,0.017950114620524135,43
_N,3,weekday,15,0.021131722221357466,43
_N,3,weekday,16,0.022830264957373062,43
_N,3,weekday,17,0.024589285118714124,43
_N,3,weekday,18,0.02490809317889607,43
_N,3,weekday,19,0.025346604056172537,43
_N,3,weekday,20,0.02504020001761399,43
_N,3,weekday,21,0.024625164729487278,43
_N,3,weekday,22,0.024234565086315035,43
_N,3,weekday,23,0.023864343345072155,43
_N,3,weekday,24,0.023649730836813952,43
_N,3,weekday,25,0.0235254245319544,43
_N,3,weekday,26,0.02314023783631902,43
_N,3,weekday,27,0.022799308244741526,43
_N,3,weekday,28,0.022571189027098423,43
_N,3,weekday,29,0.02222161625066571,43
_N,3,weekday,30,0.02182793147907172,43
_N,3,weekday,31,0.02183674962694445,43
_N,3,weekday,32,0.022516740854784768,43
_N,3,weekday,33,0.023466813939799692,43
_N,3,weekday,34,0.024404406506403072,43
_N,3,weekday,35,0.02515921314341216,43
_N,3,weekday,36,0.025505548053692685,43
_N,3,weekday,37,0.025741649505437024,43
_N,3,weekday,38,0.026379197084254666,43
_N,3,weekday,39,0.026404203314340895,43
_N,3,weekday,40,0.026057242243336772,43
_N,3,weekday,41,0.02558550635869139,43
_N,3,weekday,42,0.024546675622459702,43
_N,3,weekday,43,0.023230609119212643,43
_N,3,weekday,44,0.021654981783710073,43
_N,3,weekday,45,0.01990791754415761,43
_N,3,weekday,46,0.01870533212060753,43
_N,3,weekday,47,0.01804908523284508,43
_N,3,weekday,48,0.017096986322898064,43
_N,4,saturday,1,0.01829704860258008,8
_N,4,saturday,2,0.017966916663977688,8
_N,4,saturday,3,0.01704389841287931,8
_N,4,saturday,4,0.01649928603366468,8
_N,4,saturday,5,0.01597023170890272,8
_N,4,saturday,6,0.015564769757706012,8
_N,4,saturday,7,0.01490410095125408,8
_N,4,saturday,8,0.015252934852772888,8
_N,4,saturday,9,0.015371439024469975,8
_N,4,saturday,10,0.015512789350673142,8
_N,4,saturday,11,0.015936981070410527,8
_N,4,saturday,12,0.015895464924102196,8
_N,4,saturday,13,0.017577400502973375,8
_N,4,saturday,14,0.018577673370502822,8
_N,4,saturday,15,0.020317179226787326,8
_N,4,saturday,16,0.02147973537436644,8
_N,4,saturday,17,0.023561277841078677,8
_N,4,saturday,18,0.02454883537083129,8
_N,4,saturday,19,0.02541556899957648,8
_N,4,saturday,20,0.025424953938054325,8
_N,4,saturday,21,0.025321738754417424,8
_N,4,saturday,22,0.024987278845574515,8
_N,4,saturday,23,0.02427106825328423,8
_N,4,saturday,24,0.023393652773658718,8
_N,4,saturday,25,0.022811852205205714,8
_N,4,saturday,26,0.02210763173560789,8
_N,4,saturday,27,0.021748474060025044,8
_N,4,saturday,28,0.02136756318215765,8
_N,4,saturday,29,0.020512865661581683,8
_N,4,saturday,30,0.020440910413553066,8
_N,4,saturday,31,0.019812511071450253,8
_N,4,saturday,32,0.01991644209781621,8
_N,4,saturday,33,0.020053626323445067,8
_N,4,saturday,34,0.020793373037168744,8
_N,4,saturday,35,0.022513662373856644,8
_N,4,saturday,36,0.023925958354835745,8
_N,4,saturday,37,0.0239844047136538,8
_N,4,saturday,38,0.02397635965329102,8
_N,4,saturday,39,0.02377783374636651,8
_N,4,saturday,40,0.024153134517851678,8
_N,4,saturday,41,0.024635160080874317,8
_N,4,saturday,42,0.024889375407011263,8
_N,4,saturday,43,0.02438053618121314,8
_N,4,saturday,44,0.023502060895514425,8
_N,4,saturday,45,0.022295696635831322,8
_N,4,saturday,46,0.02097335209911172,8
_N,4,saturday,47,0.01946661467497131,8
_N,4,saturday,48,0.018868376273106884,8
_N,4,sunday,1,0.018495103978835973,8
_N,4,sunday,2,0.018325115098055962,8
_N,4,sunday,3,0.01753926375241436,8
_N,4,sunday,4,0.016773181263819627,8
_N,4,sunday,5,0.016243183889690285,8
_N,4,sunday,6,0.015088934688815968,8
_N,4,sunday,7,0.014109639606739914,8
_N,4,sunday,8,0.013631552376340865,8
_N,4,sunday,9,0.01341939516465841,8
_N,4,sunday,10,0.013142093161007711,8
_N,4,sunday,11,0.013849357570856098,8
_N,4,sunday,12,0.013765484270246063,8
_N,4,sunday,13,0.0142140854696707,8
_N,4,sunday,14,0.014766763043311,8
_N,4,sunday,15,0.016228131803527175,8
_N,4,sunday,16,0.017325783768610225,8
_N,4,sunday,17,0.019061396248970384,8
_N,4,sunday,18,0.02016487855895853,8
_N,4,sunday,19,0.021758691629030973,8
_N,4,sunday,20,0.021969323729994623,8
_N,4,sunday,21,0.022712293655084752,8
_N,4,sunday,22,0.023165981702083484,8
_N,4,sunday,23,0.02383645644964155,8
_N,4,sunday,24,0.023525037847514245,8
_N,4,sunday,25,0.02289555237174512,8
_N,4,sunday,26,0.021890165256482078,8
_N,4,sunday,27,0.021311466574759925,8
_N,4,sunday,28,0.02100050687484594,8
_N,4,sunday,29,0.02064776452815472,8
_N,4,sunday,30,0.02134907719397566,8
_N,4,sunday,31,0.02106265359755257,8
_N,4,sunday,32,0.020963981058599958,8
_N,4,sunday,33,0.021675055293029558,8
_N,4,sunday,34,0.023388051283344754,8
_N,4,sunday,35,0.02544881747142405,8
_N,4,sunday,36,0.02635306885313802,8
_N,4,sunday,37,0.02606469165124922,8
_N,4,sunday,38,0.02661201413151727,8
_N,4,sunday,39,0.02621295556395238,8
_N,4,sunday,40,0.02642046157758101,8
_N,4,sunday,41,0.02732691194703079,8
_N,4,sunday,42,0.02789706575368987,8
_N,4,sunday,43,0.02777024122891831,8
_N,4,sunday,44,0.026978110093453665,8
_N,4,sunday,45,0.025666476729446962,8
_N,4,sunday,46,0.023951993501677673,8
_N,4,sunday,47,0.02232488174121702,8
_N,4,sunday,48,0.021676906995334595,8
_N,4,weekday,1,0.018218614742552704,44
_N,4,weekday,2,0.017891631590552296,44
_N,4,weekday,3,0.017273667532954805,44
_N,4,weekday,4,0.016610246825056532,44
_N,4,weekday,5,0.016183881765701725,44
_N,4,weekday,6,0.015971752449346614,44
_N,4,weekday,7,0.015624685229491751,44
_N,4,weekday,8,0.015488246226164319,44
_N,4,weekday,9,0.015110422562521784,44
_N,4,weekday,10,0.015171522103881015,44
_N,4,weekday,11,0.015618438628571344,44
_N,4,weekday,12,0.01628120164599373,44
_N,4,weekday,13,0.017881012099483853,44
_N,4,weekday,14,0.01908422587522023,44
_N,4,weekday,15,0.02136151392505841,44
_N,4,weekday,16,0.022763799236177825,44
_N,4,weekday,17,0.02459215079437083,44
_N,4,weekday,18,0.02509177216048649,44
_N,4,weekday,19,0.02557726201038788,44
_N,4,weekday,20,0.025375720577765545,44
_N,4,weekday,21,0.02493600446333449,44
_N,4,weekday,22,0.024489428736636808,44
_N,4,weekday,23,0.02394702706436267,44
_N,4,weekday,24,0.023505254109897,44
_N,4,weekday,25,0.02329280999068608,44
_N,4,weekday,26,0.022774342410789686,44
_N,4,weekday,27,0.022380621555755303,44
_N,4,weekday,28,0.02183314709558519,44
_N,4,weekday,29,0.021355488430157187,44
_N,4,weekday,30,0.021174395429254343,44
_N,4,weekday,31,0.02078059417406702,44
_N,4,weekday,32,0.020781554596345293,44
_N,4,weekday,33,0.021234580652679528,44
_N,4,weekday,34,0.022057863728116623,44
_N,4,weekday,35,0.022931891488318548,44
_N,4,weekday,36,0.023322370918906377,44
_N,4,weekday,37,0.022924201553656744,44
_N,4,weekday,38,0.023082808130969832,44
_N,4,weekday,39,0.02305899251159887,44
_N,4,weekday,40,0.023422186919392584,44
_N,4,weekday,41,0.023754375964002226,44
_N,4,weekday,42,0.023869074383045683,44
_N,4,weekday,43,0.02359574482277573,44
_N,4,weekday,44,0.022396383102171145,44
_N,4,weekday,45,0.021019668813771722,44
_N,4,weekday,46,0.019653118230213963,44
_N,4,weekday,47,0.017997201524192794,44
_N,4,weekday,48,0.017257101217576874,44
_N,5,saturday,1,0.021228940784803474,10
_N,5,saturday,2,0.02057095110939558,10
_N,5,saturday,3,0.019603729518784977,10
_N,5,saturday,4,0.018971125654699043,10
_N,5,saturday,5,0.018149818888967842,10
_N,5,saturday,6,0.01787850949280583,10
_N,5,saturday,7,0.01726625862038229,10
_N,5,saturday,8,0.017013706003034455,10
_N,5,saturday,9,0.016744176804155696,10
_N,5,saturday,10,0.0161000119463799,10
_N,5,saturday,11,0.01601084839002043,10
_N,5,saturday,12,0.01564709582911284,10
_N,5,saturday,13,0.01672622671452329,10
_N,5,saturday,14,0.017293290453012745,10
_N,5,saturday,15,0.018163519445861576,10
_N,5,saturday,16,0.01911038202358863,10
_N,5,saturday,17,0.020318881534844742,10
_N,5,saturday,18,0.020952472433515133,10
_N,5,saturday,19,0.021743734371982036,10
_N,5,saturday,20,0.02185651916089657,10
_N,5,saturday,21,0.021839004449618338,10
_N,5,saturday,22,0.02198317961529135,10
_N,5,saturday,23,0.021457474641239295,10
_N,5,saturday,24,0.0213274295970109,10
_N,5,saturday,25,0.021487914908150493,10
_N,5,saturday,26,0.02110339359251503,10
_N,5,saturday,27,0.020525222828996444,10
_N,5,saturday,28,0.02010510921618493,10
_N,5,saturday,29,0.019876983956084344,10
_N,5,saturday,30,0.020062960799176615,10
_N,5,saturday,31,0.02008093859018155,10
_N,5,saturday,32,0.020310416652969475,10
_N,5,saturday,33,0.021078207916695513,10
_N,5,saturday,34,0.022507810389527844,10
_N,5,saturday,35,0.024022807619999142,10
_N,5,saturday,36,0.024932746198356545,10
_N,5,saturday,37,0.025012397637558886,10
_N,5,saturday,38,0.02528517258468648,10
_N,5,saturday,39,0.024997985357648404,10
_N,5,saturday,40,0.024751958418009645,10
_N,5,saturday,41,0.024690254712437087,10
_N,5,saturday,42,0.02435620969992485,10
_N,5,saturday,43,0.024612732465527264,10
_N,5,saturday,44,0.02444004034811282,10
_N,5,saturday,45,0.023736951813877232,10
_N,5,saturday,46,0.02283972002203328,10
_N,5,saturday,47,0.02120378352676067,10
_N,5,saturday,48,0.02002099326065849,10
_N,5,sunday,1,0.0231152390214963,9
_N,5,sunday,2,0.02168542273954635,9
_N,5,sunday,3,0.02066821546705222,9
_N,5,sunday,4,0.019768955033189088,9
_N,5,sunday,5,0.01933575556348256,9
_N,5,sunday,6,0.018167537411271244,9
_N,5,sunday,7,0.016978346306714256,9
_N,5,sunday,8,0.016230157959021888,9
_N,5,sunday,9,0.015581995943798915,9
_N,5,sunday,10,0.014939456794241416,9
_N,5,sunday,11,0.01445735167920837,9
_N,5,sunday,12,0.01405936573627837,9
_N,5,sunday,13,0.0147936942080426,9
_N,5,sunday,14,0.015110145608345116,9
_N,5,sunday,15,0.016115061110292393,9
_N,5,sunday,16,0.016823749308245192,9
_N,5,sunday,17,0.018150674292558202,9
_N,5,sunday,18,0.019169332745835724,9
_N,5,sunday,19,0.02011425325776803,9
_N,5,sunday,20,0.020738463145947586,9
_N,5,sunday,21,0.021295493981608245,9
_N,5,sunday,22,0.021271892516331298,9
_N,5,sunday,23,0.020907846843761724,9
_N,5,sunday,24,0.021030185417174274,9
_N,5,sunday,25,0.020734287720980363,9
_N,5,sunday,26,0.020955154986327273,9
_N,5,sunday,27,0.02098177149039715,9
_N,5,sunday,28,0.02025865547788953,9
_N,5,sunday,29,0.02005257621386177,9
_N,5,sunday,30,0.019847469870139064,9
_N,5,sunday,31,0.01980865104227525,9
_N,5,sunday,32,0.020374941062790555,9
_N,5,sunday,33,0.02054161887773304,9
_N,5,sunday,34,0.023288097812407014,9
_N,5,sunday,35,0.024456812041723862,9
_N,5,sunday,36,0.02703817937648179,9
_N,5,sunday,37,0.026221734188233394,9
_N,5,sunday,38,0.026410364055260448,9
_N,5,sunday,39,0.025977933148947394,9
_N,5,sunday,40,0.025660407403302905,9
_N,5,sunday,41,0.025928899791405183,9
_N,5,sunday,42,0.02590618819480316,9
_N,5,sunday,43,0.02600870940118164,9
_N,5,sunday,44,0.02580274505051637,9
_N,5,sunday,45,0.02517404699834676,9
_N,5,sunday,46,0.024491176447274596,9
_N,5,sunday,47,0.022189819653152046,9
_N,5,sunday,48,0.02138116760335808,9
_N,5,weekday,1,0.018560642644983676,43
_N,5,weekday,2,0.01819353489701315,43
_N,5,weekday,3,0.017498476771445864,43
_N,5,weekday,4,0.016944893394402173,43
_N,5,weekday,5,0.016523337497862715,43
_N,5,weekday,6,0.01633812950224594,43
_N,5,weekday,7,0.015706762197811225,43
_N,5,weekday,8,0.015568604931332353,43
_N,5,weekday,9,0.01520552977944545,43
_N,5,weekday,10,0.0149588260887183,43
_N,5,weekday,11,0.015070614450951269,43
_N,5,weekday,12,0.015475407711816097,43
_N,5,weekday,13,0.01732104411199711,43
_N,5,weekday,14,0.018668672323148557,43
_N,5,weekday,15,0.021298611405763758,43
_N,5,weekday,16,0.02277413179069829,43
_N,5,weekday,17,0.023888796443376777,43
_N,5,weekday,18,0.0238736006495586,43
_N,5,weekday,19,0.024117593767860917,43
_N,5,weekday,20,0.023819856892278005,43
_N,5,weekday,21,0.023455102961298203,43
_N,5,weekday,22,0.023319312909610874,43
_N,5,weekday,23,0.0228405491026754,43
_N,5,weekday,24,0.022713942554914657,43
_N,5,weekday,25,0.02242054128939237,43
_N,5,weekday,26,0.022048033563510882,43
_N,5,weekday,27,0.021674585536776817,43
_N,5,weekday,28,0.02132983572321118,43
_N,5,weekday,29,0.0210815576721243,43
_N,5,weekday,30,0.02124622864486242,43
_N,5,weekday,31,0.021043541835294357,43
_N,5,weekday,32,0.021264103183637837,43
_N,5,weekday,33,0.021738634252996436,43
_N,5,weekday,34,0.02246337280854628,43
_N,5,weekday,35,0.023494865459976807,43
_N,5,weekday,36,0.02399436171602143,43
_N,5,weekday,37,0.0238126624252471,43
_N,5,weekday,38,0.023668150017252577,43
_N,5,weekday,39,0.023160715050423015,43
_N,5,weekday,40,0.023389806629422184,43
_N,5,weekday,41,0.023690683836894856,43
_N,5,weekday,42,0.023636428988985513,43
_N,5,weekday,43,0.0237323505410205,43
_N,5,weekday,44,0.0236048723209293,43
_N,5,weekday,45,0.022839699973170317,43
_N,5,weekday,46,0.02159943032577708,43
_N,5,weekday,47,0.019842957458537012,43
_N,5,weekday,48,0.01908660596478006,43
_N,6,saturday,1,0.02098976413185579,8
_N,6,saturday,2,0.019673968237857033,8
_N,6,saturday,3,0.01866219217586801,8
_N,6,saturday,4,0.01759044812391814,8
_N,6,saturday,5,0.017376333218794657,8
_N,6,saturday,6,0.01639387946419383,8
_N,6,saturday,7,0.015479937320454724,8
_N,6,saturday,8,0.01520204978786668,8
_N,6,saturday,9,0.014477680266684832,8
_N,6,saturday,10,0.014098370928046694,8
_N,6,saturday,11,0.014461043753852978,8
_N,6,saturday,12,0.014671859968995742,8
_N,6,saturday,13,0.016329570404826525,8
_N,6,saturday,14,0.017259042665807564,8
_N,6,saturday,15,0.01890444768570166,8
_N,6,saturday,16,0.019870282229460617,8
_N,6,saturday,17,0.02152725409640578,8
_N,6,saturday,18,0.022671874542201962,8
_N,6,saturday,19,0.023534732495478612,8
_N,6,saturday,20,0.022933819505624266,8
_N,6,saturday,21,0.022239477455740383,8
_N,6,saturday,22,0.02232121698481744,8
_N,6,saturday,23,0.021962902714431912,8
_N,6,saturday,24,0.022042008660327846,8
_N,6,saturday,25,0.022243170718745965,8
_N,6,saturday,26,0.02182711177483966,8
_N,6,saturday,27,0.02166962009402856,8
_N,6,saturday,28,0.02119683678345882,8
_N,6,saturday,29,0.020481486351286528,8
_N,6,saturday,30,0.02052346743005397,8
_N,6,saturday,31,0.020233612218352102,8
_N,6,saturday,32,0.01983407249380195,8
_N,6,saturday,33,0.020276157588163295,8
_N,6,saturday,34,0.021383559823246853,8
_N,6,saturday,35,0.023181008097291553,8
_N,6,saturday,36,0.02383064703906268,8
_N,6,saturday,37,0.025018504822231676,8
_N,6,saturday,38,0.02508876258463114,8
_N,6,saturday,39,0.024460805780143383,8
_N,6,saturday,40,0.024487394333928925,8
_N,6,saturday,41,0.02419439228313468,8
_N,6,saturday,42,0.02403711435302224,8
_N,6,saturday,43,0.024031780065267253,8
_N,6,saturday,44,0.024196461671468748,8
_N,6,saturday,45,0.025055915118528102,8
_N,6,saturday,46,0.024933535450435602,8
_N,6,saturday,47,0.024112814377095483,8
_N,6,saturday,48,0.023027611928567115,8
_N,6,sunday,1,0.0222755467905208,9
_N,6,sunday,2,0.021165150390230023,9
_N,6,sunday,3,0.0195956242645095,9
_N,6,sunday,4,0.018980973986236747,9
_N,6,sunday,5,0.018557373335867124,9
_N,6,sunday,6,0.016967480025892406,9
_N,6,sunday,7,0.018340619230421087,9
_N,6,sunday,8,0.017259334699291452,9
_N,6,sunday,9,0.01603024134407686,9
_N,6,sunday,10,0.01554657124288683,9
_N,6,sunday,11,0.016110830869952582,9
_N,6,sunday,12,0.016093419138486248,9
_N,6,sunday,13,0.01687837647830243,9
_N,6,sunday,14,0.01709933260405343,9
_N,6,sunday,15,0.01792535853407684,9
_N,6,sunday,16,0.019013226126238545,9
_N,6,sunday,17,0.019815489927620267,9
_N,6,sunday,18,0.02041772661952836,9
_N,6,sunday,19,0.021096690274517257,9
_N,6,sunday,20,0.022009221412885874,9
_N,6,sunday,21,0.022630791607735946,9
_N,6,sunday,22,0.022234158624176423,9
_N,6,sunday,23,0.021986243382310547,9
_N,6,sunday,24,0.022126890106721593,9
_N,6,sunday,25,0.022042362621926277,9
_N,6,sunday,26,0.02112458777679882,9
_N,6,sunday,27,0.02008733668470209,9
_N,6,sunday,28,0.018985819550097018,9
_N,6,sunday,29,0.01818559849216983,9
_N,6,sunday,30,0.01824129238470013,9
_N,6,sunday,31,0.018131694646012757,9
_N,6,sunday,32,0.01860493871804851,9
_N,6,sunday,33,0.02011320588831905,9
_N,6,sunday,34,0.021589961776692836,9
_N,6,sunday,35,0.023703647524606488,9
_N,6,sunday,36,0.024827636051636882,9
_N,6,sunday,37,0.02473205566218861,9
_N,6,sunday,38,0.02497995466566318,9
_N,6,sunday,39,0.02516862494700277,9
_N,6,sunday,40,0.02548787133018574,9
_N,6,sunday,41,0.025289191333613372,9
_N,6,sunday,42,0.02558738595044706,9
_N,6,sunday,43,0.025330057155477006,9
_N,6,sunday,44,0.025053728729571668,9
_N,6,sunday,45,0.02470097305918671,9
_N,6,sunday,46,0.02423437761408874,9
_N,6,sunday,47,0.022108914223444902,9
_N,6,sunday,48,0.021532112196880386,9
_N,6,weekday,1,0.0179362137683981,43
_N,6,weekday,2,0.017164491483535316,43
_N,6,weekday,3,0.016539610826494036,43
_N,6,weekday,4,0.015822887438510572,43
_N,6,weekday,5,0.01535723618987201,43
_N,6,weekday,6,0.01520799454065018,43
_N,6,weekday,7,0.014786550462235547,43
_N,6,weekday,8,0.014966407286328217,43
_N,6,weekday,9,0.014486337870566541,43
_N,6,weekday,10,0.014127993923601059,43
_N,6,weekday,11,0.014405959628975756,43
_N,6,weekday,12,0.014987062029600436,43
_N,6,weekday,13,0.017126177646386544,43
_N,6,weekday,14,0.01858837388830387,43
_N,6,weekday,15,0.021538952137853014,43
_N,6,weekday,16,0.023336274098633772,43
_N,6,weekday,17,0.024682020436276014,43
_N,6,weekday,18,0.02513507624050186,43
_N,6,weekday,19,0.02563590539076033,43
_N,6,weekday,20,0.025584821015519503,43
_N,6,weekday,21,0.025570224333033333,43
_N,6,weekday,22,0.02541247079439861,43
_N,6,weekday,23,0.025132096896036425,43
_N,6,weekday,24,0.024701176163176405,43
_N,6,weekday,25,0.024254448355938128,43
_N,6,weekday,26,0.023664702491617274,43
_N,6,weekday,27,0.02294902912691372,43
_N,6,weekday,28,0.022514858489236362,43
_N,6,weekday,29,0.021696724911230526,43
_N,6,weekday,30,0.021587341260478964,43
_N,6,weekday,31,0.021369844964163446,43
_N,6,weekday,32,0.021421594245232108,43
_N,6,weekday,33,0.02189247947295241,43
_N,6,weekday,34,0.022732371172570286,43
_N,6,weekday,35,0.023294153987357766,43
_N,6,weekday,36,0.023715825171412016,43
_N,6,weekday,37,0.023061865023870993,43
_N,6,weekday,38,0.0230173594728175,43
_N,6,weekday,39,0.022233556201322554,43
_N,6,weekday,40,0.022148769498721653,43
_N,6,weekday,41,0.022788908635033175,43
_N,6,weekday,42,0.022617122773027507,43
_N,6,weekday,43,0.022336646867183688,43
_N,6,weekday,44,0.022011042065774082,43
_N,6,weekday,45,0.02165443750587207,43
_N,6,weekday,46,0.021029718757146768,43
_N,6,weekday,47,0.01941666847343454,43
_N,6,weekday,48,0.018358216587045017,43
_N,7,saturday,1,0.020533072102710916,8
_N,7,saturday,2,0.01893670592046564,8
_N,7,saturday,3,0.0175340155831069,8
_N,7,saturday,4,0.016060314816162873,8
_N,7,saturday,5,0.015595383133237793,8
_N,7,saturday,6,0.015004003919022312,8
_N,7,saturday,7,0.014349559669901969,8
_N,7,saturday,8,0.013844567190751987,8
_N,7,saturday,9,0.013385811715828446,8
_N,7,saturday,10,0.013423935867662887,8
_N,7,saturday,11,0.013576426642755164,8
_N,7,saturday,12,0.012856555630663081,8
_N,7,saturday,13,0.013384538578356612,8
_N,7,saturday,14,0.013766445777283655,8
_N,7,saturday,15,0.015246376680638421,8
_N,7,saturday,16,0.01613588247386042,8
_N,7,saturday,17,0.018542968112831425,8
_N,7,saturday,18,0.019312473667926024,8
_N,7,saturday,19,0.02020843177506061,8
_N,7,saturday,20,0.021487140358707933,8
_N,7,saturday,21,0.02229473056924689,8
_N,7,saturday,22,0.022686577549727787,8
_N,7,saturday,23,0.022901252177808445,8
_N,7,saturday,24,0.023131731734238048,8
_N,7,saturday,25,0.022691501270040344,8
_N,7,saturday,26,0.022327854443573956,8
_N,7,saturday,27,0.022316094714197307,8
_N,7,saturday,28,0.021657251094827485,8
_N,7,saturday,29,0.021437456879891438,8
_N,7,saturday,30,0.020927303405485896,8
_N,7,saturday,31,0.021329847588213297,8
_N,7,saturday,32,0.02148949356765553,8
_N,7,saturday,33,0.02170156606576713,8
_N,7,saturday,34,0.02316410771676636,8
_N,7,saturday,35,0.024752598117659237,8
_N,7,saturday,36,0.025578136797618157,8
_N,7,saturday,37,0.0259882228964817,8
_N,7,saturday,38,0.02655789128855341,8
_N,7,saturday,39,0.02677250412418035,8
_N,7,saturday,40,0.027136290877682857,8
_N,7,saturday,41,0.02672673825879454,8
_N,7,saturday,42,0.02723033776573988,8
_N,7,saturday,43,0.026948336765579964,8
_N,7,saturday,44,0.02672831493092128,8
_N,7,saturday,45,0.02643346835277749,8
_N,7,saturday,46,0.026059119697552403,8
_N,7,saturday,47,0.02489533489978091,8
_N,7,saturday,48,0.024951326832302858,8
_N,7,sunday,1,0.018259870412155953,8
_N,7,sunday,2,0.018393819802775532,8
_N,7,sunday,3,0.01745738458109095,8
_N,7,sunday,4,0.01805712062440693,8
_N,7,sunday,5,0.017598510020133483,8
_N,7,sunday,6,0.016712593044452776,8
_N,7,sunday,7,0.016191650075122445,8
_N,7,sunday,8,0.016161113275056583,8
_N,7,sunday,9,0.015998570058369504,8
_N,7,sunday,10,0.015490743813591033,8
_N,7,sunday,11,0.015248851258881674,8
_N,7,sunday,12,0.015130427609791214,8
_N,7,sunday,13,0.01595908224960074,8
_N,7,sunday,14,0.016782878067945806,8
_N,7,sunday,15,0.017374747580047003,8
_N,7,sunday,16,0.01783014866202734,8
_N,7,sunday,17,0.01941365301798835,8
_N,7,sunday,18,0.020670029603818002,8
_N,7,sunday,19,0.02182569535426112,8
_N,7,sunday,20,0.022413997221658842,8
_N,7,sunday,21,0.02295115581781731,8
_N,7,sunday,22,0.023193483956152477,8
_N,7,sunday,23,0.02350935521332506,8
_N,7,sunday,24,0.02346743588238792,8
_N,7,sunday,25,0.023315627256085655,8
_N,7,sunday,26,0.022845632458793837,8
_N,7,sunday,27,0.022393786518324774,8
_N,7,sunday,28,0.022289503295730446,8
_N,7,sunday,29,0.022289294981477505,8
_N,7,sunday,30,0.022044414459681107,8
_N,7,sunday,31,0.021940226558385626,8
_N,7,sunday,32,0.022111976443466824,8
_N,7,sunday,33,0.02316868892956089,8
_N,7,sunday,34,0.0242144490507774,8
_N,7,sunday,35,0.025394554662613505,8
_N,7,sunday,36,0.026279529122184946,8
_N,7,sunday,37,0.02581556820040368,8
_N,7,sunday,38,0.02544143701427425,8
_N,7,sunday,39,0.024350152165482093,8
_N,7,sunday,40,0.02414456702566646,8
_N,7,sunday,41,0.023768377577309596,8
_N,7,sunday,42,0.023727299977741943,8
_N,7,sunday,43,0.023079047819378775,8
_N,7,sunday,44,0.022427590430966263,8
_N,7,sunday,45,0.02233879355511434,8
_N,7,sunday,46,0.02172804170531377,8
_N,7,sunday,47,0.019846414711517803,8
_N,7,sunday,48,0.01895270887689045,8
_N,7,weekday,1,0.01855917334322953,46
_N,7,weekday,2,0.018109375621564148,46
_N,7,weekday,3,0.017384470938463147,46
_N,7,weekday,4,0.016821566865233697,46
_N,7,weekday,5,0.01636627777858139,46
_N,7,weekday,6,0.016226406929493408,46
_N,7,weekday,7,0.01589667672043974,46
_N,7,weekday,8,0.015852817466509107,46
_N,7,weekday,9,0.01531153064964071,46
_N,7,weekday,10,0.014933418802917202,46
_N,7,weekday,11,0.01487498819746969,46
_N,7,weekday,12,0.015028607734117756,46
_N,7,weekday,13,0.016482085430370597,46
_N,7,weekday,14,0.017706593337783624,46
_N,7,weekday,15,0.019889000698682092,46
_N,7,weekday,16,0.021391491129421486,46
_N,7,weekday,17,0.023149420239237755,46
_N,7,weekday,18,0.023836881482526506,46
_N,7,weekday,19,0.02439942272225108,46
_N,7,weekday,20,0.024207676264198546,46
_N,7,weekday,21,0.02395180836731936,46
_N,7,weekday,22,0.023842084987132705,46
_N,7,weekday,23,0.023557725847103674,46
_N,7,weekday,24,0.023330111531820862,46
_N,7,weekday,25,0.023313160728889313,46
_N,7,weekday,26,0.022940642269476057,46
_N,7,weekday,27,0.022801691398590798,46
_N,7,weekday,28,0.02259996144570066,46
_N,7,weekday,29,0.022280580365640627,46
_N,7,weekday,30,0.02221789684982004,46
_N,7,weekday,31,0.021999870463846515,46
_N,7,weekday,32,0.0220020832959286,46
_N,7,weekday,33,0.022252696000911797,46
_N,7,weekday,34,0.022969363540400144,46
_N,7,weekday,35,0.023595160399116365,46
_N,7,weekday,36,0.02408365537989335,46
_N,7,weekday,37,0.023722637609069713,46
_N,7,weekday,38,0.02370078777732707,46
_N,7,weekday,39,0.023034141295162326,46
_N,7,weekday,40,0.02317155096363946,46
_N,7,weekday,41,0.022613727855947396,46
_N,7,weekday,42,0.02283207267800341,46
_N,7,weekday,43,0.0227654048700803,46
_N,7,weekday,44,0.022293471195162336,46
_N,7,weekday,45,0.021951800016204736,46
_N,7,weekday,46,0.021280248115601128,46
_N,7,weekday,47,0.019717677176022123,46
_N,7,weekday,48,0.018750105224057945,46
_N,8,saturday,1,0.020808754980481625,9
_N,8,saturday,2,0.01988950944790076,9
_N,8,saturday,3,0.019169339227033698,9
_N,8,saturday,4,0.018414677656262198,9
_N,8,saturday,5,0.017949834350330842,9
_N,8,saturday,6,0.01765018460510235,9
_N,8,saturday,7,0.01707260151082525,9
_N,8,saturday,8,0.016367949308588724,9
_N,8,saturday,9,0.015610467216762729,9
_N,8,saturday,10,0.015429666993017295,9
_N,8,saturday,11,0.015472829743364308,9
_N,8,saturday,12,0.0149004644198927,9
_N,8,saturday,13,0.015925044820315332,9
_N,8,saturday,14,0.01648671322619492,9
_N,8,saturday,15,0.01845844034996557,9
_N,8,saturday,16,0.019854851585390448,9
_N,8,saturday,17,0.022173689243891872,9
_N,8,saturday,18,0.023726926880601785,9
_N,8,saturday,19,0.025142043972680557,9
_N,8,saturday,20,0.025257271532051147,9
_N,8,saturday,21,0.02426178848326074,9
_N,8,saturday,22,0.023921169413720654,9
_N,8,saturday,23,0.02318156552475029,9
_N,8,saturday,24,0.02239632734399046,9
_N,8,saturday,25,0.022353834443959303,9
_N,8,saturday,26,0.021512688655073896,9
_N,8,saturday,27,0.020896690143904315,9
_N,8,saturday,28,0.020101449074553652,9
_N,8,saturday,29,0.019702711706261852,9
_N,8,saturday,30,0.019700678929430334,9
_N,8,saturday,31,0.019531776060870906,9
_N,8,saturday,32,0.019312316004959286,9
_N,8,saturday,33,0.01979529546334784,9
_N,8,saturday,34,0.021135521291358057,9
_N,8,saturday,35,0.02208326322040075,9
_N,8,saturday,36,0.02319153968496759,9
_N,8,saturday,37,0.023799865767361192,9
_N,8,saturday,38,0.024214404881499965,9
_N,8,saturday,39,0.023480022887881494,9
_N,8,saturday,40,0.02341647634583245,9
_N,8,saturday,41,0.023585299053502932,9
_N,8,saturday,42,0.024028246766159563,9
_N,8,saturday,43,0.024259553133404096,9
_N,8,saturday,44,0.024376877538556448,9
_N,8,saturday,45,0.02449996027766919,9
_N,8,saturday,46,0.02298680096527039,9
_N,8,saturday,47,0.02168477442793173,9
_N,8,saturday,48,0.02082784143946652,9
_N,8,sunday,1,0.019458166534730773,9
_N,8,sunday,2,0.01903259769964079,9
_N,8,sunday,3,0.01828908404718549,9
_N,8,sunday,4,0.017429502930407723,9
_N,8,sunday,5,0.01725229735819742,9
_N,8,sunday,6,0.01658161534567993,9
_N,8,sunday,7,0.016010226074605463,9
_N,8,sunday,8,0.01569831010309151,9
_N,8,sunday,9,0.015379185493912024,9
_N,8,sunday,10,0.015490297642414651,9
_N,8,sunday,11,0.015987809549998396,9
_N,8,sunday,12,0.015302393863558798,9
_N,8,sunday,13,0.015513322778845148,9
_N,8,sunday,14,0.015884931612647674,9
_N,8,sunday,15,0.016728252247764478,9
_N,8,sunday,16,0.01732431507900813,9
_N,8,sunday,17,0.018582234741614623,9
_N,8,sunday,18,0.019434209655820506,9
_N,8,sunday,19,0.02052747552742224,9
_N,8,sunday,20,0.020991893372411682,9
_N,8,sunday,21,0.02138763943742955,9
_N,8,sunday,22,0.02136602706998554,9
_N,8,sunday,23,0.021983317479052147,9
_N,8,sunday,24,0.021651040858961527,9
_N,8,sunday,25,0.021557943981302483,9
_N,8,sunday,26,0.021410878018672426,9
_N,8,sunday,27,0.021384977249917322,9
_N,8,sunday,28,0.02103366300207947,9
_N,8,sunday,29,0.02093954865953756,9
_N,8,sunday,30,0.0207334240979158,9
_N,8,sunday,31,0.020696829439953997,9
_N,8,sunday,32,0.021307646978036734,9
_N,8,sunday,33,0.022741852871643462,9
_N,8,sunday,34,0.02443079161004621,9
_N,8,sunday,35,0.02579212554662523,9
_N,8,sunday,36,0.02675740833573504,9
_N,8,sunday,37,0.02686121887338783,9
_N,8,sunday,38,0.02701024620408776,9
_N,8,sunday,39,0.02647390998150717,9
_N,8,sunday,40,0.026211304285721,9
_N,8,sunday,41,0.025996351114833807,9
_N,8,sunday,42,0.02597317611714845,9
_N,8,sunday,43,0.025981427795249996,9
_N,8,sunday,44,0.02488534988045059,9
_N,8,sunday,45,0.02389176759460286,9
_N,8,sunday,46,0.022780094382302548,9
_N,8,sunday,47,0.02140683437520831,9
_N,8,sunday,48,0.02045508309964771,9
_N,8,weekday,1,0.01831496663180259,40
_N,8,weekday,2,0.017731969309278475,40
_N,8,weekday,3,0.01728381865541275,40
_N,8,weekday,4,0.016765279291916544,40
_N,8,weekday,5,0.016294457026033084,40
_N,8,weekday,6,0.016023750878224934,40
_N,8,weekday,7,0.015227445839655318,40
_N,8,weekday,8,0.01508801706924282,40
_N,8,weekday,9,0.014744073102460661,40
_N,8,weekday,10,0.0145268554946204,40
_N,8,weekday,11,0.014626178756085271,40
_N,8,weekday,12,0.01469171437539422,40
_N,8,weekday,13,0.01617919763357827,40
_N,8,weekday,14,0.017483116899663153,40
_N,8,weekday,15,0.020150392797286157,40
_N,8,weekday,16,0.021781766933333238,40
_N,8,weekday,17,0.023459753438661975,40
_N,8,weekday,18,0.023886137329609577,40
_N,8,weekday,19,0.024361717685182,40
_N,8,weekday,20,0.024372447487492066,40
_N,8,weekday,21,0.024312508036024288,40
_N,8,weekday,22,0.024309133171968398,40
_N,8,weekday,23,0.023768312610098076,40
_N,8,weekday,24,0.02344922092050703,40
_N,8,weekday,25,0.023514114996332568,40
_N,8,weekday,26,0.023225974811000364,40
_N,8,weekday,27,0.02304604728925162,40
_N,8,weekday,28,0.022674668988884636,40
_N,8,weekday,29,0.022274684832996623,40
_N,8,weekday,30,0.022097475220181066,40
_N,8,weekday,31,0.02190522021136774,40
_N,8,weekday,32,0.022018077770779732,40
_N,8,weekday,33,0.022768906306654246,40
_N,8,weekday,34,0.023553541247057993,40
_N,8,weekday,35,0.024254710492005244,40
_N,8,weekday,36,0.02468740321156251,40
_N,8,weekday,37,0.02420232226488918,40
_N,8,weekday,38,0.023857156056480432,40
_N,8,weekday,39,0.023267605433686462,40
_N,8,weekday,40,0.023334331792294907,40
_N,8,weekday,41,0.02326778182089117,40
_N,8,weekday,42,0.02329924858010097,40
_N,8,weekday,43,0.023506552441188003,40
_N,8,weekday,44,0.02264759418153036,40
_N,8,weekday,45,0.021417684896554247,40
_N,8,weekday,46,0.020185899874684866,40
_N,8,weekday,47,0.018530187690767287,40
_N,8,weekday,48,0.01763057821532649,40
_N,9,saturday,1,0.020328998054371085,4
_N,9,saturday,2,0.01982087324845073,4
_N,9,saturday,3,0.018713919961857044,4
_N,9,saturday,4,0.01817748465288512,4
_N,9,saturday,5,0.018003248470680897,4
_N,9,saturday,6,0.01737471164714157,4
_N,9,saturday,7,0.017075925282430456,4
_N,9,saturday,8,0.016626131913713205,4
_N,9,saturday,9,0.015846477215707973,4
_N,9,saturday,10,0.01567112655096315,4
_N,9,saturday,11,0.016033898161681482,4
_N,9,saturday,12,0.016162130435513726,4
_N,9,saturday,13,0.017034616744813373,4
_N,9,saturday,14,0.01755371664354283,4
_N,9,saturday,15,0.019009956054810127,4
_N,9,saturday,16,0.020170673193931794,4
_N,9,saturday,17,0.021792544545014177,4
_N,9,saturday,18,0.02292983542548002,4
_N,9,saturday,19,0.024470195497970335,4
_N,9,saturday,20,0.02499343405582689,4
_N,9,saturday,21,0.02562894734762907,4
_N,9,saturday,22,0.02526477773084748,4
_N,9,saturday,23,0.02463756556692375,4
_N,9,saturday,24,0.024361949494502592,4
_N,9,saturday,25,0.023917262534606177,4
_N,9,saturday,26,0.02272985368842294,4
_N,9,saturday,27,0.02222997586909519,4
_N,9,saturday,28,0.021821560918022412,4
_N,9,saturday,29,0.021240653289278027,4
_N,9,saturday,30,0.02139023097470099,4
_N,9,saturday,31,0.02082913984700235,4
_N,9,saturday,32,0.0215524594042606,4
_N,9,saturday,33,0.022871587924625,4
_N,9,saturday,34,0.024004073190169308,4
_N,9,saturday,35,0.025927413595161534,4
_N,9,saturday,36,0.025758899582774306,4
_N,9,saturday,37,0.024487541114057636,4
_N,9,saturday,38,0.023772107238424853,4
_N,9,saturday,39,0.02250319478012599,4
_N,9,saturday,40,0.02221368383113894,4
_N,9,saturday,41,0.02226562612759872,4
_N,9,saturday,42,0.021607639139639652,4
_N,9,saturday,43,0.021624225787073438,4
_N,9,saturday,44,0.020583572408531148,4
_N,9,saturday,45,0.01939915930678113,4
_N,9,saturday,46,0.01797068003026048,4
_N,9,saturday,47,0.016256001869264403,4
_N,9,saturday,48,0.015360319652295867,4
_N,9,sunday,1,0.014538263378877406,4
_N,9,sunday,2,0.015095476635982558,4
_N,9,sunday,3,0.014884180809687857,4
_N,9,sunday,4,0.014296651207124492,4
_N,9,sunday,5,0.014069942447399796,4
_N,9,sunday,6,0.0138035360319731,4
_N,9,sunday,7,0.013535231531720713,4
_N,9,sunday,8,0.013088849164009719,4
_N,9,sunday,9,0.013111586141420892,4
_N,9,sunday,10,0.01307469629965858,4
_N,9,sunday,11,0.014138070469068634,4
_N,9,sunday,12,0.01418042820867156,4
_N,9,sunday,13,0.014855709472330416,4
_N,9,sunday,14,0.015044626836945197,4
_N,9,sunday,15,0.016136041233464106,4
_N,9,sunday,16,0.01658588075704677,4
_N,9,sunday,17,0.01828145085544001,4
_N,9,sunday,18,0.020269395686133146,4
_N,9,sunday,19,0.021664245092858365,4
_N,9,sunday,20,0.022146307065671146,4
_N,9,sunday,21,0.022570875746887924,4
_N,9,sunday,22,0.022896887310770837,4
_N,9,sunday,23,0.023419719996091312,4
_N,9,sunday,24,0.02364961647661008,4
_N,9,sunday,25,0.023944133369455865,4
_N,9,sunday,26,0.024415318975281278,4
_N,9,sunday,27,0.024167362635742824,4
_N,9,sunday,28,0.02288937934211479,4
_N,9,sunday,29,0.023173110343343434,4
_N,9,sunday,30,0.02353063515771086,4
_N,9,sunday,31,0.024046247863159745,4
_N,9,sunday,32,0.024539585286094633,4
_N,9,sunday,33,0.025600629360537273,4
_N,9,sunday,34,0.02667566211652496,4
_N,9,sunday,35,0.027529035976687107,4
_N,9,sunday,36,0.02726826463549938,4
_N,9,sunday,37,0.02614309119207915,4
_N,9,sunday,38,0.02576361893530079,4
_N,9,sunday,39,0.025103691427110823,4
_N,9,sunday,40,0.025696927688534033,4
_N,9,sunday,41,0.026321624393719923,4
_N,9,sunday,42,0.025526011965308248,4
_N,9,sunday,43,0.026072828383601178,4
_N,9,sunday,44,0.025447257970511835,4
_N,9,sunday,45,0.024085499265943947,4
_N,9,sunday,46,0.023175658408178576,4
_N,9,sunday,47,0.021851470636361656,4
_N,9,sunday,48,0.021695285815353106,4
_N,9,weekday,1,0.016316748100950237,22
_N,9,weekday,2,0.01576012470221269,22
_N,9,weekday,3,0.014913961027624368,22
_N,9,weekday,4,0.014603179089318552,22
_N,9,weekday,5,0.014459136806505986,22
_N,9,weekday,6,0.014158164470512767,22
_N,9,weekday,7,0.013772597633384382,22
_N,9,weekday,8,0.013613072996222934,22
_N,9,weekday,9,0.013277744743651143,22
_N,9,weekday,10,0.012999093771536517,22
_N,9,weekday,11,0.013445064338332207,22
_N,9,weekday,12,0.014072420740788006,22
_N,9,weekday,13,0.015971024838981763,22
_N,9,weekday,14,0.017617537725588214,22
_N,9,weekday,15,0.02016229123841065,22
_N,9,weekday,16,0.021845972329273777,22
_N,9,weekday,17,0.02376390465843412,22
_N,9,weekday,18,0.02434348179912033,22
_N,9,weekday,19,0.02530798864696733,22
_N,9,weekday,20,0.025155636781880434,22
_N,9,weekday,21,0.024898544920689273,22
_N,9,weekday,22,0.02446813790708997,22
_N,9,weekday,23,0.024038562126883125,22
_N,9,weekday,24,0.023786329464830062,22
_N,9,weekday,25,0.023645574327873085,22
_N,9,weekday,26,0.023370899883289734,22
_N,9,weekday,27,0.023066748765794284,22
_N,9,weekday,28,0.022502178564867692,22
_N,9,weekday,29,0.02218692555057547,22
_N,9,weekday,30,0.022050727584836147,22
_N,9,weekday,31,0.021810147528514255,22
_N,9,weekday,32,0.022128049543104204,22
_N,9,weekday,33,0.023195201413277144,22
_N,9,weekday,34,0.024327914531031423,22
_N,9,weekday,35,0.025510812620533927,22
_N,9,weekday,36,0.025999601913430367,22
_N,9,weekday,37,0.02563096691622875,22
_N,9,weekday,38,0.025508203931685982,22
_N,9,weekday,39,0.025765718593259712,22
_N,9,weekday,40,0.02614563848259273,22
_N,9,weekday,41,0.026591175905629528,22
_N,9,weekday,42,0.025747914216686166,22
_N,9,weekday,43,0.024351111151651075,22
_N,9,weekday,44,0.022797067750932053,22
_N,9,weekday,45,0.021282212762049214,22
_N,9,weekday,46,0.019492745911548686,22
_N,9,weekday,47,0.01754218628380225,22
_N,9,weekday,48,0.01659955500761727,22
_N,10,saturday,1,0.021399602610424787,4
_N,10,saturday,2,0.020067102381495547,4
_N,10,saturday,3,0.01872517835707497,4
_N,10,saturday,4,0.017933865993855755,4
_N,10,saturday,5,0.017416934359866684,4
_N,10,saturday,6,0.016754921146238923,4
_N,10,saturday,7,0.016065932769460237,4
_N,10,saturday,8,0.015185307590962156,4
_N,10,saturday,9,0.014488094289476318,4
_N,10,saturday,10,0.013443586866590586,4
_N,10,saturday,11,0.01333325340086245,4
_N,10,saturday,12,0.01312955364102912,4
_N,10,saturday,13,0.014057870123775146,4
_N,10,saturday,14,0.015538758666544493,4
_N,10,saturday,15,0.017509840510889954,4
_N,10,saturday,16,0.01837122108939583,4
_N,10,saturday,17,0.020243775910646217,4
_N,10,saturday,18,0.021170536704419866,4
_N,10,saturday,19,0.022829468592301075,4
_N,10,saturday,20,0.02353362290128033,4
_N,10,saturday,21,0.02424241139850503,4
_N,10,saturday,22,0.023371967406757805,4
_N,10,saturday,23,0.023355143056000612,4
_N,10,saturday,24,0.02370972239243531,4
_N,10,saturday,25,0.023610467583383796,4
_N,10,saturday,26,0.024178894473639752,4
_N,10,saturday,27,0.024126838308125877,4
_N,10,saturday,28,0.023278805577910712,4
_N,10,saturday,29,0.022367545597813173,4
_N,10,saturday,30,0.02183903893634517,4
_N,10,saturday,31,0.021909983728365064,4
_N,10,saturday,32,0.022330622961866237,4
_N,10,saturday,33,0.022840250819747148,4
_N,10,saturday,34,0.02418500031221912,4
_N,10,saturday,35,0.025592812642860424,4
_N,10,saturday,36,0.026353331820752317,4
_N,10,saturday,37,0.027476417524323747,4
_N,10,saturday,38,0.02764503412742183,4
_N,10,saturday,39,0.026981850397511466,4
_N,10,saturday,40,0.02600070401713578,4
_N,10,saturday,41,0.025323596057023945,4
_N,10,saturday,42,0.023984159868923726,4
_N,10,saturday,43,0.02269175906935207,4
_N,10,saturday,44,0.021599054790864623,4
_N,10,saturday,45,0.020159860077259555,4
_N,10,saturday,46,0.017833579886256477,4
_N,10,saturday,47,0.016411986605808435,4
_N,10,saturday,48,0.015400732654800381,4
_N,10,sunday,1,0.015915590169514625,4
_N,10,sunday,2,0.015512240700733973,4
_N,10,sunday,3,0.014329249717541423,4
_N,10,sunday,4,0.013541639556085814,4
_N,10,sunday,5,0.012746643746301512,4
_N,10,sunday,6,0.011851857796623563,4
_N,10,sunday,7,0.011363743179686296,4
_N,10,sunday,8,0.011521419123510339,4
_N,10,sunday,9,0.011644318511921442,4
_N,10,sunday,10,0.011402402078438813,4
_N,10,sunday,11,0.011459907284793168,4
_N,10,sunday,12,0.011598850079459115,4
_N,10,sunday,13,0.012492290102079244,4
_N,10,sunday,14,0.012932351920856016,4
_N,10,sunday,15,0.01401176927577875,4
_N,10,sunday,16,0.015186398551187965,4
_N,10,sunday,17,0.016499446787187254,4
_N,10,sunday,18,0.017947546994474463,4
_N,10,sunday,19,0.019592334058664396,4
_N,10,sunday,20,0.02176454249028221,4
_N,10,sunday,21,0.023047060969391336,4
_N,10,sunday,22,0.02359473679319578,4
_N,10,sunday,23,0.024788327592605467,4
_N,10,sunday,24,0.025341700797706996,4
_N,10,sunday,25,0.02590531802050461,4
_N,10,sunday,26,0.025966895888180228,4
_N,10,sunday,27,0.02573199407954678,4
_N,10,sunday,28,0.024532385344587883,4
_N,10,sunday,29,0.024197821299191073,4
_N,10,sunday,30,0.024337067469363212,4
_N,10,sunday,31,0.024869801219736358,4
_N,10,sunday,32,0.024842698566836734,4
_N,10,sunday,33,0.025865312815197446,4
_N,10,sunday,34,0.02664202706594398,4
_N,10,sunday,35,0.028734443050326165,4
_N,10,sunday,36,0.028410630310656233,4
_N,10,sunday,37,0.02849935392829152,4
_N,10,sunday,38,0.02874680287626739,4
_N,10,sunday,39,0.028557817674197447,4
_N,10,sunday,40,0.027225380153520443,4
_N,10,sunday,41,0.026350549616119098,4
_N,10,sunday,42,0.025311758387336795,4
_N,10,sunday,43,0.024009312972715198,4
_N,10,sunday,44,0.023413535529336425,4
_N,10,sunday,45,0.021742924299601802,4
_N,10,sunday,46,0.02047431942801187,4
_N,10,sunday,47,0.01813705595097368,4
_N,10,sunday,48,0.017286751670187207,4
_N,10,sunday,49,0.010289183055354817,1
_N,10,sunday,50,0.00983249104999572,1
_N,10,weekday,1,0.014821537117517308,23
_N,10,weekday,2,0.014606398210582393,23
_N,10,weekday,3,0.013921448811202265,23
_N,10,weekday,4,0.013365711645517184,23
_N,10,weekday,5,0.013011231836867533,23
_N,10,weekday,6,0.012517943323482519,23
_N,10,weekday,7,0.01202111426244118,23
_N,10,weekday,8,0.012055001671780682,23
_N,10,weekday,9,0.012029432916035077,23
_N,10,weekday,10,0.01199146215233152,23
_N,10,weekday,11,0.012678373949061654,23
_N,10,weekday,12,0.01370345225878384,23
_N,10,weekday,13,0.015878594537775414,23
_N,10,weekday,14,0.018136704238240448,23
_N,10,weekday,15,0.02052528220999044,23
_N,10,weekday,16,0.021973283435830285,23
_N,10,weekday,17,0.0239505349722432,23
_N,10,weekday,18,0.024557473472359644,23
_N,10,weekday,19,0.025640039013600912,23
_N,10,weekday,20,0.025781667006562238,23
_N,10,weekday,21,0.0258439858145907,23
_N,10,weekday,22,0.025753650099649632,23
_N,10,weekday,23,0.025796736582806075,23
_N,10,weekday,24,0.025642878409669168,23
_N,10,weekday,25,0.025796932588081932,23
_N,10,weekday,26,0.025376694169465742,23
_N,10,weekday,27,0.025028822644097757,23
_N,10,weekday,28,0.024412481039957547,23
_N,10,weekday,29,0.024008943922941076,23
_N,10,weekday,30,0.024011046305507967,23
_N,10,weekday,31,0.02353385456932251,23
_N,10,weekday,32,0.023727825621864002,23
_N,10,weekday,33,0.02425924057051437,23
_N,10,weekday,34,0.024966848582214148,23
_N,10,weekday,35,0.02599605599872542,23
_N,10,weekday,36,0.02616139083525235,23
_N,10,weekday,37,0.026166600158532453,23
_N,10,weekday,38,0.02634646733294923,23
_N,10,weekday,39,0.026146756009522935,23
_N,10,weekday,40,0.02586632200837808,23
_N,10,weekday,41,0.025052666506413173,23
_N,10,weekday,42,0.02397311352207618,23
_N,10,weekday,43,0.022530874442771118,23
_N,10,weekday,44,0.020813205476400372,23
_N,10,weekday,45,0.01939100834448996,23
_N,10,weekday,46,0.017935863704853405,23
_N,10,weekday,47,0.016526214851595132,23
_N,10,weekday,48,0.015766832845151825,23
_N,11,saturday,1,0.01641340574027232,5
_N,11,saturday,2,0.0161537359304149,5
_N,11,saturday,3,0.01564112008864004,5
_N,11,saturday,4,0.014651453239914633,5
_N,11,saturday,5,0.01405531394456668,5
_N,11,saturday,6,0.0132963850907783,5
_N,11,saturday,7,0.013400806983364672,5
_N,11,saturday,8,0.0137057673045754,5
_N,11,saturday,9,0.013323273015822973,5
_N,11,saturday,10,0.013646681496016383,5
_N,11,saturday,11,0.014259524048316369,5
_N,11,saturday,12,0.014125939491830743,5
_N,11,saturday,13,0.015200437025284669,5
_N,11,saturday,14,0.0160873398680648,5
_N,11,saturday,15,0.017196354431437404,5
_N,11,saturday,16,0.01760717171723125,5
_N,11,saturday,17,0.018895584905943626,5
_N,11,saturday,18,0.019756446790907885,5
_N,11,saturday,19,0.0210269426150596,5
_N,11,saturday,20,0.022124025975483855,5
_N,11,saturday,21,0.022691039248252075,5
_N,11,saturday,22,0.022624591016667882,5
_N,11,saturday,23,0.022367418709005542,5
_N,11,saturday,24,0.022116901880872793,5
_N,11,saturday,25,0.02255823098804677,5
_N,11,saturday,26,0.022187726316558614,5
_N,11,saturday,27,0.022282029561363596,5
_N,11,saturday,28,0.022730415182636545,5
_N,11,saturday,29,0.022727249607822714,5
_N,11,saturday,30,0.023145909735960087,5
_N,11,saturday,31,0.023886416320951488,5
_N,11,saturday,32,0.024854975486771843,5
_N,11,saturday,33,0.026635088934250078,5
_N,11,saturday,34,0.027893750195824397,5
_N,11,saturday,35,0.029530873670299183,5
_N,11,saturday,36,0.02920870775299353,5
_N,11,saturday,37,0.029149291462653288,5
_N,11,saturday,38,0.02897609821496793,5
_N,11,saturday,39,0.028098361697362278,5
_N,11,saturday,40,0.027043139478622406,5
_N,11,saturday,41,0.02602595804058197,5
_N,11,saturday,42,0.02528918299920809,5
_N,11,saturday,43,0.02394794742550472,5
_N,11,saturday,44,0.022787923887739973,5
_N,11,saturday,45,0.02104123773626422,5
_N,11,saturday,46,0.02061057626528684,5
_N,11,saturday,47,0.019990495755997616,5
_N,11,saturday,48,0.019030752723606995,5
_N,11,sunday,1,0.016982565690500627,5
_N,11,sunday,2,0.016616858184302453,5
_N,11,sunday,3,0.016433289580710587,5
_N,11,sunday,4,0.015951526766661887,5
_N,11,sunday,5,0.015568568185133172,5
_N,11,sunday,6,0.015247692252810275,5
_N,11,sunday,7,0.014733760095406273,5
_N,11,sunday,8,0.01431718558275869,5
_N,11,sunday,9,0.014181839046644436,5
_N,11,sunday,10,0.014200453085441277,5
_N,11,sunday,11,0.014091084454509023,5
_N,11,sunday,12,0.013966820848680412,5
_N,11,sunday,13,0.014281990432142445,5
_N,11,sunday,14,0.01483038628710363,5
_N,11,sunday,15,0.01573060540439175,5
_N,11,sunday,16,0.016650450345750866,5
_N,11,sunday,17,0.01821109589588813,5
_N,11,sunday,18,0.019346512101604336,5
_N,11,sunday,19,0.020723108269135305,5
_N,11,sunday,20,0.02123190705881809,5
_N,11,sunday,21,0.02181198948288406,5
_N,11,sunday,22,0.022606511133603315,5
_N,11,sunday,23,0.022883507879495908,5
_N,11,sunday,24,0.02291807714125623,5
_N,11,sunday,25,0.023394319836530078,5
_N,11,sunday,26,0.02363610680575574,5
_N,11,sunday,27,0.023601328304046026,5
_N,11,sunday,28,0.02429001899770921,5
_N,11,sunday,29,0.024334315733542174,5
_N,11,sunday,30,0.024479724205477844,5
_N,11,sunday,31,0.02495125813580397,5
_N,11,sunday,32,0.025756530959120044,5
_N,11,sunday,33,0.02734657979705161,5
_N,11,sunday,34,0.02871675538682361,5
_N,11,sunday,35,0.03004265324690753,5
_N,11,sunday,36,0.03034065644777643,5
_N,11,sunday,37,0.029437598233553464,5
_N,11,sunday,38,0.028706070507885602,5
_N,11,sunday,39,0.02726708454908608,5
_N,11,sunday,40,0.026595371558853564,5
_N,11,sunday,41,0.025659603206800753,5
_N,11,sunday,42,0.0245649738981255,5
_N,11,sunday,43,0.022848378951972663,5
_N,11,sunday,44,0.02121724524908894,5
_N,11,sunday,45,0.01943323126921909,5
_N,11,sunday,46,0.017757441694286658,5
_N,11,sunday,47,0.01646586536467559,5
_N,11,sunday,48,0.015639102454274658,5
_N,11,weekday,1,0.015276060288975277,20
_N,11,weekday,2,0.014919656486552422,20
_N,11,weekday,3,0.014322743770388158,20
_N,11,weekday,4,0.013957612200584441,20
_N,11,weekday,5,0.01349483357684802,20
_N,11,weekday,6,0.013341805067613626,20
_N,11,weekday,7,0.01265600994216103,20
_N,11,weekday,8,0.012521001680836008,20
_N,11,weekday,9,0.012359015408363828,20
_N,11,weekday,10,0.012152292401006749,20
_N,11,weekday,11,0.012305828098275982,20
_N,11,weekday,12,0.013015208002861847,20
_N,11,weekday,13,0.015124982428674822,20
_N,11,weekday,14,0.017056492814424427,20
_N,11,weekday,15,0.0197984419553421,20
_N,11,weekday,16,0.021261103474389385,20
_N,11,weekday,17,0.022814507656079105,20
_N,11,weekday,18,0.023235855517993585,20
_N,11,weekday,19,0.024250033235508867,20
_N,11,weekday,20,0.024658528085108548,20
_N,11,weekday,21,0.02519350558434873,20
_N,11,weekday,22,0.02547932787919317,20
_N,11,weekday,23,0.025495259816266536,20
_N,11,weekday,24,0.025271256818075693,20
_N,11,weekday,25,0.02516779165150703,20
_N,11,weekday,26,0.025058663426924234,20
_N,11,weekday,27,0.02502461331273546,20
_N,11,weekday,28,0.025353741064199613,20
_N,11,weekday,29,0.024979851967354423,20
_N,11,weekday,30,0.024693677337550932,20
_N,11,weekday,31,0.024977792470908138,20
_N,11,weekday,32,0.02572739162194084,20
_N,11,weekday,33,0.026944909957066228,20
_N,11,weekday,34,0.027640960805397456,20
_N,11,weekday,35,0.028345079430584695,20
_N,11,weekday,36,0.02791468827320349,20
_N,11,weekday,37,0.027156654205142915,20
_N,11,weekday,38,0.026334435738663696,20
_N,11,weekday,39,0.025369204633236164,20
_N,11,weekday,40,0.02474894369753005,20
_N,11,weekday,41,0.023884853519464885,20
_N,11,weekday,42,0.02258143987165209,20
_N,11,weekday,43,0.021160775554428836,20
_N,11,weekday,44,0.01976370893884657,20
_N,11,weekday,45,0.018399382061071133,20
_N,11,weekday,46,0.017134738050998348,20
_N,11,weekday,47,0.016361957414639174,20
_N,11,weekday,48,0.015313382805081242,20
_N,12,saturday,1,0.017905226955479782,4
_N,12,saturday,2,0.017448656856894767,4
_N,12,saturday,3,0.017165873151582214,4
_N,12,saturday,4,0.01660776180366779,4
_N,12,saturday,5,0.01666444784859252,4
_N,12,saturday,6,0.015790646505988964,4
_N,12,saturday,7,0.014854333214357592,4
_N,12,saturday,8,0.014582679916428861,4
_N,12,saturday,9,0.014608962030217026,4
_N,12,saturday,10,0.014790264000349005,4
_N,12,saturday,11,0.014785173627038972,4
_N,12,saturday,12,0.014814330209710756,4
_N,12,saturday,13,0.015170995351222696,4
_N,12,saturday,14,0.015465240090493116,4
_N,12,saturday,15,0.01682273002801646,4
_N,12,saturday,16,0.018023212695455506,4
_N,12,saturday,17,0.019181103124322627,4
_N,12,saturday,18,0.02033115052278715,4
_N,12,saturday,19,0.021883029731462167,4
_N,12,saturday,20,0.02283034389133378,4
_N,12,saturday,21,0.023770364208885803,4
_N,12,saturday,22,0.023957463298478726,4
_N,12,saturday,23,0.02413718218352845,4
_N,12,saturday,24,0.02460581783639458,4
_N,12,saturday,25,0.02480368384300461,4
_N,12,saturday,26,0.02485264839075024,4
_N,12,saturday,27,0.024726465847975172,4
_N,12,saturday,28,0.02503155013296775,4
_N,12,saturday,29,0.025033520743967714,4
_N,12,saturday,30,0.02517761501123533,4
_N,12,saturday,31,0.02551019516675039,4
_N,12,saturday,32,0.025815979244511983,4
_N,12,saturday,33,0.027049088859282703,4
_N,12,saturday,34,0.02715891423690773,4
_N,12,saturday,35,0.027913310323645024,4
_N,12,saturday,36,0.027549482913580222,4
_N,12,saturday,37,0.026664753769883136,4
_N,12,saturday,38,0.02585206360121636,4
_N,12,saturday,39,0.02435823531519353,4
_N,12,saturday,40,0.02332585638752492,4
_N,12,saturday,41,0.022511661648095736,4
_N,12,saturday,42,0.02182392422629937,4
_N,12,saturday,43,0.02063873724373672,4
_N,12,saturday,44,0.019358993557747846,4
_N,12,saturday,45,0.017864358212057084,4
_N,12,saturday,46,0.017122725640617897,4
_N,12,saturday,47,0.017172489047732577,4
_N,12,saturday,48,0.016486757552626685,4
_N,12,sunday,1,0.015862864973822815,4
_N,12,sunday,2,0.015313610976450821,4
_N,12,sunday,3,0.01456665598545988,4
_N,12,sunday,4,0.014069067644163007,4
_N,12,sunday,5,0.013454878604187431,4
_N,12,sunday,6,0.013204401310200339,4
_N,12,sunday,7,0.012481782659487012,4
_N,12,sunday,8,0.01200673217392265,4
_N,12,sunday,9,0.01221447927876966,4
_N,12,sunday,10,0.012005444673878863,4
_N,12,sunday,11,0.011958829980246853,4
_N,12,sunday,12,0.012010569820066371,4
_N,12,sunday,13,0.013276845071656263,4
_N,12,sunday,14,0.013970237711533232,4
_N,12,sunday,15,0.015108613082188685,4
_N,12,sunday,16,0.01635148837218807,4
_N,12,sunday,17,0.018318555851173937,4
_N,12,sunday,18,0.019528000172058715,4
_N,12,sunday,19,0.02127513149007122,4
_N,12,sunday,20,0.022497978790727634,4
_N,12,sunday,21,0.023494004276166568,4
_N,12,sunday,22,0.024056361650561877,4
_N,12,sunday,23,0.024355262037780566,4
_N,12,sunday,24,0.025219468503375086,4
_N,12,sunday,25,0.025590332968541074,4
_N,12,sunday,26,0.025758550720948063,4
_N,12,sunday,27,0.02559812531654336,4
_N,12,sunday,28,0.025684786423091438,4
_N,12,sunday,29,0.025636907714211885,4
_N,12,sunday,30,0.025515853631927085,4
_N,12,sunday,31,0.025827461298204145,4
_N,12,sunday,32,0.026916953666806246,4
_N,12,sunday,33,0.02859562592344072,4
_N,12,sunday,34,0.029531190180700505,4
_N,12,sunday,35,0.030449225384489825,4
_N,12,sunday,36,0.03091617629488455,4
_N,12,sunday,37,0.030423276659606348,4
_N,12,sunday,38,0.02917523305030844,4
_N,12,sunday,39,0.026815638725397797,4
_N,12,sunday,40,0.02512994819175629,4
_N,12,sunday,41,0.023529436589554947,4
_N,12,sunday,42,0.022625954644667337,4
_N,12,sunday,43,0.021778723371980283,4
_N,12,sunday,44,0.02108970523882556,4
_N,12,sunday,45,0.01981566349293624,4
_N,12,sunday,46,0.019057608293162095,4
_N,12,sunday,47,0.01915997957960625,4
_N,12,sunday,48,0.018776377548271946,4
_N,12,weekday,1,0.016745993118047385,23
_N,12,weekday,2,0.01610572677688335,23
_N,12,weekday,3,0.01561096372865488,23
_N,12,weekday,4,0.014856756411778744,23
_N,12,weekday,5,0.014442398276318644,23
_N,12,weekday,6,0.013901173435880347,23
_N,12,weekday,7,0.013408817265606146,23
_N,12,weekday,8,0.013004594886827427,23
_N,12,weekday,9,0.012701328410735908,23
_N,12,weekday,10,0.012607959758701538,23
_N,12,weekday,11,0.012741080144277326,23
_N,12,weekday,12,0.013181449134654563,23
_N,12,weekday,13,0.014990015908824006,23
_N,12,weekday,14,0.016714457196122547,23
_N,12,weekday,15,0.019015829392417697,23
_N,12,weekday,16,0.02040334550024013,23
_N,12,weekday,17,0.022159407727068987,23
_N,12,weekday,18,0.02276940309185068,23
_N,12,weekday,19,0.023963798087856116,23
_N,12,weekday,20,0.024376643156176193,23
_N,12,weekday,21,0.024499270339340583,23
_N,12,weekday,22,0.024624319716869153,23
_N,12,weekday,23,0.024294061608476927,23
_N,12,weekday,24,0.02412461478477591,23
_N,12,weekday,25,0.024366219061339706,23
_N,12,weekday,26,0.02421854548880034,23
_N,12,weekday,27,0.02420281670558572,23
_N,12,weekday,28,0.024418916080111423,23
_N,12,weekday,29,0.02427664533459534,23
_N,12,weekday,30,0.0241394992345072,23
_N,12,weekday,31,0.024500415586873398,23
_N,12,weekday,32,0.02538421006950098,23
_N,12,weekday,33,0.026697953890832307,23
_N,12,weekday,34,0.026671510710403957,23
_N,12,weekday,35,0.02719090255705472,23
_N,12,weekday,36,0.027100180460267236,23
_N,12,weekday,37,0.026778308612208868,23
_N,12,weekday,38,0.02622166222760831,23
_N,12,weekday,39,0.025137616105780875,23
_N,12,weekday,40,0.02499724870868741,23
_N,12,weekday,41,0.02428943070631256,23
_N,12,weekday,42,0.023316046769186697,23
_N,12,weekday,43,0.02200016261353374,23
_N,12,weekday,44,0.020765017111659723,23
_N,12,weekday,45,0.01928594601658706,23
_N,12,weekday,46,0.018144294955792725,23
_N,12,weekday,47,0.017745477887404795,23
_N,12,weekday,48,0.0169075652469797,23
_P,1,saturday,1,0.012206902654273483,8
_P,1,saturday,2,0.011194110438836474,8
_P,1,saturday,3,0.010400047868971734,8
_P,1,saturday,4,0.00956135213168416,8
_P,1,saturday,5,0.00941885852420276,8
_P,1,saturday,6,0.009439644526295674,8
_P,1,saturday,7,0.009615313633144537,8
_P,1,saturday,8,0.008755302544128365,8
_P,1,saturday,9,0.00756115972159057,8
_P,1,saturday,10,0.008164289932530497,8
_P,1,saturday,11,0.00826814175107737,8
_P,1,saturday,12,0.008360395896746633,8
_P,1,saturday,13,0.00911060270618676,8
_P,1,saturday,14,0.009446736480557417,8
_P,1,saturday,15,0.009418916131609414,8
_P,1,saturday,16,0.00866732950719869,8
_P,1,saturday,17,0.009752201210854105,8
_P,1,saturday,18,0.011022527069096056,8
_P,1,saturday,19,0.014159557239787339,8
_P,1,saturday,20,0.014301135227322934,8
_P,1,saturday,21,0.014703071260193906,8
_P,1,saturday,22,0.015748997934776934,8
_P,1,saturday,23,0.015670397362184375,8
_P,1,saturday,24,0.016080216460231524,8
_P,1,saturday,25,0.017650782164076954,8
_P,1,saturday,26,0.018308864453915746,8
_P,1,saturday,27,0.018276973834486787,8
_P,1,saturday,28,0.02248101647760062,8
_P,1,saturday,29,0.023157250220787656,8
_P,1,saturday,30,0.025346515364601294,8
_P,1,saturday,31,0.03029950395022422,8
_P,1,saturday,32,0.03584280933040678,8
_P,1,saturday,33,0.04373595128921963,8
_P,1,saturday,34,0.05218826557615335,8
_P,1,saturday,35,0.05401148445162338,8
_P,1,saturday,36,0.05673007125414502,8
_P,1,saturday,37,0.05067188899167553,8
_P,1,saturday,38,0.04899624045807684,8
_P,1,saturday,39,0.041625837556500615,8
_P,1,saturday,40,0.040029804875369016,8
_P,1,saturday,41,0.031008313961724765,8
_P,1,saturday,42,0.032038113929044605,8
_P,1,saturday,43,0.02763722160082161,8
_P,1,saturday,44,0.022937885738115348,8
_P,1,saturday,45,0.015301057252804201,8
_P,1,saturday,46,0.012226720842421721,8
_P,1,saturday,47,0.009004680175770531,8
_P,1,saturday,48,0.009465538036952041,8
_P,1,sunday,1,0.010096802707246796,8
_P,1,sunday,2,0.009553078922128144,8
_P,1,sunday,3,0.009258142168430879,8
_P,1,sunday,4,0.009984869029813055,8
_P,1,sunday,5,0.010213325927900457,8
_P,1,sunday,6,0.011044636259309713,8
_P,1,sunday,7,0.01169596749995387,8
_P,1,sunday,8,0.011388984211967351,8
_P,1,sunday,9,0.010493750146606654,8
_P,1,sunday,10,0.012005245896171433,8
_P,1,sunday,11,0.011215533465222565,8
_P,1,sunday,12,0.011486965149181225,8
_P,1,sunday,13,0.011909664863725068,8
_P,1,sunday,14,0.012621556685293306,8
_P,1,sunday,15,0.013106562883354014,8
_P,1,sunday,16,0.013036062097123319,8
_P,1,sunday,17,0.013845235192742677,8
_P,1,sunday,18,0.01500207806978664,8
_P,1,sunday,19,0.01664805644382989,8
_P,1,sunday,20,0.018113932552572817,8
_P,1,sunday,21,0.01849999582648232,8
_P,1,sunday,22,0.020136495405219088,8
_P,1,sunday,23,0.021105338524954213,8
_P,1,sunday,24,0.020959324716786444,8
_P,1,sunday,25,0.02279487001209878,8
_P,1,sunday,26,0.022690725445655386,8
_P,1,sunday,27,0.021624793680307963,8
_P,1,sunday,28,0.07048277089919625,8
_P,1,sunday,29,0.06983036467555923,8
_P,1,sunday,30,0.07325579832276771,8
_P,1,sunday,31,0.024627467672909662,8
_P,1,sunday,32,0.026567896618406642,8
_P,1,sunday,33,0.028097783183870413,8
_P,1,sunday,34,0.04709259572916388,8
_P,1,sunday,35,0.05586407339127197,8
_P,1,sunday,36,0.0460760567305121,8
_P,1,sunday,37,0.03436761873888229,8
_P,1,sunday,38,0.026134649497463282,8
_P,1,sunday,39,0.014960445080545995,8
_P,1,sunday,40,0.012918450234272131,8
_P,1,sunday,41,0.01145174125427449,8
_P,1,sunday,42,0.012513748487589321,8
_P,1,sunday,43,0.011372458552913543,8
_P,1,sunday,44,0.010529097694106277,8
_P,1,sunday,45,0.009452500172939013,8
_P,1,sunday,46,0.00839426724484674,8
_P,1,sunday,47,0.007676309694406166,8
_P,1,sunday,48,0.007801912340238866,8
_P,1,weekday,1,0.013301464299016491,41
_P,1,weekday,2,0.010793772429274139,41
_P,1,weekday,3,0.010785211624854976,41
_P,1,weekday,4,0.009420194839330686,41
_P,1,weekday,5,0.008893779889364031,41
_P,1,weekday,6,0.008415110588254162,41
_P,1,weekday,7,0.0073264511625336605,41
_P,1,weekday,8,0.007409784070331913,41
_P,1,weekday,9,0.006696573242322617,41
_P,1,weekday,10,0.009203668904738577,41
_P,1,weekday,11,0.00892101585132206,41
_P,1,weekday,12,0.009645150116656695,41
_P,1,weekday,13,0.010966400228252871,41
_P,1,weekday,14,0.014860805397567994,41
_P,1,weekday,15,0.02046427645754943,41
_P,1,weekday,16,0.02022725682874684,41
_P,1,weekday,17,0.024299321070308823,41
_P,1,weekday,18,0.02465971139544077,41
_P,1,weekday,19,0.026597984936073255,41
_P,1,weekday,20,0.026421203402191167,41
_P,1,weekday,21,0.02563404974187837,41
_P,1,weekday,22,0.0233477114036279,41
_P,1,weekday,23,0.02411308237530957,41
_P,1,weekday,24,0.04903907372904091,41
_P,1,weekday,25,0.02680857023535373,41
_P,1,weekday,26,0.02462552521022688,41
_P,1,weekday,27,0.029869871807584252,41
_P,1,weekday,28,0.04355487431663187,41
_P,1,weekday,29,0.02823520806357609,41
_P,1,weekday,30,0.04765377948315179,41
_P,1,weekday,31,0.02501744381213312,41
_P,1,weekday,32,0.0249879518949264,41
_P,1,weekday,33,0.029733369289167495,41
_P,1,weekday,34,0.03055794052090518,41
_P,1,weekday,35,0.038034216465661116,41
_P,1,weekday,36,0.035617205217099816,41
_P,1,weekday,37,0.03144135918317939,41
_P,1,weekday,38,0.026874245068074534,41
_P,1,weekday,39,0.024697734989664964,41
_P,1,weekday,40,0.02004260829480482,41
_P,1,weekday,41,0.021005194882620152,41
_P,1,weekday,42,0.02009673921328642,41
_P,1,weekday,43,0.015228734489001425,41
_P,1,weekday,44,0.013390943265902384,41
_P,1,weekday,45,0.012007407582842418,41
_P,1,weekday,46,0.01038579473086675,41
_P,1,weekday,47,0.0090880511346329,41
_P,1,weekday,48,0.009602176864718207,41
_P,2,saturday,1,0.045124398832181785,8
_P,2,saturday,2,0.037005689865370034,8
_P,2,saturday,3,0.029854100579238676,8
_P,2,saturday,4,0.024836311914412924,8
_P,2,saturday,5,0.017934006566705563,8
_P,2,saturday,6,0.02172844418422014,8
_P,2,saturday,7,0.02026579386783186,8
_P,2,saturday,8,0.011786338009446194,8
_P,2,saturday,9,0.010057570666853336,8
_P,2,saturday,10,0.012412225068429723,8
_P,2,saturday,11,0.013010040815152286,8
_P,2,saturday,12,0.012725511455932158,8
_P,2,saturday,13,0.013710122313515241,8
_P,2,saturday,14,0.01484307378340797,8
_P,2,saturday,15,0.016673713815265844,8
_P,2,saturday,16,0.01688871799016509,8
_P,2,saturday,17,0.018547789642150425,8
_P,2,saturday,18,0.020362444889117818,8
_P,2,saturday,19,0.022461868465914678,8
_P,2,saturday,20,0.022173747850053115,8
_P,2,saturday,21,0.022232108335849075,8
_P,2,saturday,22,0.021942353720292768,8
_P,2,saturday,23,0.021375057456761076,8
_P,2,saturday,24,0.02176929723027062,8
_P,2,saturday,25,0.021395985406410977,8
_P,2,saturday,26,0.020866184918255724,8
_P,2,saturday,27,0.021135464554662836,8
_P,2,saturday,28,0.023443791263366005,8
_P,2,saturday,29,0.022142762917954282,8
_P,2,saturday,30,0.020910264994069852,8
_P,2,saturday,31,0.02018504873025565,8
_P,2,saturday,32,0.019428574205066693,8
_P,2,saturday,33,0.01854122834029883,8
_P,2,saturday,34,0.018445885004477795,8
_P,2,saturday,35,0.019623762962049297,8
_P,2,saturday,36,0.020008018945418485,8
_P,2,saturday,37,0.02337147198735434,8
_P,2,saturday,38,0.059665882372721635,8
_P,2,saturday,39,0.045147650356007415,8
_P,2,saturday,40,0.036542995874744716,8
_P,2,saturday,41,0.031228688469374655,8
_P,2,saturday,42,0.020834127263428346,8
_P,2,saturday,43,0.01154621245315043,8
_P,2,saturday,44,0.008923150134297888,8
_P,2,saturday,45,0.008802174955017037,8
_P,2,saturday,46,0.006629670628662738,8
_P,2,saturday,47,0.005567319188880396,8
_P,2,saturday,48,0.005892956755535574,8
_P,2,sunday,1,0.011801315152044165,7
_P,2,sunday,2,0.008650640602126435,7
_P,2,sunday,3,0.007274564137854768,7
_P,2,sunday,4,0.007917415511975525,7
_P,2,sunday,5,0.007542057325057005,7
_P,2,sunday,6,0.007498941184403059,7
_P,2,sunday,7,0.007855047155755565,7
_P,2,sunday,8,0.005936105148077082,7
_P,2,sunday,9,0.005944360701316472,7
_P,2,sunday,10,0.006802607452197756,7
_P,2,sunday,11,0.006241184232203668,7
_P,2,sunday,12,0.006139719942886662,7
_P,2,sunday,13,0.005897304489634297,7
_P,2,sunday,14,0.0057510415722147054,7
_P,2,sunday,15,0.006603805272182105,7
_P,2,sunday,16,0.005848188983660782,7
_P,2,sunday,17,0.007328969877560342,7
_P,2,sunday,18,0.007843360546777813,7
_P,2,sunday,19,0.009490059301148383,7
_P,2,sunday,20,0.010617512226986547,7
_P,2,sunday,21,0.012333546136194492,7
_P,2,sunday,22,0.012586842145109526,7
_P,2,sunday,23,0.011837703069771405,7
_P,2,sunday,24,0.013245752316976445,7
_P,2,sunday,25,0.016005345788139187,7
_P,2,sunday,26,0.017859480481022327,7
_P,2,sunday,27,0.021573345074800434,7
_P,2,sunday,28,0.029442780981032,7
_P,2,sunday,29,0.030591740071029255,7
_P,2,sunday,30,0.031042856453198715,7
_P,2,sunday,31,0.029792515385933343,7
_P,2,sunday,32,0.03099234462522704,7
_P,2,sunday,33,0.04345931342837455,7
_P,2,sunday,34,0.04486860408481798,7
_P,2,sunday,35,0.06547232197002535,7
_P,2,sunday,36,0.07284911838389645,7
_P,2,sunday,37,0.05891449080640408,7
_P,2,sunday,38,0.048921296947933464,7
_P,2,sunday,39,0.052253384664803414,7
_P,2,sunday,40,0.04346806430934929,7
_P,2,sunday,41,0.02966083717563064,7
_P,2,sunday,42,0.02641409627555536,7
_P,2,sunday,43,0.022653642638551446,7
_P,2,sunday,44,0.01953907513552901,7
_P,2,sunday,45,0.016859698295592567,7
_P,2,sunday,46,0.016163274935719056,7
_P,2,sunday,47,0.015086749322823157,7
_P,2,sunday,48,0.017127578280496884,7
_P,2,weekday,1,0.021896420456775565,37
_P,2,weekday,2,0.019136990743779038,37
_P,2,weekday,3,0.014746288326078926,37
_P,2,weekday,4,0.013149866163224104,37
_P,2,weekday,5,0.010739598719045108,37
_P,2,weekday,6,0.010456067941414878,37
_P,2,weekday,7,0.009489116630806307,37
_P,2,weekday,8,0.009617532936314524,37
_P,2,weekday,9,0.009333454717273565,37
_P,2,weekday,10,0.010755073864015644,37
_P,2,weekday,11,0.009993854505699326,37
_P,2,weekday,12,0.011375894849244597,37
_P,2,weekday,13,0.012732507985246616,37
_P,2,weekday,14,0.015853942549684693,37
_P,2,weekday,15,0.02140340769183227,37
_P,2,weekday,16,0.02276066395755792,37
_P,2,weekday,17,0.029610201674158367,37
_P,2,weekday,18,0.02922158327069796,37
_P,2,weekday,19,0.029140428432002204,37
_P,2,weekday,20,0.02845171663582967,37
_P,2,weekday,21,0.027084412924752582,37
_P,2,weekday,22,0.02418878090268013,37
_P,2,weekday,23,0.026980168957460922,37
_P,2,weekday,24,0.021970565865648363,37
_P,2,weekday,25,0.024750822933116312,37
_P,2,weekday,26,0.02775644525977538,37
_P,2,weekday,27,0.0270441020787713,37
_P,2,weekday,28,0.035382875451571795,37
_P,2,weekday,29,0.03092793866821972,37
_P,2,weekday,30,0.026745009578631067,37
_P,2,weekday,31,0.02351121009080351,37
_P,2,weekday,32,0.0237859092889792,37
_P,2,weekday,33,0.023394525655435504,37
_P,2,weekday,34,0.025473194260047335,37
_P,2,weekday,35,0.029950481566099592,37
_P,2,weekday,36,0.03839561551738052,37
_P,2,weekday,37,0.03999469240062099,37
_P,2,weekday,38,0.03328251961459235,37
_P,2,weekday,39,0.028292300846868415,37
_P,2,weekday,40,0.019229305652542317,37
_P,2,weekday,41,0.018334270077719164,37
_P,2,weekday,42,0.018163690584981778,37
_P,2,weekday,43,0.01639480297644955,37
_P,2,weekday,44,0.01292017875095009,37
_P,2,weekday,45,0.010747012152799273,37
_P,2,weekday,46,0.009040497541399675,37
_P,2,weekday,47,0.007709130973984009,37
_P,2,weekday,48,0.008684927377037896,37
_P,3,saturday,1,0.0060932425962404654,8
_P,3,saturday,2,0.004710488109050281,8
_P,3,saturday,3,0.004789521489517737,8
_P,3,saturday,4,0.004511368306636987,8
_P,3,saturday,5,0.0046848945052976616,8
_P,3,saturday,6,0.004852059718319252,8
_P,3,saturday,7,0.005509564236967912,8
_P,3,saturday,8,0.004609923499073373,8
_P,3,saturday,9,0.004631316617374342,8
_P,3,saturday,10,0.011107770592754718,8
_P,3,saturday,11,0.01240857380821793,8
_P,3,saturday,12,0.009179548593889551,8
_P,3,saturday,13,0.015569121357260457,8
_P,3,saturday,14,0.01976086669970998,8
_P,3,saturday,15,0.035284751336571614,8
_P,3,saturday,16,0.03873975883012229,8
_P,3,saturday,17,0.03952553270655037,8
_P,3,saturday,18,0.03540422613564633,8
_P,3,saturday,19,0.025517295331795635,8
_P,3,saturday,20,0.021802518589055,8
_P,3,saturday,21,0.02183112049808996,8
_P,3,saturday,22,0.01931059988316612,8
_P,3,saturday,23,0.017115689922157555,8
_P,3,saturday,24,0.016304914972170112,8
_P,3,saturday,25,0.017021395565660517,8
_P,3,saturday,26,0.0134451248891772,8
_P,3,saturday,27,0.013585186905902418,8
_P,3,saturday,28,0.015354672022634979,8
_P,3,saturday,29,0.016400699903954166,8
_P,3,saturday,30,0.012240839434626958,8
_P,3,saturday,31,0.012192396231485273,8
_P,3,saturday,32,0.016130999864117264,8
_P,3,saturday,33,0.013608588582804775,8
_P,3,saturday,34,0.02372600413998451,8
_P,3,saturday,35,0.03569895390667537,8
_P,3,saturday,36,0.03709116794693426,8
_P,3,saturday,37,0.04303169981269236,8
_P,3,saturday,38,0.04928140060580809,8
_P,3,saturday,39,0.043121853424188075,8
_P,3,saturday,40,0.043706037201596847,8
_P,3,saturday,41,0.03909178264676753,8
_P,3,saturday,42,0.03874424540704548,8
_P,3,saturday,43,0.032817596265141885,8
_P,3,saturday,44,0.025336434276014404,8
_P,3,saturday,45,0.020421229620478088,8
_P,3,saturday,46,0.021109240551386264,8
_P,3,saturday,47,0.014492779249184243,8
_P,3,saturday,48,0.01909500321010344,8
_P,3,sunday,1,0.04125978884189221,7
_P,3,sunday,2,0.05563235814837449,7
_P,3,sunday,3,0.05803824932877332,7
_P,3,sunday,4,0.02553782379526308,7
_P,3,sunday,5,0.009127918260942973,7
_P,3,sunday,6,0.008999941653201428,7
_P,3,sunday,7,0.008916288075822072,7
_P,3,sunday,8,0.00838589656326552,7
_P,3,sunday,9,0.008220192049557758,7
_P,3,sunday,10,0.009725775583395317,7
_P,3,sunday,11,0.009622609318374362,7
_P,3,sunday,12,0.009951767102600755,7
_P,3,sunday,13,0.010671191281008997,7
_P,3,sunday,14,0.011243073505717495,7
_P,3,sunday,15,0.01226003413670854,7
_P,3,sunday,16,0.011640174987626846,7
_P,3,sunday,17,0.012442163130220714,7
_P,3,sunday,18,0.013196162024443533,7
_P,3,sunday,19,0.013541629513491612,7
_P,3,sunday,20,0.013734089092490723,7
_P,3,sunday,21,0.012839008816036022,7
_P,3,sunday,22,0.01236910734162427,7
_P,3,sunday,23,0.012305359082032242,7
_P,3,sunday,24,0.012215901710595965,7
_P,3,sunday,25,0.0122498294369538,7
_P,3,sunday,26,0.012107014585580961,7
_P,3,sunday,27,0.013584050110537973,7
_P,3,sunday,28,0.014346706454582577,7
_P,3,sunday,29,0.016062314996208138,7
_P,3,sunday,30,0.019111440330972528,7
_P,3,sunday,31,0.018195268325752526,7
_P,3,sunday,32,0.019791902388995416,7
_P,3,sunday,33,0.021021760928630166,7
_P,3,sunday,34,0.023507672678760475,7
_P,3,sunday,35,0.02773261367393122,7
_P,3,sunday,36,0.03368030552871624,7
_P,3,sunday,37,0.038980569199185175,7
_P,3,sunday,38,0.04071123896470862,7
_P,3,sunday,39,0.0365287742551602,7
_P,3,sunday,40,0.037509652783173725,7
_P,3,sunday,41,0.034712446637416926,7
_P,3,sunday,42,0.03754813040522372,7
_P,3,sunday,43,0.03564422791647478,7
_P,3,sunday,44,0.02904346852861763,7
_P,3,sunday,45,0.026470697304232,7
_P,3,sunday,46,0.019889149769285856,7
_P,3,sunday,47,0.013654870327683689,6
_P,3,sunday,48,0.01603939112575534,6
_P,3,weekday,1,0.019072977602637854,37
_P,3,weekday,2,0.019196877479632984,37
_P,3,weekday,3,0.017808417759395047,37
_P,3,weekday,4,0.013120056645543974,37
_P,3,weekday,5,0.008728802740717929,37
_P,3,weekday,6,0.011025221184736892,37
_P,3,weekday,7,0.007830372194884978,37
_P,3,weekday,8,0.008177842595339867,37
_P,3,weekday,9,0.007319903571707908,37
_P,3,weekday,10,0.011237380143380328,37
_P,3,weekday,11,0.009634539045197187,37
_P,3,weekday,12,0.009185171405089388,37
_P,3,weekday,13,0.011821905212802047,37
_P,3,weekday,14,0.016443960471534933,37
_P,3,weekday,15,0.08388641824095569,37
_P,3,weekday,16,0.03681264367554701,37
_P,3,weekday,17,0.0544859218101466,37
_P,3,weekday,18,0.04364265754610404,37
_P,3,weekday,19,0.030660597849302515,37
_P,3,weekday,20,0.02811333527646222,37
_P,3,weekday,21,0.01941296390608532,37
_P,3,weekday,22,0.017232362940435474,37
_P,3,weekday,23,0.013208777838660627,37
_P,3,weekday,24,0.011410147192101313,37
_P,3,weekday,25,0.011024217314454096,37
_P,3,weekday,26,0.0102411194384248,37
_P,3,weekday,27,0.009532682873276611,37
_P,3,weekday,28,0.018557182602813534,37
_P,3,weekday,29,0.016074182024056766,37
_P,3,weekday,30,0.02258418101830989,37
_P,3,weekday,31,0.013402382731624477,37
_P,3,weekday,32,0.011257314792617353,37
_P,3,weekday,33,0.017023539398037787,37
_P,3,weekday,34,0.02419779325702941,37
_P,3,weekday,35,0.02437807324171955,37
_P,3,weekday,36,0.025177350923078302,37
_P,3,weekday,37,0.029552736898616806,37
_P,3,weekday,38,0.052161085042168556,37
_P,3,weekday,39,0.03141018004010033,37
_P,3,weekday,40,0.023339267253294063,37
_P,3,weekday,41,0.023527891310891138,37
_P,3,weekday,42,0.021711132241833353,37
_P,3,weekday,43,0.024454888728806176,37
_P,3,weekday,44,0.023996851700310354,37
_P,3,weekday,45,0.01785414700469114,37
_P,3,weekday,46,0.018798116117219963,37
_P,3,weekday,47,0.008942499091172656,37
_P,3,weekday,48,0.011331930627050768,37
_P,4,saturday,1,0.014295184848750767,6
_P,4,saturday,2,0.01556486440288891,6
_P,4,saturday,3,0.015563779146294846,6
_P,4,saturday,4,0.014450892922066768,6
_P,4,saturday,5,0.013512151646608782,6
_P,4,saturday,6,0.012998502084407455,6
_P,4,saturday,7,0.011962561285378296,6
_P,4,saturday,8,0.01240769416907013,6
_P,4,saturday,9,0.012741089278037613,6
_P,4,saturday,10,0.013246374472432295,6
_P,4,saturday,11,0.013807001763159818,6
_P,4,saturday,12,0.015134874706599175,6
_P,4,saturday,13,0.014926076603263214,6
_P,4,saturday,14,0.01523076039286437,6
_P,4,saturday,15,0.018648056491680942,6
_P,4,saturday,16,0.020839302197679727,6
_P,4,saturday,17,0.02622478054527957,6
_P,4,saturday,18,0.02608313286666966,6
_P,4,saturday,19,0.027049186758058633,6
_P,4,saturday,20,0.02576486670705506,6
_P,4,saturday,21,0.023540893205738586,6
_P,4,saturday,22,0.0248500064232313,6
_P,4,saturday,23,0.02314248395431341,6
_P,4,saturday,24,0.020132790966698736,6
_P,4,saturday,25,0.02316947480222913,6
_P,4,saturday,26,0.022687775872123585,6
_P,4,saturday,27,0.025820710138250606,6
_P,4,saturday,28,0.025285054828423956,6
_P,4,saturday,29,0.022136686513840268,6
_P,4,saturday,30,0.024840309951339,6
_P,4,saturday,31,0.02463493663052492,6
_P,4,saturday,32,0.027036675305592752,6
_P,4,saturday,33,0.02687787169159435,6
_P,4,saturday,34,0.028622611978204204,6
_P,4,saturday,35,0.035023551672171215,6
_P,4,saturday,36,0.03521575499616764,6
_P,4,saturday,37,0.027674052545844128,6
_P,4,saturday,38,0.022066123182942907,6
_P,4,saturday,39,0.020689173568487488,6
_P,4,saturday,40,0.020607112242841005,6
_P,4,saturday,41,0.020041702050459655,6
_P,4,saturday,42,0.021338348164490716,6
_P,4,saturday,43,0.02189942846304145,6
_P,4,saturday,44,0.02165172558133556,6
_P,4,saturday,45,0.020996527176466395,6
_P,4,saturday,46,0.018579237130003087,6
_P,4,saturday,47,0.017269194658294417,6
_P,4,saturday,48,0.013718653017103503,6
_P,4,sunday,1,0.0123878784243999,6
_P,4,sunday,2,0.016873765736840962,6
_P,4,sunday,3,0.013461426582740544,6
_P,4,sunday,4,0.011698252403363437,6
_P,4,sunday,5,0.011997705324546656,6
_P,4,sunday,6,0.012042090379268955,6
_P,4,sunday,7,0.009053325650218387,6
_P,4,sunday,8,0.009265526717520753,6
_P,4,sunday,9,0.009592367558822357,6
_P,4,sunday,10,0.010286699629797424,6
_P,4,sunday,11,0.010820958378021326,6
_P,4,sunday,12,0.011655677364447429,6
_P,4,sunday,13,0.010214550438720953,6
_P,4,sunday,14,0.011118064383210335,6
_P,4,sunday,15,0.012460856330672954,6
_P,4,sunday,16,0.013698422478609263,6
_P,4,sunday,17,0.015509973044643367,6
_P,4,sunday,18,0.01820881008707758,6
_P,4,sunday,19,0.02191353715566145,6
_P,4,sunday,20,0.02851477041605382,6
_P,4,sunday,21,0.03368224120216191,6
_P,4,sunday,22,0.0325868145213972,6
_P,4,sunday,23,0.028926911624615165,6
_P,4,sunday,24,0.028336184502082275,6
_P,4,sunday,25,0.03153792074052033,6
_P,4,sunday,26,0.027274194745155602,6
_P,4,sunday,27,0.02393900190001794,6
_P,4,sunday,28,0.021909825927305848,6
_P,4,sunday,29,0.02716003597541855,6
_P,4,sunday,30,0.023393040462277182,6
_P,4,sunday,31,0.014476960601069578,6
_P,4,sunday,32,0.013459137025843941,6
_P,4,sunday,33,0.013864528019659329,6
_P,4,sunday,34,0.0158045553500646,6
_P,4,sunday,35,0.017270466088224173,6
_P,4,sunday,36,0.01940146665111755,6
_P,4,sunday,37,0.018700005254351528,6
_P,4,sunday,38,0.024073689351641118,6
_P,4,sunday,39,0.02669698294194017,6
_P,4,sunday,40,0.03254039142972134,6
_P,4,sunday,41,0.03953728393706453,6
_P,4,sunday,42,0.03869297947719163,6
_P,4,sunday,43,0.03833458700033723,6
_P,4,sunday,44,0.03884823940183594,6
_P,4,sunday,45,0.029599328943189427,6
_P,4,sunday,46,0.025988553773397968,6
_P,4,sunday,47,0.021539627530829646,6
_P,4,sunday,48,0.021650387136930446,6
_P,4,weekday,1,0.012890675777357061,42
_P,4,weekday,2,0.014421386667280529,42
_P,4,weekday,3,0.015044905624652364,42
_P,4,weekday,4,0.013877860729600712,42
_P,4,weekday,5,0.013432514429688616,42
_P,4,weekday,6,0.01293138278840458,42
_P,4,weekday,7,0.012804202339242458,42
_P,4,weekday,8,0.012964949101188497,42
_P,4,weekday,9,0.012649332835343748,42
_P,4,weekday,10,0.012588448507436123,42
_P,4,weekday,11,0.012631307212104183,42
_P,4,weekday,12,0.015340458704946163,42
_P,4,weekday,13,0.01885122999270134,42
_P,4,weekday,14,0.022751578591455584,42
_P,4,weekday,15,0.028837487989679392,42
_P,4,weekday,16,0.0319574231389812,42
_P,4,weekday,17,0.04299452774019649,42
_P,4,weekday,18,0.042315589580046144,42
_P,4,weekday,19,0.038215380761116545,42
_P,4,weekday,20,0.03421936230237172,42
_P,4,weekday,21,0.0268441799430607,42
_P,4,weekday,22,0.024947136453706113,42
_P,4,weekday,23,0.02220097409427238,42
_P,4,weekday,24,0.020951504787547707,42
_P,4,weekday,25,0.020493433608177822,42
_P,4,weekday,26,0.019715568366442622,42
_P,4,weekday,27,0.02635399240101776,42
_P,4,weekday,28,0.022509336307457824,42
_P,4,weekday,29,0.02059901874089721,42
_P,4,weekday,30,0.022768852749947235,42
_P,4,weekday,31,0.014385001649542973,42
_P,4,weekday,32,0.013670363642475657,42
_P,4,weekday,33,0.013680095773017955,42
_P,4,weekday,34,0.0149390332944283,42
_P,4,weekday,35,0.01614740734140911,42
_P,4,weekday,36,0.01728847352975041,42
_P,4,weekday,37,0.01807714721126866,42
_P,4,weekday,38,0.020440584197807213,42
_P,4,weekday,39,0.020203442749962264,42
_P,4,weekday,40,0.02685659227540479,42
_P,4,weekday,41,0.024260044353863478,42
_P,4,weekday,42,0.030442410022596268,42
_P,4,weekday,43,0.0255331930346207,42
_P,4,weekday,44,0.02434344026750483,42
_P,4,weekday,45,0.02069242718709371,42
_P,4,weekday,46,0.01953816595462979,42
_P,4,weekday,47,0.01579210660320518,42
_P,4,weekday,48,0.014606068645097883,42
_P,5,saturday,1,0.01956246262890913,10
_P,5,saturday,2,0.021333166681785563,10
_P,5,saturday,3,0.0220150129724622,10
_P,5,saturday,4,0.015053873348972588,10
_P,5,saturday,5,0.015374436149764362,10
_P,5,saturday,6,0.016899331292642105,10
_P,5,saturday,7,0.015546443582620187,10
_P,5,saturday,8,0.014920458691219815,10
_P,5,saturday,9,0.017259760909196255,10
_P,5,saturday,10,0.016457568977063644,10
_P,5,saturday,11,0.016620416605357114,10
_P,5,saturday,12,0.01790852854261362,10
_P,5,saturday,13,0.019043108087150654,10
_P,5,saturday,14,0.01999095206948982,10
_P,5,saturday,15,0.02187998929136497,10
_P,5,saturday,16,0.02395623545216159,10
_P,5,saturday,17,0.0262342429277668,10
_P,5,saturday,18,0.02616508522485168,10
_P,5,saturday,19,0.02720068607482814,10
_P,5,saturday,20,0.025787721607149466,10
_P,5,saturday,21,0.022982406709597572,10
_P,5,saturday,22,0.021401443035571323,10
_P,5,saturday,23,0.01716212746217808,10
_P,5,saturday,24,0.015928610758375258,10
_P,5,saturday,25,0.014513487260982356,10
_P,5,saturday,26,0.011816196298095513,10
_P,5,saturday,27,0.010740050153065759,10
_P,5,saturday,28,0.011034840311797725,10
_P,5,saturday,29,0.009107634630240847,10
_P,5,saturday,30,0.011600750231343226,10
_P,5,saturday,31,0.018345451624104805,10
_P,5,saturday,32,0.01758840372667577,10
_P,5,saturday,33,0.017836509201930428,10
_P,5,saturday,34,0.0237097030054342,10
_P,5,saturday,35,0.03354590241256414,10
_P,5,saturday,36,0.034355741600707826,10
_P,5,saturday,37,0.03592907638056746,10
_P,5,saturday,38,0.0300600851199039,10
_P,5,saturday,39,0.014492036103491576,10
_P,5,saturday,40,0.014992072775502538,10
_P,5,saturday,41,0.02096342708631651,10
_P,5,saturday,42,0.02127083492883574,10
_P,5,saturday,43,0.029973397838566396,10
_P,5,saturday,44,0.042105848032235396,10
_P,5,saturday,45,0.037133408084718225,10
_P,5,saturday,46,0.027543798942935155,10
_P,5,saturday,47,0.019270869412089043,10
_P,5,saturday,48,0.015386405754803545,10
_P,5,sunday,1,0.045596456203488,9
_P,5,sunday,2,0.04923540646535887,9
_P,5,sunday,3,0.04201820692981063,9
_P,5,sunday,4,0.030148487585642272,9
_P,5,sunday,5,0.02088618366696481,9
_P,5,sunday,6,0.017304045637270907,9
_P,5,sunday,7,0.013192333776941234,9
_P,5,sunday,8,0.013512747334146534,9
_P,5,sunday,9,0.013669617245726573,9
_P,5,sunday,10,0.01413205465600717,9
_P,5,sunday,11,0.014183822183269733,9
_P,5,sunday,12,0.015446973633960455,9
_P,5,sunday,13,0.016838774554419633,9
_P,5,sunday,14,0.01663065304784554,9
_P,5,sunday,15,0.019729689271418018,9
_P,5,sunday,16,0.019115975092008103,9
_P,5,sunday,17,0.020870371328103526,9
_P,5,sunday,18,0.020575736260245555,9
_P,5,sunday,19,0.021179871476336588,9
_P,5,sunday,20,0.018981425685471724,9
_P,5,sunday,21,0.019314266469309,9
_P,5,sunday,22,0.01795903311433046,9
_P,5,sunday,23,0.014956382975051467,9
_P,5,sunday,24,0.016129253891669797,9
_P,5,sunday,25,0.014358747658300919,9
_P,5,sunday,26,0.015407776575747644,9
_P,5,sunday,27,0.015598625752408026,9
_P,5,sunday,28,0.014644671389202502,9
_P,5,sunday,29,0.01367873459081983,9
_P,5,sunday,30,0.01589965646400752,9
_P,5,sunday,31,0.013415763004448281,9
_P,5,sunday,32,0.013616849068388419,9
_P,5,sunday,33,0.01611603144684802,9
_P,5,sunday,34,0.02066786346197969,9
_P,5,sunday,35,0.02369544772222448,9
_P,5,sunday,36,0.025909516687985714,9
_P,5,sunday,37,0.02387007891515912,9
_P,5,sunday,38,0.02473282507005848,9
_P,5,sunday,39,0.02241734423811909,9
_P,5,sunday,40,0.022382258352453555,9
_P,5,sunday,41,0.024041680074550282,9
_P,5,sunday,42,0.02515322179899169,9
_P,5,sunday,43,0.025268422421654287,9
_P,5,sunday,44,0.027647306014095017,9
_P,5,sunday,45,0.02525479968292321,9
_P,5,sunday,46,0.025003713757405403,9
_P,5,sunday,47,0.019902376439101102,9
_P,5,sunday,48,0.01970852092833112,9
_P,5,weekday,1,0.023410976094323924,43
_P,5,weekday,2,0.024841937847853254,43
_P,5,weekday,3,0.025188071367144904,43
_P,5,weekday,4,0.023129214531962376,43
_P,5,weekday,5,0.023461883779647596,43
_P,5,weekday,6,0.023058565593764718,43
_P,5,weekday,7,0.020167099211972742,43
_P,5,weekday,8,0.018413548631548746,43
_P,5,weekday,9,0.015663448387819627,43
_P,5,weekday,10,0.015591334268552172,43
_P,5,weekday,11,0.014610853246595711,43
_P,5,weekday,12,0.018001561667289622,43
_P,5,weekday,13,0.019036363277160993,43
_P,5,weekday,14,0.019907053271911255,43
_P,5,weekday,15,0.023901481757007285,43
_P,5,weekday,16,0.023051220690399495,43
_P,5,weekday,17,0.024622350564072665,43
_P,5,weekday,18,0.022856336753128922,43
_P,5,weekday,19,0.023035822862893705,43
_P,5,weekday,20,0.020845314761381118,43
_P,5,weekday,21,0.01917117294735743,43
_P,5,weekday,22,0.017855968252549648,43
_P,5,weekday,23,0.016910381186827042,43
_P,5,weekday,24,0.015879842654236496,43
_P,5,weekday,25,0.014907727863500801,43
_P,5,weekday,26,0.014767651972356124,43
_P,5,weekday,27,0.014341359709332745,43
_P,5,weekday,28,0.01336858917479559,43
_P,5,weekday,29,0.0124310346642165,43
_P,5,weekday,30,0.01345998972213277,43
_P,5,weekday,31,0.011530712110944922,43
_P,5,weekday,32,0.011839018779322351,43
_P,5,weekday,33,0.012804031429900126,43
_P,5,weekday,34,0.016167005061231497,43
_P,5,weekday,35,0.019535332218897913,43
_P,5,weekday,36,0.021040753570104268,43
_P,5,weekday,37,0.017624134295565974,43
_P,5,weekday,38,0.018577245912358868,43
_P,5,weekday,39,0.019865771326488875,43
_P,5,weekday,40,0.023032140252929226,43
_P,5,weekday,41,0.025761543392891835,43
_P,5,weekday,42,0.029748348882058264,43
_P,5,weekday,43,0.03635600540601263,43
_P,5,weekday,44,0.04035591148466034,43
_P,5,weekday,45,0.038563890974371115,43
_P,5,weekday,46,0.03308513950549167,43
_P,5,weekday,47,0.02541222935805805,43
_P,5,weekday,48,0.022812629324976092,43
_P,6,saturday,1,0.05943344096583231,7
_P,6,saturday,2,0.03942289170165566,7
_P,6,saturday,3,0.03745995234506435,7
_P,6,saturday,4,0.02778013516089698,7
_P,6,saturday,5,0.04506442330675645,7
_P,6,saturday,6,0.04659037677369884,7
_P,6,saturday,7,0.03272279740672166,7
_P,6,saturday,8,0.015052381046552448,7
_P,6,saturday,9,0.007284438403516895,7
_P,6,saturday,10,0.009630874590013341,7
_P,6,saturday,11,0.008324842784694766,7
_P,6,saturday,12,0.008513359610202874,7
_P,6,saturday,13,0.007803598525093609,7
_P,6,saturday,14,0.011252985476539025,7
_P,6,saturday,15,0.01314517277705915,7
_P,6,saturday,16,0.013118491741532842,7
_P,6,saturday,17,0.015130026095914215,7
_P,6,saturday,18,0.015601249042794803,7
_P,6,saturday,19,0.014811787119694667,7
_P,6,saturday,20,0.014786737767709642,7
_P,6,saturday,21,0.013553064347519553,7
_P,6,saturday,22,0.012106800190896064,7
_P,6,saturday,23,0.011409470848631045,7
_P,6,saturday,24,0.010107464360408063,7
_P,6,saturday,25,0.010121348715316893,7
_P,6,saturday,26,0.010368309972084397,7
_P,6,saturday,27,0.011511858437468745,7
_P,6,saturday,28,0.01127542257141223,7
_P,6,saturday,29,0.010262350422709619,7
_P,6,saturday,30,0.011500596030275478,7
_P,6,saturday,31,0.010070770212826966,7
_P,6,saturday,32,0.009780233468591583,7
_P,6,saturday,33,0.01178241185648314,7
_P,6,saturday,34,0.01545886947809678,7
_P,6,saturday,35,0.01832752505992813,7
_P,6,saturday,36,0.01871282765281031,7
_P,6,saturday,37,0.016578174415176235,7
_P,6,saturday,38,0.015291994716320962,7
_P,6,saturday,39,0.013692563359070044,7
_P,6,saturday,40,0.012175024809115882,7
_P,6,saturday,41,0.013051680673284879,7
_P,6,saturday,42,0.01317832215823248,7
_P,6,saturday,43,0.012802934274689584,7
_P,6,saturday,44,0.012436313505893765,7
_P,6,saturday,45,0.06022597132328543,7
_P,6,saturday,46,0.07566961963747332,7
_P,6,saturday,47,0.09589102925050105,7
_P,6,saturday,48,0.01972708560955283,7
_P,6,sunday,1,0.018068085982751385,9
_P,6,sunday,2,0.017518141667070594,9
_P,6,sunday,3,0.01436080201747816,9
_P,6,sunday,4,0.008443096410593005,9
_P,6,sunday,5,0.009754281990352439,9
_P,6,sunday,6,0.010960821098300152,9
_P,6,sunday,7,0.008579703571024137,9
_P,6,sunday,8,0.013194649788828951,9
_P,6,sunday,9,0.014754160738701418,9
_P,6,sunday,10,0.014358602182391203,9
_P,6,sunday,11,0.011728887419122805,9
_P,6,sunday,12,0.009709037573371231,9
_P,6,sunday,13,0.014766721129330005,9
_P,6,sunday,14,0.021669382350551023,9
_P,6,sunday,15,0.027534868205650112,9
_P,6,sunday,16,0.037421541214962134,9
_P,6,sunday,17,0.025498212023092683,9
_P,6,sunday,18,0.02461230105111171,9
_P,6,sunday,19,0.018143486034684943,9
_P,6,sunday,20,0.04699619333398561,9
_P,6,sunday,21,0.06320435925829099,9
_P,6,sunday,22,0.055661388839154266,9
_P,6,sunday,23,0.021383351695881223,9
_P,6,sunday,24,0.015050280713226727,9
_P,6,sunday,25,0.018562522312651646,9
_P,6,sunday,26,0.012594940390132491,9
_P,6,sunday,27,0.009015428392492303,9
_P,6,sunday,28,0.009528461500180743,9
_P,6,sunday,29,0.00816242157616267,9
_P,6,sunday,30,0.012070681037025906,9
_P,6,sunday,31,0.010281096880939523,9
_P,6,sunday,32,0.01240837917021516,9
_P,6,sunday,33,0.015469713031328948,9
_P,6,sunday,34,0.019747701718371796,9
_P,6,sunday,35,0.025703294291744713,9
_P,6,sunday,36,0.029648743174450272,9
_P,6,sunday,37,0.028448326779482207,9
_P,6,sunday,38,0.030252066569079496,9
_P,6,sunday,39,0.025016572356082362,9
_P,6,sunday,40,0.02730065853683034,9
_P,6,sunday,41,0.02458066519672615,9
_P,6,sunday,42,0.026565490735709144,9
_P,6,sunday,43,0.02167684182381467,9
_P,6,sunday,44,0.026214666805767315,9
_P,6,sunday,45,0.026041262786667015,9
_P,6,sunday,46,0.02605694841722646,9
_P,6,sunday,47,0.016220193714158355,9
_P,6,sunday,48,0.015060566512853368,9
_P,6,weekday,1,0.018886010326532726,39
_P,6,weekday,2,0.023214375083817594,39
_P,6,weekday,3,0.018540175578655154,39
_P,6,weekday,4,0.0160836157724168,39
_P,6,weekday,5,0.017209811382593813,39
_P,6,weekday,6,0.017471817733641194,39
_P,6,weekday,7,0.0139735478358897,39
_P,6,weekday,8,0.013942295715948188,39
_P,6,weekday,9,0.011735920121778015,39
_P,6,weekday,10,0.011883123627505524,39
_P,6,weekday,11,0.010891086987051822,39
_P,6,weekday,12,0.012993531982153285,39
_P,6,weekday,13,0.014912711317551862,39
_P,6,weekday,14,0.01645358097017082,39
_P,6,weekday,15,0.020694603507382264,39
_P,6,weekday,16,0.023056028374080422,39
_P,6,weekday,17,0.02625312718413058,39
_P,6,weekday,18,0.022385891751131298,39
_P,6,weekday,19,0.022989843911265278,39
_P,6,weekday,20,0.022117504302322406,39
_P,6,weekday,21,0.02271752317272463,39
_P,6,weekday,22,0.022553239827155108,39
_P,6,weekday,23,0.024651152753274952,39
_P,6,weekday,24,0.023999695432243822,39
_P,6,weekday,25,0.02357102110642866,39
_P,6,weekday,26,0.021536610193601376,39
_P,6,weekday,27,0.021154888525433267,39
_P,6,weekday,28,0.019640804831741316,39
_P,6,weekday,29,0.01876225142117365,39
_P,6,weekday,30,0.025097014890185333,39
_P,6,weekday,31,0.021367786468458265,39
_P,6,weekday,32,0.018834394682511763,39
_P,6,weekday,33,0.019691953965522074,39
_P,6,weekday,34,0.02236081678968515,39
_P,6,weekday,35,0.027403462602022303,39
_P,6,weekday,36,0.026939251088113503,39
_P,6,weekday,37,0.024237279149327925,39
_P,6,weekday,38,0.025085420418411084,39
_P,6,weekday,39,0.022097980277160922,39
_P,6,weekday,40,0.022118850215773502,39
_P,6,weekday,41,0.022309743596547547,39
_P,6,weekday,42,0.024574251839526905,39
_P,6,weekday,43,0.02493997619915204,39
_P,6,weekday,44,0.02556306073947989,39
_P,6,weekday,45,0.02487090014858231,39
_P,6,weekday,46,0.026004902812801062,39
_P,6,weekday,47,0.021875729411066698,39
_P,6,weekday,48,0.02035143397587616,39
_P,7,saturday,1,0.012869316139693335,8
_P,7,saturday,2,0.016525085781179116,8
_P,7,saturday,3,0.01875460993666295,8
_P,7,saturday,4,0.017052430857245695,8
_P,7,saturday,5,0.018514027028924403,8
_P,7,saturday,6,0.01960485685164134,8
_P,7,saturday,7,0.015130388206241099,8
_P,7,saturday,8,0.015270505512285393,8
_P,7,saturday,9,0.017454219893675568,8
_P,7,saturday,10,0.017892558630881357,8
_P,7,saturday,11,0.01712993190230719,8
_P,7,saturday,12,0.018014138056488684,8
_P,7,saturday,13,0.017333514742699105,8
_P,7,saturday,14,0.02194067733806892,8
_P,7,saturday,15,0.023876716242717748,8
_P,7,saturday,16,0.02534569917760432,8
_P,7,saturday,17,0.027296357374878184,8
_P,7,saturday,18,0.025992212742440256,8
_P,7,saturday,19,0.025310136667576782,8
_P,7,saturday,20,0.023349947105875915,8
_P,7,saturday,21,0.020535849682314956,8
_P,7,saturday,22,0.017532917237689113,8
_P,7,saturday,23,0.015980040094696862,8
_P,7,saturday,24,0.013466046314003052,8
_P,7,saturday,25,0.014847349228078243,8
_P,7,saturday,26,0.014266004318521144,8
_P,7,saturday,27,0.01570044797687556,8
_P,7,saturday,28,0.014661343409519466,8
_P,7,saturday,29,0.012212606835436185,8
_P,7,saturday,30,0.01373244264368634,8
_P,7,saturday,31,0.010499478363364154,8
_P,7,saturday,32,0.009244657464809113,8
_P,7,saturday,33,0.009362283761515133,8
_P,7,saturday,34,0.011507850598282653,8
_P,7,saturday,35,0.018843073047164437,8
_P,7,saturday,36,0.02252985503590184,8
_P,7,saturday,37,0.016267510000237254,8
_P,7,saturday,38,0.018693399171573432,8
_P,7,saturday,39,0.01625247544679632,8
_P,7,saturday,40,0.022735374494179495,8
_P,7,saturday,41,0.02438026825067148,8
_P,7,saturday,42,0.03302209501156173,8
_P,7,saturday,43,0.035005351142686034,8
_P,7,saturday,44,0.03826252702630073,8
_P,7,saturday,45,0.04745328082664865,8
_P,7,saturday,46,0.04782325709697885,8
_P,7,saturday,47,0.039030271289103864,8
_P,7,saturday,48,0.031494614042316564,8
_P,7,sunday,1,0.010128942722346766,8
_P,7,sunday,2,0.012992848670744446,8
_P,7,sunday,3,0.015853048367502974,8
_P,7,sunday,4,0.01451212659645136,8
_P,7,sunday,5,0.012967966062775732,8
_P,7,sunday,6,0.014442184776027205,8
_P,7,sunday,7,0.013222540726535205,8
_P,7,sunday,8,0.014080725453189114,8
_P,7,sunday,9,0.014277042860344681,8
_P,7,sunday,10,0.014394761459125232,8
_P,7,sunday,11,0.013929042228774528,8
_P,7,sunday,12,0.01420657154132274,8
_P,7,sunday,13,0.01759224061515312,8
_P,7,sunday,14,0.018344992070815098,8
_P,7,sunday,15,0.020460109580811986,8
_P,7,sunday,16,0.020995163883139628,8
_P,7,sunday,17,0.024895728030873147,8
_P,7,sunday,18,0.026730506563984666,8
_P,7,sunday,19,0.02813359905809524,8
_P,7,sunday,20,0.029376857535563804,8
_P,7,sunday,21,0.030254884827713012,8
_P,7,sunday,22,0.028963316979306847,8
_P,7,sunday,23,0.02876317392089439,8
_P,7,sunday,24,0.027695432941676087,8
_P,7,sunday,25,0.027082934790920728,8
_P,7,sunday,26,0.026265346547874914,8
_P,7,sunday,27,0.025338095527198734,8
_P,7,sunday,28,0.022801414321061572,8
_P,7,sunday,29,0.020441043521552092,8
_P,7,sunday,30,0.021614470521005208,8
_P,7,sunday,31,0.01906121933423385,8
_P,7,sunday,32,0.017646195781776574,8
_P,7,sunday,33,0.020040985112347642,8
_P,7,sunday,34,0.023145640961121903,8
_P,7,sunday,35,0.027464492700517366,8
_P,7,sunday,36,0.02858413557398368,8
_P,7,sunday,37,0.02798235652401207,8
_P,7,sunday,38,0.027431952766668058,8
_P,7,sunday,39,0.023975009238822387,8
_P,7,sunday,40,0.023485561825690345,8
_P,7,sunday,41,0.02287990471938837,8
_P,7,sunday,42,0.02179553615091281,8
_P,7,sunday,43,0.022190959917408715,8
_P,7,sunday,44,0.02209825358612238,8
_P,7,sunday,45,0.02104296355560653,8
_P,7,sunday,46,0.017652921341641682,8
_P,7,sunday,47,0.01303136898061574,8
_P,7,sunday,48,0.009733429226349625,8
_P,7,weekday,1,0.02230019138225679,45
_P,7,weekday,2,0.03149538062127078,45
_P,7,weekday,3,0.02293642309261343,45
_P,7,weekday,4,0.022601321167052248,45
_P,7,weekday,5,0.018995489594952533,45
_P,7,weekday,6,0.018813756925322066,45
_P,7,weekday,7,0.01437295749330693,45
_P,7,weekday,8,0.014289696056150592,45
_P,7,weekday,9,0.013369466555539724,45
_P,7,weekday,10,0.013481772246640149,45
_P,7,weekday,11,0.012920874381442855,45
_P,7,weekday,12,0.014422848583417124,45
_P,7,weekday,13,0.02235879766216477,45
_P,7,weekday,14,0.01849875415880255,45
_P,7,weekday,15,0.0250035089803663,45
_P,7,weekday,16,0.02732357543378444,45
_P,7,weekday,17,0.03142010165495519,45
_P,7,weekday,18,0.03055886477289878,45
_P,7,weekday,19,0.028779583706802486,45
_P,7,weekday,20,0.024132440330395077,45
_P,7,weekday,21,0.029049098091326244,45
_P,7,weekday,22,0.025501864031699132,45
_P,7,weekday,23,0.02120456603235257,45
_P,7,weekday,24,0.019536500231561234,45
_P,7,weekday,25,0.02898452760777934,45
_P,7,weekday,26,0.018526431260783422,45
_P,7,weekday,27,0.01811752214245506,45
_P,7,weekday,28,0.01745471598162101,45
_P,7,weekday,29,0.01691884547556845,45
_P,7,weekday,30,0.018827500754315996,45
_P,7,weekday,31,0.01619720996487629,45
_P,7,weekday,32,0.016051172860164328,45
_P,7,weekday,33,0.01703372166289795,45
_P,7,weekday,34,0.01930633107890273,45
_P,7,weekday,35,0.020293885308559443,45
_P,7,weekday,36,0.024324446393767837,45
_P,7,weekday,37,0.019833263924641596,45
_P,7,weekday,38,0.021145559869569935,45
_P,7,weekday,39,0.01942247101644328,45
_P,7,weekday,40,0.020411103439445834,45
_P,7,weekday,41,0.020376961562683277,45
_P,7,weekday,42,0.02248611235593626,45
_P,7,weekday,43,0.022440496076982255,45
_P,7,weekday,44,0.02367841999731325,45
_P,7,weekday,45,0.022052316536329795,45
_P,7,weekday,46,0.021116791718437104,45
_P,7,weekday,47,0.01695192167784186,45
_P,7,weekday,48,0.01468043814560969,45
_P,8,saturday,1,0.018716837571417955,7
_P,8,saturday,2,0.019363432793769786,7
_P,8,saturday,3,0.021621204705606935,7
_P,8,saturday,4,0.021678211461453982,7
_P,8,saturday,5,0.019720978100531132,7
_P,8,saturday,6,0.02160439410647475,7
_P,8,saturday,7,0.01909836175858734,7
_P,8,saturday,8,0.019114205806920827,7
_P,8,saturday,9,0.018421542245552258,7
_P,8,saturday,10,0.018040059765432066,7
_P,8,saturday,11,0.018414741247791234,7
_P,8,saturday,12,0.02022457287645612,7
_P,8,saturday,13,0.022623548289928675,7
_P,8,saturday,14,0.024202420118629293,7
_P,8,saturday,15,0.026054923170266673,7
_P,8,saturday,16,0.026198554771144373,7
_P,8,saturday,17,0.029875228182622802,7
_P,8,saturday,18,0.02867722895770906,7
_P,8,saturday,19,0.027740606371494614,7
_P,8,saturday,20,0.026189770285419082,7
_P,8,saturday,21,0.0261802956182064,7
_P,8,saturday,22,0.027190490878381324,7
_P,8,saturday,23,0.02358557829351308,7
_P,8,saturday,24,0.022247408559352054,7
_P,8,saturday,25,0.022623650894159113,7
_P,8,saturday,26,0.0230328560310846,7
_P,8,saturday,27,0.02251525795632402,7
_P,8,saturday,28,0.018948632971539668,7
_P,8,saturday,29,0.014846333746398635,7
_P,8,saturday,30,0.017020142686215416,7
_P,8,saturday,31,0.012086483954180141,7
_P,8,saturday,32,0.012659839406327889,7
_P,8,saturday,33,0.013373649180682136,7
_P,8,saturday,34,0.017310716089852577,7
_P,8,saturday,35,0.0202179149099763,7
_P,8,saturday,36,0.02111983887817478,7
_P,8,saturday,37,0.018341639056356402,7
_P,8,saturday,38,0.020739876821414562,7
_P,8,saturday,39,0.019852279331586047,7
_P,8,saturday,40,0.01998269659443832,7
_P,8,saturday,41,0.019493352631831988,7
_P,8,saturday,42,0.02033522673871266,7
_P,8,saturday,43,0.020937746505359893,7
_P,8,saturday,44,0.021701171769242748,7
_P,8,saturday,45,0.021844869823741068,7
_P,8,saturday,46,0.02015072205641203,7
_P,8,saturday,47,0.01822582814467072,7
_P,8,saturday,48,0.015854677884656512,7
_P,8,sunday,1,0.011170375585264895,8
_P,8,sunday,2,0.013099589902453433,8
_P,8,sunday,3,0.013523377285034515,8
_P,8,sunday,4,0.013290226201212072,8
_P,8,sunday,5,0.011068163970770038,8
_P,8,sunday,6,0.010563732235735245,8
_P,8,sunday,7,0.009255905510318234,8
_P,8,sunday,8,0.008609373370228076,8
_P,8,sunday,9,0.008984548707570062,8
_P,8,sunday,10,0.010003281506329495,8
_P,8,sunday,11,0.009905938677610231,8
_P,8,sunday,12,0.011262969890461133,8
_P,8,sunday,13,0.013134805491147296,8
_P,8,sunday,14,0.013588365478512773,8
_P,8,sunday,15,0.015703036844348692,8
_P,8,sunday,16,0.035622078086026236,8
_P,8,sunday,17,0.06088743933393288,8
_P,8,sunday,18,0.047472101781545845,8
_P,8,sunday,19,0.01752628115997442,8
_P,8,sunday,20,0.04249659316910355,8
_P,8,sunday,21,0.017756504850353245,8
_P,8,sunday,22,0.01754259116408185,8
_P,8,sunday,23,0.016367867906790255,8
_P,8,sunday,24,0.017167735902509154,8
_P,8,sunday,25,0.016894068906754073,8
_P,8,sunday,26,0.016864969344800577,8
_P,8,sunday,27,0.018873277718254356,8
_P,8,sunday,28,0.017323758551238053,8
_P,8,sunday,29,0.01654626108524373,8
_P,8,sunday,30,0.01739108767314433,8
_P,8,sunday,31,0.016153206248704945,8
_P,8,sunday,32,0.014772679761643941,8
_P,8,sunday,33,0.019325636056425764,8
_P,8,sunday,34,0.02108562906730207,8
_P,8,sunday,35,0.02355315203210185,8
_P,8,sunday,36,0.025417593072120707,8
_P,8,sunday,37,0.026784079720596154,8
_P,8,sunday,38,0.02892650838464663,8
_P,8,sunday,39,0.026771712772286457,8
_P,8,sunday,40,0.026862940148618637,8
_P,8,sunday,41,0.026715837028943305,8
_P,8,sunday,42,0.028330707539130376,8
_P,8,sunday,43,0.03223343193747324,8
_P,8,sunday,44,0.032215409795328796,8
_P,8,sunday,45,0.030504412222828316,8
_P,8,sunday,46,0.028437994917165577,8
_P,8,sunday,47,0.021610884830376327,8
_P,8,sunday,48,0.02040187717355817,8
_P,8,weekday,1,0.02213727078250031,38
_P,8,weekday,2,0.022113023601227313,38
_P,8,weekday,3,0.022456764092691928,38
_P,8,weekday,4,0.020678077900944704,38
_P,8,weekday,5,0.02004461960591563,38
_P,8,weekday,6,0.02106140153270836,38
_P,8,weekday,7,0.015468539838129111,38
_P,8,weekday,8,0.014030744040044955,38
_P,8,weekday,9,0.011834135734983897,38
_P,8,weekday,10,0.01182260618352062,38
_P,8,weekday,11,0.01163718551332309,38
_P,8,weekday,12,0.01243734864715071,38
_P,8,weekday,13,0.014173202205772228,38
_P,8,weekday,14,0.017556321332264386,38
_P,8,weekday,15,0.020300126658020383,38
_P,8,weekday,16,0.021840476531640934,38
_P,8,weekday,17,0.02623321651458548,38
_P,8,weekday,18,0.0508628425073365,38
_P,8,weekday,19,0.024193114072966704,38
_P,8,weekday,20,0.022952841134269045,38
_P,8,weekday,21,0.023106472492949313,38
_P,8,weekday,22,0.023071562273848874,38
_P,8,weekday,23,0.02013983882240037,38
_P,8,weekday,24,0.01875903989349828,38
_P,8,weekday,25,0.018377414917296487,38
_P,8,weekday,26,0.018162612732542705,38
_P,8,weekday,27,0.019222063039350347,38
_P,8,weekday,28,0.01873222925018565,38
_P,8,weekday,29,0.019190762819506,38
_P,8,weekday,30,0.022071280907349115,38
_P,8,weekday,31,0.018987069944130793,38
_P,8,weekday,32,0.01857980024403758,38
_P,8,weekday,33,0.0183320212018592,38
_P,8,weekday,34,0.021004421155369043,38
_P,8,weekday,35,0.023510940802355405,38
_P,8,weekday,36,0.02615189578977705,38
_P,8,weekday,37,0.024705964883903104,38
_P,8,weekday,38,0.02529947579449271,38
_P,8,weekday,39,0.023372175086314978,38
_P,8,weekday,40,0.02378972392801298,38
_P,8,weekday,41,0.024516704270963256,38
_P,8,weekday,42,0.024958133176736435,38
_P,8,weekday,43,0.025255298739889843,38
_P,8,weekday,44,0.025023761919381705,38
_P,8,weekday,45,0.02129957122117674,38
_P,8,weekday,46,0.01985999957760162,38
_P,8,weekday,47,0.01592240361891305,38
_P,8,weekday,48,0.014763503066161084,38
_P,9,saturday,1,0.013614623679325283,4
_P,9,saturday,2,0.015213582291181242,4
_P,9,saturday,3,0.016451257267053224,4
_P,9,saturday,4,0.016292817681316636,4
_P,9,saturday,5,0.01868791332757826,4
_P,9,saturday,6,0.01770460908792275,4
_P,9,saturday,7,0.00983403712022246,4
_P,9,saturday,8,0.013611520141483128,4
_P,9,saturday,9,0.011788669126578506,4
_P,9,saturday,10,0.012050719129506974,4
_P,9,saturday,11,0.001568639434474926,4
_P,9,saturday,12,0.0,4
_P,9,saturday,13,0.004649219054385442,4
_P,9,saturday,14,0.008087819616651006,4
_P,9,saturday,15,0.013854988706305369,4
_P,9,saturday,16,0.01944390036834031,4
_P,9,saturday,17,0.01807441299599342,4
_P,9,saturday,18,0.03693280660965215,4
_P,9,saturday,19,0.20340301557354115,4
_P,9,saturday,20,0.052093841006188094,4
_P,9,saturday,21,0.006813795855901734,4
_P,9,saturday,22,0.0067863927800493554,4
_P,9,saturday,23,0.004786477758383203,4
_P,9,saturday,24,0.005937362638482452,4
_P,9,saturday,25,0.00675808143733364,4
_P,9,saturday,26,0.009206082162529348,4
_P,9,saturday,27,0.011528077475074831,4
_P,9,saturday,28,0.007894500506170476,4
_P,9,saturday,29,0.007382669975829911,4
_P,9,saturday,30,0.006952782838842577,4
_P,9,saturday,31,0.006066524832304031,4
_P,9,saturday,32,0.0048835737013589306,4
_P,9,saturday,33,0.006241188980693747,4
_P,9,saturday,34,0.004965716470365091,4
_P,9,saturday,35,0.008901048489975324,4
_P,9,saturday,36,0.024152469818900405,4
_P,9,saturday,37,0.030297504642533668,4
_P,9,saturday,38,0.029205562754641076,4
_P,9,saturday,39,0.02744401116657365,4
_P,9,saturday,40,0.0536063640818838,4
_P,9,saturday,41,0.03437014207314643,4
_P,9,saturday,42,0.03397517006482474,4
_P,9,saturday,43,0.02288881136914974,4
_P,9,saturday,44,0.03078977895280615,4
_P,9,saturday,45,0.045849984658052234,4
_P,9,saturday,46,0.05014058575514812,4
_P,9,saturday,47,0.0052224582768395965,4
_P,9,saturday,48,0.0035944882645053875,4
_P,9,sunday,1,0.004431509578440264,3
_P,9,sunday,2,0.013351555692517005,3
_P,9,sunday,3,0.012029175126465348,3
_P,9,sunday,4,0.008978322982346753,3
_P,9,sunday,5,0.007102952711323094,3
_P,9,sunday,6,0.0068940346675944175,3
_P,9,sunday,7,0.0066506675469342495,3
_P,9,sunday,8,0.00709690587518384,3
_P,9,sunday,9,0.007307808968567459,3
_P,9,sunday,10,0.009926166754654348,3
_P,9,sunday,11,0.012223813662744054,3
_P,9,sunday,12,0.013686830346174983,3
_P,9,sunday,13,0.015409498973432266,3
_P,9,sunday,14,0.015747563532865213,3
_P,9,sunday,15,0.01680180971012953,3
_P,9,sunday,16,0.02018549228891662,3
_P,9,sunday,17,0.02420936013912674,3
_P,9,sunday,18,0.02477444046130527,3
_P,9,sunday,19,0.02664018507223402,3
_P,9,sunday,20,0.025753470234998233,3
_P,9,sunday,21,0.02181227327435704,3
_P,9,sunday,22,0.020410886243500903,3
_P,9,sunday,23,0.022089263302573197,3
_P,9,sunday,24,0.01863109593871662,3
_P,9,sunday,25,0.01635847778532569,3
_P,9,sunday,26,0.016503249803151748,3
_P,9,sunday,27,0.016786245091830066,3
_P,9,sunday,28,0.017263835846262485,3
_P,9,sunday,29,0.015123469543113366,3
_P,9,sunday,30,0.019588473432115134,3
_P,9,sunday,31,0.012617939375430813,3
_P,9,sunday,32,0.01201625947447868,3
_P,9,sunday,33,0.012618863524519143,3
_P,9,sunday,34,0.01633775931428622,3
_P,9,sunday,35,0.021180981236483695,3
_P,9,sunday,36,0.035257887598699356,3
_P,9,sunday,37,0.03345583339239644,3
_P,9,sunday,38,0.044757585765747704,3
_P,9,sunday,39,0.0304765240986542,3
_P,9,sunday,40,0.04271197610732472,3
_P,9,sunday,41,0.04871595188224135,3
_P,9,sunday,42,0.04093975159778251,3
_P,9,sunday,43,0.038603333627629716,3
_P,9,sunday,44,0.040101872981085425,3
_P,9,sunday,45,0.035415647019777625,3
_P,9,sunday,46,0.0288962838070059,3
_P,9,sunday,47,0.024544493718657537,3
_P,9,sunday,48,0.017582220890898993,3
_P,9,weekday,1,0.0163264797631349,18
_P,9,weekday,2,0.01798073255916705,18
_P,9,weekday,3,0.018939771452184964,18
_P,9,weekday,4,0.01679297253663984,18
_P,9,weekday,5,0.016310505674460213,18
_P,9,weekday,6,0.015301665058868128,18
_P,9,weekday,7,0.014821401495985966,18
_P,9,weekday,8,0.013652520684993983,18
_P,9,weekday,9,0.011690674130417092,18
_P,9,weekday,10,0.011074264637069344,18
_P,9,weekday,11,0.011073573134730853,18
_P,9,weekday,12,0.014281167992211071,18
_P,9,weekday,13,0.0139743654391195,18
_P,9,weekday,14,0.016909216246991324,18
_P,9,weekday,15,0.02229572781505008,18
_P,9,weekday,16,0.023903058289965657,18
_P,9,weekday,17,0.03187656928714911,18
_P,9,weekday,18,0.031072254267719077,18
_P,9,weekday,19,0.03273255917047276,18
_P,9,weekday,20,0.029396138781287988,18
_P,9,weekday,21,0.02545413964384816,18
_P,9,weekday,22,0.01936659773917106,18
_P,9,weekday,23,0.01579240636927115,18
_P,9,weekday,24,0.015280668227238151,18
_P,9,weekday,25,0.014374937197258013,18
_P,9,weekday,26,0.013473708671091149,18
_P,9,weekday,27,0.012315317201172717,18
_P,9,weekday,28,0.010644195855942108,18
_P,9,weekday,29,0.010939141633507128,18
_P,9,weekday,30,0.011798035035523631,18
_P,9,weekday,31,0.011315289094492895,18
_P,9,weekday,32,0.01164751609451381,18
_P,9,weekday,33,0.013664622342762158,18
_P,9,weekday,34,0.01621648010024869,18
_P,9,weekday,35,0.017041932757226305,18
_P,9,weekday,36,0.01965920739567044,18
_P,9,weekday,37,0.024678611748967693,18
_P,9,weekday,38,0.03782068539850218,18
_P,9,weekday,39,0.037203520377128506,18
_P,9,weekday,40,0.03768943253547143,18
_P,9,weekday,41,0.0376170151821829,18
_P,9,weekday,42,0.04733096821181472,18
_P,9,weekday,43,0.03811907838615531,18
_P,9,weekday,44,0.03229949981899419,18
_P,9,weekday,45,0.02610471580074939,18
_P,9,weekday,46,0.02328768269270253,18
_P,9,weekday,47,0.020228473832033744,18
_P,9,weekday,48,0.018230502238740953,18
_P,10,saturday,1,0.009889440416962608,2
_P,10,saturday,2,0.00989794262021628,2
_P,10,saturday,3,0.011088010569980686,2
_P,10,saturday,4,0.009966389256501566,2
_P,10,saturday,5,0.009599624488623025,2
_P,10,saturday,6,0.008663608612227484,2
_P,10,saturday,7,0.008337235809959273,2
_P,10,saturday,8,0.01035574445197389,2
_P,10,saturday,9,0.008208402730075665,2
_P,10,saturday,10,0.009383663325855468,2
_P,10,saturday,11,0.008339133855333946,2
_P,10,saturday,12,0.009655733829972939,2
_P,10,saturday,13,0.00950635375889296,2
_P,10,saturday,14,0.009613021308887412,2
_P,10,saturday,15,0.009367204932401115,2
_P,10,saturday,16,0.010315930688386113,2
_P,10,saturday,17,0.014314287579346479,2
_P,10,saturday,18,0.01411046592739876,2
_P,10,saturday,19,0.01840811469546715,2
_P,10,saturday,20,0.013820630395990246,2
_P,10,saturday,21,0.014237712866763792,2
_P,10,saturday,22,0.014598016480181974,2
_P,10,saturday,23,0.015321662308821959,2
_P,10,saturday,24,0.0289674295046196,2
_P,10,saturday,25,0.014869307962313765,2
_P,10,saturday,26,0.0142507326780154,2
_P,10,saturday,27,0.023748484489622655,2
_P,10,saturday,28,0.023206752072258217,2
_P,10,saturday,29,0.01361068962806478,2
_P,10,saturday,30,0.027042133314158348,2
_P,10,saturday,31,0.015565356992836423,2
_P,10,saturday,32,0.027845121312992098,2
_P,10,saturday,33,0.04071905181619352,2
_P,10,saturday,34,0.03899663488634576,2
_P,10,saturday,35,0.041492463275275365,2
_P,10,saturday,36,0.051576683742905104,2
_P,10,saturday,37,0.04962539866793454,2
_P,10,saturday,38,0.05312947393223805,2
_P,10,saturday,39,0.04262841034044543,2
_P,10,saturday,40,0.049938844270538185,2
_P,10,saturday,41,0.056027969711481815,2
_P,10,saturday,42,0.04700255562557904,2
_P,10,saturday,43,0.029829544506155208,2
_P,10,saturday,44,0.024686643199152612,2
_P,10,saturday,45,0.019060302049396384,2
_P,10,saturday,46,0.0062463243246293045,2
_P,10,saturday,47,0.002117094111251823,2
_P,10,saturday,48,0.0008182666753757729,2
_P,10,sunday,1,0.07828087950272568,4
_P,10,sunday,2,0.17365655024441362,4
_P,10,sunday,3,0.0018846555888591095,4
_P,10,sunday,4,0.0018283726950131009,4
_P,10,sunday,5,0.0018141212734555175,4
_P,10,sunday,6,0.001883253809689511,4
_P,10,sunday,7,0.0023119719066581825,4
_P,10,sunday,8,0.002562112828633151,4
_P,10,sunday,9,0.0027149323113854836,4
_P,10,sunday,10,0.00269436923309812,4
_P,10,sunday,11,0.0030288797388432894,4
_P,10,sunday,12,0.0033333724578394814,4
_P,10,sunday,13,0.004420497295013105,4
_P,10,sunday,14,0.004273732473176441,4
_P,10,sunday,15,0.005947929762736105,4
_P,10,sunday,16,0.0077034580306252,4
_P,10,sunday,17,0.01159203121788375,4
_P,10,sunday,18,0.012040734378461893,4
_P,10,sunday,19,0.013006256549256223,4
_P,10,sunday,20,0.014291450509767028,4
_P,10,sunday,21,0.014690713647586152,4
_P,10,sunday,22,0.01531427433605746,4
_P,10,sunday,23,0.016498954209522607,4
_P,10,sunday,24,0.017580385639120687,4
_P,10,sunday,25,0.019084263981083736,4
_P,10,sunday,26,0.01943170675371301,4
_P,10,sunday,27,0.01884381740270818,4
_P,10,sunday,28,0.018277376076721644,4
_P,10,sunday,29,0.017900001292648304,4
_P,10,sunday,30,0.018647106551632552,4
_P,10,sunday,31,0.01732091753712199,4
_P,10,sunday,32,0.016035886334782312,4
_P,10,sunday,33,0.025185550255547823,4
_P,10,sunday,34,0.04312898393663334,4
_P,10,sunday,35,0.042109723151183276,4
_P,10,sunday,36,0.041181731169948485,4
_P,10,sunday,37,0.03862506543540678,4
_P,10,sunday,38,0.033054875757840135,4
_P,10,sunday,39,0.03886414418652457,4
_P,10,sunday,40,0.039676059775416085,4
_P,10,sunday,41,0.036805854439654014,4
_P,10,sunday,42,0.02859413721586661,4
_P,10,sunday,43,0.01716246332190256,4
_P,10,sunday,44,0.02310721142514344,4
_P,10,sunday,45,0.0096077744049025,4
_P,10,sunday,46,0.008124865542293976,4
_P,10,sunday,47,0.006842299959879868,4
_P,10,sunday,48,0.006480716666070946,4
_P,10,sunday,49,0.0,1
_P,10,sunday,50,0.0025535777855529556,1
_P,10,weekday,1,0.01317232693596851,21
_P,10,weekday,2,0.014261216949557438,21
_P,10,weekday,3,0.014458118905827242,21
_P,10,weekday,4,0.013110458716817578,21
_P,10,weekday,5,0.012494341450801376,21
_P,10,weekday,6,0.010385808224010853,21
_P,10,weekday,7,0.009077938659375177,21
_P,10,weekday,8,0.007923219413364687,21
_P,10,weekday,9,0.007363631846534056,21
_P,10,weekday,10,0.007957871315232115,21
_P,10,weekday,11,0.007971425471983203,21
_P,10,weekday,12,0.008401376134577539,21
_P,10,weekday,13,0.009796179718205192,21
_P,10,weekday,14,0.013904686159278463,21
_P,10,weekday,15,0.01777700213030438,21
_P,10,weekday,16,0.023706333688928077,21
_P,10,weekday,17,0.03950442907088489,21
_P,10,weekday,18,0.033882383533066746,21
_P,10,weekday,19,0.03521668814098561,21
_P,10,weekday,20,0.035145250186564725,21
_P,10,weekday,21,0.03629115014443526,21
_P,10,weekday,22,0.02940264210941922,21
_P,10,weekday,23,0.02955129025218625,21
_P,10,weekday,24,0.024257745911531087,21
_P,10,weekday,25,0.03071830384615127,21
_P,10,weekday,26,0.025352162111814052,21
_P,10,weekday,27,0.021302558696811465,21
_P,10,weekday,28,0.018962108233692068,21
_P,10,weekday,29,0.01854845466514944,21
_P,10,weekday,30,0.02874253840186654,21
_P,10,weekday,31,0.024855129094605077,21
_P,10,weekday,32,0.028008717079539325,21
_P,10,weekday,33,0.02583466579738135,21
_P,10,weekday,34,0.03976332511520212,21
_P,10,weekday,35,0.028288338377243295,21
_P,10,weekday,36,0.029249503882578895,21
_P,10,weekday,37,0.020703352022255768,21
_P,10,weekday,38,0.020578075980142656,21
_P,10,weekday,39,0.04519177081146747,21
_P,10,weekday,40,0.03796803176936897,21
_P,10,weekday,41,0.015574189955614982,21
_P,10,weekday,42,0.01487137863583445,21
_P,10,weekday,43,0.013659306121007004,21
_P,10,weekday,44,0.015609869150039474,21
_P,10,weekday,45,0.011493846353220706,21
_P,10,weekday,46,0.010640337935122665,21
_P,10,weekday,47,0.009603132870057943,21
_P,10,weekday,48,0.009467388023993358,21
_P,11,saturday,1,0.010591933468586572,5
_P,11,saturday,2,0.010675042119718271,5
_P,11,saturday,3,0.009963101917248715,5
_P,11,saturday,4,0.00948539262962587,5
_P,11,saturday,5,0.006410078374711185,5
_P,11,saturday,6,0.00573142900643482,5
_P,11,saturday,7,0.004898992676201837,5
_P,11,saturday,8,0.0036495742525023646,5
_P,11,saturday,9,0.004330026139511227,5
_P,11,saturday,10,0.00653898088532445,5
_P,11,saturday,11,0.005694579644968627,5
_P,11,saturday,12,0.005599454931676,5
_P,11,saturday,13,0.006839623137555144,5
_P,11,saturday,14,0.008346640956071776,5
_P,11,saturday,15,0.010898369730189535,5
_P,11,saturday,16,0.011302103382410625,5
_P,11,saturday,17,0.20881201620158976,5
_P,11,saturday,18,0.02389788508976797,5
_P,11,saturday,19,0.019064382980815014,5
_P,11,saturday,20,0.022069853170186872,5
_P,11,saturday,21,0.022272998858649976,5
_P,11,saturday,22,0.022853931248500752,5
_P,11,saturday,23,0.02243785164651111,5
_P,11,saturday,24,0.023288231565932856,5
_P,11,saturday,25,0.02414456433465759,5
_P,11,saturday,26,0.023268751884301487,5
_P,11,saturday,27,0.02360514748025557,5
_P,11,saturday,28,0.027602400906461644,5
_P,11,saturday,29,0.026945197412565663,5
_P,11,saturday,30,0.025883485917955695,5
_P,11,saturday,31,0.02555792496622126,5
_P,11,saturday,32,0.025127614736142685,5
_P,11,saturday,33,0.02775795958311922,5
_P,11,saturday,34,0.026738316131330996,5
_P,11,saturday,35,0.028536187595141687,5
_P,11,saturday,36,0.02866410633595647,5
_P,11,saturday,37,0.028210904721744166,5
_P,11,saturday,38,0.025351994738009226,5
_P,11,saturday,39,0.02110718036267233,5
_P,11,saturday,40,0.01859847339315478,5
_P,11,saturday,41,0.016642239678917262,5
_P,11,saturday,42,0.01784725521735126,5
_P,11,saturday,43,0.015726439227389286,5
_P,11,saturday,44,0.01415246212039692,5
_P,11,saturday,45,0.012720988618977257,5
_P,11,saturday,46,0.011492768027701944,5
_P,11,saturday,47,0.00903239433511065,5
_P,11,saturday,48,0.009632768259773602,5
_P,11,sunday,1,0.025338949556358396,4
_P,11,sunday,2,0.021681817518761005,4
_P,11,sunday,3,0.01998613328999098,4
_P,11,sunday,4,0.02126270606290282,4
_P,11,sunday,5,0.01708644078384678,4
_P,11,sunday,6,0.015439076487013054,4
_P,11,sunday,7,0.011248737565485374,4
_P,11,sunday,8,0.010374864019068508,4
_P,11,sunday,9,0.008764635751808343,4
_P,11,sunday,10,0.014208394086782539,4
_P,11,sunday,11,0.011406837488899785,4
_P,11,sunday,12,0.008849016324994673,4
_P,11,sunday,13,0.009587017006454368,4
_P,11,sunday,14,0.006946253575507394,4
_P,11,sunday,15,0.0093414166376144,4
_P,11,sunday,16,0.009371705429926644,4
_P,11,sunday,17,0.011502419766490517,4
_P,11,sunday,18,0.013821535641116243,4
_P,11,sunday,19,0.01532688980412844,4
_P,11,sunday,20,0.016873958875248514,4
_P,11,sunday,21,0.01753877358203757,4
_P,11,sunday,22,0.01997500846328673,4
_P,11,sunday,23,0.02205994255873774,4
_P,11,sunday,24,0.023715885187350783,4
_P,11,sunday,25,0.023446510937153685,4
_P,11,sunday,26,0.023449788209795357,4
_P,11,sunday,27,0.02462363513921302,4
_P,11,sunday,28,0.02700754544041066,4
_P,11,sunday,29,0.02823345057089529,4
_P,11,sunday,30,0.026637706102822876,4
_P,11,sunday,31,0.025943860878619024,4
_P,11,sunday,32,0.027200691093880926,4
_P,11,sunday,33,0.0349661433343326,4
_P,11,sunday,34,0.039260291137793134,4
_P,11,sunday,35,0.047129674301854635,4
_P,11,sunday,36,0.043677439757049116,4
_P,11,sunday,37,0.04144616905765887,4
_P,11,sunday,38,0.03899211522093296,4
_P,11,sunday,39,0.03314570783497312,4
_P,11,sunday,40,0.030912443613092817,4
_P,11,sunday,41,0.02476465539134354,4
_P,11,sunday,42,0.022789327600150042,4
_P,11,sunday,43,0.0168705497670999,4
_P,11,sunday,44,0.013148406000935054,4
_P,11,sunday,45,0.011945190628093134,4
_P,11,sunday,46,0.009772592460440224,4
_P,11,sunday,47,0.009761186330429253,4
_P,11,sunday,48,0.013166503727219123,4
_P,11,weekday,1,0.013777937275676078,19
_P,11,weekday,2,0.012338603430452925,19
_P,11,weekday,3,0.010946366711649854,19
_P,11,weekday,4,0.011131783021530853,19
_P,11,weekday,5,0.010784918947659854,19
_P,11,weekday,6,0.01052830389675146,19
_P,11,weekday,7,0.007373278277625857,19
_P,11,weekday,8,0.0071147770630714795,19
_P,11,weekday,9,0.006479474741221889,19
_P,11,weekday,10,0.008550633215999132,19
_P,11,weekday,11,0.00807732384033748,19
_P,11,weekday,12,0.008369392061702348,19
_P,11,weekday,13,0.010421128624249395,19
_P,11,weekday,14,0.012395066186312654,19
_P,11,weekday,15,0.01629721040653277,19
_P,11,weekday,16,0.01744856645476093,19
_P,11,weekday,17,0.027115493609623332,19
_P,11,weekday,18,0.0707703690884295,19
_P,11,weekday,19,0.020589273714645643,19
_P,11,weekday,20,0.020669482318674333,19
_P,11,weekday,21,0.019910135332033996,19
_P,11,weekday,22,0.019581926993376637,19
_P,11,weekday,23,0.020487168601855683,19
_P,11,weekday,24,0.018908708713106924,19
_P,11,weekday,25,0.01931406835730201,19
_P,11,weekday,26,0.01782649532581202,19
_P,11,weekday,27,0.017822082895086584,19
_P,11,weekday,28,0.022548747511508125,19
_P,11,weekday,29,0.02159895595958652,19
_P,11,weekday,30,0.022294908923116027,19
_P,11,weekday,31,0.025305227486520896,19
_P,11,weekday,32,0.02794779568829639,19
_P,11,weekday,33,0.03241518370994938,19
_P,11,weekday,34,0.03756330957600082,19
_P,11,weekday,35,0.0379615733738861,19
_P,11,weekday,36,0.03886832629807155,19
_P,11,weekday,37,0.03880883123683523,19
_P,11,weekday,38,0.03256727931608551,19
_P,11,weekday,39,0.026220861408694424,19
_P,11,weekday,40,0.022075242633903504,19
_P,11,weekday,41,0.021425392196991456,19
_P,11,weekday,42,0.021129647609341003,19
_P,11,weekday,43,0.01875637761664642,19
_P,11,weekday,44,0.014979301319285751,19
_P,11,weekday,45,0.012848789926965816,19
_P,11,weekday,46,0.01130091668205879,19
_P,11,weekday,47,0.030226184944076723,19
_P,11,weekday,48,0.03812717747669796,19
_P,12,saturday,1,0.007010928994708386,3
_P,12,saturday,2,0.006527425679156217,3
_P,12,saturday,3,0.006453627771865373,3
_P,12,saturday,4,0.006007174590465645,3
_P,12,saturday,5,0.005785098218468644,3
_P,12,saturday,6,0.0055765470468828356,3
_P,12,saturday,7,0.0047841741626871515,3
_P,12,saturday,8,0.004662989738537365,3
_P,12,saturday,9,0.004546995325607823,3
_P,12,saturday,10,0.005500233620640198,3
_P,12,saturday,11,0.006868748899977566,3
_P,12,saturday,12,0.006822195889622671,3
_P,12,saturday,13,0.009521110564270845,3
_P,12,saturday,14,0.01222306090418289,3
_P,12,saturday,15,0.00981966129525995,3
_P,12,saturday,16,0.010062030624775184,3
_P,12,saturday,17,0.014756306224050367,3
_P,12,saturday,18,0.0160510760423913,3
_P,12,saturday,19,0.018702630884141067,3
_P,12,saturday,20,0.017012954493058795,3
_P,12,saturday,21,0.01991488349438489,3
_P,12,saturday,22,0.02370688057114234,3
_P,12,saturday,23,0.02466929967348661,3
_P,12,saturday,24,0.02641304507968621,3
_P,12,saturday,25,0.029017690233329185,3
_P,12,saturday,26,0.024811284972787218,3
_P,12,saturday,27,0.022153901957766103,3
_P,12,saturday,28,0.03433014156668245,3
_P,12,saturday,29,0.03494430208045543,3
_P,12,saturday,30,0.03747398792645152,3
_P,12,saturday,31,0.04202538575872928,3
_P,12,saturday,32,0.039021474457997425,3
_P,12,saturday,33,0.04201145345607898,3
_P,12,saturday,34,0.042773424804182676,3
_P,12,saturday,35,0.047086694553531504,3
_P,12,saturday,36,0.04686552650941942,3
_P,12,saturday,37,0.04195020829453714,3
_P,12,saturday,38,0.04378612326533324,3
_P,12,saturday,39,0.027519003764274547,3
_P,12,saturday,40,0.022887004397792548,3
_P,12,saturday,41,0.021784397229157707,3
_P,12,saturday,42,0.021954999965482513,3
_P,12,saturday,43,0.021195627300188754,3
_P,12,saturday,44,0.019022802910856253,3
_P,12,saturday,45,0.01661390983341335,3
_P,12,saturday,46,0.016398294653963013,3
_P,12,saturday,47,0.014669388652662199,3
_P,12,saturday,48,0.016303891665477206,3
_P,12,sunday,1,0.014295672619413094,3
_P,12,sunday,2,0.012950335358305745,3
_P,12,sunday,3,0.01222041901677797,3
_P,12,sunday,4,0.012525022539071057,3
_P,12,sunday,5,0.011873378417978434,3
_P,12,sunday,6,0.011748187202098368,3
_P,12,sunday,7,0.010691492228850045,3
_P,12,sunday,8,0.009357574295535185,3
_P,12,sunday,9,0.009070589272892346,3
_P,12,sunday,10,0.010629640845635313,3
_P,12,sunday,11,0.011436560297217896,3
_P,12,sunday,12,0.010867408505890292,3
_P,12,sunday,13,0.011449196133158328,3
_P,12,sunday,14,0.012178862481958286,3
_P,12,sunday,15,0.012817766915063901,3
_P,12,sunday,16,0.012084025940507127,3
_P,12,sunday,17,0.013112061633153224,3
_P,12,sunday,18,0.014476207395159141,3
_P,12,sunday,19,0.015304488184456443,3
_P,12,sunday,20,0.016145685643877136,3
_P,12,sunday,21,0.016436884962661633,3
_P,12,sunday,22,0.018241309364738445,3
_P,12,sunday,23,0.018098733160566514,3
_P,12,sunday,24,0.020897925600446204,3
_P,12,sunday,25,0.023256038065333,3
_P,12,sunday,26,0.026684158816742177,3
_P,12,sunday,27,0.025357580688479733,3
_P,12,sunday,28,0.03432054679967981,3
_P,12,sunday,29,0.03237953450679446,3
_P,12,sunday,30,0.033265504680062404,3
_P,12,sunday,31,0.030145359366186644,3
_P,12,sunday,32,0.028131227673279635,3
_P,12,sunday,33,0.030479829878395384,3
_P,12,sunday,34,0.03247371296036453,3
_P,12,sunday,35,0.03488560789764083,3
_P,12,sunday,36,0.03645395324987114,3
_P,12,sunday,37,0.03694356283969554,3
_P,12,sunday,38,0.03482765419396878,3
_P,12,sunday,39,0.03527378195842755,3
_P,12,sunday,40,0.03569159801559637,3
_P,12,sunday,41,0.032586540630407224,3
_P,12,sunday,42,0.03330173912622142,3
_P,12,sunday,43,0.02831950888752498,3
_P,12,sunday,44,0.023980592234957233,3
_P,12,sunday,45,0.019213236787279788,3
_P,12,sunday,46,0.013368139091659176,3
_P,12,sunday,47,0.008562025962034085,3
_P,12,sunday,48,0.011189137673985989,3
_P,12,weekday,1,0.0359464553997243,21
_P,12,weekday,2,0.021956186211987642,21
_P,12,weekday,3,0.016294307587931125,21
_P,12,weekday,4,0.011247100815546765,21
_P,12,weekday,5,0.010954282763046533,21
_P,12,weekday,6,0.009797743161953554,21
_P,12,weekday,7,0.011372124012809052,21
_P,12,weekday,8,0.010624096337054384,21
_P,12,weekday,9,0.009644237962917322,21
_P,12,weekday,10,0.012107510375869409,21
_P,12,weekday,11,0.0113034336415931,21
_P,12,weekday,12,0.007081875609864031,21
_P,12,weekday,13,0.008748292440585469,21
_P,12,weekday,14,0.011876080512406259,21
_P,12,weekday,15,0.016465060294744177,21
_P,12,weekday,16,0.017236719370798438,21
_P,12,weekday,17,0.02094229548905973,21
_P,12,weekday,18,0.07000191390917683,21
_P,12,weekday,19,0.032251043937237815,21
_P,12,weekday,20,0.036270986628735465,21
_P,12,weekday,21,0.023186851589611143,21
_P,12,weekday,22,0.023238831738881804,21
_P,12,weekday,23,0.02347054521510975,21
_P,12,weekday,24,0.02179891619209509,21
_P,12,weekday,25,0.023140294641080895,21
_P,12,weekday,26,0.022632805842502247,21
_P,12,weekday,27,0.02246957694548356,21
_P,12,weekday,28,0.030858832989721013,21
_P,12,weekday,29,0.028252621130076417,21
_P,12,weekday,30,0.022668665198402712,21
_P,12,weekday,31,0.022038580129756395,21
_P,12,weekday,32,0.02116208671725741,21
_P,12,weekday,33,0.024090100354084727,21
_P,12,weekday,34,0.024267945919723848,21
_P,12,weekday,35,0.03290505735872148,21
_P,12,weekday,36,0.03843875599772959,21
_P,12,weekday,37,0.03361870941059303,21
_P,12,weekday,38,0.025921111449445405,21
_P,12,weekday,39,0.024586779779808134,21
_P,12,weekday,40,0.02393509425840694,21
_P,12,weekday,41,0.016553114318118352,21
_P,12,weekday,42,0.018065496888538327,21
_P,12,weekday,43,0.0155486532211235,21
_P,12,weekday,44,0.013159378703370648,21
_P,12,weekday,45,0.015213251231855632,21
_P,12,weekday,46,0.00925335744972302,21
_P,12,weekday,47,0.007538167210866425,21
_P,12,weekday,48,0.009864671654871135,21
