target_date,settlement_period,valid_time_local,valid_time_utc,zone,wind_share,solar_share,zone_wind_forecast_mw,zone_solar_forecast_mw,zone_total_forecast_mw,zone_wind_capacity_proxy_mw,zone_solar_capacity_proxy_mw,zone_total_capacity_proxy_mw,wind_capacity_proxy_share,solar_capacity_proxy_share
2026-09-03,1,2026-09-03T00:00:00+0100,2026-09-02T23:00:00+0000,Birmingham,0.013588625580759902,0.1435022969711127,33.728745153164226,0.0,33.728745153164226,78.90053508405734,3438.7455423187716,3517.646077402829,0.012295548556032,0.1435022969711126
2026-09-03,1,2026-09-03T00:00:00+0100,2026-09-02T23:00:00+0000,Bristol,0.004144028231347124,0.21117111175233944,10.286019825325754,0.0,10.286019825325754,13.975940192022906,5060.293350921306,5074.269291113329,0.0021779554608108,0.2111711117523393
2026-09-03,1,2026-09-03T00:00:00+0100,2026-09-02T23:00:00+0000,Cardiff,0.10839645222575446,0.1764504353481641,269.0541652576139,0.0,269.0541652576139,226.02906910553648,4228.281782248054,4454.31085135359,0.0352234796798405,0.176450435348164
2026-09-03,1,2026-09-03T00:00:00+0100,2026-09-02T23:00:00+0000,Edinburgh,0.29090189675586864,0.006686178325569805,722.0565377960831,0.0,722.0565377960831,1726.8968160601114,160.22089121562914,1887.1177072757405,0.2691127966433086,0.0066861783255698
2026-09-03,1,2026-09-03T00:00:00+0100,2026-09-02T23:00:00+0000,Inverness,0.005117016099812675,0.0010772634211357007,12.701102915043192,0.0,12.701102915043192,1309.65147432735,25.81446336067478,1335.4659376880247,0.2040909263405563,0.0010772634211357
2026-09-03,1,2026-09-03T00:00:00+0100,2026-09-02T23:00:00+0000,Leeds,0.020711196485805387,0.05912307459774374,51.407897284029474,0.0,51.407897284029474,153.03654510265233,1416.7662365857323,1569.8027816883846,0.0238486122958785,0.0591230745977437
2026-09-03,1,2026-09-03T00:00:00+0100,2026-09-02T23:00:00+0000,London,0.05182688402340383,0.23873110094306366,128.64110155357093,0.0,128.64110155357093,418.5794087510907,5720.713371898631,6139.292780649721,0.0652297660512842,0.2387311009430635
2026-09-03,1,2026-09-03T00:00:00+0100,2026-09-02T23:00:00+0000,Manchester,0.07002761111365384,0.04184747012563493,173.81768560034436,0.0,173.81768560034436,693.3972145269629,1002.7909266205892,1696.188141147552,0.1080562902488644,0.0418474701256349
2026-09-03,1,2026-09-03T00:00:00+0100,2026-09-02T23:00:00+0000,Newcastle,0.019144652073403386,0.01624963930912231,47.51952925571077,0.0,47.51952925571077,190.40100944935656,389.39010676449766,579.7911162138543,0.0296713432210311,0.0162496393091223
2026-09-03,1,2026-09-03T00:00:00+0100,2026-09-02T23:00:00+0000,Norwich,0.4161416374101907,0.10516142920611367,1032.917946882151,0.0,1032.917946882151,1606.1319874008573,2519.9833280661,4126.115315466957,0.2502932815023932,0.1051614292061136
2026-09-03,2,2026-09-03T00:30:00+0100,2026-09-02T23:30:00+0000,Birmingham,0.012636870351832332,0.1435022969711127,33.45498002251945,0.0,33.45498002251945,78.90053508405734,3438.7455423187716,3517.646077402829,0.012295548556032,0.1435022969711126
2026-09-03,2,2026-09-03T00:30:00+0100,2026-09-02T23:30:00+0000,Bristol,0.0036281739483670574,0.21117111175233944,9.605264878201856,0.0,9.605264878201856,13.975940192022906,5060.293350921306,5074.269291113329,0.0021779554608108,0.2111711117523393
2026-09-03,2,2026-09-03T00:30:00+0100,2026-09-02T23:30:00+0000,Cardiff,0.09109165720385509,0.1764504353481641,241.15698643147687,0.0,241.15698643147687,226.02906910553648,4228.281782248054,4454.31085135359,0.0352234796798405,0.176450435348164
2026-09-03,2,2026-09-03T00:30:00+0100,2026-09-02T23:30:00+0000,Edinburgh,0.3629739694771423,0.006686178325569805,960.9410051272399,0.0,960.9410051272399,1726.8968160601114,160.22089121562914,1887.1177072757405,0.2691127966433086,0.0066861783255698
2026-09-03,2,2026-09-03T00:30:00+0100,2026-09-02T23:30:00+0000,Inverness,0.008268743173917218,0.0010772634211357007,21.89075538427388,0.0,21.89075538427388,1309.65147432735,25.81446336067478,1335.4659376880247,0.2040909263405563,0.0010772634211357
2026-09-03,2,2026-09-03T00:30:00+0100,2026-09-02T23:30:00+0000,Leeds,0.019662675494874764,0.05912307459774374,52.05516853110198,0.0,52.05516853110198,153.03654510265233,1416.7662365857323,1569.8027816883846,0.0238486122958785,0.0591230745977437
2026-09-03,2,2026-09-03T00:30:00+0100,2026-09-02T23:30:00+0000,London,0.04567876581368091,0.23873110094306366,120.93043255195339,0.0,120.93043255195339,418.5794087510907,5720.713371898631,6139.292780649721,0.0652297660512842,0.2387311009430635
2026-09-03,2,2026-09-03T00:30:00+0100,2026-09-02T23:30:00+0000,Manchester,0.06775528375194853,0.04184747012563493,179.37603229528253,0.0,179.37603229528253,693.3972145269629,1002.7909266205892,1696.188141147552,0.1080562902488644,0.0418474701256349
2026-09-03,2,2026-09-03T00:30:00+0100,2026-09-02T23:30:00+0000,Newcastle,0.021596491248316682,0.01624963930912231,57.17477216692245,0.0,57.17477216692245,190.40100944935656,389.39010676449766,579.7911162138543,0.0296713432210311,0.0162496393091223
2026-09-03,2,2026-09-03T00:30:00+0100,2026-09-02T23:30:00+0000,Norwich,0.3667073695360652,0.10516142920611367,970.8248466884719,0.0,970.8248466884719,1606.1319874008573,2519.9833280661,4126.115315466957,0.2502932815023932,0.1051614292061136
2026-09-03,3,2026-09-03T01:00:00+0100,2026-09-03T00:00:00+0000,Birmingham,0.011611484140687883,0.1435022969711127,31.85350770740119,0.0,31.85350770740119,78.90053508405734,3438.7455423187716,3517.646077402829,0.012295548556032,0.1435022969711126
2026-09-03,3,2026-09-03T01:00:00+0100,2026-09-03T00:00:00+0000,Bristol,0.0031425349511324378,0.21117111175233944,8.620841235610094,0.0,8.620841235610094,13.975940192022906,5060.293350921306,5074.269291113329,0.0021779554608108,0.2111711117523393
2026-09-03,3,2026-09-03T01:00:00+0100,2026-09-03T00:00:00+0000,Cardiff,0.0756903850818104,0.1764504353481641,207.63962947089553,0.0,207.63962947089553,226.02906910553648,4228.281782248054,4454.31085135359,0.0352234796798405,0.176450435348164
2026-09-03,3,2026-09-03T01:00:00+0100,2026-09-03T00:00:00+0000,Edinburgh,0.4314507829857754,0.006686178325569805,1183.5886502263702,0.0,1183.5886502263702,1726.8968160601114,160.22089121562914,1887.1177072757405,0.2691127966433086,0.0066861783255698
2026-09-03,3,2026-09-03T01:00:00+0100,2026-09-03T00:00:00+0000,Inverness,0.011904867772327493,0.0010772634211357007,32.65834003188508,0.0,32.65834003188508,1309.65147432735,25.81446336067478,1335.4659376880247,0.2040909263405563,0.0010772634211357
2026-09-03,3,2026-09-03T01:00:00+0100,2026-09-03T00:00:00+0000,Leeds,0.01842669919606092,0.05912307459774374,50.549524742227966,0.0,50.549524742227966,153.03654510265233,1416.7662365857323,1569.8027816883846,0.0238486122958785,0.0591230745977437
2026-09-03,3,2026-09-03T01:00:00+0100,2026-09-03T00:00:00+0000,London,0.039828218878631985,0.23873110094306366,109.25980362639565,0.0,109.25980362639565,418.5794087510907,5720.713371898631,6139.292780649721,0.0652297660512842,0.2387311009430635
2026-09-03,3,2026-09-03T01:00:00+0100,2026-09-03T00:00:00+0000,Manchester,0.06464004956298393,0.04184747012563493,177.32550740402806,0.0,177.32550740402806,693.3972145269629,1002.7909266205892,1696.188141147552,0.1080562902488644,0.0418474701256349
2026-09-03,3,2026-09-03T01:00:00+0100,2026-09-03T00:00:00+0000,Newcastle,0.02362473197478249,0.01624963930912231,64.80916417971702,0.0,64.80916417971702,190.40100944935656,389.39010676449766,579.7911162138543,0.0296713432210311,0.0162496393091223
2026-09-03,3,2026-09-03T01:00:00+0100,2026-09-03T00:00:00+0000,Norwich,0.3196802454558071,0.10516142920611367,876.9711984403746,0.0,876.9711984403746,1606.1319874008573,2519.9833280661,4126.115315466957,0.2502932815023932,0.1051614292061136
2026-09-03,4,2026-09-03T01:30:00+0100,2026-09-03T00:30:00+0000,Birmingham,0.011800330871681447,0.1435022969711127,33.96136208405727,0.0,33.96136208405727,78.90053508405734,3438.7455423187716,3517.646077402829,0.012295548556032,0.1435022969711126
2026-09-03,4,2026-09-03T01:30:00+0100,2026-09-03T00:30:00+0000,Bristol,0.0031874570506586542,0.21117111175233944,9.17350404848225,0.0,9.17350404848225,13.975940192022906,5060.293350921306,5074.269291113329,0.0021779554608108,0.2111711117523393
2026-09-03,4,2026-09-03T01:30:00+0100,2026-09-03T00:30:00+0000,Cardiff,0.08444526625725596,0.1764504353481641,243.03354667195407,0.0,243.03354667195407,226.02906910553648,4228.281782248054,4454.31085135359,0.0352234796798405,0.176450435348164
2026-09-03,4,2026-09-03T01:30:00+0100,2026-09-03T00:30:00+0000,Edinburgh,0.37790801808031604,0.006686178325569805,1087.6195910145104,0.0,1087.6195910145104,1726.8968160601114,160.22089121562914,1887.1177072757405,0.2691127966433086,0.0066861783255698
2026-09-03,4,2026-09-03T01:30:00+0100,2026-09-03T00:30:00+0000,Inverness,0.02619246543009891,0.0010772634211357007,75.38193733876135,0.0,75.38193733876135,1309.65147432735,25.81446336067478,1335.4659376880247,0.2040909263405563,0.0010772634211357
2026-09-03,4,2026-09-03T01:30:00+0100,2026-09-03T00:30:00+0000,Leeds,0.017526122646295363,0.05912307459774374,50.440195583737925,0.0,50.440195583737925,153.03654510265233,1416.7662365857323,1569.8027816883846,0.0238486122958785,0.0591230745977437
2026-09-03,4,2026-09-03T01:30:00+0100,2026-09-03T00:30:00+0000,London,0.041635628453545695,0.23873110094306366,119.82737339183265,0.0,119.82737339183265,418.5794087510907,5720.713371898631,6139.292780649721,0.0652297660512842,0.2387311009430635
2026-09-03,4,2026-09-03T01:30:00+0100,2026-09-03T00:30:00+0000,Manchester,0.07392311374674815,0.04184747012563493,212.75078297669262,0.0,212.75078297669262,693.3972145269629,1002.7909266205892,1696.188141147552,0.1080562902488644,0.0418474701256349
2026-09-03,4,2026-09-03T01:30:00+0100,2026-09-03T00:30:00+0000,Newcastle,0.02526752661014506,0.01624963930912231,72.71996264401474,0.0,72.71996264401474,190.40100944935656,389.39010676449766,579.7911162138543,0.0296713432210311,0.0162496393091223
2026-09-03,4,2026-09-03T01:30:00+0100,2026-09-03T00:30:00+0000,Norwich,0.33811407085325473,0.10516142920611367,973.0925777275071,0.0,973.0925777275071,1606.1319874008573,2519.9833280661,4126.115315466957,0.2502932815023932,0.1051614292061136
2026-09-03,5,2026-09-03T02:00:00+0100,2026-09-03T01:00:00+0000,Birmingham,0.011810225105878248,0.1435022969711127,34.63232730853451,0.0,34.63232730853451,78.90053508405734,3438.7455423187716,3517.646077402829,0.012295548556032,0.1435022969711126
2026-09-03,5,2026-09-03T02:00:00+0100,2026-09-03T01:00:00+0000,Bristol,0.003184052209115481,0.21117111175233944,9.336920954932939,0.0,9.336920954932939,13.975940192022906,5060.293350921306,5074.269291113329,0.0021779554608108,0.2111711117523393
2026-09-03,5,2026-09-03T02:00:00+0100,2026-09-03T01:00:00+0000,Cardiff,0.09237896742116475,0.1764504353481641,270.8922655980411,0.0,270.8922655980411,226.02906910553648,4228.281782248054,4454.31085135359,0.0352234796798405,0.176450435348164
2026-09-03,5,2026-09-03T02:00:00+0100,2026-09-03T01:00:00+0000,Edinburgh,0.32437040613590945,0.006686178325569805,951.1844163672873,0.0,951.1844163672873,1726.8968160601114,160.22089121562914,1887.1177072757405,0.2691127966433086,0.0066861783255698
2026-09-03,5,2026-09-03T02:00:00+0100,2026-09-03T01:00:00+0000,Inverness,0.04795980802920756,0.0010772634211357007,140.63743530978894,0.0,140.63743530978894,1309.65147432735,25.81446336067478,1335.4659376880247,0.2040909263405563,0.0010772634211357
2026-09-03,5,2026-09-03T02:00:00+0100,2026-09-03T01:00:00+0000,Leeds,0.016411487234091107,0.05912307459774374,48.12507741516186,0.0,48.12507741516186,153.03654510265233,1416.7662365857323,1569.8027816883846,0.0238486122958785,0.0591230745977437
2026-09-03,5,2026-09-03T02:00:00+0100,2026-09-03T01:00:00+0000,London,0.04283242654676316,0.23873110094306366,125.60189177494551,0.0,125.60189177494551,418.5794087510907,5720.713371898631,6139.292780649721,0.0652297660512842,0.2387311009430635
2026-09-03,5,2026-09-03T02:00:00+0100,2026-09-03T01:00:00+0000,Manchester,0.0827246811892806,0.04184747012563493,242.58201768020288,0.0,242.58201768020288,693.3972145269629,1002.7909266205892,1696.188141147552,0.1080562902488644,0.0418474701256349
2026-09-03,5,2026-09-03T02:00:00+0100,2026-09-03T01:00:00+0000,Newcastle,0.026568637169095966,0.01624963930912231,77.90992384419948,0.0,77.90992384419948,190.40100944935656,389.39010676449766,579.7911162138543,0.0296713432210311,0.0162496393091223
2026-09-03,5,2026-09-03T02:00:00+0100,2026-09-03T01:00:00+0000,Norwich,0.35175930895949364,0.10516142920611367,1031.499688828597,0.0,1031.499688828597,1606.1319874008573,2519.9833280661,4126.115315466957,0.2502932815023932,0.1051614292061136
2026-09-03,6,2026-09-03T02:30:00+0100,2026-09-03T01:30:00+0000,Birmingham,0.010809050966472642,0.1435022969711127,32.14357141872684,0.0,32.14357141872684,78.90053508405734,3438.7455423187716,3517.646077402829,0.012295548556032,0.1435022969711126
2026-09-03,6,2026-09-03T02:30:00+0100,2026-09-03T01:30:00+0000,Bristol,0.003210881539814773,0.21117111175233944,9.548405351426371,0.0,9.548405351426371,13.975940192022906,5060.293350921306,5074.269291113329,0.0021779554608108,0.2111711117523393
2026-09-03,6,2026-09-03T02:30:00+0100,2026-09-03T01:30:00+0000,Cardiff,0.07206877582651747,0.1764504353481641,214.31556295046747,0.0,214.31556295046747,226.02906910553648,4228.281782248054,4454.31085135359,0.0352234796798405,0.176450435348164
2026-09-03,6,2026-09-03T02:30:00+0100,2026-09-03T01:30:00+0000,Edinburgh,0.3613283348891593,0.006686178325569805,1074.5053542762141,0.0,1074.5053542762141,1726.8968160601114,160.22089121562914,1887.1177072757405,0.2691127966433086,0.0066861783255698
2026-09-03,6,2026-09-03T02:30:00+0100,2026-09-03T01:30:00+0000,Inverness,0.12307987283896385,0.0010772634211357007,366.0105494070126,0.0,366.0105494070126,1309.65147432735,25.81446336067478,1335.4659376880247,0.2040909263405563,0.0010772634211357
2026-09-03,6,2026-09-03T02:30:00+0100,2026-09-03T01:30:00+0000,Leeds,0.013306104053747481,0.05912307459774374,39.56921910011288,0.0,39.56921910011288,153.03654510265233,1416.7662365857323,1569.8027816883846,0.0238486122958785,0.0591230745977437
2026-09-03,6,2026-09-03T02:30:00+0100,2026-09-03T01:30:00+0000,London,0.03698568657807097,0.23873110094306366,109.98671961862657,0.0,109.98671961862657,418.5794087510907,5720.713371898631,6139.292780649721,0.0652297660512842,0.2387311009430635
2026-09-03,6,2026-09-03T02:30:00+0100,2026-09-03T01:30:00+0000,Manchester,0.0694903232811461,0.04184747012563493,206.64785245497433,0.0,206.64785245497433,693.3972145269629,1002.7909266205892,1696.188141147552,0.1080562902488644,0.0418474701256349
2026-09-03,6,2026-09-03T02:30:00+0100,2026-09-03T01:30:00+0000,Newcastle,0.02409894309451557,0.01624963930912231,71.66458007063888,0.0,71.66458007063888,190.40100944935656,389.39010676449766,579.7911162138543,0.0296713432210311,0.0162496393091223
2026-09-03,6,2026-09-03T02:30:00+0100,2026-09-03T01:30:00+0000,Norwich,0.28562202693159194,0.10516142920611367,849.3726276168339,0.0,849.3726276168339,1606.1319874008573,2519.9833280661,4126.115315466957,0.2502932815023932,0.1051614292061136
2026-09-03,7,2026-09-03T03:00:00+0100,2026-09-03T02:00:00+0000,Birmingham,0.009308891409046945,0.1435022969711127,27.36100008114403,0.0,27.36100008114403,78.90053508405734,3438.7455423187716,3517.646077402829,0.012295548556032,0.1435022969711126
2026-09-03,7,2026-09-03T03:00:00+0100,2026-09-03T02:00:00+0000,Bristol,0.0030382511089712253,0.21117111175233944,8.930127679683455,0.0,8.930127679683455,13.975940192022906,5060.293350921306,5074.269291113329,0.0021779554608108,0.2111711117523393
2026-09-03,7,2026-09-03T03:00:00+0100,2026-09-03T02:00:00+0000,Cardiff,0.052411550389044145,0.1764504353481641,154.04975430842836,0.0,154.04975430842836,226.02906910553648,4228.281782248054,4454.31085135359,0.0352234796798405,0.176450435348164
2026-09-03,7,2026-09-03T03:00:00+0100,2026-09-03T02:00:00+0000,Edinburgh,0.3743492602179306,0.006686178325569805,1100.299669329546,0.0,1100.299669329546,1726.8968160601114,160.22089121562914,1887.1177072757405,0.2691127966433086,0.0066861783255698
2026-09-03,7,2026-09-03T03:00:00+0100,2026-09-03T02:00:00+0000,Inverness,0.2283504743988285,0.0010772634211357007,671.1752317234616,0.0,671.1752317234616,1309.65147432735,25.81446336067478,1335.4659376880247,0.2040909263405563,0.0010772634211357
2026-09-03,7,2026-09-03T03:00:00+0100,2026-09-03T02:00:00+0000,Leeds,0.010096935532550174,0.05912307459774374,29.67724531160853,0.0,29.67724531160853,153.03654510265233,1416.7662365857323,1569.8027816883846,0.0238486122958785,0.0591230745977437
2026-09-03,7,2026-09-03T03:00:00+0100,2026-09-03T02:00:00+0000,London,0.03001342925482853,0.23873110094306366,88.21645931745263,0.0,88.21645931745263,418.5794087510907,5720.713371898631,6139.292780649721,0.0652297660512842,0.2387311009430635
2026-09-03,7,2026-09-03T03:00:00+0100,2026-09-03T02:00:00+0000,Manchester,0.05477830327390389,0.04184747012563493,161.0061923018677,0.0,161.0061923018677,693.3972145269629,1002.7909266205892,1696.188141147552,0.1080562902488644,0.0418474701256349
2026-09-03,7,2026-09-03T03:00:00+0100,2026-09-03T02:00:00+0000,Newcastle,0.020567756920270682,0.01624963930912231,60.45342823717527,0.0,60.45342823717527,190.40100944935656,389.39010676449766,579.7911162138543,0.0296713432210311,0.0162496393091223
2026-09-03,7,2026-09-03T03:00:00+0100,2026-09-03T02:00:00+0000,Norwich,0.21708514749462526,0.10516142920611367,638.063812028474,0.0,638.063812028474,1606.1319874008573,2519.9833280661,4126.115315466957,0.2502932815023932,0.1051614292061136
2026-09-03,8,2026-09-03T03:30:00+0100,2026-09-03T02:30:00+0000,Birmingham,0.008504185077519532,0.1435022969711127,26.149650640892034,0.0,26.149650640892034,78.90053508405734,3438.7455423187716,3517.646077402829,0.012295548556032,0.1435022969711126
2026-09-03,8,2026-09-03T03:30:00+0100,2026-09-03T02:30:00+0000,Bristol,0.0027551576763875426,0.21117111175233944,8.471877086560342,0.0,8.471877086560342,13.975940192022906,5060.293350921306,5074.269291113329,0.0021779554608108,0.2111711117523393
2026-09-03,8,2026-09-03T03:30:00+0100,2026-09-03T02:30:00+0000,Cardiff,0.0560412932588337,0.1764504353481641,172.3222421459481,0.0,172.3222421459481,226.02906910553648,4228.281782248054,4454.31085135359,0.0352234796798405,0.176450435348164
2026-09-03,8,2026-09-03T03:30:00+0100,2026-09-03T02:30:00+0000,Edinburgh,0.37475486231530797,0.006686178325569805,1152.3395406134835,0.0,1152.3395406134835,1726.8968160601114,160.22089121562914,1887.1177072757405,0.2691127966433086,0.0066861783255698
2026-09-03,8,2026-09-03T03:30:00+0100,2026-09-03T02:30:00+0000,Inverness,0.20362407481969852,0.0010772634211357007,626.1268269767083,0.0,626.1268269767083,1309.65147432735,25.81446336067478,1335.4659376880247,0.2040909263405563,0.0010772634211357
2026-09-03,8,2026-09-03T03:30:00+0100,2026-09-03T02:30:00+0000,Leeds,0.013358849176193222,0.05912307459774374,41.07733260006991,0.0,41.07733260006991,153.03654510265233,1416.7662365857323,1569.8027816883846,0.0238486122958785,0.0591230745977437
2026-09-03,8,2026-09-03T03:30:00+0100,2026-09-03T02:30:00+0000,London,0.026820985488004778,0.23873110094306366,82.47226441599621,0.0,82.47226441599621,418.5794087510907,5720.713371898631,6139.292780649721,0.0652297660512842,0.2387311009430635
2026-09-03,8,2026-09-03T03:30:00+0100,2026-09-03T02:30:00+0000,Manchester,0.05175639667480019,0.04184747012563493,159.14654715772122,0.0,159.14654715772122,693.3972145269629,1002.7909266205892,1696.188141147552,0.1080562902488644,0.0418474701256349
2026-09-03,8,2026-09-03T03:30:00+0100,2026-09-03T02:30:00+0000,Newcastle,0.022992748306953237,0.01624963930912231,70.70075851126231,0.0,70.70075851126231,190.40100944935656,389.39010676449766,579.7911162138543,0.0296713432210311,0.0162496393091223
2026-09-03,8,2026-09-03T03:30:00+0100,2026-09-03T02:30:00+0000,Norwich,0.23939144720630132,0.10516142920611367,736.1084752741791,0.0,736.1084752741791,1606.1319874008573,2519.9833280661,4126.115315466957,0.2502932815023932,0.1051614292061136
2026-09-03,9,2026-09-03T04:00:00+0100,2026-09-03T03:00:00+0000,Birmingham,0.0077416220184016735,0.1435022969711127,24.94073850221493,0.0,24.94073850221493,78.90053508405734,3438.7455423187716,3517.646077402829,0.012295548556032,0.1435022969711126
2026-09-03,9,2026-09-03T04:00:00+0100,2026-09-03T03:00:00+0000,Bristol,0.0024892072142079125,0.21117111175233944,8.019335748996433,0.0,8.019335748996433,13.975940192022906,5060.293350921306,5074.269291113329,0.0021779554608108,0.2111711117523393
2026-09-03,9,2026-09-03T04:00:00+0100,2026-09-03T03:00:00+0000,Cardiff,0.05941810841588061,0.1764504353481641,191.42390325621872,0.0,191.42390325621872,226.02906910553648,4228.281782248054,4454.31085135359,0.0352234796798405,0.176450435348164
2026-09-03,9,2026-09-03T04:00:00+0100,2026-09-03T03:00:00+0000,Edinburgh,0.3734816521705417,0.006686178325569805,1203.2243630623313,0.0,1203.2243630623313,1726.8968160601114,160.22089121562914,1887.1177072757405,0.2691127966433086,0.0066861783255698
2026-09-03,9,2026-09-03T04:00:00+0100,2026-09-03T03:00:00+0000,Inverness,0.1808096784418448,0.0010772634211357007,582.5041442179131,0.0,582.5041442179131,1309.65147432735,25.81446336067478,1335.4659376880247,0.2040909263405563,0.0010772634211357
2026-09-03,9,2026-09-03T04:00:00+0100,2026-09-03T03:00:00+0000,Leeds,0.01701538709765472,0.05912307459774374,54.81749420313142,0.0,54.81749420313142,153.03654510265233,1416.7662365857323,1569.8027816883846,0.0238486122958785,0.0591230745977437
2026-09-03,9,2026-09-03T04:00:00+0100,2026-09-03T03:00:00+0000,London,0.023868926601646634,0.23873110094306366,76.89714833470224,0.0,76.89714833470224,418.5794087510907,5720.713371898631,6139.292780649721,0.0652297660512842,0.2387311009430635
2026-09-03,9,2026-09-03T04:00:00+0100,2026-09-03T03:00:00+0000,Manchester,0.048742820593986776,0.04184747012563493,157.0319423249224,0.0,157.0319423249224,693.3972145269629,1002.7909266205892,1696.188141147552,0.1080562902488644,0.0418474701256349
2026-09-03,9,2026-09-03T04:00:00+0100,2026-09-03T03:00:00+0000,Newcastle,0.025382181474326287,0.01624963930912231,81.77231454366911,0.0,81.77231454366911,190.40100944935656,389.39010676449766,579.7911162138543,0.0296713432210311,0.0162496393091223
2026-09-03,9,2026-09-03T04:00:00+0100,2026-09-03T03:00:00+0000,Norwich,0.2610504159715089,0.10516142920611367,841.0111143586995,0.0,841.0111143586995,1606.1319874008573,2519.9833280661,4126.115315466957,0.2502932815023932,0.1051614292061136
2026-09-03,10,2026-09-03T04:30:00+0100,2026-09-03T03:30:00+0000,Birmingham,0.00803275620969138,0.1435022969711127,24.261504114781214,0.0,24.261504114781214,78.90053508405734,3438.7455423187716,3517.646077402829,0.012295548556032,0.1435022969711126
2026-09-03,10,2026-09-03T04:30:00+0100,2026-09-03T03:30:00+0000,Bristol,0.00259744524180685,0.21117111175233944,7.84511900734467,0.0,7.84511900734467,13.975940192022906,5060.293350921306,5074.269291113329,0.0021779554608108,0.2111711117523393
2026-09-03,10,2026-09-03T04:30:00+0100,2026-09-03T03:30:00+0000,Cardiff,0.05515118015519996,0.1764504353481641,166.5742802770597,0.0,166.5742802770597,226.02906910553648,4228.281782248054,4454.31085135359,0.0352234796798405,0.176450435348164
2026-09-03,10,2026-09-03T04:30:00+0100,2026-09-03T03:30:00+0000,Edinburgh,0.3841116184909116,0.006686178325569805,1160.140475981228,0.0,1160.140475981228,1726.8968160601114,160.22089121562914,1887.1177072757405,0.2691127966433086,0.0066861783255698
2026-09-03,10,2026-09-03T04:30:00+0100,2026-09-03T03:30:00+0000,Inverness,0.17471514721344056,0.0010772634211357007,527.6958683147127,0.0,527.6958683147127,1309.65147432735,25.81446336067478,1335.4659376880247,0.2040909263405563,0.0010772634211357
2026-09-03,10,2026-09-03T04:30:00+0100,2026-09-03T03:30:00+0000,Leeds,0.017057040952991688,0.05912307459774374,51.517742909677935,0.0,51.517742909677935,153.03654510265233,1416.7662365857323,1569.8027816883846,0.0238486122958785,0.0591230745977437
2026-09-03,10,2026-09-03T04:30:00+0100,2026-09-03T03:30:00+0000,London,0.026092092754954416,0.23873110094306366,78.8065016804364,0.0,78.8065016804364,418.5794087510907,5720.713371898631,6139.292780649721,0.0652297660512842,0.2387311009430635
2026-09-03,10,2026-09-03T04:30:00+0100,2026-09-03T03:30:00+0000,Manchester,0.04083846709902507,0.04184747012563493,123.34528917595779,0.0,123.34528917595779,693.3972145269629,1002.7909266205892,1696.188141147552,0.1080562902488644,0.0418474701256349
2026-09-03,10,2026-09-03T04:30:00+0100,2026-09-03T03:30:00+0000,Newcastle,0.023325984159404463,0.01624963930912231,70.45196516507447,0.0,70.45196516507447,190.40100944935656,389.39010676449766,579.7911162138543,0.0296713432210311,0.0162496393091223
2026-09-03,10,2026-09-03T04:30:00+0100,2026-09-03T03:30:00+0000,Norwich,0.26807826772257404,0.10516142920611367,809.6824832786172,0.0,809.6824832786172,1606.1319874008573,2519.9833280661,4126.115315466957,0.2502932815023932,0.1051614292061136
2026-09-03,11,2026-09-03T05:00:00+0100,2026-09-03T04:00:00+0000,Birmingham,0.0083211233694483,0.1435022969711127,23.840836777827363,0.0,23.840836777827363,78.90053508405734,3438.7455423187716,3517.646077402829,0.012295548556032,0.1435022969711126
2026-09-03,11,2026-09-03T05:00:00+0100,2026-09-03T04:00:00+0000,Bristol,0.0027058114022021507,0.21117111175233944,7.752415764959711,0.0,7.752415764959711,13.975940192022906,5060.293350921306,5074.269291113329,0.0021779554608108,0.2111711117523393
2026-09-03,11,2026-09-03T05:00:00+0100,2026-09-03T04:00:00+0000,Cardiff,0.05092245007127857,0.1764504353481641,145.8978273214699,0.0,145.8978273214699,226.02906910553648,4228.281782248054,4454.31085135359,0.0352234796798405,0.176450435348164
2026-09-03,11,2026-09-03T05:00:00+0100,2026-09-03T04:00:00+0000,Edinburgh,0.39440433330948177,0.006686178325569805,1130.0072018428205,0.0,1130.0072018428205,1726.8968160601114,160.22089121562914,1887.1177072757405,0.2691127966433086,0.0066861783255698
2026-09-03,11,2026-09-03T05:00:00+0100,2026-09-03T04:00:00+0000,Inverness,0.1683296878327887,0.0010772634211357007,482.2811096899075,0.0,482.2811096899075,1309.65147432735,25.81446336067478,1335.4659376880247,0.2040909263405563,0.0010772634211357
2026-09-03,11,2026-09-03T05:00:00+0100,2026-09-03T04:00:00+0000,Leeds,0.017067337527009563,0.05912307459774374,48.899600468307995,0.0,48.899600468307995,153.03654510265233,1416.7662365857323,1569.8027816883846,0.0238486122958785,0.0591230745977437
2026-09-03,11,2026-09-03T05:00:00+0100,2026-09-03T04:00:00+0000,London,0.028441546651596126,0.23873110094306366,81.48782818426383,0.0,81.48782818426383,418.5794087510907,5720.713371898631,6139.292780649721,0.0652297660512842,0.2387311009430635
2026-09-03,11,2026-09-03T05:00:00+0100,2026-09-03T04:00:00+0000,Manchester,0.03365050092498652,0.04184747012563493,96.41199444179408,0.0,96.41199444179408,693.3972145269629,1002.7909266205892,1696.188141147552,0.1080562902488644,0.0418474701256349
2026-09-03,11,2026-09-03T05:00:00+0100,2026-09-03T04:00:00+0000,Newcastle,0.02130795418220189,0.01624963930912231,61.04938422046015,0.0,61.04938422046015,190.40100944935656,389.39010676449766,579.7911162138543,0.0296713432210311,0.0162496393091223
2026-09-03,11,2026-09-03T05:00:00+0100,2026-09-03T04:00:00+0000,Norwich,0.2748492547290064,0.10516142920611367,787.4701443029061,0.0,787.4701443029061,1606.1319874008573,2519.9833280661,4126.115315466957,0.2502932815023932,0.1051614292061136
2026-09-03,12,2026-09-03T05:30:00+0100,2026-09-03T04:30:00+0000,Birmingham,0.008801632849944932,0.1435022969711127,24.316621124357678,0.0,24.316621124357678,78.90053508405734,3438.7455423187716,3517.646077402829,0.012295548556032,0.1435022969711126
2026-09-03,12,2026-09-03T05:30:00+0100,2026-09-03T04:30:00+0000,Bristol,0.0027651610609144847,0.21117111175233944,7.639420436232481,0.0,7.639420436232481,13.975940192022906,5060.293350921306,5074.269291113329,0.0021779554608108,0.2111711117523393
2026-09-03,12,2026-09-03T05:30:00+0100,2026-09-03T04:30:00+0000,Cardiff,0.04636900742196002,0.1764504353481641,128.10550094683686,0.0,128.10550094683686,226.02906910553648,4228.281782248054,4454.31085135359,0.0352234796798405,0.176450435348164
2026-09-03,12,2026-09-03T05:30:00+0100,2026-09-03T04:30:00+0000,Edinburgh,0.405514351400266,0.006686178325569805,1120.3306263282277,0.0,1120.3306263282277,1726.8968160601114,160.22089121562914,1887.1177072757405,0.2691127966433086,0.0066861783255698
2026-09-03,12,2026-09-03T05:30:00+0100,2026-09-03T04:30:00+0000,Inverness,0.169394674573075,0.0010772634211357007,467.99340444007515,0.0,467.99340444007515,1309.65147432735,25.81446336067478,1335.4659376880247,0.2040909263405563,0.0010772634211357
2026-09-03,12,2026-09-03T05:30:00+0100,2026-09-03T04:30:00+0000,Leeds,0.013916730061639878,0.05912307459774374,38.448303623681944,0.0,38.448303623681944,153.03654510265233,1416.7662365857323,1569.8027816883846,0.0238486122958785,0.0591230745977437
2026-09-03,12,2026-09-03T05:30:00+0100,2026-09-03T04:30:00+0000,London,0.029586859350177085,0.23873110094306366,81.74079302596869,0.0,81.74079302596869,418.5794087510907,5720.713371898631,6139.292780649721,0.0652297660512842,0.2387311009430635
2026-09-03,12,2026-09-03T05:30:00+0100,2026-09-03T04:30:00+0000,Manchester,0.04094564847003867,0.04184747012563493,113.12217147790882,0.0,113.12217147790882,693.3972145269629,1002.7909266205892,1696.188141147552,0.1080562902488644,0.0418474701256349
2026-09-03,12,2026-09-03T05:30:00+0100,2026-09-03T04:30:00+0000,Newcastle,0.021806775686305648,0.01624963930912231,60.24644646601761,0.0,60.24644646601761,190.40100944935656,389.39010676449766,579.7911162138543,0.0296713432210311,0.0162496393091223
2026-09-03,12,2026-09-03T05:30:00+0100,2026-09-03T04:30:00+0000,Norwich,0.26089915912567835,0.10516142920611367,720.7964831391846,0.0,720.7964831391846,1606.1319874008573,2519.9833280661,4126.115315466957,0.2502932815023932,0.1051614292061136
2026-09-03,13,2026-09-03T06:00:00+0100,2026-09-03T05:00:00+0000,Birmingham,0.009296568742795556,0.1435022969711127,25.274596631259822,0.0,25.274596631259822,78.90053508405734,3438.7455423187716,3517.646077402829,0.012295548556032,0.1435022969711126
2026-09-03,13,2026-09-03T06:00:00+0100,2026-09-03T05:00:00+0000,Bristol,0.00282052433832808,0.21117111175233944,7.6681641272365235,0.0,7.6681641272365235,13.975940192022906,5060.293350921306,5074.269291113329,0.0021779554608108,0.2111711117523393
2026-09-03,13,2026-09-03T06:00:00+0100,2026-09-03T05:00:00+0000,Cardiff,0.04182356891276048,0.1764504353481641,113.70580514116092,0.0,113.70580514116092,226.02906910553648,4228.281782248054,4454.31085135359,0.0352234796798405,0.176450435348164
2026-09-03,13,2026-09-03T06:00:00+0100,2026-09-03T05:00:00+0000,Edinburgh,0.41621399799111025,0.006686178325569805,1131.5616764154593,0.0,1131.5616764154593,1726.8968160601114,160.22089121562914,1887.1177072757405,0.2691127966433086,0.0066861783255698
2026-09-03,13,2026-09-03T06:00:00+0100,2026-09-03T05:00:00+0000,Inverness,0.17006903335486434,0.0010772634211357007,462.3669588678689,0.0,462.3669588678689,1309.65147432735,25.81446336067478,1335.4659376880247,0.2040909263405563,0.0010772634211357
2026-09-03,13,2026-09-03T06:00:00+0100,2026-09-03T05:00:00+0000,Leeds,0.011050774190948763,0.05912307459774374,30.043757849455496,0.0,30.043757849455496,153.03654510265233,1416.7662365857323,1569.8027816883846,0.0238486122958785,0.0591230745977437
2026-09-03,13,2026-09-03T06:00:00+0100,2026-09-03T05:00:00+0000,London,0.030730786943647503,0.23873110094306366,83.54784067657137,0.0,83.54784067657137,418.5794087510907,5720.713371898631,6139.292780649721,0.0652297660512842,0.2387311009430635
2026-09-03,13,2026-09-03T06:00:00+0100,2026-09-03T05:00:00+0000,Manchester,0.04944868231469885,0.04184747012563493,134.43621340614115,0.0,134.43621340614115,693.3972145269629,1002.7909266205892,1696.188141147552,0.1080562902488644,0.0418474701256349
2026-09-03,13,2026-09-03T06:00:00+0100,2026-09-03T05:00:00+0000,Newcastle,0.02227628485240387,0.01624963930912231,60.56257202678899,0.0,60.56257202678899,190.40100944935656,389.39010676449766,579.7911162138543,0.0296713432210311,0.0162496393091223
2026-09-03,13,2026-09-03T06:00:00+0100,2026-09-03T05:00:00+0000,Norwich,0.24626977835844227,0.10516142920611367,669.5340488180661,0.0,669.5340488180661,1606.1319874008573,2519.9833280661,4126.115315466957,0.2502932815023932,0.1051614292061136
2026-09-03,14,2026-09-03T06:30:00+0100,2026-09-03T05:30:00+0000,Birmingham,0.009550176575359441,0.15090898844150147,25.946485217621074,19.752498418508164,45.69898363612924,78.90053508405734,3438.7455423187716,3517.646077402829,0.012295548556032,0.1435022969711126
2026-09-03,14,2026-09-03T06:30:00+0100,2026-09-03T05:30:00+0000,Bristol,0.0025825018279998203,0.1998633999713959,7.016293884823254,26.160148130493848,33.1764420153171,13.975940192022906,5060.293350921306,5074.269291113329,0.0021779554608108,0.2111711117523393
2026-09-03,14,2026-09-03T06:30:00+0100,2026-09-03T05:30:00+0000,Cardiff,0.04024594685802695,0.15744290014940876,109.34257152011426,20.607723027790733,129.950294547905,226.02906910553648,4228.281782248054,4454.31085135359,0.0352234796798405,0.176450435348164
2026-09-03,14,2026-09-03T06:30:00+0100,2026-09-03T05:30:00+0000,Edinburgh,0.40810725963136335,0.006967356351865334,1108.7699683532267,0.9119582388212154,1109.6819265920478,1726.8968160601114,160.22089121562914,1887.1177072757405,0.2691127966433086,0.0066861783255698
2026-09-03,14,2026-09-03T06:30:00+0100,2026-09-03T05:30:00+0000,Inverness,0.15908227707123096,0.001050474840865326,432.2041501372808,0.1374967975543639,432.3416469348352,1309.65147432735,25.81446336067478,1335.4659376880247,0.2040909263405563,0.0010772634211357
2026-09-03,14,2026-09-03T06:30:00+0100,2026-09-03T05:30:00+0000,Leeds,0.012998256512061948,0.04408747065470025,35.3144329619234,5.770615146098898,41.0850481080223,153.03654510265233,1416.7662365857323,1569.8027816883846,0.0238486122958785,0.0591230745977437
2026-09-03,14,2026-09-03T06:30:00+0100,2026-09-03T05:30:00+0000,London,0.03273061213926006,0.21605765411899172,88.92446514823072,28.2798163009773,117.20428144920803,418.5794087510907,5720.713371898631,6139.292780649721,0.0652297660512842,0.2387311009430635
2026-09-03,14,2026-09-03T06:30:00+0100,2026-09-03T05:30:00+0000,Manchester,0.05399840013682713,0.024537445413073358,146.70605091640837,3.211709631887449,149.91776054829583,693.3972145269629,1002.7909266205892,1696.188141147552,0.1080562902488644,0.0418474701256349
2026-09-03,14,2026-09-03T06:30:00+0100,2026-09-03T05:30:00+0000,Newcastle,0.020573649137702994,0.023146938834822526,55.89570821143085,3.029706033086098,58.92541424451695,190.40100944935656,389.39010676449766,579.7911162138543,0.0296713432210311,0.0162496393091223
2026-09-03,14,2026-09-03T06:30:00+0100,2026-09-03T05:30:00+0000,Norwich,0.26013092011016736,0.17593737122337533,706.7390869713416,23.028466910659446,729.767553882001,1606.1319874008573,2519.9833280661,4126.115315466957,0.2502932815023932,0.1051614292061136
2026-09-03,15,2026-09-03T07:00:00+0100,2026-09-03T06:00:00+0000,Birmingham,0.009795625528240256,0.1509089884415015,25.96938010212198,82.5815750225829,108.55095512470487,78.90053508405734,3438.7455423187716,3517.646077402829,0.012295548556032,0.1435022969711126
2026-09-03,15,2026-09-03T07:00:00+0100,2026-09-03T06:00:00+0000,Bristol,0.0023491016018348837,0.1998633999713959,6.227750562807902,109.370783870865,115.5985344336729,13.975940192022906,5060.293350921306,5074.269291113329,0.0021779554608108,0.2111711117523393
2026-09-03,15,2026-09-03T07:00:00+0100,2026-09-03T06:00:00+0000,Cardiff,0.0386028171457287,0.15744290014940876,102.34070591816851,86.15711234126714,188.49781825943563,226.02906910553648,4228.281782248054,4454.31085135359,0.0352234796798405,0.176450435348164
2026-09-03,15,2026-09-03T07:00:00+0100,2026-09-03T06:00:00+0000,Edinburgh,0.3991825430171822,0.006967356351865335,1058.28087852672,3.8127302238439933,1062.093608750564,1726.8968160601114,160.22089121562914,1887.1177072757405,0.2691127966433086,0.0066861783255698
2026-09-03,15,2026-09-03T07:00:00+0100,2026-09-03T06:00:00+0000,Inverness,0.14807686199958675,0.0010504748408653262,392.5695508173997,0.5748489057951877,393.1443997231949,1309.65147432735,25.81446336067478,1335.4659376880247,0.2040909263405563,0.0010772634211357
2026-09-03,15,2026-09-03T07:00:00+0100,2026-09-03T06:00:00+0000,Leeds,0.015183251491855315,0.04408747065470025,40.252623790217065,24.125884104235308,64.37850789445237,153.03654510265233,1416.7662365857323,1569.8027816883846,0.0238486122958785,0.0591230745977437
2026-09-03,15,2026-09-03T07:00:00+0100,2026-09-03T06:00:00+0000,London,0.03479641317222861,0.21605765411899175,92.24947169069911,118.2327279315587,210.4821996222578,418.5794087510907,5720.713371898631,6139.292780649721,0.0652297660512842,0.2387311009430635
2026-09-03,15,2026-09-03T07:00:00+0100,2026-09-03T06:00:00+0000,Manchester,0.058816688607928734,0.02453744541307336,155.93010761833872,13.427569226784282,169.357676845123,693.3972145269629,1002.7909266205892,1696.188141147552,0.1080562902488644,0.0418474701256349
2026-09-03,15,2026-09-03T07:00:00+0100,2026-09-03T06:00:00+0000,Newcastle,0.018890301063929322,0.02314693883482253,50.0804575632679,12.666645543595397,62.74710310686329,190.40100944935656,389.39010676449766,579.7911162138543,0.0296713432210311,0.0162496393091223
2026-09-03,15,2026-09-03T07:00:00+0100,2026-09-03T06:00:00+0000,Norwich,0.2743063963714853,0.17593737122337533,727.2192113997803,96.27779876472563,823.4970101645059,1606.1319874008573,2519.9833280661,4126.115315466957,0.2502932815023932,0.1051614292061136
2026-09-03,16,2026-09-03T07:30:00+0100,2026-09-03T06:30:00+0000,Birmingham,0.00967536251626356,0.13829134741632468,23.302151029951837,169.27760166617753,192.57975269612936,78.90053508405734,3438.7455423187716,3517.646077402829,0.012295548556032,0.1435022969711126
2026-09-03,16,2026-09-03T07:30:00+0100,2026-09-03T06:30:00+0000,Bristol,0.002655825313017632,0.21392735394556758,6.396291864938341,261.86099190774365,268.257283772682,13.975940192022906,5060.293350921306,5074.269291113329,0.0021779554608108,0.2111711117523393
2026-09-03,16,2026-09-03T07:30:00+0100,2026-09-03T06:30:00+0000,Cardiff,0.04191838054829427,0.13621117478483186,100.95626213751062,166.7313351014976,267.6875972390082,226.02906910553648,4228.281782248054,4454.31085135359,0.0352234796798405,0.176450435348164
2026-09-03,16,2026-09-03T07:30:00+0100,2026-09-03T06:30:00+0000,Edinburgh,0.4269020123484251,0.00833287113726548,1028.1511571284248,10.199976118991104,1038.3511332474159,1726.8968160601114,160.22089121562914,1887.1177072757405,0.2691127966433086,0.0066861783255698
2026-09-03,16,2026-09-03T07:30:00+0100,2026-09-03T06:30:00+0000,Inverness,0.16331932606978913,0.0012685871386781504,393.33839903064035,1.5528331479301674,394.89123217857053,1309.65147432735,25.81446336067478,1335.4659376880247,0.2040909263405563,0.0010772634211357
2026-09-03,16,2026-09-03T07:30:00+0100,2026-09-03T06:30:00+0000,Leeds,0.013294700852338442,0.051054360490086784,32.0189684508955,62.49385706210967,94.51282551300517,153.03654510265233,1416.7662365857323,1569.8027816883846,0.0238486122958785,0.0591230745977437
2026-09-03,16,2026-09-03T07:30:00+0100,2026-09-03T06:30:00+0000,London,0.031972377728661454,0.24457979607522842,77.00230077866397,299.3815742569744,376.3838750356383,418.5794087510907,5720.713371898631,6139.292780649721,0.0652297660512842,0.2387311009430635
2026-09-03,16,2026-09-03T07:30:00+0100,2026-09-03T06:30:00+0000,Manchester,0.06411131707823212,0.0382022059987525,154.40574870191253,46.76198425023596,201.1677329521485,693.3972145269629,1002.7909266205892,1696.188141147552,0.1080562902488644,0.0418474701256349
2026-09-03,16,2026-09-03T07:30:00+0100,2026-09-03T06:30:00+0000,Newcastle,0.015354804751342562,0.021948976581906327,36.980524373094184,26.866974573809117,63.8474989469033,190.40100944935656,389.39010676449766,579.7911162138543,0.0296713432210311,0.0162496393091223
2026-09-03,16,2026-09-03T07:30:00+0100,2026-09-03T06:30:00+0000,Norwich,0.23079589279363583,0.14618332643135837,555.8490177427244,178.93789715843914,734.7869149011635,1606.1319874008573,2519.9833280661,4126.115315466957,0.2502932815023932,0.1051614292061136
2026-09-03,17,2026-09-03T08:00:00+0100,2026-09-03T07:00:00+0000,Birmingham,0.009449568995893661,0.1346385509393343,20.419285297145816,277.39531926802925,297.81460456517505,78.90053508405734,3438.7455423187716,3517.646077402829,0.012295548556032,0.1435022969711126
2026-09-03,17,2026-09-03T08:00:00+0100,2026-09-03T07:00:00+0000,Bristol,0.0029969240881881722,0.21799885680627673,6.475961813411317,449.1422557799961,455.6182175934074,13.975940192022906,5060.293350921306,5074.269291113329,0.0021779554608108,0.2111711117523393
2026-09-03,17,2026-09-03T08:00:00+0100,2026-09-03T07:00:00+0000,Cardiff,0.045369079905270525,0.13006460812808493,98.03666036591677,267.9716414462743,366.00830181219106,226.02906910553648,4228.281782248054,4454.31085135359,0.0352234796798405,0.176450435348164
2026-09-03,17,2026-09-03T08:00:00+0100,2026-09-03T07:00:00+0000,Edinburgh,0.454667181786622,0.008728186520500357,982.476439315346,17.98265110247685,1000.459090417823,1726.8968160601114,160.22089121562914,1887.1177072757405,0.2691127966433086,0.0066861783255698
2026-09-03,17,2026-09-03T08:00:00+0100,2026-09-03T07:00:00+0000,Inverness,0.17966018892429908,0.0013317304656636942,388.22222005877217,2.7437594591180186,390.96597951789016,1309.65147432735,25.81446336067478,1335.4659376880247,0.2040909263405563,0.0010772634211357
2026-09-03,17,2026-09-03T08:00:00+0100,2026-09-03T07:00:00+0000,Leeds,0.011277030026303638,0.05307126924470267,24.368190074239134,109.34254396964789,133.71073404388702,153.03654510265233,1416.7662365857323,1569.8027816883846,0.0238486122958785,0.0591230745977437
2026-09-03,17,2026-09-03T08:00:00+0100,2026-09-03T07:00:00+0000,London,0.02873581088130501,0.25283693221074466,62.09433688300223,520.9190164632008,583.0133533462031,418.5794087510907,5720.713371898631,6139.292780649721,0.0652297660512842,0.2387311009430635
2026-09-03,17,2026-09-03T08:00:00+0100,2026-09-03T07:00:00+0000,Manchester,0.06966543409753463,0.042158142708846526,150.5379107560598,86.85826886043165,237.39617961649145,693.3972145269629,1002.7909266205892,1696.188141147552,0.1080562902488644,0.0418474701256349
2026-09-03,17,2026-09-03T08:00:00+0100,2026-09-03T07:00:00+0000,Newcastle,0.011861692184530231,0.02160216751606841,25.63156869145032,44.50686755906402,70.13843625051433,190.40100944935656,389.39010676449766,579.7911162138543,0.0296713432210311,0.0162496393091223
2026-09-03,17,2026-09-03T08:00:00+0100,2026-09-03T07:00:00+0000,Norwich,0.18631708911005307,0.1375695554597777,402.6069125401543,283.4340572747297,686.040969814884,1606.1319874008573,2519.9833280661,4126.115315466957,0.2502932815023932,0.1051614292061136
2026-09-03,18,2026-09-03T08:30:00+0100,2026-09-03T07:30:00+0000,Birmingham,0.011275506676176564,0.14030243735338432,24.363242240595348,405.23468782273284,429.5979300633282,78.90053508405734,3438.7455423187716,3517.646077402829,0.012295548556032,0.1435022969711126
2026-09-03,18,2026-09-03T08:30:00+0100,2026-09-03T07:30:00+0000,Bristol,0.002848490286297286,0.20451398076605334,6.154797372580338,590.6965033142876,596.851300686868,13.975940192022906,5060.293350921306,5074.269291113329,0.0021779554608108,0.2111711117523393
2026-09-03,18,2026-09-03T08:30:00+0100,2026-09-03T07:30:00+0000,Cardiff,0.043962803571208194,0.14060668923403077,94.99142377735252,406.1134567037231,501.1048804810756,226.02906910553648,4228.281782248054,4454.31085135359,0.0352234796798405,0.176450435348164
2026-09-03,18,2026-09-03T08:30:00+0100,2026-09-03T07:30:00+0000,Edinburgh,0.40776573063572324,0.008597535110635447,881.0686347143547,24.832209064394416,905.9008437787492,1726.8968160601114,160.22089121562914,1887.1177072757405,0.2691127966433086,0.0066861783255698
2026-09-03,18,2026-09-03T08:30:00+0100,2026-09-03T07:30:00+0000,Inverness,0.15162074262119488,0.0012699205991554515,327.61036707857534,3.6679040454745446,331.27827112404987,1309.65147432735,25.81446336067478,1335.4659376880247,0.2040909263405563,0.0010772634211357
2026-09-03,18,2026-09-03T08:30:00+0100,2026-09-03T07:30:00+0000,Leeds,0.013793863876992088,0.058368412059642764,29.80471359029982,168.5851342704947,198.38984786079453,153.03654510265233,1416.7662365857323,1569.8027816883846,0.0238486122958785,0.0591230745977437
2026-09-03,18,2026-09-03T08:30:00+0100,2026-09-03T07:30:00+0000,London,0.039563094261280435,0.25932568330363814,85.48487238375073,749.0088148167997,834.4936872005504,418.5794087510907,5720.713371898631,6139.292780649721,0.0652297660512842,0.2387311009430635
2026-09-03,18,2026-09-03T08:30:00+0100,2026-09-03T07:30:00+0000,Manchester,0.04677276713140721,0.0374651304041062,101.06297558167361,108.21031130988925,209.27328689156286,693.3972145269629,1002.7909266205892,1696.188141147552,0.1080562902488644,0.0418474701256349
2026-09-03,18,2026-09-03T08:30:00+0100,2026-09-03T07:30:00+0000,Newcastle,0.017349042128884478,0.01969545396686783,37.48646762999689,56.88626149585682,94.37272912585371,190.40100944935656,389.39010676449766,579.7911162138543,0.0296713432210311,0.0162496393091223
2026-09-03,18,2026-09-03T08:30:00+0100,2026-09-03T07:30:00+0000,Norwich,0.26504795881083565,0.1298547572024857,572.6951179521975,375.0587159416639,947.7538338938614,1606.1319874008573,2519.9833280661,4126.115315466957,0.2502932815023932,0.1051614292061136
2026-09-03,19,2026-09-03T09:00:00+0100,2026-09-03T08:00:00+0000,Birmingham,0.01285065025848989,0.14313484489066827,29.226162415284147,527.939560243378,557.1657226586622,78.90053508405734,3438.7455423187716,3517.646077402829,0.012295548556032,0.1435022969711126
2026-09-03,19,2026-09-03T09:00:00+0100,2026-09-03T08:00:00+0000,Bristol,0.0026121731905651546,0.19777043724425514,5.94085095996376,729.4578601571512,735.398711117115,13.975940192022906,5060.293350921306,5074.269291113329,0.0021779554608108,0.2111711117523393
2026-09-03,19,2026-09-03T09:00:00+0100,2026-09-03T08:00:00+0000,Cardiff,0.04111946568381231,0.14587859403584127,93.5177721229201,538.0596237277603,631.5773958506803,226.02906910553648,4228.281782248054,4454.31085135359,0.0352234796798405,0.176450435348164
2026-09-03,19,2026-09-03T09:00:00+0100,2026-09-03T08:00:00+0000,Edinburgh,0.35182022631368454,0.008532198694788518,800.1427840923961,31.470221176936107,831.6130052693322,1726.8968160601114,160.22089121562914,1887.1177072757405,0.2691127966433086,0.0066861783255698
2026-09-03,19,2026-09-03T09:00:00+0100,2026-09-03T08:00:00+0000,Inverness,0.12240013040330396,0.0012390105986755384,278.37393586021506,4.569975334107439,282.9439111943225,1309.65147432735,25.81446336067478,1335.4659376880247,0.2040909263405563,0.0010772634211357
2026-09-03,19,2026-09-03T09:00:00+0100,2026-09-03T08:00:00+0000,Leeds,0.0160677463390174,0.06101741773141738,36.542786139671456,225.05706914984162,261.5998552895131,153.03654510265233,1416.7662365857323,1569.8027816883846,0.0238486122958785,0.0591230745977437
2026-09-03,19,2026-09-03T09:00:00+0100,2026-09-03T08:00:00+0000,London,0.05091464420241277,0.26257059080345657,115.79489215287259,968.4671985183272,1084.2620906711998,418.5794087510907,5720.713371898631,6139.292780649721,0.0652297660512842,0.2387311009430635
2026-09-03,19,2026-09-03T09:00:00+0100,2026-09-03T08:00:00+0000,Manchester,0.02859398990509389,0.035118239514568085,65.03115221855502,129.53035957110563,194.56151178966064,693.3972145269629,1002.7909266205892,1696.188141147552,0.1080562902488644,0.0418474701256349
2026-09-03,19,2026-09-03T09:00:00+0100,2026-09-03T08:00:00+0000,Newcastle,0.023430458197346484,0.018741940878257816,53.287760772087545,69.1279054581901,122.41566623027765,190.40100944935656,389.39010676449766,579.7911162138543,0.0296713432210311,0.0162496393091223
2026-09-03,19,2026-09-03T09:00:00+0100,2026-09-03T08:00:00+0000,Norwich,0.35019051550627356,0.12599672560807143,796.4363418665741,464.72720154509,1261.1635434116643,1606.1319874008573,2519.9833280661,4126.115315466957,0.2502932815023932,0.1051614292061136
2026-09-03,20,2026-09-03T09:30:00+0100,2026-09-03T08:30:00+0000,Birmingham,0.013359121625135318,0.14649291589955377,31.68397245506915,671.0530420235589,702.737014478628,78.90053508405734,3438.7455423187716,3517.646077402829,0.012295548556032,0.1435022969711126
2026-09-03,20,2026-09-03T09:30:00+0100,2026-09-03T08:30:00+0000,Bristol,0.0026397922390024755,0.19733749283639282,6.2608236480377535,903.9612875476053,910.222111195643,13.975940192022906,5060.293350921306,5074.269291113329,0.0021779554608108,0.2111711117523393
2026-09-03,20,2026-09-03T09:30:00+0100,2026-09-03T08:30:00+0000,Cardiff,0.04480384118918575,0.17335598254355342,106.26175207870934,794.1070646624275,900.3688167411369,226.02906910553648,4228.281782248054,4454.31085135359,0.0352234796798405,0.176450435348164
2026-09-03,20,2026-09-03T09:30:00+0100,2026-09-03T08:30:00+0000,Edinburgh,0.33949011991045147,0.00862684110112444,805.1723691004207,39.5177331846738,844.6901022850946,1726.8968160601114,160.22089121562914,1887.1177072757405,0.2691127966433086,0.0066861783255698
2026-09-03,20,2026-09-03T09:30:00+0100,2026-09-03T08:30:00+0000,Inverness,0.12260585961343387,0.001304773243807017,290.7856360490891,5.976890070288461,296.7625261193775,1309.65147432735,25.81446336067478,1335.4659376880247,0.2040909263405563,0.0010772634211357
2026-09-03,20,2026-09-03T09:30:00+0100,2026-09-03T08:30:00+0000,Leeds,0.021699084919903116,0.0609905302928119,51.46395310967555,279.3847104230254,330.848663532701,153.03654510265233,1416.7662365857323,1569.8027816883846,0.0238486122958785,0.0591230745977437
2026-09-03,20,2026-09-03T09:30:00+0100,2026-09-03T08:30:00+0000,London,0.05120766489361277,0.26239656702317016,121.4497696409141,1201.9831364280556,1323.4329060689697,418.5794087510907,5720.713371898631,6139.292780649721,0.0652297660512842,0.2387311009430635
2026-09-03,20,2026-09-03T09:30:00+0100,2026-09-03T08:30:00+0000,Manchester,0.04099438011746264,0.034223844346361366,97.2268122786227,156.77218736033453,253.99899963895723,693.3972145269629,1002.7909266205892,1696.188141147552,0.1080562902488644,0.0418474701256349
2026-09-03,20,2026-09-03T09:30:00+0100,2026-09-03T08:30:00+0000,Newcastle,0.025529216100664335,0.017785635226456563,60.54791642970489,81.47223058361828,142.02014701332317,190.40100944935656,389.39010676449766,579.7911162138543,0.0296713432210311,0.0162496393091223
2026-09-03,20,2026-09-03T09:30:00+0100,2026-09-03T08:30:00+0000,Norwich,0.3376709193911482,0.09748541748676864,800.8577516606481,446.5600643944313,1247.4178160550794,1606.1319874008573,2519.9833280661,4126.115315466957,0.2502932815023932,0.1051614292061136
2026-09-03,21,2026-09-03T10:00:00+0100,2026-09-03T09:00:00+0000,Birmingham,0.013809042489576701,0.14888423079522248,35.0986858890395,818.3411153890098,853.4398012780493,78.90053508405734,3438.7455423187716,3517.646077402829,0.012295548556032,0.1435022969711126
2026-09-03,21,2026-09-03T10:00:00+0100,2026-09-03T09:00:00+0000,Bristol,0.0026536230143816802,0.19702918892954321,6.744760233738972,1082.9695352663787,1089.7142955001177,13.975940192022906,5060.293350921306,5074.269291113329,0.0021779554608108,0.2111711117523393
2026-09-03,21,2026-09-03T10:00:00+0100,2026-09-03T09:00:00+0000,Cardiff,0.04845553469454971,0.19292289707832863,123.16028378601864,1060.3993313187382,1183.5596151047569,226.02906910553648,4228.281782248054,4454.31085135359,0.0352234796798405,0.176450435348164
2026-09-03,21,2026-09-03T10:00:00+0100,2026-09-03T09:00:00+0000,Edinburgh,0.32569651215800943,0.00869423687549436,827.8285466945599,47.78781113450614,875.616357829066,1726.8968160601114,160.22089121562914,1887.1177072757405,0.2691127966433086,0.0066861783255698
2026-09-03,21,2026-09-03T10:00:00+0100,2026-09-03T09:00:00+0000,Inverness,0.12216537717831742,0.0013516034604597834,310.5098853403004,7.429078804978433,317.9389641452788,1309.65147432735,25.81446336067478,1335.4659376880247,0.2040909263405563,0.0010772634211357
2026-09-03,21,2026-09-03T10:00:00+0100,2026-09-03T09:00:00+0000,Leeds,0.028381451210116038,0.060971383487317475,72.13763313791488,335.12877558167514,407.26640871959,153.03654510265233,1416.7662365857323,1569.8027816883846,0.0238486122958785,0.0591230745977437
2026-09-03,21,2026-09-03T10:00:00+0100,2026-09-03T09:00:00+0000,London,0.0512312443896684,0.2622726430034284,130.21535388097053,1441.5797164351966,1571.795070316167,418.5794087510907,5720.713371898631,6139.292780649721,0.0652297660512842,0.2387311009430635
2026-09-03,21,2026-09-03T10:00:00+0100,2026-09-03T09:00:00+0000,Manchester,0.05628952369584621,0.03358693688291355,143.07207125587706,184.61035963619145,327.6824308920685,693.3972145269629,1002.7909266205892,1696.188141147552,0.1080562902488644,0.0418474701256349
2026-09-03,21,2026-09-03T10:00:00+0100,2026-09-03T09:00:00+0000,Newcastle,0.027609282115663505,0.017104640707903043,70.17499738530056,94.01553596690779,164.19053335220835,190.40100944935656,389.39010676449766,579.7911162138543,0.0296713432210311,0.0162496393091223
2026-09-03,21,2026-09-03T10:00:00+0100,2026-09-03T09:00:00+0000,Norwich,0.3237084090538709,0.07718223877938918,822.7753501083481,424.2316263689425,1247.0069764772907,1606.1319874008573,2519.9833280661,4126.115315466957,0.2502932815023932,0.1051614292061136
2026-09-03,22,2026-09-03T10:30:00+0100,2026-09-03T09:30:00+0000,Birmingham,0.01281961477649682,0.14111457618462894,34.187949707565686,899.2844540974908,933.4724038050565,78.90053508405734,3438.7455423187716,3517.646077402829,0.012295548556032,0.1435022969711126
2026-09-03,22,2026-09-03T10:30:00+0100,2026-09-03T09:30:00+0000,Bristol,0.0024217697348141737,0.22669860892069754,6.458489068558182,1444.687999496089,1451.1464885646474,13.975940192022906,5060.293350921306,5074.269291113329,0.0021779554608108,0.2111711117523393
2026-09-03,22,2026-09-03T10:30:00+0100,2026-09-03T09:30:00+0000,Cardiff,0.04330881228904636,0.2019171637836444,115.49797105813892,1286.7626528425715,1402.2606239007105,226.02906910553648,4228.281782248054,4454.31085135359,0.0352234796798405,0.176450435348164
2026-09-03,22,2026-09-03T10:30:00+0100,2026-09-03T09:30:00+0000,Edinburgh,0.3335746395907356,0.008235432341601625,889.5924878301078,52.4821494548112,942.0746372849189,1726.8968160601114,160.22089121562914,1887.1177072757405,0.2691127966433086,0.0066861783255698
2026-09-03,22,2026-09-03T10:30:00+0100,2026-09-03T09:30:00+0000,Inverness,0.12492196262946507,0.0011932576378191238,333.14774665277645,7.6043033429789535,340.7520499957554,1309.65147432735,25.81446336067478,1335.4659376880247,0.2040909263405563,0.0010772634211357
2026-09-03,22,2026-09-03T10:30:00+0100,2026-09-03T09:30:00+0000,Leeds,0.025121437437008037,0.05713408795633919,66.99502712458917,364.0998576288189,431.09488475340805,153.03654510265233,1416.7662365857323,1569.8027816883846,0.0238486122958785,0.0591230745977437
2026-09-03,22,2026-09-03T10:30:00+0100,2026-09-03T09:30:00+0000,London,0.04755123066631276,0.23505831467671223,126.81185128380282,1497.962109304401,1624.7739605882039,418.5794087510907,5720.713371898631,6139.292780649721,0.0652297660512842,0.2387311009430635
2026-09-03,22,2026-09-03T10:30:00+0100,2026-09-03T09:30:00+0000,Manchester,0.0660049831696869,0.034905013773728684,176.02518362651014,222.44007037022257,398.4652539967327,693.3972145269629,1002.7909266205892,1696.188141147552,0.1080562902488644,0.0418474701256349
2026-09-03,22,2026-09-03T10:30:00+0100,2026-09-03T09:30:00+0000,Newcastle,0.025935349004455623,0.017093463459227496,69.1656046512493,108.93194998831882,178.0975546395681,190.40100944935656,389.39010676449766,579.7911162138543,0.0296713432210311,0.0162496393091223
2026-09-03,22,2026-09-03T10:30:00+0100,2026-09-03T09:30:00+0000,Norwich,0.31834020070197866,0.07665008126560079,848.9645719658425,488.46992529870494,1337.4344972645474,1606.1319874008573,2519.9833280661,4126.115315466957,0.2502932815023932,0.1051614292061136
2026-09-03,23,2026-09-03T11:00:00+0100,2026-09-03T10:00:00+0000,Birmingham,0.01190587138785783,0.13539042299603718,33.500282225711956,971.6031315067837,1005.1034137324957,78.90053508405734,3438.7455423187716,3517.646077402829,0.012295548556032,0.1435022969711126
2026-09-03,23,2026-09-03T11:00:00+0100,2026-09-03T10:00:00+0000,Bristol,0.0022111938191470824,0.24855702008024597,6.221771979892456,1783.721283410349,1789.9430553902416,13.975940192022906,5060.293350921306,5074.269291113329,0.0021779554608108,0.2111711117523393
2026-09-03,23,2026-09-03T11:00:00+0100,2026-09-03T10:00:00+0000,Cardiff,0.038719127460247464,0.20854352789126915,108.94638915505585,1496.5722114669811,1605.518600622037,226.02906910553648,4228.281782248054,4454.31085135359,0.0352234796798405,0.176450435348164
2026-09-03,23,2026-09-03T11:00:00+0100,2026-09-03T10:00:00+0000,Edinburgh,0.34042764993782076,0.007897416359264177,957.882206083936,56.67427795611929,1014.5564840400554,1726.8968160601114,160.22089121562914,1887.1177072757405,0.2691127966433086,0.0066861783255698
2026-09-03,23,2026-09-03T11:00:00+0100,2026-09-03T10:00:00+0000,Inverness,0.1273003902099585,0.0010765992030499776,358.19293359964473,7.7260055321023895,365.9189391317471,1309.65147432735,25.81446336067478,1335.4659376880247,0.2040909263405563,0.0010772634211357
2026-09-03,23,2026-09-03T11:00:00+0100,2026-09-03T10:00:00+0000,Leeds,0.02223758923671508,0.054307029541249566,62.571271869202356,389.7238726158193,452.29514448502164,153.03654510265233,1416.7662365857323,1569.8027816883846,0.0238486122958785,0.0591230745977437
2026-09-03,23,2026-09-03T11:00:00+0100,2026-09-03T10:00:00+0000,London,0.044153403250647864,0.21500864811182285,124.23714501324783,1542.967893767506,1667.2050387807537,418.5794087510907,5720.713371898631,6139.292780649721,0.0652297660512842,0.2387311009430635
2026-09-03,23,2026-09-03T11:00:00+0100,2026-09-03T10:00:00+0000,Manchester,0.07598795643384089,0.03587608319901324,213.81198430254474,257.457758170823,471.2697424733677,693.3972145269629,1002.7909266205892,1696.188141147552,0.1080562902488644,0.0418474701256349
2026-09-03,23,2026-09-03T11:00:00+0100,2026-09-03T10:00:00+0000,Newcastle,0.02436898679607309,0.017085228822444728,68.56851620752997,122.60883346884242,191.1773496763724,190.40100944935656,389.39010676449766,579.7911162138543,0.0296713432210311,0.0162496393091223
2026-09-03,23,2026-09-03T11:00:00+0100,2026-09-03T10:00:00+0000,Norwich,0.31268783146769136,0.07625802379560315,879.8289735765625,547.2509287048723,1427.079902281435,1606.1319874008573,2519.9833280661,4126.115315466957,0.2502932815023932,0.1051614292061136
2026-09-03,24,2026-09-03T11:30:00+0100,2026-09-03T10:30:00+0000,Birmingham,0.010413256290288326,0.145663602870289,30.65855221909543,1154.2255132404543,1184.8840654595497,78.90053508405734,3438.7455423187716,3517.646077402829,0.012295548556032,0.1435022969711126
2026-09-03,24,2026-09-03T11:30:00+0100,2026-09-03T10:30:00+0000,Bristol,0.001723311067688312,0.20455110470442667,5.073746471383959,1620.8448724257507,1625.9186188971346,13.975940192022906,5060.293350921306,5074.269291113329,0.0021779554608108,0.2111711117523393
2026-09-03,24,2026-09-03T11:30:00+0100,2026-09-03T10:30:00+0000,Cardiff,0.033794042313740114,0.1619047003817176,99.495910029257,1282.9185342925962,1382.4144443218531,226.02906910553648,4228.281782248054,4454.31085135359,0.0352234796798405,0.176450435348164
2026-09-03,24,2026-09-03T11:30:00+0100,2026-09-03T10:30:00+0000,Edinburgh,0.33015689998632475,0.007847549470966933,972.0429687460559,62.183288325447506,1034.2262570715034,1726.8968160601114,160.22089121562914,1887.1177072757405,0.2691127966433086,0.0066861783255698
2026-09-03,24,2026-09-03T11:30:00+0100,2026-09-03T10:30:00+0000,Inverness,0.12467300959232944,0.0011631299311683485,367.0603957441236,9.216538759950954,376.2769345040745,1309.65147432735,25.81446336067478,1335.4659376880247,0.2040909263405563,0.0010772634211357
2026-09-03,24,2026-09-03T11:30:00+0100,2026-09-03T10:30:00+0000,Leeds,0.020920693086668166,0.05602553393310546,61.59438926471726,443.9413785205713,505.53576778528856,153.03654510265233,1416.7662365857323,1569.8027816883846,0.0238486122958785,0.0591230745977437
2026-09-03,24,2026-09-03T11:30:00+0100,2026-09-03T10:30:00+0000,London,0.04612343820743665,0.2735559044252711,135.795931588251,2167.6328057488804,2303.428737337131,418.5794087510907,5720.713371898631,6139.292780649721,0.0652297660512842,0.2387311009430635
2026-09-03,24,2026-09-03T11:30:00+0100,2026-09-03T10:30:00+0000,Manchester,0.0717664400870845,0.04023717747745815,211.29367122563562,318.83583757448935,530.129508800125,693.3972145269629,1002.7909266205892,1696.188141147552,0.1080562902488644,0.0418474701256349
2026-09-03,24,2026-09-03T11:30:00+0100,2026-09-03T10:30:00+0000,Newcastle,0.023647834101460458,0.015706035957299972,69.62359673643034,124.45324059388085,194.0768373303112,190.40100944935656,389.39010676449766,579.7911162138543,0.0296713432210311,0.0162496393091223
2026-09-03,24,2026-09-03T11:30:00+0100,2026-09-03T10:30:00+0000,Norwich,0.33678107526697926,0.09334526084829678,991.5457657664069,739.6595957270906,1731.2053614934975,1606.1319874008573,2519.9833280661,4126.115315466957,0.2502932815023932,0.1051614292061136
2026-09-03,25,2026-09-03T12:00:00+0100,2026-09-03T11:00:00+0000,Birmingham,0.009049416877496651,0.1552606644222735,26.056388680762918,1304.2832116774157,1330.3396003581786,78.90053508405734,3438.7455423187716,3517.646077402829,0.012295548556032,0.1435022969711126
2026-09-03,25,2026-09-03T12:00:00+0100,2026-09-03T11:00:00+0000,Bristol,0.0013156224618824986,0.16344139148197454,3.7881302948036573,1373.0062523972679,1376.7943826920716,13.975940192022906,5060.293350921306,5074.269291113329,0.0021779554608108,0.2111711117523393
2026-09-03,25,2026-09-03T12:00:00+0100,2026-09-03T11:00:00+0000,Cardiff,0.029301593830918918,0.11833535731556666,84.36938292928707,994.0883640351086,1078.4577469643957,226.02906910553648,4228.281782248054,4454.31085135359,0.0352234796798405,0.176450435348164
2026-09-03,25,2026-09-03T12:00:00+0100,2026-09-03T11:00:00+0000,Edinburgh,0.3195011109312988,0.007800964518473883,919.9537653153665,65.53280635630873,985.4865716716752,1726.8968160601114,160.22089121562914,1887.1177072757405,0.2691127966433086,0.0066861783255698
2026-09-03,25,2026-09-03T12:00:00+0100,2026-09-03T11:00:00+0000,Inverness,0.12183719081044678,0.0012439657321622957,350.8112448022706,10.450062328398277,361.2613071306689,1309.65147432735,25.81446336067478,1335.4659376880247,0.2040909263405563,0.0010772634211357
2026-09-03,25,2026-09-03T12:00:00+0100,2026-09-03T11:00:00+0000,Leeds,0.019629785506263233,0.057630936800365,56.520914860615065,484.13462367725674,540.6555385378718,153.03654510265233,1416.7662365857323,1569.8027816883846,0.0238486122958785,0.0591230745977437
2026-09-03,25,2026-09-03T12:00:00+0100,2026-09-03T11:00:00+0000,London,0.048008540906461776,0.3282499358174644,138.2331280334518,2757.497413230759,2895.730541264211,418.5794087510907,5720.713371898631,6139.292780649721,0.0652297660512842,0.2387311009430635
2026-09-03,25,2026-09-03T12:00:00+0100,2026-09-03T11:00:00+0000,Manchester,0.06760685678059594,0.044311251010341876,194.66343098199607,372.2412305542196,566.9046615362157,693.3972145269629,1002.7909266205892,1696.188141147552,0.1080562902488644,0.0418474701256349
2026-09-03,25,2026-09-03T12:00:00+0100,2026-09-03T11:00:00+0000,Newcastle,0.022898287753321304,0.014417613192307152,65.93205881676039,121.11664541149135,187.04870422825172,190.40100944935656,389.39010676449766,579.7911162138543,0.0296713432210311,0.0162496393091223
2026-09-03,25,2026-09-03T12:00:00+0100,2026-09-03T11:00:00+0000,Norwich,0.36085159414131407,0.10930791970907078,1039.0160515646407,918.2524441101853,1957.268495674826,1606.1319874008573,2519.9833280661,4126.115315466957,0.2502932815023932,0.1051614292061136
2026-09-03,26,2026-09-03T12:30:00+0100,2026-09-03T11:30:00+0000,Birmingham,0.006882046713843822,0.14634262699764153,19.80452644347823,1183.105764356271,1202.9102907997492,78.90053508405734,3438.7455423187716,3517.646077402829,0.012295548556032,0.1435022969711126
2026-09-03,26,2026-09-03T12:30:00+0100,2026-09-03T11:30:00+0000,Bristol,0.0013030285898991897,0.12725602285684318,3.749736849846713,1028.8002701592266,1032.5500070090732,13.975940192022906,5060.293350921306,5074.269291113329,0.0021779554608108,0.2111711117523393
2026-09-03,26,2026-09-03T12:30:00+0100,2026-09-03T11:30:00+0000,Cardiff,0.03853684715476034,0.1591980102667015,110.89782447850584,1287.0350046649005,1397.9328291434063,226.02906910553648,4228.281782248054,4454.31085135359,0.0352234796798405,0.176450435348164
2026-09-03,26,2026-09-03T12:30:00+0100,2026-09-03T11:30:00+0000,Edinburgh,0.3183793067675342,0.007033662890248584,916.2029352765288,56.863589787314666,973.0665250638435,1726.8968160601114,160.22089121562914,1887.1177072757405,0.2691127966433086,0.0066861783255698
2026-09-03,26,2026-09-03T12:30:00+0100,2026-09-03T11:30:00+0000,Inverness,0.1394284277787009,0.0012387107050518412,401.2344146634836,10.014346507120393,411.248761170604,1309.65147432735,25.81446336067478,1335.4659376880247,0.2040909263405563,0.0010772634211357
2026-09-03,26,2026-09-03T12:30:00+0100,2026-09-03T11:30:00+0000,Leeds,0.020438145601459252,0.05968155381917844,58.815031610513955,482.49503099563043,541.3100626061444,153.03654510265233,1416.7662365857323,1569.8027816883846,0.0238486122958785,0.0591230745977437
2026-09-03,26,2026-09-03T12:30:00+0100,2026-09-03T11:30:00+0000,London,0.0445629008990182,0.32488887325583016,128.2390524140714,2626.561423763298,2754.8004761773695,418.5794087510907,5720.713371898631,6139.292780649721,0.0652297660512842,0.2387311009430635
2026-09-03,26,2026-09-03T12:30:00+0100,2026-09-03T11:30:00+0000,Manchester,0.04958515619866456,0.04230461902490435,142.69164072441606,342.0113445692548,484.70298529367085,693.3972145269629,1002.7909266205892,1696.188141147552,0.1080562902488644,0.0418474701256349
2026-09-03,26,2026-09-03T12:30:00+0100,2026-09-03T11:30:00+0000,Newcastle,0.023345696351257716,0.014601708611334025,67.1821160120636,118.04739317545733,185.22950918752093,190.40100944935656,389.39010676449766,579.7911162138543,0.0296713432210311,0.0162496393091223
2026-09-03,26,2026-09-03T12:30:00+0100,2026-09-03T11:30:00+0000,Norwich,0.35753844394486173,0.11745421157226647,1028.8915292339243,949.5576074448152,1978.4491366787395,1606.1319874008573,2519.9833280661,4126.115315466957,0.2502932815023932,0.1051614292061136
2026-09-03,27,2026-09-03T13:00:00+0100,2026-09-03T12:00:00+0000,Birmingham,0.005106444936195342,0.13732197054408402,15.405991715595484,1054.1124469376962,1069.5184386532917,78.90053508405734,3438.7455423187716,3517.646077402829,0.012295548556032,0.1435022969711126
2026-09-03,27,2026-09-03T13:00:00+0100,2026-09-03T12:00:00+0000,Bristol,0.0012817450778817299,0.09065427255345522,3.866986582266719,695.8813414056148,699.7483279878815,13.975940192022906,5060.293350921306,5074.269291113329,0.0021779554608108,0.2111711117523393
2026-09-03,27,2026-09-03T13:00:00+0100,2026-09-03T12:00:00+0000,Cardiff,0.04880784788984071,0.20053086597271422,147.25181797557448,1539.3172773410915,1686.569095316666,226.02906910553648,4228.281782248054,4454.31085135359,0.0352234796798405,0.176450435348164
2026-09-03,27,2026-09-03T13:00:00+0100,2026-09-03T12:00:00+0000,Edinburgh,0.3150428085168372,0.006257531993403712,950.4747351069176,48.034137110202394,998.50887221712,1726.8968160601114,160.22089121562914,1887.1177072757405,0.2691127966433086,0.0066861783255698
2026-09-03,27,2026-09-03T13:00:00+0100,2026-09-03T12:00:00+0000,Inverness,0.15688110468244046,0.0012333952088321675,473.3056028744553,9.467802103858741,482.77340497831403,1309.65147432735,25.81446336067478,1335.4659376880247,0.2040909263405563,0.0010772634211357
2026-09-03,27,2026-09-03T13:00:00+0100,2026-09-03T12:00:00+0000,Leeds,0.021090972211234443,0.06175576709770118,63.63083264777667,474.0503104488601,537.6811430966368,153.03654510265233,1416.7662365857323,1569.8027816883846,0.0238486122958785,0.0591230745977437
2026-09-03,27,2026-09-03T13:00:00+0100,2026-09-03T12:00:00+0000,London,0.04109352549794766,0.3214891352592532,123.97793793849996,2467.8184975740937,2591.7964355125937,418.5794087510907,5720.713371898631,6139.292780649721,0.0652297660512842,0.2387311009430635
2026-09-03,27,2026-09-03T13:00:00+0100,2026-09-03T12:00:00+0000,Manchester,0.03524618623228351,0.04027489691145416,106.33669017989453,309.15861435200895,415.49530453190346,693.3972145269629,1002.7909266205892,1696.188141147552,0.1080562902488644,0.0418474701256349
2026-09-03,27,2026-09-03T13:00:00+0100,2026-09-03T12:00:00+0000,Newcastle,0.02361559954633404,0.014787922399260986,71.24755784416924,113.51521539960393,184.76277324377315,190.40100944935656,389.39010676449766,579.7911162138543,0.0296713432210311,0.0162496393091223
2026-09-03,27,2026-09-03T13:00:00+0100,2026-09-03T12:00:00+0000,Norwich,0.3518337654090049,0.12569424205984112,1061.4719521868442,964.8555474314542,2026.3274996182984,1606.1319874008573,2519.9833280661,4126.115315466957,0.2502932815023932,0.1051614292061136
2026-09-03,28,2026-09-03T13:30:00+0100,2026-09-03T12:30:00+0000,Birmingham,0.007604909213739554,0.1337589274382765,23.270152606738847,1053.234628683315,1076.5047812900536,78.90053508405734,3438.7455423187716,3517.646077402829,0.012295548556032,0.1435022969711126
2026-09-03,28,2026-09-03T13:30:00+0100,2026-09-03T12:30:00+0000,Bristol,0.0018544776867533432,0.16092521379952524,5.674489670248447,1267.1453864650543,1272.8198761353028,13.975940192022906,5060.293350921306,5074.269291113329,0.0021779554608108,0.2111711117523393
2026-09-03,28,2026-09-03T13:30:00+0100,2026-09-03T12:30:00+0000,Cardiff,0.04604201176413327,0.20441401346906563,140.88329130043695,1609.5816682823395,1750.4649595827764,226.02906910553648,4228.281782248054,4454.31085135359,0.0352234796798405,0.176450435348164
2026-09-03,28,2026-09-03T13:30:00+0100,2026-09-03T12:30:00+0000,Edinburgh,0.28879933843227745,0.005076441371137486,883.6929526920281,39.97253824444618,923.6654909364743,1726.8968160601114,160.22089121562914,1887.1177072757405,0.2691127966433086,0.0066861783255698
2026-09-03,28,2026-09-03T13:30:00+0100,2026-09-03T12:30:00+0000,Inverness,0.16738250372353827,0.0010915526048548472,512.171321954477,8.59502258638486,520.7663445408618,1309.65147432735,25.81446336067478,1335.4659376880247,0.2040909263405563,0.0010772634211357
2026-09-03,28,2026-09-03T13:30:00+0100,2026-09-03T12:30:00+0000,Leeds,0.01883029225540339,0.05291308057940075,57.61854114196085,416.64425578062605,474.2627969225869,153.03654510265233,1416.7662365857323,1569.8027816883846,0.0238486122958785,0.0591230745977437
2026-09-03,28,2026-09-03T13:30:00+0100,2026-09-03T12:30:00+0000,London,0.05132512947424897,0.29190600883950474,157.04902739254533,2298.504651006386,2455.5536783989314,418.5794087510907,5720.713371898631,6139.292780649721,0.0652297660512842,0.2387311009430635
2026-09-03,28,2026-09-03T13:30:00+0100,2026-09-03T12:30:00+0000,Manchester,0.037067237427815015,0.0393466667680207,113.42150805654806,309.8206060486364,423.2421141051845,693.3972145269629,1002.7909266205892,1696.188141147552,0.1080562902488644,0.0418474701256349
2026-09-03,28,2026-09-03T13:30:00+0100,2026-09-03T12:30:00+0000,Newcastle,0.02475435758051773,0.012162840148548976,75.74550364647625,95.77173406614571,171.51723771262198,190.40100944935656,389.39010676449766,579.7911162138543,0.0296713432210311,0.0162496393091223
2026-09-03,28,2026-09-03T13:30:00+0100,2026-09-03T12:30:00+0000,Norwich,0.3563397424415729,0.09840525498166514,1090.3588660178052,774.855362375179,1865.2142283929843,1606.1319874008573,2519.9833280661,4126.115315466957,0.2502932815023932,0.1051614292061136
2026-09-03,29,2026-09-03T14:00:00+0100,2026-09-03T13:00:00+0000,Birmingham,0.01076679937505317,0.13077080430344765,33.56509169500474,1111.5036868738505,1145.0687785688551,78.90053508405734,3438.7455423187716,3517.646077402829,0.012295548556032,0.1435022969711126
2026-09-03,29,2026-09-03T14:00:00+0100,2026-09-03T13:00:00+0000,Bristol,0.002566413358890105,0.21985748573901687,8.000697024040731,1868.7076774314037,1876.7083744554443,13.975940192022906,5060.293350921306,5074.269291113329,0.0021779554608108,0.2111711117523393
2026-09-03,29,2026-09-03T14:00:00+0100,2026-09-03T13:00:00+0000,Cardiff,0.043167650533737445,0.20767059008776767,134.57352533009956,1765.123551601008,1899.6970769311076,226.02906910553648,4228.281782248054,4454.31085135359,0.0352234796798405,0.176450435348164
2026-09-03,29,2026-09-03T14:00:00+0100,2026-09-03T13:00:00+0000,Edinburgh,0.26272397537302006,0.004085927333580471,819.0321019915947,34.72887790026082,853.7609798918555,1726.8968160601114,160.22089121562914,1887.1177072757405,0.2691127966433086,0.0066861783255698
2026-09-03,29,2026-09-03T14:00:00+0100,2026-09-03T13:00:00+0000,Inverness,0.17751882517164577,0.0009725972192862136,553.4082541076773,8.266718254415299,561.6749723620926,1309.65147432735,25.81446336067478,1335.4659376880247,0.2040909263405563,0.0010772634211357
2026-09-03,29,2026-09-03T14:00:00+0100,2026-09-03T13:00:00+0000,Leeds,0.01665148076568005,0.045497218527015035,51.910364379284125,386.7096054401895,438.6199698194736,153.03654510265233,1416.7662365857323,1569.8027816883846,0.0238486122958785,0.0591230745977437
2026-09-03,29,2026-09-03T14:00:00+0100,2026-09-03T13:00:00+0000,London,0.06286039114001492,0.2670963105478018,195.9649027627623,2270.220295008599,2466.1851977713613,418.5794087510907,5720.713371898631,6139.292780649721,0.0652297660512842,0.2387311009430635
2026-09-03,29,2026-09-03T14:00:00+0100,2026-09-03T13:00:00+0000,Manchester,0.03876862931310636,0.038568212541205946,120.85974229250813,327.8156058152691,448.67534810777727,693.3972145269629,1002.7909266205892,1696.188141147552,0.1080562902488644,0.0418474701256349
2026-09-03,29,2026-09-03T14:00:00+0100,2026-09-03T13:00:00+0000,Newcastle,0.02580821246836308,0.009961331839150248,80.45613072273798,84.6676528783686,165.1237836011066,190.40100944935656,389.39010676449766,579.7911162138543,0.0296713432210311,0.0162496393091223
2026-09-03,29,2026-09-03T14:00:00+0100,2026-09-03T13:00:00+0000,Norwich,0.35916762250048906,0.07551952186172797,1119.6915409270575,641.8881295971963,1761.5796705242537,1606.1319874008573,2519.9833280661,4126.115315466957,0.2502932815023932,0.1051614292061136
2026-09-03,30,2026-09-03T14:30:00+0100,2026-09-03T13:30:00+0000,Birmingham,0.011435021827231955,0.1485987119712788,35.702798837236934,1078.423587069704,1114.1263859069409,78.90053508405734,3438.7455423187716,3517.646077402829,0.012295548556032,0.1435022969711126
2026-09-03,30,2026-09-03T14:30:00+0100,2026-09-03T13:30:00+0000,Bristol,0.0017882419537689892,0.21881143672900463,5.583307466512866,1587.9775225425735,1593.5608300090864,13.975940192022906,5060.293350921306,5074.269291113329,0.0021779554608108,0.2111711117523393
2026-09-03,30,2026-09-03T14:30:00+0100,2026-09-03T13:30:00+0000,Cardiff,0.0377463817440372,0.1883791374643843,117.85298660572256,1367.1215750019662,1484.9745616076889,226.02906910553648,4228.281782248054,4454.31085135359,0.0352234796798405,0.176450435348164
2026-09-03,30,2026-09-03T14:30:00+0100,2026-09-03T13:30:00+0000,Edinburgh,0.27631145439163063,0.004645205072658701,862.7086525602874,33.7115890890038,896.4202416492913,1726.8968160601114,160.22089121562914,1887.1177072757405,0.2691127966433086,0.0066861783255698
2026-09-03,30,2026-09-03T14:30:00+0100,2026-09-03T13:30:00+0000,Inverness,0.18422808038546074,0.0009899270160668781,575.2029330200769,7.184185040650888,582.3871180607277,1309.65147432735,25.81446336067478,1335.4659376880247,0.2040909263405563,0.0010772634211357
2026-09-03,30,2026-09-03T14:30:00+0100,2026-09-03T13:30:00+0000,Leeds,0.01437038120796453,0.05041723358104118,44.86767382118441,365.8923631794765,410.7600370006609,153.03654510265233,1416.7662365857323,1569.8027816883846,0.0238486122958785,0.0591230745977437
2026-09-03,30,2026-09-03T14:30:00+0100,2026-09-03T13:30:00+0000,London,0.0485652648119304,0.24620223372932734,151.63205687358246,1786.7604134702915,1938.392470343874,418.5794087510907,5720.713371898631,6139.292780649721,0.0652297660512842,0.2387311009430635
2026-09-03,30,2026-09-03T14:30:00+0100,2026-09-03T13:30:00+0000,Manchester,0.04944294883258444,0.044318730064438115,154.3723906049483,321.63376934049734,476.00615994544563,693.3972145269629,1002.7909266205892,1696.188141147552,0.1080562902488644,0.0418474701256349
2026-09-03,30,2026-09-03T14:30:00+0100,2026-09-03T13:30:00+0000,Newcastle,0.023533986339129075,0.009292054230119662,73.47858122170278,67.43510977422658,140.91369099592936,190.40100944935656,389.39010676449766,579.7911162138543,0.0296713432210311,0.0162496393091223
2026-09-03,30,2026-09-03T14:30:00+0100,2026-09-03T13:30:00+0000,Norwich,0.3525782385062621,0.08834533014168043,1100.831298266404,641.1474673526294,1741.9787656190333,1606.1319874008573,2519.9833280661,4126.115315466957,0.2502932815023932,0.1051614292061136
2026-09-03,31,2026-09-03T15:00:00+0100,2026-09-03T14:00:00+0000,Birmingham,0.012062766457740397,0.17310602494697816,37.254359007877135,1061.3485840609574,1098.6029430688345,78.90053508405734,3438.7455423187716,3517.646077402829,0.012295548556032,0.1435022969711126
2026-09-03,31,2026-09-03T15:00:00+0100,2026-09-03T14:00:00+0000,Bristol,0.00117579178994019,0.217373474913522,3.6312872021855886,1332.761409561233,1336.3926967634186,13.975940192022906,5060.293350921306,5074.269291113329,0.0021779554608108,0.2111711117523393
2026-09-03,31,2026-09-03T15:00:00+0100,2026-09-03T14:00:00+0000,Cardiff,0.03257826341983613,0.1618599476634282,100.61392845063119,992.3965749971953,1093.0105034478265,226.02906910553648,4228.281782248054,4454.31085135359,0.0352234796798405,0.176450435348164
2026-09-03,31,2026-09-03T15:00:00+0100,2026-09-03T14:00:00+0000,Edinburgh,0.28872664453444524,0.005414021854039257,891.6964535713004,33.19447968734581,924.8909332586462,1726.8968160601114,160.22089121562914,1887.1177072757405,0.2691127966433086,0.0066861783255698
2026-09-03,31,2026-09-03T15:00:00+0100,2026-09-03T14:00:00+0000,Inverness,0.19001555689695043,0.001013749595890721,586.8394947809277,6.215506932936286,593.0550017138639,1309.65147432735,25.81446336067478,1335.4659376880247,0.2040909263405563,0.0010772634211357
2026-09-03,31,2026-09-03T15:00:00+0100,2026-09-03T14:00:00+0000,Leeds,0.0122237861610902,0.05718058186737654,37.75164840305449,350.5858887309696,388.3375371340241,153.03654510265233,1416.7662365857323,1569.8027816883846,0.0238486122958785,0.0591230745977437
2026-09-03,31,2026-09-03T15:00:00+0100,2026-09-03T14:00:00+0000,London,0.03634175883746948,0.21747998042460426,112.23701755744598,1333.4144167192246,1445.6514342766707,418.5794087510907,5720.713371898631,6139.292780649721,0.0652297660512842,0.2387311009430635
2026-09-03,31,2026-09-03T15:00:00+0100,2026-09-03T14:00:00+0000,Manchester,0.061627672601511876,0.05222373694129049,190.3294279931459,320.1944546643473,510.52388265749323,693.3972145269629,1002.7909266205892,1696.188141147552,0.1080562902488644,0.0418474701256349
2026-09-03,31,2026-09-03T15:00:00+0100,2026-09-03T14:00:00+0000,Newcastle,0.021259156242957683,0.008372025018742454,65.65626895408327,51.330604478306604,116.98687343238987,190.40100944935656,389.39010676449766,579.7911162138543,0.0296713432210311,0.0162496393091223
2026-09-03,31,2026-09-03T15:00:00+0100,2026-09-03T14:00:00+0000,Norwich,0.34398860305805834,0.10597645677412788,1062.3661626740616,649.7634173938748,1712.1295800679363,1606.1319874008573,2519.9833280661,4126.115315466957,0.2502932815023932,0.1051614292061136
2026-09-03,32,2026-09-03T15:30:00+0100,2026-09-03T14:30:00+0000,Birmingham,0.013122936123460821,0.1571351525408346,38.73819234107246,893.2965672800829,932.0347596211553,78.90053508405734,3438.7455423187716,3517.646077402829,0.012295548556032,0.1435022969711126
2026-09-03,32,2026-09-03T15:30:00+0100,2026-09-03T14:30:00+0000,Bristol,0.0010455777653113553,0.24211932991581436,3.086488587547755,1376.4225431972975,1379.5090317848453,13.975940192022906,5060.293350921306,5074.269291113329,0.0021779554608108,0.2111711117523393
2026-09-03,32,2026-09-03T15:30:00+0100,2026-09-03T14:30:00+0000,Cardiff,0.049801825416874335,0.16232617129821397,147.01227482821932,922.8069547501842,1069.8192295784036,226.02906910553648,4228.281782248054,4454.31085135359,0.0352234796798405,0.176450435348164
2026-09-03,32,2026-09-03T15:30:00+0100,2026-09-03T14:30:00+0000,Edinburgh,0.2694560384075253,0.005571488215005313,795.4195421734111,31.673315719805696,827.0928578932168,1726.8968160601114,160.22089121562914,1887.1177072757405,0.2691127966433086,0.0066861783255698
2026-09-03,32,2026-09-03T15:30:00+0100,2026-09-03T14:30:00+0000,Inverness,0.18315051340979877,0.0009595797651458973,540.6503353430834,5.455108525213675,546.105443868297,1309.65147432735,25.81446336067478,1335.4659376880247,0.2040909263405563,0.0010772634211357
2026-09-03,32,2026-09-03T15:30:00+0100,2026-09-03T14:30:00+0000,Leeds,0.009132526473769633,0.0418561696726305,26.95872050069272,237.94785624646929,264.90657674716203,153.03654510265233,1416.7662365857323,1569.8027816883846,0.0238486122958785,0.0591230745977437
2026-09-03,32,2026-09-03T15:30:00+0100,2026-09-03T14:30:00+0000,London,0.05113700978341081,0.24505298696150096,150.95366632133303,1393.100070320376,1544.053736641709,418.5794087510907,5720.713371898631,6139.292780649721,0.0652297660512842,0.2387311009430635
2026-09-03,32,2026-09-03T15:30:00+0100,2026-09-03T14:30:00+0000,Manchester,0.03718958866859565,0.034237930151814686,109.78163921364059,194.6389778534329,304.42061706707347,693.3972145269629,1002.7909266205892,1696.188141147552,0.1080562902488644,0.0418474701256349
2026-09-03,32,2026-09-03T15:30:00+0100,2026-09-03T14:30:00+0000,Newcastle,0.019403654534140134,0.010512321639223617,57.2785308403233,59.761426279344185,117.03995711966749,190.40100944935656,389.39010676449766,579.7911162138543,0.0296713432210311,0.0162496393091223
2026-09-03,32,2026-09-03T15:30:00+0100,2026-09-03T14:30:00+0000,Norwich,0.3665603294171132,0.10022886983981599,1082.066117824109,569.7904251373842,1651.8565429614932,1606.1319874008573,2519.9833280661,4126.115315466957,0.2502932815023932,0.1051614292061136
2026-09-03,33,2026-09-03T16:00:00+0100,2026-09-03T15:00:00+0000,Birmingham,0.014018918494430927,0.14124152969490655,38.67527980790869,784.2635629494424,822.9388427573512,78.90053508405734,3438.7455423187716,3517.646077402829,0.012295548556032,0.1435022969711126
2026-09-03,33,2026-09-03T16:00:00+0100,2026-09-03T15:00:00+0000,Bristol,0.0009002865703409147,0.2667454916184879,2.4837033633564007,1481.1420558054183,1483.6257591687747,13.975940192022906,5060.293350921306,5074.269291113329,0.0021779554608108,0.2111711117523393
2026-09-03,33,2026-09-03T16:00:00+0100,2026-09-03T15:00:00+0000,Cardiff,0.07216579567893935,0.1627901398545148,199.09041782018323,903.9152674933387,1103.005685313522,226.02906910553648,4228.281782248054,4454.31085135359,0.0352234796798405,0.176450435348164
2026-09-03,33,2026-09-03T16:00:00+0100,2026-09-03T15:00:00+0000,Edinburgh,0.24499493300208433,0.005728192926461939,675.8900545102346,31.806601100064686,707.6966556102992,1726.8968160601114,160.22089121562914,1887.1177072757405,0.2691127966433086,0.0066861783255698
2026-09-03,33,2026-09-03T16:00:00+0100,2026-09-03T15:00:00+0000,Inverness,0.1725190184320293,0.0009056719486164259,475.944083182669,5.028871542382458,480.9729547250514,1309.65147432735,25.81446336067478,1335.4659376880247,0.2040909263405563,0.0010772634211357
2026-09-03,33,2026-09-03T16:00:00+0100,2026-09-03T15:00:00+0000,Leeds,0.0063547553765074235,0.026605880172781825,17.531448120971003,147.7329113100385,165.2643594310095,153.03654510265233,1416.7662365857323,1569.8027816883846,0.0238486122958785,0.0591230745977437
2026-09-03,33,2026-09-03T16:00:00+0100,2026-09-03T15:00:00+0000,London,0.06920204963972013,0.27249262554111725,190.91405903816167,1513.0538294646599,1703.9678885028216,418.5794087510907,5720.713371898631,6139.292780649721,0.0652297660512842,0.2387311009430635
2026-09-03,33,2026-09-03T16:00:00+0100,2026-09-03T15:00:00+0000,Manchester,0.019101412387353387,0.016339118964662617,52.69682316083212,90.72526814429717,143.4220913051293,693.3972145269629,1002.7909266205892,1696.188141147552,0.1080562902488644,0.0418474701256349
2026-09-03,33,2026-09-03T16:00:00+0100,2026-09-03T15:00:00+0000,Newcastle,0.017209163692640306,0.012642265852619041,47.4765026515681,70.19796856311326,117.67447121468136,190.40100944935656,389.39010676449766,579.7911162138543,0.0296713432210311,0.0162496393091223
2026-09-03,33,2026-09-03T16:00:00+0100,2026-09-03T15:00:00+0000,Norwich,0.38353366672595385,0.09450908342583167,1058.089601011094,524.7750478116052,1582.864648822699,1606.1319874008573,2519.9833280661,4126.115315466957,0.2502932815023932,0.1051614292061136
2026-09-03,34,2026-09-03T16:30:00+0100,2026-09-03T15:30:00+0000,Birmingham,0.017499453119904137,0.14604284550374164,45.51198372654775,665.7128425209858,711.2248262475335,78.90053508405734,3438.7455423187716,3517.646077402829,0.012295548556032,0.1435022969711126
2026-09-03,34,2026-09-03T16:30:00+0100,2026-09-03T15:30:00+0000,Bristol,0.0017113852391183642,0.2603628983433104,4.450912643893851,1186.822432453132,1191.2733450970259,13.975940192022906,5060.293350921306,5074.269291113329,0.0021779554608108,0.2111711117523393
2026-09-03,34,2026-09-03T16:30:00+0100,2026-09-03T15:30:00+0000,Cardiff,0.069177376978391,0.18571693726366845,179.91417410094684,846.5608142846052,1026.474988385552,226.02906910553648,4228.281782248054,4454.31085135359,0.0352234796798405,0.176450435348164
2026-09-03,34,2026-09-03T16:30:00+0100,2026-09-03T15:30:00+0000,Edinburgh,0.2361932027750773,0.004867184439997503,614.2832651606542,22.18627812576849,636.4695432864227,1726.8968160601114,160.22089121562914,1887.1177072757405,0.2691127966433086,0.0066861783255698
2026-09-03,34,2026-09-03T16:30:00+0100,2026-09-03T15:30:00+0000,Inverness,0.2220508130290508,0.0009155276389616399,577.5022179150371,4.173285619281262,581.6755035343184,1309.65147432735,25.81446336067478,1335.4659376880247,0.2040909263405563,0.0010772634211357
2026-09-03,34,2026-09-03T16:30:00+0100,2026-09-03T15:30:00+0000,Leeds,0.00992361707164735,0.030400191604027856,25.809006463156248,138.57438819474038,164.38339465789662,153.03654510265233,1416.7662365857323,1569.8027816883846,0.0238486122958785,0.0591230745977437
2026-09-03,34,2026-09-03T16:30:00+0100,2026-09-03T15:30:00+0000,London,0.07036371672834292,0.2527890403050141,182.99956625714833,1152.2982176849703,1335.2977839421187,418.5794087510907,5720.713371898631,6139.292780649721,0.0652297660512842,0.2387311009430635
2026-09-03,34,2026-09-03T16:30:00+0100,2026-09-03T15:30:00+0000,Manchester,0.023170896534623876,0.019595592534868242,60.26208126549159,89.32335960912191,149.58544087461348,693.3972145269629,1002.7909266205892,1696.188141147552,0.1080562902488644,0.0418474701256349
2026-09-03,34,2026-09-03T16:30:00+0100,2026-09-03T15:30:00+0000,Newcastle,0.011244484840326538,0.010762498198396486,29.244274524457694,49.05911853174589,78.30339305620359,190.40100944935656,389.39010676449766,579.7911162138543,0.0296713432210311,0.0162496393091223
2026-09-03,34,2026-09-03T16:30:00+0100,2026-09-03T15:30:00+0000,Norwich,0.3386650536835178,0.08854728416801372,880.7885770134922,403.6285655601778,1284.41714257367,1606.1319874008573,2519.9833280661,4126.115315466957,0.2502932815023932,0.1051614292061136
2026-09-03,35,2026-09-03T17:00:00+0100,2026-09-03T16:00:00+0000,Birmingham,0.021485280838923693,0.15226782154414864,50.36244859607875,538.8146115312139,589.1770601272926,78.90053508405734,3438.7455423187716,3517.646077402829,0.012295548556032,0.1435022969711126
2026-09-03,35,2026-09-03T17:00:00+0100,2026-09-03T16:00:00+0000,Bristol,0.0029736884292911833,0.2520877729827726,6.9704572066665955,892.0372938552827,899.0077510619493,13.975940192022906,5060.293350921306,5074.269291113329,0.0021779554608108,0.2111711117523393
2026-09-03,35,2026-09-03T17:00:00+0100,2026-09-03T16:00:00+0000,Cardiff,0.06478175872065806,0.2154418648122009,151.85130778565872,762.3621558327022,914.213463618361,226.02906910553648,4228.281782248054,4454.31085135359,0.0352234796798405,0.176450435348164
2026-09-03,35,2026-09-03T17:00:00+0100,2026-09-03T16:00:00+0000,Edinburgh,0.2226018743495108,0.003750874367461657,521.7886393185086,13.272836602710987,535.0614759212195,1726.8968160601114,160.22089121562914,1887.1177072757405,0.2691127966433086,0.0066861783255698
2026-09-03,35,2026-09-03T17:00:00+0100,2026-09-03T16:00:00+0000,Inverness,0.2804984745300727,0.0009283056853771105,657.500830950598,3.284900658434003,660.785731609032,1309.65147432735,25.81446336067478,1335.4659376880247,0.2040909263405563,0.0010772634211357
2026-09-03,35,2026-09-03T17:00:00+0100,2026-09-03T16:00:00+0000,Leeds,0.014821068866972592,0.03531957176766668,34.74124097086936,124.9817666559732,159.72300762684256,153.03654510265233,1416.7662365857323,1569.8027816883846,0.0238486122958785,0.0591230745977437
2026-09-03,35,2026-09-03T17:00:00+0100,2026-09-03T16:00:00+0000,London,0.07030012547265188,0.2272430543944106,164.78660353371848,804.1218218991198,968.9084254328383,418.5794087510907,5720.713371898631,6139.292780649721,0.0652297660512842,0.2387311009430635
2026-09-03,35,2026-09-03T17:00:00+0100,2026-09-03T16:00:00+0000,Manchester,0.02768761294414335,0.02381765805979087,64.90098938438626,84.2811176053281,149.18210698971438,693.3972145269629,1002.7909266205892,1696.188141147552,0.1080562902488644,0.0418474701256349
2026-09-03,35,2026-09-03T17:00:00+0100,2026-09-03T16:00:00+0000,Newcastle,0.006402576959294426,0.008325351992030503,15.00792358323471,29.460074058693426,44.467997641928136,190.40100944935656,389.39010676449766,579.7911162138543,0.0296713432210311,0.0162496393091223
2026-09-03,35,2026-09-03T17:00:00+0100,2026-09-03T16:00:00+0000,Norwich,0.28844753888848146,0.08081772439414057,676.1337893996223,285.9814393656369,962.1152287652592,1606.1319874008573,2519.9833280661,4126.115315466957,0.2502932815023932,0.1051614292061136
2026-09-03,36,2026-09-03T17:30:00+0100,2026-09-03T16:30:00+0000,Birmingham,0.020475303256023782,0.15898241874111854,45.8114657022064,413.99496245974944,459.80642816195586,78.90053508405734,3438.7455423187716,3517.646077402829,0.012295548556032,0.1435022969711126
2026-09-03,36,2026-09-03T17:30:00+0100,2026-09-03T16:30:00+0000,Bristol,0.002658225273940666,0.25859859677719,5.947516109684211,673.3984626265312,679.3459787362154,13.975940192022906,5060.293350921306,5074.269291113329,0.0021779554608108,0.2111711117523393
2026-09-03,36,2026-09-03T17:30:00+0100,2026-09-03T16:30:00+0000,Cardiff,0.07980127557287121,0.2115032182021115,178.54746047892502,550.7606914842645,729.3081519631895,226.02906910553648,4228.281782248054,4454.31085135359,0.0352234796798405,0.176450435348164
2026-09-03,36,2026-09-03T17:30:00+0100,2026-09-03T16:30:00+0000,Edinburgh,0.24992144456591567,0.0038337878440029972,559.1745110104281,9.983297946555684,569.1578089569838,1726.8968160601114,160.22089121562914,1887.1177072757405,0.2691127966433086,0.0066861783255698
2026-09-03,36,2026-09-03T17:30:00+0100,2026-09-03T16:30:00+0000,Inverness,0.2739419238340002,0.0008064122431484182,612.9179573653275,2.099921544613952,615.0178789099415,1309.65147432735,25.81446336067478,1335.4659376880247,0.2040909263405563,0.0010772634211357
2026-09-03,36,2026-09-03T17:30:00+0100,2026-09-03T16:30:00+0000,Leeds,0.013125915980865405,0.04194521178902202,29.367938645331286,109.22658314966982,138.5945217950011,153.03654510265233,1416.7662365857323,1569.8027816883846,0.0238486122958785,0.0591230745977437
2026-09-03,36,2026-09-03T17:30:00+0100,2026-09-03T16:30:00+0000,London,0.054391483949487625,0.22139297503723798,121.69556515413244,576.5139133946776,698.20947854881,418.5794087510907,5720.713371898631,6139.292780649721,0.0652297660512842,0.2387311009430635
2026-09-03,36,2026-09-03T17:30:00+0100,2026-09-03T16:30:00+0000,Manchester,0.0554067367375834,0.02287391267679341,123.96709284284864,59.56435117116177,183.53144401401042,693.3972145269629,1002.7909266205892,1696.188141147552,0.1080562902488644,0.0418474701256349
2026-09-03,36,2026-09-03T17:30:00+0100,2026-09-03T16:30:00+0000,Newcastle,0.006730024131754919,0.007669479202116858,15.057763288375579,19.97155270065719,35.02931598903277,190.40100944935656,389.39010676449766,579.7911162138543,0.0296713432210311,0.0162496393091223
2026-09-03,36,2026-09-03T17:30:00+0100,2026-09-03T16:30:00+0000,Norwich,0.24354766669755715,0.07239398748725837,544.9138134979804,188.51610366365367,733.4299171616341,1606.1319874008573,2519.9833280661,4126.115315466957,0.2502932815023932,0.1051614292061136
2026-09-03,37,2026-09-03T18:00:00+0100,2026-09-03T17:00:00+0000,Birmingham,0.018835809214526825,0.17017033973521642,40.576448461677536,281.42101170346444,321.997460165142,78.90053508405734,3438.7455423187716,3517.646077402829,0.012295548556032,0.1435022969711126
2026-09-03,37,2026-09-03T18:00:00+0100,2026-09-03T17:00:00+0000,Bristol,0.0022705026070802955,0.26944698873304773,4.891158695069234,445.6008273104118,450.491986005481,13.975940192022906,5060.293350921306,5074.269291113329,0.0021779554608108,0.2111711117523393
2026-09-03,37,2026-09-03T18:00:00+0100,2026-09-03T17:00:00+0000,Cardiff,0.09583208355950945,0.20494061052741191,206.44324622531457,338.92271734011405,545.3659635654286,226.02906910553648,4228.281782248054,4454.31085135359,0.0352234796798405,0.176450435348164
2026-09-03,37,2026-09-03T18:00:00+0100,2026-09-03T17:00:00+0000,Edinburgh,0.27401556864559545,0.003971939008946906,590.2894041987979,6.568636438415537,596.8580406372134,1726.8968160601114,160.22089121562914,1887.1177072757405,0.2691127966433086,0.0066861783255698
2026-09-03,37,2026-09-03T18:00:00+0100,2026-09-03T17:00:00+0000,Inverness,0.25903730975443445,0.0006033123160271542,558.0229619652395,0.9977341680912526,559.0206961333307,1309.65147432735,25.81446336067478,1335.4659376880247,0.2040909263405563,0.0010772634211357
2026-09-03,37,2026-09-03T18:00:00+0100,2026-09-03T17:00:00+0000,Leeds,0.011087736089226538,0.052984911553545073,23.88540608248482,87.6243617872464,111.50976786973122,153.03654510265233,1416.7662365857323,1569.8027816883846,0.0238486122958785,0.0591230745977437
2026-09-03,37,2026-09-03T18:00:00+0100,2026-09-03T17:00:00+0000,London,0.038770739684108414,0.21164552128278413,83.52064425244077,350.0110349111684,433.53167916360917,418.5794087510907,5720.713371898631,6139.292780649721,0.0652297660512842,0.2387311009430635
2026-09-03,37,2026-09-03T18:00:00+0100,2026-09-03T17:00:00+0000,Manchester,0.09912860385492636,0.021301435806805595,213.54467119444715,35.22747633233436,248.7721475267815,693.3972145269629,1002.7909266205892,1696.188141147552,0.1080562902488644,0.0418474701256349
2026-09-03,37,2026-09-03T18:00:00+0100,2026-09-03T17:00:00+0000,Newcastle,0.006892598557424343,0.006576658182407184,14.848163248365516,10.876218512584163,25.72438176094968,190.40100944935656,389.39010676449766,579.7911162138543,0.0296713432210311,0.0162496393091223
2026-09-03,37,2026-09-03T18:00:00+0100,2026-09-03T17:00:00+0000,Norwich,0.1941290480331679,0.05835828285380794,418.19638448860985,96.51063180310977,514.7070162917196,1606.1319874008573,2519.9833280661,4126.115315466957,0.2502932815023932,0.1051614292061136
2026-09-03,38,2026-09-03T18:30:00+0100,2026-09-03T17:30:00+0000,Birmingham,0.017290816859230236,0.1780256776071311,36.21749879316402,162.50550774735353,198.72300654051756,78.90053508405734,3438.7455423187716,3517.646077402829,0.012295548556032,0.1435022969711126
2026-09-03,38,2026-09-03T18:30:00+0100,2026-09-03T17:30:00+0000,Bristol,0.0018552216757400442,0.27299504426048865,3.8859638239877845,249.19550301031924,253.08146683430704,13.975940192022906,5060.293350921306,5074.269291113329,0.0021779554608108,0.2111711117523393
2026-09-03,38,2026-09-03T18:30:00+0100,2026-09-03T17:30:00+0000,Cardiff,0.08271904604924811,0.19572713897634458,173.2640496311228,178.66376652405808,351.92781615518084,226.02906910553648,4228.281782248054,4454.31085135359,0.0352234796798405,0.176450435348164
2026-09-03,38,2026-09-03T18:30:00+0100,2026-09-03T17:30:00+0000,Edinburgh,0.2541596094052629,0.004396201800471412,532.3649785806558,4.0129436121119415,536.3779221927678,1726.8968160601114,160.22089121562914,1887.1177072757405,0.2691127966433086,0.0066861783255698
2026-09-03,38,2026-09-03T18:30:00+0100,2026-09-03T17:30:00+0000,Inverness,0.31273969612255587,0.0006649883569706561,655.0673492818081,0.6070150780949263,655.674364359903,1309.65147432735,25.81446336067478,1335.4659376880247,0.2040909263405563,0.0010772634211357
2026-09-03,38,2026-09-03T18:30:00+0100,2026-09-03T17:30:00+0000,Leeds,0.015626980519629585,0.05594585691701664,32.73241239660428,51.068531275155806,83.80094367176008,153.03654510265233,1416.7662365857323,1569.8027816883846,0.0238486122958785,0.0591230745977437
2026-09-03,38,2026-09-03T18:30:00+0100,2026-09-03T17:30:00+0000,London,0.04057097888216823,0.202208770265537,84.98033324076428,184.58033315556267,269.56066639632695,418.5794087510907,5720.713371898631,6139.292780649721,0.0652297660512842,0.2387311009430635
2026-09-03,38,2026-09-03T18:30:00+0100,2026-09-03T17:30:00+0000,Manchester,0.08200913942828737,0.01962029618130488,171.77707290832097,17.90981074164267,189.68688364996365,693.3972145269629,1002.7909266205892,1696.188141147552,0.1080562902488644,0.0418474701256349
2026-09-03,38,2026-09-03T18:30:00+0100,2026-09-03T17:30:00+0000,Newcastle,0.003475032649509725,0.005950360622854279,7.278834297677421,5.431611817429532,12.710446115106954,190.40100944935656,389.39010676449766,579.7911162138543,0.0296713432210311,0.0162496393091223
2026-09-03,38,2026-09-03T18:30:00+0100,2026-09-03T17:30:00+0000,Norwich,0.1895534784083679,0.06446566501188083,397.04040193048075,58.84558770305652,455.8859896335373,1606.1319874008573,2519.9833280661,4126.115315466957,0.2502932815023932,0.1051614292061136
2026-09-03,39,2026-09-03T19:00:00+0100,2026-09-03T18:00:00+0000,Birmingham,0.015666982937776942,0.20219103474380792,33.2360921051649,44.872554437170386,78.1086465423353,78.90053508405734,3438.7455423187716,3517.646077402829,0.012295548556032,0.1435022969711126
2026-09-03,39,2026-09-03T19:00:00+0100,2026-09-03T18:00:00+0000,Bristol,0.0014844888860561477,0.283909919006732,3.149209362262613,63.008546902312005,66.15775626457462,13.975940192022906,5060.293350921306,5074.269291113329,0.0021779554608108,0.2111711117523393
2026-09-03,39,2026-09-03T19:00:00+0100,2026-09-03T18:00:00+0000,Cardiff,0.07026910130384724,0.1673837584457391,149.06956446926597,37.14772429089924,186.21728876016522,226.02906910553648,4228.281782248054,4454.31085135359,0.0352234796798405,0.176450435348164
2026-09-03,39,2026-09-03T19:00:00+0100,2026-09-03T18:00:00+0000,Edinburgh,0.2327431131160182,0.005701360412890753,493.74353537557465,1.265311322124303,495.00884669769897,1726.8968160601114,160.22089121562914,1887.1177072757405,0.2691127966433086,0.0066861783255698
2026-09-03,39,2026-09-03T19:00:00+0100,2026-09-03T18:00:00+0000,Inverness,0.3665076828643211,0.0008547222144416082,777.5130127675751,0.18968976119434225,777.7027025287695,1309.65147432735,25.81446336067478,1335.4659376880247,0.2040909263405563,0.0010772634211357
2026-09-03,39,2026-09-03T19:00:00+0100,2026-09-03T18:00:00+0000,Leeds,0.020791664112874385,0.06505460606787114,44.10764128739127,14.437664636654329,58.54530592404559,153.03654510265233,1416.7662365857323,1569.8027816883846,0.0238486122958785,0.0591230745977437
2026-09-03,39,2026-09-03T19:00:00+0100,2026-09-03T18:00:00+0000,London,0.04180869316874877,0.17317851564631814,88.69337398731369,38.43376329981297,127.12713728712666,418.5794087510907,5720.713371898631,6139.292780649721,0.0652297660512842,0.2387311009430635
2026-09-03,39,2026-09-03T19:00:00+0100,2026-09-03T18:00:00+0000,Manchester,0.06652857776257404,0.014448610365969998,141.1343809413943,3.2066014005515076,144.34098234194582,693.3972145269629,1002.7909266205892,1696.188141147552,0.1080562902488644,0.0418474701256349
2026-09-03,39,2026-09-03T19:00:00+0100,2026-09-03T18:00:00+0000,Newcastle,0.0014553370359472132,0.0040236829360119995,3.0873663399586655,0.892981886228966,3.9803482261876315,190.40100944935656,389.39010676449766,579.7911162138543,0.0296713432210311,0.0162496393091223
2026-09-03,39,2026-09-03T19:00:00+0100,2026-09-03T18:00:00+0000,Norwich,0.18274435881183596,0.08325379016021738,387.6756849287351,18.47663639388701,406.15232132262213,1606.1319874008573,2519.9833280661,4126.115315466957,0.2502932815023932,0.1051614292061136
2026-09-03,40,2026-09-03T19:30:00+0100,2026-09-03T18:30:00+0000,Birmingham,0.01635644899389428,0.20218040040045115,38.42538179924641,8.904865179033726,47.33024697828014,78.90053508405734,3438.7455423187716,3517.646077402829,0.012295548556032,0.1435022969711126
2026-09-03,40,2026-09-03T19:30:00+0100,2026-09-03T18:30:00+0000,Bristol,0.0019985098765293156,0.2838949866158625,4.694998594369115,12.50391519559083,17.198913789959946,13.975940192022906,5060.293350921306,5074.269291113329,0.0021779554608108,0.2111711117523393
2026-09-03,40,2026-09-03T19:30:00+0100,2026-09-03T18:30:00+0000,Cardiff,0.058971385443121145,0.16737495480930728,138.53850562113632,7.371888689366836,145.91039431050316,226.02906910553648,4228.281782248054,4454.31085135359,0.0352234796798405,0.176450435348164
2026-09-03,40,2026-09-03T19:30:00+0100,2026-09-03T18:30:00+0000,Edinburgh,0.2740321786853934,0.00570106054685412,643.7699952597435,0.2510984024499486,644.0210936621935,1726.8968160601114,160.22089121562914,1887.1177072757405,0.2691127966433086,0.0066861783255698
2026-09-03,40,2026-09-03T19:30:00+0100,2026-09-03T18:30:00+0000,Inverness,0.2986742010078503,0.0009072727835640042,701.6602571619095,0.03996006438923877,701.7002172262987,1309.65147432735,25.81446336067478,1335.4659376880247,0.2040909263405563,0.0010772634211357
2026-09-03,40,2026-09-03T19:30:00+0100,2026-09-03T18:30:00+0000,Leeds,0.016792320636934567,0.06505118448679688,39.44935309677805,2.865124544436721,42.314477641214765,153.03654510265233,1416.7662365857323,1569.8027816883846,0.0238486122958785,0.0591230745977437
2026-09-03,40,2026-09-03T19:30:00+0100,2026-09-03T18:30:00+0000,London,0.04161237938666191,0.17316940723159677,97.75786701040411,7.627100458186233,105.38496746859035,418.5794087510907,5720.713371898631,6139.292780649721,0.0652297660512842,0.2387311009430635
2026-09-03,40,2026-09-03T19:30:00+0100,2026-09-03T18:30:00+0000,Manchester,0.055746390001380854,0.01444785043374128,130.9621862625788,0.6363433843462848,131.59852964692507,693.3972145269629,1002.7909266205892,1696.188141147552,0.1080562902488644,0.0418474701256349
2026-09-03,40,2026-09-03T19:30:00+0100,2026-09-03T18:30:00+0000,Newcastle,0.0022128662961873992,0.004023471308300838,5.198575334623436,0.17721039962907034,5.3757857342525055,190.40100944935656,389.39010676449766,579.7911162138543,0.0296713432210311,0.0162496393091223
2026-09-03,40,2026-09-03T19:30:00+0100,2026-09-03T18:30:00+0000,Norwich,0.2336033196720469,0.08324941138352515,548.792513052227,3.666650096329282,552.4591631485563,1606.1319874008573,2519.9833280661,4126.115315466957,0.2502932815023932,0.1051614292061136
2026-09-03,41,2026-09-03T20:00:00+0100,2026-09-03T19:00:00+0000,Birmingham,0.016632563194650476,0.0,41.25853644236245,0.0,41.25853644236245,78.90053508405734,3438.7455423187716,3517.646077402829,0.012295548556032,0.1435022969711126
2026-09-03,41,2026-09-03T20:00:00+0100,2026-09-03T19:00:00+0000,Bristol,0.00251124376017959,0.0,6.2293611022232005,0.0,6.2293611022232005,13.975940192022906,5060.293350921306,5074.269291113329,0.0021779554608108,0.2111711117523393
2026-09-03,41,2026-09-03T20:00:00+0100,2026-09-03T19:00:00+0000,Cardiff,0.04856122742927428,0.0,120.46039736202353,0.0,120.46039736202353,226.02906910553648,4228.281782248054,4454.31085135359,0.0352234796798405,0.176450435348164
2026-09-03,41,2026-09-03T20:00:00+0100,2026-09-03T19:00:00+0000,Edinburgh,0.3092568321481612,0.0,767.138782514189,0.0,767.138782514189,1726.8968160601114,160.22089121562914,1887.1177072757405,0.2691127966433086,0.0066861783255698
2026-09-03,41,2026-09-03T20:00:00+0100,2026-09-03T19:00:00+0000,Inverness,0.23848829716234812,1.0,591.5912048188962,0.0,591.5912048188962,1309.65147432735,25.81446336067478,1335.4659376880247,0.2040909263405563,0.0010772634211357
2026-09-03,41,2026-09-03T20:00:00+0100,2026-09-03T19:00:00+0000,Leeds,0.013281433004164359,0.0,32.94576315124747,0.0,32.94576315124747,153.03654510265233,1416.7662365857323,1569.8027816883846,0.0238486122958785,0.0591230745977437
2026-09-03,41,2026-09-03T20:00:00+0100,2026-09-03T19:00:00+0000,London,0.040508321982752456,0.0,100.48445685640853,0.0,100.48445685640853,418.5794087510907,5720.713371898631,6139.292780649721,0.0652297660512842,0.2387311009430635
2026-09-03,41,2026-09-03T20:00:00+0100,2026-09-03T19:00:00+0000,Manchester,0.04583222962199467,0.0,113.6908781865914,0.0,113.6908781865914,693.3972145269629,1002.7909266205892,1696.188141147552,0.1080562902488644,0.0418474701256349
2026-09-03,41,2026-09-03T20:00:00+0100,2026-09-03T19:00:00+0000,Newcastle,0.003043918560031113,0.0,7.550707811350436,0.0,7.550707811350436,190.40100944935656,389.39010676449766,579.7911162138543,0.0296713432210311,0.0162496393091223
2026-09-03,41,2026-09-03T20:00:00+0100,2026-09-03T19:00:00+0000,Norwich,0.2818839331364437,0.0,699.237898074965,0.0,699.237898074965,1606.1319874008573,2519.9833280661,4126.115315466957,0.2502932815023932,0.1051614292061136
2026-09-03,42,2026-09-03T20:30:00+0100,2026-09-03T19:30:00+0000,Birmingham,0.018374296404853007,0.0,50.79549214692718,0.0,50.79549214692718,78.90053508405734,3438.7455423187716,3517.646077402829,0.012295548556032,0.1435022969711126
2026-09-03,42,2026-09-03T20:30:00+0100,2026-09-03T19:30:00+0000,Bristol,0.0028262095278734694,0.0,7.813017745852351,0.0,7.813017745852351,13.975940192022906,5060.293350921306,5074.269291113329,0.0021779554608108,0.2111711117523393
2026-09-03,42,2026-09-03T20:30:00+0100,2026-09-03T19:30:00+0000,Cardiff,0.07274849281659337,0.0,201.11221753177216,0.0,201.11221753177216,226.02906910553648,4228.281782248054,4454.31085135359,0.0352234796798405,0.176450435348164
2026-09-03,42,2026-09-03T20:30:00+0100,2026-09-03T19:30:00+0000,Edinburgh,0.3326561959930129,0.0,919.6235229299347,0.0,919.6235229299347,1726.8968160601114,160.22089121562914,1887.1177072757405,0.2691127966433086,0.0066861783255698
2026-09-03,42,2026-09-03T20:30:00+0100,2026-09-03T19:30:00+0000,Inverness,0.21589109897783754,1.0,596.828002612596,0.0,596.828002612596,1309.65147432735,25.81446336067478,1335.4659376880247,0.2040909263405563,0.0010772634211357
2026-09-03,42,2026-09-03T20:30:00+0100,2026-09-03T19:30:00+0000,Leeds,0.011863897958085725,0.0,32.79758431472358,0.0,32.79758431472358,153.03654510265233,1416.7662365857323,1569.8027816883846,0.0238486122958785,0.0591230745977437
2026-09-03,42,2026-09-03T20:30:00+0100,2026-09-03T19:30:00+0000,London,0.04016513421487738,0.0,111.03596647397185,0.0,111.03596647397185,418.5794087510907,5720.713371898631,6139.292780649721,0.0652297660512842,0.2387311009430635
2026-09-03,42,2026-09-03T20:30:00+0100,2026-09-03T19:30:00+0000,Manchester,0.04437721164162598,0.0,122.68019715026313,0.0,122.68019715026313,693.3972145269629,1002.7909266205892,1696.188141147552,0.1080562902488644,0.0418474701256349
2026-09-03,42,2026-09-03T20:30:00+0100,2026-09-03T19:30:00+0000,Newcastle,0.011509309493096483,0.0,31.81732933287868,0.0,31.81732933287868,190.40100944935656,389.39010676449766,579.7911162138543,0.0296713432210311,0.0162496393091223
2026-09-03,42,2026-09-03T20:30:00+0100,2026-09-03T19:30:00+0000,Norwich,0.24958815297214415,0.0,689.9830494142957,0.0,689.9830494142957,1606.1319874008573,2519.9833280661,4126.115315466957,0.2502932815023932,0.1051614292061136
2026-09-03,43,2026-09-03T21:00:00+0100,2026-09-03T20:00:00+0000,Birmingham,0.01980699444858079,0.1435022969711127,59.98960125030271,0.0,59.98960125030271,78.90053508405734,3438.7455423187716,3517.646077402829,0.012295548556032,0.1435022969711126
2026-09-03,43,2026-09-03T21:00:00+0100,2026-09-03T20:00:00+0000,Bristol,0.0030994891723304537,0.21117111175233944,9.387447449961671,0.0,9.387447449961671,13.975940192022906,5060.293350921306,5074.269291113329,0.0021779554608108,0.2111711117523393
2026-09-03,43,2026-09-03T21:00:00+0100,2026-09-03T20:00:00+0000,Cardiff,0.10157572387797215,0.1764504353481641,307.64320088891685,0.0,307.64320088891685,226.02906910553648,4228.281782248054,4454.31085135359,0.0352234796798405,0.176450435348164
2026-09-03,43,2026-09-03T21:00:00+0100,2026-09-03T20:00:00+0000,Edinburgh,0.3497129883134219,0.006686178325569805,1059.1785025959427,0.0,1059.1785025959427,1726.8968160601114,160.22089121562914,1887.1177072757405,0.2691127966433086,0.0066861783255698
2026-09-03,43,2026-09-03T21:00:00+0100,2026-09-03T20:00:00+0000,Inverness,0.1908253898514627,0.0010772634211357007,577.9543723981327,0.0,577.9543723981327,1309.65147432735,25.81446336067478,1335.4659376880247,0.2040909263405563,0.0010772634211357
2026-09-03,43,2026-09-03T21:00:00+0100,2026-09-03T20:00:00+0000,Leeds,0.01033805153787674,0.05912307459774374,31.31093872279755,0.0,31.31093872279755,153.03654510265233,1416.7662365857323,1569.8027816883846,0.0238486122958785,0.0591230745977437
2026-09-03,43,2026-09-03T21:00:00+0100,2026-09-03T20:00:00+0000,London,0.0390015882852756,0.23873110094306366,118.12441990813018,0.0,118.12441990813018,418.5794087510907,5720.713371898631,6139.292780649721,0.0652297660512842,0.2387311009430635
2026-09-03,43,2026-09-03T21:00:00+0100,2026-09-03T20:00:00+0000,Manchester,0.04207077047978033,0.04184747012563493,127.42007637387228,0.0,127.42007637387228,693.3972145269629,1002.7909266205892,1696.188141147552,0.1080562902488644,0.0418474701256349
2026-09-03,43,2026-09-03T21:00:00+0100,2026-09-03T20:00:00+0000,Newcastle,0.02813860820877228,0.01624963930912231,85.22362595520866,0.0,85.22362595520866,190.40100944935656,389.39010676449766,579.7911162138543,0.0296713432210311,0.0162496393091223
2026-09-03,43,2026-09-03T21:00:00+0100,2026-09-03T20:00:00+0000,Norwich,0.21543039582452697,0.10516142920611367,652.4757492237421,0.0,652.4757492237421,1606.1319874008573,2519.9833280661,4126.115315466957,0.2502932815023932,0.1051614292061136
2026-09-03,44,2026-09-03T21:30:00+0100,2026-09-03T20:30:00+0000,Birmingham,0.01694423599459029,0.1435022969711127,50.797722619168454,0.0,50.797722619168454,78.90053508405734,3438.7455423187716,3517.646077402829,0.012295548556032,0.1435022969711126
2026-09-03,44,2026-09-03T21:30:00+0100,2026-09-03T20:30:00+0000,Bristol,0.0024518016820050097,0.21117111175233944,7.350342724184458,0.0,7.350342724184458,13.975940192022906,5060.293350921306,5074.269291113329,0.0021779554608108,0.2111711117523393
2026-09-03,44,2026-09-03T21:30:00+0100,2026-09-03T20:30:00+0000,Cardiff,0.07794558703627372,0.1764504353481641,233.67582409268869,0.0,233.67582409268869,226.02906910553648,4228.281782248054,4454.31085135359,0.0352234796798405,0.176450435348164
2026-09-03,44,2026-09-03T21:30:00+0100,2026-09-03T20:30:00+0000,Edinburgh,0.32542488127342273,0.006686178325569805,975.6027275340641,0.0,975.6027275340641,1726.8968160601114,160.22089121562914,1887.1177072757405,0.2691127966433086,0.0066861783255698
2026-09-03,44,2026-09-03T21:30:00+0100,2026-09-03T20:30:00+0000,Inverness,0.1602289098935462,0.0010772634211357007,480.3558993714843,0.0,480.3558993714843,1309.65147432735,25.81446336067478,1335.4659376880247,0.2040909263405563,0.0010772634211357
2026-09-03,44,2026-09-03T21:30:00+0100,2026-09-03T20:30:00+0000,Leeds,0.0095341839621323,0.05912307459774374,28.582866318855928,0.0,28.582866318855928,153.03654510265233,1416.7662365857323,1569.8027816883846,0.0238486122958785,0.0591230745977437
2026-09-03,44,2026-09-03T21:30:00+0100,2026-09-03T20:30:00+0000,London,0.039270029307493376,0.23873110094306366,117.72900570114486,0.0,117.72900570114486,418.5794087510907,5720.713371898631,6139.292780649721,0.0652297660512842,0.2387311009430635
2026-09-03,44,2026-09-03T21:30:00+0100,2026-09-03T20:30:00+0000,Manchester,0.046934070007109176,0.04184747012563493,140.70530358352778,0.0,140.70530358352778,693.3972145269629,1002.7909266205892,1696.188141147552,0.1080562902488644,0.0418474701256349
2026-09-03,44,2026-09-03T21:30:00+0100,2026-09-03T20:30:00+0000,Newcastle,0.020497521915739014,0.01624963930912231,61.450243787236246,0.0,61.450243787236246,190.40100944935656,389.39010676449766,579.7911162138543,0.0296713432210311,0.0162496393091223
2026-09-03,44,2026-09-03T21:30:00+0100,2026-09-03T20:30:00+0000,Norwich,0.3007687789276882,0.10516142920611367,901.6853288252453,0.0,901.6853288252453,1606.1319874008573,2519.9833280661,4126.115315466957,0.2502932815023932,0.1051614292061136
2026-09-03,45,2026-09-03T22:00:00+0100,2026-09-03T21:00:00+0000,Birmingham,0.014145898906162514,0.1435022969711127,42.35617171239644,0.0,42.35617171239644,78.90053508405734,3438.7455423187716,3517.646077402829,0.012295548556032,0.1435022969711126
2026-09-03,45,2026-09-03T22:00:00+0100,2026-09-03T21:00:00+0000,Bristol,0.0018837322628282843,0.21117111175233944,5.640340547731274,0.0,5.640340547731274,13.975940192022906,5060.293350921306,5074.269291113329,0.0021779554608108,0.2111711117523393
2026-09-03,45,2026-09-03T22:00:00+0100,2026-09-03T21:00:00+0000,Cardiff,0.0579154866406371,0.1764504353481641,173.41268400335937,0.0,173.41268400335937,226.02906910553648,4228.281782248054,4454.31085135359,0.0352234796798405,0.176450435348164
2026-09-03,45,2026-09-03T22:00:00+0100,2026-09-03T21:00:00+0000,Edinburgh,0.2956251289075039,0.006686178325569805,885.1716533228358,0.0,885.1716533228358,1726.8968160601114,160.22089121562914,1887.1177072757405,0.2691127966433086,0.0066861783255698
2026-09-03,45,2026-09-03T22:00:00+0100,2026-09-03T21:00:00+0000,Inverness,0.13119986795001384,0.0010772634211357007,392.8434786928684,0.0,392.8434786928684,1309.65147432735,25.81446336067478,1335.4659376880247,0.2040909263405563,0.0010772634211357
2026-09-03,45,2026-09-03T22:00:00+0100,2026-09-03T21:00:00+0000,Leeds,0.008585417505778669,0.05912307459774374,25.706773426675436,0.0,25.706773426675436,153.03654510265233,1416.7662365857323,1569.8027816883846,0.0238486122958785,0.0591230745977437
2026-09-03,45,2026-09-03T22:00:00+0100,2026-09-03T21:00:00+0000,London,0.03845301610734118,0.23873110094306366,115.13743763519707,0.0,115.13743763519707,418.5794087510907,5720.713371898631,6139.292780649721,0.0652297660512842,0.2387311009430635
2026-09-03,45,2026-09-03T22:00:00+0100,2026-09-03T21:00:00+0000,Manchester,0.050388976171448885,0.04184747012563493,150.87652904121651,0.0,150.87652904121651,693.3972145269629,1002.7909266205892,1696.188141147552,0.1080562902488644,0.0418474701256349
2026-09-03,45,2026-09-03T22:00:00+0100,2026-09-03T21:00:00+0000,Newcastle,0.014357368367555618,0.01624963930912231,42.98936136532067,0.0,42.98936136532067,190.40100944935656,389.39010676449766,579.7911162138543,0.0296713432210311,0.0162496393091223
2026-09-03,45,2026-09-03T22:00:00+0100,2026-09-03T21:00:00+0000,Norwich,0.38744510718073005,0.10516142920611367,1160.102415388088,0.0,1160.102415388088,1606.1319874008573,2519.9833280661,4126.115315466957,0.2502932815023932,0.1051614292061136
2026-09-03,46,2026-09-03T22:30:00+0100,2026-09-03T21:30:00+0000,Birmingham,0.012411627384491149,0.1435022969711127,38.42436996078219,0.0,38.42436996078219,78.90053508405734,3438.7455423187716,3517.646077402829,0.012295548556032,0.1435022969711126
2026-09-03,46,2026-09-03T22:30:00+0100,2026-09-03T21:30:00+0000,Bristol,0.0016586226846137437,0.21117111175233944,5.134824764283487,0.0,5.134824764283487,13.975940192022906,5060.293350921306,5074.269291113329,0.0021779554608108,0.2111711117523393
2026-09-03,46,2026-09-03T22:30:00+0100,2026-09-03T21:30:00+0000,Cardiff,0.05514971239986624,0.1764504353481641,170.7344965198595,0.0,170.7344965198595,226.02906910553648,4228.281782248054,4454.31085135359,0.0352234796798405,0.176450435348164
2026-09-03,46,2026-09-03T22:30:00+0100,2026-09-03T21:30:00+0000,Edinburgh,0.3119769806476,0.006686178325569805,965.8297459549966,0.0,965.8297459549966,1726.8968160601114,160.22089121562914,1887.1177072757405,0.2691127966433086,0.0066861783255698
2026-09-03,46,2026-09-03T22:30:00+0100,2026-09-03T21:30:00+0000,Inverness,0.13642160141994084,0.0010772634211357007,422.33898273099686,0.0,422.33898273099686,1309.65147432735,25.81446336067478,1335.4659376880247,0.2040909263405563,0.0010772634211357
2026-09-03,46,2026-09-03T22:30:00+0100,2026-09-03T21:30:00+0000,Leeds,0.009121221041331572,0.05912307459774374,28.237809670642484,0.0,28.237809670642484,153.03654510265233,1416.7662365857323,1569.8027816883846,0.0238486122958785,0.0591230745977437
2026-09-03,46,2026-09-03T22:30:00+0100,2026-09-03T21:30:00+0000,London,0.040418492573642884,0.23873110094306366,125.12904744847474,0.0,125.12904744847474,418.5794087510907,5720.713371898631,6139.292780649721,0.0652297660512842,0.2387311009430635
2026-09-03,46,2026-09-03T22:30:00+0100,2026-09-03T21:30:00+0000,Manchester,0.0547434608276559,0.04184747012563493,169.4768080456418,0.0,169.4768080456418,693.3972145269629,1002.7909266205892,1696.188141147552,0.1080562902488644,0.0418474701256349
2026-09-03,46,2026-09-03T22:30:00+0100,2026-09-03T21:30:00+0000,Newcastle,0.009961242072108946,0.01624963930912231,30.838377498013713,0.0,30.838377498013713,190.40100944935656,389.39010676449766,579.7911162138543,0.0296713432210311,0.0162496393091223
2026-09-03,46,2026-09-03T22:30:00+0100,2026-09-03T21:30:00+0000,Norwich,0.36813703894874883,0.10516142920611367,1139.6921082652643,0.0,1139.6921082652643,1606.1319874008573,2519.9833280661,4126.115315466957,0.2502932815023932,0.1051614292061136
2026-09-03,47,2026-09-03T23:00:00+0100,2026-09-03T22:00:00+0000,Birmingham,0.010804184062107808,0.1435022969711127,34.29680720898844,0.0,34.29680720898844,78.90053508405734,3438.7455423187716,3517.646077402829,0.012295548556032,0.1435022969711126
2026-09-03,47,2026-09-03T23:00:00+0100,2026-09-03T22:00:00+0000,Bristol,0.001449337078536038,0.21117111175233944,4.6007763360606315,0.0,4.6007763360606315,13.975940192022906,5060.293350921306,5074.269291113329,0.0021779554608108,0.2111711117523393
2026-09-03,47,2026-09-03T23:00:00+0100,2026-09-03T22:00:00+0000,Cardiff,0.05233812265995475,0.1764504353481641,166.14216235396694,0.0,166.14216235396694,226.02906910553648,4228.281782248054,4454.31085135359,0.0352234796798405,0.176450435348164
2026-09-03,47,2026-09-03T23:00:00+0100,2026-09-03T22:00:00+0000,Edinburgh,0.32783454862940775,0.006686178325569805,1040.6781526632926,0.0,1040.6781526632926,1726.8968160601114,160.22089121562914,1887.1177072757405,0.2691127966433086,0.0066861783255698
2026-09-03,47,2026-09-03T23:00:00+0100,2026-09-03T22:00:00+0000,Inverness,0.1413259446356202,0.0010772634211357007,448.62514826968106,0.0,448.62514826968106,1309.65147432735,25.81446336067478,1335.4659376880247,0.2040909263405563,0.0010772634211357
2026-09-03,47,2026-09-03T23:00:00+0100,2026-09-03T22:00:00+0000,Leeds,0.009646464155933242,0.05912307459774374,30.62174056852518,0.0,30.62174056852518,153.03654510265233,1416.7662365857323,1569.8027816883846,0.0238486122958785,0.0591230745977437
2026-09-03,47,2026-09-03T23:00:00+0100,2026-09-03T22:00:00+0000,London,0.04231075394363183,0.23873110094306366,134.31127816130393,0.0,134.31127816130393,418.5794087510907,5720.713371898631,6139.292780649721,0.0652297660512842,0.2387311009430635
2026-09-03,47,2026-09-03T23:00:00+0100,2026-09-03T22:00:00+0000,Manchester,0.059134472633378746,0.04184747012563493,187.71649905754415,0.0,187.71649905754415,693.3972145269629,1002.7909266205892,1696.188141147552,0.1080562902488644,0.0418474701256349
2026-09-03,47,2026-09-03T23:00:00+0100,2026-09-03T22:00:00+0000,Newcastle,0.006570286471397833,0.01624963930912231,20.856720611384553,0.0,20.856720611384553,190.40100944935656,389.39010676449766,579.7911162138543,0.0296713432210311,0.0162496393091223
2026-09-03,47,2026-09-03T23:00:00+0100,2026-09-03T22:00:00+0000,Norwich,0.3485858857300317,0.10516142920611367,1106.5512073777993,0.0,1106.5512073777993,1606.1319874008573,2519.9833280661,4126.115315466957,0.2502932815023932,0.1051614292061136
2026-09-03,48,2026-09-03T23:30:00+0100,2026-09-03T22:30:00+0000,Birmingham,0.012503371406113985,0.1435022969711127,40.60357807214177,0.0,40.60357807214177,78.90053508405734,3438.7455423187716,3517.646077402829,0.012295548556032,0.1435022969711126
2026-09-03,48,2026-09-03T23:30:00+0100,2026-09-03T22:30:00+0000,Bristol,0.0017866823492613292,0.21117111175233944,5.802090804315079,0.0,5.802090804315079,13.975940192022906,5060.293350921306,5074.269291113329,0.0021779554608108,0.2111711117523393
2026-09-03,48,2026-09-03T23:30:00+0100,2026-09-03T22:30:00+0000,Cardiff,0.06942867824116027,0.1764504353481641,225.46341029524896,0.0,225.46341029524896,226.02906910553648,4228.281782248054,4454.31085135359,0.0352234796798405,0.176450435348164
2026-09-03,48,2026-09-03T23:30:00+0100,2026-09-03T22:30:00+0000,Edinburgh,0.34087023138428174,0.006686178325569805,1106.9455271650065,0.0,1106.9455271650065,1726.8968160601114,160.22089121562914,1887.1177072757405,0.2691127966433086,0.0066861783255698
2026-09-03,48,2026-09-03T23:30:00+0100,2026-09-03T22:30:00+0000,Inverness,0.12660359960943793,0.0010772634211357007,411.13384334422983,0.0,411.13384334422983,1309.65147432735,25.81446336067478,1335.4659376880247,0.2040909263405563,0.0010772634211357
2026-09-03,48,2026-09-03T23:30:00+0100,2026-09-03T22:30:00+0000,Leeds,0.01174657971534502,0.05912307459774374,38.14596488107395,0.0,38.14596488107395,153.03654510265233,1416.7662365857323,1569.8027816883846,0.0238486122958785,0.0591230745977437
2026-09-03,48,2026-09-03T23:30:00+0100,2026-09-03T22:30:00+0000,London,0.041915312015343625,0.23873110094306366,136.11621926234827,0.0,136.11621926234827,418.5794087510907,5720.713371898631,6139.292780649721,0.0652297660512842,0.2387311009430635
2026-09-03,48,2026-09-03T23:30:00+0100,2026-09-03T22:30:00+0000,Manchester,0.0634688555145673,0.04184747012563493,206.10942011808663,0.0,206.10942011808663,693.3972145269629,1002.7909266205892,1696.188141147552,0.1080562902488644,0.0418474701256349
2026-09-03,48,2026-09-03T23:30:00+0100,2026-09-03T22:30:00+0000,Newcastle,0.005227889419972385,0.01624963930912231,16.977102360774065,0.0,16.977102360774065,190.40100944935656,389.39010676449766,579.7911162138543,0.0296713432210311,0.0162496393091223
2026-09-03,48,2026-09-03T23:30:00+0100,2026-09-03T22:30:00+0000,Norwich,0.3264488003445165,0.10516142920611367,1060.113222331705,0.0,1060.113222331705,1606.1319874008573,2519.9833280661,4126.115315466957,0.2502932815023932,0.1051614292061136
