target_date,settlement_period,valid_time_utc,zone,zone_underlying_demand_mw,zone_demand_share,national_demand_mw,national_embedded_wind_solar_mw,national_underlying_demand_proxy_mw,annual_consumption_gwh,annual_consumption_share,zone_daily_profile_share,profile_observations,publish_time_utc
2026-09-03T00:00:00,1,2026-09-02T23:00:00+0000,Birmingham,3264.1634957688007,0.13459285420748723,21770,2482.130731523037,24252.130731523037,32348.0176877,0.13130812512403575,0.01851811807129368,66,2026-09-02T11:48:00+0000
2026-09-03T00:00:00,1,2026-09-02T23:00:00+0000,Bristol,1751.8850050272824,0.07223633355852621,21770,2482.130731523037,24252.130731523037,16781.7630635,0.06812107825024062,0.01915757909838246,66,2026-09-02T11:48:00+0000
2026-09-03T00:00:00,1,2026-09-02T23:00:00+0000,Cardiff,1988.071049241089,0.08197510854817323,21770,2482.130731523037,24252.130731523037,18729.45612165,0.07602721723692794,0.019479569376366104,44,2026-09-02T11:48:00+0000
2026-09-03T00:00:00,1,2026-09-02T23:00:00+0000,Edinburgh,1506.100666183666,0.06210178737928495,21770,2482.130731523037,24252.130731523037,16937.6618156,0.0687539075334771,0.01631823414651682,40,2026-09-02T11:48:00+0000
2026-09-03T00:00:00,1,2026-09-02T23:00:00+0000,Inverness,390.91196845411565,0.01611866490336894,21770,2482.130731523037,24252.130731523037,4393.9896549000005,0.01783622566827993,0.0163264797631349,18,2026-09-02T11:48:00+0000
2026-09-03T00:00:00,1,2026-09-02T23:00:00+0000,Leeds,2263.795427735485,0.09334418706530363,21770,2482.130731523037,24252.130731523037,23703.4700297,0.09621789621183369,0.017526607746855744,66,2026-09-02T11:48:00+0000
2026-09-03T00:00:00,1,2026-09-02T23:00:00+0000,London,7889.589514075326,0.3253153135868759,21770,2482.130731523037,24252.130731523037,79800.8774024,0.32393031610547557,0.018143428546400726,110,2026-09-02T11:48:00+0000
2026-09-03T00:00:00,1,2026-09-02T23:00:00+0000,Manchester,2988.6935576434144,0.12323426715487296,21770,2482.130731523037,24252.130731523037,31337.7470771,0.12720720181471523,0.017501941723960544,110,2026-09-02T11:48:00+0000
2026-09-03T00:00:00,1,2026-09-02T23:00:00+0000,Newcastle,1148.0408089851267,0.04733772969040191,21770,2482.130731523037,24252.130731523037,12293.212011,0.0499010058823626,0.017138174936953045,44,2026-09-02T11:48:00+0000
2026-09-03T00:00:00,1,2026-09-02T23:00:00+0000,Norwich,1060.8792384087294,0.043743753905705014,21770,2482.130731523037,24252.130731523037,10025.7933104,0.0406970261726516,0.019418685154521047,44,2026-09-02T11:48:00+0000
2026-09-03T00:00:00,2,2026-09-02T23:30:00+0000,Birmingham,3271.80164156713,0.13526319458585476,21541,2647.410244077444,24188.410244077444,32348.0176877,0.13130812512403575,0.01838608125909706,66,2026-09-02T11:48:00+0000
2026-09-03T00:00:00,2,2026-09-02T23:30:00+0000,Bristol,1777.7580367194853,0.07349627440500234,21541,2647.410244077444,24188.410244077444,16781.7630635,0.06812107825024062,0.019256836659126645,66,2026-09-02T11:48:00+0000
2026-09-03T00:00:00,2,2026-09-02T23:30:00+0000,Cardiff,1977.6672173680884,0.08176094242705852,21541,2647.410244077444,24188.410244077444,18729.45612165,0.07602721723692794,0.01919454975906756,44,2026-09-02T11:48:00+0000
2026-09-03T00:00:00,2,2026-09-02T23:30:00+0000,Edinburgh,1500.058894341752,0.062015604961431596,21541,2647.410244077444,24188.410244077444,16937.6618156,0.0687539075334771,0.01609921625700867,40,2026-09-02T11:48:00+0000
2026-09-03T00:00:00,2,2026-09-02T23:30:00+0000,Inverness,434.62682816333256,0.01796839162961325,21541,2647.410244077444,24188.410244077444,4393.9896549000005,0.01783622566827993,0.01798073255916705,18,2026-09-02T11:48:00+0000
2026-09-03T00:00:00,2,2026-09-02T23:30:00+0000,Leeds,2226.995118164029,0.09206868478300723,21541,2647.410244077444,24188.410244077444,23703.4700297,0.09621789621183369,0.01707879468623081,66,2026-09-02T11:48:00+0000
2026-09-03T00:00:00,2,2026-09-02T23:30:00+0000,London,7837.69399900156,0.32402683433569707,21541,2647.410244077444,24188.410244077444,79800.8774024,0.32393031610547557,0.017853793953779448,110,2026-09-02T11:48:00+0000
2026-09-03T00:00:00,2,2026-09-02T23:30:00+0000,Manchester,2968.719458222725,0.12273313658344366,21541,2647.410244077444,24188.410244077444,31337.7470771,0.12720720181471523,0.01722071855935744,110,2026-09-02T11:48:00+0000
2026-09-03T00:00:00,2,2026-09-02T23:30:00+0000,Newcastle,1144.1281128165651,0.04730067421841855,21541,2647.410244077444,24188.410244077444,12293.212011,0.0499010058823626,0.016918395237567115,44,2026-09-02T11:48:00+0000
2026-09-03T00:00:00,2,2026-09-02T23:30:00+0000,Norwich,1048.9609377127788,0.04336626207047311,21541,2647.410244077444,24188.410244077444,10025.7933104,0.0406970261726516,0.019019121369705707,44,2026-09-02T11:48:00+0000
2026-09-03T00:00:00,3,2026-09-03T00:00:00+0000,Birmingham,3194.746985601101,0.1355126006992114,20832,2743.276167064905,23575.276167064905,32348.0176877,0.13130812512403575,0.018142038195716092,66,2026-09-02T11:48:00+0000
2026-09-03T00:00:00,3,2026-09-03T00:00:00+0000,Bristol,1739.3089539684956,0.0737768220250307,20832,2743.276167064905,23575.276167064905,16781.7630635,0.06812107825024062,0.019038662160697627,66,2026-09-02T11:48:00+0000
2026-09-03T00:00:00,3,2026-09-03T00:00:00+0000,Cardiff,1965.9912090914106,0.08339207545903266,20832,2743.276167064905,23575.276167064905,18729.45612165,0.07602721723692794,0.01928207133240473,44,2026-09-02T11:48:00+0000
2026-09-03T00:00:00,3,2026-09-03T00:00:00+0000,Edinburgh,1431.8304074114305,0.060734406556463755,20832,2743.276167064905,23575.276167064905,16937.6618156,0.0687539075334771,0.01552871086375727,40,2026-09-02T11:48:00+0000
2026-09-03T00:00:00,3,2026-09-03T00:00:00+0000,Inverness,453.0399328950333,0.019216739167108397,20832,2743.276167064905,23575.276167064905,4393.9896549000005,0.01783622566827993,0.018939771452184964,18,2026-09-02T11:48:00+0000
2026-09-03T00:00:00,3,2026-09-03T00:00:00+0000,Leeds,2167.17306292668,0.09192567024747139,20832,2743.276167064905,23575.276167064905,23703.4700297,0.09621789621183369,0.01679495889710004,66,2026-09-02T11:48:00+0000
2026-09-03T00:00:00,3,2026-09-03T00:00:00+0000,London,7597.951799196411,0.32228474208971897,20832,2743.276167064905,23575.276167064905,79800.8774024,0.32393031610547557,0.017489852525926216,110,2026-09-02T11:48:00+0000
2026-09-03T00:00:00,3,2026-09-03T00:00:00+0000,Manchester,2880.373437043117,0.12217771773410026,20832,2743.276167064905,23575.276167064905,31337.7470771,0.12720720181471523,0.01688411517041605,110,2026-09-02T11:48:00+0000
2026-09-03T00:00:00,3,2026-09-03T00:00:00+0000,Newcastle,1113.2595918834738,0.04722148678108458,20832,2743.276167064905,23575.276167064905,12293.212011,0.0499010058823626,0.016635212537400534,44,2026-09-02T11:48:00+0000
2026-09-03T00:00:00,3,2026-09-03T00:00:00+0000,Norwich,1031.6007870477533,0.04375773924077796,20832,2743.276167064905,23575.276167064905,10025.7933104,0.0406970261726516,0.0189012356895845,44,2026-09-02T11:48:00+0000
2026-09-03T00:00:00,4,2026-09-03T00:30:00+0000,Birmingham,3157.727235247348,0.13682845659083775,20200,2878.00083348155,23078.00083348155,32348.0176877,0.13130812512403575,0.01815214237987676,66,2026-09-02T11:48:00+0000
2026-09-03T00:00:00,4,2026-09-03T00:30:00+0000,Bristol,1722.349687618078,0.07463166762344917,20200,2878.00083348155,23078.00083348155,16781.7630635,0.06812107825024062,0.01908467171628819,66,2026-09-02T11:48:00+0000
2026-09-03T00:00:00,4,2026-09-03T00:30:00+0000,Cardiff,1944.3877502342211,0.08425286766665267,20200,2878.00083348155,23078.00083348155,18729.45612165,0.07602721723692794,0.019304504485009713,44,2026-09-02T11:48:00+0000
2026-09-03T00:00:00,4,2026-09-03T00:30:00+0000,Edinburgh,1360.6058170460537,0.05895683195712896,20200,2878.00083348155,23078.00083348155,16937.6618156,0.0687539075334771,0.014937565218057485,40,2026-09-02T11:48:00+0000
2026-09-03T00:00:00,4,2026-09-03T00:30:00+0000,Inverness,396.8127878453491,0.017194417779448787,20200,2878.00083348155,23078.00083348155,4393.9896549000005,0.01783622566827993,0.01679297253663984,18,2026-09-02T11:48:00+0000
2026-09-03T00:00:00,4,2026-09-03T00:30:00+0000,Leeds,2097.218658521441,0.09087523107628964,20200,2878.00083348155,23078.00083348155,23703.4700297,0.09621789621183369,0.016452531568703816,66,2026-09-02T11:48:00+0000
2026-09-03T00:00:00,4,2026-09-03T00:30:00+0000,London,7476.34213609881,0.32395969607783953,20200,2878.00083348155,23078.00083348155,79800.8774024,0.32393031610547557,0.017421375817229405,110,2026-09-02T11:48:00+0000
2026-09-03T00:00:00,4,2026-09-03T00:30:00+0000,Manchester,2817.270087847336,0.12207600251751625,20200,2878.00083348155,23078.00083348155,31337.7470771,0.12720720181471523,0.016717127757115268,110,2026-09-02T11:48:00+0000
2026-09-03T00:00:00,4,2026-09-03T00:30:00+0000,Newcastle,1089.8029773958601,0.0472225902607116,20200,2878.00083348155,23078.00083348155,12293.212011,0.0499010058823626,0.016484795610882917,44,2026-09-02T11:48:00+0000
2026-09-03T00:00:00,4,2026-09-03T00:30:00+0000,Norwich,1015.4836956270527,0.04400223845012561,20200,2878.00083348155,23078.00083348155,10025.7933104,0.0406970261726516,0.018834546001704044,44,2026-09-02T11:48:00+0000
2026-09-03T00:00:00,5,2026-09-03T01:00:00+0000,Birmingham,3093.699959928467,0.13653052118038603,19727,2932.401965081692,22659.40196508169,32348.0176877,0.13130812512403575,0.01790265343661137,66,2026-09-02T11:48:00+0000
2026-09-03T00:00:00,5,2026-09-03T01:00:00+0000,Bristol,1686.5126855128988,0.0744288259730697,19727,2932.401965081692,22659.40196508169,16781.7630635,0.06812107825024062,0.01881217074382531,66,2026-09-02T11:48:00+0000
2026-09-03T00:00:00,5,2026-09-03T01:00:00+0000,Cardiff,1920.2692510822428,0.08474492195519512,19727,2932.401965081692,22659.40196508169,18729.45612165,0.07602721723692794,0.019192159588452013,44,2026-09-02T11:48:00+0000
2026-09-03T00:00:00,5,2026-09-03T01:00:00+0000,Edinburgh,1333.8850548247524,0.058866736945674,19727,2932.401965081692,22659.40196508169,16937.6618156,0.0687539075334771,0.014741844780347214,40,2026-09-02T11:48:00+0000
2026-09-03T00:00:00,5,2026-09-03T01:00:00+0000,Inverness,382.85962618841006,0.016896281145389432,19727,2932.401965081692,22659.40196508169,4393.9896549000005,0.01783622566827993,0.016310505674460213,18,2026-09-02T11:48:00+0000
2026-09-03T00:00:00,5,2026-09-03T01:00:00+0000,Leeds,2093.34605171815,0.09238311121114372,19727,2932.401965081692,22659.40196508169,23703.4700297,0.09621789621183369,0.01653164169860499,66,2026-09-02T11:48:00+0000
2026-09-03T00:00:00,5,2026-09-03T01:00:00+0000,London,7301.321889436224,0.32222041432018445,19727,2932.401965081692,22659.40196508169,79800.8774024,0.32393031610547557,0.0171269769706732,110,2026-09-02T11:48:00+0000
2026-09-03T00:00:00,5,2026-09-03T01:00:00+0000,Manchester,2787.087663687684,0.12299917129245543,19727,2932.401965081692,22659.40196508169,31337.7470771,0.12720720181471523,0.016648294231083226,110,2026-09-02T11:48:00+0000
2026-09-03T00:00:00,5,2026-09-03T01:00:00+0000,Newcastle,1069.5788967188585,0.047202432719411026,19727,2932.401965081692,22659.40196508169,12293.212011,0.0499010058823626,0.016286746574102635,44,2026-09-02T11:48:00+0000
2026-09-03T00:00:00,5,2026-09-03T01:00:00+0000,Norwich,990.8408859840057,0.0437275832570912,19727,2932.401965081692,22659.40196508169,10025.7933104,0.0406970261726516,0.01850001398584883,44,2026-09-02T11:48:00+0000
2026-09-03T00:00:00,6,2026-09-03T01:30:00+0000,Birmingham,3029.2287462588442,0.13694050918380782,19147,2973.7644422650337,22120.764442265034,32348.0176877,0.13130812512403575,0.01760215894391962,66,2026-09-02T11:48:00+0000
2026-09-03T00:00:00,6,2026-09-03T01:30:00+0000,Bristol,1656.471141914923,0.0748830876183459,19147,2973.7644422650337,22120.764442265034,16781.7630635,0.06812107825024062,0.018553584641477588,66,2026-09-02T11:48:00+0000
2026-09-03T00:00:00,6,2026-09-03T01:30:00+0000,Cardiff,1867.1688676262045,0.08440797208882612,19147,2973.7644422650337,22120.764442265034,18729.45612165,0.07602721723692794,0.01873872216253055,44,2026-09-02T11:48:00+0000
2026-09-03T00:00:00,6,2026-09-03T01:30:00+0000,Edinburgh,1291.5235649322356,0.05838512354774623,19147,2973.7644422650337,22120.764442265034,16937.6618156,0.0687539075334771,0.014332779448659946,40,2026-09-02T11:48:00+0000
2026-09-03T00:00:00,6,2026-09-03T01:30:00+0000,Inverness,357.69772728036105,0.01617022450620766,19147,2973.7644422650337,22120.764442265034,4393.9896549000005,0.01783622566827993,0.015301665058868128,18,2026-09-02T11:48:00+0000
2026-09-03T00:00:00,6,2026-09-03T01:30:00+0000,Leeds,2042.3211051937587,0.09232597320604338,19147,2973.7644422650337,22120.764442265034,23703.4700297,0.09621789621183369,0.016195473043462666,66,2026-09-02T11:48:00+0000
2026-09-03T00:00:00,6,2026-09-03T01:30:00+0000,London,7111.798397275881,0.3214987626597445,19147,2973.7644422650337,22120.764442265034,79800.8774024,0.32393031610547557,0.0167514849394309,110,2026-09-02T11:48:00+0000
2026-09-03T00:00:00,6,2026-09-03T01:30:00+0000,Manchester,2748.2540219047564,0.1242386550011719,19147,2973.7644422650337,22120.764442265034,31337.7470771,0.12720720181471523,0.016484305014215845,110,2026-09-02T11:48:00+0000
2026-09-03T00:00:00,6,2026-09-03T01:30:00+0000,Newcastle,1055.8372807661015,0.0477305964503092,19147,2973.7644422650337,22120.764442265034,12293.212011,0.0499010058823626,0.0161440748192605,44,2026-09-02T11:48:00+0000
2026-09-03T00:00:00,6,2026-09-03T01:30:00+0000,Norwich,960.4635891119657,0.0434190957377972,19147,2973.7644422650337,22120.764442265034,10025.7933104,0.0406970261726516,0.018007096799987254,44,2026-09-02T11:48:00+0000
2026-09-03T00:00:00,7,2026-09-03T02:00:00+0000,Birmingham,2974.4033779563283,0.13631400676692987,18881,2939.232920318842,21820.232920318842,32348.0176877,0.13130812512403575,0.01729681242133657,66,2026-09-02T11:48:00+0000
2026-09-03T00:00:00,7,2026-09-03T02:00:00+0000,Bristol,1638.4537206793568,0.07508873652552263,18881,2939.232920318842,21820.232920318842,16781.7630635,0.06812107825024062,0.018365826434194137,66,2026-09-02T11:48:00+0000
2026-09-03T00:00:00,7,2026-09-03T02:00:00+0000,Cardiff,1851.1662563944956,0.08483714464251677,18881,2939.232920318842,21820.232920318842,18729.45612165,0.07602721723692794,0.018592343773624974,44,2026-09-02T11:48:00+0000
2026-09-03T00:00:00,7,2026-09-03T02:00:00+0000,Edinburgh,1254.516821616991,0.05749328278016657,18881,2939.232920318842,21820.232920318842,16937.6618156,0.0687539075334771,0.013932752219585558,40,2026-09-02T11:48:00+0000
2026-09-03T00:00:00,7,2026-09-03T02:00:00+0000,Inverness,346.20586444060086,0.01586627721641855,18881,2939.232920318842,21820.232920318842,4393.9896549000005,0.01783622566827993,0.014821401495985966,18,2026-09-02T11:48:00+0000
2026-09-03T00:00:00,7,2026-09-03T02:00:00+0000,Leeds,2039.6284921764695,0.09347418515762874,18881,2939.232920318842,21820.232920318842,23703.4700297,0.09621789621183369,0.016186502682376532,66,2026-09-02T11:48:00+0000
2026-09-03T00:00:00,7,2026-09-03T02:00:00+0000,London,7001.079523138238,0.32085264848932404,18881,2939.232920318842,21820.232920318842,79800.8774024,0.32393031610547557,0.016503316408017214,110,2026-09-02T11:48:00+0000
2026-09-03T00:00:00,7,2026-09-03T02:00:00+0000,Manchester,2720.9695670240308,0.12469938230999741,18881,2939.232920318842,21820.232920318842,31337.7470771,0.12720720181471523,0.016333144157866304,110,2026-09-02T11:48:00+0000
2026-09-03T00:00:00,7,2026-09-03T02:00:00+0000,Newcastle,1052.2133826479576,0.04822191341817182,18881,2939.232920318842,21820.232920318842,12293.212011,0.0499010058823626,0.016100980773400542,44,2026-09-02T11:48:00+0000
2026-09-03T00:00:00,7,2026-09-03T02:00:00+0000,Norwich,941.5959142443738,0.04315242269332362,18881,2939.232920318842,21820.232920318842,10025.7933104,0.0406970261726516,0.017666873534489595,44,2026-09-02T11:48:00+0000
2026-09-03T00:00:00,8,2026-09-03T02:30:00+0000,Birmingham,2932.716435667037,0.1365266035128443,18406,3074.915515422821,21480.91551542282,32348.0176877,0.13130812512403575,0.017062175126590175,66,2026-09-02T11:48:00+0000
2026-09-03T00:00:00,8,2026-09-03T02:30:00+0000,Bristol,1614.532036515268,0.07516123022578203,18406,3074.915515422821,21480.91551542282,16781.7630635,0.06812107825024062,0.01810593996093866,66,2026-09-02T11:48:00+0000
2026-09-03T00:00:00,8,2026-09-03T02:30:00+0000,Cardiff,1829.2500699529953,0.08515698824101023,18406,3074.915515422821,21480.91551542282,18729.45612165,0.07602721723692794,0.018380609487157938,44,2026-09-02T11:48:00+0000
2026-09-03T00:00:00,8,2026-09-03T02:30:00+0000,Edinburgh,1225.7157540876983,0.05706068501631886,18406,3074.915515422821,21480.91551542282,16937.6618156,0.0687539075334771,0.013619096742413237,40,2026-09-02T11:48:00+0000
2026-09-03T00:00:00,8,2026-09-03T02:30:00+0000,Inverness,318.7571089480966,0.014839083963587867,18406,3074.915515422821,21480.91551542282,4393.9896549000005,0.01783622566827993,0.013652520684993983,18,2026-09-02T11:48:00+0000
2026-09-03T00:00:00,8,2026-09-03T02:30:00+0000,Leeds,2000.9545920990133,0.09315034038760463,18406,3074.915515422821,21480.91551542282,23703.4700297,0.09621789621183369,0.015886831848734843,66,2026-09-02T11:48:00+0000
2026-09-03T00:00:00,8,2026-09-03T02:30:00+0000,London,6901.713779323372,0.32129514099937195,18406,3074.915515422821,21480.91551542282,79800.8774024,0.32393031610547557,0.016276509364444827,110,2026-09-02T11:48:00+0000
2026-09-03T00:00:00,8,2026-09-03T02:30:00+0000,Manchester,2686.423732701055,0.12506095146513949,18406,3074.915515422821,21480.91551542282,31337.7470771,0.12720720181471523,0.01613313390571393,110,2026-09-02T11:48:00+0000
2026-09-03T00:00:00,8,2026-09-03T02:30:00+0000,Newcastle,1046.1565635858146,0.04870167488134747,18406,3074.915515422821,21480.91551542282,12293.212011,0.0499010058823626,0.016015603435087494,44,2026-09-02T11:48:00+0000
2026-09-03T00:00:00,8,2026-09-03T02:30:00+0000,Norwich,924.6954425424726,0.04304730130699326,18406,3074.915515422821,21480.91551542282,10025.7933104,0.0406970261726516,0.017357691454478685,44,2026-09-02T11:48:00+0000
2026-09-03T00:00:00,9,2026-09-03T03:00:00+0000,Birmingham,2949.5404248010614,0.13749718349073026,18230,3221.642498552799,21451.6424985528,32348.0176877,0.13130812512403575,0.016922987074174885,66,2026-09-02T11:48:00+0000
2026-09-03T00:00:00,9,2026-09-03T03:00:00+0000,Bristol,1608.8922470675511,0.07500088849495289,18230,3221.642498552799,21451.6424985528,16781.7630635,0.06812107825024062,0.01779343170150629,66,2026-09-02T11:48:00+0000
2026-09-03T00:00:00,9,2026-09-03T03:00:00+0000,Cardiff,1840.86358681092,0.08581457512799362,18230,3221.642498552799,21451.6424985528,18729.45612165,0.07602721723692794,0.018241761904022137,44,2026-09-02T11:48:00+0000
2026-09-03T00:00:00,9,2026-09-03T03:00:00+0000,Edinburgh,1189.61747102552,0.05545577552421805,18230,3221.642498552799,21451.6424985528,16937.6618156,0.0687539075334771,0.01303539567687325,40,2026-09-02T11:48:00+0000
2026-09-03T00:00:00,9,2026-09-03T03:00:00+0000,Inverness,276.7758818845889,0.012902316543046117,18230,3221.642498552799,21451.6424985528,4393.9896549000005,0.01783622566827993,0.011690674130417092,18,2026-09-02T11:48:00+0000
2026-09-03T00:00:00,9,2026-09-03T03:00:00+0000,Leeds,2004.7923984846752,0.09345635881354658,18230,3221.642498552799,21451.6424985528,23703.4700297,0.09621789621183369,0.015697403444166633,66,2026-09-02T11:48:00+0000
2026-09-03T00:00:00,9,2026-09-03T03:00:00+0000,London,6929.861243310358,0.32304571753784683,18230,3221.642498552799,21451.6424985528,79800.8774024,0.32393031610547557,0.016117111644073992,110,2026-09-02T11:48:00+0000
2026-09-03T00:00:00,9,2026-09-03T03:00:00+0000,Manchester,2692.388804902063,0.12550968090595863,18230,3221.642498552799,21451.6424985528,31337.7470771,0.12720720181471523,0.01594558095775283,110,2026-09-02T11:48:00+0000
2026-09-03T00:00:00,9,2026-09-03T03:00:00+0000,Newcastle,1029.6076174691834,0.04799667985976571,18230,3221.642498552799,21451.6424985528,12293.212011,0.0499010058823626,0.015544498570790904,44,2026-09-02T11:48:00+0000
2026-09-03T00:00:00,9,2026-09-03T03:00:00+0000,Norwich,929.3028227968797,0.04332082370194141,18230,3221.642498552799,21451.6424985528,10025.7933104,0.0406970261726516,0.01720318466286707,44,2026-09-02T11:48:00+0000
2026-09-03T00:00:00,10,2026-09-03T03:30:00+0000,Birmingham,2933.9921960768825,0.13769232049867958,18288,3020.32122990489,21308.32122990489,32348.0176877,0.13130812512403575,0.016957778284896956,66,2026-09-02T11:48:00+0000
2026-09-03T00:00:00,10,2026-09-03T03:30:00+0000,Bristol,1596.632286414783,0.07492998951855531,18288,3020.32122990489,21308.32122990489,16781.7630635,0.06812107825024062,0.017787912822359767,66,2026-09-02T11:48:00+0000
2026-09-03T00:00:00,10,2026-09-03T03:30:00+0000,Cardiff,1823.0290500531275,0.08555479478573942,18288,3020.32122990489,21308.32122990489,18729.45612165,0.07602721723692794,0.01819810193246394,44,2026-09-02T11:48:00+0000
2026-09-03T00:00:00,10,2026-09-03T03:30:00+0000,Edinburgh,1151.0023435982216,0.054016566165844264,18288,3020.32122990489,21308.32122990489,16937.6618156,0.0687539075334771,0.012705168258358216,40,2026-09-02T11:48:00+0000
2026-09-03T00:00:00,10,2026-09-03T03:30:00+0000,Inverness,260.2652926822365,0.01221425610558989,18288,3020.32122990489,21308.32122990489,4393.9896549000005,0.01783622566827993,0.011074264637069344,18,2026-09-02T11:48:00+0000
2026-09-03T00:00:00,10,2026-09-03T03:30:00+0000,Leeds,1993.4686563529021,0.09355352938621904,18288,3020.32122990489,21308.32122990489,23703.4700297,0.09621789621183369,0.015723714637439677,66,2026-09-02T11:48:00+0000
2026-09-03T00:00:00,10,2026-09-03T03:30:00+0000,London,6913.590129703129,0.32445494204397196,18288,3020.32122990489,21308.32122990489,79800.8774024,0.32393031610547557,0.016197710509587272,110,2026-09-02T11:48:00+0000
2026-09-03T00:00:00,10,2026-09-03T03:30:00+0000,Manchester,2676.9293720765136,0.1256283563211733,18288,3020.32122990489,21308.32122990489,31337.7470771,0.12720720181471523,0.015970805186927273,110,2026-09-02T11:48:00+0000
2026-09-03T00:00:00,10,2026-09-03T03:30:00+0000,Newcastle,1032.3111032500904,0.04844638355654722,18288,3020.32122990489,21308.32122990489,12293.212011,0.0499010058823626,0.015700117302359734,44,2026-09-02T11:48:00+0000
2026-09-03T00:00:00,10,2026-09-03T03:30:00+0000,Norwich,927.1007996970055,0.043508861617680035,18288,3020.32122990489,21308.32122990489,10025.7933104,0.0406970261726516,0.01728884094854254,44,2026-09-02T11:48:00+0000
2026-09-03T00:00:00,11,2026-09-03T04:00:00+0000,Birmingham,2930.227764293448,0.13675336330589574,18562,2865.098343014717,21427.098343014717,32348.0176877,0.13130812512403575,0.01722346743176081,66,2026-09-02T11:48:00+0000
2026-09-03T00:00:00,11,2026-09-03T04:00:00+0000,Bristol,1606.9905095913277,0.07499804611272577,18562,2865.098343014717,21427.098343014717,16781.7630635,0.06812107825024062,0.018207176734653174,66,2026-09-02T11:48:00+0000
2026-09-03T00:00:00,11,2026-09-03T04:00:00+0000,Cardiff,1827.091340738007,0.08527012437657677,18562,2865.098343014717,21427.098343014717,18729.45612165,0.07602721723692794,0.018548208713599697,44,2026-09-02T11:48:00+0000
2026-09-03T00:00:00,11,2026-09-03T04:00:00+0000,Edinburgh,1165.4447221446082,0.05439115943221243,18562,2865.098343014717,21427.098343014717,16937.6618156,0.0687539075334771,0.01308293257477216,40,2026-09-02T11:48:00+0000
2026-09-03T00:00:00,11,2026-09-03T04:00:00+0000,Inverness,255.90568109923123,0.011943086133389454,18562,2865.098343014717,21427.098343014717,4393.9896549000005,0.01783622566827993,0.011073573134730853,18,2026-09-02T11:48:00+0000
2026-09-03T00:00:00,11,2026-09-03T04:00:00+0000,Leeds,1997.3843153184166,0.09321767620344024,18562,2865.098343014717,21427.098343014717,23703.4700297,0.09621789621183369,0.01602199484892967,66,2026-09-02T11:48:00+0000
2026-09-03T00:00:00,11,2026-09-03T04:00:00+0000,London,7013.233803399153,0.32730674453106634,18562,2865.098343014717,21427.098343014717,79800.8774024,0.32393031610547557,0.01671004163760946,110,2026-09-02T11:48:00+0000
2026-09-03T00:00:00,11,2026-09-03T04:00:00+0000,Manchester,2673.7592891715403,0.12478401164585086,18562,2865.098343014717,21427.098343014717,31337.7470771,0.12720720181471523,0.01622263572590023,110,2026-09-02T11:48:00+0000
2026-09-03T00:00:00,11,2026-09-03T04:00:00+0000,Newcastle,1027.2026842993027,0.04793942081449275,18562,2865.098343014717,21427.098343014717,12293.212011,0.0499010058823626,0.015887576512174626,44,2026-09-02T11:48:00+0000
2026-09-03T00:00:00,11,2026-09-03T04:00:00+0000,Norwich,929.8582329596824,0.04339636744434966,18562,2865.098343014717,21427.098343014717,10025.7933104,0.0406970261726516,0.01763457001342992,44,2026-09-02T11:48:00+0000
2026-09-03T00:00:00,12,2026-09-03T04:30:00+0000,Birmingham,3029.5689583749486,0.1362661097812834,19470,2762.7397710084915,22232.73977100849,32348.0176877,0.13130812512403575,0.01791884179263518,66,2026-09-02T11:48:00+0000
2026-09-03T00:00:00,12,2026-09-03T04:30:00+0000,Bristol,1646.5287863846208,0.07405874414685029,19470,2762.7397710084915,22232.73977100849,16781.7630635,0.06812107825024062,0.018771911907143127,66,2026-09-02T11:48:00+0000
2026-09-03T00:00:00,12,2026-09-03T04:30:00+0000,Cardiff,1868.9562508833271,0.08406324502212037,19470,2762.7397710084915,22232.73977100849,18729.45612165,0.07602721723692794,0.019091969586698204,44,2026-09-02T11:48:00+0000
2026-09-03T00:00:00,12,2026-09-03T04:30:00+0000,Edinburgh,1248.613809235441,0.056161040973620104,19470,2762.7397710084915,22232.73977100849,16937.6618156,0.0687539075334771,0.014104296891195543,40,2026-09-02T11:48:00+0000
2026-09-03T00:00:00,12,2026-09-03T04:30:00+0000,Inverness,327.9789666863619,0.014752071497460996,19470,2762.7397710084915,22232.73977100849,4393.9896549000005,0.01783622566827993,0.014281167992211071,18,2026-09-02T11:48:00+0000
2026-09-03T00:00:00,12,2026-09-03T04:30:00+0000,Leeds,2093.040362161897,0.0941422597358524,19470,2762.7397710084915,22232.73977100849,23703.4700297,0.09621789621183369,0.01689438704750829,66,2026-09-02T11:48:00+0000
2026-09-03T00:00:00,12,2026-09-03T04:30:00+0000,London,7258.575633766962,0.3264813832450893,19470,2762.7397710084915,22232.73977100849,79800.8774024,0.32393031610547557,0.017402855125257133,110,2026-09-02T11:48:00+0000
2026-09-03T00:00:00,12,2026-09-03T04:30:00+0000,Manchester,2738.1803298220893,0.1231598245661418,19470,2762.7397710084915,22232.73977100849,31337.7470771,0.12720720181471523,0.016717488761229308,110,2026-09-02T11:48:00+0000
2026-09-03T00:00:00,12,2026-09-03T04:30:00+0000,Newcastle,1060.3243182257665,0.047692022177510944,19470,2762.7397710084915,22232.73977100849,12293.212011,0.0499010058823626,0.016502514196407393,44,2026-09-02T11:48:00+0000
2026-09-03T00:00:00,12,2026-09-03T04:30:00+0000,Norwich,960.9723554670776,0.04322329885407044,19470,2762.7397710084915,22232.73977100849,10025.7933104,0.0406970261726516,0.018338715456231308,44,2026-09-02T11:48:00+0000
2026-09-03T00:00:00,13,2026-09-03T05:00:00+0000,Birmingham,3202.9069247310276,0.13792137431793106,20504,2718.7016339600086,23222.70163396001,32348.0176877,0.13130812512403575,0.019882700455908946,66,2026-09-02T11:48:00+0000
2026-09-03T00:00:00,13,2026-09-03T05:00:00+0000,Bristol,1686.5750489013312,0.07262613435272953,20504,2718.7016339600086,23222.70163396001,16781.7630635,0.06812107825024062,0.020181191764415636,66,2026-09-02T11:48:00+0000
2026-09-03T00:00:00,13,2026-09-03T05:00:00+0000,Cardiff,1973.5743116637611,0.08498469914360351,20504,2718.7016339600086,23222.70163396001,18729.45612165,0.07602721723692794,0.02115957988064992,44,2026-09-02T11:48:00+0000
2026-09-03T00:00:00,13,2026-09-03T05:00:00+0000,Edinburgh,1321.406623524674,0.05690150286357287,20504,2718.7016339600086,23222.70163396001,16937.6618156,0.0687539075334771,0.015666130691112765,40,2026-09-02T11:48:00+0000
2026-09-03T00:00:00,13,2026-09-03T05:00:00+0000,Inverness,305.7823423331881,0.013167388840152151,20504,2718.7016339600086,23222.70163396001,4393.9896549000005,0.01783622566827993,0.0139743654391195,18,2026-09-02T11:48:00+0000
2026-09-03T00:00:00,13,2026-09-03T05:00:00+0000,Leeds,2201.5400689318185,0.09480120373731059,20504,2718.7016339600086,23222.70163396001,23703.4700297,0.09621789621183369,0.01865062495235413,66,2026-09-02T11:48:00+0000
2026-09-03T00:00:00,13,2026-09-03T05:00:00+0000,London,7569.402811467475,0.32594841594133317,20504,2718.7016339600086,23222.70163396001,79800.8774024,0.32393031610547557,0.019047267186597164,110,2026-09-02T11:48:00+0000
2026-09-03T00:00:00,13,2026-09-03T05:00:00+0000,Manchester,2841.179880960668,0.12234493323575381,20504,2718.7016339600086,23222.70163396001,31337.7470771,0.12720720181471523,0.018205796447860283,110,2026-09-02T11:48:00+0000
2026-09-03T00:00:00,13,2026-09-03T05:00:00+0000,Newcastle,1104.1416651118725,0.04754578870777107,20504,2718.7016339600086,23222.70163396001,12293.212011,0.0499010058823626,0.018035913757839424,44,2026-09-02T11:48:00+0000
2026-09-03T00:00:00,13,2026-09-03T05:00:00+0000,Norwich,1016.1919563341919,0.043758558859842166,20504,2718.7016339600086,23222.70163396001,10025.7933104,0.0406970261726516,0.020353341947487447,44,2026-09-02T11:48:00+0000
2026-09-03T00:00:00,14,2026-09-03T05:30:00+0000,Birmingham,3545.629571288571,0.13855122108869583,22743,2847.7493519582786,25590.74935195828,32348.0176877,0.13130812512403575,0.021421013514785342,66,2026-09-02T11:48:00+0000
2026-09-03T00:00:00,14,2026-09-03T05:30:00+0000,Bristol,1827.5660535482639,0.0714151050605485,22743,2847.7493519582786,25590.74935195828,16781.7630635,0.06812107825024062,0.02128285193893223,66,2026-09-02T11:48:00+0000
2026-09-03T00:00:00,14,2026-09-03T05:30:00+0000,Cardiff,2190.0886408076576,0.08558126261512017,22743,2847.7493519582786,25590.74935195828,18729.45612165,0.07602721723692794,0.022852349250326708,44,2026-09-02T11:48:00+0000
2026-09-03T00:00:00,14,2026-09-03T05:30:00+0000,Edinburgh,1517.5038032764476,0.05929892018423149,22743,2847.7493519582786,25590.74935195828,16937.6618156,0.0687539075334771,0.017509375525440803,40,2026-09-02T11:48:00+0000
2026-09-03T00:00:00,14,2026-09-03T05:30:00+0000,Inverness,380.17905080602543,0.014856112479446914,22743,2847.7493519582786,25590.74935195828,4393.9896549000005,0.01783622566827993,0.016909216246991324,18,2026-09-02T11:48:00+0000
2026-09-03T00:00:00,14,2026-09-03T05:30:00+0000,Leeds,2389.538746817967,0.093375098710625,22743,2847.7493519582786,25590.74935195828,23703.4700297,0.09621789621183369,0.01970137215809117,66,2026-09-02T11:48:00+0000
2026-09-03T00:00:00,14,2026-09-03T05:30:00+0000,London,8290.864376049662,0.3239789606010588,22743,2847.7493519582786,25590.74935195828,79800.8774024,0.32393031610547557,0.02030422749704091,110,2026-09-02T11:48:00+0000
2026-09-03T00:00:00,14,2026-09-03T05:30:00+0000,Manchester,3103.5235652899623,0.12127521248425153,22743,2847.7493519582786,25590.74935195828,31337.7470771,0.12720720181471523,0.019354484233667153,110,2026-09-02T11:48:00+0000
2026-09-03T00:00:00,14,2026-09-03T05:30:00+0000,Newcastle,1224.2771018215358,0.04784061165945695,22743,2847.7493519582786,25590.74935195828,12293.212011,0.0499010058823626,0.01946295064974748,44,2026-09-02T11:48:00+0000
2026-09-03T00:00:00,14,2026-09-03T05:30:00+0000,Norwich,1121.578442252184,0.04382749511656475,22743,2847.7493519582786,25590.74935195828,10025.7933104,0.0406970261726516,0.021862772338620717,44,2026-09-02T11:48:00+0000
2026-09-03T00:00:00,15,2026-09-03T06:00:00+0000,Birmingham,3937.577060301713,0.13789280683814983,25357,3198.3478139247745,28555.347813924775,32348.0176877,0.13130812512403575,0.023190118842624636,66,2026-09-02T11:48:00+0000
2026-09-03T00:00:00,15,2026-09-03T06:00:00+0000,Bristol,2017.5020624065726,0.07065233719278162,25357,3198.3478139247745,28555.347813924775,16781.7630635,0.06812107825024062,0.022903295803372217,66,2026-09-02T11:48:00+0000
2026-09-03T00:00:00,15,2026-09-03T06:00:00+0000,Cardiff,2458.50860987693,0.08609625860267264,25357,3198.3478139247745,28555.347813924775,18729.45612165,0.07602721723692794,0.025007377339609768,44,2026-09-02T11:48:00+0000
2026-09-03T00:00:00,15,2026-09-03T06:00:00+0000,Edinburgh,1821.5158707007652,0.06378895759107225,25357,3198.3478139247745,28555.347813924775,16937.6618156,0.0687539075334771,0.02048807155282577,40,2026-09-02T11:48:00+0000
2026-09-03T00:00:00,15,2026-09-03T06:00:00+0000,Inverness,514.2320062774306,0.018008255743488782,25357,3198.3478139247745,28555.347813924775,4393.9896549000005,0.01783622566827993,0.02229572781505008,18,2026-09-02T11:48:00+0000
2026-09-03T00:00:00,15,2026-09-03T06:00:00+0000,Leeds,2616.020886243316,0.09161229284581276,25357,3198.3478139247745,28555.347813924775,23703.4700297,0.09621789621183369,0.021025719125128923,66,2026-09-02T11:48:00+0000
2026-09-03T00:00:00,15,2026-09-03T06:00:00+0000,London,9146.743023235547,0.32031628831273473,25357,3198.3478139247745,28555.347813924775,79800.8774024,0.32393031610547557,0.0218363673289596,110,2026-09-02T11:48:00+0000
2026-09-03T00:00:00,15,2026-09-03T06:00:00+0000,Manchester,3453.616006997455,0.12094463108984889,25357,3198.3478139247745,28555.347813924775,31337.7470771,0.12720720181471523,0.020995579077974107,110,2026-09-02T11:48:00+0000
2026-09-03T00:00:00,15,2026-09-03T06:00:00+0000,Newcastle,1367.3083292074061,0.04788274119850327,25357,3198.3478139247745,28555.347813924775,12293.212011,0.0499010058823626,0.02118959556987178,44,2026-09-02T11:48:00+0000
2026-09-03T00:00:00,15,2026-09-03T06:00:00+0000,Norwich,1222.3239586776374,0.042805430584935175,25357,3198.3478139247745,28555.347813924775,10025.7933104,0.0406970261726516,0.023226788071806236,44,2026-09-02T11:48:00+0000
2026-09-03T00:00:00,16,2026-09-03T06:30:00+0000,Birmingham,4055.7204111414953,0.13636126984478403,26110,3632.4658464826643,29742.465846482664,32348.0176877,0.13130812512403575,0.023511162027961104,66,2026-09-02T11:48:00+0000
2026-09-03T00:00:00,16,2026-09-03T06:30:00+0000,Bristol,2058.06378373978,0.06919613842250291,26110,3632.4658464826643,29742.465846482664,16781.7630635,0.06812107825024062,0.022997202169360208,66,2026-09-02T11:48:00+0000
2026-09-03T00:00:00,16,2026-09-03T06:30:00+0000,Cardiff,2527.168167919388,0.08496834731066019,26110,3632.4658464826643,29742.465846482664,18729.45612165,0.07602721723692794,0.02530245926086203,44,2026-09-02T11:48:00+0000
2026-09-03T00:00:00,16,2026-09-03T06:30:00+0000,Edinburgh,2001.5723482357616,0.06729678563193062,26110,3632.4658464826643,29742.465846482664,16937.6618156,0.0687539075334771,0.022160093741830023,40,2026-09-02T11:48:00+0000
2026-09-03T00:00:00,16,2026-09-03T06:30:00+0000,Inverness,560.0911916317166,0.0188313636980423,26110,3632.4658464826643,29742.465846482664,4393.9896549000005,0.01783622566827993,0.023903058289965657,18,2026-09-02T11:48:00+0000
2026-09-03T00:00:00,16,2026-09-03T06:30:00+0000,Leeds,2746.4237711600135,0.09234015045476819,26110,3632.4658464826643,29742.465846482664,23703.4700297,0.09621789621183369,0.02172748100104035,66,2026-09-02T11:48:00+0000
2026-09-03T00:00:00,16,2026-09-03T06:30:00+0000,London,9486.490882009108,0.3189544179347516,26110,3632.4658464826643,29742.465846482664,79800.8774024,0.32393031610547557,0.02229213606236152,110,2026-09-02T11:48:00+0000
2026-09-03T00:00:00,16,2026-09-03T06:30:00+0000,Manchester,3605.7960119197596,0.12123392964562082,26110,3632.4658464826643,29742.465846482664,31337.7470771,0.12720720181471523,0.021576805209783303,110,2026-09-02T11:48:00+0000
2026-09-03T00:00:00,16,2026-09-03T06:30:00+0000,Newcastle,1448.705004498918,0.048708301859586446,26110,3632.4658464826643,29742.465846482664,12293.212011,0.0499010058823626,0.02209878245765133,44,2026-09-02T11:48:00+0000
2026-09-03T00:00:00,16,2026-09-03T06:30:00+0000,Norwich,1252.4342742267231,0.04210929519735283,26110,3632.4658464826643,29742.465846482664,10025.7933104,0.0406970261726516,0.023425558555043684,44,2026-09-02T11:48:00+0000
2026-09-03T00:00:00,17,2026-09-03T07:00:00+0000,Birmingham,4026.637124423636,0.1324283088515485,26185,4221.1658669784665,30406.165866978467,32348.0176877,0.13130812512403575,0.023639506914551318,66,2026-09-02T11:48:00+0000
2026-09-03T00:00:00,17,2026-09-03T07:00:00+0000,Bristol,2045.829556634513,0.06728337816693664,26185,4221.1658669784665,30406.165866978467,16781.7630635,0.06812107825024062,0.023151303893422237,66,2026-09-02T11:48:00+0000
2026-09-03T00:00:00,17,2026-09-03T07:00:00+0000,Cardiff,2475.3872783761826,0.081410701013918,26185,4221.1658669784665,30406.165866978467,18729.45612165,0.07602721723692794,0.025099298329911472,44,2026-09-02T11:48:00+0000
2026-09-03T00:00:00,17,2026-09-03T07:00:00+0000,Edinburgh,2229.960775733137,0.07333909791483793,26185,4221.1658669784665,30406.165866978467,16937.6618156,0.0687539075334771,0.025002725846008562,40,2026-09-02T11:48:00+0000
2026-09-03T00:00:00,17,2026-09-03T07:00:00+0000,Inverness,737.542434076266,0.02425634449614207,26185,4221.1658669784665,30406.165866978467,4393.9896549000005,0.01783622566827993,0.03187656928714911,18,2026-09-02T11:48:00+0000
2026-09-03T00:00:00,17,2026-09-03T07:00:00+0000,Leeds,2871.4228277374746,0.09443554443198908,26185,4221.1658669784665,30406.165866978467,23703.4700297,0.09621789621183369,0.02300534827576198,66,2026-09-02T11:48:00+0000
2026-09-03T00:00:00,17,2026-09-03T07:00:00+0000,London,9510.614257552272,0.3127857125807807,26185,4221.1658669784665,30406.165866978467,79800.8774024,0.32393031610547557,0.022633123499521672,110,2026-09-02T11:48:00+0000
2026-09-03T00:00:00,17,2026-09-03T07:00:00+0000,Manchester,3768.339839426297,0.12393341060862818,26185,4221.1658669784665,30406.165866978467,31337.7470771,0.12720720181471523,0.022836307528067888,110,2026-09-02T11:48:00+0000
2026-09-03T00:00:00,17,2026-09-03T07:00:00+0000,Newcastle,1513.7355553829227,0.049783835357777265,26185,4221.1658669784665,30406.165866978467,12293.212011,0.0499010058823626,0.02338450776162529,44,2026-09-02T11:48:00+0000
2026-09-03T00:00:00,17,2026-09-03T07:00:00+0000,Norwich,1226.696217635768,0.04034366657744171,26185,4221.1658669784665,30406.165866978467,10025.7933104,0.0406970261726516,0.023236026939255482,44,2026-09-02T11:48:00+0000
2026-09-03T00:00:00,18,2026-09-03T07:30:00+0000,Birmingham,4099.609799586554,0.13048179866130286,26370,5049.016611106694,31419.016611106694,32348.0176877,0.13130812512403575,0.02294903552408108,66,2026-09-02T11:48:00+0000
2026-09-03T00:00:00,18,2026-09-03T07:30:00+0000,Bristol,2078.6376474691738,0.06615858393016574,26370,5049.016611106694,31419.016611106694,16781.7630635,0.06812107825024062,0.022429045461448638,66,2026-09-02T11:48:00+0000
2026-09-03T00:00:00,18,2026-09-03T07:30:00+0000,Cardiff,2447.471428378921,0.07789777314397975,26370,5049.016611106694,31419.016611106694,18729.45612165,0.07602721723692794,0.023662577637105026,44,2026-09-02T11:48:00+0000
2026-09-03T00:00:00,18,2026-09-03T07:30:00+0000,Edinburgh,2373.12769475364,0.07553157134506666,26370,5049.016611106694,31419.016611106694,16937.6618156,0.0687539075334771,0.02537097970294876,40,2026-09-02T11:48:00+0000
2026-09-03T00:00:00,18,2026-09-03T07:30:00+0000,Inverness,753.9841296810462,0.023997699832989397,26370,5049.016611106694,31419.016611106694,4393.9896549000005,0.01783622566827993,0.031072254267719077,18,2026-09-02T11:48:00+0000
2026-09-03T00:00:00,18,2026-09-03T07:30:00+0000,Leeds,3047.3549544171237,0.09699078084257662,26370,5049.016611106694,31419.016611106694,23703.4700297,0.09621789621183369,0.02327987814035584,66,2026-09-02T11:48:00+0000
2026-09-03T00:00:00,18,2026-09-03T07:30:00+0000,London,9803.15947830011,0.31201356807694197,26370,5049.016611106694,31419.016611106694,79800.8774024,0.32393031610547557,0.022244773547056573,110,2026-09-02T11:48:00+0000
2026-09-03T00:00:00,18,2026-09-03T07:30:00+0000,Manchester,4011.390442287749,0.1276739654820932,26370,5049.016611106694,31419.016611106694,31337.7470771,0.12720720181471523,0.023179109751679767,110,2026-09-02T11:48:00+0000
2026-09-03T00:00:00,18,2026-09-03T07:30:00+0000,Newcastle,1586.9203865495153,0.0505082767609135,26370,5049.016611106694,31419.016611106694,12293.212011,0.0499010058823626,0.02337541636611659,44,2026-09-02T11:48:00+0000
2026-09-03T00:00:00,18,2026-09-03T07:30:00+0000,Norwich,1217.3606496828654,0.03874598192397039,26370,5049.016611106694,31419.016611106694,10025.7933104,0.0406970261726516,0.021987208759613228,44,2026-09-02T11:48:00+0000
2026-09-03T00:00:00,19,2026-09-03T08:00:00+0000,Birmingham,4125.898706718792,0.1280273352764758,26264,5962.701413482428,32226.701413482428,32348.0176877,0.13130812512403575,0.02241684493665724,66,2026-09-02T11:48:00+0000
2026-09-03T00:00:00,19,2026-09-03T08:00:00+0000,Bristol,2081.7099878241524,0.06459581330136518,26264,5962.701413482428,32226.701413482428,16781.7630635,0.06812107825024062,0.021801493152015752,66,2026-09-02T11:48:00+0000
2026-09-03T00:00:00,19,2026-09-03T08:00:00+0000,Cardiff,2375.1112553480757,0.07370010429781124,26264,5962.701413482428,32226.701413482428,18729.45612165,0.07602721723692794,0.022287553030141384,44,2026-09-02T11:48:00+0000
2026-09-03T00:00:00,19,2026-09-03T08:00:00+0000,Edinburgh,2548.2370782314415,0.07907222788756642,26264,5962.701413482428,32226.701413482428,16937.6618156,0.0687539075334771,0.02644173639744177,40,2026-09-02T11:48:00+0000
2026-09-03T00:00:00,19,2026-09-03T08:00:00+0000,Inverness,818.3430411200778,0.0253933230900794,26264,5962.701413482428,32226.701413482428,4393.9896549000005,0.01783622566827993,0.03273255917047276,18,2026-09-02T11:48:00+0000
2026-09-03T00:00:00,19,2026-09-03T08:00:00+0000,Leeds,3158.1667646060155,0.09799844930095013,26264,5962.701413482428,32226.701413482428,23703.4700297,0.09621789621183369,0.023416755878918588,66,2026-09-02T11:48:00+0000
2026-09-03T00:00:00,19,2026-09-03T08:00:00+0000,London,10060.274950422863,0.3121720346536623,26264,5962.701413482428,32226.701413482428,79800.8774024,0.32393031610547557,0.02215673594132312,110,2026-09-02T11:48:00+0000
2026-09-03T00:00:00,19,2026-09-03T08:00:00+0000,Manchester,4189.477228717447,0.13000018757627888,26264,5962.701413482428,32226.701413482428,31337.7470771,0.12720720181471523,0.02349609346764725,110,2026-09-02T11:48:00+0000
2026-09-03T00:00:00,19,2026-09-03T08:00:00+0000,Newcastle,1660.8197002742534,0.05153551643294866,26264,5962.701413482428,32226.701413482428,12293.212011,0.0499010058823626,0.02374437344516506,44,2026-09-02T11:48:00+0000
2026-09-03T00:00:00,19,2026-09-03T08:00:00+0000,Norwich,1208.6627002193093,0.03750500818286202,26264,5962.701413482428,32226.701413482428,10025.7933104,0.0406970261726516,0.02118800031906077,44,2026-09-02T11:48:00+0000
2026-09-03T00:00:00,20,2026-09-03T08:30:00+0000,Birmingham,4126.672814709128,0.12621917839121136,25742,6952.49910312891,32694.49910312891,32348.0176877,0.13130812512403575,0.021403958389102307,66,2026-09-02T11:48:00+0000
2026-09-03T00:00:00,20,2026-09-03T08:30:00+0000,Bristol,2070.408737800511,0.06332590480342823,25742,6952.49910312891,32694.49910312891,16781.7630635,0.06812107825024062,0.02069951832724644,66,2026-09-02T11:48:00+0000
2026-09-03T00:00:00,20,2026-09-03T08:30:00+0000,Cardiff,2301.642351478088,0.07039845890337612,25742,6952.49910312891,32694.49910312891,18729.45612165,0.07602721723692794,0.020618373705992614,44,2026-09-02T11:48:00+0000
2026-09-03T00:00:00,20,2026-09-03T08:30:00+0000,Edinburgh,2604.862455111943,0.07967280510691946,25742,6952.49910312891,32694.49910312891,16937.6618156,0.0687539075334771,0.02580317047928288,40,2026-09-02T11:48:00+0000
2026-09-03T00:00:00,20,2026-09-03T08:30:00+0000,Inverness,769.8526095358022,0.023546854383896226,25742,6952.49910312891,32694.49910312891,4393.9896549000005,0.01783622566827993,0.029396138781287988,18,2026-09-02T11:48:00+0000
2026-09-03T00:00:00,20,2026-09-03T08:30:00+0000,Leeds,3282.669705229161,0.10040434309375931,25742,6952.49910312891,32694.49910312891,23703.4700297,0.09621789621183369,0.02323576586425161,66,2026-09-02T11:48:00+0000
2026-09-03T00:00:00,20,2026-09-03T08:30:00+0000,London,10260.94569709492,0.31384318397809413,25742,6952.49910312891,32694.49910312891,79800.8774024,0.32393031610547557,0.021573542060442066,110,2026-09-02T11:48:00+0000
2026-09-03T00:00:00,20,2026-09-03T08:30:00+0000,Manchester,4380.564573829974,0.13398475872079493,25742,6952.49910312891,32694.49910312891,31337.7470771,0.12720720181471523,0.023453304841182212,110,2026-09-02T11:48:00+0000
2026-09-03T00:00:00,20,2026-09-03T08:30:00+0000,Newcastle,1714.2243967799645,0.0524315846336337,25742,6952.49910312891,32694.49910312891,12293.212011,0.0499010058823626,0.023396130384700953,44,2026-09-02T11:48:00+0000
2026-09-03T00:00:00,20,2026-09-03T08:30:00+0000,Norwich,1182.6557615594193,0.03617292798488653,25742,6952.49910312891,32694.49910312891,10025.7933104,0.0406970261726516,0.019791619720627724,44,2026-09-02T11:48:00+0000
2026-09-03T00:00:00,21,2026-09-03T09:00:00+0000,Birmingham,4128.02554837369,0.12505677935479553,24971,8038.210453614593,33009.21045361459,32348.0176877,0.13130812512403575,0.02037691987686533,66,2026-09-02T11:48:00+0000
2026-09-03T00:00:00,21,2026-09-03T09:00:00+0000,Bristol,2063.7651760300487,0.06252088879648017,24971,8038.210453614593,33009.21045361459,16781.7630635,0.06812107825024062,0.019636610598501098,66,2026-09-02T11:48:00+0000
2026-09-03T00:00:00,21,2026-09-03T09:00:00+0000,Cardiff,2203.4281008594667,0.06675191773992237,24971,8038.210453614593,33009.21045361459,18729.45612165,0.07602721723692794,0.0187852747252345,44,2026-09-02T11:48:00+0000
2026-09-03T00:00:00,21,2026-09-03T09:00:00+0000,Edinburgh,2650.0917615687904,0.0802834034849991,24971,8038.210453614593,33009.21045361459,16937.6618156,0.0687539075334771,0.024983385419619503,40,2026-09-02T11:48:00+0000
2026-09-03T00:00:00,21,2026-09-03T09:00:00+0000,Inverness,700.4443221850937,0.02121966301403593,24971,8038.210453614593,33009.21045361459,4393.9896549000005,0.01783622566827993,0.02545413964384816,18,2026-09-02T11:48:00+0000
2026-09-03T00:00:00,21,2026-09-03T09:00:00+0000,Leeds,3351.8195966453636,0.10154194997652029,24971,8038.210453614593,33009.21045361459,23703.4700297,0.09621789621183369,0.022579407446513516,66,2026-09-02T11:48:00+0000
2026-09-03T00:00:00,21,2026-09-03T09:00:00+0000,London,10461.871979002699,0.3169379647448398,24971,8038.210453614593,33009.21045361459,79800.8774024,0.32393031610547557,0.02093367937445239,110,2026-09-02T11:48:00+0000
2026-09-03T00:00:00,21,2026-09-03T09:00:00+0000,Manchester,4522.029413169184,0.1369929589659122,24971,8038.210453614593,33009.21045361459,31337.7470771,0.12720720181471523,0.023041430856530903,110,2026-09-02T11:48:00+0000
2026-09-03T00:00:00,21,2026-09-03T09:00:00+0000,Newcastle,1770.7053331807367,0.053642765423577106,24971,8038.210453614593,33009.21045361459,12293.212011,0.0499010058823626,0.022999836934723274,44,2026-09-02T11:48:00+0000
2026-09-03T00:00:00,21,2026-09-03T09:00:00+0000,Norwich,1157.0292225995172,0.03505170849891744,24971,8038.210453614593,33009.21045361459,10025.7933104,0.0406970261726516,0.01842762704618015,44,2026-09-02T11:48:00+0000
2026-09-03T00:00:00,22,2026-09-03T09:30:00+0000,Birmingham,4230.317539258031,0.12584398369331323,24576,9039.572354793549,33615.57235479355,32348.0176877,0.13130812512403575,0.019843432169367417,66,2026-09-02T11:48:00+0000
2026-09-03T00:00:00,22,2026-09-03T09:30:00+0000,Bristol,2092.011348584193,0.06223339964300427,24576,9039.572354793549,33615.57235479355,16781.7630635,0.06812107825024062,0.018915505239744012,66,2026-09-02T11:48:00+0000
2026-09-03T00:00:00,22,2026-09-03T09:30:00+0000,Cardiff,2133.920208741009,0.06348010934392774,24576,9039.572354793549,33615.57235479355,18729.45612165,0.07602721723692794,0.017287990093974897,44,2026-09-02T11:48:00+0000
2026-09-03T00:00:00,22,2026-09-03T09:30:00+0000,Edinburgh,2644.301212356063,0.07866298346632161,24576,9039.572354793549,33615.57235479355,16937.6618156,0.0687539075334771,0.02368912184534984,40,2026-09-02T11:48:00+0000
2026-09-03T00:00:00,22,2026-09-03T09:30:00+0000,Inverness,560.8166090383488,0.016683238444350833,24576,9039.572354793549,33615.57235479355,4393.9896549000005,0.01783622566827993,0.01936659773917106,18,2026-09-02T11:48:00+0000
2026-09-03T00:00:00,22,2026-09-03T09:30:00+0000,Leeds,3482.861406060233,0.1036085707332477,24576,9039.572354793549,33615.57235479355,23703.4700297,0.09621789621183369,0.022295425203138163,66,2026-09-02T11:48:00+0000
2026-09-03T00:00:00,22,2026-09-03T09:30:00+0000,London,10754.515370134548,0.31992658808919444,24576,9039.572354793549,33615.57235479355,79800.8774024,0.32393031610547557,0.020449122337977445,110,2026-09-02T11:48:00+0000
2026-09-03T00:00:00,22,2026-09-03T09:30:00+0000,Manchester,4734.277693933691,0.14083584964629012,24576,9039.572354793549,33615.57235479355,31337.7470771,0.12720720181471523,0.022923316577332882,110,2026-09-02T11:48:00+0000
2026-09-03T00:00:00,22,2026-09-03T09:30:00+0000,Newcastle,1832.290664450313,0.054507198185159866,24576,9039.572354793549,33615.57235479355,12293.212011,0.0499010058823626,0.022616244584296237,44,2026-09-02T11:48:00+0000
2026-09-03T00:00:00,22,2026-09-03T09:30:00+0000,Norwich,1150.2603022371206,0.034218078755190215,24576,9039.572354793549,33615.57235479355,10025.7933104,0.0406970261726516,0.01740880174909671,44,2026-09-02T11:48:00+0000
2026-09-03T00:00:00,23,2026-09-03T10:00:00+0000,Birmingham,4270.193685230199,0.1261800468810653,23852,9990.067670613527,33842.06767061353,32348.0176877,0.13130812512403575,0.01939195665237423,66,2026-09-02T11:48:00+0000
2026-09-03T00:00:00,23,2026-09-03T10:00:00+0000,Bristol,2090.117490733961,0.06176092758507474,23852,9990.067670613527,33842.06767061353,16781.7630635,0.06812107825024062,0.018295944916430842,66,2026-09-02T11:48:00+0000
2026-09-03T00:00:00,23,2026-09-03T10:00:00+0000,Cardiff,2048.32116966887,0.06052588717702708,23852,9990.067670613527,33842.06767061353,18729.45612165,0.07602721723692794,0.016065513703494204,44,2026-09-02T11:48:00+0000
2026-09-03T00:00:00,23,2026-09-03T10:00:00+0000,Edinburgh,2626.4744490168523,0.07760975111155897,23852,9990.067670613527,33842.06767061353,16937.6618156,0.0687539075334771,0.02277935655928076,40,2026-09-02T11:48:00+0000
2026-09-03T00:00:00,23,2026-09-03T10:00:00+0000,Inverness,472.3735928157716,0.013958177656678856,23852,9990.067670613527,33842.06767061353,4393.9896549000005,0.01783622566827993,0.01579240636927115,18,2026-09-02T11:48:00+0000
2026-09-03T00:00:00,23,2026-09-03T10:00:00+0000,Leeds,3548.30996186413,0.10484908890319591,23852,9990.067670613527,33842.06767061353,23703.4700297,0.09621789621183369,0.02199030999810727,66,2026-09-02T11:48:00+0000
2026-09-03T00:00:00,23,2026-09-03T10:00:00+0000,London,10962.45936304846,0.32392995220465265,23852,9990.067670613527,33842.06767061353,79800.8774024,0.32393031610547557,0.020180041717625975,110,2026-09-02T11:48:00+0000
2026-09-03T00:00:00,23,2026-09-03T10:00:00+0000,Manchester,4807.141149176011,0.14204631927233724,23852,9990.067670613527,33842.06767061353,31337.7470771,0.12720720181471523,0.022534131936449563,110,2026-09-02T11:48:00+0000
2026-09-03T00:00:00,23,2026-09-03T10:00:00+0000,Newcastle,1862.2832934540031,0.05502864989159929,23852,9990.067670613527,33842.06767061353,12293.212011,0.0499010058823626,0.022253693655024984,44,2026-09-02T11:48:00+0000
2026-09-03T00:00:00,23,2026-09-03T10:00:00+0000,Norwich,1154.3935156052714,0.034111199316810045,23852,9990.067670613527,33842.06767061353,10025.7933104,0.0406970261726516,0.016914410297117745,44,2026-09-02T11:48:00+0000
2026-09-03T00:00:00,24,2026-09-03T10:30:00+0000,Birmingham,4317.870964628888,0.12612410660115222,23367,10868.09653300047,34235.09653300047,32348.0176877,0.13130812512403575,0.019205662426515224,66,2026-09-02T11:48:00+0000
2026-09-03T00:00:00,24,2026-09-03T10:30:00+0000,Bristol,2099.9087600281323,0.06133789510433987,23367,10868.09653300047,34235.09653300047,16781.7630635,0.06812107825024062,0.018004047224695067,66,2026-09-02T11:48:00+0000
2026-09-03T00:00:00,24,2026-09-03T10:30:00+0000,Cardiff,1988.4025978536285,0.058080823459543456,23367,10868.09653300047,34235.09653300047,18729.45612165,0.07602721723692794,0.015275184302935865,44,2026-09-02T11:48:00+0000
2026-09-03T00:00:00,24,2026-09-03T10:30:00+0000,Edinburgh,2647.203142373102,0.07732424939480936,23367,10868.09653300047,34235.09653300047,16937.6618156,0.0687539075334771,0.02248749685708691,40,2026-09-02T11:48:00+0000
2026-09-03T00:00:00,24,2026-09-03T10:30:00+0000,Inverness,466.65301194374075,0.013630836749471898,23367,10868.09653300047,34235.09653300047,4393.9896549000005,0.01783622566827993,0.015280668227238151,18,2026-09-02T11:48:00+0000
2026-09-03T00:00:00,24,2026-09-03T10:30:00+0000,Leeds,3621.8859521521636,0.10579453014425984,23367,10868.09653300047,34235.09653300047,23703.4700297,0.09621789621183369,0.021985186076042346,66,2026-09-02T11:48:00+0000
2026-09-03T00:00:00,24,2026-09-03T10:30:00+0000,London,11140.13896095968,0.3254011260117608,23367,10868.09653300047,34235.09653300047,79800.8774024,0.32393031610547557,0.020085851388413564,110,2026-09-02T11:48:00+0000
2026-09-03T00:00:00,24,2026-09-03T10:30:00+0000,Manchester,4894.50716501464,0.14296752925164516,23367,10868.09653300047,34235.09653300047,31337.7470771,0.12720720181471523,0.02247235054525901,110,2026-09-02T11:48:00+0000
2026-09-03T00:00:00,24,2026-09-03T10:30:00+0000,Newcastle,1896.4647698624974,0.05539533875811991,23367,10868.09653300047,34235.09653300047,12293.212011,0.0499010058823626,0.02219661304449362,44,2026-09-02T11:48:00+0000
2026-09-03T00:00:00,24,2026-09-03T10:30:00+0000,Norwich,1162.0612081839959,0.03394356452489749,23367,10868.09653300047,34235.09653300047,10025.7933104,0.0406970261726516,0.016676985843038,44,2026-09-02T11:48:00+0000
2026-09-03T00:00:00,25,2026-09-03T11:00:00+0000,Birmingham,4385.986062278806,0.12599806581068668,23530,11279.947550058365,34809.947550058365,32348.0176877,0.13130812512403575,0.01915635550498306,66,2026-09-02T11:48:00+0000
2026-09-03T00:00:00,25,2026-09-03T11:00:00+0000,Bristol,2143.793179192181,0.06158564807112404,23530,11279.947550058365,34809.947550058365,16781.7630635,0.06812107825024062,0.018048396049424667,66,2026-09-02T11:48:00+0000
2026-09-03T00:00:00,25,2026-09-03T11:00:00+0000,Cardiff,1980.7381807709685,0.05690149857084882,23530,11279.947550058365,34809.947550058365,18729.45612165,0.07602721723692794,0.014941535110263847,44,2026-09-02T11:48:00+0000
2026-09-03T00:00:00,25,2026-09-03T11:00:00+0000,Edinburgh,2665.006090558306,0.07655875053318882,23530,11279.947550058365,34809.947550058365,16937.6618156,0.0687539075334771,0.022229928270094488,40,2026-09-02T11:48:00+0000
2026-09-03T00:00:00,25,2026-09-03T11:00:00+0000,Inverness,447.06603178831574,0.012843053875488133,23530,11279.947550058365,34809.947550058365,4393.9896549000005,0.01783622566827993,0.014374937197258013,18,2026-09-02T11:48:00+0000
2026-09-03T00:00:00,25,2026-09-03T11:00:00+0000,Leeds,3666.193796186018,0.10532029072763918,23530,11279.947550058365,34809.947550058365,23703.4700297,0.09621789621183369,0.021852282306920923,66,2026-09-02T11:48:00+0000
2026-09-03T00:00:00,25,2026-09-03T11:00:00+0000,London,11424.614279484413,0.32819969817694417,23530,11279.947550058365,34809.947550058365,79800.8774024,0.32393031610547557,0.02022680057622398,110,2026-09-02T11:48:00+0000
2026-09-03T00:00:00,25,2026-09-03T11:00:00+0000,Manchester,4993.883571147445,0.14346139315395412,23530,11279.947550058365,34809.947550058365,31337.7470771,0.12720720181471523,0.022514585430066097,110,2026-09-02T11:48:00+0000
2026-09-03T00:00:00,25,2026-09-03T11:00:00+0000,Newcastle,1910.3690496884665,0.05487997495374748,23530,11279.947550058365,34809.947550058365,12293.212011,0.0499010058823626,0.02195559517801044,44,2026-09-02T11:48:00+0000
2026-09-03T00:00:00,25,2026-09-03T11:00:00+0000,Norwich,1192.2973089634447,0.03425162612637851,23530,11279.947550058365,34809.947550058365,10025.7933104,0.0406970261726516,0.016801928392338093,44,2026-09-02T11:48:00+0000
2026-09-03T00:00:00,26,2026-09-03T11:30:00+0000,Birmingham,4353.911647584253,0.12658117971668248,23434,10962.200583130121,34396.20058313012,32348.0176877,0.13130812512403575,0.019131895372410546,66,2026-09-02T11:48:00+0000
2026-09-03T00:00:00,26,2026-09-03T11:30:00+0000,Bristol,2114.3056687989156,0.06146916324926576,23434,10962.200583130121,34396.20058313012,16781.7630635,0.06812107825024062,0.017908377739607222,66,2026-09-02T11:48:00+0000
2026-09-03T00:00:00,26,2026-09-03T11:30:00+0000,Cardiff,1896.971153839659,0.055150601568768706,23434,10962.200583130121,34396.20058313012,18729.45612165,0.07602721723692794,0.014396655680011087,44,2026-09-02T11:48:00+0000
2026-09-03T00:00:00,26,2026-09-03T11:30:00+0000,Edinburgh,2604.768716612113,0.07572838489288383,23434,10962.200583130121,34396.20058313012,16937.6618156,0.0687539075334771,0.021859577681241645,40,2026-09-02T11:48:00+0000
2026-09-03T00:00:00,26,2026-09-03T11:30:00+0000,Inverness,416.5049101334417,0.01210903829702981,23434,10962.200583130121,34396.20058313012,4393.9896549000005,0.01783622566827993,0.013473708671091149,18,2026-09-02T11:48:00+0000
2026-09-03T00:00:00,26,2026-09-03T11:30:00+0000,Leeds,3638.4858919670796,0.10578162210600675,23434,10962.200583130121,34396.20058313012,23703.4700297,0.09621789621183369,0.02181899908556733,66,2026-09-02T11:48:00+0000
2026-09-03T00:00:00,26,2026-09-03T11:30:00+0000,London,11343.777224930143,0.3297973913576311,23434,10962.200583130121,34396.20058313012,79800.8774024,0.32393031610547557,0.020205801391769113,110,2026-09-02T11:48:00+0000
2026-09-03T00:00:00,26,2026-09-03T11:30:00+0000,Manchester,4938.139630442226,0.14356642730081573,23434,10962.200583130121,34396.20058313012,31337.7470771,0.12720720181471523,0.022398640121167202,110,2026-09-02T11:48:00+0000
2026-09-03T00:00:00,26,2026-09-03T11:30:00+0000,Newcastle,1901.6890876617797,0.055287765957338836,23434,10962.200583130121,34396.20058313012,12293.212011,0.0499010058823626,0.021988732706990245,44,2026-09-02T11:48:00+0000
2026-09-03T00:00:00,26,2026-09-03T11:30:00+0000,Norwich,1187.6466511605142,0.034528425553577116,23434,10962.200583130121,34396.20058313012,10025.7933104,0.0406970261726516,0.016838157159461124,44,2026-09-02T11:48:00+0000
2026-09-03T00:00:00,27,2026-09-03T12:00:00+0000,Birmingham,4335.538052727333,0.12621219676479203,23658,10693.181295156479,34351.18129515648,32348.0176877,0.13130812512403575,0.018877807418919226,66,2026-09-02T11:48:00+0000
2026-09-03T00:00:00,27,2026-09-03T12:00:00+0000,Bristol,2103.326379880692,0.06123010332041365,23658,10693.181295156479,34351.18129515648,16781.7630635,0.06812107825024062,0.017653275728169125,66,2026-09-02T11:48:00+0000
2026-09-03T00:00:00,27,2026-09-03T12:00:00+0000,Cardiff,1836.729460573144,0.053469178972081616,23658,10693.181295156479,34351.18129515648,18729.45612165,0.07602721723692794,0.013812625807594615,44,2026-09-02T11:48:00+0000
2026-09-03T00:00:00,27,2026-09-03T12:00:00+0000,Edinburgh,2576.4262006662143,0.07500255023338864,23658,10693.181295156479,34351.18129515648,16937.6618156,0.0687539075334771,0.0214249822404203,40,2026-09-02T11:48:00+0000
2026-09-03T00:00:00,27,2026-09-03T12:00:00+0000,Inverness,384.1920832788241,0.011184246619576814,23658,10693.181295156479,34351.18129515648,4393.9896549000005,0.01783622566827993,0.012315317201172717,18,2026-09-02T11:48:00+0000
2026-09-03T00:00:00,27,2026-09-03T12:00:00+0000,Leeds,3633.1020520301,0.10576352588323848,23658,10693.181295156479,34351.18129515648,23703.4700297,0.09621789621183369,0.021588471247935864,66,2026-09-02T11:48:00+0000
2026-09-03T00:00:00,27,2026-09-03T12:00:00+0000,London,11416.102530272594,0.3323350784411675,23658,10693.181295156479,34351.18129515648,79800.8774024,0.32393031610547557,0.020149599348009747,110,2026-09-02T11:48:00+0000
2026-09-03T00:00:00,27,2026-09-03T12:00:00+0000,Manchester,4940.937007853525,0.1438360144124126,23658,10693.181295156479,34351.18129515648,31337.7470771,0.12720720181471523,0.02220740264547433,110,2026-09-02T11:48:00+0000
2026-09-03T00:00:00,27,2026-09-03T12:00:00+0000,Newcastle,1926.3903504478958,0.05607930434460829,23658,10693.181295156479,34351.18129515648,12293.212011,0.0499010058823626,0.022071667417133813,44,2026-09-02T11:48:00+0000
2026-09-03T00:00:00,27,2026-09-03T12:00:00+0000,Norwich,1198.4371774261542,0.03488780100832032,23658,10693.181295156479,34351.18129515648,10025.7933104,0.0406970261726516,0.016836536140793813,44,2026-09-02T11:48:00+0000
2026-09-03T00:00:00,28,2026-09-03T12:30:00+0000,Birmingham,4349.9686763076,0.1269507431885653,23331,10934.011508017778,34265.01150801778,32348.0176877,0.13130812512403575,0.01873833342245115,66,2026-09-02T11:48:00+0000
2026-09-03T00:00:00,28,2026-09-03T12:30:00+0000,Bristol,2098.037111154634,0.061229721480283404,23331,10934.011508017778,34265.01150801778,16781.7630635,0.06812107825024062,0.017420799621634904,66,2026-09-02T11:48:00+0000
2026-09-03T00:00:00,28,2026-09-03T12:30:00+0000,Cardiff,1801.1931231595502,0.052566540733193196,23331,10934.011508017778,34265.01150801778,18729.45612165,0.07602721723692794,0.01340070412733425,44,2026-09-02T11:48:00+0000
2026-09-03T00:00:00,28,2026-09-03T12:30:00+0000,Edinburgh,2515.0791356274353,0.07340079646665007,23331,10934.011508017778,34265.01150801778,16937.6618156,0.0687539075334771,0.020691439320241086,40,2026-09-02T11:48:00+0000
2026-09-03T00:00:00,28,2026-09-03T12:30:00+0000,Inverness,335.64438215148346,0.009795542665232871,23331,10934.011508017778,34265.01150801778,4393.9896549000005,0.01783622566827993,0.010644195855942108,18,2026-09-02T11:48:00+0000
2026-09-03T00:00:00,28,2026-09-03T12:30:00+0000,Leeds,3666.7806209488385,0.10701238550848982,23331,10934.011508017778,34265.01150801778,23703.4700297,0.09621789621183369,0.02155586740792693,66,2026-09-02T11:48:00+0000
2026-09-03T00:00:00,28,2026-09-03T12:30:00+0000,London,11440.354482357448,0.3338786119969778,23331,10934.011508017778,34265.01150801778,79800.8774024,0.32393031610547557,0.01997672630845538,110,2026-09-02T11:48:00+0000
2026-09-03T00:00:00,28,2026-09-03T12:30:00+0000,Manchester,4927.643708521956,0.14380977830312186,23331,10934.011508017778,34265.01150801778,31337.7470771,0.12720720181471523,0.021911092500373756,110,2026-09-02T11:48:00+0000
2026-09-03T00:00:00,28,2026-09-03T12:30:00+0000,Newcastle,1926.446548564513,0.0562219729041602,23331,10934.011508017778,34265.01150801778,12293.212011,0.0499010058823626,0.02183655362589275,44,2026-09-02T11:48:00+0000
2026-09-03T00:00:00,28,2026-09-03T12:30:00+0000,Norwich,1203.8637192243232,0.03513390675332554,23331,10934.011508017778,34265.01150801778,10025.7933104,0.0406970261726516,0.016732124364562274,44,2026-09-02T11:48:00+0000
2026-09-03T00:00:00,29,2026-09-03T13:00:00+0000,Birmingham,4467.167856460809,0.12780830347474137,23335,11617.094152033329,34952.09415203333,32348.0176877,0.13130812512403575,0.018927330327118894,66,2026-09-02T11:48:00+0000
2026-09-03T00:00:00,29,2026-09-03T13:00:00+0000,Bristol,2150.3582375821484,0.061523015709118875,23335,11617.094152033329,34952.09415203333,16781.7630635,0.06812107825024062,0.017562162599506034,66,2026-09-02T11:48:00+0000
2026-09-03T00:00:00,29,2026-09-03T13:00:00+0000,Cardiff,1856.342080186996,0.05311104027450681,23335,11617.094152033329,34952.09415203333,18729.45612165,0.07602721723692794,0.013584310669670661,44,2026-09-02T11:48:00+0000
2026-09-03T00:00:00,29,2026-09-03T13:00:00+0000,Edinburgh,2529.6070606490553,0.07237354790948616,23335,11617.094152033329,34952.09415203333,16937.6618156,0.0687539075334771,0.020469364962602495,40,2026-09-02T11:48:00+0000
2026-09-03T00:00:00,29,2026-09-03T13:00:00+0000,Inverness,350.7014112521728,0.010033773934308621,23335,11617.094152033329,34952.09415203333,4393.9896549000005,0.01783622566827993,0.010939141633507128,18,2026-09-02T11:48:00+0000
2026-09-03T00:00:00,29,2026-09-03T13:00:00+0000,Leeds,3744.2650221809067,0.10712562760600955,23335,11617.094152033329,34952.09415203333,23703.4700297,0.09621789621183369,0.02165007545649718,66,2026-09-02T11:48:00+0000
2026-09-03T00:00:00,29,2026-09-03T13:00:00+0000,London,11649.292655694322,0.3332931241550981,23335,11617.094152033329,34952.09415203333,79800.8774024,0.32393031610547557,0.02000767625100024,110,2026-09-02T11:48:00+0000
2026-09-03T00:00:00,29,2026-09-03T13:00:00+0000,Manchester,5009.616466592811,0.14332807770550646,23335,11617.094152033329,34952.09415203333,31337.7470771,0.12720720181471523,0.021909954144634834,110,2026-09-02T11:48:00+0000
2026-09-03T00:00:00,29,2026-09-03T13:00:00+0000,Newcastle,1960.2372017057419,0.05608354089397832,23335,11617.094152033329,34952.09415203333,12293.212011,0.0499010058823626,0.02185485942527975,44,2026-09-02T11:48:00+0000
2026-09-03T00:00:00,29,2026-09-03T13:00:00+0000,Norwich,1234.5061597283657,0.03531994833724573,23335,11617.094152033329,34952.09415203333,10025.7933104,0.0406970261726516,0.016876379239621844,44,2026-09-02T11:48:00+0000
2026-09-03T00:00:00,30,2026-09-03T13:30:00+0000,Birmingham,4311.03236845846,0.12768692429103234,23383,10379.520261138678,33762.52026113868,32348.0176877,0.13130812512403575,0.018968842868652667,66,2026-09-02T11:48:00+0000
2026-09-03T00:00:00,30,2026-09-03T13:30:00+0000,Bristol,2093.3344787360907,0.06200172447273018,23383,10379.520261138678,33762.52026113868,16781.7630635,0.06812107825024062,0.017754492743333804,66,2026-09-02T11:48:00+0000
2026-09-03T00:00:00,30,2026-09-03T13:30:00+0000,Cardiff,1833.7330858115263,0.05431268375785883,23383,10379.520261138678,33762.52026113868,18729.45612165,0.07602721723692794,0.013935359660474685,44,2026-09-02T11:48:00+0000
2026-09-03T00:00:00,30,2026-09-03T13:30:00+0000,Edinburgh,2437.7251239593616,0.0722021076952964,23383,10379.520261138678,33762.52026113868,16937.6618156,0.0687539075334771,0.02048511957056935,40,2026-09-02T11:48:00+0000
2026-09-03T00:00:00,30,2026-09-03T13:30:00+0000,Inverness,364.2180663694162,0.010787644510905732,23383,10379.520261138678,33762.52026113868,4393.9896549000005,0.01783622566827993,0.011798035035523631,18,2026-09-02T11:48:00+0000
2026-09-03T00:00:00,30,2026-09-03T13:30:00+0000,Leeds,3574.992754258944,0.10588643047402568,23383,10379.520261138678,33762.52026113868,23703.4700297,0.09621789621183369,0.02146695592799979,66,2026-09-02T11:48:00+0000
2026-09-03T00:00:00,30,2026-09-03T13:30:00+0000,London,11258.796658533543,0.3334702673690103,23383,10379.520261138678,33762.52026113868,79800.8774024,0.32393031610547557,0.0200812866902458,110,2026-09-02T11:48:00+0000
2026-09-03T00:00:00,30,2026-09-03T13:30:00+0000,Manchester,4810.40464632026,0.1424776530043917,23383,10379.520261138678,33762.52026113868,31337.7470771,0.12720720181471523,0.021848471849611924,110,2026-09-02T11:48:00+0000
2026-09-03T00:00:00,30,2026-09-03T13:30:00+0000,Newcastle,1868.9393560467736,0.05535544567145242,23383,10379.520261138678,33762.52026113868,12293.212011,0.0499010058823626,0.021638993931125568,44,2026-09-02T11:48:00+0000
2026-09-03T00:00:00,30,2026-09-03T13:30:00+0000,Norwich,1209.3437226443061,0.03581911875329652,23383,10379.520261138678,33762.52026113868,10025.7933104,0.0406970261726516,0.017168732529641687,44,2026-09-02T11:48:00+0000
2026-09-03T00:00:00,31,2026-09-03T14:00:00+0000,Birmingham,4102.179415682058,0.1275173390192175,22950,9219.581385821104,32169.581385821104,32348.0176877,0.13130812512403575,0.01906080222156526,66,2026-09-02T11:48:00+0000
2026-09-03T00:00:00,31,2026-09-03T14:00:00+0000,Bristol,2019.7657920984275,0.06278495725122021,22950,9219.581385821104,32169.581385821104,16781.7630635,0.06812107825024062,0.01808996069557104,66,2026-09-02T11:48:00+0000
2026-09-03T00:00:00,31,2026-09-03T14:00:00+0000,Cardiff,1809.9979545301512,0.056264268186216326,22950,9219.581385821104,32169.581385821104,18729.45612165,0.07602721723692794,0.01452536698735687,44,2026-09-02T11:48:00+0000
2026-09-03T00:00:00,31,2026-09-03T14:00:00+0000,Edinburgh,2277.15789010831,0.07078605912826637,22950,9219.581385821104,32169.581385821104,16937.6618156,0.0687539075334771,0.020207560267278078,40,2026-09-02T11:48:00+0000
2026-09-03T00:00:00,31,2026-09-03T14:00:00+0000,Inverness,330.78856526460817,0.01028265059769801,22950,9219.581385821104,32169.581385821104,4393.9896549000005,0.01783622566827993,0.011315289094492895,18,2026-09-02T11:48:00+0000
2026-09-03T00:00:00,31,2026-09-03T14:00:00+0000,Leeds,3417.984218661618,0.10624894920665989,22950,9219.581385821104,32169.581385821104,23703.4700297,0.09621789621183369,0.02167366321550131,66,2026-09-02T11:48:00+0000
2026-09-03T00:00:00,31,2026-09-03T14:00:00+0000,London,10743.538529110347,0.33396575479983126,22950,9219.581385821104,32169.581385821104,79800.8774024,0.32393031610547557,0.02023549698624533,110,2026-09-02T11:48:00+0000
2026-09-03T00:00:00,31,2026-09-03T14:00:00+0000,Manchester,4515.241896265671,0.14035749617356805,22950,9219.581385821104,32169.581385821104,31337.7470771,0.12720720181471523,0.021656458955664412,110,2026-09-02T11:48:00+0000
2026-09-03T00:00:00,31,2026-09-03T14:00:00+0000,Newcastle,1779.7701649390674,0.05532462930100513,22950,9219.581385821104,32169.581385821104,12293.212011,0.0499010058823626,0.02176069423128565,44,2026-09-02T11:48:00+0000
2026-09-03T00:00:00,31,2026-09-03T14:00:00+0000,Norwich,1173.156959160844,0.03646789633631722,22950,9219.581385821104,32169.581385821104,10025.7933104,0.0406970261726516,0.017587802092503248,44,2026-09-02T11:48:00+0000
2026-09-03T00:00:00,32,2026-09-03T14:30:00+0000,Birmingham,4188.0580291320275,0.1289552243969147,23840,8636.838753283024,32476.838753283024,32348.0176877,0.13130812512403575,0.02003457945499919,66,2026-09-02T11:48:00+0000
2026-09-03T00:00:00,32,2026-09-03T14:30:00+0000,Bristol,2078.967523411428,0.06401385120038104,23840,8636.838753283024,32476.838753283024,16781.7630635,0.06812107825024062,0.019170142088590376,66,2026-09-02T11:48:00+0000
2026-09-03T00:00:00,32,2026-09-03T14:30:00+0000,Cardiff,1985.7853735790795,0.061144663391178744,23840,8636.838753283024,32476.838753283024,18729.45612165,0.07602721723692794,0.016406742170194312,44,2026-09-02T11:48:00+0000
2026-09-03T00:00:00,32,2026-09-03T14:30:00+0000,Edinburgh,2246.867560618536,0.06918369049670527,23840,8636.838753283024,32476.838753283024,16937.6618156,0.0687539075334771,0.02052764973768874,40,2026-09-02T11:48:00+0000
2026-09-03T00:00:00,32,2026-09-03T14:30:00+0000,Inverness,330.7327007942829,0.010183648208705341,23840,8636.838753283024,32476.838753283024,4393.9896549000005,0.01783622566827993,0.01164751609451381,18,2026-09-02T11:48:00+0000
2026-09-03T00:00:00,32,2026-09-03T14:30:00+0000,Leeds,3407.810920925877,0.1049304997575045,23840,8636.838753283024,32476.838753283024,23703.4700297,0.09621789621183369,0.022247374924219965,66,2026-09-02T11:48:00+0000
2026-09-03T00:00:00,32,2026-09-03T14:30:00+0000,London,10799.587875475912,0.33253199172238407,23840,8636.838753283024,32476.838753283024,79800.8774024,0.32393031610547557,0.020941834744473625,110,2026-09-02T11:48:00+0000
2026-09-03T00:00:00,32,2026-09-03T14:30:00+0000,Manchester,4472.878937074011,0.1377251945933887,23840,8636.838753283024,32476.838753283024,31337.7470771,0.12720720181471523,0.02208689082958854,110,2026-09-02T11:48:00+0000
2026-09-03T00:00:00,32,2026-09-03T14:30:00+0000,Newcastle,1748.3065341188567,0.05383241107301811,23840,8636.838753283024,32476.838753283024,12293.212011,0.0499010058823626,0.02200733330865155,44,2026-09-02T11:48:00+0000
2026-09-03T00:00:00,32,2026-09-03T14:30:00+0000,Norwich,1217.8432981530116,0.03749882515981954,23840,8636.838753283024,32476.838753283024,10025.7933104,0.0406970261726516,0.018796971174423308,44,2026-09-02T11:48:00+0000
2026-09-03T00:00:00,33,2026-09-03T15:00:00+0000,Birmingham,4214.96731695865,0.12927589542275966,24293,8311.43335685134,32604.43335685134,32348.0176877,0.13130812512403575,0.021038122008222773,66,2026-09-02T11:48:00+0000
2026-09-03T00:00:00,33,2026-09-03T15:00:00+0000,Bristol,2135.5297826575347,0.06549814128908285,24293,8311.43335685134,32604.43335685134,16781.7630635,0.06812107825024062,0.020546056466964047,66,2026-09-02T11:48:00+0000
2026-09-03T00:00:00,33,2026-09-03T15:00:00+0000,Cardiff,2156.8561065110252,0.0661522340506431,24293,8311.43335685134,32604.43335685134,18729.45612165,0.07602721723692794,0.018593298261421035,44,2026-09-02T11:48:00+0000
2026-09-03T00:00:00,33,2026-09-03T15:00:00+0000,Edinburgh,2280.603590446908,0.06994765299203315,24293,8311.43335685134,32604.43335685134,16937.6618156,0.0687539075334771,0.021739861666997307,40,2026-09-02T11:48:00+0000
2026-09-03T00:00:00,33,2026-09-03T15:00:00+0000,Inverness,371.87435819435245,0.01140563781999323,24293,8311.43335685134,32604.43335685134,4393.9896549000005,0.01783622566827993,0.013664622342762158,18,2026-09-02T11:48:00+0000
2026-09-03T00:00:00,33,2026-09-03T15:00:00+0000,Leeds,3363.0383667537726,0.1031466589204526,24293,8311.43335685134,32604.43335685134,23703.4700297,0.09621789621183369,0.02290763862416358,66,2026-09-02T11:48:00+0000
2026-09-03T00:00:00,33,2026-09-03T15:00:00+0000,London,10752.124960502944,0.3297749371326996,24293,8311.43335685134,32604.43335685134,79800.8774024,0.32393031610547557,0.02175439784097235,110,2026-09-02T11:48:00+0000
2026-09-03T00:00:00,33,2026-09-03T15:00:00+0000,Manchester,4358.395133577592,0.133674923464411,24293,8311.43335685134,32604.43335685134,31337.7470771,0.12720720181471523,0.022455320589984396,110,2026-09-02T11:48:00+0000
2026-09-03T00:00:00,33,2026-09-03T15:00:00+0000,Newcastle,1720.468112441517,0.05276791943019571,24293,8311.43335685134,32604.43335685134,12293.212011,0.0499010058823626,0.022596526538602137,44,2026-09-02T11:48:00+0000
2026-09-03T00:00:00,33,2026-09-03T15:00:00+0000,Norwich,1250.57562880704,0.038355999477729,24293,8311.43335685134,32604.43335685134,10025.7933104,0.0406970261726516,0.020139637243817593,44,2026-09-02T11:48:00+0000
2026-09-03T00:00:00,34,2026-09-03T15:30:00+0000,Birmingham,4234.320814084825,0.13015821653755294,25373,7159.1053616553545,32532.105361655354,32348.0176877,0.13130812512403575,0.022394776093235272,66,2026-09-02T11:48:00+0000
2026-09-03T00:00:00,34,2026-09-03T15:30:00+0000,Bristol,2173.523491055409,0.06681164550811021,25373,7159.1053616553545,32532.105361655354,16781.7630635,0.06812107825024062,0.022158348596247476,66,2026-09-02T11:48:00+0000
2026-09-03T00:00:00,34,2026-09-03T15:30:00+0000,Cardiff,2291.5320014107715,0.07043909319535567,25373,7159.1053616553545,32532.105361655354,18729.45612165,0.07602721723692794,0.02093203236539485,44,2026-09-02T11:48:00+0000
2026-09-03T00:00:00,34,2026-09-03T15:30:00+0000,Edinburgh,2285.878974392033,0.07026532556009522,25373,7159.1053616553545,32532.105361655354,16937.6618156,0.0687539075334771,0.02308928119730441,40,2026-09-02T11:48:00+0000
2026-09-03T00:00:00,34,2026-09-03T15:30:00+0000,Inverness,416.4903912269379,0.012802441975299976,25373,7159.1053616553545,32532.105361655354,4393.9896549000005,0.01783622566827993,0.01621648010024869,18,2026-09-02T11:48:00+0000
2026-09-03T00:00:00,34,2026-09-03T15:30:00+0000,Leeds,3242.8725541749754,0.09968222216559199,25373,7159.1053616553545,32532.105361655354,23703.4700297,0.09621789621183369,0.02340607486845277,66,2026-09-02T11:48:00+0000
2026-09-03T00:00:00,34,2026-09-03T15:30:00+0000,London,10717.939459934942,0.32945729582469213,25373,7159.1053616553545,32532.105361655354,79800.8774024,0.32393031610547557,0.0229781082167036,110,2026-09-02T11:48:00+0000
2026-09-03T00:00:00,34,2026-09-03T15:30:00+0000,Manchester,4194.337168945893,0.12892916466112384,25373,7159.1053616553545,32532.105361655354,31337.7470771,0.12720720181471523,0.022898456290093655,110,2026-09-02T11:48:00+0000
2026-09-03T00:00:00,34,2026-09-03T15:30:00+0000,Newcastle,1675.0357052685426,0.05148869667817007,25373,7159.1053616553545,32532.105361655354,12293.212011,0.0499010058823626,0.023311452499866353,44,2026-09-02T11:48:00+0000
2026-09-03T00:00:00,34,2026-09-03T15:30:00+0000,Norwich,1300.1748011610257,0.039965897894007923,25373,7159.1053616553545,32532.105361655354,10025.7933104,0.0406970261726516,0.02218674719441243,44,2026-09-02T11:48:00+0000
2026-09-03T00:00:00,35,2026-09-03T16:00:00+0000,Birmingham,4270.71702685122,0.13100100894512745,26718,5882.6422487944365,32600.642248794436,32348.0176877,0.13130812512403575,0.023725429438346813,66,2026-09-02T11:48:00+0000
2026-09-03T00:00:00,35,2026-09-03T16:00:00+0000,Bristol,2207.2568962471832,0.06770593288936837,26718,5882.6422487944365,32600.642248794436,16781.7630635,0.06812107825024062,0.02363612372816709,66,2026-09-02T11:48:00+0000
2026-09-03T00:00:00,35,2026-09-03T16:00:00+0000,Cardiff,2398.7383757149514,0.07357948218960797,26718,5882.6422487944365,32600.642248794436,18729.45612165,0.07602721723692794,0.0230154078011676,44,2026-09-02T11:48:00+0000
2026-09-03T00:00:00,35,2026-09-03T16:00:00+0000,Edinburgh,2282.5670342296803,0.0700160143107024,26718,5882.6422487944365,32600.642248794436,16937.6618156,0.0687539075334771,0.024217596607073524,40,2026-09-02T11:48:00+0000
2026-09-03T00:00:00,35,2026-09-03T16:00:00+0000,Inverness,416.6936861791622,0.012781763101448452,26718,5882.6422487944365,32600.642248794436,4393.9896549000005,0.01783622566827993,0.017041932757226305,18,2026-09-02T11:48:00+0000
2026-09-03T00:00:00,35,2026-09-03T16:00:00+0000,Leeds,3176.720243104257,0.09744348650743932,26718,5882.6422487944365,32600.642248794436,23703.4700297,0.09621789621183369,0.024083965670579018,66,2026-09-02T11:48:00+0000
2026-09-03T00:00:00,35,2026-09-03T16:00:00+0000,London,10765.7491723973,0.33023119882846524,26718,5882.6422487944365,32600.642248794436,79800.8774024,0.32393031610547557,0.024243624466908455,110,2026-09-02T11:48:00+0000
2026-09-03T00:00:00,35,2026-09-03T16:00:00+0000,Manchester,4093.5355895557805,0.1255661026036123,26718,5882.6422487944365,32600.642248794436,31337.7470771,0.12720720181471523,0.023474251697620647,110,2026-09-02T11:48:00+0000
2026-09-03T00:00:00,35,2026-09-03T16:00:00+0000,Newcastle,1631.134580658903,0.05003381737730096,26718,5882.6422487944365,32600.642248794436,12293.212011,0.0499010058823626,0.023844344118219004,44,2026-09-02T11:48:00+0000
2026-09-03T00:00:00,35,2026-09-03T16:00:00+0000,Norwich,1357.5296438560008,0.041641193246927576,26718,5882.6422487944365,32600.642248794436,10025.7933104,0.0406970261726516,0.02433276894861568,44,2026-09-02T11:48:00+0000
2026-09-03T00:00:00,36,2026-09-03T16:30:00+0000,Birmingham,4299.996797172788,0.1305702821351152,28091,4841.430924236774,32932.430924236774,32348.0176877,0.13130812512403575,0.024681301926285374,66,2026-09-02T11:48:00+0000
2026-09-03T00:00:00,36,2026-09-03T16:30:00+0000,Bristol,2247.8858286662758,0.06825751290081455,28091,4841.430924236774,32932.430924236774,16781.7630635,0.06812107825024062,0.024870485820467636,66,2026-09-02T11:48:00+0000
2026-09-03T00:00:00,36,2026-09-03T16:30:00+0000,Cardiff,2573.224106445714,0.07813647624026254,28091,4841.430924236774,32932.430924236774,18729.45612165,0.07602721723692794,0.025509388596792568,44,2026-09-02T11:48:00+0000
2026-09-03T00:00:00,36,2026-09-03T16:30:00+0000,Edinburgh,2283.4482263935065,0.0693373723806399,28091,4841.430924236774,32932.430924236774,16937.6618156,0.0687539075334771,0.025031410150839786,40,2026-09-02T11:48:00+0000
2026-09-03T00:00:00,36,2026-09-03T16:30:00+0000,Inverness,465.2404100291785,0.014127120196486397,28091,4841.430924236774,32932.430924236774,4393.9896549000005,0.01783622566827993,0.01965920739567044,18,2026-09-02T11:48:00+0000
2026-09-03T00:00:00,36,2026-09-03T16:30:00+0000,Leeds,3118.704763127392,0.09470010793622183,28091,4841.430924236774,32932.430924236774,23703.4700297,0.09621789621183369,0.024429239072406895,66,2026-09-02T11:48:00+0000
2026-09-03T00:00:00,36,2026-09-03T16:30:00+0000,London,10877.402958563982,0.3302945653659204,28091,4841.430924236774,32932.430924236774,79800.8774024,0.32393031610547557,0.025308427143784288,110,2026-09-02T11:48:00+0000
2026-09-03T00:00:00,36,2026-09-03T16:30:00+0000,Manchester,4038.8181160606487,0.12263953806969839,28091,4841.430924236774,32932.430924236774,31337.7470771,0.12720720181471523,0.023929527817362815,110,2026-09-02T11:48:00+0000
2026-09-03T00:00:00,36,2026-09-03T16:30:00+0000,Newcastle,1615.5964134313538,0.04905791549819507,28091,4841.430924236774,32932.430924236774,12293.212011,0.0499010058823626,0.024401420744168824,44,2026-09-02T11:48:00+0000
2026-09-03T00:00:00,36,2026-09-03T16:30:00+0000,Norwich,1412.1133043459365,0.042879109276645754,28091,4841.430924236774,32932.430924236774,10025.7933104,0.0406970261726516,0.026151608275538342,44,2026-09-02T11:48:00+0000
2026-09-03T00:00:00,37,2026-09-03T17:00:00+0000,Birmingham,4229.093728760285,0.13069709052527,28550,3807.9791391193867,32357.979139119387,32348.0176877,0.13130812512403575,0.025231674346670976,66,2026-09-02T11:48:00+0000
2026-09-03T00:00:00,37,2026-09-03T17:00:00+0000,Bristol,2227.414019052478,0.06883662324757579,28550,3807.9791391193867,32357.979139119387,16781.7630635,0.06812107825024062,0.025615910420303128,66,2026-09-02T11:48:00+0000
2026-09-03T00:00:00,37,2026-09-03T17:00:00+0000,Cardiff,2650.9656669984797,0.08192618134775845,28550,3807.9791391193867,32357.979139119387,18729.45612165,0.07602721723692794,0.027316519860266113,44,2026-09-02T11:48:00+0000
2026-09-03T00:00:00,37,2026-09-03T17:00:00+0000,Edinburgh,2236.664627089866,0.06912250661493986,28550,3807.9791391193867,32357.979139119387,16937.6618156,0.0687539075334771,0.02548554025146523,40,2026-09-02T11:48:00+0000
2026-09-03T00:00:00,37,2026-09-03T17:00:00+0000,Inverness,561.8667385543167,0.017364086185315705,28550,3807.9791391193867,32357.979139119387,4393.9896549000005,0.01783622566827993,0.024678611748967693,18,2026-09-02T11:48:00+0000
2026-09-03T00:00:00,37,2026-09-03T17:00:00+0000,Leeds,2935.21099936373,0.09071057827017348,28550,3807.9791391193867,32357.979139119387,23703.4700297,0.09621789621183369,0.023898675368534225,66,2026-09-02T11:48:00+0000
2026-09-03T00:00:00,37,2026-09-03T17:00:00+0000,London,10711.102915342428,0.33101890786477367,28550,3807.9791391193867,32357.979139119387,79800.8774024,0.32393031610547557,0.025904365429942684,110,2026-09-02T11:48:00+0000
2026-09-03T00:00:00,37,2026-09-03T17:00:00+0000,Manchester,3842.5186761785476,0.11875026742733479,28550,3807.9791391193867,32357.979139119387,31337.7470771,0.12720720181471523,0.023664353714349044,110,2026-09-02T11:48:00+0000
2026-09-03T00:00:00,37,2026-09-03T17:00:00+0000,Newcastle,1543.7707744809982,0.04770912200183251,28550,3807.9791391193867,32357.979139119387,12293.212011,0.0499010058823626,0.024236163607502293,44,2026-09-02T11:48:00+0000
2026-09-03T00:00:00,37,2026-09-03T17:00:00+0000,Norwich,1419.3709932982551,0.04386463651502567,28550,3807.9791391193867,32357.979139119387,10025.7933104,0.0406970261726516,0.027322699820887125,44,2026-09-02T11:48:00+0000
2026-09-03T00:00:00,38,2026-09-03T17:30:00+0000,Birmingham,4163.464250664421,0.12923018113370202,29210,3007.4295055493712,32217.42950554937,32348.0176877,0.13130812512403575,0.02565650039439686,66,2026-09-02T11:48:00+0000
2026-09-03T00:00:00,38,2026-09-03T17:30:00+0000,Bristol,2210.903656823147,0.06862445858513709,29210,3007.4295055493712,32217.42950554937,16781.7630635,0.06812107825024062,0.026261678609685136,66,2026-09-02T11:48:00+0000
2026-09-03T00:00:00,38,2026-09-03T17:30:00+0000,Cardiff,2684.1452200638296,0.08331345055326317,29210,3007.4295055493712,32217.42950554937,18729.45612165,0.07602721723692794,0.028567424729205208,44,2026-09-02T11:48:00+0000
2026-09-03T00:00:00,38,2026-09-03T17:30:00+0000,Edinburgh,2327.1748534981343,0.07223341182751046,29210,3007.4295055493712,32217.42950554937,16937.6618156,0.0687539075334771,0.02738834610577774,40,2026-09-02T11:48:00+0000
2026-09-03T00:00:00,38,2026-09-03T17:30:00+0000,Inverness,833.6776829331807,0.025876604550017928,29210,3007.4295055493712,32217.42950554937,4393.9896549000005,0.01783622566827993,0.03782068539850218,18,2026-09-02T11:48:00+0000
2026-09-03T00:00:00,38,2026-09-03T17:30:00+0000,Leeds,2831.553361293029,0.08788886651572562,29210,3007.4295055493712,32217.42950554937,23703.4700297,0.09621789621183369,0.023812394626324365,66,2026-09-02T11:48:00+0000
2026-09-03T00:00:00,38,2026-09-03T17:30:00+0000,London,10544.387900398682,0.327288305188421,29210,3007.4295055493712,32217.42950554937,79800.8774024,0.32393031610547557,0.02633928350951377,110,2026-09-02T11:48:00+0000
2026-09-03T00:00:00,38,2026-09-03T17:30:00+0000,Manchester,3706.3456483081404,0.115041631352673,29210,3007.4295055493712,32217.42950554937,31337.7470771,0.12720720181471523,0.023575906294561914,110,2026-09-02T11:48:00+0000
2026-09-03T00:00:00,38,2026-09-03T17:30:00+0000,Newcastle,1505.6730695201913,0.04673473621664456,29210,3007.4295055493712,32217.42950554937,12293.212011,0.0499010058823626,0.024414934321204992,44,2026-09-02T11:48:00+0000
2026-09-03T00:00:00,38,2026-09-03T17:30:00+0000,Norwich,1410.1038620466145,0.0437683540769051,29210,3007.4295055493712,32217.42950554937,10025.7933104,0.0406970261726516,0.02803642303068966,44,2026-09-02T11:48:00+0000
2026-09-03T00:00:00,39,2026-09-03T18:00:00+0000,Birmingham,4177.474288193255,0.13077762417730956,29600,2343.341335895471,31943.34133589547,32348.0176877,0.13130812512403575,0.026332134892358368,66,2026-09-02T11:48:00+0000
2026-09-03T00:00:00,39,2026-09-03T18:00:00+0000,Bristol,2195.8874463181014,0.0687431982530435,29600,2343.341335895471,31943.34133589547,16781.7630635,0.06812107825024062,0.026680406878743346,66,2026-09-02T11:48:00+0000
2026-09-03T00:00:00,39,2026-09-03T18:00:00+0000,Cardiff,2703.934497075596,0.08464782906217523,29600,2343.341335895471,31943.34133589547,18729.45612165,0.07602721723692794,0.029436824451796566,44,2026-09-02T11:48:00+0000
2026-09-03T00:00:00,39,2026-09-03T18:00:00+0000,Edinburgh,2285.3900080687117,0.07154511433343906,29600,2343.341335895471,31943.34133589547,16937.6618156,0.0687539075334771,0.027512295314671375,40,2026-09-02T11:48:00+0000
2026-09-03T00:00:00,39,2026-09-03T18:00:00+0000,Inverness,801.7207229155985,0.025098211063308094,29600,2343.341335895471,31943.34133589547,4393.9896549000005,0.01783622566827993,0.037203520377128506,18,2026-09-02T11:48:00+0000
2026-09-03T00:00:00,39,2026-09-03T18:00:00+0000,Leeds,2787.3665578964287,0.08725970550751998,29600,2343.341335895471,31943.34133589547,23703.4700297,0.09621789621183369,0.023977401428022026,66,2026-09-02T11:48:00+0000
2026-09-03T00:00:00,39,2026-09-03T18:00:00+0000,London,10416.414468382092,0.32609032220048084,29600,2343.341335895471,31943.34133589547,79800.8774024,0.32393031610547557,0.02661524959358143,110,2026-09-02T11:48:00+0000
2026-09-03T00:00:00,39,2026-09-03T18:00:00+0000,Manchester,3682.6514316617904,0.11528698243985859,29600,2343.341335895471,31943.34133589547,31337.7470771,0.12720720181471523,0.0239614337404439,110,2026-09-02T11:48:00+0000
2026-09-03T00:00:00,39,2026-09-03T18:00:00+0000,Newcastle,1482.4813381166648,0.04640971407868238,29600,2343.341335895471,31943.34133589547,12293.212011,0.0499010058823626,0.024589167253686182,44,2026-09-02T11:48:00+0000
2026-09-03T00:00:00,39,2026-09-03T18:00:00+0000,Norwich,1410.0205772672311,0.044141298884182736,29600,2343.341335895471,31943.34133589547,10025.7933104,0.0406970261726516,0.02867653414042487,44,2026-09-02T11:48:00+0000
2026-09-03T00:00:00,40,2026-09-03T18:30:00+0000,Birmingham,4086.46993288035,0.1301245606813411,29011,2393.293789606774,31404.293789606774,32348.0176877,0.13130812512403575,0.02618738348979117,66,2026-09-02T11:48:00+0000
2026-09-03T00:00:00,40,2026-09-03T18:30:00+0000,Bristol,2155.912194528969,0.06865023646041887,29011,2393.293789606774,31404.293789606774,16781.7630635,0.06812107825024062,0.02663084556332356,66,2026-09-02T11:48:00+0000
2026-09-03T00:00:00,40,2026-09-03T18:30:00+0000,Cardiff,2686.6335629540795,0.08554987992894203,29011,2393.293789606774,31404.293789606774,18729.45612165,0.07602721723692794,0.029735465512969832,44,2026-09-02T11:48:00+0000
2026-09-03T00:00:00,40,2026-09-03T18:30:00+0000,Edinburgh,2280.325958094781,0.07261191649052312,29011,2393.293789606774,31404.293789606774,16937.6618156,0.0687539075334771,0.027908400449491284,40,2026-09-02T11:48:00+0000
2026-09-03T00:00:00,40,2026-09-03T18:30:00+0000,Inverness,798.8903156334943,0.025438888101915746,29011,2393.293789606774,31404.293789606774,4393.9896549000005,0.01783622566827993,0.03768943253547143,18,2026-09-02T11:48:00+0000
2026-09-03T00:00:00,40,2026-09-03T18:30:00+0000,Leeds,2759.108410550354,0.08785768051448681,29011,2393.293789606774,31404.293789606774,23703.4700297,0.09621789621183369,0.024129499221199713,66,2026-09-02T11:48:00+0000
2026-09-03T00:00:00,40,2026-09-03T18:30:00+0000,London,10175.640397285857,0.32402067263341794,29011,2393.293789606774,31404.293789606774,79800.8774024,0.32393031610547557,0.026432945258291797,110,2026-09-02T11:48:00+0000
2026-09-03T00:00:00,40,2026-09-03T18:30:00+0000,Manchester,3623.073200932554,0.11536872076173249,29011,2393.293789606774,31404.293789606774,31337.7470771,0.12720720181471523,0.023966289977377656,110,2026-09-02T11:48:00+0000
2026-09-03T00:00:00,40,2026-09-03T18:30:00+0000,Newcastle,1460.4959373774593,0.04650624997849209,29011,2393.293789606774,31404.293789606774,12293.212011,0.0499010058823626,0.024627847391969937,44,2026-09-02T11:48:00+0000
2026-09-03T00:00:00,40,2026-09-03T18:30:00+0000,Norwich,1377.7438793688766,0.043871194448729806,29011,2393.293789606774,31404.293789606774,10025.7933104,0.0406970261726516,0.028486639228833828,44,2026-09-02T11:48:00+0000
2026-09-03T00:00:00,41,2026-09-03T19:00:00+0000,Birmingham,4150.3668191808465,0.12972901163718004,29512,2480.587986320257,31992.587986320257,32348.0176877,0.13130812512403575,0.026251991221669938,66,2026-09-02T11:48:00+0000
2026-09-03T00:00:00,41,2026-09-03T19:00:00+0000,Bristol,2196.1614392681504,0.06864594512351452,29512,2480.587986320257,31992.587986320257,16781.7630635,0.06812107825024062,0.026776272342194245,66,2026-09-02T11:48:00+0000
2026-09-03T00:00:00,41,2026-09-03T19:00:00+0000,Cardiff,2724.1512768649213,0.0851494501798274,29512,2480.587986320257,31992.587986320257,18729.45612165,0.07602721723692794,0.029759764811877802,44,2026-09-02T11:48:00+0000
2026-09-03T00:00:00,41,2026-09-03T19:00:00+0000,Edinburgh,2340.6164415871954,0.07316120979609471,29512,2480.587986320257,31992.587986320257,16937.6618156,0.0687539075334771,0.028274845073739625,40,2026-09-02T11:48:00+0000
2026-09-03T00:00:00,41,2026-09-03T19:00:00+0000,Inverness,807.8298981738094,0.02525053298342823,29512,2480.587986320257,31992.587986320257,4393.9896549000005,0.01783622566827993,0.0376170151821829,18,2026-09-02T11:48:00+0000
2026-09-03T00:00:00,41,2026-09-03T19:00:00+0000,Leeds,2915.740093697044,0.09113798780341835,29512,2480.587986320257,31992.587986320257,23703.4700297,0.09621789621183369,0.025168673110186255,66,2026-09-02T11:48:00+0000
2026-09-03T00:00:00,41,2026-09-03T19:00:00+0000,London,10215.208140633655,0.319299212211328,29512,2480.587986320257,31992.587986320257,79800.8774024,0.32393031610547557,0.02619165813774247,110,2026-09-02T11:48:00+0000
2026-09-03T00:00:00,41,2026-09-03T19:00:00+0000,Manchester,3738.094068134538,0.11684250332398595,29512,2480.587986320257,31992.587986320257,31337.7470771,0.12720720181471523,0.024406521959116197,110,2026-09-02T11:48:00+0000
2026-09-03T00:00:00,41,2026-09-03T19:00:00+0000,Newcastle,1511.6871821701493,0.04725116901503977,29512,2480.587986320257,31992.587986320257,12293.212011,0.0499010058823626,0.025160542383854935,44,2026-09-02T11:48:00+0000
2026-09-03T00:00:00,41,2026-09-03T19:00:00+0000,Norwich,1392.7326266099476,0.04353297792618301,29512,2480.587986320257,31992.587986320257,10025.7933104,0.0406970261726516,0.028423165410914154,44,2026-09-02T11:48:00+0000
2026-09-03T00:00:00,42,2026-09-03T19:30:00+0000,Birmingham,3985.9314376924754,0.1288215888785996,28177,2764.4863796532154,30941.486379653215,32348.0176877,0.13130812512403575,0.025690635999845186,66,2026-09-02T11:48:00+0000
2026-09-03T00:00:00,42,2026-09-03T19:30:00+0000,Bristol,2104.5872202173773,0.068018297323988,28177,2764.4863796532154,30941.486379653215,16781.7630635,0.06812107825024062,0.02614701086801928,66,2026-09-02T11:48:00+0000
2026-09-03T00:00:00,42,2026-09-03T19:30:00+0000,Cardiff,2589.096361396421,0.08367718116796685,28177,2764.4863796532154,30941.486379653215,18729.45612165,0.07602721723692794,0.028821445057235343,44,2026-09-02T11:48:00+0000
2026-09-03T00:00:00,42,2026-09-03T19:30:00+0000,Edinburgh,2359.459814204804,0.07625554200125173,28177,2764.4863796532154,30941.486379653215,16937.6618156,0.0687539075334771,0.029043692583647154,40,2026-09-02T11:48:00+0000
2026-09-03T00:00:00,42,2026-09-03T19:30:00+0000,Inverness,997.4972682984001,0.03223818196899369,28177,2764.4863796532154,30941.486379653215,4393.9896549000005,0.01783622566827993,0.04733096821181472,18,2026-09-02T11:48:00+0000
2026-09-03T00:00:00,42,2026-09-03T19:30:00+0000,Leeds,2799.4798001370896,0.09047657781489117,28177,2764.4863796532154,30941.486379653215,23703.4700297,0.09621789621183369,0.024623972265237475,66,2026-09-02T11:48:00+0000
2026-09-03T00:00:00,42,2026-09-03T19:30:00+0000,London,9706.425262256034,0.313702617358385,28177,2764.4863796532154,30941.486379653215,79800.8774024,0.32393031610547557,0.02535971404473605,110,2026-09-02T11:48:00+0000
2026-09-03T00:00:00,42,2026-09-03T19:30:00+0000,Manchester,3633.239347716099,0.11742290926609388,28177,2764.4863796532154,30941.486379653215,31337.7470771,0.12720720181471523,0.02417235375923815,110,2026-09-02T11:48:00+0000
2026-09-03T00:00:00,42,2026-09-03T19:30:00+0000,Newcastle,1446.3063346154458,0.04674327266858522,28177,2764.4863796532154,30941.486379653215,12293.212011,0.0499010058823626,0.02452943925955002,44,2026-09-02T11:48:00+0000
2026-09-03T00:00:00,42,2026-09-03T19:30:00+0000,Norwich,1319.4635331190702,0.042643831551244904,28177,2764.4863796532154,30941.486379653215,10025.7933104,0.0406970261726516,0.027439193886327186,44,2026-09-02T11:48:00+0000
2026-09-03T00:00:00,43,2026-09-03T20:00:00+0000,Birmingham,3883.9866460941103,0.1299526432261487,26859,3028.707934767008,29887.707934767008,32348.0176877,0.13130812512403575,0.024662398527422816,66,2026-09-02T11:48:00+0000
2026-09-03T00:00:00,43,2026-09-03T20:00:00+0000,Bristol,2057.65762928278,0.0688462840233125,26859,3028.707934767008,29887.707934767008,16781.7630635,0.06812107825024062,0.02518493213417982,66,2026-09-02T11:48:00+0000
2026-09-03T00:00:00,43,2026-09-03T20:00:00+0000,Cardiff,2517.412059505443,0.08422901030082176,26859,3028.707934767008,29887.707934767008,18729.45612165,0.07602721723692794,0.027607965103336365,44,2026-09-02T11:48:00+0000
2026-09-03T00:00:00,43,2026-09-03T20:00:00+0000,Edinburgh,2181.380829961436,0.07298588552600031,26859,3028.707934767008,29887.707934767008,16937.6618156,0.0687539075334771,0.0264535091060253,40,2026-09-02T11:48:00+0000
2026-09-03T00:00:00,43,2026-09-03T20:00:00+0000,Inverness,815.4478028821819,0.027283718265113555,26859,3028.707934767008,29887.707934767008,4393.9896549000005,0.01783622566827993,0.03811907838615531,18,2026-09-02T11:48:00+0000
2026-09-03T00:00:00,43,2026-09-03T20:00:00+0000,Leeds,2724.325097613147,0.0911520248912786,26859,3028.707934767008,29887.707934767008,23703.4700297,0.09621789621183369,0.023607622834525444,66,2026-09-02T11:48:00+0000
2026-09-03T00:00:00,43,2026-09-03T20:00:00+0000,London,9468.594112962624,0.3168056290441811,26859,3028.707934767008,29887.707934767008,79800.8774024,0.32393031610547557,0.02437154654214893,110,2026-09-02T11:48:00+0000
2026-09-03T00:00:00,43,2026-09-03T20:00:00+0000,Manchester,3551.3438693086223,0.11882289123875926,26859,3028.707934767008,29887.707934767008,31337.7470771,0.12720720181471523,0.02327717171144638,110,2026-09-02T11:48:00+0000
2026-09-03T00:00:00,43,2026-09-03T20:00:00+0000,Newcastle,1404.206981695442,0.04698275909147225,26859,3028.707934767008,29887.707934767008,12293.212011,0.0499010058823626,0.023462323125032884,44,2026-09-02T11:48:00+0000
2026-09-03T00:00:00,43,2026-09-03T20:00:00+0000,Norwich,1283.3529054612202,0.04293915439291195,26859,3028.707934767008,29887.707934767008,10025.7933104,0.0406970261726516,0.026292543817110017,44,2026-09-02T11:48:00+0000
2026-09-03T00:00:00,44,2026-09-03T20:30:00+0000,Birmingham,3807.2193391593446,0.1309630840739063,26073,2997.9352645576,29070.9352645576,32348.0176877,0.13130812512403575,0.023619024935302498,66,2026-09-02T11:48:00+0000
2026-09-03T00:00:00,44,2026-09-03T20:30:00+0000,Bristol,2011.257215030199,0.06918446884239952,26073,2997.9352645576,29070.9352645576,16781.7630635,0.06812107825024062,0.02405092414941575,66,2026-09-02T11:48:00+0000
2026-09-03T00:00:00,44,2026-09-03T20:30:00+0000,Cardiff,2435.858861629245,0.08379017872875147,26073,2997.9352645576,29070.9352645576,18729.45612165,0.07602721723692794,0.026099290017561158,44,2026-09-02T11:48:00+0000
2026-09-03T00:00:00,44,2026-09-03T20:30:00+0000,Edinburgh,2046.584125538609,0.07039966574566117,26073,2997.9352645576,29070.9352645576,16937.6618156,0.0687539075334771,0.02424810938991902,40,2026-09-02T11:48:00+0000
2026-09-03T00:00:00,44,2026-09-03T20:30:00+0000,Inverness,707.217646054584,0.024327309720812533,26073,2997.9352645576,29070.9352645576,4393.9896549000005,0.01783622566827993,0.03229949981899419,18,2026-09-02T11:48:00+0000
2026-09-03T00:00:00,44,2026-09-03T20:30:00+0000,Leeds,2669.0324222485347,0.0918110269917094,26073,2997.9352645576,29070.9352645576,23703.4700297,0.09621789621183369,0.022596629230742828,66,2026-09-02T11:48:00+0000
2026-09-03T00:00:00,44,2026-09-03T20:30:00+0000,London,9278.400266742765,0.31916414736249327,26073,2997.9352645576,29070.9352645576,79800.8774024,0.32393031610547557,0.023332817072318435,110,2026-09-02T11:48:00+0000
2026-09-03T00:00:00,44,2026-09-03T20:30:00+0000,Manchester,3486.65779192247,0.11993620983268802,26073,2997.9352645576,29070.9352645576,31337.7470771,0.12720720181471523,0.022327664205880712,110,2026-09-02T11:48:00+0000
2026-09-03T00:00:00,44,2026-09-03T20:30:00+0000,Newcastle,1371.1384973152983,0.04716526953251995,26073,2997.9352645576,29070.9352645576,12293.212011,0.0499010058823626,0.02238296892536813,44,2026-09-02T11:48:00+0000
2026-09-03T00:00:00,44,2026-09-03T20:30:00+0000,Norwich,1257.569098916552,0.04325863916905839,26073,2997.9352645576,29070.9352645576,10025.7933104,0.0406970261726516,0.025171833416628174,44,2026-09-02T11:48:00+0000
2026-09-03T00:00:00,45,2026-09-03T21:00:00+0000,Birmingham,3579.9294895327266,0.1312520037812679,24281,2994.236845135689,27275.23684513569,32348.0176877,0.13130812512403575,0.022165860028225744,66,2026-09-02T11:48:00+0000
2026-09-03T00:00:00,45,2026-09-03T21:00:00+0000,Bristol,1903.1831917270672,0.06977696298415403,24281,2994.236845135689,27275.23684513569,16781.7630635,0.06812107825024062,0.022714375128272627,66,2026-09-02T11:48:00+0000
2026-09-03T00:00:00,45,2026-09-03T21:00:00+0000,Cardiff,2305.7431355026592,0.08453613615142151,24281,2994.236845135689,27275.23684513569,18729.45612165,0.07602721723692794,0.02465718783911948,44,2026-09-02T11:48:00+0000
2026-09-03T00:00:00,45,2026-09-03T21:00:00+0000,Edinburgh,1862.0260546179816,0.06826800680742974,24281,2994.236845135689,27275.23684513569,16937.6618156,0.0687539075334771,0.02201861925916214,40,2026-09-02T11:48:00+0000
2026-09-03T00:00:00,45,2026-09-03T21:00:00+0000,Inverness,572.6908100159966,0.020996730963974423,24281,2994.236845135689,27275.23684513569,4393.9896549000005,0.01783622566827993,0.02610471580074939,18,2026-09-02T11:48:00+0000
2026-09-03T00:00:00,45,2026-09-03T21:00:00+0000,Leeds,2514.053567555894,0.09217348255600041,24281,2994.236845135689,27275.23684513569,23703.4700297,0.09621789621183369,0.021243221825269963,66,2026-09-02T11:48:00+0000
2026-09-03T00:00:00,45,2026-09-03T21:00:00+0000,London,8784.829116599924,0.32208076382539735,24281,2994.236845135689,27275.23684513569,79800.8774024,0.32393031610547557,0.02204872278009992,110,2026-09-02T11:48:00+0000
2026-09-03T00:00:00,45,2026-09-03T21:00:00+0000,Manchester,3290.757507401272,0.12065000667402641,24281,2994.236845135689,27275.23684513569,31337.7470771,0.12720720181471523,0.021032257738465548,110,2026-09-02T11:48:00+0000
2026-09-03T00:00:00,45,2026-09-03T21:00:00+0000,Newcastle,1280.3141399660617,0.04694053244103708,24281,2994.236845135689,27275.23684513569,12293.212011,0.0499010058823626,0.020859743114350807,44,2026-09-02T11:48:00+0000
2026-09-03T00:00:00,45,2026-09-03T21:00:00+0000,Norwich,1181.7098322161069,0.043325373815291175,24281,2994.236845135689,27275.23684513569,10025.7933104,0.0406970261726516,0.023607493973044742,44,2026-09-02T11:48:00+0000
2026-09-03T00:00:00,46,2026-09-03T21:30:00+0000,Birmingham,3433.6585920194207,0.13204938556078447,22907,3095.8365708589554,26002.836570858955,32348.0176877,0.13130812512403575,0.021099169358070467,66,2026-09-02T11:48:00+0000
2026-09-03T00:00:00,46,2026-09-03T21:30:00+0000,Bristol,1827.89531137005,0.07029599660748354,22907,3095.8365708589554,26002.836570858955,16781.7630635,0.06812107825024062,0.021650585852441118,66,2026-09-02T11:48:00+0000
2026-09-03T00:00:00,46,2026-09-03T21:30:00+0000,Cardiff,2188.4761674457095,0.0841629781997825,22907,3095.8365708589554,26002.836570858955,18729.45612165,0.07602721723692794,0.02322590119321899,44,2026-09-02T11:48:00+0000
2026-09-03T00:00:00,46,2026-09-03T21:30:00+0000,Edinburgh,1710.3831049096225,0.06577678939944678,22907,3095.8365708589554,26002.836570858955,16937.6618156,0.0687539075334771,0.02007224085003767,40,2026-09-02T11:48:00+0000
2026-09-03T00:00:00,46,2026-09-03T21:30:00+0000,Inverness,514.7891515515182,0.01979742287533491,22907,3095.8365708589554,26002.836570858955,4393.9896549000005,0.01783622566827993,0.02328768269270253,18,2026-09-02T11:48:00+0000
2026-09-03T00:00:00,46,2026-09-03T21:30:00+0000,Leeds,2426.523228056242,0.09331763561424739,22907,3095.8365708589554,26002.836570858955,23703.4700297,0.09621789621183369,0.020348314593406195,66,2026-09-02T11:48:00+0000
2026-09-03T00:00:00,46,2026-09-03T21:30:00+0000,London,8391.238260725462,0.3227047263808678,22907,3095.8365708589554,26002.836570858955,79800.8774024,0.32393031610547557,0.020901348429881908,110,2026-09-02T11:48:00+0000
2026-09-03T00:00:00,46,2026-09-03T21:30:00+0000,Manchester,3157.958403874577,0.12144668891291885,22907,3095.8365708589554,26002.836570858955,31337.7470771,0.12720720181471523,0.02003062742466165,110,2026-09-02T11:48:00+0000
2026-09-03T00:00:00,46,2026-09-03T21:30:00+0000,Newcastle,1226.0919341506356,0.047152237826418565,22907,3095.8365708589554,26002.836570858955,12293.212011,0.0499010058823626,0.01982501765287178,44,2026-09-02T11:48:00+0000
2026-09-03T00:00:00,46,2026-09-03T21:30:00+0000,Norwich,1125.8224167557173,0.04329613862271518,22907,3095.8365708589554,26002.836570858955,10025.7933104,0.0406970261726516,0.022320661621744516,44,2026-09-02T11:48:00+0000
2026-09-03T00:00:00,47,2026-09-03T22:00:00+0000,Birmingham,3345.0827193105856,0.13235062569689235,22100,3174.400492608547,25274.400492608547,32348.0176877,0.13130812512403575,0.019807890336155393,66,2026-09-02T11:48:00+0000
2026-09-03T00:00:00,47,2026-09-03T22:00:00+0000,Bristol,1791.064585112175,0.07086477028944638,22100,3174.400492608547,25274.400492608547,16781.7630635,0.06812107825024062,0.02044337968212473,66,2026-09-02T11:48:00+0000
2026-09-03T00:00:00,47,2026-09-03T22:00:00+0000,Cardiff,2104.3257501887083,0.08325917565499188,22100,3174.400492608547,25274.400492608547,18729.45612165,0.07602721723692794,0.021521217491311986,44,2026-09-02T11:48:00+0000
2026-09-03T00:00:00,47,2026-09-03T22:00:00+0000,Edinburgh,1587.4375646081528,0.0628081194278929,22100,3174.400492608547,25274.400492608547,16937.6618156,0.0687539075334771,0.0179523881204328,40,2026-09-02T11:48:00+0000
2026-09-03T00:00:00,47,2026-09-03T22:00:00+0000,Inverness,464.02685440256175,0.018359559291555326,22100,3174.400492608547,25274.400492608547,4393.9896549000005,0.01783622566827993,0.020228473832033744,18,2026-09-02T11:48:00+0000
2026-09-03T00:00:00,47,2026-09-03T22:00:00+0000,Leeds,2394.1546453856317,0.09472646625528458,22100,3174.400492608547,25274.400492608547,23703.4700297,0.09621789621183369,0.01934725269093169,66,2026-09-02T11:48:00+0000
2026-09-03T00:00:00,47,2026-09-03T22:00:00+0000,London,8192.258844354496,0.32413266723182244,22100,3174.400492608547,25274.400492608547,79800.8774024,0.32393031610547557,0.019664143398882675,110,2026-09-02T11:48:00+0000
2026-09-03T00:00:00,47,2026-09-03T22:00:00+0000,Manchester,3114.9740259746077,0.12324620822897762,22100,3174.400492608547,25274.400492608547,31337.7470771,0.12720720181471523,0.019039945094134942,110,2026-09-02T11:48:00+0000
2026-09-03T00:00:00,47,2026-09-03T22:00:00+0000,Newcastle,1190.364969945919,0.04709765401929272,22100,3174.400492608547,25274.400492608547,12293.212011,0.0499010058823626,0.018547859585599187,44,2026-09-02T11:48:00+0000
2026-09-03T00:00:00,47,2026-09-03T22:00:00+0000,Norwich,1090.710533325709,0.04315475390384375,22100,3174.400492608547,25274.400492608547,10025.7933104,0.0406970261726516,0.020838660214663608,44,2026-09-02T11:48:00+0000
2026-09-03T00:00:00,48,2026-09-03T22:30:00+0000,Birmingham,3308.8354027248483,0.133434715649812,21550,3247.4103786349297,24797.41037863493,32348.0176877,0.13130812512403575,0.019242194264197123,66,2026-09-02T11:48:00+0000
2026-09-03T00:00:00,48,2026-09-03T22:30:00+0000,Bristol,1765.573139690423,0.07119990001906061,21550,3247.4103786349297,24797.41037863493,16781.7630635,0.06812107825024062,0.019791341423436543,66,2026-09-02T11:48:00+0000
2026-09-03T00:00:00,48,2026-09-03T22:30:00+0000,Cardiff,2045.9666376585583,0.08250727017129708,21550,3247.4103786349297,24797.41037863493,18729.45612165,0.07602721723692794,0.020549463332788842,44,2026-09-02T11:48:00+0000
2026-09-03T00:00:00,48,2026-09-03T22:30:00+0000,Edinburgh,1517.016416802836,0.061176404859995946,21550,3247.4103786349297,24797.41037863493,16937.6618156,0.0687539075334771,0.016848604127505752,40,2026-09-02T11:48:00+0000
2026-09-03T00:00:00,48,2026-09-03T22:30:00+0000,Inverness,425.8244170044293,0.017172132513131818,21550,3247.4103786349297,24797.41037863493,4393.9896549000005,0.01783622566827993,0.018230502238740953,18,2026-09-02T11:48:00+0000
2026-09-03T00:00:00,48,2026-09-03T22:30:00+0000,Leeds,2353.961361018725,0.09492770918720053,21550,3247.4103786349297,24797.41037863493,23703.4700297,0.09621789621183369,0.018681618727630626,66,2026-09-02T11:48:00+0000
2026-09-03T00:00:00,48,2026-09-03T22:30:00+0000,London,8058.753700921399,0.32498368087115653,21550,3247.4103786349297,24797.41037863493,79800.8774024,0.32393031610547557,0.018997100453866198,110,2026-09-02T11:48:00+0000
2026-09-03T00:00:00,48,2026-09-03T22:30:00+0000,Manchester,3066.267169150091,0.12365271705112967,21550,3247.4103786349297,24797.41037863493,31337.7470771,0.12720720181471523,0.018406419883708818,110,2026-09-02T11:48:00+0000
2026-09-03T00:00:00,48,2026-09-03T22:30:00+0000,Newcastle,1175.1738430865082,0.04739099063743447,21550,3247.4103786349297,24797.41037863493,12293.212011,0.0499010058823626,0.017983070536139345,44,2026-09-02T11:48:00+0000
2026-09-03T00:00:00,48,2026-09-03T22:30:00+0000,Norwich,1080.0382905771112,0.04355447903978134,21550,3247.4103786349297,24797.41037863493,10025.7933104,0.0406970261726516,0.020265042024664323,44,2026-09-02T11:48:00+0000
