settlement_date,market_index_vwap_gbp_per_mwh,system_price_mean_gbp_per_mwh,system_price_max_gbp_per_mwh,market_error_reduction_pct,market_settlement_improvement_gbp,market_restore_import_mwh,market_restore_export_mwh,market_restoration_net_cost_gbp,market_throughput_mwh,market_throughput_cost_gbp,market_net_value_improvement_gbp,arbitrage_gross_margin_gbp,arbitrage_net_margin_gbp,arbitrage_throughput_mwh,coopt_net_value_gbp,coopt_firming_value_gbp,coopt_arbitrage_value_gbp,coopt_throughput_mwh,coopt_error_reduction_pct,reactive_error_reduction_pct,reactive_settlement_improvement_gbp,reactive_restore_import_mwh,reactive_restore_export_mwh,reactive_restoration_net_cost_gbp,reactive_throughput_mwh,reactive_throughput_cost_gbp,reactive_net_value_improvement_gbp
2025-04-01,63.26930110517989,53.1659669577397,126.83,67.19698919638108,833.3272897132092,0.0,35.08719351869008,-2219.9422116697187,52.05045643029378,104.10091286058756,2949.1685885223405,11341.769926879528,10556.881346204687,392.44429033742006,12258.020988206017,412.06077316922165,12644.142134285854,399.0909596245295,64.22744074306685,100.0,-930.3705939384101,0.0,52.563139209815226,-3325.633081699287,77.45950682132198,154.91901364264396,2240.3434741182327
2025-04-02,46.69682167630121,55.8485396039604,144.5,76.29971380137285,2667.484483191703,0.0,27.10568305017684,-1265.7492478084482,54.678896838743825,109.35779367748765,3823.8759373226635,22368.191120597286,21477.74698436689,445.2220681151979,22622.903618706918,2683.4956375536735,20836.337706458224,448.46486265249024,63.137404970687264,100.0,877.7717123982239,0.0,42.39165065851286,-1979.5553513646319,71.66330529245052,143.32661058490103,2714.0004531779546
2025-04-03,101.2441564798674,107.70457658854166,175.12,48.049318599879484,-1358.2224105585126,0.0,18.36707568588448,-1859.5590848192562,24.5193764965923,49.0387529931846,452.2979212675591,8637.745471688446,7687.745471688446,475.0,7985.03929406747,-795.9749701448729,9732.51074933892,475.74824256328895,34.22858102345289,100.0,-4449.864885330054,0.0,42.22627948438618,-4275.164047679809,51.02960293937195,102.0592058787439,-276.7600435289884
2025-04-04,79.00892609423173,72.47446419291087,134.0,46.050047308640494,-540.4764589280214,0.0,20.036410558952078,-1583.055281045929,25.665528140891197,51.331056281782395,991.2477658361252,7184.842816344317,6505.509791225032,339.66651255964234,7359.812260970149,-552.324942768267,8616.220575648635,352.04168595510964,45.83745739489168,100.0,-3806.125167187465,0.0,45.8384582628087,-3621.647361159778,55.7339886512462,111.4679773024924,-295.94578333017955
2025-04-05,31.126739800661117,27.045156892892177,123.0,80.26211506126168,2939.5998550722948,0.0,25.166077326593726,-783.3379407482003,42.26383529454472,84.52767058908944,3638.4101252314053,20469.46553794965,19680.799487711083,394.33302511928457,20496.038194649114,2740.4554568440244,18553.32283409722,398.8700481460661,79.10737185047007,100.0,2326.6243498947397,0.0,33.892786418760444,-1054.9719439761373,52.6572658374203,105.3145316748406,3276.2817621960367
2025-04-06,44.86347459581518,29.29583706525298,137.24,67.95013082541324,514.4935453822409,0.0,28.85675580172487,-1294.6143308283258,37.92452665711852,75.84905331423704,1733.2588228963295,11971.646545731634,11123.42463172346,424.11095700408674,11812.07242540238,563.7096087002519,12096.584730710303,424.11095700408674,48.51433405811125,100.0,-334.5648061983625,0.0,38.22296468990451,-1714.8150053422714,55.81229380493672,111.62458760987344,1268.6256115340354
2025-04-07,84.09920066644135,88.15704070104083,185.0,54.44191178598883,919.0205857841564,4.018595514570342,0.0,337.96067057711235,19.80783249772304,39.61566499544608,541.444250211598,5160.784400888655,4365.340264658259,397.7220681151979,4725.201330801274,748.6816982252692,4776.335862353528,399.9081148887619,49.969836327378516,100.0,1881.6658797404402,21.201139511079536,0.0,1782.998886099496,36.383425651155754,72.76685130231151,25.900142338632648
2025-04-08,89.19697939516648,89.3757561813381,181.0,24.804924078168177,1474.9397376120237,12.49617120629118,0.0,1114.620725606027,11.246554085662062,22.493108171324124,337.82590383467254,3727.9070891421834,3096.0740640228987,315.9165125596423,3382.4844927994654,1625.2000541227123,2413.004583923038,327.86007262314246,28.45358392865477,100.0,3998.912412383136,50.37778453548898,0.0,4493.546209186147,45.34000608194005,90.6800121638801,-585.3138089668912
2025-04-09,89.15593822628911,89.24411180288398,123.791925,73.57955217141865,1215.2919704558672,9.666649067350223,0.0,861.8391671038917,20.97661746129649,41.95323492259298,311.4995684293824,1617.2500000000018,1142.2500000000018,237.49999999999997,1463.3153349511872,1121.5020485675514,861.4728985615188,259.8298060889415,68.79200766155711,100.0,1502.352008650898,14.484207229703507,0.0,1291.353085028216,28.508759352635316,57.01751870527063,153.9814049174114
2025-04-10,81.22756356401392,70.6786680128367,128.1,79.21072220671931,-476.82252376899334,0.0,20.192395147481125,-1640.1790603517093,39.356726789694505,78.71345357938901,1084.6430830033269,5525.191248752824,4680.74680430838,422.2222222222222,5395.88317509338,-199.46259322789777,6439.790212765722,422.2222222222222,70.7866234645747,100.0,-829.37331470879,0.0,21.72703766474276,-1764.834332970617,49.68611028060535,99.3722205612107,836.0887977006163
2025-04-11,77.17486327777326,74.04963178121692,119.12,44.848880133997504,660.0763753890421,5.907413234062138,0.0,455.9038086640538,16.697521784258566,33.39504356851713,170.77752315647115,4365.445324800314,3728.3345219032512,318.5554014485312,3794.07854192303,287.48611019359333,4156.728484280433,325.06802627549786,24.514088680185044,100.0,1131.7498903056198,18.08451089205375,0.0,1395.6696555396493,37.230632591873956,74.46126518374791,-338.38103041777737
2025-04-12,60.87410516741675,64.90250484496124,129.5,38.72768699030787,703.8408962343619,0.0,6.264207355153445,-381.32801732811635,17.12846214933107,34.25692429866214,1050.9119892638162,9629.966163588131,9012.466163588131,308.75,9481.935733395949,342.3979841462548,9776.062044976941,318.2621478636241,49.46298673723795,100.0,-299.73302554424026,0.0,13.945780489744449,-848.9369081744122,44.22795028687795,88.4559005737559,460.74798205641605
2025-04-13,65.44970557564346,55.45655580593666,130.0,44.662368255820105,1569.3177467275807,7.397463004437751,0.0,484.1617756471657,37.455578113040914,74.91115622608183,1010.2448148543331,6557.6312636563725,5704.131571870421,426.7498458929757,6197.8018577076255,701.2251749880716,6311.339121885143,407.3812195827944,31.95628337765286,100.0,312.678646176371,29.026796036222464,0.0,1899.795254375015,83.86384237060685,167.7276847412137,-1754.8442929398575
2025-04-14,75.23204929813697,76.8046876536469,130.0,63.28054599791151,3027.2496532980595,23.773356535362872,0.0,1788.5183308506064,44.09695480629027,88.19390961258054,1150.5374128348724,4281.675000000003,3664.175000000003,308.75,4459.362955554073,2651.0364963154348,2458.8552941946723,325.2644174780169,49.69860783513156,100.0,1817.113655166261,13.989993786827371,0.0,1052.4959022512267,69.68485197290433,139.36970394580865,625.2480489692257
2025-04-15,90.15435107475308,88.0048661353862,130.0,53.619139945878366,2074.835212338439,16.837887964782414,0.0,1518.0088629343534,25.682169788886355,51.36433957777271,505.46200982631285,1691.640897064145,1276.1967608337493,207.72206811519786,1864.114500505305,2388.757487739325,-76.38545634805348,224.12876544298314,60.11911968518873,100.0,2962.936233466122,33.35871188887502,0.0,3007.433023031178,47.89739226479426,95.79478452958853,-140.29157409464466
2025-04-16,82.14198695528098,70.99839335675567,110.5,35.294153443959274,340.8060172997647,0.0,0.0,0.0,20.600820189930783,41.201640379861566,299.60437691990313,3579.375,2946.0416666666665,316.6666666666667,3083.068590404603,-65.3186792219206,3794.007783953043,322.8102571632595,15.473871972363874,100.0,-957.7966172739018,0.0,1.7975995912919247,-147.6584021787197,58.36893133771051,116.73786267542101,-926.8760777706032
2025-04-17,87.30248662098711,84.5454094631894,127.5,47.290686674673275,2155.741949471651,20.07095387561072,0.0,1752.2441821959542,19.32955279722514,38.65910559445028,364.8386616812463,4689.316402980794,3904.4278223059537,392.44429033742006,4236.885193085578,2186.6806069886284,2850.349975140841,400.0726945219458,48.14176085785288,100.0,3442.313528675142,43.44187997622629,0.0,3792.5841454150236,40.87391018489304,81.74782036978608,-432.01843710966756
2025-04-18,86.16108166971254,90.8349949296866,135.0,41.31064861271611,-1266.5402701221842,0.0,18.134725603731262,-1562.5075738009164,21.62355881677737,43.24711763355474,252.72018604517734,2490.0109035530913,1963.7334339893623,263.1387347818645,2233.617072133452,-1199.5619127420487,3917.728541439871,242.27477828218537,39.5316466116889,100.0,-4440.256576764297,0.0,44.707195992755906,-3852.020365155687,52.34378917527158,104.68757835054316,-692.9237899591533
2025-04-19,65.52339982702158,64.53733792904205,130.0,62.776372308611336,368.96562794329566,0.0,27.590450610037813,-1807.820126729199,52.50245178597673,105.00490357195346,2071.7808511005414,8031.5412126180345,7346.930409720972,342.30540144853114,8271.596384609455,287.5987569855879,8688.927621383018,352.4649968795753,56.60875005172117,100.0,-1580.5378358867301,0.0,49.618564835701456,-3251.17706257266,83.6340964843786,167.2681929687572,1503.3710337171726
2025-04-20,89.5503041911456,94.67373544665206,130.0,73.50472415157428,2285.3113911392875,18.319342321071993,0.0,1640.5026774337243,32.823539446806144,65.64707889361229,579.161634811951,2471.931126764779,1891.3755712092236,290.2777777777777,2461.414908481187,2498.342336270894,615.2080830165442,326.0677554031256,63.66560512552961,100.0,2792.768603281692,26.213205790596557,0.0,2347.400552373021,44.65500663483974,89.31001326967947,356.05803763899127
2025-04-21,94.24532771336388,91.88417257864585,118.52,31.026765772267563,72.04303577361088,0.0,0.0,0.0,9.103742602753515,18.20748520550703,53.835550568103855,1103.946604415385,688.5024681849893,207.72206811519789,766.7312554668983,1917.1740417407195,-734.9986500434254,207.7220681151979,65.13342879382006,100.0,1812.6928723569813,19.931899897331796,0.0,1878.4884377739988,29.341577751202962,58.683155502405924,-124.47872091942347
2025-04-22,85.42695573446159,76.39765986946554,129.0,35.42022019310392,-61.133064264116385,0.0,2.464854559192336,-210.5650213200095,8.75690209932981,17.51380419865962,131.91815285723348,4090.812735722742,3351.9238468338535,369.4444444444444,3449.8165081977972,4.710654190558927,4190.565043805238,372.7295948989998,30.968554993762776,100.0,658.653075800971,11.855976080613999,0.0,1012.8199438274474,24.72289006558666,49.44578013117332,-403.61264815764974
2025-04-23,85.17393256128267,80.270102149596,136.9,47.60144859564755,2793.7308505544056,24.96771518026169,0.0,2126.5984889729225,31.611397280649463,63.222794561298926,603.9095670201841,3850.729869373474,3164.6187582623625,343.05555555555554,3611.62964846577,3286.7351672433297,1072.5741998163476,373.83985929695365,54.87956919643613,100.0,5203.279607332713,63.073094534987675,0.0,5372.183500354447,66.40847750070334,132.81695500140668,-301.72084802314055
2025-04-24,77.07665264220084,73.5774021323794,109.5,32.36939056160054,-15.724153227798439,0.0,2.010934697764132,-154.99611518571513,8.219468094559021,16.438936189118042,122.83302576879865,1663.4709489740799,1105.526812743684,278.9720681151979,1223.6486728263642,12.729646006305046,1776.8818736021362,282.98142339103856,30.659392487719572,100.0,-636.5977686880732,0.0,4.788790641031401,-369.1039528149996,25.392718095563055,50.78543619112611,-318.2792520641997
2025-04-25,88.30521701468281,86.02979166666667,117.9,50.647580878436486,181.66655031940354,0.0,0.7071352063548012,-62.44372785588323,13.305396405198323,26.610792810396646,217.49948536489012,5057.987568962495,4267.821210509877,395.08317922630897,4359.713962160447,-84.52121061475005,5208.891838481399,382.3283328531005,36.266747911217536,100.0,-611.1904503819407,0.0,5.747620128608804,-507.54484277475956,26.270546735753726,52.54109347150745,-156.18670107868854
2025-04-26,80.00036865808698,82.64770833333334,113.55,79.37994937100453,-246.9778522136108,0.0,8.22632204135891,-658.1087960088595,24.14770525687526,48.29541051375052,362.83553328149816,3849.4796915833085,3230.4793833692597,309.50015410702434,3516.4184238165176,-425.1106233961598,4585.933365307884,322.2021590476032,72.60787227137175,100.0,-853.6340672896132,0.0,13.421714540843865,-1073.7421112911159,30.42040899272203,60.84081798544406,159.2672260160586
2025-04-27,38.44111718293026,38.64687066140178,105.0,42.29146605993841,305.0616641901616,0.0,18.90296410689011,-726.6510583376875,21.003293452100124,42.00658690420025,989.7061356236488,13974.860047810285,13189.971467135445,392.44429033742006,13502.534257627001,305.89308041666914,13986.505511660956,394.93216722531224,36.90395406875477,100.0,-1809.5725761160584,0.0,44.69687591368799,-1718.1978447089732,49.663195459653245,99.32639091930649,-190.70112232639167
2025-04-28,88.12644323485709,90.63143039758017,204.10638114478115,35.56580318357897,408.36102049089106,0.38915736961593084,0.0,34.29505484288463,8.279162364681106,16.558324729362212,357.50764091864426,7041.627942022442,6249.961275355776,395.83333333333326,6398.365787631742,543.2954688693195,6651.199390343224,398.0645357904007,24.57303528228386,100.0,384.69632602501974,2.59406054137047,0.0,228.60532904686738,23.278434967282454,46.55686993456491,109.53412704358746
2025-04-29,86.28358309590678,94.44172028352648,140.0,33.51108298181621,113.42025736137792,0.0,0.7538844159988992,-65.04784865255017,7.842865556289794,15.685731112579589,162.7823749013485,4652.542469036427,3860.8758023697605,395.83333333333326,3967.9196760287973,-31.5338971024336,4791.120239797898,395.8333333333333,28.832336444972306,100.0,-1165.6000369193305,0.0,11.268470857155778,-972.2840415672044,23.40379617258413,46.80759234516826,-240.12358769729428
2025-04-30,83.05170347329093,83.57759744180389,120.0,39.30625290688774,515.9784965279556,3.64392877456284,0.0,302.63449206278534,13.844053655260263,27.688107310520525,185.65589715464972,4095.162228994446,3151.940314986273,471.6109570040868,3289.4972747553293,356.6548108896825,3876.06437787382,471.6109570040868,34.53961126904985,100.0,-337.88703752596354,1.1891945435211526,0.0,98.76463260057433,35.220995723136795,70.44199144627359,-507.09366157281147
2025-05-01,77.9037260391472,69.82223483867159,117.5,52.89193483336838,-763.5505941021495,0.0,12.912828864961616,-1005.9574822863618,15.102624165334245,30.20524833066849,212.20163985354384,3822.81742596762,3132.9288452927794,344.94429033742006,3293.4536290184305,-510.3808297212535,4495.952892016093,346.05921663820425,36.173553014004426,100.0,-1181.7625929585402,0.0,14.43138419901521,-1124.2586010057587,28.55373737586609,57.10747475173218,-114.61146670451365
2025-05-02,73.72807187490336,73.66748079246496,114.5,74.17475633214866,463.7517111846744,0.0,1.5936666702930997,-117.49797081200758,29.322133465540897,58.644266931081795,522.6054150656001,5290.205272363077,4447.261136132681,421.4720681151979,4771.7914713529635,143.3116700562063,5475.053874675704,423.28703668947304,57.53325053342297,100.0,-490.935337787023,0.0,10.531319933700432,-776.453913009468,39.53114902627884,79.06229805255768,206.45627716988733
2025-05-03,52.10933514589848,53.77974318114105,92.5,27.951709446446504,-58.83692027477407,0.0,4.4222603587053895,-230.44104713420035,6.48394399658833,12.96788799317666,158.6362388662496,7756.920470430647,7014.254111978029,371.33317922630897,7121.885173346802,-81.25982796207995,7949.149890379456,373.0024445352876,24.247429393441678,100.0,-833.2973973640292,0.0,10.453232317095278,-544.7109861694547,23.196949757262995,46.39389951452599,-334.9803107091004
2025-05-04,28.51208792861364,17.35655343929066,105.0,49.29507191228639,1516.1541092626435,15.507713691983616,0.0,442.1572963576025,24.470278186449967,48.940556372899934,1025.056256532141,8262.25937002426,7477.370789349419,392.44429033742006,7637.762201835087,891.57706833362,7531.465364476069,392.64011548730093,26.864076779353763,100.0,1176.8345903560999,42.56312123641109,0.0,1213.5634552087954,49.64041482684388,99.28082965368776,-136.0096945063833
2025-05-05,77.04303745046965,70.92723505742482,111.5,39.36659239334524,334.23615361670693,1.2423190570047782,0.0,95.71203363425127,13.24022532310773,26.48045064621546,212.0436693362402,1856.404309925194,1275.8487543696385,290.2777777777777,1471.742760926328,406.56685541788664,1640.412707412032,287.61840095179537,35.97382190214585,100.0,873.6492013268216,12.990351716192691,0.0,1000.8161537654063,33.63315064411297,67.26630128822595,-194.4332537268106
2025-05-06,81.10705015529582,78.20852344986253,154.12,86.67199019198374,-440.412904004973,0.0,11.596263593043595,-940.5387328550178,22.31191658666751,44.62383317333502,455.5019956767098,4810.400106596966,4020.2337481443483,395.08317922630897,4312.433990769089,-438.3022610351593,5541.387606397924,395.3256772968381,86.55191227250054,100.0,-486.0717069356043,0.0,11.216511376444153,-909.7381507767021,25.74293787098375,51.4858757419675,372.1805680991303
2025-05-07,91.75811874346468,91.19481147294344,141.87,63.45682382821995,685.390654586396,0.6940066760810786,0.0,63.68074699260484,24.429620226508227,48.859240453016454,572.8506671407747,5566.715171321917,4734.326590647077,416.19429033742006,5000.357043106329,581.7482258397168,5253.719677010022,417.5554298717047,60.93885971421944,100.0,1414.2842505533858,11.86129426827647,0.0,1088.3700479196893,38.49801920852538,76.99603841705076,248.91816421664575
2025-05-08,96.89693213735839,101.9959697721493,137.45,48.734378330481086,1820.0945407842833,16.330882167862153,0.0,1582.4123811625354,19.31902317907648,38.63804635815296,199.0441132635949,4345.698766737982,3613.5879638409197,366.05540144853114,3871.1110290824963,2159.5228970885005,2471.88266365896,380.147265832482,54.98194032195944,100.0,3484.2356283635854,36.89088204920051,0.0,3574.613294408675,39.64146838617479,79.28293677234959,-169.660602817439
2025-05-09,92.28784947373616,107.63089166013663,179.0,47.112739382329295,250.31292359426357,0.0,0.4854003498759159,-44.79655442384739,9.83536903236152,19.67073806472304,275.43873995338794,5039.682653598809,4256.294381138017,391.69413623039577,4409.047765290194,250.31292359426357,4942.123114156721,391.69413623039577,47.112739382329295,100.0,-673.135473126652,0.0,6.423658404259754,-592.8256198830244,20.876241036517822,41.752482073035644,-122.06233531666322
2025-05-10,75.53571398047971,73.15237345568323,130.0,58.25635628435707,1274.3893706044123,3.2640355372569254,0.0,246.55125476436055,24.926603218592238,49.853206437184475,977.9849094028672,4301.773256725432,3660.88498426464,320.44413623039577,4417.411603573994,621.5288975543956,4434.883994332411,319.50064415640617,37.31418641531336,100.0,2131.1536309849275,17.987684772935605,0.0,1358.712612179494,42.78778284196517,85.57556568393034,686.8654531215032
2025-05-11,69.35429872378126,73.46465625171906,110.0,56.022481994508034,4897.327217058329,56.12534065229451,0.0,3892.533641573217,50.51280658706506,101.02561317413011,903.7679623109816,5395.280500967707,4659.392228506916,367.9441362303957,5152.538883426865,2557.5729029303766,3354.965980496489,380.0,27.654842183429363,84.37931236731603,5989.889911447156,84.32740427115678,0.0,5848.467986422875,76.08081137814659,152.16162275629318,-10.739697732011848
2025-05-12,87.25919866786822,92.12729590007773,132.0,55.541395763388934,1581.4248294976696,14.0724664407677,0.0,1227.952144901857,16.4076229004836,32.8152458009672,320.65743879484535,3512.441992683387,2769.7756342307694,371.33317922630897,3030.3802250762938,1607.562279649522,2169.7109219684357,373.44648827083216,54.40667772109491,100.0,1684.2352589894906,20.108447919519165,0.0,1754.647051911804,29.541250584305544,59.08250116861109,-129.49429409092454
2025-05-13,84.3060422101276,91.24713504747886,140.0,48.54982597855263,-420.78818905361425,0.0,10.136213416378382,-854.5440361320576,16.856868275563645,33.71373655112729,400.0421105273161,5936.430127259509,5151.541546584669,392.44429033742006,5412.927330634146,-459.57849924698826,6661.204662868411,394.3494164936389,43.40644193101054,100.0,-2211.6147098219258,0.0,25.542568136216786,-2153.3928274469527,34.72075941736708,69.44151883473415,-127.66340120970727
2025-05-14,77.34451995186785,76.65087209845574,115.0,59.26368783469711,-160.36956114875218,0.0,4.899380911949853,-378.94026469610594,15.330882222254786,30.661764444509572,187.9089391028442,1941.8611111111168,1414.0833333333392,263.8888888888888,1591.005808698738,-213.60365229122155,2344.5719567604747,269.98124788525763,53.11039268536795,100.0,-587.4564427991008,0.0,7.001166793255854,-541.5018847273321,25.868930507694483,51.737861015388965,-97.69241908715767
2025-05-15,87.66082497122174,94.84285090857794,124.04319914524456,81.42670417718885,3890.0636749838795,30.552673094191658,0.0,2678.272528512891,59.7204079025676,119.4408158051352,1092.3503306658536,3014.9339100171983,2551.9897737868027,231.47206811519786,3394.8023503958,3145.379379737477,739.5003535749311,245.03869145830382,71.2952865900127,100.0,3893.519147005929,31.76268181342666,0.0,2784.3428910634025,73.34253363934859,146.68506727869718,962.4911886638293
2025-05-16,67.54014951741051,62.943729574980104,125.0,45.82897269472398,-543.1663425260617,0.0,20.976867494159915,-1416.780766962469,25.625858257344454,51.25171651468891,822.3627079217183,6359.364372662398,5627.253569765336,366.05540144853114,6070.447189704212,-647.2640262121856,7470.9831830557205,376.6359835696612,47.78560421451371,100.0,-2717.98167012303,0.0,46.111055672784204,-3114.347594545485,55.91628341320994,111.83256682641988,284.5333575960351
2025-05-17,59.378220593038904,59.01251708944226,115.0,45.170375641262886,502.83560477390483,0.0,5.633230045765896,-334.49117630882205,15.045111035997472,30.090222071994944,807.236559010732,9926.711561792192,9285.8232893314,320.44413623039577,9640.561997050607,-359.06374913467835,10681.920712333396,341.14748307405534,67.63104440063233,100.0,-587.7396343462316,0.0,19.45954164763065,-1155.4729565924406,33.307473808683255,66.61494761736651,501.1183746288425
2025-05-18,69.44671979379585,74.49202536593982,113.0,59.866333241666105,583.689668440599,0.0,0.0,0.0,28.910033770541688,57.820067541083375,525.8696008995156,6570.77063891499,5953.27063891499,308.75000000000006,6306.645950987199,43.910712820207095,6913.721099533721,325.49293068336425,53.585032975666365,100.0,-254.03397294943687,0.0,5.03004862165441,-349.32037717720283,48.29097124395237,96.58194248790474,-1.295538260138784
2025-05-19,81.08932832495374,73.28703258468803,118.0,15.298990045101446,465.58537476933384,4.014959781551328,0.0,325.57039193770015,7.274683221156996,14.549366442313993,125.46561638931968,4085.0817885730175,3252.693207898177,416.19429033742006,3357.9324886504337,524.9964484574241,3665.8184310051333,416.441195406062,13.537539443421153,100.0,1727.4863623233105,35.40140086735163,0.0,2870.6758180959787,47.550087945094575,95.10017589018915,-1238.2896316628573
2025-05-20,81.28078336920711,83.96494669386281,150.0,58.74999983417489,1003.6122391211271,8.967578023704649,0.0,728.8917666912,15.284376961287393,30.568753922574786,244.15171850735237,2962.000452465649,2430.445205124142,265.7776236707534,2590.0863372638173,836.6331827864523,2295.791736694272,271.16929110845354,52.318984746168255,100.0,1579.6572734620281,18.658280677945122,0.0,1516.5596698259203,26.015960858601517,52.03192171720303,11.065681918904772
2025-05-21,81.55805742125688,80.08772974149791,140.0,54.43248609783045,-397.7258580484119,0.0,14.41112436677912,-1175.3433086106456,20.537422883383194,41.07484576676639,736.5426047954674,5190.090275647861,4549.202003187069,320.44413623039577,4982.453204241208,-363.99777866843084,5993.714087052685,323.6315520715226,53.16187695606159,100.0,-1827.3629670624882,0.0,25.621750968508312,-2089.660236722745,37.73008428546085,75.4601685709217,186.83710108933522
2025-05-22,94.30371007638357,93.38500528938555,126.0,37.10050509947921,279.84103961399353,1.1398578931904353,0.0,107.49282828770819,8.324019776797229,16.648039553594458,155.70017177269088,1687.8055555555584,1160.0277777777806,263.88888888888886,1298.9868950629836,334.38879243031636,1496.0110494241903,265.70647339576146,37.54089382193008,100.0,-362.88056187523665,0.0,1.8287433366733572,-172.45728142576257,22.436405527303926,44.87281105460785,-235.29609150408191
2025-05-23,77.40768980718235,68.60418386355218,115.5,55.18345049598119,-174.33968444207767,0.0,6.041288172868632,-467.6421609212145,14.52625100284325,29.0525020056865,264.2499744734503,1990.8915216437344,1359.05849652445,315.91651255964223,1585.3975639745147,-151.30642514507872,2371.431984113293,317.3639974968497,53.760677580475466,100.0,-207.47381665794978,0.0,2.6376290739968806,-204.17277318635615,26.323564170568023,52.647128341136046,-55.948171812729676
2025-05-24,21.504159895820255,28.240903687677406,100.0,14.924238915382604,225.764517528603,0.0,4.064287750462776,-87.39909364857515,10.13848926690138,20.27697853380276,292.8866326433754,10646.77765757216,9851.333521341765,397.7220681151979,10050.224584907226,206.48441002101038,10649.330768955027,402.79529703440573,14.979808674275219,100.0,-2193.6997964860266,0.0,8.330893690961185,-179.14887000550948,67.93304050132508,135.86608100265016,-2150.4170074831673
2025-05-25,14.705338509152863,9.266349189870537,110.0,71.46977645658508,648.1335993790267,0.0,58.19196047379473,-855.732477278395,64.65773385977192,129.31546771954385,1374.5506089378778,7641.500983645751,6847.557155629404,396.9719140081735,7378.6054213155885,604.5969128159044,7495.379310500294,360.68540100030475,43.53725739609092,93.51674560651057,9.178865554121273,0.0,75.8946638440411,-1116.056722864989,84.6033267297373,169.2066534594746,956.0289349596358
2025-05-26,31.198094336530094,28.648763029366293,116.45,36.8365805276603,-9.013474666414453,0.0,16.605175926169483,-518.049845019314,18.680284776365223,37.360569552730446,471.67580080016916,10569.110003647625,9712.609695433577,428.2501541070244,9875.692028489022,63.329272209201164,10645.738516643949,416.68788018206396,16.622219647705005,100.0,-1764.2991597226587,0.0,19.198072390852722,-598.943273529357,50.71123461728036,101.42246923456072,-1266.7783554278624
2025-05-27,77.39071099200538,71.7780136898932,132.0,63.2675463835526,6532.949738093486,62.53512195471363,0.0,4839.637550047053,58.97484680479689,117.94969360959378,1575.3624944368394,7781.554035146253,7211.554035146253,285.0,7829.889094378526,5810.443482453231,2684.4456119252964,332.5,54.62969223070466,84.63035307655042,7023.689640068989,84.32740427115678,0.0,6526.157772655095,78.8881882263564,157.7763764527128,339.7554909611815
2025-05-28,87.60471054873625,89.63741313274106,138.0,68.30840150214695,4039.086091393412,38.698540403917505,0.0,3390.174430743768,43.117233970991094,86.23446794198219,562.677192707662,1721.375,1246.375,237.5,1800.0722316619404,3680.405794345902,-1398.6509162383672,240.8413232227972,60.49592153252694,100.0,5165.5828771360575,59.642285661849385,0.0,5224.945171871358,63.121421410565304,126.24284282113061,-185.60513755643117
2025-05-29,26.848300708121084,34.629763841800646,112.0,56.727112779146594,1260.809184805656,0.0,75.8946638440411,-2037.6427570265805,84.32740427115678,168.65480854231356,3129.7971332899233,13341.946332819909,12416.058060359117,462.94413623039577,13158.757482423809,1091.5000187701958,12993.145736114406,462.94413623039577,44.10322576067743,56.727112779146616,-908.5594923766571,0.0,75.8946638440411,-2037.6427570265805,84.3274042711568,168.6548085423136,960.4284561076098
2025-05-30,68.92471913984697,71.08707348949036,120.5,60.611928075300156,3882.9704988803483,36.90649478348342,0.0,2543.769787387822,42.42320424158698,84.84640848317396,1254.3543030093524,5515.032567055378,4930.699541936094,292.16651255964234,5724.568130366017,3313.8131938241604,3064.364115247392,326.80458935276783,54.03407061457265,100.0,3830.6900164899976,50.97822344002536,0.0,3513.6597328521116,69.99151089350477,139.98302178700953,177.04726185087645
2025-05-31,57.57777485445837,57.071284259340736,120.005757061592,51.74243272754928,1271.4790353011495,10.67976254354863,0.0,614.9169632315206,17.608874150954218,35.217748301908436,621.3443237677204,11510.592306127517,10774.704033666725,367.94413623039577,10974.035368206378,719.1423199364351,10999.822072623243,372.4645121766499,42.21252014081617,100.0,1156.8030025683088,19.151466019650243,0.0,1102.6987986122317,34.031786336127766,68.06357267225553,-13.95936871617846
2025-06-01,30.362920396702084,27.044757370444618,97.81,22.389139664384217,454.9588810774349,0.7372072071309368,0.0,22.383763745991697,12.412020347986726,24.82404069597345,407.75107663546976,11022.703922444409,10096.815649983617,462.94413623039577,10515.744136387746,433.81037643712546,11015.772733185182,466.9194866172813,19.13938245200313,100.0,-596.4144239603783,33.53248428160198,0.0,1018.1441509459448,55.43768333238503,110.87536666477006,-1725.433941571093
2025-06-02,63.56645081607983,62.88279980485256,102.0,53.83023560030371,852.8781827141564,0.0,0.0,0.0,29.37268547347144,58.74537094694288,794.1328117672135,7152.678470447734,6234.345137114401,459.1666666666667,6532.1967881241435,937.8244590442719,6498.812745540276,452.22020823020245,34.30104952341316,100.0,83.4954094045853,0.0,4.689795212084583,-298.1136366864613,54.56540389599505,109.1308077919901,272.4782382990565
2025-06-03,12.389756283869906,0.4002931489941591,110.0,58.766468612421576,590.1116779253713,0.0,25.60435580267709,-317.23172820065935,35.77933652513078,71.55867305026156,835.784733075769,12207.093539631427,11316.649403401032,445.2220681151978,11505.948024272777,311.3937748369508,12084.99838566622,445.22206811519777,16.031751831091512,100.0,-472.47498240551033,0.0,5.5278041184388975,-68.48814581243028,60.88393155134735,121.7678631026947,-525.7546996957748
2025-06-04,42.60891870246573,34.66231996024342,117.9,65.6232626700459,219.97840822959068,0.0,19.907045219284612,-848.2176713548071,29.567091351383517,59.134182702767035,1009.0618968816307,10892.341669706355,10096.89753347596,397.7220681151979,10541.771965453387,41.959457397547524,11316.968297930094,408.57789493712835,49.38244238994466,100.0,-658.8971922000278,0.0,27.761397098187423,-1182.883112023536,45.05580818199638,90.11161636399277,433.8743034595153
2025-06-05,90.08768015455136,89.73641448006089,138.9,58.009673197178365,8412.677923342255,79.37687558953702,0.0,7150.878579777827,74.01172656152741,148.02345312305482,1113.7758904413731,4637.801591254478,4168.079369032255,234.8611111111111,5078.392976227825,7850.002452884489,-2180.7462804902875,295.4315980831885,54.188230886105735,62.50693359573083,5587.110845018888,80.47250528346304,0.0,7249.5813172120625,79.74956283173486,159.49912566346973,-1821.9695978566447
2025-06-06,89.43147752976539,91.34117137308162,130.0,52.61137211112845,5592.380697587507,52.59478222941948,0.0,4703.629085133232,49.785642189781264,99.57128437956253,789.1803280747117,8300.987135718577,7405.265221710403,447.8609570040867,7947.79256065005,4377.834929231075,4472.457631418976,451.25000000000006,38.0709838376616,83.91564746609504,6070.595570525875,83.27769862437694,0.0,7447.64763325654,79.40858090616375,158.8171618123275,-1535.8692245429925
2025-06-07,98.76759006640253,105.94104132158627,144.79502573665945,49.55670661404128,6325.085912114829,57.942678908489526,0.0,5722.858757782882,52.148411017640576,104.29682203528115,497.93033229666526,2661.961243521142,2035.4059961796352,313.2776236707534,2608.6772951825124,6279.681035699771,-2936.5224215367166,367.240659490271,49.22580816017985,72.1228032895987,7445.6714617667085,84.32740427115678,0.0,8328.814496417415,75.89466384404112,151.78932768808224,-1034.932362338789
2025-06-08,42.914374808407466,41.27121950087619,130.0,72.71410610712665,3612.1651875402977,39.67179135978238,0.0,1702.490123734642,47.804487201835016,95.60897440367003,1814.0660894019857,12284.585020192502,11643.69674773171,320.44413623039577,12172.029377514235,2549.843113627734,10275.060881375073,326.43730874428593,39.971363597856524,100.0,3440.337231436644,54.3360830959351,0.0,2331.799035599732,65.74307209581407,131.48614419162814,977.0520516452835
2025-06-09,79.67717437792138,85.16652264322089,120.5,62.71994065570951,1477.189629631065,0.0,3.4450087925908606,-274.48856630073436,68.40326116907093,136.80652233814186,1614.8716735936575,5327.638254799225,4377.638254799225,475.0,5395.933877911906,1453.2619280374388,4918.687455694517,488.0077529100243,54.60301474807231,100.0,-1434.7778739126325,0.0,23.225111755308646,-1850.5112792744385,109.0614252085458,218.1228504170916,197.61055494471444
2025-06-10,50.36028618434513,48.75791926124459,127.0,47.34611953130868,987.5729321772133,6.337295994100054,0.0,319.14803989778267,21.575237934370076,43.15047586874015,625.2744164106905,7120.551244614468,6503.051244614468,308.75000000000006,6781.973695358585,1086.8958769385613,6332.494204659035,318.70819311950515,28.543165880830855,100.0,963.0758955141702,27.77668841128946,0.0,1398.84197764592,45.56917894845207,91.13835789690414,-526.904440028654
2025-06-11,83.06563796044455,90.01379320395411,123.0,48.745756788732066,411.0089730374589,0.47144835278970254,0.0,39.16115818987737,15.60361002414685,31.2072200482937,340.6405947992878,2578.2384872981893,1960.7384872981893,308.75000000000006,2215.8082139618855,411.00897303745853,2430.2814916515586,312.74112536356574,48.74575678873209,100.0,-1037.7032126830907,0.0,11.707612932984837,-972.5003372723368,32.01019135219116,64.02038270438231,-129.22325811513622
2025-06-12,77.35474809732335,81.88878960376519,114.0,43.78685794339924,490.60187679601256,0.0,28.399605182214767,-2196.844304933662,50.42320182271513,100.84640364543026,2586.5997780842445,5165.7249999999985,4405.7249999999985,380.0,6070.093951291304,654.6137399679735,6190.355123729603,387.4374562031368,33.99750623155606,95.94840285410993,-4889.969115472231,0.0,75.8946638440411,-5870.8126035868345,110.49035964018701,220.98071928037402,759.8627688342291
2025-06-13,66.99993340141945,79.14232803786119,128.0,45.62805839228703,269.7799716366894,0.0,19.553777813276767,-1310.1018112356967,38.69575686552563,77.39151373105126,1502.490269141335,10955.374163806799,10100.374163806799,427.50000000000006,10364.348724464406,597.0167517788295,10614.498816269444,423.5834217919344,21.243536928130634,100.0,-3885.11862905173,0.0,61.05383624668236,-4090.602962428887,84.80693290264301,169.61386580528603,35.8704675718713
2025-06-14,55.940286659463325,77.4004388405465,142.0,63.65095408082261,2605.366736840784,13.404896078471277,0.0,749.873729269999,36.62657415012485,73.2531483002497,1782.2398592705354,14963.588360098083,14217.144532081737,373.2219140081735,14578.571637400846,1661.0807505617033,13652.677959575132,367.59353636799466,36.102642882094536,100.0,1934.237305439286,14.798763130284659,0.0,827.8470517136207,57.54285175932668,115.08570351865336,991.304550207012
2025-06-15,72.4843669915755,61.158176956995284,124.0,57.75060816176274,706.6664131780415,0.0,6.250501985408472,-453.06367979191896,26.79419190334742,53.58838380669484,1106.1417091632657,7820.733706434132,7106.7333982200835,357.00015410702434,7923.556775751786,321.61723228666176,8339.649048297673,368.854752416275,48.481988213037916,100.0,757.4426391372721,10.079613256248265,0.0,730.6143863990486,46.39638049922412,92.79276099844824,-65.96450826022479
2025-06-16,79.68014951674265,82.88306450082068,124.0,61.56465685081716,680.1437161182648,0.0,2.4841699976695155,-197.93903683931322,19.29619394530131,38.59238789060262,839.4903650669754,6852.511463853334,5962.067327622938,445.2220681151979,6517.1344602348245,593.611102234503,6822.569626934397,449.52313446703795,64.15881559594223,100.0,-440.6662286359689,0.0,11.393903075394007,-907.8679006266683,31.342973277768202,62.685946555536404,404.515725435163
2025-06-17,72.34987497830006,75.57878352553132,134.50017699115045,66.35959259922338,1259.5137866902328,0.0,0.5258722427672442,-38.04679101876838,47.239320558235896,94.47864111647179,1203.0819365925292,6577.498100468332,5834.831742015715,371.33317922630897,6084.198601152471,877.585567579439,5949.27939202565,371.3331792263091,24.235282564497407,100.0,-680.2180278100464,0.0,13.891952975446623,-1005.0810609779868,71.18687548842601,142.37375097685202,182.48928219108842
2025-06-18,101.82981929685882,116.03451693847437,155.0,68.51846910483374,4314.485496982345,35.12514530861788,0.0,3576.787199552467,38.024016939417656,76.04803387883531,661.6502635510419,3953.197119436285,3215.8085387614447,368.69429033742006,3641.530068668184,4094.4247564378834,307.10531223030057,380.00000000000006,59.31578743999195,100.0,4962.563889382752,43.02638926965085,0.0,4381.369444324851,55.494551230035,110.98910246007,470.20534259783034
2025-06-19,99.64756874225328,110.3452418786198,140.0,23.873834330522293,925.8422716116136,7.736443099652725,0.0,770.9177455931759,9.625698663395866,19.251397326791732,135.67312869164596,3017.4681644235516,2433.135139304267,292.16651255964223,2562.310235167084,1081.4323093829455,2095.093077873037,307.1075760444491,24.715569468524013,100.0,-751.4628425133203,0.0,1.3071471585023877,-130.25403633310773,40.31903099490631,80.63806198981263,-701.8468681700252
2025-06-20,100.7541320238409,105.52847544002883,132.0,38.13287376076586,-682.3969139038354,0.0,10.797671316117894,-1087.9100013341822,21.158037951720555,42.31607590344111,363.1970115269057,4319.888286046618,3475.443841602174,422.2222222222222,3847.3159809924446,-629.3294005242066,5361.705545395375,442.53008193936205,36.24209816889744,100.0,-4409.146684467414,0.0,35.94065001933044,-3621.168997070279,55.485033948555,110.97006789711,-898.947755294245
2025-06-21,94.56577744885924,94.36639536999724,145.0,56.70586410572207,6079.444686408942,55.50504245846753,0.0,5248.877492416923,53.08142332197954,106.16284664395909,724.4043473480606,2304.200578894416,1918.9228011166383,192.6388888888889,2695.4099770677303,4413.622225449732,-1242.4687123258436,237.87176802807878,39.014993417240596,94.37437478508247,6454.43057973663,74.03054256005345,0.0,7000.755812152316,88.3422943590875,176.684588718175,-723.0098211338616
2025-06-22,9.795879123991224,16.522573691758563,118.57,63.28614774593526,1409.0858113455245,0.0,46.23584539724226,-452.9207527069311,51.55455420125064,103.10910840250128,1758.8974556499543,19983.511670959873,19240.845312507256,371.33317922630897,19732.031550937514,1171.113427377813,19375.29210368217,407.18699006123427,52.178615900007706,100.0,-151.1925358648461,0.0,66.54980282550224,-651.9138242040696,81.46262023755722,162.92524047511444,337.796047864109
2025-06-23,32.864181097426844,37.10472076276961,116.5,30.044892843159666,156.37181685541947,0.0,11.798825048416397,-387.75872312801255,14.400342230641796,28.80068446128359,515.3298555221484,10798.483998808819,9955.539862578424,421.4720681151979,10215.06037875803,66.39834831298327,10996.00215929924,423.67006442709686,19.231514617916247,100.0,-2430.571788661916,0.0,35.90653981935536,-1180.0390272052628,47.92941784087717,95.85883568175434,-1346.3915971384074
2025-06-24,55.82224019504675,73.61174485453245,129.0,51.931405122282314,1441.6512752817534,0.0,38.37226164201831,-2142.025606207925,56.474547238427306,112.94909447685461,3470.727787012824,11984.908465398008,11128.40815718396,428.2501541070244,13231.224007225814,1434.5658597852337,12664.715814536756,434.0288335480883,44.9774201608726,86.2664723992571,-2524.7593639239585,0.0,66.86623816630421,-3732.6232078586363,93.81336705857689,187.62673411715377,1020.237109817524
2025-06-25,105.69226650959871,98.32721519173897,170.3,26.801220007098202,827.1166849261489,5.757026834317069,0.0,608.4732144755511,13.484485236167334,26.968970472334668,191.67449997826304,7313.333942623172,6505.833942623172,403.75000000000006,6756.349790557257,1699.3265923300091,5864.523198227248,403.7500000000001,33.18286814985244,100.0,1857.5852601721485,29.775293382774418,0.0,3147.0182436136847,50.31295303943633,100.62590607887266,-1390.058889520409
2025-06-26,53.969347281372414,49.088077395407026,134.95,61.94869160148644,2076.968653904323,0.0,18.44466306401834,-995.4464263899083,41.03920999228695,82.0784199845739,2990.3366603096574,11446.586952655343,10756.698371980503,344.94429033742006,12258.409604795608,1873.8527347364939,11080.522440674004,347.98278530744517,63.48902459877542,100.0,636.2356549148881,0.0,32.711542788837825,-1765.420612880262,66.24709728542875,132.4941945708575,2269.1620732242927
2025-06-27,66.19658532568256,52.924813264683,110.0,63.45549202098242,-167.27385055858775,0.0,57.71466027503577,-3820.513433439187,64.6956907381301,129.3913814762602,3523.848201404339,11765.975958828432,10815.975958828432,475.0,12694.043010781295,187.14113650074873,13446.025991322043,469.5620585207482,53.60758136098116,86.30444113433867,-3061.373897973106,0.0,75.8946638440411,-5023.967590916062,87.99120856407606,175.98241712815212,1786.6112758148042
2025-06-28,-1.2620756969856048,1.4414044503894694,101.11,70.477736848843,3404.3934655616213,0.0,75.8946638440411,95.78481076845637,84.32740427115678,168.65480854231356,3139.9538462508513,14749.946466384266,13871.558193923474,439.1941362303957,15120.669535058452,2867.845582201352,13118.796772243117,432.98640969300914,49.821594369470056,70.47773684884295,1688.6073109837996,0.0,75.8946638440411,95.78481076845637,84.32740427115672,168.65480854231345,1424.1676916730298
2025-06-29,69.3551128996387,65.41724767140765,124.0,74.94509013754195,1632.9351596170904,0.9587175678593968,0.0,66.49196515775549,31.511766051653375,63.02353210330675,1503.4196623560283,9739.627811152419,8837.127811152419,451.25000000000006,9154.818553666051,1338.896825233819,8687.23690992606,435.65759074691357,42.99650137279616,100.0,885.889010452552,0.0,3.963162589402651,-274.8655888276453,42.046471615180955,84.09294323036191,1076.6616560498355
2025-06-30,116.25722572054582,116.91014107660295,423.85,55.50480969867082,4032.6760678938263,5.109301543051135,0.0,593.9932227648288,28.236632906752114,56.47326581350423,3382.209579315493,10325.994667776016,9599.16164265673,363.41651255964234,12160.02799954607,5515.8578379392375,7389.895316555386,372.8625774742768,60.858424619187915,100.0,5609.989353568813,26.66116198782207,0.0,3099.5527271902665,50.872407382433195,101.74481476486639,2408.6918116136803
2025-07-01,115.16664184768307,89.55879805354628,263.58,10.17843010338213,234.23712567597923,0.0,0.0,0.0,6.53864825308373,13.07729650616746,221.15982916981176,13816.078918126776,12830.63478189638,492.7220681151979,13069.028851505556,1230.097308370944,12801.405074055816,481.2367654606013,18.281907185227208,100.0,4533.443778125273,63.31770520021316,0.0,7292.0874774101285,64.24024320716258,128.48048641432516,-2887.124185699181
2025-07-02,77.12128072868799,78.83162029673576,135.0,67.27362138239246,-935.3865345841176,0.0,20.509354502398452,-1581.707686143652,42.943619401652555,85.88723880330511,560.4339127562292,2196.486111111113,1615.9305555555577,290.2777777777777,2140.4830795987405,-1049.313658589499,3811.5694498198955,310.8863558158279,65.54205194426093,100.0,-998.6214251435925,0.0,13.971011825373248,-1077.4623250484299,63.83426151173748,127.66852302347496,-48.82762311863763
2025-07-03,80.32208801588506,81.83561614311652,119.0,63.44702796523079,1160.522248747997,9.031415522463712,0.0,725.4221525033608,17.11768956760441,34.23537913520882,400.8647171094274,3643.102604264939,3011.2695791456545,315.91651255964234,3311.67648704532,384.7797803565614,3573.4485322466867,323.2759127789641,39.10450555344332,100.0,717.2451333778858,8.010734268067973,0.0,643.4389029516223,26.979497884416197,53.958995768832395,19.8472346574312
2025-07-04,42.90546493357529,50.41178488023714,107.48,51.50009342477069,306.5921442635877,0.0,55.020206841374204,-2360.66755527064,61.18028012652303,122.36056025304606,2544.8991392811818,14894.010504210573,14158.122231749781,367.9441362303957,14952.933604990047,581.5155724417824,15124.488894882365,376.5354311670495,34.692579445580996,71.02411295825245,-2590.7331310261734,0.0,75.8946638440411,-3256.29583820599,84.37412124059747,168.74824248119495,496.81446469862175
2025-07-05,25.543501917024216,15.108234447433707,109.6,39.04237935919343,253.69033373679895,0.0,27.555814897966012,-703.8720106713592,35.91333193550513,71.82666387101025,885.7356805371479,9927.449543576882,9167.449543576882,380.0,9415.107261235384,371.12412429200594,9845.592536313174,400.80469968489797,20.19606412979289,100.0,-1322.434417603391,0.0,10.676474658095145,-272.7145508961138,91.98551042470852,183.97102084941704,-1233.6908875566942
2025-07-06,90.77064975891716,96.06528112518147,123.7,64.16800867737072,5454.599505115059,54.1507042260081,0.0,4915.294607497697,49.840508874555525,99.68101774911105,439.6238798682516,1834.9244574419536,1407.4244574419536,213.75000000000003,1956.6126275260401,5048.8591496311765,-2628.06697692292,232.08977259110827,59.3745387682783,99.30936235510477,7603.864940288505,84.00229665225659,0.0,7624.943048366642,77.13546450649899,154.27092901299798,-175.3490370911351
2025-07-07,55.69934807815155,68.2912672234715,119.0,16.933171417189996,282.4119971604416,0.0,0.0,0.0,9.886067922165733,19.772135844331466,262.63986131611017,10730.608734941527,10089.720462480735,320.44413623039577,10260.023794610888,70.32297059769677,10843.605265162227,326.9522205745178,12.126942352355673,100.0,-3044.5367667741357,0.0,26.930229120008466,-1499.9962055797246,58.38284913439033,116.76569826878065,-1661.3062594631917
2025-07-08,74.17440938901822,73.6512881858336,120.5,48.41515158056618,869.7850859502577,7.702795469589097,0.0,571.3503046011766,11.215390718820274,22.430781437640547,276.0039999114405,4686.232963536946,3973.732963536946,356.25,4179.117444802412,751.0768274088655,4144.8829181776855,358.4211503920697,42.985741579608636,100.0,1128.6175486663128,15.378128974500756,0.0,1140.663634191742,23.16504307573442,46.33008615146884,-58.376171676897975
2025-07-09,82.65667937465578,77.67640522062173,128.59419369246032,62.427321034362706,-81.15538971594205,0.0,4.575873999471004,-378.2265500330986,14.80153279508627,29.60306559017254,267.46809472698396,2471.6731955287632,1961.2290592983675,255.22206811519789,2180.8437613001797,-71.46065269403661,2777.738402836742,262.7169944212629,61.8196710218057,100.0,-286.5206549431416,0.0,4.329113629665495,-357.83015726371315,23.710023992442103,47.42004798488421,23.889454335687333
2025-07-10,84.16581126715033,82.45241515666656,130.0,35.3702075091195,982.1783038156008,9.532456141028646,0.0,802.3069044782052,9.310923804046958,18.621847608093915,161.24955172930163,2706.1824472784174,2232.682755492466,236.74984589297566,2343.159907826779,1089.0756142695377,1744.1170160565464,245.01636124965268,40.794315654924795,100.0,1740.872160959391,21.971841003159454,0.0,1849.2778230637537,26.32419897917284,52.64839795834568,-161.0540600627083
2025-07-11,86.65086352141849,82.66968797550223,122.5,35.86658783536946,679.3239601895708,6.349709347301913,0.0,550.2077980537333,10.827068570724105,21.65413714144821,107.46202499438925,3242.9208257287737,2711.365578387267,265.7776236707534,2874.0389728974155,979.2834702416388,2457.7825072196533,281.5135022819384,40.55145670075171,100.0,1284.0838072393312,19.360252861345487,0.0,1677.5826284285995,30.187060504392598,60.374121008785195,-453.87294219805347
2025-07-12,78.01619484617257,79.65425257908771,126.00024858616618,73.1452574230332,1136.651598117744,8.321630179886242,0.0,649.2219215517952,20.26986292546693,40.53972585093386,446.88995071501506,4235.304989415157,3665.3049894151573,285.0,4005.9312921934206,1124.208816355145,3462.354090426988,290.31580729435603,70.12503866145634,100.0,1411.3088346202435,14.26945071728961,0.0,1113.248247507923,27.7117938190262,55.4235876380524,242.6369994742681
2025-07-13,76.63155105084518,78.63180552722808,138.0,45.519885237097235,406.03530720665844,0.0,0.0,0.0,22.615762039878753,45.231524079757506,360.80378312690095,4416.591329577044,3728.2030571162527,344.19413623039577,3991.5460914185737,486.0859576354637,4243.290228746619,368.9150474817541,34.706396942144714,100.0,-635.7463802169348,0.0,2.6698709598221924,-204.59635275678335,49.68325803564997,99.36651607129994,-530.5165435314514
2025-07-14,72.57695449302409,72.75142650903462,112.0,28.1531436168291,-408.11947223994184,0.0,10.061074099192455,-730.2021170480341,15.499746872997497,30.999493745994993,291.0831510620973,2843.5990290854315,2206.488226188369,318.5554014485312,2514.564869222787,-436.20818582094523,3613.2666424547615,331.2467937055146,28.479687510656817,100.0,-3487.51277793017,0.0,36.16426841466573,-2624.692463004703,55.0551195417204,110.1102390834408,-972.9305540089081
2025-07-15,79.1378936392889,92.23136815873416,155.4111647926786,49.26626315583486,573.4155169205924,2.5744465943417243,0.0,203.73628076304493,14.585539591818998,29.171079183637996,340.5081569739095,4253.315736549878,3721.7604892083714,265.7776236707534,3943.353604549426,665.6615302734945,3801.269783580783,261.78885465242564,36.55483113835477,100.0,-812.215788531927,0.0,9.33037690945193,-738.386375474684,29.605532584607154,59.21106516921431,-133.04047822645737
2025-07-16,89.41234152720551,86.9499236962695,124.0,48.29435037390796,3799.5685643836223,36.47394009787072,0.0,3261.220388873652,32.826546088083646,65.65309217616729,472.6950833338028,3830.220037978228,3145.609235081166,342.30540144853114,3533.4465941875196,3470.252332282637,762.7165837518605,349.76116092348866,44.25693873805676,100.0,6107.867327252599,75.5242379605059,0.0,6752.798958106692,67.97181416445528,135.94362832891056,-780.8752591830034
2025-07-17,84.22491545805994,85.17542770834491,110.0,38.447897919155814,1695.9320856252261,17.89466541517565,0.0,1507.176681743438,17.535033079212695,35.07006615842539,153.68533772336286,1756.7916666666697,1123.4583333333364,316.66666666666663,1268.465372720481,1357.304336558585,528.6610361618959,308.75,28.166721409023044,100.0,3395.8456755853076,45.94834003470808,0.0,3869.9950548614793,45.60726080807723,91.21452161615446,-565.3639008923261
2025-07-18,84.09578377988451,91.77387879435673,124.0,56.892202680059626,2082.1307909130715,21.990047494872755,0.0,1849.2702794382103,21.050951567137044,42.10190313427409,190.758608340587,1307.283054115811,885.0608318935888,211.11111111111106,1131.03579899497,1852.6523957065322,-234.98516615625363,243.31571527765422,50.83620005058756,100.0,2754.287922029862,34.181238678905885,0.0,2874.4980572698946,37.00147045724295,74.0029409144859,-194.21307615451866
2025-07-19,80.33881044128603,86.84906556803476,115.0,54.12103609859297,2832.2563796992636,29.71764531020206,0.0,2387.480273337696,35.62374816531988,71.24749633063976,373.52861003092767,1565.4166666666697,1195.9722222222254,184.72222222222217,1632.225812430232,2991.750248262615,-970.307773008416,194.60833141198356,50.6964417010487,100.0,3986.2616050806464,55.592795209197554,0.0,4466.259036212957,65.82236914390118,131.64473828780237,-611.6421694201127
2025-07-20,93.00513029394803,97.95975524861295,125.0,68.35985259843022,6332.801807715251,61.2683620094003,0.0,5698.27199158105,55.43549950485351,110.87099900970702,523.6588171244939,2064.058148404907,1430.7248150715739,316.66666666666663,2049.0471311312667,7108.76573415285,-4390.257245755472,334.730678633056,78.03974700837931,94.38325134411627,8320.40460838366,84.32740427115678,0.0,7842.881221589366,76.53882336301835,153.0776467260367,324.4457400682576
2025-07-21,80.54547052670729,71.09517722077096,114.0,16.551309852894857,-59.96594981588848,0.0,1.8099894717361495,-145.78645364937452,5.974607840904307,11.949215681808614,73.87128815167743,1162.8142542843361,793.3698098398918,184.72222222222217,857.7685786343662,-67.908493189317,1298.228022649634,186.27547541297548,16.859561933124045,100.0,1380.2249830420383,24.75227512968248,0.0,1993.68364692679,36.09749254896185,72.1949850979237,-685.6536489826755
2025-07-22,86.49021510795217,86.70279101704341,113.0,71.8746594084591,6358.524649443613,65.93938066920377,0.0,5703.111218164577,62.40987995872584,124.81975991745168,530.5936713615847,1874.127495477579,1458.6833592471833,207.72206811519789,2145.2014600584407,6593.241054318273,-4032.595458029437,207.72206811519786,74.32166090654731,91.66840554975475,7373.339051231984,84.32740427115678,0.0,7293.495334907594,79.59709629865281,159.19419259730563,-79.35047627291584
2025-07-23,86.67642969585368,90.65106727914326,133.47,31.858610094091087,1567.379939199127,15.374024674692938,0.0,1332.5655688583422,14.124820991809433,28.249641983618865,206.5647283571659,3122.4213129907803,2489.0879796574472,316.66666666666663,2723.0150213952893,1747.970214856829,1622.3955496518895,323.67537155671465,36.376420842214216,100.0,3570.2263405198883,46.913650801392976,0.0,4066.307755462768,44.335961142351294,88.67192228470259,-584.7533372275823
2025-07-24,88.08034192221027,86.12633551231859,126.0,32.41008342076954,1070.470998322316,10.391633197956901,0.0,915.2986052062352,11.959238809142818,23.918477618285635,131.25391549779533,862.5756595775301,542.1315233471344,160.22206811519789,706.2685193971098,1301.0779656825744,-253.00130180993744,170.9040722377635,38.84344743212209,100.0,2398.0450753258388,31.77645935612012,0.0,2798.8814051642776,36.89974707525408,73.79949415050817,-474.635823988947
2025-07-25,83.37575770436611,79.10902400460306,124.0,67.56155467618899,-119.16764080734129,0.0,4.006440087757573,-334.03997801393473,16.97678803368766,33.95357606737532,180.91876113921813,2279.6978687003902,1748.1426213588834,265.7776236707534,1856.805514251067,-532.6607750550181,2924.196221004663,267.36496584928886,50.46629915809313,100.0,-308.85825592554676,0.0,4.344615342015978,-362.2355960745959,25.127882440027484,50.25576488005497,3.121575268994164
2025-07-26,81.8710467076192,79.74410707667778,118.0,47.60056955273579,1865.6313094022282,16.749048093629366,0.0,1371.2620987816902,25.772807823540973,51.545615647081945,442.823594973456,1345.425000000003,822.9250000000028,261.25000000000006,1255.5639963848446,1772.4248018441426,-10.09122889540322,253.38478828194738,45.858348097570975,100.0,3355.6523420026256,42.36901019344595,0.0,3468.7952125032075,54.14390639798489,108.28781279596978,-221.4306832965517
2025-07-27,84.09820596613825,82.94624204213693,112.0,69.23122402817665,5551.249731593583,60.29334967720102,0.0,5070.562539541646,72.847663913488,145.695327826976,334.9918642249613,1089.1037587493538,673.659622518958,207.72206811519786,1137.0283745989186,6118.283684654594,-4563.724501113289,208.76540447119322,62.06295357374438,97.2312016245437,6800.712228190719,84.32740427115678,0.0,7091.783412985549,102.31027975132412,204.62055950264823,-495.69174429747875
2025-07-28,80.13339342705362,71.54786563730723,119.0,49.1102083307291,2457.3642755269084,24.712701467682248,0.0,1980.312629355107,28.83296752971754,57.66593505943508,419.3857111123664,1514.725836374626,956.7817001442302,278.9720681151979,1456.5419777427314,2457.3642755269084,-442.8781615537812,278.97206811519794,49.11020833072911,100.0,4328.498482404606,57.910228251901664,0.0,4640.543103960112,58.71074163551503,117.42148327103006,-429.4661048265358
2025-07-29,86.28724187417315,74.79094551369231,140.0,15.908020220823872,882.2691352745198,7.315092267258736,0.0,631.1991357968482,7.564814201218909,15.129628402437818,235.94037107523388,3039.1114375739744,2405.7781042406414,316.66666666666663,2630.398070963871,882.2691352745198,2389.3828746362315,320.62696947344,15.908020220823872,100.0,3572.326451210689,51.413918858474084,0.0,4436.365252240265,47.5534610605815,95.106922121163,-959.1457231507395
2025-07-30,82.90653945362013,73.54160890342928,117.0,51.088926489547326,-213.93941412518933,0.0,5.544103167881869,-459.6424080229385,21.54227151597318,43.08454303194636,202.61845086580286,1704.750824147388,1289.3066879169921,207.72206811519789,1495.1072984247828,-129.72779658015628,2084.835880192453,230.00039259375683,42.40282007966526,100.0,363.3157827121137,6.965975714298205,0.0,577.5249403904238,42.16622465218697,84.33244930437394,-298.5416069826841
2025-07-31,82.88307996403069,77.91156190648026,118.5,29.166185976537495,-497.90512284352343,0.0,7.262379031733276,-601.9283420162488,8.176980333739985,16.35396066747997,87.66925850524547,3182.119260042793,2545.008457145731,318.55540144853114,2604.9187861669207,-339.36224300497366,3581.391832068957,318.55540144853114,20.769391754392576,100.0,-1001.313458049086,0.0,7.3241702363400645,-607.049787368747,28.03582319717045,56.0716463943409,-450.33531707467984
2025-08-01,78.05470331092975,90.13884905299615,115.0,58.0206255113902,3510.1988982929597,36.11463735516474,0.0,2818.9173039392044,34.02821817135565,68.0564363427113,623.2251580110442,4441.874119298785,3704.485538623945,368.69429033742006,4016.091959961077,2655.820052758526,2027.0021084870566,333.36510064225286,44.08274677140168,100.0,3059.4915235252965,49.03529049098677,0.0,3827.435051039227,58.648485553944035,117.29697110788807,-885.2404986218185
2025-08-02,52.87623832026446,48.31835019272287,120.0,23.904064553874182,745.2615353326975,8.189932490485058,0.0,433.052822193765,11.528801216126396,23.057602432252793,289.1511107066797,6985.071072461273,6242.404714008655,371.33317922630897,6509.245525743151,576.1757260190882,6705.083304859911,386.0067525679237,26.024588546290172,100.0,758.7551012052506,35.33041078967371,0.0,1868.1392208676298,48.22945984831645,96.4589196966329,-1205.843039359012
2025-08-03,47.465897162030885,52.808997919629604,164.5,67.66649614160708,2661.2013067780163,20.50124200258454,0.0,973.1098445885859,28.947464604220695,57.89492920844139,1630.196532980989,10620.266156812708,9926.600106574138,346.8330251192846,10515.591973960316,2504.603917504282,8727.503540424,358.25774198398403,56.54512364372381,100.0,2195.833479575467,20.963965961880263,0.0,995.0734524549244,42.77961214903419,85.55922429806839,1115.2008028224745
2025-08-04,27.852192192372293,35.23483825128839,119.0,47.964241284704556,278.5716440182416,0.0,33.14430709989653,-923.1416114293277,40.86799279542552,81.73598559085104,1119.9772698567183,11814.259225933925,10935.870953473133,439.19413623039577,11736.589428690811,215.52874476712245,12448.282220982237,463.6107685292736,41.42220234704664,100.0,-2506.9187570884487,0.0,73.04772806078265,-2034.5393611650647,85.20512719640999,170.41025439281998,-642.789650316204
2025-08-05,24.553010060381418,27.73746909477291,114.0,70.48734071595041,808.2705154158037,0.0,35.66090580283852,-875.5825789394082,52.894408259918606,105.78881651983721,1578.0642778353747,7756.088177722883,7140.088485936932,307.99984589297566,7541.388681729159,741.1484631715359,7480.781366458461,340.27057395041885,35.653461293105316,100.0,-551.3942433434808,0.0,54.30191078180808,-1333.275361723668,75.04100413302902,150.08200826605804,631.7991101141292
2025-08-11,91.63692101971644,87.39206130746591,199.0,70.97005133858079,961.7134582643362,0.0,0.0,0.0,36.3659040405503,72.7318080811006,888.9816501832356,5353.331538392329,4825.553760614552,263.88888888888886,5400.857719192143,1028.4821097329052,4947.1191303671385,287.3717604539504,60.72648688432698,100.0,-276.0168570491318,0.0,9.928479324480165,-909.8152757032765,51.241197314424156,102.48239462884831,531.3160240252964
2025-08-12,93.02789244142228,84.13558735258368,145.0,35.51886041014569,444.2051654080635,2.5007858949126613,0.0,232.64284125096103,10.81592434934863,21.63184869869726,189.93047545840525,3981.8168063762223,3295.7056952651114,343.0555555555555,3504.1943540467173,883.6760818450189,3289.301030992856,334.3913793955784,47.33876521840939,100.0,1522.4483285978297,19.629693086616527,0.0,1826.1089771198929,30.45121443777836,60.90242887555672,-364.5630773976199
2025-08-13,89.1363936320646,100.43744851286465,160.48,46.2787492058368,2954.3041612832167,24.229718587177413,0.0,2159.749733580798,24.171404028195767,48.34280805639153,746.211619646027,2541.9375,1829.4375,356.25,2665.81810880963,3074.798676130639,282.19805012274287,345.589308721876,47.95180963256619,100.0,5305.987342014899,54.3225581230225,0.0,4842.1169239544415,52.23002877775962,104.46005755551924,359.410360504938
2025-08-14,83.24470198435,79.16838374911752,162.4,51.7458446606862,116.34495444039112,0.0,2.4468301550754052,-203.68564706557302,17.278249349387906,34.55649869877581,285.47410280718833,2631.5208447892383,2110.521153003287,260.4998458929756,2282.59538839707,-102.72474674677812,2938.045572298565,276.36271857735824,43.322478466938286,100.0,774.817636744966,11.322092871961868,0.0,942.5042469655991,33.390602593670714,66.78120518734143,-234.46781540797457
2025-08-15,78.8972749867664,72.72873328775546,115.0,62.31814980105158,-864.1654082699739,0.0,13.468725087282182,-1062.6457069324617,15.010791556271412,30.021583112542825,168.45871554994505,2224.3899355790236,1701.8899355790236,261.25000000000006,1878.1222147725678,-793.6866485851277,3206.607259414339,267.3991980283216,57.00472792969842,100.0,-1581.3773518317253,0.0,20.7750880285214,-1639.0978330605315,24.087351123537534,48.17470224707507,9.545778981731125
2025-08-16,85.88372000207873,87.0468794875729,128.0,49.35923715922678,3829.7721793043675,38.167553324987786,0.0,3277.97146292766,36.40131616873362,72.80263233746724,478.99808403924,2011.4801145861347,1453.535978355739,278.9720681151979,2055.6087280401375,5069.029007728902,-2450.0079726664185,281.70615351117294,66.69270340737758,100.0,7048.09320242925,79.66356693382177,0.0,6841.803476911206,73.74772841668418,147.49545683336837,58.794268684674904
2025-08-17,75.84499444297899,77.35990048048257,120.0,62.5404865061681,-1053.3933084349273,0.0,19.46273664898693,-1476.1511529875772,33.25206473178287,66.50412946356575,356.25371508908415,2998.0174183025865,2466.4621709610797,265.7776236707534,2761.081240134201,-1125.7647676211318,4428.327942623584,270.74096743412576,56.18292475837517,100.0,-2369.303562037566,0.0,33.1690972703549,-2515.7099981486967,53.168861627744704,106.33772325548941,40.06871285564151
2025-08-18,90.59999597773309,96.81473279090069,130.0,62.97689898211543,5086.131739428973,45.68866289993668,0.0,4139.392674962266,51.4289501201638,102.8579002403276,843.881164226379,2165.869918647406,1486.5368935281213,339.6665125596423,2391.3667650755715,4727.100113198392,-1770.0321599750728,282.85059407387405,58.92286634423356,100.0,6251.214073269966,65.18119496576544,0.0,5905.416001722186,81.66319865125293,163.32639730250585,182.47167424527478
2025-08-19,78.1558100890235,75.4728295797083,109.9,55.364369094653895,649.6606321647906,5.548748777456446,0.0,433.6669556825873,23.731943119153062,47.463886238306124,168.5297902438972,1394.3366152028793,1024.892170758435,184.7222222222222,1223.5771981266184,827.6237686573944,821.783583771959,212.91507715136748,49.78340999264697,100.0,1199.6924960260758,18.913488039764932,0.0,1478.1989793568855,42.86501139131497,85.73002278262994,-364.23650611343965
2025-08-20,92.97819417822143,88.01818662983412,195.0,22.38276211250333,709.0417768987272,4.021201988363898,0.0,373.88409930394863,12.151790665646203,24.303581331292406,310.85409626348616,2656.1681218210415,2193.2239855906455,231.47206811519789,2425.4114384792842,709.0417768987272,2182.3695401145887,232.9999392670158,22.38276211250333,100.0,3495.923019722738,44.31355225904289,0.0,4120.194066668053,54.29084491255904,108.58168982511808,-732.852736770433
2025-08-21,78.14567360234747,67.68686849020973,129.45,18.013574169116286,-115.71931946948982,0.0,2.262362442653019,-176.7938370137724,4.942234681187473,9.884469362374945,51.19004818190763,1995.6720291826205,1411.339004063336,292.16651255964223,1458.2460995918614,-130.55727443725385,2173.1363991484,292.16651255964234,17.39549725319983,100.0,1306.8907520593175,22.41991698643958,0.0,1752.0195150140332,27.43616916214648,54.87233832429296,-500.0011012790087
2025-08-22,87.70008034408464,89.08473926908282,161.0,49.91317196996076,2467.5416260358857,21.607827285827682,0.0,1895.008189028192,22.875846029056135,45.75169205811227,526.7817449495813,3798.582769098448,2960.91641064583,418.8331792263089,3392.3887199246224,2128.5045461924374,2115.7288351381885,425.9223307030017,43.070365281086666,100.0,4039.8690635356024,47.11386598101871,0.0,4131.889831855777,45.83128085472809,91.66256170945618,-183.68333002963047
2025-08-23,84.85267865740913,80.63430676611928,124.25,14.197577352996271,832.9719504136951,8.179349837776948,0.0,694.0397434114188,7.361414853999253,14.722829707998507,124.20937729427783,1681.3826516126665,1311.938207168222,184.7222222222222,1449.6403484585453,1161.0854588500447,691.319235708406,201.3821730499527,20.887562222307633,100.0,4051.065582210247,57.61088412771185,0.0,4888.437838057966,51.84979571494068,103.69959142988137,-941.0718472775998
2025-08-24,85.76692876807398,84.22964280871616,123.4,26.078170594101778,92.74501796309892,0.0,0.0,0.0,8.602514879873594,17.205029759747188,75.53998820335173,1869.5180279579326,1347.0180279579326,261.25000000000006,1395.085705538103,-189.16599798141792,2111.7539137350905,263.7511051077848,16.66980231206474,100.0,1728.853183848816,25.101842170502593,0.0,2152.9079093849314,32.98741700009916,65.97483400019831,-490.0295595363138
2025-08-25,75.8700120631859,78.76249036149876,125.0,54.235112128709304,1331.5532121207798,0.0,5.8060259616924945,-440.5032597527801,30.217892343083555,60.43578468616711,1711.6206871873928,10782.403757390774,10069.903757390774,356.25,10641.788551196662,1217.6766845810612,10136.848701480487,356.36841743244315,43.02293193310373,100.0,-1245.3195013446548,0.0,27.71918432552023,-2103.0548491588934,55.716474359583266,111.43294871916653,746.302399095072
2025-08-26,101.55943194756503,104.20125277777777,178.0,53.01527330271689,689.5482174827399,3.145897372464936,0.0,319.4955501128763,22.021250884086022,44.042501768172045,326.01016560169154,6092.712459303013,5237.712459303013,427.5,5451.803391720946,1286.6620512420066,5036.330231021119,435.5944452710902,43.54580922261432,100.0,1003.7448698403202,9.123397564466027,0.0,926.567074078968,41.53755986193792,83.07511972387584,-5.897323962523558
2025-08-27,81.40495612144345,75.08331379759414,128.0,51.260082219531824,-654.1311755295055,0.0,11.54429672937865,-939.7629687079921,18.900559018004266,37.80111803600853,247.83067514247796,3153.908398625912,2415.0195097370233,369.44444444444434,2639.3055423583437,-409.80427043212103,3795.469420857963,373.17980403374906,41.13979223603099,100.0,-773.911087686663,0.0,6.477634296797258,-527.311535701538,36.871885880047444,73.74377176009489,-320.3433237452199
2025-08-28,79.51651490222129,72.6614168333861,115.0016485328058,23.737969236170507,825.141332234494,8.11049839905381,0.0,644.9185668128042,11.492312639402181,22.984625278804362,157.2381401428854,2083.6246917859517,1608.6246917859517,237.49999999999997,1719.2179248651887,851.8152207820601,1345.0494660733693,238.82338099512052,22.698783179616388,100.0,2921.2549703096192,45.36114706375862,0.0,3606.960326477214,48.413208918861,96.826417837722,-782.5317740053168
2025-08-29,87.31481425043869,83.10102820086897,137.38,48.81766899635809,76.39278795624693,0.0,4.034862866008822,-352.303301671553,15.903682764417704,31.80736552883541,396.88872409896453,6038.570098181823,5099.125653737378,469.72222222222223,5371.456213945229,101.7342185651124,6219.662141593247,474.9700731065649,41.78631450798116,100.0,-87.39488048015261,1.0210590648162525,0.0,89.15358258315773,32.57771846010131,65.15543692020262,-241.70389998351297
2025-08-30,34.019605488665135,41.13717284954027,110.11122032545514,90.37669569262263,142.14729416771632,0.0,65.29788622169109,-2221.4083285056736,80.67602229750513,161.35204459501026,2202.2035780783795,7504.150314598463,6819.539511701401,342.30540144853126,7170.7981329549375,231.58186141303642,7637.417968509062,349.1008484835806,34.75245035876877,100.0,-412.09963736550776,0.0,71.7250908880627,-2440.0592956505434,89.26639957261753,178.53279914523506,1849.4268591398006
2025-08-31,29.850922448330184,36.855869448773625,114.95,68.32712080669806,297.8808474906481,0.0,24.8800892259558,-742.693613991542,32.650564333565555,65.30112866713111,975.2733328150589,10284.744406847614,9447.078048394997,418.83317922630897,9655.769647332836,317.37218013622527,10182.606560477841,422.1045466406151,36.989504173752984,100.0,-733.3926751704773,0.0,35.804819039006276,-1068.8068764098723,47.78565809312548,95.57131618625095,239.84288505314402
2025-09-01,51.98422712327881,41.58661232480562,115.0,68.15588238635499,230.762717990417,0.0,20.93921294021441,-1088.5088012668045,36.92187136740837,73.84374273481674,1245.4277765224049,11378.575816237788,10393.131680007393,492.7220681151979,10638.2927605449,354.8240161003118,11268.912880674983,492.722068115198,20.629599087042283,100.0,-722.5515112733696,0.0,29.9184550268618,-1555.2877612939863,54.17268484341454,108.34536968682907,724.3908803337877
2025-09-02,80.9552239841652,80.75958691424434,128.75,57.44181538130009,1337.7656700877974,12.155383264212816,0.0,984.0417747677217,15.135148270858949,30.270296541717897,323.4535987783578,2582.3433746987375,2154.8433746987375,213.75000000000006,2392.271671745203,1172.2141887046062,1659.1272767227983,219.53489684110085,50.9576994494361,100.0,1904.6195281056441,22.659851026691186,0.0,1834.4333153136008,26.348659370166978,52.697318740333955,17.48889405170935
2025-09-03,90.2520244211673,99.08151333203023,139.0,71.05519114052461,3194.947937161588,25.044274219371776,0.0,2260.296448457152,38.91674607060451,77.83349214120902,856.8179965632271,4068.3431462150475,3213.3431462150475,427.5,3904.7015497207963,2729.745052634793,2042.605521826445,433.8245123702206,54.88412699116688,100.0,3232.789500863945,29.72481674688502,0.0,2682.7248869545897,54.76974369633253,109.53948739266507,440.52512651669
2025-09-04,79.43473273638239,77.2073786680822,121.53062586169064,46.934127004229566,402.710004275434,1.3672407495610588,0.0,108.60640352767383,13.222850242837517,26.445700485675033,267.65790026208515,4042.531353463901,3294.587217233505,373.9720681151979,3449.620864511023,431.29029386767,3776.376495848259,379.02296260245305,45.40164060646909,100.0,878.1630088227668,11.395549506698616,0.0,905.2024294488187,28.17321017102526,56.34642034205052,-83.38584096810251
2025-09-05,83.48500216850066,74.11143653615906,129.0,65.4652837470486,-1011.2509517296962,0.0,15.594964364848462,-1301.9456338170644,20.824634800558613,41.649269601117226,249.04541248625083,3886.0242331146455,3305.46867755909,290.2777777777777,3450.178484272431,-888.2718539480231,4919.0058937760095,290.27777777777777,59.63460371337111,100.0,-1154.6917070772843,0.0,14.867881483198008,-1241.2451178657966,31.81019558553041,63.62039117106082,22.93301961745152
2025-09-06,22.296793864694425,17.589039036948204,115.0,79.54513197189314,2529.9710320940085,0.0,55.25929896617954,-1232.1051981564272,81.82341506988772,163.64683013977543,3598.42940011066,13825.344288996323,13160.344288996323,332.50000000000006,14039.811090161433,1462.2414758724026,13279.233814268207,350.8320999895884,43.88367524415543,100.0,1841.4059491277417,0.0,74.19595044737208,-1654.3318127201376,102.86413893787945,205.7282778757589,3290.0094839721205
2025-09-07,30.345155738456974,29.588541507905934,106.75,62.65751196306025,-105.25673502401719,0.0,68.79508302500217,-2087.597508433769,77.36215486344118,154.72430972688235,1827.6164636828694,7846.826079679098,7119.993054559814,363.41651255964223,7740.422249943192,227.76000770835444,8264.154675772861,375.74621676901234,19.687445069197572,69.72298651134061,-765.8496448288006,0.0,75.81332001272247,-2300.5670028355403,86.08577504979671,172.17155009959342,1362.5458079071464
2025-09-08,118.03470001041809,84.41070553109957,171.9,42.13082845736409,-1565.962323727733,0.0,24.898326142879615,-2938.8664570363453,27.664806825421792,55.329613650843584,1317.5745196577686,15943.06500788624,15040.56500788624,451.25000000000006,15567.89423392734,493.22232400474127,15997.833011978772,461.5805510280873,59.510222939317735,100.0,0.2393000549859039,0.0,3.0901842706880154,-364.7489733675725,65.66404658626226,131.32809317252452,233.66018025003387
2025-09-09,85.26568026704624,74.69403920894204,138.0,69.36578797463,-2702.5985944124814,0.0,61.9771364698358,-5284.52270210411,75.22293400626378,150.44586801252757,2431.478239679101,3845.5972222222263,3106.7083333333376,369.4444444444444,5320.474305177035,-1972.560451849397,7939.086988439323,323.02611570644626,59.52853515716596,88.80179487513011,-5996.827113451593,0.0,75.8946638440411,-6471.210141300963,96.300089000255,192.60017800051,281.78284984886056
2025-09-10,56.66199438868834,50.47474185494894,118.19884970998922,40.062144219531305,-130.45763491908244,0.0,41.00908086460615,-2323.65630983558,45.56564540511797,91.13129081023594,2102.0673841062617,11252.986111111113,10408.541666666668,422.2222222222222,11847.018565990544,40.87027946963782,12672.776492237572,433.3141028583336,32.265832359294,74.69912897515346,-4502.399863764584,0.0,75.8946638440411,-4300.343016862445,84.9608549233273,169.9217098466546,-371.9785567487928
2025-09-11,22.79814696886377,4.550044646961184,113.9,83.4443384430682,981.0553717847995,0.0,42.091955189993406,-959.6185806282978,48.66349855270801,97.32699710541603,1843.3469553076811,13321.051149717965,12282.829235709793,519.1109570040867,12900.281680207463,917.7597412858006,13020.743852929836,519.1109570040867,47.87602898208602,100.0,467.85114414446355,0.0,50.781469476071635,-1157.7234044103504,58.31851442612826,116.63702885225652,1508.9375197025577
2025-09-12,26.795355912530237,18.554308751106834,120.0,90.67536733102406,940.169063788179,0.0,43.89355904466963,-1176.1435368695834,55.36267561046483,110.72535122092965,2005.5872494368327,12568.944216991473,11631.000080761078,468.9720681151979,11878.482265636518,591.5736694664756,12172.07495462266,442.58317922630897,21.101489885180513,100.0,600.7474891399654,0.0,47.049179679074406,-1260.6995148933838,61.055915448740386,122.11183089748077,1739.3351731358684
2025-09-13,37.87559427079429,32.71739808652832,128.0,24.262013045891994,844.2465370308728,5.931010570286075,0.0,224.6405499759476,8.92742040504016,17.85484081008032,601.7511462448449,10424.052931070477,9688.164658609685,367.9441362303957,9840.834439894563,806.5504591603594,9771.739887074713,368.7279531702556,24.830667207709933,100.0,740.6785581595138,35.44971199414002,0.0,1342.6789085065573,36.79587669891117,73.59175339782234,-675.5921037448658
2025-09-14,78.6748951980381,77.09510181215232,118.5,58.089458172598164,2420.0108037046703,22.968158113049455,0.0,1807.0174324361344,27.880446339525328,55.760892679050656,557.232478589485,4354.790124663827,3713.901852203035,320.44413623039577,4211.7044950317995,2309.609020095081,2543.8195342068384,320.86202963505997,53.21805514842322,100.0,3421.9833220851783,41.40787696540321,0.0,3257.7603806263537,47.99570733933447,95.99141467866895,68.23152678015566
2025-09-15,29.506401276716403,31.99871970268911,127.0,45.922182243289164,1827.7320199474395,12.918511738807739,0.0,381.1787912632325,21.49259158212036,42.98518316424072,1403.5680455199663,10538.777221916118,9548.055307907944,495.3609570040867,10298.689488911246,1723.225062195494,9513.408562946148,468.9720681151979,38.37179644899322,100.0,1765.3154885387344,41.04029888007224,0.0,1210.9515272717863,46.80220000925842,93.60440001851684,460.7595612484312
2025-09-16,34.857518026323824,33.33092906004624,122.0,69.15658673787473,717.9600399044502,0.0,30.113238700839972,-1049.6727608455215,44.7851329412624,89.5702658825248,1678.0625348674469,10432.207430466147,9678.985516457973,376.6109570040868,9998.701688459145,687.3713842626869,10066.576090356477,377.62289308000976,46.94928462206522,100.0,-473.9620224644883,0.0,46.47040401391733,-1619.8429456056745,64.7590273808801,129.5180547617602,1016.3628683794259
2025-09-17,59.45734244278074,65.50300271297067,123.5,51.255343873816386,-1337.2982684633955,0.0,41.7797284810905,-2484.111623466598,46.421920534545,92.84384106909,1053.9695139341122,10093.560419454387,9090.78264167661,501.3888888888888,9515.031225128529,-495.28641647830943,11013.095419384616,501.3888888888888,27.00974537347086,93.10752450855779,-5350.902291842527,0.0,75.8946638440411,-4512.495017754883,84.32740427115671,168.65480854231342,-1007.0620826299579
2025-09-18,69.81656460661785,71.66245833767992,121.95,44.82652608412609,-489.1783855712174,0.0,26.584499427951236,-1856.0384218461527,33.19357726356262,66.38715452712523,1300.47288174781,8690.406818744032,7910.79601584697,389.80540144853114,8565.08320095086,-289.913612041945,9648.375780011425,396.6894835093111,28.252574161066278,100.0,-4303.540752391629,0.0,63.170972597302956,-4410.380289602487,74.04896199466388,148.09792398932777,-41.25838677846977
2025-09-19,72.84186998584063,72.71770265558506,152.25,76.47016439853704,2089.4463319449846,0.0,18.02463552741875,-1312.9481576304004,64.07117395398319,128.14234790796638,3274.252141667419,10597.667805311727,9783.3897193199,407.1390429959133,10414.11650577513,2064.10216320978,9219.451671628092,434.7186645313716,58.41012174449709,100.0,562.6901255939298,0.0,30.179646521077522,-2198.3418881069565,83.78584570586976,167.57169141173952,2593.4603222891465
2025-09-20,64.3028765198632,71.48336850863691,115.0,63.245547463423904,34.06381834949343,0.0,36.67216084209791,-2358.1254303459846,54.72668355344437,109.45336710688873,2282.735881588589,7245.208511892168,6734.764375661772,255.2220681151979,7435.957067807793,256.9910993815546,7775.2736689530475,298.153850263405,46.40344908100062,100.0,-2585.8018145470564,0.0,64.79299380829396,-4166.375880206988,86.53049226128344,173.06098452256688,1407.5130811373645
2025-09-21,35.41414202160234,39.71704058976028,114.9,46.00583917389896,470.6457216561231,0.0,42.172902058828114,-1493.5171429744644,46.85878006536459,93.71756013072918,1870.4453044998584,10350.179196167132,9612.790615492291,368.69429033742006,10271.88481162215,249.6733359487434,10763.85429759503,370.821410960811,40.0198452279169,86.0575471489471,-2973.2291218297078,0.0,75.8946638440411,-2687.7444040546397,87.6530402928742,175.3060805857484,-460.79079836081644
2025-09-22,78.16383385065662,71.23732301854379,115.0,66.52130238983469,-1328.6900994086589,0.0,26.960677603975654,-2107.349924738272,34.78250902834755,69.5650180566951,709.0948072729179,4079.4863908554125,3389.597810180572,344.94429033742006,3933.296279095599,-956.2265447287218,5579.411404499161,344.9442903374201,53.95412268453151,100.0,-2855.000716744953,0.0,40.97835592192628,-3203.0254037545164,52.28777516187469,104.57555032374938,243.44913668581404
2025-09-23,93.35683867721437,91.49092459159537,179.2,44.49050235657444,-1288.7978182011793,0.0,18.22551412932371,-1701.4763823805647,20.939387898852438,41.878775797704876,370.7997883816804,4488.13444209226,3802.0233309811483,343.05555555555554,4106.478257362186,-991.9940343471334,5784.583402820431,343.05555555555554,34.72847150443668,100.0,-4050.2933631663723,0.0,40.17296815759133,-3750.4213074731233,47.06484932678713,94.12969865357427,-394.00175434682325
2025-09-24,86.57647277360304,93.52722177503831,157.0,56.95587333225218,-939.1571564755563,0.0,14.29369347820855,-1237.4975642503498,22.56862801774212,45.13725603548424,253.2031517393092,3335.842605015583,2635.398468785187,350.22206811519794,2866.0042521748596,-1146.7333893201703,4755.403999947648,371.333179226309,46.00333444050223,100.0,-2608.3339628558697,0.0,26.070791165779696,-2257.1171415504164,39.624759831331154,79.24951966266231,-430.4663409681156
2025-09-25,90.5815289150267,88.573810931313,130.0,53.24813281618499,31.350699346937724,0.0,3.9280683523191344,-355.81043703579695,16.733964943876636,33.46792988775327,353.6932064949814,4248.888376685951,3457.2217100192843,395.83333333333326,3637.890354145726,112.74869871039819,4298.514086560677,386.68621556267476,48.55107568124174,100.0,-1255.8446414924515,0.0,13.430619493436092,-1216.5660479914025,31.426388229692584,62.85277645938517,-102.13136996043421
2025-09-26,83.03107908539297,89.17878733417983,114.9,52.196946580113426,400.84367689415546,0.0,0.0,0.0,41.443614999327636,82.88722999865527,317.9564468955002,2361.666666666668,1781.1111111111125,290.2777777777777,2019.2608036546922,1241.3971315320948,1375.6645876277157,298.900457752559,30.961947832706336,100.0,-1141.8422886006988,0.0,11.052592674083737,-917.7086964204818,79.39854285483682,158.79708570967364,-382.9306778898906
2025-09-27,80.4868755748247,82.55146850795846,120.0,35.48036889285314,-1155.4060355996899,0.0,17.422309426002666,-1402.267250996772,22.6935601324604,45.3871202649208,201.4740951321612,2055.910839659413,1628.4108396594129,213.75000000000006,1782.4030920416544,-605.1550920446543,2841.8693834971973,227.1555997054443,22.689835411523884,100.0,-4526.971423453942,0.0,48.29140710236982,-3886.8244747816448,63.96089116489313,127.92178232978625,-768.068731002084
2025-09-28,92.09244309706395,95.73614802890893,145.0,29.870224554920497,1690.6916118755526,15.038064847373686,0.0,1384.892131246719,14.600954225147397,29.201908450294795,276.59757217853894,2876.7999438318366,2454.5777216096144,211.1111111111111,2663.3405088761347,2026.6188339693094,1109.497037547822,236.38768132049836,36.63933014627322,100.0,4358.9873923989935,52.38385988183303,0.0,4824.157635372279,48.881300501446006,97.76260100289201,-562.9328439761779
2025-09-29,90.36123003425625,86.40980264352977,169.6,69.32006619525755,-886.4458757165294,0.0,16.260392099019704,-1469.3090309067222,28.40631216902044,56.81262433804088,526.050530852152,4956.871917657942,4217.983028769053,369.44444444444434,4608.795005852812,-962.977669979259,6317.0313918765,372.6293580222141,66.04407231107128,100.0,-983.524780426181,0.0,13.521661080277754,-1221.833927320228,40.97848390537721,81.95696781075442,156.35217908329258
2025-09-30,85.80369999639407,88.70390074407351,164.9,58.30200375984419,-2370.54717781422,0.0,33.89044255716201,-2907.9253659197557,37.656047285735575,75.31209457147115,462.0660935340643,4351.880838422845,3612.9919495339564,369.4444444444444,4000.55300340353,-2194.4360723768477,6933.8779646692665,369.4444444444444,54.57797222585188,100.0,-5176.690494707237,0.0,58.12912142224556,-4987.693695568322,64.58791269138398,129.17582538276795,-318.1726245216828
2025-10-01,83.01523234908262,90.67205238174454,144.37,27.32932666867436,-1187.50133784241,0.0,17.246388334397288,-1431.712934762499,19.162653704885884,38.32530740977177,205.88628951031706,4206.534459327844,3625.9789037722885,290.2777777777777,3761.204542606517,-586.3506010521846,4928.110699214258,290.2777777777777,14.955532150900652,100.0,-6294.218194862438,0.0,62.34059252513213,-5175.2187732533275,70.1175478532761,140.2350957065522,-1259.234517315663
2025-10-02,76.54551394724932,85.63137643046065,115.0,19.783628822892542,-682.1424743617043,0.0,12.826402430920426,-981.803566169052,17.56790684086973,35.13581368173946,264.5252781256082,6704.44513346464,5807.2229112424175,448.6111111111111,5989.193245910383,-607.8729940130373,7494.2884621456415,448.6111111111111,17.912982645382115,98.96872350824873,-7153.482401635821,0.0,75.65396787982655,-5790.9718535100155,87.88444881966282,175.76889763932564,-1538.2794457651307
2025-10-03,56.94867690579612,67.04368787937918,114.0,31.013475406004666,267.05911276944994,0.0,12.967491329042405,-738.4814739763486,24.79129737606015,49.5825947521203,955.9579919936782,12138.583443842108,11248.139307611713,445.2220681151979,11461.359989659759,343.1009894875065,12018.488363400378,450.1146816140624,23.338768240146337,100.0,-4468.237575501697,0.0,62.59878486790011,-3564.9179741374824,79.93717908590207,159.87435817180415,-1063.193959536019
2025-10-04,9.843371208105083,9.577343949959824,85.0,60.35033128976713,402.283306402696,0.0,54.73809745380693,-538.8074124632533,60.820108282007716,121.64021656401543,819.4505023019339,3020.0528584810527,2228.386191814386,395.83333333333326,2739.700763000251,371.70405152175636,3136.4921420068813,384.24771526419335,33.31446973741043,83.67605596775886,-681.8760996151975,0.0,75.8946638440411,-747.059348931248,84.32740427115672,168.65480854231345,-103.47155922626297
2025-10-05,32.29230543008273,40.816734242691275,112.8,65.77000870264845,399.1886071850595,0.0,33.10696469573253,-1069.1002158175606,47.82787335943226,95.65574671886452,1372.6330762837556,9340.347299293222,8666.292051951716,337.0276236707534,8920.926335347212,346.62282035874154,9257.19113351688,341.44380926420536,26.345018557616296,100.0,-1038.1936320937407,0.0,54.81376294429838,-1770.062774769434,72.71988297229208,145.43976594458417,586.4293767311092
2025-10-06,82.89390621988298,86.60160088074342,145.0,31.922533257132436,-399.8201084472007,0.0,12.65231279841364,-1048.7996305763254,20.961226435140755,41.92245287028151,607.0570692588432,7093.186368873532,6487.742232643136,302.7220681151979,7138.059915403454,-399.8201084472007,8170.521654842505,316.32081549592516,31.922533257132436,100.0,-4480.584692870783,0.0,47.9416445028931,-3974.0701834497886,65.66279144045498,131.32558288090996,-637.8400923019046
2025-10-07,90.74177484406911,89.05867515417934,156.92,49.45250308055048,-1149.9435255013022,0.0,17.827276216206958,-1617.67868449408,25.897865381484003,51.795730762968006,415.93942822980966,4859.557894634931,4199.835672412708,329.8611111111111,4428.407254024598,-349.69921667781745,5478.962014855706,350.4277720766456,27.225192914490627,100.0,-3097.557720727449,0.0,31.125582532290053,-2824.3906020355544,52.36916994737433,104.73833989474866,-377.9054585866434
2025-10-08,89.93511855398393,93.04029109311296,136.59,32.22090262672148,-533.8007474428678,0.0,7.989958868353675,-718.577898066843,13.08534022312814,26.17068044625628,158.60647017771896,4196.443403289439,3495.9992670590427,350.2220681151979,3635.2729399736527,-646.002382038806,4997.28728327815,358.005980632846,28.39822611730639,100.0,-2555.3263130059117,0.0,24.67456967419913,-2219.1103489176353,40.611339709261244,81.22267941852249,-417.43864350679894
2025-10-09,93.97588964859725,97.94110217231456,134.09,34.716257428401995,173.79579068829682,0.0,0.0,0.0,14.084931364909316,28.169862729818632,145.6259279584782,4494.680555555558,3755.7916666666697,369.4444444444444,3860.8833279021133,83.01745708466873,4522.010711441329,372.0724203119418,20.885595731524198,100.0,-868.0815196556513,0.0,7.598048313820373,-714.0333498842937,40.57157196151618,81.14314392303235,-235.19131369438998
2025-10-10,89.0483925802918,87.96530328241664,140.99,48.54902959509815,332.69821081973913,0.0,0.0,0.0,38.4870088582021,76.9740177164042,255.72419310333493,1598.5988250965383,1040.6546888661426,278.9720681151979,1226.4489553042483,479.75802883904225,1336.8456247868708,295.07734916083234,39.09482683397615,100.0,-126.59279736676805,2.8230607589664705,0.0,251.3890227424628,79.27451728528061,158.54903457056122,-536.5308546797921
2025-10-11,94.60988348048129,97.55246192020002,144.12,55.75238674321233,2241.866904260358,17.535379684969627,0.0,1659.020228780975,27.827167548441487,55.654335096882974,527.1923403824997,3780.937155590693,3253.159377812915,263.88888888888886,3805.828456481995,2578.460496134501,1856.2344019130946,314.43322078280005,62.375017931926,100.0,3343.711258322409,33.65950283146553,0.0,3184.521640895884,49.91206506837012,99.82413013674024,59.36548728978458
2025-10-12,99.03254757809172,117.45813220451022,154.0,75.54429396929443,5302.000697586451,40.609738953356505,0.0,4021.6859050321627,40.18167384963361,80.36334769926722,1199.9514448550208,2862.8525212704844,2282.296965714929,290.2777777777777,3520.5052868982625,5233.055115164314,-1105.9325783253526,303.3086249703495,71.35052088998086,100.0,6095.601507034673,51.986339546321574,0.0,5148.339644531922,53.1895550787274,106.3791101574548,840.882752345296
2025-10-13,137.86823827809994,140.38675235400135,487.0,60.0524719574526,3637.8671836308404,10.425811679539152,0.0,1437.388288877301,21.1908547642376,42.3817095284752,2158.097185225064,16783.359783194486,16130.415646964091,326.4720681151979,17619.073464703913,3662.870937704901,14609.146663229409,326.4720681151979,51.68946445150109,100.0,4959.101998161733,26.08845242885097,0.0,3596.768975767701,35.2872314386182,70.5744628772364,1291.7585595167957
2025-10-14,106.3730700598308,99.40980496577002,300.0,33.818399109898564,1989.6911076423153,13.722578837223635,0.0,1459.7128400535412,14.44981108030371,28.89962216060742,501.07864542816674,7015.698966630971,6267.754830400575,373.9720681151979,6803.36616615319,2280.305490630796,5266.746865971799,371.8430952247028,39.20675509928544,100.0,4387.087256272297,45.142412584013044,0.0,4801.937016469007,42.727661452414196,85.45532290482839,-500.3050831015385
2025-10-15,103.29818097322983,96.31000380692673,264.0,47.2677457576458,947.9541604707806,4.025176198009252,0.0,415.79337935109686,14.365051452510086,28.73010290502017,503.43067821466354,5616.017607853693,4915.573471623297,350.2220681151979,5251.355370546101,1068.5243373966211,4883.2751693798755,350.2220681151979,46.54790276873821,100.0,1993.9900153271165,19.35957321921754,0.0,1999.8086979632271,30.390811370957884,60.78162274191577,-66.60030537802645
2025-10-16,90.12316253252607,82.70669527563224,147.0,18.61052865090126,256.1011607323223,1.4085175805754762,0.0,126.94005884412402,5.896789097108721,11.793578194217442,117.36752369398081,3825.172935777531,3086.2840468886425,369.44444444444434,3150.151793481766,256.10116073232274,3633.8388262243107,369.8940967374335,18.61052865090128,100.0,1927.0740157560522,28.43995227548389,0.0,2563.098441340719,31.685231557477238,63.370463114954475,-699.3948886996213
2025-10-17,91.90295593114966,94.99627061335353,134.5,48.40989352655747,3222.351940073398,28.276561934673936,0.0,2598.6996253667626,33.63054376854609,67.26108753709218,556.3912271695431,3882.4194653297964,3080.197243107574,401.1111111111111,3706.7422977355964,3182.621323727269,1361.013175021027,418.44610050635004,47.906873706237555,100.0,5523.6655792979,65.0578430934759,0.0,5979.008086795365,69.47039400137601,138.94078800275202,-594.2832955002168
2025-10-18,85.80754336352261,88.78610329546301,118.9,52.789160626603305,1864.4864681615893,17.497393842115954,0.0,1501.4083808559983,38.60618070793326,77.21236141586652,285.86572588972444,2099.0972222222226,1571.3194444444448,263.8888888888889,1893.151571104183,2416.4399450700957,87.14961657264053,305.21899526927655,45.20318565269687,100.0,1998.888249206413,27.795930609593412,0.0,2385.1005211121524,73.13278000574519,146.26556001149038,-532.4778319172297
2025-10-19,65.53967604473013,66.55791653712073,108.62,42.815460118663864,-1651.7076337834546,0.0,43.75326886064824,-2867.5750670248644,48.61474317849806,97.22948635699612,1118.6379468844136,4424.847145168715,3633.180478502048,395.83333333333326,4389.909866747738,-658.1188510446111,5786.917606681238,369.44444444444446,25.438488593530185,74.26793557718642,-5703.089610239329,0.0,75.8946638440411,-4974.111681862147,84.32740427115677,168.65480854231353,-897.6327369194958
2025-10-20,77.99807763577505,76.25004997120594,122.95,37.9353380567166,-243.6311679246628,0.0,7.469666801956287,-582.6196511323581,16.308901889895953,32.617803779791906,306.3706794279033,3463.7261111710513,3000.7819749406553,231.4720681151979,3235.0668128877423,-370.04308842390816,4078.0680548431965,236.4790767657729,32.768055771611905,100.0,-557.8372479275824,0.0,5.111895014573469,-398.71798421263287,42.99131818863124,85.98263637726248,-245.10190009221205
2025-10-21,81.20684643752287,79.40581193643291,126.5,60.93338675238602,291.8140823034637,0.0,4.1861486220336985,-339.94392831413853,28.712939980537094,57.42587996107419,574.3321306565281,3695.0250000000015,3030.0250000000015,332.5,3442.9573776758934,187.27620153863916,3936.356522493477,340.33767317811123,50.07740207382347,100.0,299.94772842159267,2.428211501746172,0.0,197.18739854012819,47.12185143625347,94.24370287250694,8.516627008957542
2025-10-22,112.8240867833578,101.37519371177075,315.1,46.293366001269206,1217.462912253207,0.0,2.2404931935220738,-252.7815985034569,24.350136486977444,48.70027297395489,1421.544237782709,13795.66716548537,13056.778276596482,369.4444444444444,13618.258544980517,2899.0777013146308,11502.55761847044,391.6883874022768,57.84337025105219,100.0,3720.9949412917704,28.441734060546963,0.0,3208.912671916334,52.59962407207513,105.19924814415026,406.88302123128597
2025-10-23,71.94963322161615,73.8324563779572,115.0,68.94154508386545,-1956.089381854599,0.0,36.02502514180649,-2591.9873457524773,40.899626632205155,81.79925326441031,554.098710633468,5211.430555555558,4472.54166666667,369.4444444444444,4924.114291074113,-2029.0527451042747,7710.6564168702225,378.74469034591743,70.35749188634415,100.0,-3698.661644353499,0.0,50.66160957958599,-3645.0842276679273,59.325079793978944,118.65015958795789,-172.22757627352962
2025-10-24,44.203162853075995,36.05311193958756,100.28,55.018859006177955,-158.09678446914617,0.0,38.7933482812342,-1714.788691691491,43.712611891538735,87.42522378307747,1469.2666834392674,15369.117058623679,14348.228786162887,510.44413623039577,14880.101036216322,-51.574283532712926,15969.523225246758,518.9239527488621,39.1733189959087,100.0,-3201.5571915104383,0.0,69.87014536721675,-3088.481414235175,79.4502333947535,158.900466789507,-271.9762440647701
2025-10-25,24.59226867306272,24.958823843499584,108.3,73.22043484156143,64.00535667693804,0.0,55.21633927995309,-1357.8950507155928,61.627209927720045,123.25441985544009,1298.6459875370908,7347.29137588978,6666.458042556447,340.41666666666663,7068.1706992612435,270.57176551865973,7398.98761656111,300.6943414092632,43.56245157736017,100.0,-1600.0300224730784,0.0,74.88874767871964,-1841.6842035042755,84.16668114724055,168.3333622944811,73.32081873671603
2025-10-26,31.24222300838231,28.813596043358597,111.5,64.5364307364737,413.8728248039757,0.0,43.808640497170884,-1368.6793161066612,56.31608926343527,112.63217852687055,1669.9199623837662,9789.441922158065,8888.442230372113,450.4998458929757,9603.548837670778,401.6026519114365,10120.047573909647,459.0506940751526,38.000493661759506,100.0,-1900.2289690872674,0.0,63.52389673923006,-1984.6277482884755,87.26247891426605,174.5249578285321,-90.12617862732404
2025-10-27,61.547449336431356,56.43853562021169,129.53,57.29102806563522,2454.954277713054,0.0,0.0,0.0,46.09218295771757,92.18436591543514,2362.769911797619,11591.373710000054,10857.762598888943,366.80555555555554,11599.725269007911,2278.31351784438,10076.12667115006,377.35745999326355,50.23779704414923,100.0,1165.2906492012098,0.0,0.22675131308860352,-13.95596495429011,80.45270701882372,160.90541403764743,1018.3412001178524
2025-10-28,52.12937976839581,50.99905969011093,125.26143070550546,33.343462610331066,-257.306723078179,0.0,9.944613491390989,-518.4065333426335,14.357535448946289,28.715070897892577,232.38473936656186,10325.10157468677,9397.71299401193,463.69429033742006,9648.097774311342,-395.3432477789668,10987.871615498787,472.21529670423945,31.512242929514144,100.0,-1900.1090946028296,0.0,20.956446803443164,-1092.446574012873,43.059521492221336,86.11904298444267,-893.7815635743992
2025-10-29,73.42954134569885,63.60083113320729,125.0,54.98633718190678,2848.563205168101,28.214055210971594,0.0,2071.745133643869,39.036955429740104,78.07391085948021,698.7441606647517,6139.800555513636,5610.522469521809,264.63904299591326,5823.816162450248,1691.0028430709715,4660.466127651265,263.82640413599444,27.909454186868032,100.0,4274.424965803972,58.95257079287542,0.0,4328.860234470684,70.99391854488749,141.98783708977498,-196.42310575648753
2025-10-30,73.16063632945996,78.4679689788658,107.2,18.598986085989498,-574.0436260714,0.0,13.556334115727843,-991.7900302014159,15.430599839180488,30.861199678360975,386.8852044516549,4305.287177774149,3794.8430415437533,255.2220681151979,3865.0843938332287,-348.5078586895103,4741.370030300517,263.8888888888889,7.454540612953453,100.0,-6855.916119615464,0.0,74.07266262927881,-5419.203132575447,82.9647367218811,165.9294734437622,-1602.642460483779
2025-10-31,63.35911772365475,52.240708615652956,104.85,36.465209896539164,-755.363001862818,0.0,23.223479316023347,-1471.4191599367844,25.8038659066926,51.6077318133852,664.4484262605812,8286.073335886027,7645.185063425235,320.44413623039577,8074.251623766335,-695.516932917055,9451.61200042203,340.92172186932004,24.933525024777147,100.0,-4178.054743074489,0.0,54.72485672194386,-3467.3186394557797,70.76297100689823,141.52594201379645,-852.2620456325059
2025-11-01,45.90825396094924,53.40493784566402,106.5,59.590976320059156,301.2011480629402,0.0,41.25984061241616,-1894.1672412230885,47.290041203764844,94.58008240752969,2100.788306878499,8026.332667224946,7201.499025677564,412.41682077369103,8373.376597879704,635.5717866709671,8523.810848691797,393.00301874153024,45.51850634460688,100.0,-2301.5357957191727,0.0,70.12075314568773,-3219.1213433452626,79.35772179628874,158.7154435925775,758.8701040335125
2025-11-02,75.89090780883124,81.13278483810554,110.0,68.3805927257684,4224.9492383327215,43.551673018739756,0.0,3305.176001985542,50.04370625838776,100.08741251677552,819.6858238304039,3134.148608840089,2604.870522848262,264.63904299591326,3407.7023011315355,4215.970377095846,-218.73348610638027,294.76729492896516,61.026429966231845,100.0,3310.8113514782913,39.60078036715361,0.0,3005.339172001429,73.18407791386312,146.36815582772624,159.10402364913625
2025-11-03,49.408019611337075,42.60366742862787,110.0,54.928608148290294,-962.2144357680143,0.0,49.24733210515828,-2433.21315045769,54.71925789462031,109.43851578924063,1361.5601989004351,7121.330374377678,6217.330066163629,452.0001541070244,7052.492370382838,-408.3069190867999,8285.861483514618,412.53109702249014,34.80743777886028,84.65003224812051,-3870.9358714165965,0.0,75.8946638440411,-3749.8050396022177,84.3274042711568,168.6548085423136,-289.7856403566924
2025-11-04,71.25648611115534,65.97295458602868,144.0,68.44596211074867,2899.138722169598,0.0,2.017715730479445,-143.77533292516821,69.90744143894754,139.8148828778951,2903.0991722168715,8399.46770789964,7818.912152344084,290.27777777777777,8744.184756109082,3346.2795057959947,6013.904942099038,307.99984589297566,46.234545651165924,100.0,2945.9901324538378,8.030326797755295,0.0,572.2128699322888,102.13523089329088,204.27046178658176,2169.5068007349673
2025-11-05,80.10376968156646,85.05960221223293,160.0,21.463854458363897,131.0438488964995,0.0,0.560181708772878,-44.87266657936895,12.67246167347861,25.34492334695722,150.57159212891122,3685.7803684972096,3304.2800602831608,190.75015410702434,3549.709357346136,208.9784220597107,3748.4217197461494,203.84539222986194,19.370214721569067,100.0,-1672.989591529482,0.0,1.725305363888621,-138.20346349930531,59.040941122951395,118.08188224590279,-1652.8680102760793
2025-11-06,90.20796185650357,85.01520126357319,139.9,33.464839202163354,1145.8096147729007,9.5270981832606,0.0,859.4201095187367,16.397335374013412,32.794670748026824,253.5948345061371,3206.74686777607,2520.6357566649585,343.05555555555554,2684.0500329414954,1572.3332585104745,1817.4664679330238,352.8748467510012,31.907898808679626,100.0,2820.0579693007985,37.794589479933414,0.0,3409.3728861880445,48.99869763292748,97.99739526585496,-687.312312153101
2025-11-07,86.21757166470654,79.45483704467574,125.0,52.83425941948414,-41.65233338394705,0.0,4.203766012510515,-362.438497445283,19.8401548027492,39.6803096054984,281.1058544558376,2703.872389103417,2228.872389103417,237.49999999999997,2372.0475061611096,153.98513396472356,2710.6593367806026,246.2984822921082,44.880337931052495,100.0,204.6547526357037,2.937359702331759,0.0,253.2520206408095,37.55168525260444,75.10337050520889,-123.70063851031469
2025-11-08,79.81784763170654,71.75886943499519,117.9,58.940660232865305,-1560.8929849127853,0.0,22.176339634413974,-1770.0676979686293,24.640377371571088,49.280754743142175,159.8939583127019,2218.9853405759904,1849.540896131546,184.72222222222223,1966.4162016499454,-1592.4215834126276,3928.2822295070173,184.72222222222217,59.841052643164936,100.0,-2685.355019236433,0.0,32.210838809757185,-2570.9998242066586,41.80539762232188,83.61079524464375,-197.96599027441798
2025-11-09,80.00141119304877,81.64067985609022,111.89,56.7726542729907,2763.1257578511822,25.80024781892264,0.0,2064.0562346441898,46.17049367316851,92.34098734633702,606.7285358606555,1671.7067105465876,1249.4844883243654,211.1111111111111,1716.1504479112002,2672.914710388319,-493.82012624672257,231.47206811519789,47.045112424848746,100.0,4693.806512120162,59.04198057938167,0.0,4723.441765983112,81.32523353788986,162.65046707577972,-192.2857209387305
2025-11-10,73.80793198551488,73.20987559046681,110.6,72.86098458537187,-860.3440806513745,0.0,18.239890245099907,-1346.2485786335903,31.136775307686243,62.273550615372486,423.6309473668433,2481.2106519936597,2065.766515763264,207.72206811519783,2281.5151457384654,-503.0896150877131,3219.672546544642,217.53389285923197,59.46292300937943,100.0,-1305.658961618146,0.0,20.79271704564848,-1534.667445499279,42.73449704924452,85.46899409848903,143.53948978264407
2025-11-11,72.62681668222054,73.33250490556533,106.9,42.05281242901538,1743.1754756134083,16.714211229482547,0.0,1213.8999549515408,24.367211334046313,48.73442266809263,480.5410979937749,2681.1731170561943,2100.6175615006387,290.2777777777777,2533.0063008461184,1796.5555785182523,1350.1501508655883,306.8497142688612,40.05711459502397,100.0,3360.9894707693156,48.28105085201657,0.0,3506.499029454375,57.94430842212482,115.88861684424964,-261.398175529309
2025-11-12,57.067379902699145,43.9063519345162,101.25,62.45825623063477,1451.2739225321488,0.0,7.8857656690798965,-450.01998526104495,42.45970646240903,84.91941292481806,1816.3744948683757,8776.804131565268,8060.526662001539,358.1387347818645,8877.950309540412,1024.5293420754567,8572.93239192035,359.7557122276976,72.7160535335654,100.0,502.71191880174274,0.0,20.335808447580547,-1160.5113063065976,67.98093482728905,135.9618696545781,1527.2613554537622
2025-11-13,59.91790045267204,59.99594735347598,104.25,62.34593744065335,-1172.1865073690406,0.0,42.256719493615115,-2531.933912074917,54.14333222207929,108.28666444415857,1251.4607402617178,6497.127768630542,6076.405854622369,210.36095700408677,6297.257079323,-599.5520767092682,7343.186943702712,223.1888938352217,25.997145370150353,100.0,-3910.015996125656,0.0,70.69129818170353,-4235.674167321468,86.84340062031777,173.68680124063553,151.9713699551769
2025-11-14,74.66604820197433,75.22425966057752,103.5,51.87850128453795,555.2292216354269,0.2471888930931131,0.0,18.456617806683063,26.578624032969635,53.15724806593927,483.6153557628046,3847.376146433713,3229.876146433713,308.75,3459.620093682957,984.1744872155748,3105.1521345917618,314.85326406218996,35.99791134594666,100.0,877.0837807881185,10.014072214948351,0.0,747.7111986993855,51.2324438348631,102.4648876697262,26.907694419006802
2025-11-15,75.90858626005685,84.92326538601256,123.43,38.33615163706611,208.5195047976705,0.0,0.0,0.0,9.291539593970406,18.58307918794081,189.93642560972967,2733.353791476271,2365.4096552458755,183.97206811519786,2462.156646768694,221.3278493259945,2617.0808715711737,188.1260370642372,37.04001826664758,100.0,-808.6927967439752,0.0,8.554628026208606,-649.3697194501558,24.237017011865834,48.47403402373167,-207.7971113175511
2025-11-16,86.75104537835733,91.07727673050955,123.5,32.11127007153438,-729.8495313544166,0.0,10.132031439921915,-878.9643192196093,11.257812711024352,22.515625422048704,126.59916244314388,2876.4476628463,2295.892107290744,290.2777777777777,2406.7764605861894,-620.3121041292446,3607.6441202709893,290.2777777777777,27.887034736346518,100.0,-3190.951378209882,0.0,31.55288288924964,-2737.24557534329,35.05875876583296,70.11751753166592,-523.8233203982579
2025-11-17,90.43978018961171,81.76230444000556,164.45,53.73972495836691,-568.8964587029046,0.0,9.85834278721966,-891.5863547099901,13.295161013298374,26.59032202659675,296.0995739804888,4585.231194409003,3916.4537248452743,334.38873478186446,4082.9897921497313,-400.40113760941756,5152.9203508021465,334.76471052149884,46.54013868116238,100.0,-1166.9730968719282,0.0,14.52151503438478,-1313.3226277299013,24.73991265046177,49.47982530092354,96.86970555704961
2025-11-18,85.40014528835353,81.85985961742755,130.0,26.184750190488927,16.232628636711155,0.0,3.088804621771462,-263.78436346662073,11.712513173406109,23.425026346812217,256.5919657565197,2262.35232819056,1751.9081919601642,255.22206811519786,1992.4788746635822,130.19122239085482,2384.642114019982,261.1772308736272,21.960916597658198,100.0,-2195.1261559111936,0.0,18.192799309447693,-1553.6677042286908,44.73028418525998,89.46056837051997,-730.9190200530227
2025-11-19,89.65876209401065,91.20308760150476,117.0,21.77470185769492,-1891.5229096863281,0.0,26.394483304390373,-2366.4966991826727,29.327203671544865,58.65440734308973,416.31938215325476,1597.8975513216174,1070.1197735438395,263.8888888888889,1452.8109038383216,-1766.6630903276227,3785.671235236318,283.0986205351868,20.30319017355814,62.610950126805,-7848.866512843591,0.0,75.8946638440411,-6804.621609797794,84.32740427115678,168.65480854231356,-1212.899711588111
2025-11-20,110.35685804307953,101.6895273644224,159.53,47.73393921236063,703.7896373822164,0.0,0.4606673131869795,-50.837797286462354,27.69041580231375,55.3808316046275,699.2466030640512,6200.585522867885,5530.307745090107,335.1388888888889,5806.9140945116915,824.9437367589709,5671.698064734494,344.86385349088687,24.0005081332617,100.0,-355.8489254407473,0.0,6.234352320091013,-688.0035339788274,58.00991131095115,116.0198226219023,216.13478591617778
2025-11-21,116.56391045506953,98.5971916349622,247.3104,34.350240992097206,-128.74936009314115,0.0,5.541066657403538,-645.8883976791574,10.763187694065252,21.526375388130504,495.6126621978857,9280.23983924064,8496.851566779847,391.69413623039577,8688.78862224855,186.3694360255064,9295.650277256063,396.6155455165099,27.084331070891942,100.0,710.1561367648931,5.924686689104079,0.0,690.6046487030702,31.33365991971203,62.66731983942406,-43.11583177760121
2025-11-22,78.97988034861609,83.75235900076278,117.4,38.76062599901,1849.8674170362885,19.398021254762284,0.0,1532.053397701037,18.808685832226526,37.61737166445305,280.1966476707985,1003.8856098171409,683.4414735867451,160.22206811519789,1003.3594237991028,1634.2556879024546,-286.8869110609776,172.00467652118706,34.15025607523417,100.0,3549.897573387338,48.41473928304667,0.0,3823.7903156844695,48.52523752507744,97.05047505015489,-370.94321734728635
2025-11-23,73.75434598375843,75.54505718247442,112.89,28.36004411536669,1720.770465377192,13.23491869371834,0.0,976.1327724034146,26.942519773535633,53.885039547071266,690.7526534267062,4727.787296152212,4000.954271032927,363.41651255964234,4257.8178519575295,2067.4647681369643,2932.950112588216,371.2985143838255,28.88254901895565,100.0,1897.0368499921435,40.14730290275745,0.0,2961.038068604722,95.00168499010556,190.00336998021112,-1254.0045885927896
2025-11-24,87.0666617737298,75.45099783315614,129.0,55.41530259707797,-3133.4876797940005,0.0,45.67215728747837,-3976.5222710254684,50.74684143053151,101.49368286106302,741.5409083704048,2745.276850904924,2139.832714674528,302.7220681151979,2956.117766180282,-2761.875559861609,6351.326659375224,316.66666666666663,49.70423966074554,92.33797642405452,-6997.465182630268,0.0,75.8946638440411,-6607.895027340047,84.5589652677406,169.1179305354812,-558.6880858257023
2025-11-25,99.38973449777028,97.5805819566743,203.37,64.97426421131287,-192.2877355329419,0.0,6.648445397684144,-660.7872228987497,14.214370200699317,28.428740401398635,440.0707469644092,8001.063000623428,7395.618864393032,302.7220681151979,7554.365886899743,-20.551463270669345,8215.140510359523,320.1115800945552,62.40156129707483,100.0,-174.09364378605386,0.0,4.479723706509819,-445.2385498133783,21.876923691618217,43.75384738323643,227.39105864408802
2025-11-26,88.49001637424804,82.72817870269317,135.0,70.94970855813848,-1482.7017396308993,0.0,36.54087864809594,-3233.5029498994204,59.85482334492046,119.70964668984092,1631.0915635786803,4458.158770307649,3719.2698814187606,369.4444444444444,4887.373032178273,-1343.7684423159967,6970.030363383159,369.44444444444446,67.96058994892174,100.0,-3299.7859362392837,0.0,49.299978866488985,-4362.555937145693,84.36232447082358,168.72464894164716,894.0453519647621
2025-11-27,67.25448447408762,62.283201507960314,106.75,41.87211254144998,-657.7752260526534,0.0,16.562000130950576,-1113.8687806668527,18.49760969788047,36.99521939576094,419.09833521843836,3843.8333333333358,3052.1666666666692,395.83333333333326,3351.770124817765,-330.91815668399727,4474.354948168429,395.83333333333326,25.32066289170938,100.0,-2672.650148546076,0.0,39.14764344836814,-2632.854578495393,44.17644244619694,88.35288489239387,-128.14845494307662
2025-11-28,77.92325214136255,81.55190558818519,108.0,36.37615557354279,-711.4717312261429,0.0,12.42739809008919,-968.3832748351074,16.75740062184771,33.51480124369542,223.39674236526912,2936.8950229531893,2372.172800730967,282.3611111111111,2467.151031853389,-115.17040372925855,3150.3262370028024,284.0024007100774,15.283480485899048,100.0,-3172.5780150077985,0.0,35.81625807977365,-2790.9193091103157,46.06699184571268,92.13398369142536,-473.79268958890816
2025-11-29,67.37423908016338,47.34378892717786,102.8,70.56792970263415,-2493.4001619513056,0.0,55.37691717429796,-3730.977657223556,62.70772376737456,125.41544753474912,1112.1620477375013,3021.8555768668884,2451.8555768668884,285.00000000000006,3551.7874485749558,-2051.0201254138865,6289.739838194086,343.4661321026217,60.65163532484077,100.0,-4367.96104481896,0.0,74.75907727508564,-5036.835945744029,88.86150413030157,177.72300826060314,491.15189266446646
2025-11-30,68.53131232099147,66.27433789697234,125.0,59.48957582968504,-312.75550239559266,0.0,24.41355065481357,-1673.0926647893746,42.997754952995734,85.99550990599147,1274.3416524877905,4874.603364397702,4364.159228167306,255.22206811519786,5361.119274215374,-307.8960265625973,6230.261399887964,280.62304955499604,52.488379831795164,100.0,-2016.9292286545149,0.0,34.80067754449234,-2384.936101783719,72.27779716583562,144.55559433167124,223.45127879753298
2025-12-01,74.33194826790807,82.83001376848647,117.5,45.08984312984236,2854.386354476039,29.510517287269604,0.0,2193.574244356531,34.00975990110289,68.01951980220578,592.7925903173023,2801.715690438715,2386.271554208319,207.72206811519789,2898.6922211967058,2658.3848171646396,676.6370000699153,218.1647980189246,42.098783017367545,100.0,3518.3940444557757,47.944223214778184,0.0,3563.7875197459293,75.42665385454356,150.85330770908712,-196.2467829992408
2025-12-02,86.80215989004785,82.61331416535808,122.77,24.40229279619235,2009.0234859556037,19.953816210884952,0.0,1732.0343451538643,17.962994546171004,35.92598909234201,241.06315170939752,5139.929780559021,4559.374225003466,290.27777777777777,4683.348834989127,1265.437983096343,4048.4893646506116,315.2892563789137,17.88603193976751,100.0,5985.3841403895185,81.58029904131064,0.0,7081.346161261763,73.61191301242762,147.22382602485524,-1243.1858468970997
2025-12-03,91.26473639906263,81.05815023093658,115.59,12.385380475566809,1205.0349061446163,12.219983808453147,0.0,1115.2536010792899,10.997985427607832,21.995970855215663,67.7853342101107,3537.2803842129506,2851.1692731018393,343.05555555555554,2880.1574746696097,610.7824746696095,2981.875,356.25,7.038437037566537,85.4687700725703,6240.500928722584,84.32740427115678,0.0,7696.118322024311,75.89466384404109,151.78932768808218,-1607.4067209898094
2025-12-04,79.72431218980654,82.17760629587029,110.99963998559944,66.90207868837264,1697.7829386913024,17.57747463725206,0.0,1401.3520754886897,30.462725348498015,60.92545069699603,235.50541250561673,978.6277700925866,598.6277700925866,190.00000000000003,876.7974750621295,1845.4446667236946,-560.791917689533,203.92763698601607,58.72754132476157,100.0,2624.341572055334,32.474895225496326,0.0,2589.038685288727,45.5333017235417,91.0666034470834,-55.76371668047628
2025-12-05,76.40682790025657,73.04002540692488,102.32,33.40370707576004,-1847.0175618891644,0.0,28.323768593799684,-2164.1293124331446,31.47085399311078,62.94170798622156,254.17004255775873,2449.6111111111104,2027.3888888888882,211.11111111111111,2202.514902780778,-1320.2618341385405,3892.2211813637628,184.72222222222223,24.569772485994,100.0,-5963.181369663561,0.0,68.2414610025669,-5214.113566485199,94.21365695051297,188.42731390102594,-937.4951170793878
2025-12-06,73.00843158717436,61.279113206776636,105.0,21.458320381909544,167.65316923669818,0.0,0.0,0.0,7.268072992779964,14.536145985559928,153.11702325113825,1681.6915701670223,1218.7474339366265,231.47206811519786,1352.0089413362289,247.0787264329621,1568.7575446257579,231.91366486124554,17.634581493698022,100.0,175.85945251187155,6.724420997070483,0.0,490.93943032797915,33.87065186568525,67.7413037313705,-382.82128154747807
2025-12-07,69.26152920609664,76.80184009557927,115.5,65.59529705790746,1708.7493484929198,11.522660134981583,0.0,798.0770614709523,47.727028104783656,95.45405620956731,815.2182308124001,5268.029805946095,4627.141533485303,320.44413623039577,5043.668638463905,141.60287111838824,5559.680825223701,328.80752893909175,39.88461621351559,100.0,657.3888532179585,7.970982767835677,0.0,552.0824557757438,72.75983225237971,145.51966450475942,-40.21326706254473
2025-12-08,68.47743948628363,75.11196917479624,114.0,54.77771234019638,2232.233369341081,23.759171336149887,0.0,1626.9672174154484,28.45591838529637,56.91183677059274,548.3543151550398,5238.967771165753,4658.412215610198,290.27777777777777,4981.192194231053,2211.650800020122,3373.899630123058,302.1791179560638,49.360017368384476,100.0,3262.5847411947047,46.97888922795136,0.0,3216.9940442398615,51.94798608706256,103.89597217412512,-58.305275219281896
2025-12-09,70.17338521771339,63.23324909800308,98.3,32.94830401804442,-360.2947881616411,0.0,17.868455392458948,-1253.8900035005497,19.853839324954386,39.70767864990877,853.8875366889998,6617.725139870812,5924.059089632243,346.8330251192846,6299.016854565663,-164.49663179961635,7157.17953660385,346.8330251192846,21.743613139292826,100.0,-3237.9009102110467,0.0,41.07418841759362,-2882.3148463327384,60.25754562080424,120.51509124160847,-476.1011551199168
2025-12-10,57.86476893583574,57.47937944265783,103.45,48.334734738316676,-589.0096044788249,0.0,22.937400920883345,-1327.2674042755407,27.21069001616665,54.4213800323333,683.8364197643824,7053.0791724436785,6261.412505777012,395.8333333333333,6719.878385168222,-640.0083543005233,8151.553406135412,395.8333333333333,37.211893484322204,100.0,-2800.0712345443076,0.0,47.21135479229806,-2731.8741362040887,56.29634705452466,112.59269410904932,-180.7897924492682
2025-12-11,69.81474265572518,70.84167076751163,106.9,49.77098785630423,-1209.0752797633975,0.0,29.298127715205304,-2045.4412467316279,41.94562677194615,83.8912535438923,752.474713424338,3044.761069541996,2622.538847319774,211.1111111111111,2851.0663547240065,3.7349211983892303,3294.057189514041,223.36287799421183,16.251370807158594,100.0,-4083.8103164425734,0.0,55.617902369156006,-3882.9495409538745,84.27726388121734,168.55452776243467,-369.41530325113354
2025-12-12,82.27565996380791,79.64116172216363,108.99,19.926377298896536,1698.5463083615168,18.493942092072473,0.0,1521.6012909577091,16.644547882865226,33.28909576573045,143.6559216380772,2744.864365809015,2111.531032475682,316.66666666666663,2270.184390850828,2765.1585857621094,210.76648082048087,352.8703378658811,34.32502494979715,90.8589237371915,6008.668122986949,84.32740427115678,0.0,6938.092839444258,75.89466384404109,151.78932768808218,-1081.2140441453912
2025-12-13,75.81971754098309,72.82847011861709,94.85,34.52212955013262,201.3963249391987,0.0,0.0,0.0,9.392008357247342,18.784016714494683,182.612308224704,2507.477941455354,1902.0338052249583,302.7220681151979,2001.0964049580148,338.3877240848291,2278.4219733518867,307.85664623935054,27.389830550612302,100.0,-629.4866332104338,0.0,7.750035729636079,-587.6055199535343,27.20576186821957,54.41152373643914,-96.29263699333856
2025-12-14,54.039290563946984,62.26837083809928,96.0,28.39873391376042,203.2095434227408,0.0,0.0,0.0,9.859872275834373,19.719744551668747,183.48979887107205,5637.479874076779,4958.1468489574945,339.66651255964223,5059.964627606356,284.5072945077088,5466.666184090648,345.6044254960009,18.74531788707241,100.0,-1688.2179866082743,0.0,20.047031092599603,-1083.3273381574695,34.71940793479121,69.43881586958241,-674.3294643203872
2025-12-15,81.48717877408104,82.31267658538748,149.95,38.08359246192331,6579.083082339358,60.77171840373794,0.0,4952.115881973505,54.69454656336414,109.38909312672828,1517.5781072391255,3274.0259193690817,2799.0259193690817,237.49999999999994,3968.174844926829,5842.507110324565,-1369.3583082334671,252.48697858213418,33.408020012690585,52.84514873018722,5425.915673568262,84.32740427115678,0.0,6871.602267397958,75.8946638440411,151.7893276880822,-1597.4759215177783
2025-12-16,88.86273208162564,87.66438143348785,133.0,24.775806823284086,2128.2274565996177,18.37003369515964,0.0,1632.4113825834065,17.30994768302236,34.61989536604472,461.19617865016653,2210.9166666666715,1577.5833333333383,316.66666666666663,2054.700071324205,3262.3426065794206,-513.35627251421,347.1431313705027,41.21529564678599,100.0,6110.561003712849,76.29525091409054,0.0,6779.804441079232,69.86633293715636,139.73266587431272,-808.9761032406955
2025-12-17,78.15293180581838,75.02467908068003,104.75,77.6359059872658,599.9054669838482,0.0,0.9407279879400927,-73.5206502893068,36.615320723373685,73.23064144674737,600.1954758264076,1790.8372525566374,1280.3931163262419,255.22206811519783,1759.784706318284,420.24927069697515,1855.303752703318,257.8841585410046,64.3926064890529,100.0,482.68097213501676,0.0,0.14308886828185616,-11.182814565003634,47.1628691103051,94.3257382206102,399.5380484794102
2025-12-18,63.81318826583011,55.37018119192225,93.95,45.34774875095483,1409.3477381254527,13.251832720609272,0.0,845.6416962675271,24.186345828517716,48.37269165703543,515.3333502008902,7397.411259945069,6732.411259945069,332.5,6924.671074302154,1302.1887397231471,6294.141132167523,335.8293987942577,30.13311440658162,100.0,2658.74722256311,40.92867582994955,0.0,2611.7892962077008,53.33527351345848,106.67054702691696,-59.712620671507764
2025-12-19,64.17921153277013,63.429513521097874,101.0,17.58915421703945,334.4411333446505,0.0,0.0,0.0,9.694160882779396,19.388321765558793,315.0528115790917,7198.851284154449,6618.295728598893,290.27777777777777,6708.630729893611,116.70568431931905,7182.496488985005,295.2857217053565,14.239337343435288,100.0,-1949.089276552611,0.0,9.82071214858028,-630.2855623861792,55.11442314485023,110.22884628970046,-1429.0325604561322
2025-12-20,88.47246277662522,92.84234668711026,116.0,74.3648287041789,4199.157365245983,37.72227815280191,0.0,3337.38284972327,53.22607327326417,106.45214654652834,755.3223689761849,2255.1556191038762,1614.2673466430847,320.44413623039577,2410.094188388505,4694.371074486879,-1607.2284545546345,338.52421577186965,73.21084645876998,100.0,5398.162340814919,54.02913282213291,0.0,4780.090442459494,71.57425654134956,143.1485130826991,474.92338527272614
2025-12-21,79.23964063670626,83.46523505800339,99.9228342467976,30.747339596436994,-1030.917559273856,0.0,14.627727711657206,-1159.0958872033066,19.59364429320759,39.18728858641518,88.99103934303525,206.3055555555561,100.75000000000058,52.777777777777764,257.6298924776482,-1159.4987860523358,1580.5714225397137,81.72137200486483,28.393990199050734,100.0,-4577.15213622298,0.0,49.19930210205238,-3898.5350181433773,63.72468171352979,127.44936342705958,-806.0664815066618
2025-12-22,72.110359842447,67.62365444773583,104.99170439687975,36.25473934328631,408.3467459599344,3.625148380868639,0.0,261.41075422670167,9.682447851623365,19.36489570324673,127.57109602998605,4221.688036838842,3704.46581461662,258.6111111111111,3805.922530223284,157.81255431896756,4172.827424391575,262.35872424362907,21.858377113528093,100.0,919.5518254226486,17.892000830330456,0.0,1290.1986181764896,26.706709321346615,53.41341864269323,-424.06021139653427
2025-12-23,76.84336815337848,72.5912701933457,97.0,70.02530192061384,-1687.5137193119244,0.0,24.961679718625497,-1918.13954434506,32.170571394051606,64.34114278810321,166.28468224503217,1605.0183448099306,1142.0742085795348,231.47206811519786,1307.913900942524,-1818.700470575569,3665.7740340485075,269.57983126520736,74.27277706234929,100.0,-2426.987735189373,0.0,32.10080674668109,-2466.73411085567,45.94135335613785,91.8827067122757,-52.13633104597835
2025-12-24,72.94986489554114,70.25029141878709,104.2,59.783414155578484,-1763.252098390944,0.0,37.296089783536964,-2720.744710840994,44.27791117690121,88.55582235380243,868.9367900962475,2819.0653382635846,2498.621202033189,160.22206811519786,2765.113292270639,-2284.067961157947,5417.607028900762,184.21288773608802,68.3862613899037,100.0,-3714.9653126070243,0.0,59.29589386252209,-4325.627446131333,74.0638717315036,148.1277434630072,462.5343900613018
2025-12-25,80.75708959969975,79.88352751957866,119.0,41.27471394012662,-1345.3629352556143,0.0,19.098659459088896,-1542.3521531717952,21.51105507595729,43.02211015191458,153.9671077642663,3073.7599299213525,2646.2599299213525,213.75,2907.561826945061,-1173.9214191485391,4577.238632586689,247.87769324654454,36.16253487064807,100.0,-4010.510110262189,0.0,46.114976399628546,-3724.1112809928422,52.116787792064095,104.23357558412819,-390.6324048534748
2025-12-26,82.94742565104464,73.24971529870804,109.0,73.41705189889312,-1859.521268078556,0.0,28.647560663870433,-2376.2414082501837,37.140328691507364,74.28065738301473,442.4394827886131,2172.4601311930855,1551.1826616293565,310.6387347818645,1920.79808242645,-1691.443323942441,4195.963754072067,291.86117385158786,62.0102523887067,100.0,-2379.087113404202,0.0,32.69154893165701,-2711.6798244261076,50.58815047852297,101.17630095704594,231.41641006485992
2025-12-27,71.94287504206531,72.60157932976726,96.23892954516263,26.18335655491255,-900.87714563772,0.0,13.21569320536917,-950.7749648681458,15.642259447872148,31.284518895744295,18.613300334681526,919.9258540361934,551.9817178057976,183.97206811519786,656.1025382950661,-2167.323386934831,3192.8703696743414,184.72222222222217,59.331741226238975,100.0,-4146.836047043984,0.0,52.904767343965034,-3806.1210661564137,59.741230712978705,119.48246142595741,-460.1974423135276
2025-12-28,83.81704784106063,84.0539505440011,118.0,46.23007129942496,-1123.2435527073649,0.0,15.320133634834892,-1284.0883738023983,17.90759686778198,35.81519373556396,125.02962735946949,1774.524137933261,1359.0800017028653,207.72206811519789,1427.5610289109677,-657.0281955313023,2515.269650152403,215.3402128550664,28.91778230336135,100.0,-3022.554611132129,0.0,34.06212531307986,-2854.9867869346167,38.735819271826934,77.47163854365387,-245.0394627411663
2025-12-29,86.9106062621273,95.80447186418128,123.45,44.79655237264545,5.872064923276309,0.0,2.2396796475951524,-194.65191600544233,12.32060103223655,24.6412020644731,175.88277886424555,1493.4453533708538,1125.501217140458,183.97206811519786,1255.8573159453795,8.896350082654564,1625.6916959491457,189.36536504321037,43.902567462361716,100.0,-1372.8016037107816,0.0,14.123246403278944,-1227.459907298382,27.50345814505132,55.00691629010264,-200.3486127025023
2025-12-30,88.72092782401765,87.11141188949087,129.6,69.06649163877194,-568.338476495083,0.0,9.20998061003286,-817.1180249633273,19.335018338339346,38.67003667667869,210.10951179156564,1980.572930302882,1505.572930302882,237.5,1684.0737473745805,-716.1112819125183,2887.697968950382,243.75646983164154,63.65478412515224,100.0,-844.5276128043906,0.0,10.833941160465006,-961.1973117472699,27.994788615388742,55.989577230777485,60.68012171210174
2025-12-31,74.2232918419509,73.80492251028046,105.0,20.691212120907064,-199.54694024157035,0.0,7.600346753943152,-564.1227552179467,12.438951260028912,24.877902520057823,339.6979124563186,3893.837319674092,3147.393491657745,373.22191400817354,3454.3550905933425,-311.71419083313265,4526.015910018594,379.9733142960595,21.63341949495822,100.0,-3125.5610761058165,0.0,37.704289413410145,-2798.5364768249206,60.11707379607884,120.23414759215768,-447.2587468730536
2026-01-01,52.52881973945184,64.49187500000001,99.0,71.79918642926175,2701.781603540504,29.299100385946957,0.0,1539.0471627015115,40.99067832828419,81.98135665656838,1080.753084182424,5908.323770934674,5124.935498473882,391.69413623039577,5497.916496585488,2280.2466702771753,4019.003636510801,400.666905101244,43.71751573921314,100.0,2344.604094664711,29.676044110730967,0.0,1558.8475716726084,57.09072813613169,114.18145627226338,671.575066719839
2026-01-02,81.34707343355423,86.8586306155067,125.0,54.64604757434663,3613.6307308519454,38.46674924565394,0.0,3129.157475636328,38.66012997885471,77.32025995770942,407.15299525790806,4424.07046002829,3954.3482378060676,234.8611111111111,4200.879929217481,2461.2027466713653,2237.3067985522143,248.81480800304945,37.239132528488426,100.0,2657.6323570867194,36.784352243486666,0.0,2992.299403156635,70.74643399645166,141.4928679929033,-476.1599140628189
2026-01-03,82.98654962396745,83.38211293668535,109.0,35.06816178176967,-174.8513126175753,0.0,5.245833698287141,-435.33363852198653,24.561018381826628,49.122036763653256,211.36028914075797,2197.3599530374067,1676.3602612514555,260.49984589297566,1853.4318862986433,-127.1686173825652,2517.1063722484687,268.2529342836301,33.51181739448993,100.0,-3543.3881227289903,0.0,38.50320882432841,-3195.248449782111,70.03794078135792,140.07588156271584,-488.2155545095951
2026-01-04,90.58473541897969,93.61207623539524,125.0,16.837523141806663,1111.3007676447526,10.135184346377008,0.0,918.0929924391459,12.020166764470027,24.040333528940053,169.16744167666673,2434.1715187642385,1923.7273825338427,255.22206811519789,2101.314519181015,3602.0443093517633,-877.4327884652872,311.64850085273065,52.73885976629623,100.0,6564.200443583215,75.32451914685936,0.0,6823.251637480124,71.389162546269,142.778325092538,-401.82951898944737
2026-01-05,136.1709921698705,149.16192850517095,750.0,26.948962972296375,2389.8143763380867,4.03307158426018,0.0,549.1873591208201,11.953500306639256,23.907000613278512,1816.7200166039884,11574.145375350061,10826.201239119666,373.9720681151979,12486.62281340926,3793.377251523905,9471.699605795555,389.22702195509964,52.529440627899795,100.0,5171.640451467196,38.63542897187117,0.0,5261.024696008257,44.35606787143345,88.7121357428669,-178.09638028392789
2026-01-06,159.16223343147414,142.34565532046926,323.2036549053041,78.69973873670145,3376.1407618567287,0.0,1.1924557669600957,-189.79392313761028,50.19615492440609,100.39230984881218,3465.542375145527,19646.2206138276,19005.33234136681,320.44413623039577,19569.403983268247,2719.792132116264,17499.29540688103,324.84177786452415,46.495103596672706,100.0,4692.67085746633,13.770273823075978,0.0,2191.7075366437366,63.781857132134576,127.56371426426915,2373.399606558324
2026-01-07,80.6167555692325,75.15858554023707,127.0,17.691413225476882,28.906994405350503,0.0,2.9055687041292386,-234.23752201039844,9.647585406461646,19.295170812923292,243.84934560282565,1288.7399179174545,920.7957816870587,183.97206811519786,1134.215750386751,192.86084410363623,1311.4159913357307,185.03054252630795,13.179621319389835,100.0,1476.0207660342276,23.648601335222242,0.0,1906.4735133958368,54.53258755252206,109.06517510504412,-539.5179224666533
2026-01-08,170.4437315924901,145.345039933249,434.85,19.75144063401849,2886.940184502422,8.621432223139644,0.0,1469.4690797836588,12.635777747141248,25.271555494282495,1392.199549224481,23264.449685897467,22623.561413436677,320.44413623039577,23578.848498708892,3725.686717276668,20517.37456405187,332.1063913098223,26.35762779806884,100.0,8787.40206683591,65.66385141594891,0.0,11191.991866069147,63.973955020669585,127.94791004133917,-2532.5377092745766
2026-01-09,88.48287103085212,91.55413495135043,123.14787458831732,35.51851346379667,2938.7626749306946,29.364170528626698,0.0,2598.226113812425,27.580072540940904,55.16014508188181,285.37641603638804,677.7750000000005,392.77500000000055,142.5,835.4646271094364,3414.170240845931,-2234.4328075911094,172.13640307269256,41.70405911790234,99.41090879758299,6865.2751230805225,84.32740427115678,0.0,7461.5308364912935,77.19242188423293,154.38484376846586,-750.6405571792369
2026-01-10,84.19415154686617,85.6434108537431,118.0,30.542320201260477,-1037.2627579590712,0.0,15.80710359796402,-1330.865675843996,21.548092169983597,43.096184339967195,250.50673354495757,1270.2803933373561,902.3362571069604,183.97206811519786,1161.826585515512,-1111.0538535384776,2643.2311070112046,185.17533397860748,29.449293066088046,100.0,-5500.531916404854,0.0,59.910250599193255,-5044.092718159206,70.55158883801603,141.10317767603206,-597.5423759216802
2026-01-11,80.86318771607162,83.91635527241775,106.0,57.768455091051706,820.9854977464452,5.804430576245636,0.0,469.36475927185666,29.526831020453585,59.05366204090717,292.56707643368134,1688.6771295956787,1178.232993365283,255.22206811519786,1437.5932023699602,1520.4200123816413,445.7903933711473,264.3086016914142,49.43374577956865,100.0,1343.374479552643,16.55212199501648,0.0,1338.4573479823357,51.11237780881433,102.22475561762866,-97.30762404732144
2026-01-12,87.72666614273626,85.0489892151411,114.5,26.738351203368914,1428.7366741887024,15.088110240612469,0.0,1323.6296098030102,14.42299752638057,28.84599505276114,76.26106933293113,1647.9844403480065,1280.0403041176107,183.97206811519789,1475.5124425842337,2867.2560570315613,-973.9280792243271,208.90776761150033,52.601747693370235,100.0,4444.42570208368,55.72834931041093,0.0,4888.862294640206,53.94123750070027,107.88247500140054,-552.3190675579258
2026-01-13,92.77018946201785,92.92267706170789,124.0,39.71098173902489,3260.5710604987266,31.79663769778818,0.0,2949.7801034789486,32.091447968141125,64.18289593628225,246.6080610834956,2047.9260933885362,1537.4819571581404,255.22206811519789,1896.447879175486,4335.313537099733,-1887.8856753643863,275.48999127993056,50.74902026108652,100.0,7156.491557337408,84.2582241018887,0.0,7816.651413665374,80.81252732315133,161.62505464630266,-821.7849109742685
2026-01-14,93.91720457043597,92.02966310173083,161.35,34.24956550601711,-1782.2643140974624,0.0,24.227785216672295,-2275.4058604827965,26.919761351858106,53.83952270371621,439.3020236816178,3569.577694437974,2936.244361104641,316.66666666666663,3262.3759373436287,-1101.347349169993,4997.056619846955,316.66666666666663,22.990094558925666,100.0,-7811.941079330865,0.0,70.73895641804815,-6643.605041012982,78.59884046449791,157.19768092899582,-1325.5337192468792
2026-01-15,101.49973669800323,105.15363479342125,179.55,51.05681462149965,6175.776900390954,47.77360962386406,0.0,4849.008797935396,42.99624866147765,85.9924973229553,1240.7756051326032,3374.1629488763556,2911.2188126459596,231.47206811519789,3973.906219605816,5953.943036978077,-1483.0740652108097,248.48137608072525,49.979288245454825,90.12274101293806,8544.388971667802,84.32740427115678,0.0,8559.209329948486,75.89466384404105,151.7893276880821,-166.60968596876575
2026-01-16,104.12043745098785,99.35291719418238,144.98,62.25011928846752,2991.6881674797787,24.306185338971847,0.0,2530.770650258536,29.9985263944951,59.9970527889902,400.92046443225263,2726.040852190621,2252.54116040467,236.74984589297563,2569.7503951793146,2995.312775798103,75.71144034684175,250.63691048281498,62.31625933531772,100.0,4292.2286505868615,42.06304451838288,0.0,4379.622595774402,48.1903115004193,96.3806230008386,-183.77456818837894
2026-01-17,104.02888956722322,102.18061917440421,136.99988672405982,63.49104751193624,913.1633015512239,6.094142404201562,0.0,633.9668671736165,19.09021217817586,38.18042435635172,241.01601002125562,1700.9812663332232,1368.4812663332232,166.25000000000003,1603.9306668505383,1129.8860772594196,837.5777157640107,181.76656308644596,65.64960932489308,100.0,1750.566018587235,16.933091007580234,0.0,1761.5306544593047,30.067565312396084,60.13513062479217,-71.09976649686189
2026-01-18,104.3007846234993,106.03657872886379,152.14424182314653,22.71137900972542,239.3654126731069,1.9086767614897027,0.0,199.0764838160156,4.81003712811849,9.62007425623698,30.668854600854303,2757.2638888888905,2071.152777777779,343.05555555555554,2112.8616518032586,363.9660539441941,2446.9326908616404,349.0185465012879,16.838281636208862,100.0,1365.984789220308,17.398328424172618,0.0,1814.6593057785342,21.178974319695556,42.35794863939111,-491.0324651976174
2026-01-19,105.92099989611027,105.52255247694445,143.17,71.33890434992122,688.068361661814,3.704370258593451,0.0,392.3706017756309,15.285145024137146,30.57029004827429,265.12746983790885,4728.922858724021,3990.0339698351327,369.4444444444444,4133.231011526045,539.3688709393339,4339.561279916289,372.84956966478865,60.64450082983939,100.0,877.9938738333333,7.766765755581484,0.0,822.6635947900592,21.42610005497516,42.85220010995032,12.4780789333238
2026-01-20,89.48150778525314,83.5644031761247,119.94,44.7121580677781,-1926.5588784525748,0.0,26.385229793316423,-2360.990145166337,37.1022656672677,74.2045313345354,360.2267353792265,2043.089384869476,1627.6452486390801,207.72206811519786,2000.486253888797,-1926.5588784525748,4427.474071884751,250.2144697716895,44.7121580677781,100.0,-4761.373223666666,0.0,50.94444731916558,-4558.585959405334,82.98026145601217,165.96052291202435,-368.7477871733563
2026-01-21,96.15323769056562,94.77090576691292,130.0,14.411914451352438,-218.59520980918654,0.0,3.4029882299637304,-327.20833613389976,10.468786456327035,20.93757291265407,87.67555341205914,3036.0894527985874,2402.7561194652544,316.66666666666663,2480.1781267403253,-218.59520980918705,3345.4820467289137,323.3543550897007,14.411914451352448,100.0,-4007.3746067073075,0.0,25.46869406120851,-2448.8973937356786,72.6398043206857,145.2796086413714,-1703.7568216130003
2026-01-22,101.20865212254736,98.25958319225585,126.77,37.39380550258334,976.2434868451538,6.078826421545416,0.0,615.2298286115395,23.384484530904324,46.76896906180865,314.2446891718057,4192.134742316073,3634.1906060856772,278.9720681151979,3808.7818174186496,1388.346708860307,2982.938379406636,281.2516354241465,31.012656383599214,100.0,3645.4016223931776,41.339950571776775,0.0,4183.960676182259,62.53571739118344,125.07143478236688,-663.630488571448
2026-01-23,96.76531342453762,91.42482020850211,129.0,45.43163361550556,-1477.6894623036487,0.0,17.993484320317826,-1741.1451498550578,23.264937412674783,46.529874825349566,216.92581272605958,3615.2945836877007,2962.3504474573047,326.4720681151979,3061.10723856888,-522.4567980873919,4248.710397607319,332.5731804755235,21.655410680574583,100.0,-3192.910840396039,0.0,29.433535637479668,-2848.145301153018,51.20867457588976,102.41734915177952,-447.18288839480056
2026-01-24,91.74266754526367,94.36345070745129,129.0,19.221192326837212,-368.29031133585767,0.0,5.096105638324868,-467.5303253523821,9.000380314362637,18.000760628725274,81.23925338779912,3680.8849911784946,3217.940854948099,231.47206811519786,3337.7070377046484,-320.77044124651695,4141.881096096903,241.70180857286894,17.83726917288383,100.0,-3194.72772433269,0.0,25.041454272929045,-2297.3698142112517,46.825296585769166,93.65059317153833,-991.0085032929765
2026-01-25,98.96019594406452,102.63980144619352,136.9,74.33925043618052,1786.4825951613825,13.379775868618307,0.0,1324.0652416461337,30.271802284143625,60.54360456828725,401.87374894696154,2536.541823165662,2121.097686935266,207.72206811519789,2389.80426622897,2372.93282862079,434.2193605434122,208.67396146761632,55.16938803444703,100.0,2587.671374194776,22.868324013353035,0.0,2263.0538252737724,40.72115619477714,81.44231238955427,243.17523653144934
2026-01-26,109.06658905607947,104.9815396382355,151.24,45.65705446129235,371.0774255396995,0.37456012982833736,0.0,40.85199575677904,13.817862381801314,27.635724763602628,302.5897050193178,3863.0219961103503,3210.0778598799543,326.4720681151979,3420.6017092918996,413.0808949340171,3661.3272638258677,326.90322473399254,44.2311655719019,100.0,927.4990910380167,9.963529971222357,0.0,1086.6882289192401,30.264463060173934,60.52892612034787,-219.71806400157135
2026-01-27,99.33669673061983,100.22993920719091,134.0,41.138847813784764,-1422.5829391749164,0.0,18.004503232309172,-1788.5078773733608,21.334244765786206,42.66848953157241,323.25644866687185,3026.574753975692,2563.630617745296,231.47206811519789,2776.2600041996557,-1003.549733975724,4276.714175295992,248.45221856030628,29.673852427651536,100.0,-4749.098737797272,0.0,42.944357704246805,-4265.950637558022,51.85912075699297,103.71824151398594,-586.8663417532362
2026-01-28,115.09549124420315,110.8467137529717,150.35,29.623527871879173,-317.52385573507433,0.0,4.822598627214695,-555.059358072895,13.667714570287188,27.335429140574377,210.20007319724624,3597.2638753030697,2858.374986414181,369.4444444444444,2967.40791067382,219.45822369061383,3490.121984209627,371.0861486132105,16.93948749678369,100.0,-3742.949374503619,0.0,30.23152355813832,-3479.51205498463,46.138038080405636,92.27607616081127,-355.7133956798
2026-01-29,120.13135826063196,115.88992076012137,151.47,39.48245048958815,2862.5939822844243,22.050447055594233,0.0,2648.950155042688,20.641530722948094,41.28306144589619,172.36076579584005,3767.2790335457757,3126.390761084984,320.44413623039577,3402.2515047971187,3294.4758739891213,758.6871479349813,325.4557585634918,44.83805564531818,100.0,6139.798103669973,57.204599005996684,0.0,6872.066177345178,52.28026747831025,104.5605349566205,-836.8286086318259
2026-01-30,96.98113445099351,96.63844410378859,129.0,28.874989842285416,157.64514308350198,0.0,0.0,0.0,10.70981908503013,21.41963817006026,136.2255049134417,937.7500000000009,621.0833333333343,158.33333333333331,755.3700090181765,305.2432803387759,785.4168719454133,167.64507163300644,26.23787889663739,100.0,-449.53541017566454,0.0,1.2518707533767817,-121.4078458485002,37.09029559326925,74.1805911865385,-402.30815551370284
2026-01-31,96.72781010227949,96.61272876065925,128.24,32.07638602020315,780.0846426579693,6.346163423718328,0.0,613.8504905274583,12.931475845284172,25.862951690568345,140.37120043994264,1193.7249999999985,813.7249999999985,190.0,939.7771149463276,862.3045827770275,461.16690126226194,191.8471845464809,29.82765620500255,100.0,2872.22698583944,32.47738895400499,0.0,3141.466711360864,40.314628453278196,80.62925690655639,-349.8689824279801
2026-02-01,103.24482412392703,103.0638601982364,148.0,33.64370363694606,1868.6416106171491,14.021096787399992,0.0,1447.6056718396705,14.486404424203334,28.972808848406668,392.0631299290719,4265.854969137214,3738.077191359436,263.88888888888886,4009.922357620599,1966.3384611288323,2597.1492794922724,276.78269150025267,34.8925145517184,100.0,4281.531964642009,45.3497677695338,0.0,4682.1287974264515,43.05829281023327,86.11658562046654,-486.7134184049086
2026-02-02,95.84400648204003,98.67031009370585,139.8,60.97734333300963,1891.1255344197602,17.545163140580968,0.0,1681.598729774292,21.063959082958398,42.127918165916796,167.3988864795515,1665.012952891626,1344.5688166612301,160.22206811519789,1516.7244559808728,1919.0394040714007,-79.95153869540695,161.18170469756043,54.12638739373465,100.0,2387.153373217748,24.428775571833143,0.0,2341.351724255077,34.543910789822135,69.08782157964427,-23.28617261697312
2026-02-03,89.5000927254742,89.46810463066406,123.45,72.34880546321499,4468.600656919076,43.963191116038104,0.0,3934.709681393154,40.631027591698796,81.26205518339759,452.628920342524,3987.476991020303,3512.476991020303,237.49999999999994,3809.7829436865172,4244.554626547719,132.85004349806968,283.8108631796356,67.9124025218108,100.0,5491.497373020735,59.837772792151355,0.0,5355.486213383404,56.15991491712635,112.3198298342527,23.69132980307812
2026-02-04,94.13726107059603,89.46630283252762,129.0,29.93998876989661,766.853249648937,6.288594078964185,0.0,591.9910225784558,11.636406823064535,23.27281364612907,151.58941342435207,2721.1146704136136,2115.670534183218,302.7220681151978,2237.6841726560933,1528.95909663056,1318.6436893052214,304.95930663984416,45.41189070688808,100.0,3125.77710724977,36.54344075344292,0.0,3440.099422624715,38.865768830095384,77.73153766019077,-392.0538530351358
2026-02-05,85.31880716957231,80.42285789234232,119.49,50.0638062652213,-743.794831155835,0.0,15.157051612040606,-1293.1815637469476,22.48097063060613,44.96194126121226,504.42479132990036,4078.8677914436976,3698.8677914436976,190.00000000000003,3909.887024160241,-614.0037708599377,4934.998698690158,205.55395183498973,44.02982935870664,100.0,-2595.014616806778,0.0,33.30869332435033,-2841.8579828106663,44.904637317245644,89.80927463449129,157.03409136939686
2026-02-06,94.72299652401111,99.33965472945441,118.15283328055556,33.28433298357039,1283.3585031184207,12.480693747217964,0.0,1182.2087104349744,11.480705046336295,22.96141009267259,78.1883825907737,831.9125000000004,404.41250000000036,213.75,527.3472479513817,1288.442977174137,-317.4936317529732,221.80104873489103,33.42792029850086,100.0,3163.24064941302,35.3054261328478,0.0,3344.235756860473,34.4928199462592,68.9856398925184,-249.98074733997134
2026-02-07,89.9417434217933,90.38593512160107,114.5,31.956057794843538,2907.853492510472,29.59381948618238,0.0,2661.7197190970824,26.63443753756414,53.26887507512828,192.86489833826136,1108.9912119904739,727.4909037764251,190.75015410702437,959.802779941382,3371.6531472142306,-1970.4320278066643,220.7091697330921,37.68621590555821,91.05858761612157,6963.042619353329,84.32740427115678,0.0,7584.55375838222,75.89466384404116,151.78932768808232,-773.3004667169726
2026-02-08,84.92434553552721,83.30505537869233,127.9,26.8389474752876,1340.6142935907483,12.802617763558986,0.0,1087.253934711762,13.326707156133322,26.653414312266644,226.70694456671959,2035.956477155345,1620.5123409249495,207.72206811519783,1770.574133183689,1340.6142935907487,850.0375476436475,210.0388540253536,26.838947475287622,100.0,4124.43036802144,53.16667464308998,0.0,4515.145048364727,49.654358347711266,99.30871669542253,-490.0233970387095
2026-02-09,93.46360220538946,85.64480243552612,159.6,14.258521675130142,2025.4226343727387,18.640687549436592,0.0,1742.2258059554977,16.776618794492933,33.553237588985866,249.64359082825513,1808.17330835155,1297.7291721211543,255.22206811519786,1606.0796606752422,2025.4226343727387,91.10116253289925,255.22206811519789,14.258521675130142,64.5032066772716,6659.556245297352,84.32740427115678,0.0,7881.542967812457,75.8946638440411,151.7893276880822,-1373.7760502031879
2026-02-10,82.3897291488553,79.44337022149583,118.0,27.753306783092413,-892.5344929654027,0.0,13.348107583219356,-1099.746968431224,23.316927566045806,46.63385513209161,160.57862033372976,1649.2968791513395,1186.3527429209437,231.47206811519786,1406.1104435845223,-1032.7327858174863,2928.9162172046695,245.03649390133046,29.590919244907255,100.0,-5179.300220835963,0.0,52.83816807471977,-4353.3223563978545,84.01495269835988,168.02990539671976,-994.0077698348283
2026-02-11,83.11403870464773,80.56043767345045,99.89,37.4401507517749,-1556.4567161053685,0.0,20.25863640552531,-1683.777090312216,22.664450926990586,45.32890185398117,81.99147235286614,1036.995636197823,669.0514999674272,183.97206811519789,771.7578047050399,-1696.5075054344882,2837.7097545839724,184.72222222222217,39.93117651105752,100.0,-4540.883047536906,0.0,51.716492558327516,-4298.366564161459,60.53514868904778,121.07029737809556,-363.5867807535426
2026-02-12,78.70653828709803,79.67367138183504,119.0,54.47289070264486,1332.9496780967665,10.935561949094243,0.0,860.7002252373184,24.663647891392763,49.32729578278553,422.92215707666264,1539.1708347322347,1064.1708347322347,237.50000000000006,1414.4887079587409,1361.2316096618301,554.7870136111488,250.76495765711903,53.547668843137345,100.0,2313.9802304327086,28.17369855098827,0.0,2217.4542836925166,45.27692136998202,90.55384273996404,5.972104000227972
2026-02-13,82.46547462631662,73.12449774242901,135.0,13.645992359955683,233.87628685743405,1.479062474003411,0.0,121.97158892066538,5.420080342893945,10.84016068578789,101.06453725098079,2271.158936256241,1702.6592444702897,284.2498458929756,1771.1811400739994,295.5944379782097,2044.0863938817406,284.24984589297566,15.325842633201326,100.0,2483.703924772779,38.081547478054986,0.0,3140.4128872824153,39.71920985973312,79.43841971946624,-736.1473822291026
2026-02-14,86.16249446173684,79.90484175540607,113.99,59.93763986855585,603.6757015170361,1.1392211866921083,0.0,98.15813918905205,31.296834023071725,62.59366804614345,442.92389428184066,3170.4268703712187,2537.0935370378857,316.66666666666663,2763.738509561459,198.46205664486462,3218.4316167900524,326.5775819367291,52.693370169906395,100.0,1854.4017636714866,21.437447608407208,0.0,1847.1039608331598,52.21565962841739,104.43131925683478,-97.133516418508
2026-02-15,80.47149659867054,77.78861368150508,118.0,42.75085153570516,2994.581825369197,31.863854998093682,0.0,2564.132099099627,33.006596529912585,66.01319305982517,364.436533209745,1164.4832776113108,844.039141380915,160.22206811519786,1253.0818472201258,3315.745250582543,-1653.7856181196466,204.43889262138535,47.87838973802501,100.0,5466.502539798838,70.26935541952936,0.0,5654.680195633428,77.20687505451383,154.41375010902766,-342.5914059436177
2026-02-16,78.2562343197627,78.89125166802535,102.40269220087312,37.34232517179036,-116.12431941445709,0.0,4.221598023545431,-330.3663641344183,22.39554553727052,44.79109107454104,169.45095364542016,1746.9047314888048,1166.3491759332494,290.2777777777777,1319.794547219306,-2.1172543384479923,1919.801109169507,298.94465380587656,30.30149796908007,100.0,-2887.479184302634,0.0,32.55366911675818,-2547.5275583690504,59.97362358728767,119.94724717457534,-459.8988731081591
2026-02-17,81.09858940565448,76.53278406672274,115.0,47.098316108658935,2544.2220415972274,29.13559332043331,0.0,2362.85551978395,32.589723113364116,65.17944622672823,116.18707558654933,2055.737418911056,1429.1821715695492,313.27762367075337,1655.4079504959925,2846.187356330566,-537.8352696041779,326.4720681151979,49.48589820553244,100.0,5059.331649590584,69.62677644862273,0.0,5646.633354846149,69.19509189708067,138.39018379416135,-725.6918890497265
2026-02-18,71.46711577025944,69.73854166666666,96.81,69.60294104473853,37.9139378916137,0.0,5.132194660166248,-366.78314993360857,34.10344554396468,68.20689108792936,336.4901967372929,1536.6095609164631,1163.3876469082898,186.61095700408674,1413.1784456285084,-373.2103579703163,2200.626411297416,207.1188038492957,56.64604796432751,100.0,578.9880872746869,5.3634635285342975,0.0,383.31126892332486,48.9971329258114,97.9942658516228,97.68255249973924
2026-02-19,98.06000722271695,98.11885926999135,144.01020408163265,2.74615727809302,132.22088417734628,0.9545510926898608,0.0,93.60328704362011,1.9367348101213042,3.8734696202426084,34.74412751348355,4537.461801144538,4009.6840233667604,263.88888888888886,4034.0029821798416,679.2043541198857,3905.529450688363,275.36541131420324,9.650163738934914,100.0,5282.108072690899,69.4149298109185,0.0,6806.828518623058,70.52526909406329,141.05053818812658,-1665.770984120286
2026-02-20,76.6384648673113,78.32354727875611,107.5,57.12493253630962,856.3320622270601,7.823167474737472,0.0,599.5555456637602,28.76306071324445,57.5261214264889,199.250395136811,1188.739312743679,820.7951765132832,183.97206811519789,1020.3807588703179,1252.4348472086335,173.14118376793476,202.5976360531252,50.64233030269357,100.0,1069.5759997901596,15.172364842153508,0.0,1162.7867499094107,50.35115042798894,100.70230085597788,-193.91305097522897
2026-02-21,73.86210532683835,75.93272558723986,118.0,55.77707202248383,4409.1465691067915,41.81015482370908,0.0,3088.186059320218,54.49071627599104,108.98143255198208,1211.9790772345914,6058.839168733977,5405.895032503581,326.4720681151979,6088.729303540346,4488.649518951372,2254.642701052164,327.2814582315945,50.88245212697481,100.0,5877.84977389979,78.65818231952119,0.0,5809.8589473021275,97.69375533736468,195.38751067472936,-127.39668407706654
2026-02-22,47.95790047193131,47.41324784390349,97.45,77.04629357260046,1100.1797486840524,0.0,0.0,0.0,35.04551995468695,70.0910399093739,1030.0887087746785,8313.923588582304,7411.423588582304,451.25,8216.042669547895,990.7726404752927,8148.769006465911,461.74948869665434,69.63032107469134,100.0,933.2748150296283,1.43595462346721,0.0,68.86536891445006,45.48631521341605,90.9726304268321,773.4368156883461
2026-02-23,69.16274656225642,63.73291050872934,120.0574091295388,54.00756988711717,4617.362751851149,51.814050665004245,0.0,3583.602054507602,47.52634636744503,95.05269273489006,938.7080046086571,7555.091320734844,7080.091320734844,237.49999999999997,7461.836865380061,3555.83514178896,4490.370495558752,292.1843859838254,42.97601168917866,90.25628819913818,4912.724419092105,84.32740427115678,0.0,5832.314889858955,79.42500697139127,158.85001394278254,-1078.440484709633
2026-02-24,83.3527274609434,74.59553090107703,117.89827985721853,69.64289952987723,814.1835467928631,0.0,0.0,0.0,41.34412299937334,82.68824599874668,731.4953007941165,3803.286170157704,3166.1753672606415,318.55540144853126,3590.6230071282002,194.332397385766,4046.6088272281286,325.15910874284714,50.974949455753695,100.0,-741.6725851676158,0.0,14.1144495207568,-1176.4778641648847,59.3658840721249,118.7317681442498,316.0735108530191
2026-02-25,76.5273664538417,79.3166924871823,131.5794633498766,39.88133520964011,1404.47828366067,12.303539123934568,0.0,941.5574472165191,19.54545248008223,39.09090496016446,423.82993148398657,3616.030624497893,2877.141735609004,369.4444444444444,3197.9524894379274,1404.4782836606705,2544.841324308848,375.6835592657955,39.88133520964012,100.0,1060.3848416643114,13.89634014187124,0.0,1063.450314404211,49.00902233423142,98.01804466846284,-101.08351740836247
2026-02-26,50.115803757186825,41.73260535280398,97.0,50.43352553533727,1260.9622199493213,0.0,0.9997570930384277,-50.103630279569416,41.67413578582175,83.3482715716435,1227.7175786572473,6788.830373465238,6019.775126123732,384.5276236707534,6646.307263643208,236.14784116957938,7179.2146698151355,384.5276236707534,32.03627287769643,100.0,-48.397730077424384,0.0,12.895615169131476,-646.2741191443946,82.63181156475355,165.2636231295071,432.6127659374631
2026-02-27,75.89379912648961,73.77600027353677,111.69,33.21110419987915,2507.6963149380617,28.048748349534723,0.0,2128.7260729890454,30.475543946466303,60.951087892932605,318.0191540560836,5453.362475767258,4978.362475767258,237.5,5239.556308277179,2096.6994238851794,3689.8593435263006,273.50122956715063,28.17811749836755,87.50624444356191,4661.561807377126,79.93155199751276,0.0,6066.309151167792,80.29845626571179,160.59691253142358,-1565.3442563220901
2026-02-28,78.94922447924564,77.98918571201706,114.5,15.511030110200618,977.8092960379781,10.253903239464437,0.0,809.5377086409419,12.146493039943463,24.292986079886926,143.97860131714936,3488.8954943583576,2869.895186144309,309.50015410702434,2934.480124801502,628.8233431853605,2907.0878776079835,300.71554799592104,10.86345124528374,100.0,5118.149969244388,80.67618737050728,0.0,6369.322426843862,78.3087451552008,156.6174903104016,-1407.7899479098755
2026-03-01,45.062846994502415,39.098302684561176,128.0,70.40075354337549,1859.2300398082016,0.0,6.282571530330017,-283.11055960327843,40.486512590469545,80.97302518093909,2061.367574230541,13126.473978674116,12278.252064665941,424.1109570040868,13015.977657706968,1346.415905286203,12520.92293089257,425.68058923590263,61.27954680408527,100.0,718.7669976891314,0.0,15.857226020610645,-714.5717499240199,57.5086352811904,115.0172705623808,1318.3214770507702
2026-03-02,78.08362711651563,60.96928318374258,131.85,55.63732584901262,2102.9630339034074,16.760489012946437,0.0,1308.7197743773665,37.37110712996789,74.74221425993578,719.5010452661052,9573.806582595305,8831.140224142688,371.33317922630897,9317.511618849841,2338.8596123154516,7758.836856719715,390.0924250926632,43.25195065535008,100.0,1148.6520261426783,22.03303716299116,0.0,1720.4194580793333,67.16912892503998,134.33825785007997,-706.105689786735
2026-03-03,120.3791802932983,100.67395833333335,224.0,10.182107583053824,148.26367255827503,0.0,0.0,0.0,3.190408172088948,6.380816344177896,141.88285621409713,3637.9643630716964,3020.4643630716964,308.74999999999994,3134.5251343678224,799.5877590252276,2962.5194063614235,313.79101550941436,19.18782205614109,100.0,2906.224586357548,29.90459709691453,0.0,3599.890885527919,31.333475373986197,62.66695074797239,-756.3332499183434
2026-03-04,122.86285319559326,136.12547237556598,180.0,31.216273241310688,2866.8126525231633,19.300119912273686,0.0,2371.2677994390283,20.82509067220868,41.65018134441736,453.8946717397175,6047.977668198928,5122.089395738136,462.94413623039577,5571.748084897719,3228.6918760625313,3268.94448129598,462.94413623039577,30.474724070578073,100.0,6257.091286258892,55.16871021540947,0.0,6778.18514418608,66.71228980866738,133.42457961733476,-654.5184375445226
2026-03-05,110.12794625775506,102.24159605529992,145.0,62.53734354257041,4201.421495465294,26.103384334662767,0.0,2874.7121071532665,73.60880838863405,147.2176167772681,1179.4917715347597,3978.2438317870565,3337.355559326265,320.44413623039577,4224.335910044202,4756.050682943567,160.07712661987443,345.89594975961984,57.590071019679165,88.9088218952811,6496.577860701609,55.57303660502539,0.0,6120.144388618491,104.64903151017252,209.29806302034504,167.1354090627734
2026-03-06,115.78602815496689,111.42856494498348,185.45,35.235639712667286,1784.2620875332746,11.901638963345826,0.0,1378.0435041002108,16.735423550209315,33.47084710041863,372.747736332645,3286.1903146207587,2912.9684006125854,186.61095700408674,3252.893758595918,2502.920397720114,1147.3284124495256,198.67752578686094,45.377759140832964,100.0,4636.7625892452525,46.07975487115679,0.0,5335.391794885732,47.4957278672392,94.9914557344784,-793.6206613749584
2026-03-07,129.7138099665392,132.68427493028355,164.75,12.829555186532382,290.8431390732064,1.7015664936298875,0.0,220.71667280013767,4.171102773151539,8.342205546303077,61.78426072676561,2360.8686357883944,1885.8686357883944,237.5,1957.553031306054,967.0741967590675,1475.2618201129917,242.3914927830026,25.037660422503695,100.0,3246.199632273672,26.99365953911109,0.0,3501.450423757714,32.51167100111216,65.02334200222433,-320.27413348626646
2026-03-08,129.21042018827464,137.74416666666664,167.45,77.10431409732634,9675.512315273909,67.94488329968243,0.0,8779.186920795251,61.150394969714185,122.30078993942837,774.0246045392287,2912.7609811333677,2497.3168449029718,207.72206811519789,3240.436743129774,9416.770123340493,-5600.647400464368,287.8429898731755,75.10372737282918,95.69530993610348,11436.594664762502,84.32740427115678,0.0,10895.979339262673,75.8946638440411,151.7893276880822,388.82599781174764
2026-03-09,136.53193842309207,142.41692904278753,189.0,45.7107626029186,3088.8055920651896,21.419315407694874,0.0,2924.420652308184,19.64644257694603,39.29288515389206,125.09205460311341,3121.4619597129786,2593.6841819352007,263.88888888888886,2890.820666626112,3221.321249345512,261.1145627207154,295.8075727200576,47.829953635814114,100.0,4580.774823711141,37.011606951857075,0.0,5053.266441290637,42.97990551505614,85.95981103011228,-558.4514286096083
2026-03-10,89.93834355346107,83.23471293955195,134.89,43.713469071947095,-403.3378495744461,0.0,14.88945059719734,-1339.1325231330204,25.58598035449208,51.17196070898416,884.6227128495901,4285.760827432172,3620.760827432172,332.5,4312.10412413512,-200.54727658303392,5139.409963587914,313.3792814348797,32.86001715670639,100.0,-3214.277410259433,0.0,38.34743590923963,-3448.9048651995236,58.53111385962217,117.06222771924433,117.56522722084617
2026-03-11,58.522546778989195,56.210681430024145,136.9,27.457402985110868,117.73834017767771,0.0,3.6052482087226823,-210.98830694484016,11.072285768521526,22.144571537043053,306.58207558547485,10501.790335606895,9616.623977154277,442.58317922630897,9806.606595379872,193.1379007308381,10504.596067986877,445.56368666892195,21.112098099371536,100.0,-1096.36479224748,0.0,1.486788537756479,-87.01065175131848,40.32532055025602,80.65064110051205,-1090.0047815966734
2026-03-12,89.76914132163434,88.14091012934334,153.0,50.48264810518447,149.9157968795383,0.0,8.088867893816934,-726.130725092083,22.680264911144977,45.360529822289955,830.6859921493314,10988.408961764264,10192.964825533869,397.7220681151979,10521.30224957151,653.8832405822234,10652.290276142472,392.43563357659247,30.479405289827376,100.0,-2312.717185570322,0.0,27.638856066344182,-2481.1163761879616,44.92685261654441,89.85370523308882,78.54548538455094
2026-03-13,86.29203134160488,79.27092234867115,139.99,52.46462763040902,1659.4847710387637,13.601325203425393,0.0,1173.6859807413443,16.70089361566596,33.40178723133192,452.39700306608756,10063.382441942205,9551.43799749776,255.97222222222223,9714.502046440366,959.6436142109649,9271.364842346156,258.2532050583779,46.51575280203358,100.0,1535.9594085066112,16.08237682736438,0.0,1387.7809652344274,31.832673498259915,63.66534699651983,84.51309627566398
2026-03-14,111.15410861390995,101.82059172156299,156.17,22.05939291831961,1103.3027333307618,7.268430715633403,0.0,807.9159372181945,9.516364257381179,19.032728514762358,276.35406759780506,2938.884599423065,2368.884599423065,285.0,2556.023149118208,1612.7514868476392,1527.0488523682252,291.88859504882817,31.76288916196657,100.0,4446.352518399748,44.29030391782463,0.0,4923.049252224961,43.13973776439764,86.27947552879527,-562.9762093540078
2026-03-15,49.814112664706144,47.81742827178865,130.0,72.61818660690938,4136.634843287175,0.0,44.19426760318449,-2201.498225519205,90.7591590897211,181.5183181794422,6156.614750626937,17846.892541585534,17016.004269124744,415.44413623039577,19588.094617043083,4238.460689996848,16187.940817929224,419.15344544149434,64.62615503825766,91.72937104546173,1965.1818976500572,0.0,50.633993186119625,-2522.287441237326,114.64456727597482,229.28913455194964,4258.180204335435
2026-03-16,107.3983640634588,103.89869270478586,159.0,28.837166278632065,4380.00735638203,37.745290106434574,0.0,4053.7824085317297,35.94029989611502,71.88059979223004,254.34434805806995,8382.79058365766,7802.235028102104,290.27777777777777,7963.55827973675,1488.0710537767986,7048.767717804503,286.6402459222764,10.520282573080575,62.27893878150571,6774.834692957522,83.81453631603708,0.0,9001.544085079739,77.61940668482639,155.23881336965277,-2381.9482054918694
2026-03-17,82.8272522516219,84.6133575826724,147.0,51.42811776856357,-1688.7405798756367,0.0,31.57688675409929,-2615.4267645026803,35.12939364797445,70.2587872959489,856.4273973310947,10603.779145009987,9701.279145009987,451.25000000000006,9907.235493361146,-694.1429340645465,11516.421567387266,457.52156998078635,22.257094139634514,100.0,-5299.284821301493,0.0,61.43741365358412,-5088.692158372652,68.30775686962427,136.61551373924854,-347.20817666809
2026-03-18,109.74954396865695,109.65032033079042,185.0,68.23200505743155,1005.1815301519034,5.534010126579003,0.0,607.3550877099751,16.38216401936418,32.76432803872836,365.0621144032,6408.113133764469,5605.890911542247,401.11111111111114,5813.333434123477,1241.0375663643836,5375.76089775332,401.73251499711364,62.03043439159246,100.0,619.8673528645879,4.016512460449016,0.0,440.81041087870784,24.0095011213215,48.019002242643,131.03793974323708
2026-03-19,121.53849309573303,107.46022105306959,171.0,82.07873969646857,-1324.2495238236688,0.0,13.677764870584257,-1662.3749312885645,17.15140774931278,34.30281549862556,303.82259196627024,4176.182665765575,3602.4051962018457,286.8887347818645,3840.5254334768633,-1210.0384202082628,5625.238507968665,287.33732714176955,76.19628215248008,100.0,-1761.2235292615928,0.0,15.873722999684968,-1929.2683732007902,20.896285460448794,41.79257092089759,126.25227301829975
2026-03-20,125.88185739612241,130.6796666676808,180.0,47.63501255444338,-208.95009786108483,0.0,2.8986067116778242,-364.8819967268712,8.284741599488903,16.569483198977807,139.36241566680854,4757.503127762524,3807.503127762524,475.0,3893.902769379022,57.5631658356333,4786.339603543389,475.0,33.402107812798874,100.0,-1204.2346656061995,0.0,9.019002063816503,-1135.3287316526828,17.392126411261135,34.78425282252227,-103.69018677603901
2026-03-21,125.90059371790586,127.09796559217955,165.0,69.88306283553567,-564.6291136231991,0.0,9.150860586408042,-1152.0987808585567,27.466287268417155,54.93257453683431,532.5370926985232,4554.883431272196,3657.6612090499734,448.6111111111111,4032.758573427143,-689.1969426414264,5632.773598550554,455.40904124099256,63.35810348601312,100.0,-2138.5449791379046,0.0,18.68411767860588,-2352.3415088317015,39.30321046897575,78.6064209379515,135.19010875584536
2026-03-22,127.46876517375729,122.74982591109081,165.0,65.59232389763343,-477.0444322485785,0.0,7.069853895136143,-901.1855459718823,23.843493395313914,47.68698679062783,376.454126932676,4449.120489937257,4026.8982677150348,211.1111111111111,4136.0115078765675,-865.0362651255264,5423.2699952243165,211.11111111111114,33.56245644934604,100.0,-1884.1992271077015,0.0,16.495560987150398,-2102.668789880466,36.35104228434599,72.70208456869199,145.7674782040727
2026-03-23,123.73384268537433,119.45570430050365,165.9,65.7188832384873,-1126.2737509969593,0.0,16.102674680759495,-1992.4458157628558,30.862118894687427,61.724237789374854,804.4478269765216,7646.590939301139,6934.090939301139,356.25,7283.221954265771,-723.9865214369612,8731.733171743668,362.26234802046815,40.145233961082575,100.0,-3456.5620673701756,0.0,30.59149531009702,-3785.203268209911,46.96080848284025,93.9216169656805,234.71958387405508
2026-03-24,60.15146748174202,49.86368234001338,124.9,70.7124442389327,-677.7485260623619,0.0,33.280962726635146,-2001.8987472122622,42.45206419350765,84.9041283870153,1239.246092762885,8774.792965097644,8063.793273311692,355.49984589297566,8345.408892573301,-84.95539829844178,9141.363982657695,355.4998458929756,30.01806444687808,100.0,-1781.21431268177,0.0,44.64930718312409,-2685.721349107999,60.034785461615385,120.06957092323077,784.437465502998
2026-03-25,43.14347731375891,47.73247149984467,149.0,41.86497405424223,486.8013320539962,0.0,7.1656513836729765,-309.1511179098002,15.545754408254032,31.091508816508064,764.8609411472883,10955.19112617272,10337.69112617272,308.75,10492.306188366016,654.7805867402274,10466.746751534336,314.61057495427417,38.084720248099245,100.0,38.77334756032786,8.010499901940637,0.0,345.60082079124385,37.1330802405663,74.2661604811326,-381.0936337120486
2026-03-26,120.53110675184571,119.93426482719599,171.53686154969526,20.680029553625147,1665.1527309506068,11.663677180105282,0.0,1405.8359193143365,14.034380100966047,28.068760201932093,231.24805143433832,4058.878345337238,3372.7672342261267,343.05555555555554,3572.270615054051,1556.981715314862,2699.899702636252,342.30540144853126,19.563353326297307,100.0,4429.379569531728,46.74845334924778,0.0,5634.642821121864,67.86441027356202,135.72882054712403,-1340.99207213726
2026-03-27,99.07743778899405,96.19606759166125,144.0,34.58293731429464,-1311.682052365422,0.0,16.635650367714806,-1648.2176143867196,19.020206626788895,38.04041325357779,298.4951487677199,5005.045900917086,4315.157320242246,344.94429033742006,4492.273349189076,-1100.1412037183911,6295.536261128285,351.56085411040914,28.34658969486632,100.0,-4692.3356218926765,0.0,44.96493453392227,-4455.010503970873,54.9988176363695,109.997635272739,-347.3227531945422
2026-03-28,57.25423226344059,56.212101124406736,145.72,72.84606135651066,3949.79226426575,0.31827605409043197,0.0,18.222651124784974,69.08953929873923,138.17907859747845,3793.3905345434864,17157.77204179018,16231.883769329388,462.94413623039577,16724.528819646854,2928.2777372955575,14747.28406114733,475.5164893980159,40.79837701532555,100.0,3816.5895858508584,19.31645238317034,0.0,1105.948651251725,94.84320498896034,189.68640997792068,2520.954524621213
2026-03-29,50.25708707444672,73.7504206417382,135.9,47.932815078327316,-109.55232736013699,0.0,17.051338907141947,-856.950624192134,26.65753965860967,53.31507931721934,694.0832175147777,10131.68096065225,9419.18096065225,356.25,9631.949536490807,-313.1861901226894,10684.055338295535,369.4598058410189,34.58640953473581,100.0,-2617.836019601662,0.0,39.63735306490622,-1992.0579043835796,55.61438362226048,111.22876724452097,-737.0068824626034
2026-03-30,66.09249967701346,63.315133949087944,160.0,59.902304515279134,1207.050674212249,0.0,14.485223559743872,-957.3646334438397,47.12224398662497,94.24448797324995,2070.1708196828386,17092.7899132088,16202.345776978404,445.2220681151979,16401.944109126816,1475.068516070694,15830.17527685097,451.64984189742506,15.494407248257291,100.0,206.32541512807657,0.0,4.374041379539372,-289.0913284644495,78.66516049412692,157.33032098825385,338.0864226042722
2026-03-31,116.77020111506617,112.6056661289756,164.0,66.39341251003286,-1355.4338341723321,0.0,16.9265786811192,-1976.5199967842805,24.691402483773317,49.38280496754663,571.7033576444016,5926.351934285056,5088.685575832438,418.83317922630897,5492.8792847474115,-1302.7184628283685,7650.694839554051,427.5485459891358,60.419990199995645,100.0,-2109.4038510530845,0.0,20.088685897485338,-2345.7598923867563,37.189536657785354,74.37907331557071,161.97696801810108
2026-04-01,114.7498282492101,122.2812639717837,168.45,35.94052916394249,4596.142131141076,33.477754077842015,0.0,3841.566530601664,33.26624058337439,66.53248116674878,688.0431193726631,4560.729665424897,3881.396640305612,339.6665125596423,4418.371328389936,5432.401653794498,-295.032146189479,359.49908960754135,40.19178273697926,87.82653448947984,9625.546184300701,84.32740427115678,0.0,9676.555156816947,81.2914749419503,162.5829498839006,-213.5919224001458
2026-04-02,103.49889969380959,95.49249567127534,141.1,61.386806829115784,-1530.8085743374284,0.0,20.298202378874205,-2100.8416119757485,32.95411394174699,65.90822788349398,504.1248097548262,2002.8975522542169,1524.1200826904878,239.38873478186454,1961.412337475011,-1365.148592014861,3813.067195341991,243.2531329260594,53.818064432904336,100.0,-2593.501653146699,0.0,27.093641660551455,-2804.1621005654356,53.682730286789955,107.36546057357991,103.29498684515666
2026-04-03,46.12408896339018,51.776287264601685,120.0,80.35582856437823,4589.516672463317,0.0,14.024433237428111,-646.8642063042603,110.41193604183871,220.82387208367743,5015.557006683901,8389.024890317687,7866.524890317687,261.25,9205.055153482966,4313.616654052452,5474.438666262222,291.5000834158537,38.2150460655427,100.0,4821.924406878508,8.546905961988527,0.0,394.21825095248875,137.40376773463373,274.80753546926746,4152.898620456752
2026-04-04,56.69395137164863,91.77818919356821,164.0,84.48185635189922,9895.30913628787,66.42560589844621,0.0,3765.930070638806,94.59572857497126,189.19145714994252,5940.187608499122,18507.264330768085,17474.32019453769,516.4720681151979,18931.823374802876,6877.451396902722,13000.2077792969,472.9179006983728,53.44276872200957,90.8367168510071,7953.640726262055,62.49612173460197,0.0,3543.152086538157,101.71137073606945,203.4227414721389,4207.065898251759
2026-04-05,20.40506687625848,15.503087397025778,128.12,47.83765834843267,469.7699399172071,0.0,15.44502808974153,-315.1568310768667,27.156922610380846,54.31384522076169,730.6129257733121,17618.372245658127,16877.20619541956,370.5830251192846,17040.94322692144,414.0118464398796,17398.523657065554,385.79613829199616,22.462936112358978,100.0,-1264.7522892616216,0.0,19.28373664028485,-393.4859357691684,56.7689212807604,113.5378425615208,-984.804196053974
2026-04-06,67.28769134966349,70.25535358556901,152.0,42.34690048910168,1483.2958608170047,0.0,0.0,0.0,23.600854693051453,47.201709386102905,1436.0941514309018,18937.555891243614,18154.167618782823,391.69413623039577,18700.553640155194,552.9893780038404,18930.952534612145,391.69413623039577,36.44616440012845,100.0,-2193.6824216479863,0.0,24.82808249325757,-1670.6243516102988,55.73218918141441,111.46437836282882,-634.5224484005163
2026-04-07,50.886069037518055,45.335083230234126,144.45,62.76551440340087,2241.330632743741,0.0,42.400226393606225,-2157.5808474714418,56.357233807531365,112.71446761506273,4286.19701260012,21457.93697434967,20662.492838119277,397.7220681151979,21337.67687329419,917.1968717583084,21223.2328605897,401.3764295269084,33.53533741864653,100.0,-633.6315669251733,0.0,68.01459314697051,-3460.995282435444,89.79012494873733,179.58024989747466,2647.783465612796
2026-04-08,106.05646785207004,97.50308318041868,149.9,67.61139221887255,1027.1286073904464,2.3799030426533494,0.0,252.40411053420863,29.277878458614452,58.555756917228905,716.1687399390089,6995.989111938252,5993.2113341604745,501.38888888888886,6400.584272188933,1399.7124184517643,6018.980834145313,509.05449020407195,56.90518720097097,100.0,1529.7109904611953,13.117553593363125,0.0,1391.201400972322,43.303173470878534,86.60634694175707,51.90324254711612
2026-04-09,101.70934137265236,102.93512953091931,143.85,58.77241884402876,3181.318767600222,27.389662323590134,0.0,2785.7845153517037,26.57526918917634,53.15053837835268,342.3837138701656,4172.307954026874,3471.8638177964776,350.2220681151979,3879.7779543630604,3348.629119055795,1231.5929715376615,350.22206811519794,58.23471752485999,100.0,4367.382857486416,44.496286532963545,0.0,4525.687996796543,45.21724596651745,90.4344919330349,-248.73963124316265
2026-04-10,90.66983689351522,76.01189222042773,142.9,23.284040044257193,290.6926604958199,0.0,5.629111879897993,-510.39065600569984,13.611641233936203,27.223282467872405,773.8600340336473,10330.549808560872,9591.660919671984,369.44444444444446,10127.56973682694,-425.2256520673743,11295.454189090291,371.3294000979887,35.71425716228168,100.0,-2779.0336141504604,0.0,23.304919519739833,-2113.0532516713097,58.45910421071193,116.91820842142386,-782.8985709005746
2026-04-11,4.705717212595243,-2.0833849244448355,62.22,73.4486054311384,586.0618944787067,0.0,41.93155071801645,-197.31801996458043,47.13488437504719,94.26976875009439,689.1101456931927,5530.171572336187,4645.005213883569,442.5831792263089,4916.5520357771165,419.7160678561855,5347.5165037473835,425.3402679132264,32.97073574897391,100.0,300.88819553420916,0.0,57.266725771211966,-269.48101717056375,64.17396776748663,128.34793553497326,442.0212771697997
2026-04-12,57.22923404091314,57.00108245373686,143.99,52.35205263918496,1064.7744789190617,0.0,2.572799485383659,-147.2393438893623,27.814958281319335,55.62991656263867,1156.3839062457853,10273.395699277175,9689.062674157889,292.16651255964234,9865.502047341857,893.3824764514598,9584.240638753407,306.06053393150415,33.29333823659378,100.0,1486.9624024308982,22.678821809829387,0.0,1297.8916011268914,53.130597329244225,106.26119465848845,82.80960664551841
2026-04-13,118.83267526248733,116.79647812877022,215.32,9.785750297710393,841.4882680047035,5.137861292427167,0.0,610.545802506701,5.340269433535246,10.680538867070492,220.26192663093207,6230.459830563443,5410.903966793839,409.7779318848021,5513.011874707853,1541.9403998405937,4819.862218644011,424.39537188837545,19.678836618388885,100.0,5823.763859396855,58.78285279879152,0.0,6985.3236576413865,54.571895573349536,109.14379114669907,-1270.7035893912307
2026-04-14,99.48293790559508,103.64588533233173,157.5,34.26686496850668,373.89640408740775,0.8659413439574178,0.0,86.14638895080336,14.016710943363698,28.033421886727396,259.71659324987695,5558.111111111113,4819.222222222224,369.44444444444446,4998.106619945107,383.64230304625676,5375.46504411069,380.50036360591946,33.944631449457695,100.0,688.5556214286402,12.596149291063986,0.0,1253.101937772524,40.90456175738838,81.80912351477676,-646.3554398586606
2026-04-15,84.56568380880198,92.50616938227722,134.4,43.63688155157908,1092.3707792813136,5.039125215314698,0.0,426.13706963126396,30.08229603888749,60.16459207777498,606.0691175722745,7644.833179793397,6902.166821340779,371.33317922630897,7149.655872441746,231.11933442726433,7684.257134594132,382.860298289825,25.12352701229419,100.0,-170.76051706467683,2.689373007246489,0.0,227.4286673747335,68.93777687420219,137.87555374840437,-536.0647381878147
2026-04-16,92.2262584564389,87.46396347352801,140.0,19.43237905796884,308.45094468732407,1.9773289428808574,0.0,182.36165013952706,10.686511495060618,21.373022990121235,104.71627155767578,3818.7118545552257,3128.8232738803854,344.94429033742006,3200.2045234211164,469.8930769439827,3435.426789050692,352.5576712867792,13.85378873870815,100.0,1218.3880903447573,32.283343584568236,0.0,2977.371989268409,54.99332564057967,109.98665128115934,-1868.970550204811
2026-04-17,74.96254989488195,86.68833759529196,134.0,35.06414054321701,363.23356809338253,0.0,0.0,0.0,14.537807277043054,29.07561455408611,334.15795353929644,9364.82870045127,8676.440427990477,344.19413623039577,8815.619866815929,242.6836592542312,9261.32448002249,344.19413623039566,26.823028577684106,100.0,-1674.2182116825404,0.0,18.522502155585904,-1388.4939920161667,41.460612043592,82.921224087184,-368.64544375355774
2026-04-18,74.08025605347667,68.64715369750097,115.0,33.1654568755855,1004.1565202142738,10.510355073757001,0.0,778.6097950768764,14.073855657688327,28.147711315376654,197.39901382202072,7124.635339764338,6438.524228653227,343.05555555555554,6514.849067636298,-299.3380325692706,7500.29821131668,343.05555555555554,9.830142611003478,100.0,548.345643788302,15.168404269527834,0.0,1123.6792722092707,42.435283525518656,84.87056705103731,-660.204195472006
2026-04-19,90.90614248804184,99.72996756277693,140.0,47.46649612641607,842.2209570439537,7.120495287229042,0.0,647.2967591662737,8.360108283296329,16.720216566592658,178.20398131108743,4531.317612355424,3952.262365013917,289.5276236707534,4043.121199015373,452.0046061886958,4178.624219250189,293.7538132117559,29.002638295417448,100.0,971.3272076217851,11.225151396815955,0.0,1020.435212328793,17.612650954962227,35.225301909924454,-84.33330661693238
2026-04-20,97.74037596872512,101.41814730508297,148.55094406170343,43.14945140583401,350.32142658623184,1.4270637346652646,0.0,139.48174595751595,10.692047158740635,21.38409431748127,189.45558631123458,3273.9022882850695,2489.013707610229,392.44429033742006,2647.867793635258,559.5246040550132,2879.1805700383993,395.4186902290773,47.26355717527741,100.0,895.2179304469676,10.742661075938704,0.0,1049.9917324668381,24.77910334984009,49.55820669968018,-204.33200871955074
2026-04-21,81.26199305508882,78.3601838584227,154.5,68.76618566208,5264.005674551023,31.381669200857786,0.0,2550.1369846572,52.936834717428084,105.87366943485617,2607.9950204589663,10219.92071505606,9234.476578825665,492.7220681151979,10738.025355512107,5031.016644021781,6695.240557793898,494.11592315178586,65.83829273732853,100.0,6754.5424803272645,58.09730714739606,0.0,4721.102969931061,76.98090886931256,153.96181773862511,1879.4776926575782
2026-04-22,55.09820040800756,66.62315304221856,149.0,73.337952600134,1884.092738336003,9.801752757227703,0.0,540.0589377674727,27.96979377030189,55.93958754060378,1288.0942130279268,18841.3818435815,18152.99357112071,344.19413623039577,18356.769136993375,843.3055403880323,18203.352177280183,344.9442903374201,36.86015886779239,100.0,821.1122016584955,2.474886519474476,0.0,136.361793437081,38.138225541696926,76.27645108339385,608.4739571380205
2026-04-23,107.85035194852853,109.2974372553628,169.3,49.314387257187065,1259.4013137385862,6.702384843677005,0.0,722.8545642850484,18.04718692270771,36.09437384541542,500.45237560812234,5544.279047131604,4653.834910901208,445.2220681151978,4960.052256284394,1391.8386951704258,4459.304485384214,445.54546213512253,39.5873251968971,100.0,1294.610504234047,9.777723209519545,0.0,1054.5308894019788,36.596190131263384,73.19238026252677,166.8872345695415
2026-04-24,105.67469935545958,102.91657503963397,150.0,67.92854734792851,425.845888390783,0.946392533176066,0.0,100.00974641563258,17.703072739780342,35.406145479560685,290.42999649558976,2662.0121188888224,2130.4568715473156,265.7776236707534,2292.63720751829,618.367009428145,2218.636798295407,272.18330010263105,52.472310738221225,100.0,925.2512010231308,7.465675494429751,0.0,788.9330133592861,26.061315059639945,52.12263011927989,84.1955575445648
2026-04-25,101.72181050772242,103.26231030714848,154.0,25.297550559878523,389.3023002692463,2.8889825556091497,0.0,293.8725360817896,5.8634127809306325,11.726825561861265,83.70293862559544,2562.5253304982925,1992.5253304982925,285.0,2067.992723388751,419.6552063424887,2224.9554716559624,288.3089773048501,25.88909955928308,100.0,360.4842667212074,6.8213363291822295,0.0,693.8786814865176,23.177788565150276,46.35557713030055,-379.7499918956108
2026-04-26,98.53951916264596,103.05269867028608,169.0,83.41320989858583,2153.59574321348,14.898761873710228,0.0,1468.116831154168,31.317575563335694,62.63515112667139,622.8437609326409,2446.2624565052174,2024.0402342829952,211.1111111111111,2592.2151178500444,2518.924766100935,550.4874877816942,238.59856801629243,75.91381770175849,100.0,2408.5987420239017,18.21213834149889,0.0,1794.615355094889,37.545102989576534,75.09020597915307,538.8931809498595
2026-04-27,96.03970619020372,92.00290884979188,147.44,61.54919946794588,160.21333159761582,0.0,4.064596397118779,-390.3626437610481,21.349705043627473,42.69941008725495,507.876565271409,5404.287522324561,4661.621163871943,371.33317922630897,4988.302441762207,-63.70570142327455,5816.164981228438,382.0784190214783,46.925879059369045,100.0,276.5699208193782,4.9359174674682285,0.0,474.04406335474306,34.68721807624185,69.3744361524837,-266.84857868784854
2026-04-28,96.72795681372706,101.04363938951754,135.0,78.0671144605349,4736.202903400228,39.456402469172524,0.0,3816.5371940631535,39.46661985163273,78.93323970326546,840.7324696338087,2356.243581445113,1881.2435814451128,237.49999999999994,2745.53580119215,4744.493832792922,-1488.5138953703768,255.22206811519789,77.86183334924573,100.0,5663.384334377928,51.31533657738752,0.0,4963.627660339409,50.55473117503809,101.10946235007619,598.6472116884429
2026-04-29,69.77989722882576,101.27890257797276,136.0,47.70913391718772,1475.0537852100774,11.729891292899694,0.0,818.5106089238387,16.818298172987085,33.63659634597417,622.9065799402646,11898.542523803026,11020.154251342234,439.19413623039577,11163.59169674206,812.9976438621227,11240.874070598045,445.14000885905443,33.339272173820056,100.0,320.2927888488001,8.39021824341525,0.0,585.4685667529351,35.25173649595034,70.50347299190068,-335.6792508960357
2026-04-30,47.86822715045519,55.763121179341,150.0,63.30594188224481,775.384850512898,0.0,31.18045020478451,-1492.552873056082,35.00924514069545,70.0184902813909,2197.919233287589,18634.855443173565,17754.966862498724,439.94429033742006,18269.370513112048,670.6752733217427,18482.251301396886,441.778030803291,65.41981324847455,100.0,-1454.8004868195317,0.0,49.443635521841486,-2366.7791763038235,55.301673270758755,110.60334654151751,801.3753429427743
2026-05-01,110.97898850817873,114.8925274014757,197.3311819375,46.74498456190159,2218.988062250078,16.781516295212338,0.0,1862.395704076184,16.130691082390168,32.261382164780336,324.330976009114,6354.414926230209,5516.748567777591,418.8331792263089,5841.38126958487,1957.5703768843337,4729.498964257016,422.8440357782401,39.61616902042684,100.0,3099.5664854568863,31.988105006327874,0.0,3550.007537895676,34.50785412289366,69.01570824578732,-519.4567606845768
2026-05-02,102.12302759012375,92.36479166666668,169.0,52.23111447455096,2055.3222254577213,13.989041759344236,0.0,1428.6032975489047,22.981410594034365,45.96282118806873,580.7561067207478,6789.4398200592295,6117.661734067403,335.88904299591326,6422.236476633336,1565.5480152080363,5568.218374871102,355.76495672290156,37.59905435203502,100.0,3114.081678101336,36.86365596027284,0.0,3764.628154703773,43.99946435229103,87.99892870458206,-738.5454053070191
2026-05-03,106.25748098623914,98.82279928256558,150.0,24.56885373380484,1770.4501227514775,14.017889790474753,0.0,1489.5056578785668,13.464478385903634,26.928956771807268,254.01550810110348,963.3500000000022,583.3500000000022,190.0,866.6092145061559,1805.153156073515,-558.5439415673591,190.00000000000003,23.951375340618487,100.0,5461.457450070995,59.949623319132336,0.0,6370.095959964903,54.80303856169549,109.60607712339097,-1018.2445870172991
2026-05-04,111.68504670595796,112.72731472525383,169.0,11.36542379042378,608.4272577304905,4.736014816388737,0.0,528.942035968485,4.99753831557372,9.99507663114744,69.49014513085808,3669.818782837785,3201.5968688296116,234.11095700408674,3314.611484377243,859.909195617634,2954.655988500567,249.976849870479,19.31893225771526,100.0,4211.185263956074,43.94276835887926,0.0,4907.750136550522,43.97142075585886,87.94284151171772,-784.5077141061661
2026-05-05,116.29896217545709,112.06926558437858,172.11,25.9029622826317,2670.95272679663,19.672968817480744,0.0,2287.94585638314,17.705671935732667,35.411343871465334,347.5955265420248,3468.8269165630154,2844.548830571189,312.1390429959133,3142.0007008772063,3040.6338506976927,755.9164534935137,327.27480165699984,30.11368990338671,100.0,7499.033680473753,75.94872201420662,0.0,8832.757548804522,68.35384981278597,136.70769962557193,-1470.4315679563415
2026-05-06,104.51622089556388,100.62205477221995,143.0,24.600708283622343,-53.23649618056963,0.0,1.0945294035110067,-114.39607691404615,4.480215686594828,8.960431373189657,52.19914936028686,4781.662016042403,4045.773743581611,367.9441362303957,4068.0263536407633,-208.06661313878135,5011.981239240336,367.9441362303957,17.478638480073116,100.0,506.47315802988453,6.645386351803055,0.0,694.5506678814135,18.211734536023435,36.42346907204687,-224.50097892357581
2026-05-07,124.31825049322809,118.11407768136854,157.0,6.584198150275123,43.717904600601656,0.0,0.0,0.0,2.7905382471122273,5.581076494224455,38.1368281063772,7086.901611613059,6231.901611613059,427.50000000000006,6321.796442402779,1135.0211445267764,6048.737779128717,430.9812406263578,27.988090312444967,100.0,2349.1279880506763,24.568864893769227,0.0,3054.3583001978805,42.38235519986014,84.76471039972029,-789.9950225469245
2026-05-08,110.0875550256127,106.32072726516923,145.0,81.79643008676094,-806.5913516231365,0.0,13.07126730784938,-1438.9838590073612,32.35525157873632,64.71050315747264,567.682004226752,4078.5864231563464,3295.198150695555,391.69413623039577,3610.9072406213545,-912.7969155606949,5308.302101613257,392.29897271560367,58.775347442939044,100.0,-1134.2617297049203,0.0,14.271801389226834,-1571.1477207511248,39.55582357862968,79.11164715725936,357.7743438889451
2026-05-09,99.97491723121804,97.05798512596424,174.0,43.22540178181102,1511.9868377794162,9.91361191869169,0.0,991.1125310336183,15.53573725664617,31.07147451329234,489.8028322325056,8593.144888433402,7857.256615972611,367.9441362303957,8101.462943508883,1672.5770557152157,7164.774160254459,367.94413623039577,31.64007458015937,100.0,2349.402313557801,29.205929820589372,0.0,2919.8604164741855,35.9412211714444,71.8824423428888,-642.3405452592734
2026-05-10,64.60092369747231,60.296477230697406,127.94,23.826050718324144,1170.6571834275649,7.120757519252912,0.0,460.00751316945957,19.421243851702783,38.84248770340557,671.8071825546997,12597.586000879199,11956.697728418407,320.44413623039577,12513.315743160025,48.689935991827326,13150.994143529035,343.18416818041936,22.1837240098257,100.0,-1581.615056868962,9.264685606951497,0.0,598.5072479757437,81.5126437918907,163.0252875837814,-2343.147592428487
2026-05-11,105.09600034988678,108.76730292806951,149.2225607235026,63.01505271320882,4999.159036979643,40.40813879353812,0.0,4246.733768783956,42.00678746354135,84.0135749270827,668.4116932686038,1603.8623545712417,1235.918218340846,183.97206811519789,2028.5254856822087,5448.9317457457255,-3050.7516376541453,184.82731120468577,64.34433823939565,100.0,7158.274439443604,66.35529579278654,0.0,6973.676189855534,66.66151285268408,133.32302570536817,51.27522388270168
2026-05-12,101.06362826711984,104.0773145770097,175.0,60.088371241060756,-400.4729432280709,0.0,12.000332321690166,-1212.7971248411982,26.07489998856238,52.14979997712476,760.1743816360025,7529.617769726545,6792.229189051704,368.69429033742006,7266.846497689919,-473.9657620188242,8484.756017867012,371.9718790791345,51.681868584233335,100.0,-1913.5042934207643,0.0,22.879845346824048,-2312.3201849406173,43.3942532473644,86.7885064947288,312.02738502512426
2026-05-13,119.89749700950212,121.28703067908002,168.78,49.12398346723622,1461.2422719434385,11.141436178070757,0.0,1335.8303108417972,13.779542030808251,27.559084061616502,97.85287704002485,3864.7697250810306,3132.6589221839686,366.05540144853114,3243.1351496960715,1068.343847177735,2934.947779890214,380.0782386859387,34.817339489324915,100.0,2558.899674603307,23.305727159233403,0.0,2794.298352378459,28.050538776031196,56.10107755206239,-291.4997553272144
2026-05-14,100.74594887439666,90.45882445660983,135.0,59.304542199860954,-1768.6406409370418,0.0,25.126499180947697,-2531.3930018763263,29.29799589595624,58.59599179191248,704.1563691473721,3504.830295479129,2867.719492582067,318.55540144853114,3494.9890554476938,-1583.462179044921,5716.146407123525,318.84758631545515,54.76772727607981,100.0,-3889.1093153462116,0.0,41.3252076276417,-4163.347254878218,49.40261708322391,98.80523416644782,175.43270536555895
2026-05-15,110.06734827384632,108.31760031132113,139.45,24.146826863103588,198.00212557268588,0.0,0.0,0.0,11.98624825236574,23.97249650473148,174.0296290679544,1173.3750000000055,698.3750000000056,237.49999999999994,808.1334192712068,-223.76201507486664,1460.8947598624388,214.49966275818267,13.952237896098529,100.0,-2400.3831657687565,0.0,16.152861626148415,-1777.9026462245251,49.63902015084537,99.27804030169074,-721.758559845922
2026-05-16,110.34119543360617,101.22845108417431,135.0,19.325650620503843,-100.85721270051275,0.0,1.2976578286655722,-143.18511607873694,6.205704771738564,12.411409543477127,29.916493834747058,812.6833456008899,444.73920937049417,183.97206811519786,480.3227305099432,-179.64370077980774,1036.8325277078156,188.43304820903234,18.372587052914614,100.0,450.49739815283914,9.625150686431997,0.0,1062.0506329695015,32.11123337371377,64.22246674742755,-675.7757015640899
2026-05-17,101.84038267339344,91.2643925797832,157.85,27.749947042739965,2990.1159785794066,23.788475166761824,0.0,2422.627414199541,23.09258671919501,46.18517343839002,521.3033909414758,5812.728529088508,5147.728529088508,332.50000000000006,5324.891828099807,2069.2740242366062,3922.069365165925,333.22578065136224,18.439922574485113,95.40371266228932,6866.454568361546,84.32740427115678,0.0,8587.935120828559,79.39180945440638,158.78361890881277,-1880.2641713758255
2026-05-18,117.23607200954247,115.33577563136136,155.57,46.856122267674294,537.3439755993182,0.0,0.0,0.0,28.34538053854201,56.69076107708402,480.65321452223424,1772.688638221749,1297.688638221749,237.50000000000003,1711.072136852743,744.5144102224488,1445.335196194023,239.38873478186457,49.505728141453545,100.0,1196.2053515552423,10.808326012387344,0.0,1267.1256866908536,60.4945077968974,120.9890155937948,-191.90935072940619
2026-05-19,96.54108860894301,101.61919108825111,144.5,44.55109284713472,606.4633246714668,0.7833851328065751,0.0,75.62885352120816,18.923503691902788,37.847007383805575,492.98746376645306,5155.202831410206,4395.202831410206,380.00000000000006,4632.43682916092,1073.5182652307922,4309.864201665327,375.47281886759947,29.929293544566328,100.0,636.1927791242747,11.16026617984947,0.0,1077.4242461682377,42.47595846152143,84.95191692304286,-526.1833839670059
2026-05-20,113.42407538026109,110.06196055928903,155.9,37.01759203195672,4050.3447155470976,32.44714038439107,0.0,3680.2868968330863,34.6731120743446,69.3462241486892,300.71159456532223,1385.6578166286636,1005.6578166286636,190.0,1516.302600965032,4804.563760401055,-2897.319787979238,195.47068572839265,43.34535475852833,88.1672946500786,8265.707089630507,77.6387794438319,0.0,8806.106772068653,82.58328867136598,165.16657734273196,-705.5662597808785
2026-05-21,108.04070266189797,112.37665275178779,197.51,79.2664114453021,3059.544345860108,12.227889178172296,0.0,1321.1097388815529,44.32889620556263,88.65779241112526,1649.77681456743,6205.384841147221,5443.8845329331725,380.7501541070244,6109.830807941657,2171.3533430141406,4724.593004087812,393.0577695801474,62.155343403477694,100.0,3106.5979999131887,16.214779046986525,0.0,1751.8561217438444,55.92393473766862,111.84786947533723,1242.894008694007
2026-05-22,107.32598947012983,115.1926856283629,202.7,29.380699000973088,1045.0017725668745,7.206146945855572,0.0,773.4068512311034,12.081101432850662,24.162202865701325,247.43271847006974,5203.551172428191,4562.662899967399,320.44413623039577,4745.441873095763,1023.2566906797048,4366.151350628042,321.9830841059915,21.949888471028,100.0,3504.2120201793387,37.207033062872696,0.0,3993.281638720647,41.119176342436695,82.23835268487339,-571.3079712261818
2026-05-23,111.37357009918841,110.35698071974961,156.9,32.24639337698434,76.8933213881786,0.0,0.0,0.0,9.647864209999858,19.295728419999715,57.59759296817889,3509.644973111639,2930.589725770132,289.5276236707534,2988.3554694178365,566.5538458666357,3029.200259763744,303.69931810627145,34.23900742120619,100.0,77.67901110294984,4.424871873208608,0.0,492.81377775072605,29.919203977974043,59.838407955948085,-474.97317460372426
2026-05-24,94.09003238171432,88.97413006020223,144.49,20.189636806440635,-272.9224374874351,0.0,3.717415394630298,-349.7717348570481,4.228358499557036,8.456716999114072,68.39258037049893,4561.767757418673,3920.8794849578812,320.44413623039577,3984.7881614111966,-137.69924160700992,4765.694460979064,321.60352898042913,11.764263527794705,100.0,-1487.9450855354949,0.0,11.700711323977217,-1100.9203073621077,20.943212302898683,41.886424605797366,-428.9112027791845
2026-05-25,110.1641227235275,100.60305399340854,178.99,20.67223314119132,177.4937501250806,0.24221109582325778,0.0,26.68297288527345,5.557713321780563,11.115426643561126,139.69535059624602,4906.8629779132025,4382.862669699154,262.00015410702434,4499.4036849193835,181.2949447733076,4852.66959705776,267.28042845584184,20.50589477305612,100.0,1156.1582354981592,17.17146601698365,0.0,1891.6794896378688,26.884919901112696,53.76983980222539,-789.291093941935
2026-05-26,126.0439987953633,121.88370546611793,167.6,19.94235850958461,108.98386221897147,0.0,0.0,0.0,6.611673888383363,13.223347776766726,95.76051444220474,3362.8340936676796,2852.3899574372836,255.22206811519789,2970.551574505439,385.4814584127788,3100.9564348718573,257.94315938959846,17.480926960292475,100.0,-1670.3985872918793,0.0,7.240339664595237,-912.6013639622631,33.15392151437699,66.30784302875398,-824.1050663583701
2026-05-27,102.10607627452109,100.80687499999999,148.88,67.11599342836539,99.89030559884631,0.0,1.7568126722553394,-179.3812487133489,12.844037126455584,25.688074252911168,253.58348005928406,4602.277475159321,3961.389202698529,320.44413623039577,4131.568878634607,67.53481462502455,4713.175232927591,324.57058445900424,67.08195527592676,100.0,-437.5119334582094,0.0,5.599168798918457,-571.7091564562867,19.137073699377414,38.27414739875483,95.92307559932246
2026-05-28,73.30138686143015,68.48000315658548,134.9,49.880509698573114,42.20840482114953,0.0,32.97877402459612,-2417.3898729926036,37.443089922283434,74.88617984456687,2384.7120979691863,12105.873214790805,11322.484942330013,391.69413623039577,12577.111023922487,-197.03308306202862,13561.314447685212,393.58517035034845,52.8726375408817,100.0,-3840.705611369047,0.0,66.83900789550462,-4899.391975182568,75.06557200107063,150.13114400214127,908.5552198113797
2026-05-29,98.57836459838873,97.07329960480301,149.0,50.77354517558975,-557.5680112000452,0.0,13.500970040070527,-1330.9035470419954,24.034029455922614,48.06805891184523,725.2674769301049,4838.427824617291,4197.539552156499,320.44413623039577,4780.5593967609375,-390.07648598909094,5817.368415137385,323.36626619367877,44.86877383917578,100.0,-3102.4704787226556,0.0,34.47250265714663,-3398.2429355551244,47.33573236378496,94.67146472756993,201.10099210489892
2026-05-30,107.78455351367828,110.25135329832146,153.3169216913631,48.375352675559604,1042.710120233171,6.802415946845041,0.0,733.1953656450179,13.935408743411147,27.870817486822293,281.64393710133083,1465.2604398129624,1085.2604398129624,190.00000000000006,1327.3553467035624,763.4873774622849,954.2320286028628,195.18202968079262,36.02660727720405,100.0,1183.1814838959262,10.283240652598016,0.0,1108.3745024139828,28.806836483182174,57.61367296636435,17.19330851557912
2026-05-31,104.00026732096428,105.046875,154.9,40.50172366728406,2646.9250424679813,20.234463597769338,0.0,2104.389623264332,21.223725970472387,42.447451940944774,500.08796726270475,2869.885639826898,2442.385639826898,213.75000000000006,2740.80413786761,2365.250299205899,824.2085800355262,224.32737068690776,36.39846884926358,100.0,5334.232461204131,54.67451653221323,0.0,5686.164334994657,52.402031441482066,104.80406288296413,-456.7359366734901
2026-06-01,110.03145057368114,114.23106468183978,173.5,40.00254544921741,3206.1874004918222,22.13106642286381,0.0,2435.1133412501936,26.306838951754585,52.61367790350917,718.4603813381195,3350.838826008445,2828.338826008445,261.25,3495.2472514260116,3144.826454542409,860.6451801861319,255.1121916512647,36.68781782382482,100.0,6027.690168810179,61.02839326369683,0.0,6715.042636985632,65.76291247553405,131.5258249510681,-818.8782931265215
2026-06-02,114.49031374424577,121.85371493737027,163.75,56.91961341861214,1389.5388072739474,7.8168714144385,0.0,894.9560607374901,25.545680221657612,51.091360443315224,443.4913860931422,3643.081275397155,2851.4146087304885,395.8333333333333,3054.099136957078,784.2361574386291,3068.429088990308,399.28305473592974,28.237060275873983,100.0,1722.5128413324924,15.437572941691077,0.0,1767.4525695438904,44.88027709145408,89.76055418290817,-134.70028239430616
2026-06-03,90.7369154447612,108.14410877821076,160.0,37.576523936207685,2453.3977425019334,19.762088071166193,0.0,1793.1509143253306,21.341158763236475,42.68231752647295,617.5645106501297,9173.5848618713,8354.028998101696,409.7779318848021,8638.617484400585,1926.3374426355338,7582.335820776301,435.0278895056242,25.128624261994638,100.0,2495.5831656592636,34.74425137900362,0.0,3152.586199568179,56.793860974119326,113.58772194823865,-770.5907558571539
2026-06-04,41.332915540354584,35.36063171284513,134.5,57.859675173168945,911.6023071369082,0.8506121554741065,0.0,35.15828037981021,17.935608232475303,35.87121646495061,840.5728102921473,15038.842217779362,14037.564748215633,500.6387347818645,14338.43231176939,574.4584360710586,14770.922128134494,503.4741262180818,34.38273099713539,100.0,286.2269252164407,0.0,1.5368277861161401,-63.52157308360854,30.998459944331866,61.99691988866373,287.7515784113855
2026-06-05,98.63430481016047,88.03417024021162,160.0,32.44977951431148,240.80721619764415,0.0,0.0,0.0,14.942326682223348,29.884653364446695,210.92256283319745,4654.005972819014,4069.672947699729,292.16651255964234,4230.982571013441,31.108721339431895,4824.11421925856,312.1201847922755,29.121620662898128,100.0,2212.7504188458593,27.670030828640883,0.0,2729.214254858702,46.047544562308225,92.09508912461645,-608.5589251374594
2026-06-06,78.76246083840033,90.89247092211157,145.0,67.90860561575079,9294.71143873841,84.3274042711568,0.0,6641.833876510939,84.87402748299365,169.7480549659873,2483.129507261484,11143.667451798165,10455.279179337373,344.19413623039577,11452.014437891692,6015.778088069714,6131.991237777602,347.8774439778115,40.42147271765395,68.97470139892498,6596.783266160139,84.32740427115678,0.0,6641.833876510938,86.20646307020947,172.41292614041893,-217.46353649121855
2026-06-07,39.34245875117899,39.45925172831024,144.9,45.92636064085029,2027.3359763624012,15.042775392177173,0.0,591.8197703699808,28.40134671936554,56.80269343873108,1378.7135125536893,16354.619908179231,15666.231635718439,344.19413623039577,15913.444855030019,1342.8113304949297,15271.483138001075,350.4248067329935,31.841062781715657,100.0,663.1926073713,30.31517141098449,0.0,1192.6733807715777,61.841056689572056,123.68211337914411,-653.1628867794218
2026-06-08,107.98428305029928,106.96354166666667,156.54,20.908424567813277,346.3710479206649,1.9165973243356476,0.0,206.96238796450683,10.300800955876522,20.601601911753043,118.80705804440504,2196.626541271822,1827.1820968273778,184.7222222222222,1989.3144461767258,1719.961770874349,699.4866838008315,215.06700424922732,35.86840981260813,100.0,3622.0100495258384,41.4243734747895,0.0,4473.181270482979,49.266270265688576,98.53254053137715,-949.7037614885178
2026-06-09,94.26592884238654,98.16086422895494,156.0,42.786865712389364,2805.3311635153423,20.835948117062642,0.0,1964.120002566685,26.032327954940914,52.06465590988183,789.1465050387756,5932.921279472372,5315.421279472372,308.75,5760.761593706034,1972.4561353099616,4415.169792374875,313.4321669894016,32.35889790768781,100.0,5572.969942897564,58.451499190224276,0.0,5509.984863396497,60.841867057822355,121.68373411564471,-58.69865461457766
2026-06-10,111.47798587195783,101.37907300714254,172.9,16.64966057844971,719.1766103267688,5.399303093761653,0.0,601.9034340047798,5.909082649097419,11.818165298194838,105.45501102379421,5079.645484462615,4393.534373351504,343.0555555555555,4539.766228209704,731.8403536178578,4494.036985702958,343.0555555555555,16.313071063093034,100.0,3029.693731417233,35.20849972633443,0.0,3924.972635065141,35.49070938266315,70.9814187653263,-966.2603224132343
2026-06-11,114.53097244419043,120.29875301932367,157.0,58.56762332248007,5733.244703198202,44.90571572785097,0.0,5143.095290613148,40.415144155065875,80.83028831013175,509.3191242749226,1921.6851361409554,1453.4632221327818,234.11095700408677,2150.544046514965,6414.815903809203,-3749.087399383885,257.5922289551762,66.6706355988063,100.0,8456.968823415626,76.67327642884689,0.0,8781.46490987806,69.00594878596223,138.01189757192446,-462.50798403435806
2026-06-12,72.34086783387177,76.76108232127326,150.97,68.93444032712863,2872.3453321756233,18.722850666168217,0.0,1354.427265514593,28.63997967089383,57.27995934178766,1460.6381073192426,14608.434957334888,13812.990821104493,397.7220681151979,14275.45739177553,2139.534942890862,12948.762527471485,406.4200392934087,51.53082634305648,100.0,2855.6125696620047,26.699509497893278,0.0,1931.4656878163016,41.54669209611727,83.09338419223454,841.0534976534685
2026-06-13,27.193728364679878,20.92800293911723,130.0,39.50054186673795,126.67770686125424,0.0,9.47218647334134,-257.5840659756395,14.83133702321786,29.66267404643572,354.599098790458,14976.237844930736,14192.849572469944,391.69413623039577,14428.647611255194,115.08017480977408,15121.970017589545,404.201290572063,22.67014415327556,100.0,-830.9984651825478,0.0,10.565769461606482,-287.32266470275664,37.54717358879277,75.09434717758553,-618.7701476573767
2026-06-14,49.226903019260774,46.29771498163239,150.0,54.09104206435429,262.1616014145843,0.0,5.718249199335454,-281.49169877565197,14.234074299699248,28.468148599398496,515.1851515908378,10537.029471855843,9919.529471855843,308.75,9984.23906115245,42.887828929216084,10566.82307822034,312.735922998554,28.542772481159705,100.0,-491.14348227962523,0.0,7.270489536066193,-357.90368329448074,26.31503065288407,52.63006130576814,-185.86986029091264
2026-06-15,104.36970316204345,103.49719355633196,149.65,48.34702098963959,2823.1803480492645,21.493824517814236,0.0,2243.3040847413235,27.713562034951345,55.42712406990269,524.4491392380382,2962.2135377471495,2404.2694015167535,278.9720681151979,2807.3017492888257,2823.1803480492636,542.0655374699577,278.9720681151979,48.3470209896396,100.0,5371.273781268223,54.19999927577082,0.0,5656.837835795171,57.32217097903542,114.64434195807084,-400.20839648501885
2026-06-16,108.33154901140179,111.45550713373298,157.17,36.78672289233514,785.3368212037135,5.885696615092665,0.0,637.6066313241527,10.235097667229725,20.47019533445945,127.25999454510134,5908.886726281413,5099.8864180673645,404.5001541070244,5180.216374274047,933.2116198420088,5058.494606667005,405.744926117484,28.72352270564963,100.0,663.4791263090557,9.181916146628012,0.0,994.6911990570139,27.822803616362094,55.64560723272419,-386.8576799806824
2026-06-17,108.98628336979354,125.12891798631847,167.0,37.93990218896599,4238.53593065768,32.64057254701461,0.0,3557.3746889612376,29.376515292313137,58.75303058462627,622.408211111816,4447.42951904338,3759.041246582589,344.19413623039577,4193.656932767724,3561.915251250478,1337.004832526537,352.63157550464507,31.87591161956679,100.0,8264.577983272411,77.74243031069287,0.0,8472.8585396976,77.42907492486019,154.85814984972038,-363.1387062749088
2026-06-18,108.67989965240926,108.31489196301952,385.55,11.233992561637585,487.7189466433337,1.6755076290045443,0.0,182.09400098706004,7.918348680583175,15.83669736116635,289.78824829510734,2833.3806362991527,2143.4920556243123,344.94429033742006,2426.6606559883976,540.9685438896973,2588.1629742462296,351.23543107376463,10.469191778572352,100.0,5457.830763051715,62.33878289849271,0.0,6774.972669861514,70.48561441658026,140.97122883316052,-1458.1131356429598
2026-06-19,88.86489228921866,89.63358794537032,155.0,55.23044340512925,2278.663278847598,14.315624194797934,0.0,1272.1564021236509,37.93041963164018,75.86083926328035,930.6460374606668,5588.660589904714,4874.660281690665,357.00015410702434,5382.682900611852,965.2619340477435,5086.606052895066,334.5925431654782,37.988286796479244,100.0,2336.9356076230124,20.48467937985836,0.0,1820.3688266702916,68.67665239152794,137.35330478305588,379.21347616966494
2026-06-20,110.93741772401076,105.61614133217334,148.73,9.052954830569993,1464.9315473051424,11.783980267100027,0.0,1307.2843413427756,10.605582240390023,21.211164480780045,136.4360414815867,3597.124428566376,2965.2914034470914,315.91651255964234,3089.3995995843457,3611.16832580507,145.41076792104832,333.58974707088623,25.493175078953367,64.78389852513469,7824.7421533849165,84.32740427115678,0.0,9355.064473210849,75.8946638440411,151.7893276880822,-1682.1116475140143
2026-06-21,108.72488098418059,112.85560127412202,176.0,21.390160920095415,1051.0117993986673,8.276246056555463,0.0,899.8338674947867,7.448621450899949,14.897242901799897,136.28068900208075,3390.0889701995693,2749.2006977387778,320.44413623039577,2914.094423992173,1139.539956637625,2415.4427398153393,320.44413623039577,23.672576793322797,100.0,3292.975077787871,35.94719504392287,0.0,3908.35450286564,34.82265270805974,69.64530541611948,-685.0247304938882
2026-06-22,116.77057880153214,101.89449642034974,184.44,64.92085825151243,1773.9746171181505,6.775072049966213,0.0,791.1290846966376,24.17930303870486,48.35860607740972,934.4869263441033,7434.326429989036,6754.993404869751,339.66651255964234,7106.818079944446,1511.5334090658646,6287.589428285341,346.15237870337944,56.16603657253301,100.0,2723.691866649233,20.41989840111916,0.0,2384.4433553671647,37.24427509111305,74.4885501822261,264.7599610998421
2026-06-23,210.30908159110862,204.2250668045522,800.0,9.173450442976394,558.0886809517915,0.0,0.0,0.0,3.281544555408156,6.563089110816312,551.5255918409752,36195.34109891779,35362.95251824295,416.19429033742006,35636.77018973603,1136.9150779309086,35344.04843317786,422.09666068636466,16.587529993721084,100.0,98.51203205945762,23.248213601590138,0.0,4889.310451184341,35.77219472440338,71.54438944880675,-4862.3428085736905
2026-06-25,104.87580568658885,105.24791739699337,180.0,13.577122123099784,367.55626394104104,2.32715789288927,0.0,244.06255897666665,5.448111309148674,10.896222618297347,112.59748234607702,3298.2208102777586,2633.2208102777586,332.50000000000006,2709.86103602681,329.3514547832096,3046.8815769102807,333.1859978333402,7.377478534058235,100.0,3399.664843635708,39.673999536591374,0.0,4160.8426662093725,40.12714373305509,80.25428746611018,-841.4321100397746
2026-06-26,111.70220620619301,115.27946717344146,193.42,18.813018219295273,963.1580649705321,5.91924530678063,0.0,661.1927598430502,15.480865366814292,30.961730733628585,271.00357439385334,7676.352740324732,6886.186381872114,395.08317922630897,7215.704192822676,1053.8128893121357,6956.803699084643,397.45619778705117,16.05508137968814,100.0,3226.871151435524,48.94106933898302,0.0,5466.825419254672,82.28804749116001,164.57609498232003,-2404.530362801468
2026-06-27,82.09063813962295,79.25535003757183,140.0,41.608709327192926,222.18983863155847,0.0,9.0194725967584,-740.4142611507391,22.82712764129026,45.65425528258052,916.9498444997171,9617.98059483082,8929.592322370028,344.19413623039577,9401.222387876613,133.81701591017224,9971.494418409238,352.0445232213989,29.543450323891395,100.0,-2388.773464996509,0.0,24.833913676008596,-2038.6318211678554,54.86141726191886,109.72283452383772,-459.86447835249146
2026-06-28,60.67963158072562,56.037778898648526,152.5,61.17047281718471,4479.341112443124,26.008765612712303,0.0,1578.202315248828,40.80249194780532,81.60498389561064,2819.5338132986853,22319.105889554492,21583.217617093702,367.94413623039577,22321.45901570984,3414.2033173288132,19644.361043195488,368.55267240723083,47.91482974067338,100.0,4223.561387373692,48.38108628792365,0.0,2935.7464914265033,66.70292065544182,133.40584131088363,1154.409054636305
2026-06-29,114.2660290201407,112.30234140650332,193.04,26.407102093623948,2636.449702277363,19.289380888897213,0.0,2204.1209564312767,17.36044280000749,34.72088560001498,397.60786024607114,6322.470830878221,5590.360027981159,366.05540144853114,5835.447267277266,2363.7563137575653,4243.7241179572775,386.01658221878824,25.719649641625598,100.0,6572.726776652826,69.76569188989606,0.0,7971.848574101058,65.74156731949473,131.48313463898947,-1530.6049320872219
2026-06-30,110.83840668264779,110.41544881326983,175.0,31.842946463012865,3285.673159828413,24.88436107759032,0.0,2758.1429331558074,22.395924969831285,44.79184993966257,482.7383767329434,4948.87595890907,4216.7651560120075,366.05540144853114,4623.909300447185,2661.634967996839,2698.1626049111387,367.94413623039577,25.116638886427054,100.0,7137.125083912912,78.14716865631357,0.0,8661.707660625949,70.33245179068223,140.66490358136446,-1665.2474802944016
