portfolio_type,settlement_date,gross_exposure_before_gbp,gross_exposure_after_gbp,signed_cashflow_before_gbp,signed_cashflow_after_gbp,absolute_imbalance_before_mwh,absolute_imbalance_after_mwh,peak_system_price_gbp_per_mwh,gross_exposure_reduction_gbp
wind,2025-04-01,5711.261070382796,2312.654471938415,-1170.6684754936343,-47.0047356000191,128.4781495892493,73.53453834320274,126.83,3398.606598444381
wind,2025-04-02,8033.339520423372,4349.430643415932,279.12743169308817,-1913.6780179777877,121.06202375995295,91.48301184839073,144.5,3683.9088770074404
wind,2025-04-03,10556.607551535093,7834.88566730177,-9437.49719860371,-7834.88566730177,105.44976409983713,79.4142934637678,175.12,2721.721884233323
wind,2025-04-04,11935.373130764588,11935.373130764588,-11581.531533877545,-11581.531533877545,157.48789732406766,157.48789732406766,134.0,0.0
wind,2025-04-05,5388.058766540759,3807.7929520377793,2903.1279401884035,1426.9375641670633,81.57377272907476,65.87174011480036,123.0,1580.26581450298
wind,2025-04-06,2814.323258033685,1414.430374224518,-1100.4117861488544,-710.1874087287695,79.60364286768915,49.42578850332503,137.24,1399.892883809167
wind,2025-04-07,6822.511730214658,2613.019097770282,5298.48144232473,1893.2653377272848,77.51984466606024,33.157703366379124,185.0,4209.492632444377
wind,2025-04-08,8612.565149828139,8612.565149828139,8612.565149828139,8612.565149828139,99.726934207684,99.726934207684,181.0,0.0
wind,2025-04-09,2339.767822979185,198.71792432113924,-677.7675756797793,198.71792432113924,28.359900854015898,2.8294280471402606,123.791925,2141.0498986580455
wind,2025-04-10,4593.8766593564305,202.4066350466871,-1115.310846195128,202.4066350466871,60.016221144579745,3.3833679987008902,128.1,4391.470024309743
wind,2025-04-11,4636.331716598573,491.58226604141396,2321.230170586309,293.1079547188549,60.17967743227834,6.214871202495563,119.12,4144.7494505571585
wind,2025-04-12,5954.524958649984,1618.0938721523999,-342.8924482402965,1553.1260013568844,78.0002546384186,27.429352109761687,129.5,4336.431086497584
wind,2025-04-13,6423.032387672598,2765.700505678347,-1087.654734804209,-910.5283552372222,113.26545775331425,52.3464399538278,130.0,3657.331881994251
wind,2025-04-14,10336.196398668078,4228.052091124561,2833.508936541244,1278.8559948864925,132.97313217873324,59.94229456533171,130.0,6108.144307543517
wind,2025-04-15,5876.288508840829,4326.026970755317,2799.2827176527985,4326.026970755317,67.50600807878546,48.358059922887946,130.0,1550.2615380855123
wind,2025-04-16,10097.089700934108,4922.821229562703,1160.9449337102674,-63.32165071599104,142.91173128234664,74.84669380675817,110.5,5174.268471371405
wind,2025-04-17,6895.486055078518,5794.81540378899,5962.216533957616,5794.81540378899,79.84824485776824,68.10435724475423,127.5,1100.670651289528
wind,2025-04-18,11068.048703281916,7092.911163825832,-10818.872702547005,-7092.911163825832,123.50818375737389,78.94290932943747,135.0,3975.1375394560846
wind,2025-04-19,8070.926040660057,5020.7466164856,-1970.5671923111408,-5020.7466164856,132.0814091153951,100.35694655399774,130.0,3050.1794241744574
wind,2025-04-20,6104.798752625823,4084.5533209513314,3369.5026828947507,4084.5533209513314,64.59097449721042,40.015422597397226,130.0,2020.2454316744916
wind,2025-04-21,3759.954814200399,0.0,102.39013673905778,0.0,39.902018656649105,0.0,118.52,3759.954814200399
wind,2025-04-22,4106.00145376811,1803.3769474568794,2397.542020938202,1803.3769474568794,56.33062916950784,21.8219795046572,129.0,2302.6245063112306
wind,2025-04-23,7597.884525524545,6339.613903561012,6226.461401647381,6339.613903561012,88.23211358269705,68.2487660127853,136.9,1258.270621963533
wind,2025-04-24,4608.732329617354,1325.9744575336906,-68.98595161961478,1325.9744575336906,61.05417711905573,21.588220962346096,109.5,3282.7578720836627
wind,2025-04-25,4036.7655625092016,354.8647760548878,-2113.2587933746704,-354.8647760548878,42.45357682413579,3.564869027590234,117.9,3681.9007864543137
wind,2025-04-26,3748.7212905572387,0.0,-891.1885245530867,0.0,50.99122103313822,0.0,113.55,3748.7212905572387
wind,2025-04-27,4887.958162925566,4807.458536026983,-3340.77933712096,-3260.279710222377,89.33142307912298,88.02588258449791,105.0,80.4996268985833
wind,2025-04-28,5338.639382423198,627.0952749738201,2072.1508619448136,-627.0952749738201,57.42900191884926,8.079361888745543,204.10638114478115,4711.544107449378
wind,2025-04-29,3261.9937397935278,0.0,326.81765361328667,0.0,34.47064414350846,0.0,140.0,3261.9937397935278
wind,2025-04-30,6960.113985208688,2121.3515162597428,122.49082267492139,2121.3515162597428,80.74446170975132,30.76679198527635,120.0,4838.762468948946
wind,2025-05-01,3573.2354417197535,1017.872715093949,-2379.327631714324,-1017.872715093949,53.5744675426385,18.209559538061676,117.5,2555.3627266258045
wind,2025-05-02,3159.6242628565997,2408.0307720203596,-2192.096308056315,-2408.0307720203596,47.96427703351729,37.00199715870079,114.5,751.5934908362401
wind,2025-05-03,2373.062164585936,2117.767822888953,-2116.5653237870806,-2117.767822888953,52.73308399619207,46.20368395529661,92.5,255.29434169698288
wind,2025-05-04,3900.471982372831,3277.2612753840867,1780.174870755943,2347.4989875071233,125.6640421800133,83.11732301061306,105.0,623.2107069887443
wind,2025-05-05,5513.516922717385,5173.961061884311,4834.405201051238,5173.961061884311,69.54417897175739,65.50399991907821,111.5,339.5558608330739
wind,2025-05-06,3633.125980557284,2040.078639079062,2188.460270088664,2040.078639079062,48.14112903479777,24.722693733219092,154.12,1593.047341478222
wind,2025-05-07,6836.603688684167,6836.603688684167,6836.603688684167,6836.603688684167,72.26891698315177,72.26891698315177,141.87,0.0
wind,2025-05-08,6660.572055665898,5412.345354656414,5465.5853139449,5412.345354656414,67.96141584724407,54.465570537220614,137.45,1248.2267010094838
wind,2025-05-09,4197.367999436041,1194.9695231323417,-147.1789366535428,1194.9695231323417,42.706524506278946,15.95525713590666,179.0,3002.398476303699
wind,2025-05-10,6605.798408782957,4618.648385228968,4815.930433214569,4618.648385228968,83.38217308692347,52.68986857766606,130.0,1987.1500235539888
wind,2025-05-11,11026.671284876726,9652.35051518194,10985.196486313285,9652.35051518194,153.88515943330307,137.9334886998723,110.0,1374.3207696947848
wind,2025-05-12,4391.987275893672,2179.005907075939,1094.2720510726751,2179.005907075939,45.50140274679016,19.50851304443622,132.0,2212.981368817733
wind,2025-05-13,5201.55222289533,2156.4477230139814,-4986.51804799676,-2156.4477230139814,56.82320237958248,19.627195186082773,140.0,3045.104499881348
wind,2025-05-14,2956.6281078617585,1108.6121372795947,-783.3963665944382,-1108.6121372795947,38.99675110795447,16.33598004038356,115.0,1848.0159705821638
wind,2025-05-15,6170.9378215549705,2979.6953196852673,-1110.711807566871,-2979.6953196852673,72.91032364295896,40.59182647751641,124.04319914524456,3191.242501869703
wind,2025-05-16,5162.756341939848,3495.9982452746985,-4870.723329421875,-3484.6463381505496,76.82561060363528,50.95691765859157,125.0,1666.7580966651499
wind,2025-05-17,3105.6498056184137,1997.284834450679,-1813.9856507822587,-1997.284834450679,44.58971967976491,30.317826819012037,115.0,1108.3649711677347
wind,2025-05-18,5715.923105601567,3467.4846168666136,-3510.8675478662963,-3467.4846168666136,78.15297110671082,50.67779550076776,113.0,2248.4384887349534
wind,2025-05-19,2592.173907675808,1143.1827655538245,-872.7911341334277,-1143.1827655538245,31.229792412030967,11.30480441046852,118.0,1448.9911421219836
wind,2025-05-20,4772.737772272121,1393.74845833651,3414.40812033645,964.960827331875,57.75695202921219,13.291746554882689,150.0,3378.989313935611
wind,2025-05-21,5344.381552820553,2667.7588225781487,-4419.758916452719,-2086.3065039101243,71.1999548838792,25.58366840275935,140.0,2676.6227302424045
wind,2025-05-22,3835.083278526005,1298.059623555528,1058.1652868391045,-1298.059623555528,39.43548622887099,11.889739059525612,126.0,2537.023654970477
wind,2025-05-23,6288.356880620634,3394.1717054177275,2805.776318559809,3394.1717054177275,94.39676640182512,59.199358781204154,115.5,2894.1851752029065
wind,2025-05-24,5751.246835131784,806.287995609754,-4572.540530696094,173.15834360587726,133.04799321453538,32.130903392930705,100.0,4944.95883952203
wind,2025-05-25,3421.4420641014995,3418.0689954407394,-723.5629357327045,-725.6828418199162,167.19235413153177,167.0887419083054,110.0,3.3730686607600546
wind,2025-05-26,3940.3174819332503,1042.7529464736544,-3749.733206143298,-956.4715994881068,86.88062910433797,32.4101348890443,116.45,2897.564535459596
wind,2025-05-27,15473.310808514527,12773.974798197176,15223.522042071127,12773.974798197176,171.50638440035706,127.66520474368917,132.0,2699.336010317351
wind,2025-05-28,12516.756980319555,9672.80529173013,9794.812297587941,9672.80529173013,141.53283387941377,110.35762122531952,138.0,2843.9516885894245
wind,2025-05-29,7628.565360825055,6064.866746772309,-5088.715953635313,-3525.0173395825664,208.942061971705,168.4475371791365,112.0,1563.698614052746
wind,2025-05-30,14568.664649133898,10950.807104756004,10992.949371085146,8912.523943667806,206.01625778220873,159.86113695531031,120.5,3617.8575443778936
wind,2025-05-31,3591.9621885345196,773.6720827648096,1438.191690500091,563.5471266394674,75.19449158981918,30.71215888181358,120.005757061592,2818.29010576971
wind,2025-06-01,3010.1549309601387,1769.9765847692254,-653.0464382010985,106.8329342194471,93.67383019358613,63.888164172651116,97.81,1240.1783461909133
wind,2025-06-02,7690.924058591138,3651.288242074018,1073.7069747410128,2267.212129366441,120.428320640755,60.4315995616852,102.0,4039.6358165171205
wind,2025-06-03,2103.706750683002,566.6504573860576,-74.48446248411868,330.94096391100385,92.16108834638838,63.879037277928,110.0,1537.0562932969447
wind,2025-06-04,3287.6240551730693,2398.886275870667,-2269.5911877446024,-2324.167924198234,65.04707455301227,41.38918157536469,117.9,888.7377793024025
wind,2025-06-05,19584.880813391792,16726.4286796472,17996.445614173488,16726.4286796472,214.26141750752078,169.02352589519558,138.9,2858.4521337445913
wind,2025-06-06,13767.239746982768,12092.723013669902,12650.753309066587,12092.723013669902,153.0701237549944,138.428344768293,130.0,1674.5167333128666
wind,2025-06-07,16852.666476001403,16499.32588911025,16852.666476001403,16499.32588911025,164.32889594267596,161.79406578762809,144.79502573665945,353.3405868911541
wind,2025-06-08,6527.164029155356,5460.4126397636755,4664.854625087806,5371.69256076503,117.30855755031992,78.68236844999983,130.0,1066.7513893916803
wind,2025-06-09,17152.469945410186,13223.858498638627,-1130.4070129936524,2672.3624507541917,196.25329680463383,153.28600601628585,120.5,3928.6114467715597
wind,2025-06-10,7310.000520285268,5939.414960301354,4757.340532492133,3585.5552714362893,172.04860564171278,133.37386357359804,127.0,1370.5855599839142
wind,2025-06-11,3647.6385022672353,0.0,-1083.4063065322355,0.0,40.1432856413232,0.0,123.0,3647.6385022672353
wind,2025-06-12,17642.293201529268,12410.84954190834,-12782.04814003164,-9478.316299927623,233.5864289688263,178.4928237752742,114.0,5231.443659620929
wind,2025-06-13,9451.547897736742,7117.091448093054,-7131.660757345165,-7058.135034841681,125.2257205606806,105.39700270388842,128.0,2334.456449643688
wind,2025-06-14,5719.872519393177,21.86908902703582,2887.089399984403,-21.86908902703582,73.9497627229482,0.285721048171359,142.0,5698.003430366141
wind,2025-06-15,3813.7314160445967,2062.4186457899327,3305.060499477999,2062.4186457899327,64.44524395156367,21.112694869604,124.0,1751.312770254664
wind,2025-06-16,4614.936137806019,1905.5550117505504,216.32250485318804,1856.161940029171,55.167172041862884,26.27690265722663,124.0,2709.381126055469
wind,2025-06-17,9849.232977742366,4633.753202080271,-1200.5881183702195,-3221.0554339563178,117.61560196718446,54.53823434461825,134.50017699115045,5215.479775662095
wind,2025-06-18,13078.372207364733,12905.36650036544,12900.952529043032,12905.36650036544,108.1158466806312,106.40224106469967,155.0,173.00570699929267
wind,2025-06-19,7333.816932162483,2315.482244793383,-2639.377294313602,2315.482244793383,64.02192243225163,23.43029025453165,140.0,5018.3346873691
wind,2025-06-20,10174.239534003054,6487.027211353685,-7013.3299694150655,-6487.027211353685,95.91185814759386,65.12115748776742,132.0,3687.2123226493695
wind,2025-06-21,8518.304527324084,175.65105885510866,366.5999635782097,-175.65105885510866,85.62018295077257,1.7008965326878567,145.0,8342.653468468976
wind,2025-06-22,7300.064431769191,5658.2523498526425,2003.2946206172023,3610.1353984268835,178.10136335336585,157.69882071369165,118.57,1641.8120819165488
wind,2025-06-23,5354.984131752749,3977.925608180286,-4693.079633636245,-3611.0346424829145,94.08391075461986,67.50379708162389,116.5,1377.058523572463
wind,2025-06-24,10872.529849097551,8701.864940272886,-5695.905155503145,-7799.257479615066,137.484467730869,116.21213685444835,129.0,2170.664908824665
wind,2025-06-25,8286.777354380865,4513.67425515019,3653.5165190933094,4513.67425515019,88.32286110916462,52.25321002997106,170.3,3773.103099230675
wind,2025-06-26,5952.220972450129,1102.1642224900556,132.08011703267442,200.19002472861172,93.59689652243061,27.337165294691808,134.95,4850.056749960073
wind,2025-06-27,8972.415038925767,5938.500804286522,-8340.124756057028,-5479.716276179313,138.65599947542523,95.0163589371968,110.0,3033.9142346392446
wind,2025-06-28,5656.606376271485,5656.606376271485,-28.146738829410282,-28.146738829410282,143.25662989562977,143.25662989562977,101.11,0.0
wind,2025-06-29,3027.4709084840097,631.8406949096784,972.3245983624262,-133.96099008191445,60.2917580222167,37.20644407601402,124.0,2395.6302135743313
wind,2025-06-30,10716.260612987087,3513.767494602726,6365.938328158591,3513.767494602726,69.2016269425181,8.73413629688959,423.85,7202.493118384362
wind,2025-07-01,5863.165450228535,3546.393272395035,4603.957107532051,3546.393272395035,70.35681574988593,43.805749461905194,263.58,2316.7721778334994
wind,2025-07-02,6468.99296455519,3250.337724448382,-3983.0932818972537,-1118.8578386444879,88.56135480954023,41.406475802305856,135.0,3218.6552401068084
wind,2025-07-03,3243.08578270225,180.055047820896,799.022508760634,-180.055047820896,38.09169602960735,1.7465473368774553,119.0,3063.030734881354
wind,2025-07-04,11002.956291451426,9745.434641738291,-7884.816474131331,-6632.6190836617025,221.99290575622575,207.8043787530861,107.48,1257.521649713135
wind,2025-07-05,4571.7017732050745,2952.4357137714564,-2290.6234625171487,-1275.7900293548862,170.21882862637636,127.54935503912833,109.6,1619.266059433618
wind,2025-07-06,12098.185970601633,11971.11706971163,11910.898719908815,11971.11706971163,122.97740497784544,121.4598177152576,123.7,127.06890089000262
wind,2025-07-07,7518.803141989458,1648.4532143192253,-5732.20123266544,-1617.079757590561,96.03150756727956,20.495142390316214,119.0,5870.349927670232
wind,2025-07-08,5249.479611864112,2023.1729122520442,4570.840144044878,1610.6645623737832,79.53523959611498,37.939199611450434,120.5,3226.3066996120674
wind,2025-07-09,3404.5331487049493,227.6257474681282,102.57518869708991,227.6257474681282,43.20021869669421,1.8520758756558422,128.59419369246032,3176.907401236821
wind,2025-07-10,5715.865214444251,5497.624963542048,5638.770827232378,5497.624963542048,66.41222947090188,63.417618960038375,130.0,218.24025090220312
wind,2025-07-11,6347.531687814846,4841.841580324481,3375.9918253517644,4841.841580324481,77.18336457607107,62.41827243349739,122.5,1505.6901074903653
wind,2025-07-12,3908.13072004155,2391.8532840713833,3293.760082426935,2388.9239109689943,46.542195275498116,29.136959066918482,126.00024858616618,1516.2774359701666
wind,2025-07-13,8126.221311574793,542.0932821030723,-3814.3880415367216,-526.1646066028106,95.16421181958731,9.8393184013735,138.0,7584.128029471721
wind,2025-07-14,8845.839002167699,7858.357123706389,-8137.772191097873,-7858.357123706389,113.3630234604888,97.34408683420978,112.0,987.4818784613099
wind,2025-07-15,6934.795069908275,4713.541486707023,-3820.91880083006,-4713.541486707023,73.12917543691898,51.75256033693341,155.4111647926786,2221.253583201252
wind,2025-07-16,9637.953123781606,7295.9760197782625,9637.953123781606,7295.9760197782625,105.90625384209503,76.73991312409655,124.0,2341.977104003344
wind,2025-07-17,3566.235398080162,2137.9640722620397,1217.5083973804933,2137.9640722620397,42.2431841023467,25.196727085773993,110.0,1428.2713258181225
wind,2025-07-18,5569.481112538333,4088.469058669196,4806.524104374638,4088.469058669196,61.69109325534534,44.501000105558745,124.0,1481.0120538691372
wind,2025-07-19,4490.323149560291,2827.9350876335307,1165.547025706769,2827.9350876335307,50.26135831223159,31.065905285430162,115.0,1662.3880619267607
wind,2025-07-20,12852.489592790344,11128.564188150918,12730.946340427801,11128.564188150918,121.05751145521674,102.39732650292757,125.0,1723.9254046394253
wind,2025-07-21,4984.431349292974,3515.6642534406137,2761.915744492795,3515.6642534406137,71.04331296548597,51.10632686829238,114.0,1468.7670958523604
wind,2025-07-22,7012.423982186352,5681.620075125102,6429.88777646569,5681.620075125102,73.48678446279811,58.42807024726354,113.0,1330.8039070612504
wind,2025-07-23,3533.7756055585064,3149.734420838271,2909.808157285409,3149.734420838271,41.289958637066775,37.85829675240912,133.47,384.0411847202354
wind,2025-07-24,3878.5153435636594,0.0,-329.2406606245179,0.0,43.57934098261039,0.0,126.0,3878.5153435636594
wind,2025-07-25,3062.4462005875816,1181.8732466066483,1431.446274689803,1181.8732466066483,38.52270302576184,13.110916341130213,124.0,1880.5729539809333
wind,2025-07-26,4150.112650399484,2616.9600420997394,1783.1331961815392,2616.9600420997394,55.61340308127586,34.07473959879121,118.0,1533.1526082997443
wind,2025-07-27,11645.075219343275,5524.882786310796,6806.865889165444,5434.6562120328645,137.65512644328783,70.22214296912205,112.0,6120.192433032478
wind,2025-07-28,6900.384899171719,5932.367759584088,6017.973426790365,5932.367759584088,92.9779512868067,79.32512760082275,119.0,968.0171395876305
wind,2025-07-29,3438.633255923533,3237.9767412734363,3210.8462505013035,3237.9767412734363,45.46372726319407,42.53684777081858,140.0,200.6565146500966
wind,2025-07-30,6775.3621917988585,4249.646212226834,1904.1072838069404,4249.646212226834,87.87403539129903,55.474463975665486,117.0,2525.7159795720245
wind,2025-07-31,4146.424207149459,2299.7810026329494,-3079.736377732773,-2299.7810026329494,53.25712230222317,24.349650117749803,118.5,1846.6432045165097
wind,2025-08-01,3885.279296542323,1605.577152816537,409.3210028021177,-1605.577152816537,42.30764711373258,15.188444066110627,115.0,2279.7021437257863
wind,2025-08-02,3603.7227734019352,1923.3932596374575,1582.961971925416,1923.3932596374575,94.53170236325288,56.631186534911976,120.0,1680.3295137644777
wind,2025-08-03,8320.099323948925,6359.378958931408,5033.2343783418755,5337.704668043643,116.799131630182,64.81825934322069,164.5,1960.720365017517
wind,2025-08-04,5921.08787317567,3880.11994581841,-4515.769324843649,-2564.222279661843,134.43657048057864,90.22760252106275,119.0,2040.9679273572601
wind,2025-08-05,3906.3510811378696,2804.313261381311,-116.0173078124873,-1177.0450989066014,117.29411108454828,100.53962878871607,114.0,1102.0378197565587
wind,2025-08-11,5971.641113435489,534.7518246724309,-935.1585571851384,-534.7518246724309,66.08458689943775,7.452658922020057,199.0,5436.889288763058
wind,2025-08-12,3908.719934719159,1318.8242955721055,3758.117287513325,1318.8242955721055,48.841403591436155,19.389706941791804,145.0,2589.8956391470538
wind,2025-08-13,7027.43939593015,4728.7682143338,3322.3240862945254,4728.7682143338,68.42445925457838,42.12968620242421,160.48,2298.67118159635
wind,2025-08-14,4432.411613661423,133.94579242449174,1218.3387180647017,133.94579242449174,56.070961327357686,0.9754282051131522,162.4,4298.465821236931
wind,2025-08-15,1700.239489041044,141.17945589578724,-405.72126805360256,141.17945589578724,22.679728072090416,1.5093143625721153,115.0,1559.0600331452567
wind,2025-08-16,4315.016649275202,3488.976741236209,3995.77482599168,3488.976741236209,47.671370789783104,37.256152841290444,128.0,826.0399080389934
wind,2025-08-17,6184.219124893935,147.15622891216864,-1655.816033043189,-147.15622891216864,79.14116884142729,2.406821778446907,120.0,6037.062895981767
wind,2025-08-18,9854.310487808782,3733.3454569787236,5300.280364138896,3189.1699501798385,99.37707648694044,39.30233538239314,130.0,6120.965030830058
wind,2025-08-19,4892.3508262444875,929.4368907521743,619.9833363172099,929.4368907521743,66.57041534657392,13.48858103256468,109.9,3962.913935492313
wind,2025-08-20,7134.526161308161,4371.137721322024,4492.392000356552,4371.137721322024,83.32690281977878,51.74298878099349,195.0,2763.388439986137
wind,2025-08-21,2236.6334113390435,1331.7868941334614,1287.8900498909952,1331.7868941334614,34.14919954396689,19.418616101863076,129.45,904.8465172055821
wind,2025-08-22,7601.299500571368,7540.578214578204,7537.324405000302,7540.578214578204,85.59052490967895,84.66278348405669,161.0,60.7212859931642
wind,2025-08-23,6527.3934547870085,6527.3934547870085,6527.3934547870085,6527.3934547870085,83.33755137487378,83.33755137487378,124.25,0.0
wind,2025-08-24,3923.38431043491,3623.219494775661,3539.087730239474,3623.219494775661,50.371913344475544,47.90123848178571,123.4,300.1648156592487
wind,2025-08-25,7983.115055471719,936.1423358743273,-1325.464473252372,936.1423358743273,84.01556473858079,8.22942985065534,125.0,7046.972719597392
wind,2025-08-26,7354.22123287281,381.15553734699137,1630.9336924715903,-381.15553734699137,73.9857847787397,4.481632543203455,178.0,6973.065695525819
wind,2025-08-27,5098.228042430951,1298.6139307607018,-334.55969304312646,1152.928676435368,69.93394184935427,24.63575430803199,128.0,3799.6141116702493
wind,2025-08-28,7718.565632246082,5599.535009504033,6711.263664579198,5599.535009504033,108.50590226047876,82.1445270009224,115.0016485328058,2119.0306227420488
wind,2025-08-29,3989.694502127659,396.22548438979027,-178.64940706403695,396.22548438979027,46.253086903755346,3.015699531322433,137.38,3593.4690177378684
wind,2025-08-30,3255.835988188414,1254.5352690155141,-735.0940479290316,-484.2046007088851,185.00726598024804,136.55623532015917,110.11122032545514,2001.3007191728998
wind,2025-08-31,2360.31701341429,1582.3625400197652,-836.7309619429367,-947.0082732716884,82.82237146980216,66.36716952165156,114.95,777.9544733945249
wind,2025-09-01,3983.94522679701,2450.2046860498117,-1324.008415705372,-2382.6636893009872,81.62789133293072,55.448892405366614,115.0,1533.7405407471983
wind,2025-09-02,4052.412654149433,2190.367599747493,3223.6122295980317,2190.367599747493,49.63568399947611,24.138337144329306,128.75,1862.04505440194
wind,2025-09-03,10045.892935138447,7981.115342348554,8452.725578654112,7981.115342348554,92.76881258762177,72.55773742954196,139.0,2064.777592789893
wind,2025-09-04,4471.463241619087,3764.417298739239,3105.9108975445824,3764.417298739239,55.62522303411141,47.029075094363634,121.53062586169064,707.0459428798481
wind,2025-09-05,3139.787651615775,0.0,182.9674053376035,0.0,43.839137631663334,0.0,129.0,3139.787651615775
wind,2025-09-06,5376.4485561603,3617.7986784491113,1552.0124569017062,1176.3868324932837,172.25931292608982,120.82486888395076,115.0,1758.6498777111883
wind,2025-09-07,6145.662650736898,5967.682467862171,-4960.157635847543,-4871.106056352563,219.63128541730737,214.68118598802658,106.75,177.9801828747277
wind,2025-09-08,8005.869788298448,2927.6621206022496,3875.6757211404547,2927.6621206022496,93.61934581359262,27.392386151531802,171.9,5078.207667696199
wind,2025-09-09,13932.587551750083,10473.080137402414,-10210.797791814384,-8951.03180790792,192.31385668069169,151.97742342644202,138.0,3459.5074143476686
wind,2025-09-10,13453.491973784381,13453.491973784381,-11943.956196525254,-11943.956196525254,224.07611201937695,224.07611201937695,118.19884970998922,0.0
wind,2025-09-11,3166.226709451489,2949.9560175027277,1000.389764404588,852.2241463779287,98.76924711729305,95.31687572926788,113.9,216.2706919487614
wind,2025-09-12,2203.72523089283,1207.5719828714973,1223.4816595887119,740.6393707242975,100.44573108571751,88.1726062635274,120.0,996.1532480213327
wind,2025-09-13,3104.531303715981,2715.483876946586,2006.7336356158155,2147.814370000383,85.35806074752035,50.990237300861324,128.0,389.04742676939486
wind,2025-09-14,6721.130603681166,5219.897455932112,4812.887050649178,5219.897455932112,83.13175380509661,63.497362202008034,118.5,1501.2331477490534
wind,2025-09-15,3930.3060361581715,2629.5711943593565,3492.8392525963295,2433.1025353335585,71.99790735263518,43.38646640732111,127.0,1300.734841798815
wind,2025-09-16,3997.8234583287435,1819.2588968384641,-202.24211473077506,-1603.1692356096225,114.80756048186421,56.35554305095083,122.0,2178.5645614902796
wind,2025-09-17,10809.461156181289,10226.879769643841,-10805.1387228251,-10222.557336287653,162.41621996416785,154.20907249182147,123.5,582.5813865374475
wind,2025-09-18,10396.732196645302,9843.154362794365,-9516.430707674364,-9459.43115562283,158.69217866159298,153.58964682595814,121.95,553.5778338509372
wind,2025-09-19,7153.166557478626,2864.601888077749,3692.571207827581,-513.6134557698015,137.18323324968557,98.47109102891491,152.25,4288.5646694008765
wind,2025-09-20,8104.011073966696,4605.837987363987,-6486.755654962448,-3841.0623226787525,168.10776250780336,116.8878329264581,115.0,3498.173086602709
wind,2025-09-21,10472.435289546716,10472.435289546716,-8396.065047293812,-8396.065047293812,205.8001938694144,205.8001938694144,114.9,0.0
wind,2025-09-22,5413.982830787112,4329.788525536804,-3769.0890700037803,-4329.788525536804,77.03246934519294,62.0075875124605,115.0,1084.1943052503084
wind,2025-09-23,5410.489183292898,4021.3778576917575,-5249.866643273764,-4021.3778576917575,56.49757260998612,43.46946943890284,179.2,1389.1113256011404
wind,2025-09-24,4211.12852930473,4156.9957126890295,-4157.888434825287,-4156.9957126890295,46.11409771256998,45.61198084773794,157.0,54.132816615700904
wind,2025-09-25,5615.260271367794,1708.0691154111082,965.6356874308267,-1708.0691154111082,60.33213339980589,15.8224212914218,130.0,3907.191155956686
wind,2025-09-26,10669.59257192074,3390.134049365861,-5970.860213557474,-3390.134049365861,124.55886741533376,41.3567856059687,114.9,7279.45852255488
wind,2025-09-27,10560.023787842747,9863.991797691888,-9888.422768578956,-9863.991797691888,128.60809434955314,119.48441307576067,120.0,696.0319901508592
wind,2025-09-28,9165.304484817121,6322.998174706136,9037.407540233797,6322.998174706136,98.53669848476909,64.07969958041522,145.0,2842.3063101109856
wind,2025-09-29,3589.3140435283435,568.1893870941662,-351.2334383496663,568.1893870941662,40.6513073649951,6.281661637749975,169.6,3021.1246564341773
wind,2025-09-30,4468.803527390554,888.769271728531,-3364.834794166498,-888.769271728531,56.07553241893427,10.715685341760045,164.9,3580.0342556620235
wind,2025-10-01,10867.96755637141,10867.96755637141,-10867.96755637141,-10867.96755637141,122.3302160064055,122.3302160064055,144.37,0.0
wind,2025-10-02,12659.857723852436,11709.40154758801,-11760.34504976657,-11709.40154758801,149.3892578475229,140.2758783875591,115.0,950.4561762644262
wind,2025-10-03,11018.144618650966,9700.960992922224,-9331.415261172137,-9549.808525538478,157.5773948061982,142.49205288764873,114.0,1317.1836257287414
wind,2025-10-04,4148.669201804289,4148.669201804289,-2237.141706488699,-2237.141706488699,224.333380044066,224.333380044066,85.0,0.0
wind,2025-10-05,4465.090174639419,3367.482282582332,-2020.4737516051173,-3065.523367710527,136.5132667085924,124.33068154036795,112.8,1097.6078920570872
wind,2025-10-06,6641.587712866283,2754.0917153003084,-4075.406193465539,-2735.23062999957,74.92045983243555,28.650163072816632,145.0,3887.495997565975
wind,2025-10-07,8830.055837874886,7780.243635938677,-7878.21470287907,-7780.243635938677,102.36561550647966,88.31443827163562,156.92,1049.81220193621
wind,2025-10-08,6239.652141056342,5396.703032016467,-5354.922761512455,-5396.703032016467,68.31295518822066,57.714129864676266,136.59,842.9491090398751
wind,2025-10-09,6394.274888569755,4841.612143588544,-4441.961706259082,-4841.612143588544,67.1532446967989,51.81529666352124,134.09,1552.6627449812104
wind,2025-10-10,9344.987662956963,5082.597464152475,-5937.821922085998,-5082.597464152475,103.52159463909047,58.68592712932077,140.99,4262.390198804487
wind,2025-10-11,3337.9352858416673,1601.4045965363412,-695.3220685772621,-1601.4045965363412,37.13176274915202,19.568255472315865,144.12,1736.5306893053262
wind,2025-10-12,6595.688724115482,1240.901725924674,4812.313918716835,1240.901725924674,53.85809633581974,11.188731500628467,154.0,5354.786998190808
wind,2025-10-13,4182.084335353241,639.5618651642957,2026.9587996875216,639.5618651642957,28.87385458739877,4.5751970192198215,487.0,3542.522470188945
wind,2025-10-14,5004.731440372299,4773.307734302994,4685.5629221802965,4773.307734302994,43.50932674466114,40.377070392844885,300.0,231.4237060693058
wind,2025-10-15,2814.721776851745,0.0,-59.38525500898632,0.0,26.736243191092548,0.0,264.0,2814.721776851745
wind,2025-10-16,1702.9224677971877,0.0,424.56651096370086,0.0,18.98691352279736,0.0,147.0,1702.9224677971877
wind,2025-10-17,6554.901637273138,4250.802982909433,4397.935003948812,4250.802982909433,66.11359047760119,38.142485063697336,134.5,2304.0986543637046
wind,2025-10-18,8587.326184536512,4276.224957138974,-1220.34762980029,2732.172966152173,96.6832580796578,50.75672891717494,118.9,4311.101227397538
wind,2025-10-19,13905.042840330072,13905.042840330072,-13600.119105449032,-13600.119105449032,217.72263925945504,217.72263925945504,108.62,0.0
wind,2025-10-20,4897.935818983846,3371.6348009621806,-2209.7316456740223,-3371.6348009621806,68.12169053497334,47.35858388267414,122.95,1526.3010180216652
wind,2025-10-21,7654.580901395812,2796.315156393282,963.1453950648925,2344.1028969810677,99.15930591625154,35.44716706102131,126.5,4858.265745002531
wind,2025-10-22,7505.558221431406,3968.779748346238,4126.412442269761,676.6081221070635,81.31974838480079,42.5495489886137,315.1,3536.778473085168
wind,2025-10-23,5729.555426109746,1881.1214526869853,-4759.865788635828,-1870.087522358765,87.91193610613827,32.24623147411454,115.0,3848.4339734227606
wind,2025-10-24,5845.92682028506,5217.964510559732,-5173.898947820575,-4909.9248565937605,130.994924748626,118.10896359112124,100.28,627.9623097253279
wind,2025-10-25,4677.488569666269,4677.488569666269,-3541.3816219182604,-3541.3816219182604,188.58133042504707,188.58133042504707,108.3,0.0
wind,2025-10-26,5883.6032505522335,3904.96393170813,-4151.881042986679,-3586.6641407091315,157.179217691083,119.05860822911859,111.5,1978.6393188441034
wind,2025-10-27,7946.122584666192,3536.603130022166,1924.449486835529,2542.026174119317,139.88005368841482,62.741825470925285,129.53,4409.519454644025
wind,2025-10-28,5174.075429729715,2203.9533428171862,-3727.577094908674,-2203.9533428171862,87.27330745096607,38.53493567220231,125.26143070550546,2970.122086912529
wind,2025-10-29,9575.088283621295,5914.499341975989,6264.692346571182,3739.5075399655666,124.8365604488138,71.85697962518138,125.0,3660.5889416453056
wind,2025-10-30,12625.271572785425,8610.559161626474,-12301.107151282593,-8610.559161626474,152.45776444046453,106.61709512705119,107.2,4014.712411158951
wind,2025-10-31,8603.716863269261,7475.869540594751,-7737.124564935079,-7464.391702730107,137.41740803176475,112.39137218997993,104.85,1127.84732267451
wind,2025-11-01,7677.324910911846,7677.324910911846,-6494.06517020175,-6494.06517020175,138.47162086486165,138.47162086486165,106.5,0.0
wind,2025-11-02,13619.11147446928,7202.747869352355,8140.151228703598,6898.5454907793555,161.49812410347323,90.36672689447012,110.0,6416.363605116925
wind,2025-11-03,8583.471252246169,8252.591237435898,-8296.268974019531,-7965.38895920926,202.44013036502838,193.46049351643254,110.0,330.88001481027095
wind,2025-11-04,13016.213183665794,8940.417825638391,7873.870245642706,3819.29593552042,191.0329589672678,152.68242713505003,144.0,4075.7953580274025
wind,2025-11-05,9239.569014410295,4637.513761061416,-2995.904033138948,1406.106120207579,112.71688005882176,67.83863103175354,160.0,4602.05525334888
wind,2025-11-06,9197.878575412942,5346.8676245203715,6433.709972866636,3669.8801018323097,106.43445372461929,60.164463238447595,139.9,3851.0109508925707
wind,2025-11-07,5337.534005231665,299.6274230797254,370.82622425352787,299.6274230797254,67.54273995892446,4.411677418492636,125.0,5037.90658215194
wind,2025-11-08,4856.364027612526,1459.1405585939765,-3347.4907168033487,-15.473880879051222,63.48658297960952,20.34458813495958,117.9,3397.2234690185496
wind,2025-11-09,13180.01380077378,9173.419672606908,9893.091466425236,5971.1480786907305,156.94272890371192,117.65951351626134,111.89,4006.594128166873
wind,2025-11-10,5160.704815130867,580.9393311286107,-2892.218818938283,-580.9393311286107,78.46253261719008,7.8541172524167315,110.6,4579.765484002257
wind,2025-11-11,8702.624770231514,3943.3796699426475,6413.878072863417,3943.3796699426475,117.58394194188858,51.2026916621154,106.9,4759.2451002888665
wind,2025-11-12,6289.461045409327,1866.3386792084852,1571.2128392773323,-956.3299931640111,129.70509036784458,32.842470627914224,101.25,4423.1223662008415
wind,2025-11-13,8601.997934542222,2640.4087882059093,-4422.612517170959,-2640.4087882059093,161.07427737084333,76.61238607305847,104.25,5961.589146336312
wind,2025-11-14,7255.590757373339,3494.4349676685015,1466.5384770361354,-1312.0138521820625,100.62849087279166,55.421420021250256,103.5,3761.155789704838
wind,2025-11-15,4508.6400229356295,0.0,-1465.1449588961152,0.0,53.03083857374229,0.0,123.43,4508.6400229356295
wind,2025-11-16,5625.027381491175,3460.767146194413,-5374.524466105664,-3460.767146194413,62.38746155654523,34.51728129646523,123.5,2164.2602352967624
wind,2025-11-17,3581.498981446887,2641.446015357018,-2095.492377550641,-2641.446015357018,46.19480770249332,35.160436092179125,164.45,940.0529660898687
wind,2025-11-18,7210.918370566652,3778.1492573109253,-4965.186307187598,-3778.1492573109253,79.19464905492798,41.4730091076394,130.0,3432.7691132557266
wind,2025-11-19,27612.284459382736,27612.284459382736,-27612.284459382736,-27612.284459382736,299.19865290901356,299.19865290901356,117.0,0.0
wind,2025-11-20,11463.669117211513,6972.2399069260455,-1087.6315076849373,-5579.060717970405,112.71869645961803,74.77136453759749,159.53,4491.429210285468
wind,2025-11-21,6177.721415036353,4277.338119001462,2395.9140252706593,4277.338119001462,61.76744474190008,39.18290535011167,247.3104,1900.3832960348918
wind,2025-11-22,8428.473498934974,6006.568764467176,7559.72979000049,6006.568764467176,102.65207269536054,75.94475039854183,117.4,2421.9047344677983
wind,2025-11-23,13334.699583072239,4339.001649669389,4523.952076328276,4166.69482191191,180.09556292801818,80.04477681314332,112.89,8995.697933402851
wind,2025-11-24,14175.146276097197,11496.65114743446,-14154.516226916225,-11496.65114743446,176.10663786652304,133.49881560396415,129.0,2678.4951286627365
wind,2025-11-25,2930.7716688038945,188.351027885919,871.8243332957092,-188.351027885919,30.05351753211223,2.5740848068761686,203.37,2742.4206409179756
wind,2025-11-26,15147.353364344628,7676.124895439563,-805.3445964695932,-718.6967570433729,193.43871188006312,119.51697770120663,135.0,7471.228468905065
wind,2025-11-27,5312.49484241925,5266.581064112304,-5270.324588762095,-5266.581064112304,87.58141564990834,86.9553939872983,106.75,45.91377830694546
wind,2025-11-28,4435.096853548868,3520.7414079929704,-3487.150300473234,-3520.7414079929704,60.7345547810165,49.45568077642916,108.0,914.3554455558979
wind,2025-11-29,9130.618785516379,8602.882200240829,-8223.015619282736,-8333.602543166122,169.11623259989955,156.56969893276215,102.8,527.7365852755502
wind,2025-11-30,8429.772163840737,5909.043422738095,-3071.3839917274368,-5336.372602045009,128.3834768077424,92.60576203366213,125.0,2520.728741102642
wind,2025-12-01,12327.551296516333,7184.2276755316925,6877.898595175386,7184.2276755316925,149.4121069844802,87.6277095876141,117.5,5143.32362098464
wind,2025-12-02,13190.776963372236,12329.657091208013,13115.057933259677,12329.657091208013,162.4264447699162,147.63533914590872,122.77,861.1198721642231
wind,2025-12-03,15863.906562444165,15863.906562444165,15863.906562444165,15863.906562444165,195.32629302233374,195.32629302233374,115.59,0.0
wind,2025-12-04,7563.9596443957225,5391.783985914752,5185.698703743805,5391.783985914752,91.0325649359932,60.79991957991007,110.99963998559944,2172.175658480971
wind,2025-12-05,13276.595585619765,9581.3595716537,-11045.37782609699,-8056.2239435239335,174.54078693259788,124.09413113194397,102.32,3695.236013966065
wind,2025-12-06,5233.406026944216,1571.8481977974382,869.3359911448495,-1343.015285853729,77.4513480945172,22.727873338546818,105.0,3661.557829146778
wind,2025-12-07,12786.145420825644,6584.922383911758,191.29312419574194,-15.399536779627397,157.0124052717601,76.90137121416116,115.5,6201.223036913886
wind,2025-12-08,7620.450396861225,6200.392622197617,6200.049986800662,6200.392622197617,100.80292941926288,80.60716616148272,114.0,1420.0577746636081
wind,2025-12-09,7575.439754174369,4686.242418480743,-6420.796110707278,-3537.8151288461904,119.82649628308695,77.66279414750855,98.3,2889.197335693626
wind,2025-12-10,5348.497436728884,4797.804425243318,-4788.662141309427,-4753.332647316753,99.47088097140099,91.85101686815412,103.45,550.6930114855659
wind,2025-12-11,11362.015721700012,9942.789830882322,-8537.66929418742,-9942.789830882322,171.05876595648067,150.62443478653955,106.9,1419.22589081769
wind,2025-12-12,11594.771060681796,10534.27634349647,11594.771060681796,10534.27634349647,151.52359803923687,133.85361408171406,108.99,1060.4947171853255
wind,2025-12-13,2352.1992320896543,1802.6274909480037,1708.479151265035,1802.6274909480037,32.77657270034514,21.500131901948002,94.85,549.5717411416506
wind,2025-12-14,4641.188733211878,410.30138064946414,-2339.718965043448,410.30138064946414,64.26546708259153,5.702881958767577,96.0,4230.887352562413
wind,2025-12-15,26366.939484549875,24248.83513545428,26366.939484549875,24248.83513545428,297.781841068684,262.1417196658915,149.95,2118.1043490955963
wind,2025-12-16,12022.994052064809,11927.755400303635,11832.51674854246,11927.755400303635,133.3679720457128,132.10170079240322,133.0,95.23865176117397
wind,2025-12-17,6384.93480702306,780.0040025461267,808.4055265538839,-371.3965152850356,93.39360240965297,10.11332785774654,104.75,5604.930804476933
wind,2025-12-18,6644.731803073816,4852.893197916618,5092.857362463406,4852.893197916618,105.15071637894654,74.16779818672542,93.95,1791.838605157198
wind,2025-12-19,4827.391461768678,1277.4625316437905,-1371.0824286930335,1277.4625316437905,92.32035205557679,32.297927486221624,101.0,3549.9289301248873
wind,2025-12-20,13311.93509382928,9288.10106745447,10976.772723477647,9288.10106745447,144.40467147223706,90.630249202865,116.0,4023.8340263748087
wind,2025-12-21,11234.491270208704,8931.301334927248,-9839.248462267044,-8931.301334927248,137.4068267226147,110.3236840365238,99.9228342467976,2303.189935281456
wind,2025-12-22,3601.8846336379693,743.6336975236193,1892.1419844035674,743.6336975236193,55.66789411254224,9.083537510285161,104.99170439687975,2858.25093611435
wind,2025-12-23,6840.027437759597,3372.26171001051,-6394.209852201347,-3372.26171001051,96.60978810086311,51.73587108110989,97.0,3467.765727749087
wind,2025-12-24,7034.120679444845,6417.509885117327,-5909.475023366253,-6417.509885117327,127.72568380096409,119.45331318880838,104.2,616.6107943275183
wind,2025-12-25,5749.916814500487,4860.287452182704,-5428.898210768326,-4860.287452182704,72.52583146194527,60.4107891926392,119.0,889.6293623177826
wind,2025-12-26,6961.43787994014,5812.144410735531,-4662.850941530921,-5812.144410735531,99.49485707059254,85.98175866700215,109.0,1149.2934692046092
wind,2025-12-27,8869.896665873976,7722.427684823434,-8696.974743016239,-7722.427684823434,123.76977946950998,106.83891391504122,96.23892954516263,1147.4689810505415
wind,2025-12-28,7190.696066816331,7190.696066816331,-7190.696066816331,-7190.696066816331,87.31586121139998,87.31586121139998,118.0,0.0
wind,2025-12-29,5236.298527396362,4263.026287473047,-4224.925749243529,-4263.026287473047,55.65966007519937,46.93637809370263,123.45,973.2722399233153
wind,2025-12-30,2328.3999682772132,0.0,906.9837818288311,0.0,26.699353788468727,0.0,129.6,2328.3999682772132
wind,2025-12-31,8330.652496665338,4884.4680865209175,-6089.497970056475,-4884.4680865209175,116.65717779805075,67.64020096801005,105.0,3446.1844101444203
wind,2026-01-01,7871.52722836328,4848.811255997811,4306.040751031262,1325.8721225049294,109.40656466509706,69.65022635399404,99.0,3022.7159723654695
wind,2026-01-02,11585.338886964086,6533.548959842378,6739.019394188681,6533.548959842378,128.82145844308204,79.64926350118127,125.0,5051.7899271217075
wind,2026-01-03,9478.836494529338,5816.996914983609,-5162.082941191165,-2117.285559242205,116.69229025551508,69.3665682302807,109.0,3661.839579545729
wind,2026-01-04,13952.611881788656,10081.181805762713,13334.916158113936,10081.181805762713,145.1468875791047,101.71398249941834,125.0,3871.430076025943
wind,2026-01-05,12042.332164872078,11651.215580076994,11502.191341234611,11651.215580076994,86.22949460951811,83.15224216428619,750.0,391.1165847950833
wind,2026-01-06,19197.262443930016,14902.795087043598,10319.54530176886,13558.809108421507,131.10876760137998,81.20933774393832,323.2036549053041,4294.467356886418
wind,2026-01-07,8143.039325940911,4583.592563491744,2804.655218454914,-142.29253147528382,107.96947395709122,62.22226122052291,127.0,3559.446762449167
wind,2026-01-08,17703.02311245979,16780.07979397508,16709.222454481594,16780.07979397508,124.87183998732046,115.11886249468932,434.85,922.9433184847076
wind,2026-01-09,13100.678952532304,12900.984286576002,12919.027551466608,12900.984286576002,145.54390488861506,142.9483888082314,123.14787458831732,199.69466595630183
wind,2026-01-10,10639.337551922972,6098.893350222316,-9809.106289034604,-6098.893350222316,124.2369716534487,73.50002591724135,118.0,4540.444201700656
wind,2026-01-11,8139.375700562471,3009.738339502531,2590.8987948424474,1817.102938362396,100.7485491762805,32.4708461549591,106.0,5129.63736105994
wind,2026-01-12,9465.718362481219,6341.700705200866,8758.600665937971,6341.700705200866,106.40180892957902,71.54863043911313,114.5,3124.017657280353
wind,2026-01-13,15660.107263540041,14781.753292846435,14790.173269067503,14781.753292846435,166.50914476912436,156.44943860784875,124.0,878.3539706936062
wind,2026-01-14,14606.432493884678,11534.084188544795,-14546.768889368976,-11534.084188544795,145.4074701498942,102.42028786328392,161.35,3072.348305339883
wind,2026-01-15,17931.996860095212,14739.546898394668,17931.996860095212,14739.546898394668,154.3825886768587,116.43525675483812,179.55,3192.449961700544
wind,2026-01-16,10978.025452766542,9814.71379426045,9690.646533248537,9814.71379426045,102.58186535196586,89.2843233898122,144.98,1163.3116585060925
wind,2026-01-17,5522.89312703112,5199.45699176787,5000.129274308137,5199.45699176787,52.01905052188782,48.898123065298506,136.99988672405982,323.4361352632495
wind,2026-01-18,3317.9890467782498,2002.601357879555,1964.5927755974299,2002.601357879555,34.75149369480613,22.256357472872374,152.14424182314653,1315.3876888986947
wind,2026-01-19,4429.632999020265,2723.5917557858816,1826.9044580961677,2723.5917557858816,44.46733655047804,25.568295816992638,143.17,1706.0412432343833
wind,2026-01-20,12299.969802240757,7832.058844474332,-8193.40350530819,-5517.244164346064,148.31296547943137,93.50111909276603,119.94,4467.910957766426
wind,2026-01-21,14574.583771887592,11731.455897111991,-8447.395632617054,-11271.349490424782,149.51188852872656,111.3996374929036,130.0,2843.1278747756005
wind,2026-01-22,10959.357506729491,8089.523939721783,5868.356433890425,8089.523939721783,115.65536552567306,83.84378613931699,126.77,2869.8335670077086
wind,2026-01-23,8551.7973286801,5128.195457877632,-5655.727983254387,-5128.195457877632,94.60885186994746,56.12823098900379,129.0,3423.6018708024685
wind,2026-01-24,8814.129287658618,4325.682554052387,-6592.286156540939,-4325.682554052387,89.86039117793715,43.318736910182125,129.0,4488.446733606231
wind,2026-01-25,8377.793326816989,4090.74113657744,4924.765871710925,637.7136814713767,79.27386669741907,41.32653477539852,136.9,4287.0521902395485
wind,2026-01-26,6094.727940892394,2159.850916474625,1687.4328588998796,2159.850916474625,61.349878343945846,22.71869243586921,151.24,3934.877024417769
wind,2026-01-27,11010.193345750731,7702.749209499794,-10257.430959775287,-7702.749209499794,110.32922801935946,69.57816865882342,134.0,3307.444136250937
wind,2026-01-28,9468.376658877301,6808.63549848297,-6597.771931960295,-6808.63549848297,82.92534367447101,60.77396137172519,150.35,2659.741160394331
wind,2026-01-29,11650.523726351865,8283.276690064327,11469.35405926196,8283.276690064327,98.92974140554158,65.44688054031835,151.47,3367.2470362875374
wind,2026-01-30,6682.439653408926,990.9054139193848,-1103.916935295171,990.9054139193848,67.5275095249515,10.451747950933385,129.0,5691.534239489541
wind,2026-01-31,7040.155852210785,2536.2339436965967,4277.887860458577,2536.2339436965967,71.7872180563649,27.83713704153016,128.24,4503.9219085141885
wind,2026-02-01,8677.459660458198,8206.835460105023,8249.115619102653,8206.835460105023,82.89102912883818,79.00379318573847,148.0,470.6242003531752
wind,2026-02-02,6108.860199300643,4539.084648869437,3078.2845721933504,4539.084648869437,58.43649254942008,41.22689229520252,139.8,1569.7755504312063
wind,2026-02-03,11083.137777170818,9843.186408077156,10651.741026996595,9843.186408077156,109.53469193458224,91.3420694306881,123.45,1239.951369093662
wind,2026-02-04,8413.500240132405,8171.43293362963,7950.75548086222,8171.43293362963,93.3845084198301,89.29229330769,129.0,242.06730650277586
wind,2026-02-05,6640.385833403125,3446.81452333327,-5155.368067363498,-3446.81452333327,90.44929798312218,41.283751907719775,119.49,3193.571310069855
wind,2026-02-06,6591.850413661601,2769.0412900237147,5952.99359081151,2769.0412900237147,65.64044681050723,26.895902291573062,118.15283328055556,3822.8091236378864
wind,2026-02-07,14693.959795721477,14693.959795721477,14693.959795721477,14693.959795721477,158.3749209648355,158.3749209648355,114.5,0.0
wind,2026-02-08,8953.8103462043,8687.089726216816,8686.85997526471,8687.089726216816,105.03252286423918,101.41322567991624,127.9,266.7206199874836
wind,2026-02-09,20670.713067611352,20670.713067611352,20670.713067611352,20670.713067611352,241.15431242147412,241.15431242147412,159.6,0.0
wind,2026-02-10,14047.819518011882,10255.26179132405,-10220.986370853556,-6601.675721840064,166.68544703772628,120.89427808907902,118.0,3792.5577266878317
wind,2026-02-11,7780.220490681553,6848.414275934049,-6892.800613627222,-6848.414275934049,100.58454596584826,88.75472581534358,99.89,931.8062147475039
wind,2026-02-12,8107.236325552857,3396.589590218771,6252.291087886719,2943.3850269349855,94.71317733968456,37.73526511283041,119.0,4710.646735334087
wind,2026-02-13,6973.645075484754,6848.918846857775,6830.796123916961,6848.918846857775,96.4604462933063,94.69988433069739,135.0,124.72622862697881
wind,2026-02-14,7855.348007057049,7534.650595947504,7378.8202393485735,7534.650595947504,94.88941496407918,90.30950390735956,113.99,320.6974111095442
wind,2026-02-15,13259.812117399566,11025.664048571025,10972.525069494099,11025.664048571025,157.29982437598142,127.94264505299913,118.0,2234.148068828541
wind,2026-02-16,8344.487858349054,2164.8508266247527,-5635.539072988545,-2070.4661727369903,103.92750231660897,28.837291721590685,102.40269220087312,6179.637031724301
wind,2026-02-17,10956.65846204634,8313.710060482359,10570.089865676875,7966.678214344058,140.06753882164801,101.79359896293522,115.0,2642.948401563981
wind,2026-02-18,5084.583208254603,537.2851282561774,-120.78366453013314,537.2851282561774,78.2286278674754,8.53472435369435,96.81,4547.298079998425
wind,2026-02-19,11476.546004860662,8846.029158345058,9224.826461986695,8846.029158345058,131.17696239764084,104.41528901694646,144.01020408163265,2630.516846515604
wind,2026-02-20,8041.519156150294,1953.406203076856,1868.9637321365617,1953.406203076856,98.13299152186791,21.716935504178544,107.5,6088.112953073438
wind,2026-02-21,16508.727347352447,12478.083521793997,13802.670544611341,12478.083521793997,214.62173322492885,159.9114493199026,118.0,4030.6438255584508
wind,2026-02-22,4098.815213735657,2416.4539830064014,1750.1530038459068,2416.4539830064014,84.01558184681308,34.42893205995742,97.45,1682.361230729256
wind,2026-02-23,12212.09638012967,11733.388242117928,11895.860271434594,11486.269727081228,175.749200974249,150.7637641842127,120.0574091295388,478.70813801174154
wind,2026-02-24,8497.24107017937,3177.1279210616403,-365.15184677076235,3177.1279210616403,107.02553556560633,31.66294202094734,117.89827985721853,5320.11314911773
wind,2026-02-25,7834.057659659963,3330.6334112436016,1263.3185289991302,-2205.3675438222085,94.80560157916544,44.61804791201412,131.5794633498766,4503.4242484163615
wind,2026-02-26,7758.473286567387,4610.5149538290425,-1675.0529876836617,-3829.9184635429533,185.41651567032324,104.35644818422817,97.0,3147.9583327383443
wind,2026-02-27,11516.125798539073,10866.05081657675,10216.928451784413,10866.05081657675,174.86139099057482,166.05307108224676,111.69,650.0749819623234
wind,2026-02-28,8874.324572082416,7444.654525108403,7926.5812591808535,7444.654525108403,127.30090357322588,108.30445189515468,114.5,1429.6700469740135
wind,2026-03-01,6657.227886080468,5881.8476461567125,786.2246205468326,338.29572907763577,114.84994293698941,71.8799723368912,128.0,775.3802399237557
wind,2026-03-02,10324.540641885924,1191.540350908824,2496.8378909381354,795.2180152643449,136.58481328815657,29.64407371609118,131.85,9133.0002909771
wind,2026-03-03,6026.016549781282,3636.6694068784104,5345.992501728068,3636.6694068784104,55.49504618487411,34.192114187544135,224.0,2389.347142902872
wind,2026-03-04,18297.40645347232,6571.12437795497,1958.6550389959466,3539.3130043618153,133.6272017194606,53.51616766186166,180.0,11726.282075517349
wind,2026-03-05,19590.225555235484,16144.916119448471,9043.234733793224,12488.544169580236,186.28835774144227,144.12465560586384,145.0,3445.3094357870123
wind,2026-03-06,6695.902945529647,1816.1148583204408,5588.151819224258,1235.9236921307174,58.43156141620692,14.698766817585831,185.45,4879.788087209206
wind,2026-03-07,5542.20389006099,443.57651832886256,317.81106509005707,443.57651832886256,41.449492290506896,4.218869555717764,164.75,5098.627371732127
wind,2026-03-08,12815.708521395805,12815.708521395805,12815.708521395805,12815.708521395805,87.72611683503068,87.72611683503068,167.45,0.0
wind,2026-03-09,8905.40432294255,5489.577902608752,4429.511335755073,5489.577902608752,60.4632313308829,37.920107175514055,189.0,3415.8264203337976
wind,2026-03-10,9814.704455672929,5874.957352683719,-6590.110009324609,-3705.3649896291636,120.62846670281078,65.22166822060558,134.89,3939.7471029892095
wind,2026-03-11,4442.603455817497,1597.8033089319738,-2756.379402810523,-1594.7766568247696,73.06511548076517,24.55334067631063,136.9,2844.800146885523
wind,2026-03-12,10322.813593050434,8496.96976975091,-6677.063434575899,-8496.96976975091,113.19585081682743,95.38600342666058,153.0,1825.843823299525
wind,2026-03-13,4659.239146148161,0.0,850.2494996138951,0.0,48.25857407765373,0.0,139.99,4659.239146148161
wind,2026-03-14,9415.951939662975,6854.754035588106,9236.90296870315,6854.754035588106,86.2776285752907,62.2401475191629,156.17,2561.1979040748693
wind,2026-03-15,12707.027054694021,5050.986964773254,2957.984236934686,2231.9869565750464,207.09655155631376,126.69611901249431,130.0,7656.040089920767
wind,2026-03-16,20470.350814169637,19998.755878770928,19950.87282911157,19998.755878770928,209.72137163760823,205.31313312906835,159.0,471.5949353987089
wind,2026-03-17,9866.76612155837,6297.752134483672,-9349.65587010935,-6297.752134483672,123.66382318116507,76.18764049202905,147.0,3569.013987074698
wind,2026-03-18,6425.9699670270375,613.6787562287109,3909.6055243060814,-613.6787562287109,53.290971219179724,7.929963464443054,185.0,5812.291210798327
wind,2026-03-19,2482.7526816570285,0.0,-889.4917474301365,0.0,22.435517356644937,0.0,171.0,2482.7526816570285
wind,2026-03-20,3760.415546725628,0.0,-301.2628739918671,0.0,28.104010954770924,0.0,180.0,3760.415546725628
wind,2026-03-21,8673.268132732352,2544.287875939755,-620.612463535633,2544.287875939755,69.93153489100328,18.42301302999882,165.0,6128.980256792596
wind,2026-03-22,6283.218393692126,2906.1951896736455,-1593.6298735398248,-2906.1951896736455,53.19109405519361,28.69528247128087,165.0,3377.02320401848
wind,2026-03-23,9520.088988874251,3467.435497389638,-4891.094951109418,-3467.435497389638,83.10131237049569,35.22935300550577,165.9,6052.653491484613
wind,2026-03-24,5667.879378143741,5667.879378143741,-5555.633145439774,-5555.633145439774,133.1514665846217,133.1514665846217,124.9,0.0
wind,2026-03-25,2537.392128425271,1135.9019330250278,-146.20532796225086,-990.5090263586592,88.56266648325013,34.34238013649552,149.0,1401.4901954002432
wind,2026-03-26,16894.04442524541,9366.891088439941,10249.467094123565,9366.891088439941,149.47724387453727,93.62420786787048,171.53686154969526,7527.15333680547
wind,2026-03-27,9170.612736454272,6077.065821767406,-7794.214722801076,-6077.065821767406,98.94869886878611,65.0408557878992,144.0,3093.5469146868654
wind,2026-03-28,10660.00126854997,9519.130086389187,7242.479452571397,6153.165589980271,175.271015287198,137.32368336517746,145.72,1140.871182160783
wind,2026-03-29,7509.456210349973,3670.0895953034483,-7386.446959148393,-3574.6013621895713,126.18814284289307,83.80091862234768,135.9,3839.3666150465247
wind,2026-03-30,8588.554146007882,6869.85972982443,436.7880008105806,589.3540437028641,174.52196174690022,127.09900119411542,160.0,1718.6944161834517
wind,2026-03-31,4294.179574743125,767.3103244865595,-845.7227254944002,767.3103244865595,39.15083318512184,7.715787896478627,164.0,3526.8692502565655
wind,2026-04-01,12102.929548811982,9163.524067303408,10903.64363055122,9163.524067303408,90.98325756694719,67.50292659518743,168.45,2939.4054815085747
wind,2026-04-02,8885.951884458605,4823.315678257755,-1146.6402790561506,2915.995927144699,90.15202176308259,47.98831962750419,141.1,4062.63620620085
wind,2026-04-03,10903.782833413366,5062.262012034709,6650.5290819787215,996.9884965119318,211.2757027808688,130.39319509651904,120.0,5841.520821378657
wind,2026-04-04,14842.430819977108,8743.9331293205,8816.700412051528,8184.995719391308,158.74087380816283,70.59454769981943,164.0,6098.497690656608
wind,2026-04-05,4568.557827154852,2010.6621963406296,-1918.990821533976,-1398.241952380018,115.18402093862085,80.62122832656891,128.12,2557.8956308142224
wind,2026-04-06,12994.858971459755,4299.068840595573,-6578.617193599617,-3384.241387636331,133.03106950765203,62.26196206962381,152.0,8695.790130864181
wind,2026-04-07,10804.23813830714,9638.019102048771,-2188.270024611313,-3354.489060869682,183.1802349338488,162.29895450377484,144.45,1166.2190362583697
wind,2026-04-08,7405.943107919302,1338.6139506613388,2281.199879494049,-387.22121529777877,77.33171922902886,16.461445323059316,149.9,6067.329157257963
wind,2026-04-09,7500.022216500551,3051.25923067724,4153.728744625959,3051.25923067724,71.87369013916614,27.92271300049628,143.85,4448.76298582331
wind,2026-04-10,9324.605857239376,2925.447593542515,-1845.3248312078022,2925.447593542515,115.08564811344456,48.00252473122718,142.9,6399.1582636968615
wind,2026-04-11,2119.5274762586337,2119.5274762586337,789.3379569196161,789.3379569196161,150.2961326369025,150.2961326369025,62.22,0.0
wind,2026-04-12,3771.2434238991154,518.5438234495748,1937.6662545536979,-518.5438234495748,74.4313792123385,32.19409908194285,143.99,3252.6996004495404
wind,2026-04-13,8710.522577685004,8078.297253382703,8285.628053117478,8078.297253382703,72.79987290770961,67.03827867856067,215.32,632.2253243023006
wind,2026-04-14,5699.70103661123,1752.0350795609406,-629.4777703340144,1752.0350795609406,57.16276441494523,16.84058149583674,157.5,3947.6659570502893
wind,2026-04-15,8344.272046559188,1042.4693424701966,-3071.19283257634,-1042.4693424701966,96.97215251621098,9.5287131014118,134.4,7301.802704088992
wind,2026-04-16,8679.166176592922,3080.0754025975148,3468.3411622963713,2157.5948921210684,127.263209113794,68.60714639141699,140.0,5599.090773995407
wind,2026-04-17,4908.271306197855,0.0,-1171.0847217639125,0.0,58.49315312670565,0.0,134.0,4908.271306197855
wind,2026-04-18,7312.615962772195,3739.5136857063985,2618.2954522577634,3739.5136857063985,102.3099646933617,58.4444758839277,115.0,3573.102277065797
wind,2026-04-19,4646.411470424475,1252.5418716605523,3721.028185194319,1252.5418716605523,46.74736413398191,11.920286718432608,140.0,3393.8695987639226
wind,2026-04-20,5217.862016091114,4477.126341997405,4490.60349556513,4477.126341997405,53.139213690827724,47.383804024659135,148.55094406170343,740.7356740937093
wind,2026-04-21,15748.508951348229,15748.508951348229,13525.871503001543,13525.871503001543,169.87298520272333,169.87298520272333,154.5,0.0
wind,2026-04-22,4830.415651008002,3334.4074827552085,2321.6033836507545,2661.981689396242,68.97681774111463,55.400995420614485,149.0,1496.0081682527934
wind,2026-04-23,5695.052226391442,3346.419563930497,3694.41948660252,3346.419563930497,49.95302032085433,24.926153491600182,169.3,2348.6326624609446
wind,2026-04-24,5176.344996831635,2343.866096643935,2441.6197258555626,2343.866096643935,49.02657914084702,19.37873958038316,150.0,2832.4789001877
wind,2026-04-25,7772.792882371412,5799.06812262425,5584.441574946077,5799.06812262425,77.24710711749273,59.926063451618205,154.0,1973.7247597471624
wind,2026-04-26,5003.450206495802,3580.226762694154,3332.50730788147,3580.226762694154,43.31391127790236,28.280248932467245,169.0,1423.2234438016485
wind,2026-04-27,3266.4042406535395,1392.7416112724081,1137.6205148141612,1388.5176927749294,37.863527917362205,15.439683526933742,147.44,1873.6626293811314
wind,2026-04-28,12311.437672844622,11551.482107134168,11714.286188231887,11551.482107134168,110.08923226566594,101.77038607099763,135.0,759.9555657104538
wind,2026-04-29,5970.031502127953,2448.9263886998056,1119.095829475346,2448.9263886998056,60.84556868974714,24.677546165903273,136.0,3521.1051134281474
wind,2026-04-30,5805.13595770707,4490.604786796409,-2900.9894689881,-2495.6259506827164,102.36374664054918,67.5297095411201,150.0,1314.5311709106609
wind,2026-05-01,6056.232865323719,1466.1487536422146,4720.709624352081,1466.1487536422146,55.57289700406545,12.349800842238938,197.3311819375,4590.0841116815045
wind,2026-05-02,4684.699492715124,3652.8349039627815,3891.989924438102,3564.2328513902157,52.58774804251807,41.92068941156238,169.0,1031.8645887523421
wind,2026-05-03,8042.419570884966,7885.442943813693,7878.326470179584,7885.442943813693,80.68434045146014,79.16402727367813,150.0,156.97662707127256
wind,2026-05-04,3845.1924596009967,2782.0410174679873,1954.329811143459,2782.0410174679873,36.10644461527568,28.339020016601573,169.0,1063.1514421330094
wind,2026-05-05,10635.482547547359,10114.54197612637,10635.482547547359,10114.54197612637,92.93360672235136,87.77104252254165,172.11,520.9405714209897
wind,2026-05-06,5143.068972322167,4073.0242269250793,4017.576844590016,4073.0242269250793,54.67283731317463,44.85146274558824,143.0,1070.0447453970874
wind,2026-05-07,7852.441948843806,3315.935719826829,-454.7261482526703,3315.935719826829,66.41385416937561,27.380803554730008,157.0,4536.506229016977
wind,2026-05-08,5753.228796921245,914.3328119621411,2679.363909518338,914.3328119621411,54.49256033543598,11.649644704161425,145.0,4838.895984959104
wind,2026-05-09,7061.1512741079105,5813.615530841383,6747.711239088323,5763.786061427452,70.27445099255148,55.81697024655796,174.0,1247.5357432665278
wind,2026-05-10,10301.979648753571,5868.508056525702,-3130.8726484226077,1175.3159105328937,143.96528187005418,101.80157973447578,127.94,4433.471592227869
wind,2026-05-11,10000.008587985643,5855.356141094503,8931.147347828899,4917.561254925032,90.30951493728405,51.35460526217396,149.2225607235026,4144.65244689114
wind,2026-05-12,7600.529315708863,1564.5767145187851,-3658.6392492141385,-673.8301427224368,82.64361100161916,20.87129000517394,175.0,6035.952601190078
wind,2026-05-13,4712.216108312125,0.0,3017.7741248366565,0.0,39.11239694381905,0.0,168.78,4712.216108312125
wind,2026-05-14,7401.4555935002345,4704.588332039573,-7288.671199370588,-4704.588332039573,84.11080204141984,47.92121798430912,135.0,2696.867261460661
wind,2026-05-15,9580.230865359523,7193.51717695116,-6731.037375183601,-7193.51717695116,83.93171082369932,59.32780550843614,139.45,2386.713688408363
wind,2026-05-16,4562.693821368036,187.97412700679376,-1245.805387875328,-187.97412700679376,44.134696882240775,1.5442564088693675,135.0,4374.719694361243
wind,2026-05-17,13974.940198326676,10774.03109822374,13281.986924334653,10081.077824231717,142.15697389893097,104.20964197691043,157.85,3200.9091001029356
wind,2026-05-18,12010.947110402756,7364.680198213122,-2475.8474780963875,2037.766314556833,105.9196533110165,62.203764751666505,155.57,4646.266912189634
wind,2026-05-19,8071.28768635425,4827.7391299647825,-3961.8964228261575,-4827.7391299647825,78.32558761788098,47.96888203725598,144.5,3243.548556389467
wind,2026-05-20,13515.994201534142,8928.448892737413,10241.931248790916,8928.448892737413,119.82538620210596,78.89597462509764,155.9,4587.545308796729
wind,2026-05-21,13406.440689001643,7977.784172368408,8631.403228345189,7977.784172368408,104.1640912104112,50.668141566413155,197.51,5428.656516633236
wind,2026-05-22,9287.873098124108,8090.616094651463,8064.500256408119,8090.616094651463,92.29264767282905,81.11621370400033,202.7,1197.257003472645
wind,2026-05-23,8812.58324584105,4859.1986786256475,2130.2381634773724,4859.1986786256475,76.92558638854844,44.253777977522084,156.9,3953.384567215402
wind,2026-05-24,3895.443638133292,835.0348364992748,-2840.00421033672,-835.0348364992748,41.6954870982038,7.487119724374304,144.49,3060.4088016340174
wind,2026-05-25,4743.374965990117,0.0,1580.251440394617,0.0,48.03189518699649,0.0,178.99,4743.374965990117
wind,2026-05-26,8516.584212751744,1849.7041880941792,-2451.7564406243027,1849.7041880941792,66.29589867384956,16.488940438597304,167.6,6666.880024657565
wind,2026-05-27,3825.8755198999224,1136.592317472014,-1009.9242160052444,-1136.592317472014,37.86008116963757,13.675442331611666,148.88,2689.2832024279087
wind,2026-05-28,10180.567542548068,9638.89530410768,-7656.975273975639,-7251.604132248662,161.06413287407142,154.66668404842093,134.9,541.6722384403874
wind,2026-05-29,7406.985707438754,5492.728645854296,-5256.478735635912,-5492.728645854296,81.47757814711494,63.58047246036643,149.0,1914.257061584458
wind,2026-05-30,4632.634834803376,1018.5810491063099,2002.0883100646274,-1008.7132446893427,43.106672608403784,10.608484498135903,153.3169216913631,3614.0537856970664
wind,2026-05-31,10375.902427056108,9085.274713614517,10171.461381450461,9085.274713614517,97.43085607853804,83.99393165439193,154.9,1290.6277134415905
wind,2026-06-01,9585.034272994786,7137.400808204219,6762.31243406341,7137.400808204219,86.72268768943448,62.09554578163257,173.5,2447.633464790567
wind,2026-06-02,6899.961337339445,2096.070714402568,-721.909569994903,2096.070714402568,56.7668027850151,17.234183730583982,163.75,4803.890622936877
wind,2026-06-03,11897.34424970265,4253.751806825594,1595.7300058790424,4253.751806825594,109.40333695689503,40.94211503213138,160.0,7643.592442877056
wind,2026-06-04,3874.5668855688746,1318.5955917137805,4.5745718404541655,-968.7295291476621,68.0956175619612,31.533059930172747,134.5,2555.971293855094
wind,2026-06-05,5130.268970620708,0.0,18.95530205942758,0.0,57.35577240996136,0.0,160.0,5130.268970620708
wind,2026-06-06,17413.725461987233,13996.016786926408,16100.56638954816,13996.016786926408,186.90931185341537,145.52951881574174,145.0,3417.708675060825
wind,2026-06-07,5739.569213819841,1627.459979508727,-307.1789601325667,1627.459979508727,93.23231647119391,20.625498095776642,144.9,4112.109234311114
wind,2026-06-08,9927.449132979445,5058.923590993133,6371.772527948821,5058.923590993133,97.65500614722332,50.46455234741989,156.54,4868.525541986312
wind,2026-06-09,10868.920426794703,8894.674421786269,9655.501681786363,8894.674421786269,110.83757327572008,86.34990037147062,156.0,1974.2460050084337
wind,2026-06-10,5830.858566355611,5092.63387914161,5026.94738150202,5092.63387914161,60.17134277440592,54.260792343791486,172.9,738.2246872140013
wind,2026-06-11,17983.090027490067,17983.090027490067,17983.090027490067,17983.090027490067,147.00588447323224,147.00588447323224,157.0,0.0
wind,2026-06-12,8214.1071716304,8027.692178628404,7482.419334995655,7394.220550624558,98.56452357760654,96.17996381604729,150.97,186.41499300199575
wind,2026-06-13,2340.758194429782,86.81511891225138,-1811.5233003873013,-86.19086178934555,64.54575529453521,5.648207596800692,130.0,2253.943075517531
wind,2026-06-14,3851.0517426473716,245.62688234644483,-133.9197831018907,-42.763543201742955,67.65300607895375,18.149929978231448,150.0,3605.424860300927
wind,2026-06-15,8281.919716701317,5404.0364980428085,6930.02334747098,5404.0364980428085,78.1702391921113,44.92034516963991,149.65,2877.8832186585087
wind,2026-06-16,3804.6167962155478,3517.9040405063106,3477.9027950779073,3517.9040405063106,35.11806782459862,33.07319191377802,157.17,286.7127557092372
wind,2026-06-17,13504.595074887966,12792.408526228977,12780.304218454665,12792.408526228977,108.19535687756215,102.83434491650425,167.0,712.1865486589886
wind,2026-06-18,12970.036112787475,11175.695647001758,9530.511763360531,11175.695647001758,126.35697210705392,110.18278956363343,385.55,1794.3404657857172
wind,2026-06-19,15562.09161224195,7812.083368628597,7086.609608340216,5650.469021171566,161.80440314324247,74.59072756876367,155.0,7750.0082436133525
wind,2026-06-20,15695.195047093872,15695.195047093872,15695.195047093872,15695.195047093872,154.00283296123894,154.00283296123894,148.73,0.0
wind,2026-06-21,7059.576537124424,5205.509233596375,5070.4948525441405,5205.509233596375,62.08365325912781,50.156215098697395,176.0,1854.0673035280488
wind,2026-06-22,3510.6443349549368,1108.5147507794766,221.66394840509574,1108.5147507794766,36.2152547510949,10.935206889864702,184.44,2402.12958417546
wind,2026-06-23,12645.393962817781,4600.549512890886,-2489.272925943637,4600.549512890886,69.65586384533397,46.917682464858785,800.0,8044.844449926895
wind,2026-06-25,6815.856169326468,4307.902800509895,5752.554602196244,4307.902800509895,69.87726804079745,46.39251198467505,180.0,2507.953368816573
wind,2026-06-26,14695.825930324803,9318.817248587215,4391.017543061544,9318.817248587215,137.99973039505997,98.22371413683071,193.42,5377.008681737589
wind,2026-06-27,8457.169748151837,5442.552550029009,-6926.762744602419,-5442.552550029009,99.91120613597073,63.73889455376295,140.0,3014.617198122828
wind,2026-06-28,9881.740304180505,620.1992365460762,7500.189184244251,-558.1094301251857,121.34852199975585,22.343646434284874,152.5,9261.541067634429
wind,2026-06-29,7731.417104093072,6748.85840757903,6729.698990072087,6748.85840757903,66.98777783927383,58.67158690915357,193.04,982.5586965140419
wind,2026-06-30,13276.247355165544,13276.247355165544,13276.247355165544,13276.247355165544,132.16540651012474,132.16540651012474,175.0,0.0
solar,2025-04-01,1578.285165261441,94.91756575967328,-690.0727123831867,94.91756575967328,40.05377534768646,5.434757744824559,126.83,1483.3675995017677
solar,2025-04-02,1828.742726209642,677.6012396318937,1476.4159931033637,677.6012396318937,34.17515499870606,18.271836902510195,144.5,1151.1414865777483
solar,2025-04-03,2785.4231527610596,489.65315420426873,537.7674279436017,-489.65315420426873,23.966102241933363,4.863113130182722,175.12,2295.7699985567906
solar,2025-04-04,4340.2234666775,1333.7675948477984,3969.281199502614,1200.6095614490625,57.855560867615424,29.239229691219258,134.0,3006.455871829702
solar,2025-04-05,2372.4625529695063,127.79812399077248,1750.1207596010738,123.5025085227765,31.23493764508191,2.5440752632213304,123.0,2244.6644289787337
solar,2025-04-06,1246.1015998152836,233.78027661723394,431.2821737521299,156.4888150327441,37.89281980426065,14.140336566753422,137.24,1012.3213231980496
solar,2025-04-07,2784.779567557439,1664.4032990487397,-1535.14968284385,-1664.4032990487397,33.59393499964834,18.774723788269558,185.0,1120.3762685086992
solar,2025-04-08,2852.058490731863,1056.0947403867133,-614.7403250618655,-1056.0947403867133,34.79348387506122,13.197455029786102,181.0,1795.9637503451497
solar,2025-04-09,4240.542182245011,760.1467086831117,3682.471592981576,760.1467086831117,40.45406432717664,8.718832988009051,123.791925,3480.395473561899
solar,2025-04-10,2598.5361405429107,675.9265192843652,-543.4357832224514,675.9265192843652,46.47651269054488,7.1661580731584476,128.1,1922.6096212585455
solar,2025-04-11,1789.7211289727873,80.41615370759021,-57.730389975069954,-80.41615370759021,22.78623966206437,0.8935128189732247,119.12,1709.304975265197
solar,2025-04-12,1114.2487090197103,513.9466983023979,-256.5736028481844,260.79386178199775,34.698462164872375,23.75646274247454,129.5,600.3020107173124
solar,2025-04-13,3196.9809574751507,1965.786281601298,1713.0120271569504,1400.5039445092573,67.39976540084564,24.387578570634616,130.0,1231.1946758738527
solar,2025-04-14,1180.0949298573237,806.6725973898017,800.7183737912765,765.4591439300314,19.01066226351102,13.892488667130406,130.0,373.422332467522
solar,2025-04-15,3391.8517894724173,3138.54188411167,3126.589749279447,3138.54188411167,31.1133028432613,28.22467092772966,130.0,253.3099053607475
solar,2025-04-16,3319.300345274742,194.7909661343879,-3076.5381682580696,-16.15187780543515,50.92411096532172,7.904571081038907,110.5,3124.509379140354
solar,2025-04-17,1530.7122541630126,7.3095814164461,922.4105233926665,-7.3095814164461,18.01329247771872,0.11245509871455539,127.5,1523.4026727465666
solar,2025-04-18,1984.994360478681,0.0,1938.3595490184093,0.0,21.96814851183536,0.0,135.0,1984.994360478681
solar,2025-04-19,1292.1340556818514,655.755522525368,-1190.5084794623197,-655.755522525368,45.86547758436042,7.998236763520223,130.0,636.3785331564834
solar,2025-04-20,4859.851551700632,0.0,2216.034523668633,0.0,47.87234092282339,0.0,130.0,4859.851551700632
solar,2025-04-21,3577.9737538666127,1451.153517587966,3522.9956079749045,1451.153517587966,35.734821862245106,14.986386166902122,118.52,2126.820236278647
solar,2025-04-22,1676.6653305980751,13.258736130861795,-1080.2358693362578,13.258736130861795,21.650111471444248,0.19751533809537142,129.0,1663.4065944672134
solar,2025-04-23,4220.1260869426405,3390.2321358997797,4180.097813018045,3390.2321358997797,46.188335311361186,34.286647824860346,136.9,829.8939510428609
solar,2025-04-24,1635.3113956277348,191.70987553887696,-1204.2095857565325,191.602888011771,23.604018669627518,2.6644199404754216,109.5,1443.6015200888578
solar,2025-04-25,3145.52809579114,184.33091411860718,890.8778926107877,184.33091411860718,36.06164144364071,2.5089292311069364,117.9,2961.1971816725327
solar,2025-04-26,2704.747698596643,0.0,-816.0796100261391,0.0,40.34595056700756,0.0,113.55,2704.747698596643
solar,2025-04-27,581.2350312053622,51.82617143802879,-278.36581511115526,51.82617143802879,18.04596170305033,3.528791573234944,105.0,529.4088597673334
solar,2025-04-28,1855.545859537946,1397.1546470625433,-1302.7582098947746,-1397.1546470625433,21.89023716469501,17.08811221164771,204.10638114478115,458.39121247540265
solar,2025-04-29,2938.8322608398676,2576.380992947581,-2658.017727451946,-2576.380992947581,33.13039505695207,29.76912932560326,140.0,362.4512678922865
solar,2025-04-30,2169.932752527685,1334.7018702867026,-798.2648977268482,-1334.7018702867026,29.636863382522733,18.476054119553986,120.0,835.2308822409823
solar,2025-05-01,1261.1322088131271,0.0,15.802445797243763,0.0,20.453725129798503,0.0,117.5,1261.1322088131271
solar,2025-05-02,2646.09493595116,0.0,1210.225632482271,0.0,33.64984568457842,0.0,114.5,2646.09493595116
solar,2025-05-03,897.9499932034921,252.163960629187,449.97052905902126,252.163960629187,26.542019905968136,6.234962401940868,92.5,645.7860325743052
solar,2025-05-04,644.6380511434986,0.0,573.4943099562571,0.0,35.797146719004104,0.0,105.0,644.6380511434986
solar,2025-05-05,3150.766486198282,2104.1452028584067,-3087.1067983975954,-2104.1452028584067,41.62003843441215,26.808466905943355,111.5,1046.6212833398754
solar,2025-05-06,3512.1386252680823,3141.6787644872093,-3160.603683959873,-3141.6787644872093,57.53154461409643,53.55574435205946,154.12,370.459860780873
solar,2025-05-07,4509.000673853167,3843.8937877604085,-4008.0351875773954,-3843.8937877604085,60.40079332311316,53.951226240393254,141.87,665.1068860927589
solar,2025-05-08,3127.0562505661474,0.0,1502.88594278227,0.0,31.23893114932134,0.0,137.45,3127.0562505661474
solar,2025-05-09,2506.087289466108,349.91525948959077,-1199.0920095997612,-349.91525948959077,29.61746485708883,4.318737512255716,179.0,2156.172029976517
solar,2025-05-10,1322.4491626469116,838.5577061182381,-553.6231712447149,-648.8577447661983,22.557768818653095,16.512134921368347,130.0,483.89145652867353
solar,2025-05-11,3667.7643126069747,330.5576023498527,2920.858579734201,-330.5576023498527,40.6329095495006,5.260100889681704,110.0,3337.206710257122
solar,2025-05-12,2684.2729684924343,1718.3856092020374,2274.1984669063067,1718.3856092020374,29.250811600455325,19.472896503615033,132.0,965.887359290397
solar,2025-05-13,2932.5932270928156,605.4416493699251,563.2886283529112,605.4416493699251,34.94099565497083,6.593124585494921,140.0,2327.1515777228906
solar,2025-05-14,2321.529529301463,2.9976021664879227e-15,-391.51651900376214,2.9976021664879227e-15,30.391878212108804,2.7755575615628914e-17,115.0,2321.529529301463
solar,2025-05-15,8897.750101578727,7792.132609532335,8897.750101578727,7792.132609532335,81.3291789029118,70.56828445094412,124.04319914524456,1105.6174920463927
solar,2025-05-16,1875.2862744702345,102.47447813537319,-565.2400108241849,102.47447813537319,43.33034188980237,1.6384125458250298,125.0,1772.8117963348614
solar,2025-05-17,914.8466496701369,91.41090810964673,638.5063820897972,51.11160935974087,29.157189035648916,7.718475312975549,115.0,823.4357415604902
solar,2025-05-18,3048.05640791183,144.02513476749942,3002.7996019674233,144.02513476749942,38.87390808453907,2.0132222895425054,113.0,2904.0312731443305
solar,2025-05-19,4329.310383620997,4327.8411850220955,4327.763858780048,4327.8411850220955,68.28281052222123,68.25842952987304,118.0,1.46919859890113
solar,2025-05-20,1555.7196654785453,125.12682690108306,-255.09357341239416,125.12682690108306,20.290418010523787,1.2742461927875195,150.0,1430.5928385774623
solar,2025-05-21,1444.8544439878804,274.5321662344432,765.0329823277418,274.5321662344432,25.220246840692344,5.376586458615215,140.0,1170.3222777534372
solar,2025-05-22,2154.478506540379,0.0,-1783.9264105895786,0.0,24.79611072337384,0.0,126.0,2154.478506540379
solar,2025-05-23,3472.1560214441747,2272.665760024337,-3220.723951875707,-2272.665760024337,61.05265770349054,42.444199019071434,115.5,1199.4902614198377
solar,2025-05-24,405.32937201219204,109.06140539037926,185.14093772404084,1.674476093694138,27.49198211905769,11.71026914189543,100.0,296.2679666218128
solar,2025-05-25,382.3605562845932,7.539784029027342,-54.707259511466546,7.539784029027342,24.4811398959083,0.6660586598080691,110.0,374.8207722555659
solar,2025-05-26,820.0867122532338,222.8153158515748,221.1348866979813,82.01207955812144,26.59752104827537,11.889589995768077,116.45,597.271396401659
solar,2025-05-27,3100.4144770502803,76.22750868966362,1899.6759659631878,-76.22750868966362,35.2621046228325,2.0389398179983322,132.0,3024.186968360617
solar,2025-05-28,3177.166692801622,1.8561541192951836e-16,536.3534566841735,-1.8561541192951836e-16,38.04613000462116,1.734723475976807e-18,138.0,3177.166692801622
solar,2025-05-29,1590.0415800871133,1074.7890030929104,965.2677438916605,801.8700450752992,88.50189977800949,64.53141730986677,112.0,515.2525769942029
solar,2025-05-30,3774.1850787155577,3488.2500843954595,-3331.5693381051515,-3312.576285087839,75.55700001892745,72.87975777206364,120.5,285.9349943200982
solar,2025-05-31,1434.5976276429196,93.56091673618246,875.4143146365242,62.392952578081534,41.74133401701995,14.291307447029794,120.005757061592,1341.0367109067372
solar,2025-06-01,790.2428290828874,1.304512053934559e-15,-539.7824097196575,-1.304512053934559e-15,24.125634058018377,1.3877787807814457e-17,97.81,790.2428290828874
solar,2025-06-02,1612.8879684413798,0.0,-906.7161559318429,0.0,24.16206834346735,0.0,102.0,1612.8879684413798
solar,2025-06-03,1846.373523903862,771.9111965927383,-870.4655023268999,-170.9687439516822,50.704210414600766,18.102617300760784,110.0,1074.4623273111238
solar,2025-06-04,1276.9694579201584,708.3933840956392,951.7968033445437,708.1834789549786,42.04394560376909,10.908360780848358,117.9,568.5760738245192
solar,2025-06-05,8210.953705375949,2438.7238589559697,5017.041404531629,2438.7238589559697,75.53712790189971,18.52048689168231,138.9,5772.229846419979
solar,2025-06-06,4887.71283021018,3472.21522365633,3159.256077723136,3472.21522365633,54.815382104101836,38.42508693183608,130.0,1415.49760655385
solar,2025-06-07,6126.502779219882,5037.486879622534,4809.291458714647,5037.486879622534,59.079275574266816,46.77808570932352,144.79502573665945,1089.015899597348
solar,2025-06-08,2411.180835793119,1342.2000370936562,2215.8198377854806,1260.4145395010203,38.699516361586106,21.15226626146685,130.0,1068.9807986994629
solar,2025-06-09,2411.731707321417,317.32656459987714,-1739.148734831613,317.32656459987714,33.81196567094465,3.1135464466301275,120.5,2094.40514272154
solar,2025-06-10,3432.8840135707705,2814.3438208038533,-2831.1887414637927,-2350.8891245111477,87.33420370917696,74.78430669068311,127.0,618.5401927669172
solar,2025-06-11,2866.0530616179894,828.9228009049973,-992.0001188339453,-828.9228009049973,32.83419126301051,11.982202510615585,123.0,2037.1302607129921
solar,2025-06-12,3715.261989578002,377.0845851726779,2096.972272447605,-377.0845851726779,53.50302288221124,3.5847237147707736,114.0,3338.177404405324
solar,2025-06-13,3071.0265586032297,922.0559306920616,-638.5765007582938,-904.8104964227308,50.73215710161571,28.46672332882195,128.0,2148.970627911168
solar,2025-06-14,3575.333940147097,442.5439682315832,981.3852108941695,-153.43884174532326,54.53551147043197,11.392814361425867,142.0,3132.789971915514
solar,2025-06-15,2046.5231479515705,34.52833248274308,-1790.175221203455,-26.127192903797006,67.42827903270899,10.235042475542716,124.0,2011.9948154688275
solar,2025-06-16,2217.402596931705,593.5179744544902,-1097.6549621251272,-593.5179744544902,45.14700667199257,16.473670500550604,124.0,1623.8846224772146
solar,2025-06-17,2192.716172652294,1128.1683183839907,-159.8479372498735,-1128.1683183839907,31.14795928065258,19.032167907807768,134.50017699115045,1064.5478542683034
solar,2025-06-18,6339.083429521686,3132.453089212633,-2975.8247502775293,-3132.453089212633,57.23276652591087,31.220322222533376,155.0,3206.6303403090533
solar,2025-06-19,3529.3833022376302,0.0,1136.4516092869594,0.0,33.61196762997044,0.0,140.0,3529.3833022376302
solar,2025-06-20,3167.998947055279,0.0,-1804.9633995197607,0.0,27.79602792289496,0.0,132.0,3167.998947055279
solar,2025-06-21,13414.13207924567,11394.469344893527,13399.432569282542,11392.756461710933,128.7159403403362,103.54621736034215,145.0,2019.6627343521432
solar,2025-06-22,2551.367166974804,2003.7306002870891,-2305.679692346895,-1997.5247404993809,65.72390817674756,45.64512488589181,118.57,547.636566687715
solar,2025-06-23,620.6040152114588,2.737393645091402e-16,-168.06394368758683,2.737393645091402e-16,21.827203440576966,6.938893903907228e-18,116.5,620.6040152114588
solar,2025-06-24,6489.357361044411,4875.374973017923,-1944.4514613078627,-2474.2046917764274,100.5127607208662,70.86803314611902,129.0,1613.9823880264876
solar,2025-06-25,3958.050149547069,0.0,61.65400125098829,0.0,43.015324903342815,0.0,170.3,3958.050149547069
solar,2025-06-26,3367.2615524154744,2132.418971845788,1140.3911927971014,1112.2395784725402,71.70047070683307,52.99224398545104,134.95,1234.8425805696866
solar,2025-06-27,2760.660037660961,1257.0509831876022,1301.2960983781293,76.65588519961678,92.16722021860507,70.89626357804678,110.0,1503.6090544733586
solar,2025-06-28,4857.592759559204,4247.007071968073,4824.259373422637,4247.007071968073,107.36051205772185,93.37962217214738,101.11,610.5856875911304
solar,2025-06-29,3284.4167589025888,0.0,799.4534225426787,0.0,37.14463168787511,0.0,124.0,3284.4167589025888
solar,2025-06-30,6002.862890400607,2718.80419764115,4854.040378979036,2718.80419764115,37.703143139924876,7.731702951324065,423.85,3284.0586927594572
solar,2025-07-01,4806.728615520632,4561.484135438908,4462.930448718495,4561.484135438908,61.1958549221731,58.13824764381053,263.58,245.24448008172385
solar,2025-07-02,5261.283003261761,3522.693637589122,1985.8504316100668,3522.693637589122,74.00889881477835,45.94173343554536,135.0,1738.5893656726394
solar,2025-07-03,1665.7850757917324,0.0,635.4677579951359,0.0,22.97469746325094,0.0,119.0,1665.7850757917324
solar,2025-07-04,1407.4450300924723,0.0,-1007.419338419155,0.0,28.61381251068886,0.0,107.48,1407.4450300924723
solar,2025-07-05,851.4915526685303,0.0,-354.2453726896335,0.0,32.97892102682866,0.0,109.6,851.4915526685303
solar,2025-07-06,3763.053256771511,1911.6722679804575,3411.8744180104136,1911.6722679804575,38.22866173291145,18.71895300377095,123.7,1851.3809887910534
solar,2025-07-07,1594.520401728873,233.84010647032738,-356.87230088283087,233.84010647032738,24.329122493031484,2.1270547088444145,119.0,1360.6802952585456
solar,2025-07-08,2714.039744671492,219.06238512356504,-2313.605046712253,-198.15168208834683,47.06184518999425,2.622297281901879,120.5,2494.977359547927
solar,2025-07-09,1222.621673873967,538.5456990700789,-675.6164985833734,-538.5456990700789,15.24773563581455,7.538364466568119,128.59419369246032,684.0759748038881
solar,2025-07-10,2999.194638787046,2574.564266927327,-2157.0265053135963,-2574.564266927327,35.635845714783514,30.91641382054393,130.0,424.63037185971916
solar,2025-07-11,1982.929987328869,882.4548466776469,-807.8242108731029,-882.4548466776469,27.7894044089616,15.116785103447352,122.5,1100.475140651222
solar,2025-07-12,1679.4830068093434,601.909570065568,-471.1424131864471,-599.1718653073574,29.094542744146146,13.885094371240445,126.00024858616618,1077.5734367437753
solar,2025-07-13,3204.1046361721214,357.21141688494674,2542.8952811028526,357.21141688494674,42.82268319795656,4.344832326578311,138.0,2846.893219287175
solar,2025-07-14,1828.9199395402018,1555.582018379053,1162.7466352375286,1430.1222737940523,30.341890231970922,22.963039603617872,112.0,273.33792116114887
solar,2025-07-15,4490.487912440594,2722.0252414505126,2196.487223766206,2722.0252414505126,53.15608140498322,30.910540032089934,155.4111647926786,1768.4626709900817
solar,2025-07-16,2776.6939121995633,1930.018519664651,2577.781530723593,1930.018519664651,32.16192167733351,19.756554638273215,124.0,846.6753925349124
solar,2025-07-17,6094.885607033909,5610.132502144634,5574.182953790122,5610.132502144634,74.73896728246389,69.365859029375,110.0,484.75310488927516
solar,2025-07-18,2580.0982471145253,740.8415702916245,702.0517396850865,740.8415702916245,27.019438952118314,7.191287044988163,124.0,1839.2566768229008
solar,2025-07-19,6894.409329537778,6832.5645970893665,6806.976184454523,6832.5645970893665,87.7767927983233,86.88918041331408,115.0,61.84473244841138
solar,2025-07-20,6494.953173979269,5264.15533627314,4755.6924295970975,5264.15533627314,57.86720886954502,46.13176840822875,125.0,1230.797837706129
solar,2025-07-21,2018.934188361365,0.0,-1.4657784087185424,0.0,30.20470735781589,0.0,114.0,2018.934188361365
solar,2025-07-22,9692.68146372867,9507.523537119072,9692.68146372867,9507.523537119072,100.51749099745312,98.38601456500749,113.0,185.15792660959778
solar,2025-07-23,4427.751137033922,4239.5902494180955,4230.644523754368,4239.5902494180955,50.38832998628938,48.70066211073289,133.47,188.16088761582614
solar,2025-07-24,5125.330811276194,5125.330811276194,5125.330811276194,5125.330811276194,61.76936090082243,61.76936090082243,126.0,0.0
solar,2025-07-25,2226.868309708386,46.92262267123428,-2049.1627865408977,46.92262267123428,30.919319241234845,0.7026630533721014,124.0,2179.9456870371514
solar,2025-07-26,5292.231548272572,2644.791509573553,4928.171487823712,2644.791509573553,59.423139707078555,28.498628208807077,118.0,2647.4400386990187
solar,2025-07-27,7150.764616182171,7053.843804574212,7150.764616182171,7053.843804574212,77.49124621354632,76.42793879281064,112.0,96.92081160795897
solar,2025-07-28,3548.297552397569,2971.1009699140996,2639.023538018846,2971.1009699140996,38.66542864702478,30.005201227161233,119.0,577.1965824834692
solar,2025-07-29,3964.7368732760915,3505.160299833028,3933.8066519200747,3505.160299833028,50.50641971535987,45.670544275883366,140.0,459.57657344306335
solar,2025-07-30,2035.8594964897816,382.86936173776206,-1177.475718382713,382.86936173776206,27.35352706591972,4.89294795898237,117.0,1652.9901347520195
solar,2025-07-31,1892.155108837602,171.76825931175068,1077.1094616345988,171.76825931175068,27.117946783269577,2.2069868652261047,118.5,1720.3868495258514
solar,2025-08-01,6053.765168714932,5752.233333252771,5709.6620442484755,5487.631253106069,77.94412533231652,75.2253384082704,115.0,301.5318354621604
solar,2025-08-02,1746.4226181185745,830.5624525651723,-65.45176951491405,830.5624525651723,52.77556036867959,27.02501391066342,120.0,915.8601655534022
solar,2025-08-03,2295.985702087888,1324.028009209713,-641.5674191909411,-1251.2681398424356,57.25304484375046,17.788524055317296,164.5,971.9576928781751
solar,2025-08-04,1250.5425325958886,1182.185378313474,-498.06818933324877,-542.1275807354385,37.96765336734508,35.36341379043148,119.0,68.35715428241451
solar,2025-08-05,1497.9246012518092,1019.6292457411613,-986.7711788744764,-916.1060699448319,44.98778466728743,35.39596283521643,114.0,478.29535551064794
solar,2025-08-11,4279.075773180941,1882.2214844809873,383.12484308687476,-1882.2214844809873,50.86710073798229,30.332499177076457,199.0,2396.8542886999535
solar,2025-08-12,3025.9013364823063,0.0,-713.2206303176669,0.0,34.31139367492247,0.0,145.0,3025.9013364823063
solar,2025-08-13,7312.907237437767,3660.8703026673707,7289.6505977352745,3660.8703026673707,71.50978089787661,41.899394413992425,160.48,3652.036934770397
solar,2025-08-14,1245.0043560552597,450.5450467724014,331.29655542523085,450.5450467724014,19.405970108924677,6.87274808963225,162.4,794.4593092828583
solar,2025-08-15,2779.1901331977633,0.0,-2757.0334356098474,0.0,41.63634505797633,0.0,115.0,2779.1901331977633
solar,2025-08-16,10116.931257920727,6067.152269845961,10100.411578866819,6067.152269845961,100.66640294434023,63.030166179065716,128.0,4049.778988074766
solar,2025-08-17,3518.5418021057208,911.8342210337114,-3082.791091031941,-902.3875254275243,54.58382314483812,10.149581394602528,120.0,2606.7075810720094
solar,2025-08-18,7202.6088116829,3165.416237854253,7202.147782401036,3165.416237854253,66.1558322186773,30.37807804339164,130.0,4037.192573828647
solar,2025-08-19,2495.028080886653,1822.9343608624147,1779.4016557349412,1822.9343608624147,32.18104817173903,23.444039164640966,109.9,672.0937200242381
solar,2025-08-20,2502.3376812034617,2420.3216429329073,2499.4540390889233,2420.3216429329073,27.38152278913535,26.236850022578686,195.0,82.01603827055442
solar,2025-08-21,1655.3206195721552,1325.5310455306067,1325.89145422764,1325.5310455306067,26.370199598885254,20.87109571280152,129.45,329.7895740415486
solar,2025-08-22,4000.7710121093623,2254.20323330154,542.413722070904,2254.20323330154,48.81038234422219,24.16797615986771,161.0,1746.5677788078224
solar,2025-08-23,2125.030064314583,4.507332007630538e-16,1574.7377096334878,-4.507332007630538e-16,28.151821712974964,5.204170427930421e-18,124.25,2125.030064314583
solar,2025-08-24,2977.461403916277,1367.5826284511695,-81.38136254184118,1367.5826284511695,40.33948276180486,17.448069741188945,123.4,1609.8787754651075
solar,2025-08-25,1695.601063166579,817.6846407513866,-1165.1745294369382,-472.9422048717815,45.123865873258495,23.753108124827563,125.0,877.9164224151924
solar,2025-08-26,1898.495303310935,144.3119176401628,376.5560472090475,-144.3119176401628,16.602301736418347,1.2334351935056649,178.0,1754.1833856707722
solar,2025-08-27,1846.2092620905462,842.2765711815789,-1213.2624823302006,-721.0918168378339,35.22061769489582,21.370931964394117,128.0,1003.9326909089673
solar,2025-08-28,1865.0775115699253,1185.0936936643643,-868.75372395996,-1185.0936936643643,26.27408365367537,17.11511096180125,115.0016485328058,679.983817905561
solar,2025-08-29,1302.9088635784883,0.0,3.8596461037322207,0.0,22.1186941023021,0.0,137.38,1302.9088635784883
solar,2025-08-30,605.7415961332894,0.0,-89.1052268019843,0.0,25.357179956798547,0.0,110.11122032545514,605.7415961332894
solar,2025-08-31,868.732739806727,0.0,-630.0543883980166,0.0,27.256764773440786,0.0,114.95,868.732739806727
solar,2025-09-01,838.0879415056747,442.9223960568187,-121.0946068413673,-236.51766498971944,37.93485219975578,26.966314203378758,115.0,395.16554544885605
solar,2025-09-02,2582.495997303456,782.3086787024492,585.6268266132539,-782.3086787024492,29.7075056934656,11.967233023167859,128.75,1800.1873186010068
solar,2025-09-03,2747.0679156741485,679.8644210009411,-1987.146576926221,-679.8644210009411,32.54519772561675,8.417618125857526,139.0,2067.2034946732074
solar,2025-09-04,1993.4941549370863,1295.5455988481638,-1349.5848798990494,-1295.5455988481638,26.924582384673762,20.072703752405083,121.53062586169064,697.9485560889225
solar,2025-09-05,2642.100407001572,2483.311222761182,-2492.350819492171,-2483.311222761182,37.346305358042414,35.50782922753172,129.0,158.7891842403901
solar,2025-09-06,3137.605416599923,3078.419536004758,2130.7994413537776,2148.337915774872,57.166629891421735,56.38846517067338,115.0,59.185880595165145
solar,2025-09-07,1180.1049067786885,668.477241900432,-195.35887755905472,-513.4806366914559,43.420339272459074,33.08698810159797,106.75,511.6276648782565
solar,2025-09-08,3961.2010874038015,3388.3524201319265,-3875.1971210304846,-3388.3524201319265,53.538683029101016,47.42486184999244,171.9,572.848667271875
solar,2025-09-09,2420.2012094567813,1865.9815150853706,-1416.270720254136,-1865.9815150853706,32.87315014728138,28.233017181276445,138.0,554.2196943714107
solar,2025-09-10,1095.0390109608823,56.4601719399698,133.9071784125993,48.16696457931319,23.43071630263661,1.847736122166097,118.19884970998922,1038.5788390209125
solar,2025-09-11,683.859549887509,205.12547139651528,-64.68747611565996,195.64220825028715,28.717148225346428,12.559880104925039,113.9,478.73407849099374
solar,2025-09-12,656.8210585367192,580.6991547181042,-21.986681308781325,25.23577611907281,26.747098578328867,23.715115125704372,120.0,76.12190381861501
solar,2025-09-13,769.0410401247291,745.0277255615417,-525.3765192967875,-531.9763277176181,19.644790033880984,16.571126338519694,128.0,24.01331456318735
solar,2025-09-14,3561.829487175681,187.53893273947898,2031.0795935211786,-187.53893273947895,35.30888411214238,2.905111007623776,118.5,3374.290554436202
solar,2025-09-15,430.08351765153736,173.6954081658018,37.791724481140534,173.6954081658018,27.40968919533772,6.483157717833015,127.0,256.3881094857355
solar,2025-09-16,944.4696564926938,65.73495865228035,-745.6819301982033,63.68496612072142,29.538724334274363,3.7061307122906957,122.0,878.7346978404134
solar,2025-09-17,683.9123367583591,0.0,-660.1823965676863,0.0,18.969820943014692,0.0,123.5,683.9123367583591
solar,2025-09-18,2397.3071210491776,179.12476427112585,909.3492028911082,-179.12476427112585,31.933347007021382,1.9481827763553667,121.95,2218.1823567780516
solar,2025-09-19,3445.001876236862,616.615429112263,-2567.1909566397235,-616.615429112263,36.917785839164736,8.035949522495887,152.25,2828.386447124599
solar,2025-09-20,2214.0589393281625,0.0,1315.1520258683336,0.0,26.315212115003455,0.0,115.0,2214.0589393281625
solar,2025-09-21,576.7876992308521,0.0,193.74196228319704,0.0,29.600330507602926,0.0,114.9,576.7876992308521
solar,2025-09-22,1996.099017184972,479.61755306104226,-1940.9123634861241,-479.61755306104226,40.5681706768879,11.512992112688906,115.0,1516.4814641239295
solar,2025-09-23,3290.6996569406506,2727.4454281028798,-2850.7200830589823,-2727.4454281028798,41.25726028527135,33.744962302183026,179.2,563.2542288377708
solar,2025-09-24,2880.7806783662422,1470.3963078283111,-1058.7794908864525,-1470.3963078283111,35.387275797106604,17.108330744315328,157.0,1410.384370537931
solar,2025-09-25,3567.1817474459544,2933.3679371381168,-3477.3249704157283,-2933.3679371381168,43.985929382911294,38.60390006222377,130.0,633.8138103078377
solar,2025-09-26,3984.5625099036074,478.60692955552065,3687.1756363560744,290.59849158874954,43.28613975431662,4.724592112060928,114.9,3505.9555803480866
solar,2025-09-27,1568.984115109911,1083.2335551830224,834.4799216710715,1083.2335551830224,21.883880665054757,14.581311162852838,120.0,485.7505599268886
solar,2025-09-28,1700.4977778208158,2.303273698350363,-319.4327554358099,2.303273698350363,18.64177717929833,0.03937219997180108,145.0,1698.1945041224656
solar,2025-09-29,3231.9007362239695,3.8823111392360945e-16,-1615.8161225026965,-3.8823111392360945e-16,45.15359844632381,3.469446951953614e-18,169.6,3231.9007362239695
solar,2025-09-30,7060.587823942103,6092.50237640896,-6988.546195247977,-6092.50237640896,87.541886166434,77.19666794543886,164.9,968.0854475331425
solar,2025-10-01,2556.950737086965,1697.6434744516403,-1720.4688333534643,-1697.6434744516403,26.925744583493525,15.485812393061234,144.37,859.3072626353248
solar,2025-10-02,3140.198131718502,2849.613321091909,-2707.7963016184744,-2849.613321091909,34.194446805093634,31.471409432277206,115.0,290.584810626593
solar,2025-10-03,683.301723745914,0.0,394.9401101687421,0.0,7.849415445897013,0.0,114.0,683.301723745914
solar,2025-10-04,944.1782497974054,0.0,790.603229096712,0.0,29.07597227925236,0.0,85.0,944.1782497974054
solar,2025-10-05,575.6480100222899,0.0,-55.91351258236466,0.0,19.01264592704543,0.0,112.8,575.6480100222899
solar,2025-10-06,5052.81045892136,3146.417466584735,-4885.7631922760265,-3073.004596669025,65.96266283526948,42.92105933010646,145.0,1906.392992336625
solar,2025-10-07,1726.9777422021464,0.0,1683.0992614241727,0.0,18.809832519251593,0.0,156.92,1726.9777422021464
solar,2025-10-08,1220.015225418035,0.0,244.2701355006294,0.0,14.239396752815804,0.0,136.59,1220.015225418035
solar,2025-10-09,3425.130203919668,1150.5343972465637,2705.7986669477777,1150.5343972465637,34.88453616523866,13.146551424121578,134.09,2274.5958066731046
solar,2025-10-10,5685.235649559359,5429.878366168971,5684.636327352462,5429.878366168971,63.36782957167958,60.61206621624321,140.99,255.35728339038815
solar,2025-10-11,7434.371297286487,7385.342005236252,7382.744585222079,7385.342005236252,67.70467443927205,67.36058206920723,144.12,49.0292920502352
solar,2025-10-12,7378.889095352512,7378.889095352512,7378.889095352512,7378.889095352512,55.68219190072614,55.68219190072614,154.0,0.0
solar,2025-10-13,7892.3738867725115,7891.301631142771,7891.245196635942,7891.301631142771,42.76379368013447,42.75353384251375,487.0,1.072255629740539
solar,2025-10-14,4088.6115903642963,4088.6115903642963,4088.6115903642963,4088.6115903642963,41.94599616016724,41.94599616016724,300.0,0.0
solar,2025-10-15,4047.3652856632193,4047.3652856632193,4047.3652856632193,4047.3652856632193,41.59641678120695,41.59641678120695,264.0,0.0
solar,2025-10-16,3429.581520548403,3429.581520548403,3429.581520548403,3429.581520548403,47.28989191231072,47.28989191231072,147.0,0.0
solar,2025-10-17,6649.396154646991,6649.396154646991,6649.396154646991,6649.396154646991,75.38199755862922,75.38199755862922,134.5,0.0
solar,2025-10-18,5218.124128213118,5218.124128213118,5218.124128213118,5218.124128213118,56.987141582973116,56.987141582973116,118.9,0.0
solar,2025-10-19,907.1173069773652,19.34203642014061,-276.49674741465986,19.342036420140605,17.058061555262334,0.2636674074466185,108.62,887.7752705572245
solar,2025-10-20,1546.44231590242,529.1862060198412,1094.057149818857,529.1862060198412,22.883844025355444,9.812453880091816,122.95,1017.2561098825788
solar,2025-10-21,865.8506960514674,0.0,-363.2499382217079,0.0,9.419792719259537,0.0,126.5,865.8506960514674
solar,2025-10-22,4166.325539271553,2552.523459062736,3315.5774403137807,2552.523459062736,36.4800190753228,18.99072367978898,315.1,1613.8020802088167
solar,2025-10-23,2714.6383051977273,38.590402563278666,-2637.45750007117,38.590402563278666,38.598525074818,0.40635668447920165,115.0,2676.0479026344487
solar,2025-10-24,1393.4657784646708,884.053042624581,-1229.215435200301,-875.3182594017524,38.9865401150369,33.33347945617679,100.28,509.4127358400898
solar,2025-10-25,479.67659754528296,19.624002077361414,341.32157697210386,-0.7016962373068917,28.377746632803305,1.9857918952480142,108.3,460.05259546792155
solar,2025-10-26,1011.5193970729499,0.0,351.4231048121443,0.0,33.03580809863254,0.0,111.5,1011.5193970729499
solar,2025-10-27,1977.0570369346333,226.78277246249817,406.1318115668907,-226.78277246249817,26.252216736638182,2.9813087030652436,129.53,1750.2742644721352
solar,2025-10-28,607.3144999984487,0.0,-72.64109429698449,0.0,15.776152811980024,0.0,125.26143070550546,607.3144999984487
solar,2025-10-29,2308.398356455374,256.16602728834454,2284.1575850367626,256.16602728834454,28.22770404168422,3.062702638454849,125.0,2052.2323291670295
solar,2025-10-30,1936.088583114468,11.66770908276171,-1410.7250879483338,11.667709082761709,21.681773829114057,0.16772602739363107,107.2,1924.4208740317063
solar,2025-10-31,1224.2678203515654,1.2736686705316912e-15,-618.9849212138964,-9.811942924820016e-16,17.387231609183697,5.898059818321144e-17,104.85,1224.2678203515654
solar,2025-11-01,1940.5190883423843,250.23726773749496,1890.993578763403,250.23726773749496,48.02701194066795,14.447879199624419,106.5,1690.2818206048894
solar,2025-11-02,1644.5084374698945,253.26237875062682,-1518.528525747015,-243.7175917123268,24.75617212294661,7.0028494421579826,110.0,1391.2460587192677
solar,2025-11-03,299.20150426706607,0.0,180.22416992702762,0.0,6.635215515353278,0.0,110.0,299.20150426706607
solar,2025-11-04,1991.6719841624085,1668.8228101752686,-1981.8899807350288,-1668.8228101752686,29.348103879279773,25.043477225964644,144.0,322.8491739871399
solar,2025-11-05,1347.2500335641375,833.262271629523,-350.0751499200136,-833.262271629523,12.32603665346372,7.2926693840716466,160.0,513.9877619346146
solar,2025-11-06,855.62528555044,444.9736498902597,-793.594034265039,-444.9736498902597,10.972100319406625,4.9911374815537695,139.9,410.6516356601803
solar,2025-11-07,1178.3068025788637,508.8370656577136,38.48328101787836,-508.8370656577136,13.524934014397488,5.637250723907484,125.0,669.4697369211501
solar,2025-11-08,2055.208226851097,1592.134761246621,-2023.2193216695173,-1592.134761246621,32.91819453915018,25.501504268633152,117.9,463.07346560447604
solar,2025-11-09,1040.993745320754,743.1965559827705,-505.4784421849122,-743.1965559827705,12.70682192914389,9.394067165477239,111.89,297.79718933798347
solar,2025-11-10,1043.287960207684,64.80727651502924,280.90089570199245,-64.80727651502924,15.519101516589059,0.9314986671300202,110.6,978.4806836926547
solar,2025-11-11,558.337961156423,0.0,308.1008686752142,0.0,7.764575071509513,0.0,106.9,558.337961156423
solar,2025-11-12,674.8772575446704,0.0,-565.7890016738467,0.0,11.077164334306127,0.0,101.25,674.8772575446704
solar,2025-11-13,3499.931494518277,3193.0086200515075,-3397.419475080352,-3193.0086200515075,62.683528301451545,58.85901526384145,104.25,306.9228744667694
solar,2025-11-14,287.62908454010403,0.0,287.62908454010403,0.0,3.2554969950467494,0.0,103.5,287.62908454010403
solar,2025-11-15,741.3429425440363,9.705502590084834,-152.24063459183716,-9.705502590084834,7.863847351557724,0.10320627066194854,123.43,731.6374399539515
solar,2025-11-16,1225.8914986331176,820.0558598232233,-1007.3782903140997,-820.0558598232233,12.480674364869945,8.1805336833696,123.5,405.83563880989436
solar,2025-11-17,750.1248847623615,316.9063958780451,-238.4538161932153,-316.9063958780451,10.466984604608092,4.675938737704551,164.45,433.2184888843164
solar,2025-11-18,796.0150696133966,0.0,574.9339953652108,0.0,11.198217943334956,0.0,130.0,796.0150696133966
solar,2025-11-19,2751.1312437600263,58.443913495994465,2751.1312437600263,58.443913495994465,29.829144539088592,0.8352324200652738,117.0,2692.687330264032
solar,2025-11-20,1051.5554729397109,488.09403981381865,375.9336568034404,488.09403981381865,10.58192778068397,4.944718171555607,159.53,563.4614331258922
solar,2025-11-21,1399.9968449273936,77.70884595978214,-975.6017517408741,77.70884595978214,13.770445954544265,0.4277249341946724,247.3104,1322.2879989676114
solar,2025-11-22,532.4015901413611,0.0,-459.9346432258129,0.0,7.040936247691687,0.0,117.4,532.4015901413611
solar,2025-11-23,1059.2017082223979,0.0,-729.87837634399,0.0,12.5048022178502,0.0,112.89,1059.2017082223979
solar,2025-11-24,914.6886698481696,0.0,-782.6544881596665,0.0,9.417505154522038,0.0,129.0,914.6886698481696
solar,2025-11-25,1545.071930340375,523.7245353799472,-1220.0116208678155,-523.7245353799472,19.775250747106714,6.74417980636723,203.37,1021.3473949604279
solar,2025-11-26,5871.044556618119,5657.0557476796985,-5794.227276008976,-5657.0557476796985,68.30232448857748,66.6270462094653,135.0,213.98880893842033
solar,2025-11-27,302.1006222045334,145.61510760375026,-74.97570833005673,-145.61510760375026,3.7094287703294917,1.3868105486071454,106.75,156.48551460078315
solar,2025-11-28,3218.395623164568,2800.0030288168723,-2858.0057295423608,-2800.0030288168723,34.907817419921386,30.74402748408789,108.0,418.39259434769565
solar,2025-11-29,538.6366399384843,389.2141402318701,-512.9064703551828,-389.2141402318701,9.420937086043306,7.2136002371389125,102.8,149.42249970661425
solar,2025-11-30,1254.4167827515369,1036.4583693015127,-962.4744655815929,-1036.4583693015127,17.165507118461026,15.001192612130321,125.0,217.95841345002418
solar,2025-12-01,300.3117354791314,0.0,158.889493736166,0.0,3.7169355032715754,0.0,117.5,300.3117354791314
solar,2025-12-02,1526.4265172818577,1039.9014399110579,-1144.289652480641,-1039.9014399110579,19.301925836575972,13.774870248099681,122.77,486.52507737079986
solar,2025-12-03,1591.935198375307,1316.2369238300323,-1436.6718840695444,-1316.2369238300323,19.845387324526897,16.556267747689233,115.59,275.69827454527467
solar,2025-12-04,449.6167079345636,0.0,62.984440366861385,0.0,5.768801249338377,0.0,110.99963998559944,449.6167079345636
solar,2025-12-05,1112.0452311545323,887.7554481724603,-880.9849132301338,-887.7554481724603,16.846789832231508,13.508131092854018,102.32,224.28978298207198
solar,2025-12-06,696.5926161519199,496.6151195055739,-517.6170861211065,-496.6151195055739,12.013041412896454,8.62235084845964,105.0,199.97749664634597
solar,2025-12-07,1187.8717053161504,4.380176776841438e-17,1123.484582240175,4.380176776841438e-17,12.46859989607483,4.336808689942018e-19,115.5,1187.8717053161504
solar,2025-12-08,479.0198191232519,0.0,325.11949558874846,0.0,6.0651221229541745,0.0,114.0,479.0198191232519
solar,2025-12-09,280.1732192779738,1.3183898417423734e-15,-55.00570971481241,-1.3183898417423734e-15,3.1132214680906247,1.3877787807814457e-17,98.3,280.1732192779738
solar,2025-12-10,937.446717683019,0.0,-811.4803277791862,0.0,15.262705325615421,0.0,103.45,937.446717683019
solar,2025-12-11,931.6242700847911,0.0,370.04866130227254,0.0,10.60977048581626,0.0,106.9,931.6242700847911
solar,2025-12-12,1423.8359629955378,7.42129320959369e-15,1336.9500882558145,-7.42129320959369e-15,16.72317578762295,6.938893903907228e-17,108.99,1423.8359629955378
solar,2025-12-13,3092.7323558018475,588.7643034868954,-2967.4524176859036,-588.7643034868954,36.89119063835291,7.763433590303056,94.85,2503.968052314952
solar,2025-12-14,1119.9566915127725,1040.3095880169055,-1036.717008173101,-1040.3095880169055,17.045222933782092,15.916103160139862,96.0,79.64710349586699
solar,2025-12-15,874.5080319216129,701.7338023736044,-659.9882160405708,-701.7338023736044,13.103249289447458,10.992583153045906,149.95,172.77422954800852
solar,2025-12-16,871.5496766912086,0.0,388.605258883239,0.0,12.930182949063525,0.0,133.0,871.5496766912086
solar,2025-12-17,281.15038404144303,0.0,156.95641771615024,0.0,3.678866593527502,0.0,104.75,281.15038404144303
solar,2025-12-18,264.2236954308171,6.562111964925065e-16,224.63708266281466,-2.326611125980094e-16,4.0960005791240075,1.0408340855860843e-17,93.95,264.2236954308171
solar,2025-12-19,2704.194763862498,1252.382457117799,-2527.096124412188,-1252.382457117799,30.27755335937564,14.24449530979713,101.0,1451.8123067446988
solar,2025-12-20,912.7386338566613,276.6572665624298,-180.4480418478086,-276.6572665624298,8.891421069826732,2.969276929726078,116.0,636.0813672942315
solar,2025-12-21,703.8891199592872,0.0,684.9441898210825,0.0,10.242936689623345,0.0,99.9228342467976,703.8891199592872
solar,2025-12-22,441.2204155595015,0.0,-53.03833355827003,0.0,6.6600442567742775,0.0,104.99170439687975,441.2204155595015
solar,2025-12-23,1540.2343818226013,4.562572541999543e-14,1540.2343818226013,4.562572541999543e-14,17.291895422353697,5.551115123125783e-16,97.0,1540.2343818226013
solar,2025-12-24,1606.569232994222,0.0,-1520.455601847795,0.0,21.583652206234255,0.0,104.2,1606.569232994222
solar,2025-12-25,2885.412573704582,1871.771019517964,-2592.12200975605,-1871.771019517964,37.29747367845893,24.50745378004556,119.0,1013.6415541866179
solar,2025-12-26,486.5695329735942,115.2113011849872,-95.32328527748194,-115.2113011849872,6.877895580240588,1.3831977019348467,109.0,371.358231788607
solar,2025-12-27,809.0478343710254,103.92477217910414,403.3026489282702,-103.92477217910414,10.283135833690558,1.4006882244915326,96.23892954516263,705.1230621919212
solar,2025-12-28,1145.5868445520719,0.0,1145.5868445520719,0.0,11.52866904998677,0.0,118.0,1145.5868445520719
solar,2025-12-29,1479.3225418219654,0.0,1479.3225418219654,0.0,13.806037285667685,0.0,123.45,1479.3225418219654
solar,2025-12-30,2700.0489567354907,56.09411058165671,-2596.039007437613,-56.09411058165671,37.139117439098456,0.7690548043264002,129.6,2643.954846153834
solar,2025-12-31,757.1808728712418,280.5582418280725,-161.62418215515754,-280.5582418280725,10.04552326250695,3.957039927030075,105.0,476.62263104316935
solar,2026-01-01,608.5057476375923,20.244074784606813,383.16743829816335,-20.244074784606813,11.424466910651741,0.40814666904449215,99.0,588.2616728529855
solar,2026-01-02,1626.8804102658632,595.5947009850726,-1423.7546800152406,-595.5947009850726,16.89722962189986,5.9269588476843404,125.0,1031.2857092807908
solar,2026-01-03,2083.672924799266,1912.764089620276,-1924.6933042668147,-1912.764089620276,25.172269930591746,23.17659095203028,109.0,170.9088351789901
solar,2026-01-04,746.7955688418008,356.64860499820736,-206.51527094750662,-356.64860499820736,7.985460222074374,3.7350093187341376,125.0,390.1469638435934
solar,2026-01-05,1842.984468274566,1038.439879875016,-1158.910438300219,-1038.439879875016,18.42609072643573,11.399406225812651,750.0,804.5445883995501
solar,2026-01-06,2063.8136744667268,1228.5599282828273,-934.2035868362001,-1228.5599282828273,13.572111027621354,6.040616009238423,323.2036549053041,835.2537461838995
solar,2026-01-07,454.1920507975176,0.0,147.38631361354203,0.0,6.15473192736237,0.0,127.0,454.1920507975176
solar,2026-01-08,1146.951456630263,0.0,865.581679190224,0.0,4.8148851153300924,0.0,434.85,1146.951456630263
solar,2026-01-09,961.2724417026245,0.0,897.4277551502629,0.0,10.512270877617443,0.0,123.14787458831732,961.2724417026245
solar,2026-01-10,1300.447481949858,0.0,-1191.957543775105,0.0,18.755927903010118,0.0,118.0,1300.447481949858
solar,2026-01-11,405.9191885045252,0.0,95.85016426284379,0.0,4.38809626532315,0.0,106.0,405.9191885045252
solar,2026-01-12,532.3692668504909,1.4016565685892601e-15,130.25073822939274,1.4016565685892601e-15,6.248179695676594,1.3877787807814457e-17,114.5,532.3692668504909
solar,2026-01-13,1124.1338611241451,1.0604295219707183e-14,-477.1901543926867,1.2750911437819922e-15,11.681002994105523,1.1102230246251565e-16,124.0,1124.1338611241451
solar,2026-01-14,1222.4414962813648,588.8311074523172,-1077.1132692927572,-588.8311074523172,14.238539206395885,7.109452460769628,161.35,633.6103888290477
solar,2026-01-15,1331.1610568306444,3.5668083070428127e-17,1225.7823753885857,-3.5668083070428127e-17,14.725069512831785,2.168404344971009e-19,179.55,1331.1610568306444
solar,2026-01-16,1175.017673950072,0.0,-1106.1892320748132,0.0,14.668042202034918,0.0,144.98,1175.017673950072
solar,2026-01-17,1591.4292537102006,1358.7920493003805,-1498.9972371336678,-1358.7920493003805,19.26225726366765,16.30891080156257,136.99988672405982,232.63720440982001
solar,2026-01-18,959.6235249967237,68.28929623492719,767.3768028431858,-68.28929623492719,9.941058068317446,0.8925595294956357,152.14424182314653,891.3342287617966
solar,2026-01-19,1003.1883206914132,0.0,-70.91671042950212,0.0,10.531517439547024,0.0,143.17,1003.1883206914132
solar,2026-01-20,1685.2751851853252,954.1988267799281,-1329.3429420251407,-954.1988267799281,21.21180025626453,12.120133364918843,119.94,731.0763584053971
solar,2026-01-21,526.4255755037318,0.0,432.64641920244105,0.0,5.930152984196237,0.0,130.0,526.4255755037318
solar,2026-01-22,1422.4468108959322,3.3970048995968227e-15,1422.4468108959322,-3.3970048995968227e-15,14.583032875245976,2.7755575615628914e-17,126.77,1422.4468108959322
solar,2026-01-23,1071.1255295012631,0.0,-730.0936975376912,0.0,11.756922726664808,0.0,129.0,1071.1255295012631
solar,2026-01-24,1480.6323900365421,9.623159589901203e-16,202.83070787556005,-9.623159589901203e-16,13.485707656121585,1.3877787807814457e-17,129.0,1480.6323900365421
solar,2026-01-25,851.4929937296262,0.0,250.57687667863107,0.0,7.761286914417559,0.0,136.9,851.4929937296262
solar,2026-01-26,802.1901079650129,0.0,167.56532317615444,0.0,6.973533664690605,0.0,151.24,802.1901079650129
solar,2026-01-27,1175.4276858413882,0.0,759.2334841807424,0.0,10.310874186665739,0.0,134.0,1175.4276858413882
solar,2026-01-28,1175.3036665128552,0.0,-888.1268170469413,0.0,11.72675500437186,0.0,150.35,1175.3036665128552
solar,2026-01-29,1373.1781820915444,0.0,810.2421480779865,0.0,10.092690539608776,0.0,151.47,1373.1781820915444
solar,2026-01-30,717.7285085962727,0.0,204.84611494384094,0.0,7.805220194231246,0.0,129.0,717.7285085962727
solar,2026-01-31,1638.799577527287,512.7358510518233,1466.5661112203031,512.7358510518233,16.55328089861715,5.254065865446215,128.24,1126.0637264754637
solar,2026-02-01,833.8266446581221,355.1385903545894,313.94831018136466,355.1385903545894,7.935225950739822,3.441926483149006,148.0,478.6880543035327
solar,2026-02-02,1696.0221742421459,1632.0944771762665,1696.0221742421459,1632.0944771762665,16.041408510107317,15.460754299336267,139.8,63.92769706587933
solar,2026-02-03,418.24095118738626,368.010142829706,331.2537190448762,368.010142829706,4.242123386288689,3.763010545545824,123.45,50.230808357680246
solar,2026-02-04,1994.5703989649298,88.04937151298402,-1699.2012663626808,88.04937151298402,23.30183548927107,0.9188809784997736,129.0,1906.5210274519459
solar,2026-02-05,383.51377323949146,0.0,-34.66116625005763,0.0,4.635617083051915,0.0,119.49,383.51377323949146
solar,2026-02-06,572.6328267124435,0.0,373.4877080145302,0.0,5.383293797088763,0.0,118.15283328055556,572.6328267124435
solar,2026-02-07,1072.5158277610049,0.0,597.6814859769677,0.0,13.442435784212883,0.0,114.5,1072.5158277610049
solar,2026-02-08,532.7843986902421,0.0,-437.9992392218292,0.0,6.7911519271759975,0.0,127.9,532.7843986902421
solar,2026-02-09,746.2959664998489,0.0,-570.4082930203955,0.0,7.855668177557079,0.0,159.6,746.2959664998489
solar,2026-02-10,480.97969873763407,0.0,-137.61407081836816,0.0,6.267436529961095,0.0,118.0,480.97969873763407
solar,2026-02-11,2211.696705713401,340.50828021016855,-2188.9654814465885,-340.50828021016855,26.169288911210025,4.7812266650284885,99.89,1871.1884255032326
solar,2026-02-12,1638.5200622297566,1613.893325040779,-1624.3306270213022,-1613.893325040779,21.2710061074419,20.986909424045482,119.0,24.626737188977586
solar,2026-02-13,1910.333147158812,1861.7393127845357,-1863.3882743714034,-1861.7393127845357,27.289627872426024,26.59724016431685,135.0,48.593834374276184
solar,2026-02-14,4277.315045565512,3947.185662312158,-3670.0167120056,-3947.185662312158,58.81536764239583,55.593225251585785,113.99,330.12938325335426
solar,2026-02-15,1287.5852321100122,1.8960787800947897e-14,-39.51998989642188,1.6011237474744534e-14,18.72723401334629,2.918672248330978e-16,118.0,1287.5852321100122
solar,2026-02-16,1447.0895901234724,577.7866839287318,-139.41929561672274,-577.7866839287318,18.350496856658538,8.463872278912945,102.40269220087312,869.3029061947406
solar,2026-02-17,2352.7358450032507,906.5137711048933,-451.4265664957117,-906.5137711048933,30.296097577026448,13.636960892965968,115.0,1446.2220738983574
solar,2026-02-18,1671.219162847269,0.0,1278.759839079507,0.0,25.2397140825203,0.0,96.81,1671.219162847269
solar,2026-02-19,2053.0340090525456,354.14104054096435,1339.3896833951005,354.14104054096435,19.842817830460792,2.8452703105189947,144.01020408163265,1698.8929685115813
solar,2026-02-20,1534.3693662456196,799.9100318483346,270.18826744375696,799.9100318483346,19.219089844419546,9.150648417528254,107.5,734.459334397285
solar,2026-02-21,3602.714165329847,1.2975731600306517e-15,-2046.9709968117604,1.2975731600306517e-15,37.80253895598442,1.3877787807814457e-17,118.0,3602.714165329847
solar,2026-02-22,605.675414454876,0.0,116.39662621334881,0.0,18.309856255333365,1.1102230246251565e-16,97.45,605.675414454876
solar,2026-02-23,2237.518587690967,933.5645921569137,-491.6857263019901,-933.5645921569137,31.579753864369483,13.618176108927372,120.0574091295388,1303.953995534053
solar,2026-02-24,1243.7600135810778,213.18988097748152,-1118.1933235644697,-213.18988097748152,25.48778780915735,11.338161109293146,117.89827985721853,1030.5701326035962
solar,2026-02-25,1248.5010201853736,14.967100277512731,857.451154329493,-14.967100277512731,15.534717348973047,0.24536229963135625,131.5794633498766,1233.5339199078608
solar,2026-02-26,1579.2504630741641,292.79726511570163,1578.2575275288148,292.79726511570163,31.682233834479916,4.923642534784613,97.0,1286.4531979584626
solar,2026-02-27,1577.4679241895535,780.3416086120043,879.6254572075309,780.3416086120043,19.937798270112513,9.334439138057359,111.69,797.1263155775492
solar,2026-02-28,2526.506758501209,2323.35216023784,2309.7186793079213,2323.35216023784,32.25860830902515,29.042036440057785,114.5,203.15459826336883
solar,2026-03-01,895.6260631750483,401.75246966133966,651.3093748314312,401.75246966133966,36.76244714476408,6.369593580831545,128.0,493.87359351370867
solar,2026-03-02,715.7442736055814,32.31357716324076,-199.5338386527777,32.31357716324076,13.112438112954095,0.5189472076616231,131.85,683.4306964423406
solar,2026-03-03,1748.0633269785424,0.0,466.4566709870283,0.0,16.46856242954788,0.0,224.0,1748.0633269785424
solar,2026-03-04,10555.527533521838,10118.19358557256,10555.527533521838,10118.19358557256,74.49969158780034,71.82737254441011,180.0,437.333947949277
solar,2026-03-05,6461.015857222005,6408.072988648936,6390.225900339823,6408.072988648936,56.72582840559329,56.20043419435835,145.0,52.94286857306906
solar,2026-03-06,3687.099943610442,3685.7358096327926,3685.373359266245,3685.7358096327926,36.77522463215776,36.76642587667311,185.45,1.3641339776495442
solar,2026-03-07,6174.588199457286,6174.5826232420095,6174.588199457286,6174.5826232420095,45.464236977996215,45.46419100375864,164.75,0.005576215276050789
solar,2026-03-08,10963.827142710072,10963.827142710072,10963.827142710072,10963.827142710072,70.89119449342745,70.89119449342745,167.45,0.0
solar,2026-03-09,4732.038311667211,4732.038311667211,4732.038311667211,4732.038311667211,31.82913794932572,31.82913794932572,189.0,0.0
solar,2026-03-10,1424.1749051522622,13.445415202908194,161.55518880574098,13.445415202908194,22.82289733228661,0.13983636454210602,134.89,1410.729489949354
solar,2026-03-11,597.6897983006199,540.9856602425059,563.6498183155645,533.1102756268731,20.193890152476374,19.37819139421148,136.9,56.70413805811404
solar,2026-03-12,2058.2776279644063,2050.3340300761465,2051.629063435253,2050.3340300761465,24.322292928228478,24.217703819059814,153.0,7.943597888259774
solar,2026-03-13,2456.2546365369903,2298.992667738211,2221.6693173993262,2298.176243504925,24.817720812000296,23.068666205391885,139.99,157.26196879877944
solar,2026-03-14,819.2711596222418,0.0,-344.197931903655,0.0,9.36309772865629,0.0,156.17,819.2711596222418
solar,2026-03-15,2230.4704698698574,391.89947168009695,1126.6627097121154,391.89947168009695,52.88447218011167,8.369197201728563,130.0,1838.5709981897605
solar,2026-03-16,5065.521696766182,427.6921027188784,4879.289074749739,427.6921027188784,41.90121513394186,3.9359188314340563,159.0,4637.8295940473035
solar,2026-03-17,1495.2408883300795,0.0,-1248.913772493638,0.0,25.269659386791325,0.0,147.0,1495.2408883300795
solar,2026-03-18,2824.360443406253,0.0,-2669.8708185769046,0.0,21.672875244228166,0.0,185.0,2824.360443406253
solar,2026-03-19,2892.195952135321,2346.6548278668133,-2632.9553110930474,-2346.6548278668133,31.202310241894754,25.9606495596561,171.0,545.5411242685077
solar,2026-03-20,2338.0258119950317,2049.492863868013,-2107.2064572205295,-2049.492863868013,19.834826756122702,18.052812837047316,180.0,288.5329481270187
solar,2026-03-21,3821.317709588228,3678.987279051546,-3656.477494740176,-3678.987279051546,32.88741221492085,31.970287450246687,165.0,142.3304305366819
solar,2026-03-22,3398.036271344699,2728.199344600238,-2174.7685806755803,-2728.199344600238,28.622655891661665,23.531723460657627,165.0,669.8369267444609
solar,2026-03-23,2262.8804496130115,1448.4934124751214,-2022.029183630931,-1448.4934124751214,22.810901640707087,14.999142479514214,165.9,814.38703713789
solar,2026-03-24,2011.29273493644,0.0,1993.2045200762334,0.0,33.26292579362201,0.0,124.9,2011.29273493644
solar,2026-03-25,681.3800837877978,410.8008279678745,223.75202308290616,394.0316976014146,44.37254530870025,38.004629281185046,149.0,270.57925581992333
solar,2026-03-26,3977.1846764921193,875.2115518704422,-1390.7079550601081,875.2115518704422,42.77669951447182,8.631662003116965,171.53686154969526,3101.973124621677
solar,2026-03-27,2165.3218117911024,513.8402537979083,-1590.4565209842758,-513.8402537979083,25.423192033950286,5.649993581502622,144.0,1651.4815579931942
solar,2026-03-28,525.4792156739203,0.0,390.6997191303222,0.0,17.349088805054343,0.0,145.72,525.4792156739203
solar,2026-03-29,2324.816539118027,725.3289471743154,2150.774919945069,725.3289471743154,37.2189211302907,12.125685405517332,135.9,1599.4875919437113
solar,2026-03-30,959.4856105219765,383.1567829332056,-24.13717055442763,367.7975205942232,28.684583813974562,10.558079593372703,160.0,576.3288275887709
solar,2026-03-31,3566.5467318847423,1190.6239224541337,-3373.0849766117703,-1190.6239224541337,40.79312758871562,14.478428762751255,164.0,2375.9228094306086
solar,2026-04-01,11192.144497486406,6542.55110676663,11192.144497486406,6542.55110676663,94.3770770954498,56.52883988241775,168.45,4649.593390719776
solar,2026-04-02,4205.6129498463915,384.685839370092,-4040.3630272372484,-333.79924415516734,50.2018952279355,7.286071060191889,141.1,3820.9271104762993
solar,2026-04-03,4810.1130577647555,924.4923548123921,2993.3197317782974,-358.6101845439108,78.50739017433006,32.980351064013966,120.0,3885.6207029523634
solar,2026-04-04,9594.052167940632,8772.243390028045,9504.512488941877,8762.271733980208,75.23969166305534,69.03881665100799,164.0,821.8087779125872
solar,2026-04-05,932.5751039262486,754.7088936906855,-610.5137569892684,-699.5120537747064,21.282652197010723,16.635996890843636,128.12,177.86621023556313
solar,2026-04-06,5174.362001971614,2274.6746869665476,2191.2523503036455,1586.5312613250803,77.85225422536908,37.974073741581066,152.0,2899.687315005066
solar,2026-04-07,1588.0241822897115,103.61847788649489,921.0068907609696,28.16959389091743,31.362727683022193,1.5980184009213545,144.45,1484.4057044032165
solar,2026-04-08,1469.1351028423924,0.0,778.2221014283407,0.0,13.671724413594408,0.0,149.9,1469.1351028423924
solar,2026-04-09,4861.655959066657,2528.9888070773586,4581.036970346877,2528.9888070773586,39.688229998048385,20.713897618107477,143.85,2332.667151989298
solar,2026-04-10,3771.787401104581,635.018359502851,-3712.74239709312,-635.018359502851,46.95327842178399,4.661560858919466,142.9,3136.76904160173
solar,2026-04-11,434.98621234049403,0.0,-187.5615658511985,0.0,25.763388661125866,0.0,62.22,434.98621234049403
solar,2026-04-12,1261.143262069097,533.7257876104835,1036.2585503080984,504.2379546177565,36.47152471066263,19.852369391312138,143.99,727.4174744586136
solar,2026-04-13,4174.646072840489,3499.6079549202923,3361.8996656762297,3499.6079549202923,41.61672782105231,36.524988109158855,215.32,675.0381179201968
solar,2026-04-14,2625.351111925382,2102.9234131991393,2006.589013191294,2102.9234131991393,29.874799914567628,22.032589512257235,157.5,522.4276987262429
solar,2026-04-15,4481.630564332744,3043.9550634323623,2729.671798446987,3043.9550634323623,50.60748179845685,28.996324615946243,134.4,1437.6755009003818
solar,2026-04-16,1302.6102234535742,12.839230968545152,-1031.5649816068574,12.839230968545152,25.771152869455385,0.3209807742136288,140.0,1289.7709924850292
solar,2026-04-17,3061.8749634263886,1231.600534850367,-2177.351701601169,-1231.600534850367,44.44623175348541,13.178337213175556,134.0,1830.2744285760216
solar,2026-04-18,1563.9981156470392,1498.2805282333566,-1521.6041646811589,-1498.2805282333566,22.40008372977156,21.035930064268612,115.0,65.71758741368262
solar,2026-04-19,2210.103007446661,1774.4006488920284,-1778.3737699507483,-1774.4006488920284,23.563067916583393,16.799766779268847,140.0,435.70235855463284
solar,2026-04-20,2834.833526835977,2686.3990166785784,-2700.1676346711965,-2686.3990166785784,30.47331338954286,29.27144229881659,148.55094406170343,148.43451015739856
solar,2026-04-21,3555.8442816140796,2837.2009627443695,-16.78654234701451,-250.82363901212742,75.41951068008812,67.6547576076528,154.5,718.6433188697101
solar,2026-04-22,2748.220485656615,2512.617006354106,-679.3789803337621,-710.4008775949354,51.48896099873929,48.60240450276383,149.0,235.6034793025092
solar,2026-04-23,3278.0606359728536,1509.383394467106,-1105.1984781344256,-1509.383394467106,28.331296369903917,13.354895820834766,169.3,1768.6772415057476
solar,2026-04-24,2426.544206552169,953.4491951470346,-591.1173238093002,-953.4491951470346,24.447461329730096,10.493779614572855,150.0,1473.0950114051343
solar,2026-04-25,4967.221069292004,4440.9949547511615,-4863.473041503664,-4440.9949547511615,49.40282845794128,43.469095531788746,154.0,526.2261145408429
solar,2026-04-26,4471.16000308425,1449.351109611511,1484.690176166333,-1449.351109611511,40.59519029205852,17.475686244709493,169.0,3021.8088934727393
solar,2026-04-27,3098.500816612858,267.2225150474304,-584.4806731754041,-267.2225150474304,47.71017344732877,3.773916832954132,147.44,2831.2783015654277
solar,2026-04-28,6830.794827605657,640.0301574783988,-387.5175194760321,640.0301574783988,58.44122722443234,4.740964129469621,135.0,6190.764670127258
solar,2026-04-29,1902.0346343388237,378.95163102541295,-478.51025177774716,-378.95163102541295,24.57384600927908,4.019272839306332,136.0,1523.0830033134107
solar,2026-04-30,1124.6801180906516,96.55381892171978,-8.611504650963003,96.55381892171978,22.214402128444917,4.029410950671352,150.0,1028.1262991689318
solar,2026-05-01,2934.9697059253876,0.0,1478.423346561689,0.0,24.37708337904378,0.0,197.3311819375,2934.9697059253876
solar,2026-05-02,4177.0615136090455,299.4798707067871,2336.1734317645687,299.4798707067871,53.856338165478824,1.9082700061761255,169.0,3877.5816429022584
solar,2026-05-03,3489.4474624843924,2922.4299405747133,3044.588429962406,2922.4299405747133,34.49353552681691,29.023884643504438,150.0,567.0175219096791
solar,2026-05-04,6501.773657110903,6480.485451973343,6468.04071676869,6480.485451973343,56.33508465452146,56.207629929131315,169.0,21.28820513756
solar,2026-05-05,4511.5300098214175,4363.90137290096,4362.584813400148,4363.90137290096,45.19133536934049,43.782786714490086,172.11,147.6286369204572
solar,2026-05-06,3383.411227094411,18.49960274157728,-3004.630528530247,18.499602741577267,37.90371246842175,0.1756129073328019,143.0,3364.9116243528338
solar,2026-05-07,5172.84584386572,1953.4145853069651,5152.982124354024,1953.4145853069651,47.325047800141824,16.929580495242135,157.0,3219.431258558755
solar,2026-05-08,5253.12631499627,1738.0855792590937,-4947.887368928178,-1582.1697784977025,64.46795093838793,20.832418807490676,145.0,3515.040735737176
solar,2026-05-09,2831.0305206133316,1608.0318068934296,-2048.906611972721,-1608.0318068934296,34.54282988891336,14.93464133477628,174.0,1222.998713719902
solar,2026-05-10,1267.3273324169943,0.0,-32.357465315315636,0.0,34.941244012017734,0.0,127.94,1267.3273324169943
solar,2026-05-11,5831.444474661667,994.377609162852,5385.401531058305,994.377609162852,44.56551195166663,8.200950237924303,149.2225607235026,4837.066865498815
solar,2026-05-12,1914.1019242456532,17.77530391756833,-168.36933762739022,17.77530391756833,19.999821308860994,0.148053505893456,175.0,1896.3266203280848
solar,2026-05-13,3587.240587925684,1436.320032732655,2100.025224369957,1436.320032732655,30.17788515229396,11.792549108302687,168.78,2150.920555193029
solar,2026-05-14,3307.2001038454177,938.0118737444569,-489.5474313218354,938.0118737444569,40.99728347256115,11.195380992642828,135.0,2369.188230100961
solar,2026-05-15,2901.1101589469445,72.46850492087903,1930.2710436460848,72.46850492087903,27.539795017266968,0.8109535263653882,139.45,2828.641654026065
solar,2026-05-16,2572.9974526665806,2117.751800988783,2146.8001841810083,2117.751800988783,28.263648540066356,23.494066899569606,135.0,455.24565167779747
solar,2026-05-17,2598.9157494947763,1275.5734667103113,1363.7601437335638,1275.5734667103113,38.24569422256526,23.91394580032363,157.85,1323.342282784465
solar,2026-05-18,4970.25482049162,4821.581204787206,4868.258181206872,4821.581204787206,42.96317636250689,41.91276274354545,155.57,148.67361570441426
solar,2026-05-19,5410.1055181861775,5275.627353910946,5234.281981074706,5234.50501730414,55.930690656688,54.88095920283197,144.5,134.4781642752314
solar,2026-05-20,8130.619707152541,8103.145965622331,8100.967111441872,8103.145965622331,68.6425491237886,68.41867807446003,155.9,27.473741530210646
solar,2026-05-21,3478.3033484773878,511.72026744735876,-2418.2072285188156,511.72026744735876,46.72573418894258,5.149037647628786,197.51,2966.583081030029
solar,2026-05-22,2377.9957843496395,1542.0025696192833,-1056.0762160494417,-1542.0025696192833,24.644755337785085,17.717066048890022,202.7,835.9932147303562
solar,2026-05-23,3108.238975434646,1940.3052518639813,-1974.880141271474,-1940.3052518639813,28.94787443453792,18.579711181962693,156.9,1167.9337235706646
solar,2026-05-24,1678.395683914471,581.3723053407687,-135.8859607342692,-581.3723053407687,24.974185058473818,6.581474763567968,144.49,1097.0233785737023
solar,2026-05-25,1138.3805378685727,2.7755575615628914e-16,732.0650306017017,2.7755575615628914e-16,12.386238357948628,3.469446951953614e-18,178.99,1138.3805378685727
solar,2026-05-26,2159.637660184735,0.0,-889.0407339594566,0.0,18.327493563812343,0.0,167.6,2159.637660184735
solar,2026-05-27,1153.6753311979562,0.0,134.90034908882515,0.0,12.50459558704291,0.0,148.88,1153.6753311979562
solar,2026-05-28,1118.6590459125637,0.0,-24.435948762454775,0.0,22.22748015616333,0.0,134.9,1118.6590459125637
solar,2026-05-29,1618.2465522964585,4.343747583845925e-16,-948.4622218093982,-4.343747583845925e-16,21.528636335208354,3.469446951953614e-18,149.0,1618.2465522964585
solar,2026-05-30,3329.8451358143757,0.0,364.27465772722377,0.0,29.055436877499393,0.0,153.3169216913631,3329.8451358143757
solar,2026-05-31,2367.0946862181545,0.0,497.0035409578007,0.0,24.640366789096245,0.0,154.9,2367.0946862181545
solar,2026-06-01,5358.475122654611,3157.228866600398,5293.06790355695,3157.228866600398,49.20382804343264,31.07104621288683,173.5,2201.2462560542135
solar,2026-06-02,6111.688948458705,4366.679510031557,4166.935252659888,4366.679510031557,46.59499786387951,31.791765713921514,163.75,1745.0094384271488
solar,2026-06-03,3510.9325159813816,3140.6844855286113,3395.4363254394843,3140.6844855286113,35.56387399225524,32.84241216446257,160.0,370.2480304527703
solar,2026-06-04,1149.7778063159872,642.0694139648822,567.879278592426,479.107765661437,30.134017098001266,19.66323743090785,134.5,507.708392351105
solar,2026-06-05,4513.40660620453,4415.370886025177,4406.54553563229,4415.370886025177,47.412653745427505,46.2203259272524,160.0,98.03572017935312
solar,2026-06-06,5970.710380864384,5834.713213433591,5835.828861304545,5834.713213433591,70.30409914978904,65.01684982765542,145.0,135.99716743079352
solar,2026-06-07,2711.7793749526472,2702.1860985943354,1633.564174875166,1633.9458500690228,60.20407014461017,59.41710959429615,144.9,9.593276358311869
solar,2026-06-08,3162.4277081559335,1758.50009315879,872.2475711028576,1758.50009315879,33.35285361946415,19.564028519033847,156.54,1403.9276149971436
solar,2026-06-09,2333.7406579529343,213.919794668916,1490.438204008765,213.919794668916,28.402152269200357,1.906275861104046,156.0,2119.8208632840183
solar,2026-06-10,2092.346150881928,1327.173214696959,1032.4400813324482,1327.173214696959,22.9532257651263,13.659046365436538,172.9,765.1729361849693
solar,2026-06-11,5522.772332117864,1708.7149295410995,-1069.1523806588166,1708.7149295410995,42.839603673083374,12.63778994853018,157.0,3814.057402576764
solar,2026-06-12,2838.449045579574,1300.774933228659,-1771.194195671644,-292.27576102644275,50.38180945748051,33.2043114697372,150.97,1537.674112350915
solar,2026-06-13,568.3394742123429,1.3325538042593703,149.5263700222044,-1.3325538042593703,27.319885554925076,0.025552326064417458,130.0,567.0069204080835
solar,2026-06-14,1577.1852773778176,0.0,-848.3671814573605,0.0,24.676658752584558,0.0,150.0,1577.1852773778176
solar,2026-06-15,4513.543661118657,511.050645577168,3812.524215065465,511.050645577168,44.03039319423424,3.6880178345178902,149.65,4002.493015541489
solar,2026-06-16,4226.158410553566,317.39790673898415,-2150.944542459795,317.39790673898415,39.39333191576342,2.7426243156613617,157.17,3908.7605038145816
solar,2026-06-17,6158.591912914178,2136.1240367108726,3748.85174809016,2136.1240367108726,56.11392162497515,19.22950853525675,167.0,4022.467876203305
solar,2026-06-18,4617.05088742688,2008.3950972271523,1385.149762742898,2008.3950972271523,43.920694335423576,19.640371524594514,385.55,2608.6557901997276
solar,2026-06-19,3337.280100975638,0.0,-2412.7383930941933,0.0,38.512070279797285,0.0,155.0,3337.280100975638
solar,2026-06-20,8090.419004253717,5309.299808532208,8090.419004253717,5309.299808532208,80.29817569014904,55.41649279796115,148.73,2781.1191957215087
solar,2026-06-21,1866.478918995069,1535.9422197204988,1515.455303031601,1535.9422197204988,18.676515990951053,15.104479172061772,176.0,330.5366992745703
solar,2026-06-22,6205.410145648091,5381.081102067901,5225.719784893373,5381.081102067901,44.241983157190816,31.946770871835362,184.44,824.32904358019
solar,2026-06-23,4421.364199996591,2344.7082833218606,2686.296990062556,2344.7082833218606,22.088322970441574,5.448292673795924,800.0,2076.6559166747306
solar,2026-06-25,2117.8136504134814,1159.2832333463566,1046.7750850751731,1159.2832333463566,21.853250601948986,11.980934521851214,180.0,958.5304170671247
solar,2026-06-26,3516.654968235099,2516.3947803473634,2062.7247598095073,2516.3947803473634,31.52466191475943,24.986280514982262,193.42,1000.2601878877358
solar,2026-06-27,3067.8250008167524,1242.243065141041,2149.215814609402,1242.243065141041,42.13212702201295,10.668516802172142,140.0,1825.5819356757115
solar,2026-06-28,2455.9244421382077,2118.7785714887423,946.9335905031329,697.4218620836432,41.24234528405215,36.00652275283714,152.5,337.14587064946545
solar,2026-06-29,6452.968653424883,6414.628189277732,6415.754563233562,6414.628189277732,66.91732093328122,66.53931864302736,193.04,38.34046414715067
solar,2026-06-30,3421.8988964775353,1279.830934177002,998.0028126602808,1279.830934177002,35.320615257380275,9.840552980546756,175.0,2142.0679623005335
mixed,2025-04-01,3391.9823176500845,1165.8915805747458,-930.3705939384101,-89.58615219830506,77.45950682132197,37.321636943116665,126.83,2226.0907370753384
mixed,2025-04-02,4530.332178788626,2620.871375855757,877.7717123982236,-226.4891631574831,71.66330529245052,56.41643917516426,144.5,1909.4608029328692
mixed,2025-04-03,5060.701604990355,3642.6806554386044,-4449.864885330054,-3642.6806554386044,51.02960293937194,37.603483205834664,175.12,1418.0209495517506
mixed,2025-04-04,4310.8716897849945,3922.5386723482034,-3806.1251671874656,-3812.4321376954695,55.73398865124621,50.93162029200961,134.0,388.3330174367911
mixed,2025-04-05,3593.5496074593643,2825.1859862462907,2326.624349894739,1619.7019271191941,52.657265837420304,44.19203847841324,123.0,768.3636212130737
mixed,2025-04-06,1826.8734931966071,1083.6981959711247,-334.5648061983625,-21.071670368090288,55.81229380493672,39.871787605303155,137.24,743.1752972254824
mixed,2025-04-07,3102.8746914671015,130.79023360599194,1881.6658797404402,-130.79023360599194,36.383425651155754,2.0508552578924344,185.0,2972.0844578611095
mixed,2025-04-08,3998.912412383136,2848.3882216173824,3998.912412383136,2848.3882216173824,45.34000608194005,31.86116181867412,181.0,1150.5241907657537
mixed,2025-04-09,2736.3783354106217,1592.486328080369,1502.352008650898,1592.486328080369,28.508759352635316,15.422439550907828,123.791925,1143.8920073302527
mixed,2025-04-10,3396.1109104711063,796.8920000919878,-829.3733147087901,796.8920000919878,49.68611028060534,8.222929803052327,128.1,2599.2189103791184
mixed,2025-04-11,2845.5582322567875,0.0,1131.7498903056196,0.0,37.230632591873956,0.0,119.12,2845.5582322567875
mixed,2025-04-12,2948.2039176358576,0.0,-299.73302554424026,0.0,44.22795028687795,0.0,129.5,2948.2039176358576
mixed,2025-04-13,4432.556016510863,1723.0417655433487,312.67864617637093,840.8476695911045,83.86384237060685,29.332871617950012,130.0,2709.5142509675143
mixed,2025-04-14,5438.174741137675,570.4328312585092,1817.1136551662612,570.4328312585092,69.68485197290431,5.827797581660394,130.0,4867.741909879165
mixed,2025-04-15,4494.773807549991,3724.0682622123204,2962.9362334661214,3724.0682622123204,47.897392264794256,38.393998380560205,130.0,770.7055453376706
mixed,2025-04-16,4286.382952701283,0.0,-957.7966172739016,0.0,58.36893133771051,0.0,110.5,4286.382952701283
mixed,2025-04-17,3584.919112620508,2852.286219244051,3442.313528675142,2852.286219244051,40.87391018489304,28.98331451989899,127.5,732.6328933764567
mixed,2025-04-18,4677.6477937595955,751.8670513116226,-4440.256576764298,-751.8670513116226,52.343789175271574,7.571382093217052,135.0,3925.780742447973
mixed,2025-04-19,4172.947047575704,2876.742441731217,-1580.5378358867301,-2876.742441731217,83.63409648437859,70.13297964214743,130.0,1296.2046058444876
mixed,2025-04-20,4497.309328038552,785.6203917371724,2792.768603281692,785.6203917371724,44.65500663483974,6.6750059902015115,130.0,3711.6889363013797
mixed,2025-04-21,2833.9052026460486,1000.9188179271385,1812.6928723569815,1000.9188179271385,29.341577751202962,10.409374049144674,118.52,1832.98638471891
mixed,2025-04-22,1701.8031460772036,818.1140405848888,658.6530758009709,818.1140405848888,24.72289006558666,11.282178468196872,129.0,883.6891054923148
mixed,2025-04-23,5859.945036521666,5270.002356330223,5203.279607332713,5270.002356330223,66.40847750070334,57.17751394233849,136.9,589.9426801914433
mixed,2025-04-24,1964.7311759327768,172.40712870203038,-636.5977686880733,172.40712870203038,25.392718095563055,3.158725145417998,109.5,1792.3240472307464
mixed,2025-04-25,2385.4694732775715,0.0,-611.1904503819407,0.0,26.270546735753726,0.0,117.9,2385.4694732775715
mixed,2025-04-26,2304.6649044671176,0.0,-853.6340672896132,0.0,30.42040899272203,0.0,113.55,2304.6649044671176
mixed,2025-04-27,2579.9132947759213,1853.6075401949006,-1809.5725761160584,-1083.2668215350377,49.663195459653245,38.76658144895913,105.0,726.3057545810207
mixed,2025-04-28,2216.3395497454308,306.1559670804489,384.6963260250197,-306.1559670804489,23.278434967282454,3.9538432920771784,204.10638114478115,1910.183582664982
mixed,2025-04-29,2181.944963114283,850.0754323282016,-1165.6000369193305,-850.0754323282016,23.40379617258413,9.857721385959437,140.0,1331.8695307860812
mixed,2025-04-30,3027.156868379363,83.74353318602233,-337.8870375259636,-83.74353318602233,35.2209957231368,1.3476858425893254,120.0,2943.4133351933406
mixed,2025-05-01,1835.7264079978845,541.2862942600257,-1181.76259295854,-541.2862942600257,28.55373737586609,9.61288890133902,117.5,1294.4401137378588
mixed,2025-05-02,2831.470061875456,881.0552391022327,-490.93533778702306,-881.0552391022327,39.53114902627884,11.866717043564645,114.5,1950.4148227732232
mixed,2025-05-03,1072.584655772073,728.5027942893031,-833.2973973640293,-728.5027942893031,23.196949757262992,13.556042894550377,92.5,344.0818614827698
mixed,2025-05-04,1874.1358134113145,503.71860567349205,1176.8345903561,503.71860567349205,49.64041482684388,9.03488821462511,105.0,1370.4172077378225
mixed,2025-05-05,2547.3345396690756,1420.7948911331944,873.6492013268216,1420.7948911331944,33.63315064411297,17.85074376873913,111.5,1126.5396485358813
mixed,2025-05-06,1855.907271085048,0.0,-486.0717069356043,0.0,25.742937870983745,0.0,154.12,1855.907271085048
mixed,2025-05-07,3403.633345977895,0.0,1414.2842505533858,0.0,38.49801920852537,0.0,141.87,3403.633345977895
mixed,2025-05-08,4037.431565125228,2752.476081022077,3484.2356283635854,2752.476081022077,39.6414683861748,26.575347661973552,137.45,1284.9554841031513
mixed,2025-05-09,2143.4062096589946,245.2739437617257,-673.1354731266518,245.2739437617257,20.876241036517825,2.811821062347427,179.0,1898.132265897269
mixed,2025-05-10,3022.527617182013,1664.6539981225992,2131.1536309849275,1664.6539981225992,42.787782841965175,18.796709769828517,130.0,1357.8736190594136
mixed,2025-05-11,6973.137510686474,5943.216487020682,6953.027533023745,5943.216487020682,90.16524221832387,78.0614941665706,110.0,1029.9210236657927
mixed,2025-05-12,2862.0021970414787,2131.795119649074,1684.2352589894906,2131.795119649074,29.541250584305544,21.472513418815574,132.0,730.2070773924047
mixed,2025-05-13,2878.3292024673137,0.0,-2211.6147098219258,0.0,34.72075941736708,0.0,140.0,2878.3292024673137
mixed,2025-05-14,1901.8518482293173,0.0,-587.4564427991008,0.0,25.868930507694483,0.0,115.0,1901.8518482293173
mixed,2025-05-15,7182.340563418068,2765.1735129046656,3893.519147005929,77.67106908249855,73.3425336393486,30.635762048130132,124.04319914524456,4417.1670505134025
mixed,2025-05-16,3311.9076683363505,220.00052749872034,-2717.98167012303,1.338801661675535,55.91628341320993,12.495796837148276,125.0,3091.9071408376303
mixed,2025-05-17,1740.8136759874442,993.1063951928477,-587.7396343462315,-850.4580020632894,33.30747380868325,20.62417075508638,115.0,747.7072807945965
mixed,2025-05-18,3782.4671207188812,881.2081904830777,-254.03397294943676,-881.2081904830777,48.29097124395237,14.24196810185554,113.0,2901.2589302358037
mixed,2025-05-19,3289.049468805715,82.4468946840306,1727.4863623233105,82.4468946840306,47.55008794509457,3.6123252356663977,118.0,3206.6025741216845
mixed,2025-05-20,2271.353999365136,1392.6513870385809,1579.6572734620281,1392.6513870385809,26.015960858601517,14.881778903095764,150.0,878.7026123265553
mixed,2025-05-21,2634.669767665412,145.3630796670061,-1827.362967062488,145.3630796670061,37.73008428546085,1.2848569672919035,140.0,2489.3066879984062
mixed,2025-05-22,2157.839505660706,0.0,-362.8805618752367,0.0,22.436405527303922,0.0,126.0,2157.839505660706
mixed,2025-05-23,1967.241774459054,0.0,-207.47381665794975,0.0,26.323564170568027,0.0,115.5,1967.241774459054
mixed,2025-05-24,2890.7247396172597,423.73160089347164,-2193.6997964860266,-423.73160089347164,67.93304050132508,9.691982407646119,100.0,2466.993138723788
mixed,2025-05-25,1747.0617408169962,1696.9204543389183,-389.13509762208605,-343.62059510736464,90.46863872457862,82.45244731991983,110.0,50.14128647807797
mixed,2025-05-26,2017.1566802541904,803.9492518252708,-1764.2991597226587,-737.5732762258787,50.71123461728036,21.331191545391967,116.45,1213.2074284289197
mixed,2025-05-27,8685.616834503759,5168.261516655332,8561.599004017158,5168.261516655332,93.21500544255076,52.27414913821487,132.0,3517.3553178484262
mixed,2025-05-28,5875.957612090271,5134.346058001534,5165.5828771360575,5134.346058001534,63.121421410565304,54.42918690001888,138.0,741.6115540887367
mixed,2025-05-29,4602.259711334324,3049.824570623389,-2061.7241048718274,-509.2889641608925,148.65449718808236,107.3253837240089,112.0,1552.4351407109348
mixed,2025-05-30,5643.694744165368,1915.2878244126805,3830.6900164899976,1000.8307632372912,69.99151089350477,24.800819188440677,120.5,3728.406919752688
mixed,2025-05-31,1950.0014526071668,996.2149056566245,1156.8030025683088,938.5137718996614,34.031786336127766,16.175312653631163,120.005757061592,953.7865469505423
mixed,2025-06-01,1761.8949409614827,975.5416751791682,-596.4144239603784,-54.19917717556567,55.437683332385035,37.287841477928566,97.81,786.3532657823145
mixed,2025-06-02,3431.3493928497664,801.6878430755896,83.49540940458525,801.6878430755896,54.56540389599505,11.4499015149592,102.0,2629.661549774177
mixed,2025-06-03,1655.8042117207353,225.62938172259587,-472.4749824055103,100.64319953534212,60.88393155134736,16.537861855744428,110.0,1430.1748299981396
mixed,2025-06-04,1627.2277672290923,290.9406598095838,-658.8971922000278,-264.19889604870144,45.05580818199638,7.7391352524175545,117.9,1336.2871074195084
mixed,2025-06-05,12299.366137863917,9160.185824863469,11506.743509352558,9160.185824863469,127.58514654953682,86.27881924200932,138.9,3139.180313000448
mixed,2025-06-06,8377.81743682722,7582.632030344926,7905.004693394863,7582.632030344926,94.62905108162062,87.64572493057358,130.0,795.1854064822937
mixed,2025-06-07,10830.978967358025,10701.318488139927,10830.978967358025,10701.318488139927,105.22977530323809,104.28504022113623,144.79502573665945,129.66047921809877
mixed,2025-06-08,4214.573925855293,3757.0077429608104,3440.337231436644,3734.645775822784,65.74307209581409,49.288653988831896,130.0,457.5661828944826
mixed,2025-06-09,9146.822566394196,5495.670873472019,-1434.7778739126322,2155.8981558995647,109.0614252085458,66.51154387047711,120.5,3651.151692922177
mixed,2025-06-10,1998.563192231801,373.59510869257645,963.0758955141702,-373.59510869257645,45.56917894845208,9.085611113983704,127.0,1624.9680835392246
mixed,2025-06-11,2819.1122687250568,0.0,-1037.7032126830907,0.0,32.01019135219116,0.0,123.0,2819.1122687250568
mixed,2025-06-12,7943.453615796124,5231.651460052492,-5342.537933792016,-5231.651460052492,115.15601756100953,65.13922148113377,114.0,2711.8021557436314
mixed,2025-06-13,5901.05832548839,4091.938119998114,-3885.11862905173,-4053.8371962377623,84.80693290264301,67.83759582964713,128.0,1809.1202054902765
mixed,2025-06-14,4297.21969697469,10.251512090536705,1934.2373054392863,-10.251512090536705,57.54285175932669,0.13393666175250463,142.0,4286.968184884154
mixed,2025-06-15,1843.6249311818692,0.0,757.4426391372721,0.0,46.396380499224115,0.0,124.0,1843.6249311818692
mixed,2025-06-16,2361.4688359687148,0.0,-440.6662286359689,0.0,31.342973277768202,0.0,124.0,2361.4688359687148
mixed,2025-06-17,5947.478924137284,2525.7737789626,-680.2180278100464,-2525.7737789626,71.18687548842601,32.42591002816712,134.50017699115045,3421.705145174684
mixed,2025-06-18,6738.454967370793,3633.6099730655305,4962.563889382751,3633.6099730655305,55.49455123003499,27.184963138631907,155.0,3104.844994305263
mixed,2025-06-19,4517.66960875392,1494.8437570613987,-751.4628425133204,1494.8437570613987,40.31903099490631,15.279986886500481,140.0,3022.8258516925216
mixed,2025-06-20,5946.033518072245,1324.5755613515664,-4409.146684467414,-1324.5755613515664,55.485033948555,16.20050238034751,132.0,4621.457956720678
mixed,2025-06-21,9635.581055032671,4199.7754856254105,6883.016266430377,4028.2601259912344,93.60834925822638,44.7952289954032,145.0,5435.805569407261
mixed,2025-06-22,2969.364158555895,1626.335227654947,-151.1925358648461,343.56324856453773,81.46262023755722,42.077384937194154,118.57,1343.028930900948
mixed,2025-06-23,2808.63305735602,2649.8259265753404,-2430.571788661916,-2468.125128209839,47.929417840877164,39.89615535483929,116.5,158.80713078067947
mixed,2025-06-24,7432.243327561272,6541.970403526065,-3820.1783084055046,-4682.478015522745,108.74835199518924,99.26238920776916,129.0,890.2729240352073
mixed,2025-06-25,4819.573431970373,603.7637314575684,1857.5852601721485,603.7637314575684,50.31295303943633,9.001909407482614,170.3,4215.809700512805
mixed,2025-06-26,3743.323162750772,963.3424378532915,636.2356549148881,956.2688691712532,66.24709728542874,19.328749420509098,134.95,2779.9807248974807
mixed,2025-06-27,4637.005920284964,3606.11978947277,-3519.4143288394484,-2674.8437583112313,101.95443873752896,85.50328777308567,110.0,1030.886130812194
mixed,2025-06-28,4830.909266879658,4830.909266879658,2398.0563172966135,2398.0563172966135,119.65112394573313,119.65112394573313,101.11,0.0
mixed,2025-06-29,2815.896097325612,299.43675503359236,885.889010452552,-55.557718329593705,42.046471615180955,16.864640580790454,124.0,2516.4593422920198
mixed,2025-06-30,7940.580083643282,1214.361744377437,5609.989353568814,1214.361744377437,50.87240738243319,3.1217525562401978,423.85,6726.218339265844
mixed,2025-07-01,5200.91901470254,4037.252882810976,4533.443778125274,4037.252882810976,64.24024320716258,51.12690992427974,263.58,1163.666131891564
mixed,2025-07-02,4579.0800502818365,1687.26512034016,-998.6214251435927,1687.26512034016,63.83426151173748,21.349944035161144,135.0,2891.8149299416764
mixed,2025-07-03,2190.271895347784,0.0,717.2451333778858,0.0,26.9794978844162,0.0,119.0,2190.271895347784
mixed,2025-07-04,5967.680835437805,4954.638158515216,-4446.1179062752435,-3435.737358974407,118.79644493440148,107.8207980730194,107.48,1013.0426769225896
mixed,2025-07-05,2383.9450380887497,1164.1691123901492,-1322.4344176033912,-803.859523542442,91.98551042470851,52.78300780399289,109.6,1219.7759256986005
mixed,2025-07-06,7780.544911757023,7587.120242106404,7661.386568959615,7587.120242106404,77.67189585880371,75.31199563982375,123.7,193.42466965061976
mixed,2025-07-07,4418.5040217306505,0.0,-3044.5367667741357,0.0,58.382849134390334,0.0,119.0,4418.5040217306505
mixed,2025-07-08,1796.7492765812995,0.0,1128.6175486663128,0.0,23.165043075734417,0.0,120.5,1796.7492765812995
mixed,2025-07-09,1884.528057389236,0.0,-286.52065494314155,0.0,23.710023992442103,0.0,128.59419369246032,1884.528057389236
mixed,2025-07-10,2340.937651956249,202.84016225240552,1740.872160959391,202.84016225240552,26.32419897917284,2.06303337320998,130.0,2138.097489703843
mixed,2025-07-11,2610.102610185715,1924.0165581192055,1284.083807239331,1924.0165581192055,30.187060504392598,23.08284367746044,122.5,686.0860520665096
mixed,2025-07-12,2292.7180913159827,1016.0226447282419,1411.3088346202437,1016.0226447282419,27.7117938190262,9.296728225961177,126.00024858616618,1276.695446587741
mixed,2025-07-13,4365.584057532353,410.22851806519316,-635.7463802169349,410.22851806519316,49.68325803564997,5.384559384732522,138.0,3955.3555394671594
mixed,2025-07-14,4110.678300697706,775.9829624834697,-3487.5127779301706,-775.9829624834697,55.0551195417204,9.315783910944338,112.0,3334.695338214236
mixed,2025-07-15,2737.959065908483,1425.773000276272,-812.2157885319269,-1425.773000276272,29.605532584607154,15.350435629318092,155.4111647926786,1312.186065632211
mixed,2025-07-16,6107.8673272526,3575.3293602960994,6107.8673272526,3575.3293602960994,67.97181416445528,34.50949739936913,124.0,2532.537966956501
mixed,2025-07-17,3781.9311684577383,3553.4966107104437,3395.8456755853076,3553.4966107104437,45.60726080807723,43.018595562183734,110.0,228.43455774729455
mixed,2025-07-18,3379.101969079497,2653.5970724301446,2754.287922029862,2653.5970724301446,37.00147045724295,29.098025280068846,124.0,725.5048966493523
mixed,2025-07-19,5428.908430503742,4691.413981290274,3986.2616050806464,4691.413981290274,65.82236914390117,57.26071780891647,115.0,737.4944492134682
mixed,2025-07-20,8799.572546916805,8055.855158408418,8743.31938501245,8055.855158408418,81.0936498510333,73.2222882114174,125.0,743.7173885083866
mixed,2025-07-21,2502.754355846045,1766.0254061574328,1380.2249830420385,1766.0254061574328,36.09749254896185,26.082013635655095,114.0,736.7289496886124
mixed,2025-07-22,8340.12892510307,7706.448972280651,8061.28462009718,7706.448972280651,86.8315487994934,79.32415032594075,113.0,633.6799528224192
mixed,2025-07-23,3804.326444106752,3683.8560641895447,3570.2263405198883,3683.8560641895447,44.335961142351294,43.191827971438165,133.47,120.47037991720754
mixed,2025-07-24,3204.3699992027364,2458.351640774959,2398.0450753258388,2458.351640774959,36.89974707525408,27.62927117032365,126.0,746.0183584277775
mixed,2025-07-25,1985.9150072449613,181.25848415910488,-308.8582559255467,181.25848415910488,25.127882440027488,2.5464812091061084,124.0,1804.6565230858564
mixed,2025-07-26,4489.762764466388,3265.422471298262,3355.6523420026256,3265.422471298262,54.143906397984885,36.94279315258893,118.0,1224.3402931681262
mixed,2025-07-27,9198.052977443278,6313.0285913494,6978.815252673809,6313.0285913494,105.22371218489431,73.10631574800155,112.0,2885.024386093878
mixed,2025-07-28,4748.3231879147,4301.509500484846,4328.498482404606,4301.509500484846,58.710741635515035,52.119205426711524,119.0,446.8136874298534
mixed,2025-07-29,3669.652950142201,3583.026158039631,3572.326451210689,3583.026158039631,47.5534610605815,46.27252697262664,140.0,86.6267921025701
mixed,2025-07-30,3226.144768335019,1728.542930058824,363.3157827121137,1728.542930058824,42.16622465218697,22.417223049553677,117.0,1497.601838276195
mixed,2025-07-31,2245.0053753875277,0.0,-1001.3134580490861,0.0,28.03582319717045,0.0,118.5,2245.0053753875277
mixed,2025-08-01,4801.889608224183,1191.5691900041968,3059.4915235252965,1023.0420990744368,58.648485553944035,20.972351308604438,115.0,3610.320418219986
mixed,2025-08-02,1765.6447866724493,963.5980622444793,758.7551012052506,963.5980622444793,48.22945984831645,35.37200670605207,120.0,802.04672442797
mixed,2025-08-03,3373.6045423472715,1921.2678029976298,2195.833479575467,1921.2678029976298,42.77961214903419,14.980327360604857,164.5,1452.3367393496417
mixed,2025-08-04,3543.2152299427507,1737.444903319637,-2506.918757088449,-769.2767975569749,85.20512719640999,42.15074402291135,119.0,1805.7703266231138
mixed,2025-08-05,2427.256206165076,1906.8516238320947,-551.3942433434808,-1050.903140563142,75.04100413302902,67.3202877874407,114.0,520.4045823329814
mixed,2025-08-11,4681.434123760931,1061.6519450368132,-276.01685704913166,-1061.6519450368132,51.241197314424156,16.52364911578236,199.0,3619.7821787241173
mixed,2025-08-12,2563.6921321748437,0.0,1522.4483285978297,0.0,30.45121443777836,0.0,145.0,2563.6921321748437
mixed,2025-08-13,5587.47119667665,4434.407601029967,5305.9873420149,4434.407601029967,52.230028777759614,39.96273068354019,160.48,1153.063595646683
mixed,2025-08-14,2531.7920556985932,936.9583080865764,774.817636744966,936.9583080865764,33.390602593670714,10.406117895327117,162.4,1594.8337476120169
mixed,2025-08-15,1644.020716652886,0.0,-1581.3773518317253,0.0,24.08735112353753,0.0,115.0,1644.020716652886
mixed,2025-08-16,7185.882654623383,4837.711173491414,7048.09320242925,4837.711173491414,73.74772841668417,50.58200449108353,128.0,2348.171481131969
mixed,2025-08-17,3793.5784615747298,0.0,-2369.3035620375654,0.0,53.168861627744704,0.0,120.0,3793.5784615747298
mixed,2025-08-18,8419.14810499368,3906.255133600472,6251.214073269966,2530.331318639545,81.66319865125294,38.40671711627053,130.0,4512.892971393207
mixed,2025-08-19,3293.768052020174,1374.3842538708834,1199.692496026076,1374.3842538708834,42.865011391314965,17.965585265671777,109.9,1919.3837981492904
mixed,2025-08-20,4721.508003278485,3436.5485355511146,3495.9230197227384,3436.5485355511146,54.29084491255904,39.108801381466606,195.0,1284.9594677273708
mixed,2025-08-21,1789.267724504525,1301.079153081203,1306.8907520593177,1301.079153081203,27.43616916214648,20.00787490958431,129.45,488.18857142332195
mixed,2025-08-22,4272.896316984833,4049.9328000422015,4039.869063535603,4049.9328000422015,45.83128085472809,42.402479382916866,161.0,222.9635169426315
mixed,2025-08-23,4051.065582210247,4051.065582210247,4051.065582210247,4051.065582210247,51.84979571494068,51.84979571494068,124.25,0.0
mixed,2025-08-24,2554.4755560253375,2006.0545077622467,1728.8531838488157,2006.0545077622467,32.98741700009916,26.238301517831694,123.4,548.4210482630908
mixed,2025-08-25,4154.214039186762,0.0,-1245.3195013446548,0.0,55.716474359583266,0.0,125.0,4154.214039186762
mixed,2025-08-26,4163.382690260333,253.12995896267674,1003.7448698403202,-253.12995896267674,41.53755986193792,2.87939711751807,178.0,3910.2527312976563
mixed,2025-08-27,2799.8138994970427,0.0,-773.911087686663,0.0,36.87188588004744,0.0,128.0,2799.8138994970427
mixed,2025-08-28,3479.5851341419225,1087.5148457295008,2921.2549703096197,1087.5148457295008,48.413208918861,16.64217670712494,115.0016485328058,2392.0702884124216
mixed,2025-08-29,2514.0384944429966,240.06101723484082,-87.39488048015261,240.06101723484082,32.57771846010131,4.183949825640262,137.38,2273.977477208156
mixed,2025-08-30,1615.0136331734473,428.3208312890684,-412.09963736550776,-266.7474594162998,89.26639957261753,44.334274395556804,110.11122032545514,1186.692801884379
mixed,2025-08-31,1471.9297010510138,1127.3545448960651,-733.3926751704773,-819.7121858090147,47.78565809312548,39.783132265562564,114.95,344.5751561549487
mixed,2025-09-01,2242.3892414216934,1412.2097206792448,-722.5515112733696,-1240.1969407946515,54.17268484341453,40.77788806510972,115.0,830.1795207424486
mixed,2025-09-02,2364.957659866897,0.0,1904.619528105644,0.0,26.34865937016698,0.0,128.75,2364.957659866897
mixed,2025-09-03,5745.271506273215,1768.154494082367,3232.7895008639452,1768.154494082367,54.76974369633254,15.980513305934892,139.0,3977.117012190848
mixed,2025-09-04,2280.026392674673,1429.4938898778319,878.1630088227666,1429.4938898778319,28.17321017102526,16.659981495242228,121.53062586169064,850.5325027968411
mixed,2025-09-05,2209.623105491176,0.0,-1154.6917070772843,0.0,31.81019558553041,0.0,129.0,2209.623105491176
mixed,2025-09-06,3313.319679861237,1275.9579529683717,1841.4059491277417,-79.50345206690868,102.86413893787946,63.911652164181156,115.0,2037.3617268928654
mixed,2025-09-07,3275.974864350701,3203.2484758614014,-2577.7582567032982,-2581.825143205879,123.46828407270631,121.70991329406638,106.75,72.72638848929955
mixed,2025-09-08,5254.052749217098,306.80954471648755,0.2393000549858577,-306.80954471648755,65.66404658626226,3.3431560437437846,171.9,4947.24320450061
mixed,2025-09-09,7677.0892542935035,6681.577652218356,-5813.53425603426,-5920.553487471108,108.44385424378945,96.4711695146912,138.0,995.5116020751475
mixed,2025-09-10,6769.323732367339,6755.041753926455,-5905.024509056328,-5902.696744607141,113.73741044770031,113.10395979552982,118.19884970998922,14.281978440883904
mixed,2025-09-11,1605.42173608023,1490.5174257970616,467.85114414446355,386.99937082234624,58.31851442612826,56.423854973412915,113.9,114.90431028316834
mixed,2025-09-12,1297.9596003612662,859.889491715704,600.7474891399654,419.0538587366119,61.05591544874039,55.71237639596521,120.0,438.0701086455622
mixed,2025-09-13,1201.0716562959506,0.0,740.6785581595138,0.0,36.79587669891117,0.0,128.0,1201.0716562959506
mixed,2025-09-14,4084.7508234550355,3488.765965687635,3421.9833220851788,3488.765965687635,47.99570733933447,38.450758676999705,118.5,595.9848577674006
mixed,2025-09-15,2079.3990072923116,1528.1546063995513,1765.3154885387344,1326.4064623702918,46.80220000925842,32.801967533927865,127.0,551.2444008927603
mixed,2025-09-16,2348.1482178412257,643.0776644855732,-473.9620224644883,-643.0776644855732,64.7590273808801,13.18998290833111,122.0,1705.0705533556525
mixed,2025-09-17,5736.02314069545,5471.267128694878,-5732.660559696394,-5467.904547695822,90.56991335153147,86.85001054530797,123.5,264.7560120005719
mixed,2025-09-18,4786.272478022934,4423.943590125189,-4303.540752391629,-4303.634108413048,74.04896199466388,70.18996955255885,121.95,362.3288878977446
mixed,2025-09-19,4964.68292768453,2393.564789297484,562.6901255939298,-2008.4280127931163,83.78584570586975,59.98183801418278,152.25,2571.118138387046
mixed,2025-09-20,4350.1460329280735,1259.7881275784393,-2585.8018145470564,-952.6942436886412,86.53049226128346,45.5433179073411,115.0,3090.357905349634
mixed,2025-09-21,5149.985990142651,5030.4448449547035,-4101.161542505308,-3981.70371316051,101.85398398720992,98.52834796549257,114.9,119.54114518794722
mixed,2025-09-22,3432.168398910701,3143.5845578278268,-2855.000716744953,-3143.5845578278268,52.2877751618747,49.08743741252681,115.0,288.5838410828742
mixed,2025-09-23,4233.635809717098,3660.317251548945,-4050.2933631663723,-3660.317251548945,47.06484932678713,41.08070045360381,179.2,573.3185581681528
mixed,2025-09-24,3449.391272216509,2666.734897131246,-2608.3339628558692,-2666.734897131246,39.62475983133116,28.96754573975516,157.0,782.6563750852633
mixed,2025-09-25,2795.8421906680646,1560.7294269273657,-1255.8446414924515,-1560.7294269273657,31.426388229692577,18.466786514915736,130.0,1235.112763740699
mixed,2025-09-26,6891.66022615798,2680.3998722433976,-1141.842288600699,-2680.3998722433976,79.39854285483682,31.392199888317773,114.9,4211.260353914582
mixed,2025-09-27,5200.635129505303,2847.208871083856,-4526.971423453942,-2847.208871083856,63.96089116489313,33.65816823759331,120.0,2353.4262584214466
mixed,2025-09-28,4518.585237704816,1308.968980039126,4358.9873923989935,1308.968980039126,48.881300501446,11.588961878483769,145.0,3209.61625766569
mixed,2025-09-29,3282.7331250136313,40.35920954471819,-983.524780426181,40.35920954471819,40.97848390537721,0.6360789526354325,169.6,3242.373915468913
mixed,2025-09-30,5176.690494707237,2871.420993962863,-5176.690494707237,-2871.420993962863,64.58791269138398,38.15503281459805,164.9,2305.269500744374
mixed,2025-10-01,6357.359321758615,6292.862760684548,-6294.2181948624375,-6292.862760684548,70.11754785327608,69.26732502792467,144.37,64.49656107406645
mixed,2025-10-02,7580.072768698541,7214.254013423938,-7234.070675692523,-7214.254013423938,88.80022466121626,85.24318011271025,115.0,365.81875527460306
mixed,2025-10-03,5627.437956879842,4748.622551672941,-4468.237575501697,-4673.654481255382,79.93717908590207,69.28676544853953,114.0,878.8154052069012
mixed,2025-10-04,1632.5898581197935,1632.5898581197935,-723.2692386959933,-723.2692386959933,100.77841659225531,100.77841659225531,85.0,0.0
mixed,2025-10-05,2333.817838187556,1788.738279463541,-1038.1936320937407,-1556.9940528419172,72.71988297229206,67.00648599437454,112.8,545.079558724015
mixed,2025-10-06,5406.488010631765,3824.846466000931,-4480.584692870783,-3778.0815279154426,65.66279144045498,47.166188946949255,145.0,1581.6415446308342
mixed,2025-10-07,4422.385913766814,2711.8429682145347,-3097.5577207274487,-2711.8429682145347,52.369169947374324,34.58398059143339,156.92,1710.5429455522794
mixed,2025-10-08,3662.934142520715,2528.384907217329,-2555.3263130059117,-2528.384907217329,40.611339709261244,27.416188526887957,136.59,1134.549235303386
mixed,2025-10-09,3793.3008749004775,1945.4803270665818,-868.0815196556513,-1945.4803270665818,40.571571961516185,21.542823385173214,134.09,1847.8205478338957
mixed,2025-10-10,7196.52816652518,104.32878021865542,-126.59279736676797,104.32878021865542,79.27451728528062,1.226600541016328,140.99,7092.1993863065245
mixed,2025-10-11,5102.410556263973,499.38315434714127,3343.711258322409,499.38315434714127,49.91206506837012,5.450867501187481,144.12,4603.027401916832
mixed,2025-10-12,6789.036176064446,5998.064181093794,6095.601507034673,5998.064181093794,53.189555078727395,46.787705591689445,154.0,790.9719949706523
mixed,2025-10-13,5957.378104942765,4471.385358886159,4959.101998161733,4471.385358886159,35.28723143861819,23.637785796109362,487.0,1485.992746056606
mixed,2025-10-14,4546.671515368298,4430.934729121691,4387.087256272297,4430.934729121691,42.727661452414196,41.16153327650606,300.0,115.73678624660715
mixed,2025-10-15,3112.265098864181,1963.6144057989643,1993.9900153271165,1963.6144057989643,30.39081137095789,16.98929163732982,264.0,1148.6506930652165
mixed,2025-10-16,2429.4296120545805,1936.2542290717458,1927.0740157560522,1936.2542290717458,31.685231557477238,25.708300720595645,147.0,493.17538298283466
mixed,2025-10-17,6462.06883042736,5325.160464088633,5523.665579297901,5325.160464088633,69.47039400137601,58.18249881039624,134.5,1136.9083663387273
mixed,2025-10-18,6505.016086632399,4251.952167919406,1998.888249206413,4251.952167919406,73.13278000574519,47.80833660726567,118.9,2253.0639187129927
mixed,2025-10-19,7090.769793872366,5922.291820044654,-6938.307926431846,-5769.829952604134,113.54483414112886,96.70557540403,108.62,1168.477973827712
mixed,2025-10-20,3010.5896086939288,1621.8707741730434,-557.8372479275826,-1621.8707741730434,42.99131818863124,22.911267923963685,122.95,1388.7188345208854
mixed,2025-10-21,3629.1292762882654,69.52255473974813,299.9477284215927,69.52255473974813,47.12185143625348,0.8203248815445683,126.5,3559.6067215485173
mixed,2025-10-22,5398.304262933249,687.7573576182093,3720.9949412917704,687.7573576182093,52.59962407207512,4.523540319492609,315.1,4710.54690531504
mixed,2025-10-23,3902.912342327753,836.4832590387108,-3698.661644353499,-830.9723263627367,59.325079793978944,14.126975175072772,115.0,3066.429083289042
mixed,2025-10-24,3441.4163167420925,3330.2718139556646,-3201.5571915104383,-3172.2221842519953,79.4502333947535,77.633494852463,100.28,111.14450278642789
mixed,2025-10-25,2147.3853352856445,2125.85747499914,-1600.0300224730784,-1592.8341051030277,84.16668114724055,83.20971964302177,108.3,21.52786028650462
mixed,2025-10-26,3058.9951376423505,2215.571053247522,-1900.2289690872676,-1746.4054715815175,87.26247891426604,70.58210748803343,111.5,843.4240843948287
mixed,2025-10-27,4768.665328350933,750.0989466179267,1165.2906492012096,-358.64185365331605,80.45270701882373,23.099076529411708,129.53,4018.5663817330064
mixed,2025-10-28,2475.594196926663,23.11141018755984,-1900.1090946028296,-23.11141018755984,43.05952149222133,0.5275373245277297,125.26143070550546,2452.482786739103
mixed,2025-10-29,5429.993962703215,2066.5926775746075,4274.424965803972,1517.011901544389,70.9939185448875,25.417473883184513,125.0,3363.401285128608
mixed,2025-10-30,6910.114486935907,3187.63015917503,-6855.916119615464,-3187.63015917503,82.9647367218811,40.13925634139804,107.2,3722.484327760877
mixed,2025-10-31,4503.3683556845235,3969.676411548263,-4178.054743074489,-3964.045901466733,70.76297100689821,60.805396357715416,104.85,533.6919441362606
mixed,2025-11-01,3681.3850414329518,3529.114371871775,-2301.535795719173,-2294.2828131874526,79.35772179628873,77.91194793965298,106.5,152.27066956117687
mixed,2025-11-02,6309.892332128637,1142.5840418549005,3310.811351478291,995.6502450800127,73.1840779138631,14.630856404978571,110.0,5167.308290273736
mixed,2025-11-03,4195.398787949774,3140.5825590055065,-4058.022402046252,-3003.2061731019844,99.6188684535665,74.0471989614794,110.0,1054.816228944267
mixed,2025-11-04,6884.006142040908,3103.831338062547,2945.9901324538373,-834.184671524524,102.13523089329087,64.18789897127033,144.0,3780.1748039783615
mixed,2025-11-05,4918.87862310377,1511.4740252393972,-1672.9895915294817,1511.4740252393972,59.040941122951395,25.746445789695695,160.0,3407.404597864373
mixed,2025-11-06,4275.032715247239,539.4331900538806,2820.057969300799,539.4331900538806,48.99869763292748,6.54337937835578,139.9,3735.5995251933587
mixed,2025-11-07,3021.6121654918675,197.1619051762424,204.6547526357037,197.1619051762424,37.551685252604436,2.683866047258325,125.0,2824.450260315625
mixed,2025-11-08,3054.8118116091277,168.9998771861363,-2685.355019236433,168.9998771861363,41.80539762232188,2.6055337898117235,117.9,2885.8119344229913
mixed,2025-11-09,6803.873602878588,2742.832135320715,4693.806512120162,1202.3714820331188,81.32523353788986,39.94377160776721,111.89,4061.0414675578727
mixed,2025-11-10,2849.2331603482185,0.0,-1305.658961618146,0.0,42.73449704924452,0.0,110.6,2849.2331603482185
mixed,2025-11-11,4311.959106657686,1943.6021002109326,3360.9894707693156,1943.6021002109326,57.94430842212482,25.356243821067444,106.9,2368.357006446753
mixed,2025-11-12,3294.9687908987557,0.0,502.71191880174274,0.0,67.98093482728906,0.0,101.25,3294.9687908987557
mixed,2025-11-13,4531.857304458344,3210.2210149030207,-3910.015996125656,-3210.2210149030207,86.84340062031777,61.97309978573835,104.25,1321.636289555323
mixed,2025-11-14,3716.1623574727337,1356.4569221713325,877.0837807881185,-1356.4569221713325,51.23244383486309,21.512785766579057,103.5,2359.705435301401
mixed,2025-11-15,2030.9512741024814,0.0,-808.6927967439754,0.0,24.23701701186583,0.0,123.43,2030.9512741024814
mixed,2025-11-16,3190.9513782098816,1268.343627733617,-3190.9513782098816,-1268.343627733617,35.05875876583296,13.037043035648445,123.5,1922.6077504762645
mixed,2025-11-17,1888.4479808208719,1443.8412839943308,-1166.9730968719284,-1443.8412839943308,24.739912650461765,19.70953024472228,164.45,444.6066968265411
mixed,2025-11-18,3953.6596079982423,1459.2070308137434,-2195.1261559111936,-1459.2070308137434,44.730284185259976,16.63970791509165,130.0,2494.452577184499
mixed,2025-11-19,12430.576607811354,12430.576607811354,-12430.576607811354,-12430.576607811354,134.6847541849625,134.6847541849625,117.0,0.0
mixed,2025-11-20,5950.19216487995,3153.020545160349,-355.8489254407474,-3153.020545160349,58.00991131095115,33.812770332127464,159.53,2797.171619719601
mixed,2025-11-21,3120.4019213132206,194.16300265117366,710.156136764893,194.16300265117366,31.333659919712026,1.4644488893322243,247.3104,2926.2389186620467
mixed,2025-11-22,4005.7237265141307,2784.113229334672,3549.8975733873385,2784.113229334672,48.52523752507744,35.08353637733728,117.4,1221.610497179459
mixed,2025-11-23,7081.878202730593,1884.677936308982,1897.0368499921435,1884.677936308982,95.00168499010556,34.739879777551074,112.89,5197.200266421612
mixed,2025-11-24,7479.098417316551,3806.309016878062,-7468.585357537946,-3806.309016878062,91.57550180589897,49.18023867373675,129.0,3672.789400438489
mixed,2025-11-25,1946.2201020379648,547.0580927577722,-174.0936437860538,-547.0580927577722,21.876923691618217,7.594292767207166,203.37,1399.1620092801927
mixed,2025-11-26,6336.8649806603735,3323.856724537298,-3299.7859362392846,-3323.856724537298,84.36232447082358,52.16093231390261,135.0,3013.0082561230756
mixed,2025-11-27,2716.2293112308635,2669.314773616531,-2672.650148546076,-2669.314773616531,44.176442446196944,43.497381609298046,106.75,46.9145376143324
mixed,2025-11-28,3660.4795141987584,3204.3351174006743,-3172.5780150077985,-3204.3351174006743,46.06699184571268,40.440425714018104,108.0,456.144396798084
mixed,2025-11-29,4821.126360029261,4555.670185626396,-4367.96104481896,-4427.306982453831,88.86150413030157,82.42105801360339,102.8,265.45617440286514
mixed,2025-11-30,4806.338427495976,3490.3453451085525,-2016.9292286545149,-3205.052245649404,72.27779716583562,53.91154482439836,125.0,1315.9930823874238
mixed,2025-12-01,6239.489497504826,2256.1289486322744,3518.394044455775,2256.1289486322744,75.42665385454356,26.107501785268248,117.5,3983.360548872552
mixed,2025-12-02,6021.493401125439,5593.858958880847,5985.384140389518,5593.858958880847,73.61191301242762,66.2369491206573,122.77,427.6344422445918
mixed,2025-12-03,7213.61733918731,7213.61733918731,7213.61733918731,7213.61733918731,88.79812331404796,88.79812331404796,115.59,0.0
mixed,2025-12-04,3801.0099009926307,2729.920860955042,2624.341572055334,2729.920860955042,45.5333017235417,30.589319242391273,110.99963998559944,1071.0890400375888
mixed,2025-12-05,7083.7348283984775,3781.568565035159,-5963.181369663562,-3011.235429797821,94.21365695051297,47.954556353837006,102.32,3302.1662633633186
mixed,2025-12-06,2350.3675513624903,725.737838723022,175.85945251187155,-719.9145207921239,33.870651865685254,10.19356975040559,105.0,1624.6297126394684
mixed,2025-12-07,5831.330419292734,1547.6718597151494,657.3888532179587,-1486.0199639601478,72.75983225237971,17.894509582883085,115.5,4283.658559577585
mixed,2025-12-08,3938.0056090342496,3272.5136250476125,3262.5847411947047,3272.5136250476125,51.94798608706255,42.281000305156255,114.0,665.491983986637
mixed,2025-12-09,3818.5021228110454,508.436427203923,-3237.9009102110463,69.07263703448018,60.25754562080424,18.09384348522585,98.3,3310.0656956071225
mixed,2025-12-10,3082.6554566682616,2805.303531666336,-2800.0712345443076,-2783.2701859345225,56.29634705452466,52.45706088033123,103.45,277.3519250019258
mixed,2025-12-11,5582.9064471113725,4784.069485127068,-4083.8103164425734,-4784.069485127068,84.27726388121734,73.06822741652974,106.9,798.8369619843043
mixed,2025-12-12,6465.860574468805,4509.809117533095,6465.860574468805,4509.809117533095,83.5302254554166,55.72639583911679,108.99,1956.0514569357101
mixed,2025-12-13,2049.1989680822257,276.8112618087529,-629.4866332104338,276.8112618087529,27.205761868219575,3.385289102340014,94.85,1772.3877062734728
mixed,2025-12-14,2460.6902494882024,0.0,-1688.2179866082743,0.0,34.71940793479121,0.0,96.0,2460.6902494882024
mixed,2025-12-15,12853.475634254652,10857.824666286419,12853.475634254652,10857.824666286419,143.61708816742743,112.43473224285174,149.95,1995.650967968233
mixed,2025-12-16,6205.641127668592,6158.10106569072,6110.561003712849,6158.10106569072,69.86633293715636,69.23443445585377,133.0,47.54006197787203
mixed,2025-12-17,3248.317768398853,0.0,482.6809721350167,0.0,47.1628691103051,0.0,104.75,3248.317768398853
mixed,2025-12-18,3373.7595757871222,2503.6573133374322,2658.74722256311,2503.6573133374322,53.33527351345848,38.0592225252319,93.95,870.10226244969
mixed,2025-12-19,3217.5326702040534,421.606291677336,-1949.0892765526107,421.606291677336,55.11442314485022,13.751785834361286,101.0,2795.9263785267176
mixed,2025-12-20,6606.501906567441,3576.3042876480745,5398.162340814919,3576.3042876480745,71.57425654134957,33.76666694852225,116.0,3030.197618919367
mixed,2025-12-21,5274.77354019381,2506.737469783322,-4577.1521362229805,-2506.737469783322,63.72468171352979,29.101259302695134,99.9228342467976,2768.036070410488
mixed,2025-12-22,1677.5765844661285,0.0,919.5518254226483,0.0,26.706709321346615,0.0,104.99170439687975,1677.5765844661285
mixed,2025-12-23,3209.074948113625,822.5343626553314,-2426.987735189373,-822.5343626553314,45.94135335613785,13.007777753628382,97.0,2386.5405854582937
mixed,2025-12-24,4279.114250524943,3969.8957984218723,-3714.965312607024,-3969.8957984218723,74.06387173150358,69.91789475771799,104.2,309.2184521030704
mixed,2025-12-25,4076.7367805322765,3729.0460337744544,-4010.510110262189,-3729.0460337744544,52.116787792064095,47.205294422449455,119.0,347.6907467578221
mixed,2025-12-26,3528.4092370490594,2953.7481752266303,-2379.087113404202,-2953.7481752266303,50.58815047852298,43.8314207422,109.0,574.661061822429
mixed,2025-12-27,4233.297008472853,3659.554762419931,-4146.836047043984,-3659.554762419931,59.741230712978705,51.275597341824565,96.23892954516263,573.7422460529219
mixed,2025-12-28,3115.6386742174855,3033.231571261795,-3022.5546111321296,-3033.231571261795,38.73581927182694,37.84680590342214,118.0,82.40710295569033
mixed,2025-12-29,2542.7794839384865,1418.6751674961479,-1372.8016037107816,-1418.6751674961479,27.503458145051322,16.76342550718662,123.45,1124.1043164423386
mixed,2025-12-30,2241.4670664567266,1183.1484823449887,-844.5276128043905,-1183.1484823449887,27.994788615388742,15.539257317606104,129.6,1058.318584111738
mixed,2025-12-31,4268.190578976746,2657.5936493307186,-3125.5610761058165,-2657.5936493307186,60.117073796078834,37.321180483156255,105.0,1610.5969296460275
mixed,2026-01-01,4116.405373371421,949.8837586118714,2344.604094664711,-801.1643446623189,57.09072813613169,18.65315729923539,99.0,3166.5216147595493
mixed,2026-01-02,6394.95804788243,2698.197474670065,2657.6323570867194,2698.197474670065,70.74643399645166,33.10591701913794,125.0,3696.760573212365
mixed,2026-01-03,5704.152937683827,2227.56301146657,-3543.3881227289908,-374.2928171189805,70.03794078135792,25.30949021614456,109.0,3476.589926217257
mixed,2026-01-04,6847.311365930181,3114.988910335029,6564.200443583215,3114.988910335029,71.389162546269,30.915022073344225,125.0,3732.322455595152
mixed,2026-01-05,6025.573793973021,4999.544132870805,5171.640451467195,4999.544132870805,44.35606787143345,35.13412432082908,750.0,1026.0296611022159
mixed,2026-01-06,9001.367201465613,6674.603298125826,4692.67085746633,6674.603298125826,63.78185713213456,35.463544094296964,323.2036549053041,2326.7639033397872
mixed,2026-01-07,4114.100352566038,0.0,1476.0207660342276,0.0,54.53258755252207,0.0,127.0,4114.100352566038
mixed,2026-01-08,9284.302395825007,8666.659257750884,8787.40206683591,8666.659257750884,63.973955020669585,56.94867157638039,434.85,617.6431380741233
mixed,2026-01-09,6999.053353841281,6899.206020863131,6908.227653308433,6899.206020863131,77.64985032116488,76.35209228097304,123.14787458831732,99.84733297815
mixed,2026-01-10,5890.570754277563,2145.5000017528355,-5500.531916404854,-2145.5000017528355,70.55158883801604,24.40324297463632,118.0,3745.070752524727
mixed,2026-01-11,4134.518927590073,296.6322643306002,1343.3744795526432,-296.6322643306002,51.11237780881434,3.816972269178372,106.0,3837.8866632594727
mixed,2026-01-12,4794.377790939876,2733.5683967661857,4444.42570208368,2733.5683967661857,53.94123750070027,30.540367295124618,114.5,2060.80939417369
mixed,2026-01-13,7587.263535847539,7152.952598121816,7156.491557337408,7152.952598121816,80.81252732315133,75.83240169169984,124.0,434.3109377257233
mixed,2026-01-14,7811.941079330865,4138.821192541695,-7811.941079330865,-4138.821192541695,78.59884046449791,36.43513832891953,161.35,3673.11988678917
mixed,2026-01-15,9578.889617741897,6373.694132605312,9578.889617741897,6373.694132605312,84.21255611072192,46.26522418870137,179.55,3205.1954851365854
mixed,2026-01-16,5241.798777080866,4373.646739919506,4292.2286505868615,4373.646739919506,48.1903115004193,37.85674006654456,144.98,868.1520371613597
mixed,2026-01-17,3109.840264867923,1903.831720225672,1750.566018587235,1903.831720225672,30.067565312396088,18.02019719262802,136.99988672405982,1206.008544642251
mixed,2026-01-18,2045.833547725473,1234.0856452566522,1365.984789220308,1234.0856452566522,21.178974319695556,12.878080295949562,152.14424182314653,811.7479024688207
mixed,2026-01-19,2230.1046513966144,1253.0870752527908,877.9938738333333,1253.0870752527908,21.42610005497516,11.275428070891394,143.17,977.0175761438236
mixed,2026-01-20,6831.837619028231,2959.8472457666126,-4761.373223666666,-1784.8539058902295,82.98026145601216,34.4924871948903,119.94,3871.990373261618
mixed,2026-01-21,7102.038953070525,5523.465755887534,-4007.374606707308,-5523.465755887534,72.6398043206857,51.35319959342205,130.0,1578.573197182991
mixed,2026-01-22,5977.381887004586,3365.2656777822785,3645.4016223931776,3365.2656777822785,62.53571739118344,31.883307937626064,126.77,2612.1162092223076
mixed,2026-01-23,4644.833124659535,1067.0888982360934,-3192.910840396039,-1067.0888982360934,51.20867457588976,11.118920056787326,129.0,3577.744226423442
mixed,2026-01-24,4609.142952921174,2006.7804646812797,-3194.7277243326894,-2006.7804646812797,46.825296585769166,20.44014301050639,129.0,2602.362488239894
mixed,2026-01-25,4291.905271158699,852.1169484819617,2587.671374194776,-852.1169484819617,40.721156194777144,10.5998234646102,136.9,3439.7883226767376
mixed,2026-01-26,3010.534678660052,377.8489207857982,927.4990910380167,377.8489207857982,30.264463060173934,3.979463717772953,151.24,2632.685757874254
mixed,2026-01-27,5125.479930784995,1072.069792001136,-4749.098737797272,-1072.069792001136,51.85912075699297,10.400878707448733,134.0,4053.410138783859
mixed,2026-01-28,5196.904989653695,3857.8446046868858,-3742.9493745036184,-3857.8446046868858,46.138038080405636,34.958932855255114,150.35,1339.0603849668096
mixed,2026-01-29,6230.382937214926,2221.1453065585742,6139.798103669973,2221.1453065585742,52.28026747831025,16.670915753719825,151.47,4009.2376306563515
mixed,2026-01-30,3639.0365139687774,598.7313438895014,-449.5354101756646,598.7313438895014,37.09029559326925,6.4576581277758365,129.0,3040.3051700792757
mixed,2026-01-31,3947.719675248911,2126.6700389359576,2872.2269858394397,2126.6700389359576,40.3146284532782,21.143007737650848,128.24,1821.0496363129532
mixed,2026-02-01,4500.484187004762,4240.094306943183,4281.5319646420085,4240.094306943183,43.05829281023327,40.81479099258043,148.0,260.3898800615789
mixed,2026-02-02,3645.287874186469,2997.4999426423424,2387.153373217748,2997.4999426423424,34.543910789822135,27.3621907044839,139.8,647.7879315441264
mixed,2026-02-03,5674.868597510033,5162.840655017351,5491.497373020736,5162.840655017351,56.15991491712636,48.51306578640839,123.45,512.0279424926821
mixed,2026-02-04,3533.296608900609,3230.691568666164,3125.7771072497694,3230.691568666164,38.865768830095384,34.59772820228637,129.0,302.6050402344449
mixed,2026-02-05,3317.689219128564,0.0,-2595.0146168067786,0.0,44.904637317245644,0.0,119.49,3317.689219128564
mixed,2026-02-06,3483.2465948584017,0.0,3163.2406494130196,0.0,34.4928199462592,0.0,118.15283328055556,3483.2465948584017
mixed,2026-02-07,7645.8206408492215,7357.142191016724,7645.8206408492215,7357.142191016724,83.34706899253979,80.0692647002586,114.5,288.6784498324978
mixed,2026-02-08,4257.553395196725,4124.588868008461,4124.43036802144,4124.588868008461,49.654358347711266,47.850007178781034,127.9,132.96452718826458
mixed,2026-02-09,10050.152387295477,10050.152387295477,10050.152387295477,10050.152387295477,117.66029590399168,117.66029590399168,159.6,0.0
mixed,2026-02-10,7039.472232198728,3051.733597985734,-5179.300220835963,-1276.892389662464,84.01495269835986,40.079670016798175,118.0,3987.7386342129944
mixed,2026-02-11,4748.205634958333,4510.52711004703,-4540.883047536906,-4510.52711004703,60.53514868904777,57.46276950925274,99.89,237.6785249113027
mixed,2026-02-12,3788.0758266263124,368.91651888627325,2313.9802304327086,-368.91651888627325,45.27692136998203,5.368783328361739,119.0,3419.1593077400394
mixed,2026-02-13,2886.4847703114774,1988.251039380601,2483.703924772779,1988.251039380601,39.71920985973312,26.514294499643967,135.0,898.2337309308764
mixed,2026-02-14,4214.470611986009,1474.0868599442974,1854.4017636714868,1474.0868599442974,52.21565962841739,20.252455210246683,113.99,2740.383752041712
mixed,2026-02-15,6584.128531473276,5481.124154886595,5466.502539798838,5481.124154886595,77.20687505451382,62.28366751489623,118.0,1103.0043765866812
mixed,2026-02-16,4792.45317740519,25.979718528995267,-2887.4791843026337,25.979718528995267,59.97362358728767,0.372095653523278,102.40269220087312,4766.473458876195
mixed,2026-02-17,5533.59811880231,2632.84913197215,5059.331649590583,2632.84913197215,69.19509189708067,29.738334033478964,115.0,2900.7489868301595
mixed,2026-02-18,3160.3135271400324,313.3749269276713,578.9880872746868,313.3749269276713,48.9971329258114,4.827117175680926,96.81,2846.938600212361
mixed,2026-02-19,6249.470724059011,5752.193087811846,5282.108072690898,5752.193087811846,70.5252690940633,66.1512642804942,144.01020408163265,497.277636247165
mixed,2026-02-20,4089.0494490562705,1031.2089175954775,1069.5759997901596,1031.2089175954775,50.35115042798894,11.47803136588902,107.5,3057.840531460793
mixed,2026-02-21,7402.37267346448,5459.659011583721,5877.849773899789,5459.659011583721,97.69375533736468,69.29163362895065,118.0,1942.713661880759
mixed,2026-02-22,2146.8709925025905,995.9221641019067,933.2748150296283,995.9221641019067,45.48631521341605,13.784563892157491,97.45,1150.9488284006839
mixed,2026-02-23,6171.986536868027,5697.812836139772,5702.087272566303,5572.604715394544,87.99941650176312,71.97686864337592,120.0574091295388,474.1737007282545
mixed,2026-02-24,4721.113323762961,1594.9545368274307,-741.6725851676159,1594.9545368274307,59.3658840721249,15.892717331407855,117.89827985721853,3126.1587869355303
mixed,2026-02-25,4080.707081961897,751.2651420525534,1060.3848416643114,-751.2651420525534,49.00902233423142,8.877709194336191,131.5794633498766,3329.4419399093435
mixed,2026-02-26,3398.73948102915,879.4123499531083,-48.39773007742438,-879.4123499531083,82.63181156475355,18.51801518054516,97.0,2519.3271310760415
mixed,2026-02-27,6197.816484544475,5686.030591991791,5548.276954495973,5686.030591991791,91.76311562256697,81.61939924467754,111.69,511.78589255268434
mixed,2026-02-28,5607.082039129421,4904.99686645343,5118.149969244388,4904.99686645343,78.30874515520082,68.65230158717694,114.5,702.0851726759911
mixed,2026-03-01,3254.017828293487,1558.7265593175218,718.7669976891314,1558.7265593175218,57.508635281190394,17.546053590787018,128.0,1695.2912689759653
mixed,2026-03-02,5202.40471532363,0.0,1148.6520261426783,0.0,67.16912892503998,0.0,131.85,5202.40471532363
mixed,2026-03-03,3384.0502819126878,1434.9836111844777,2906.2245863575486,1434.9836111844777,31.333475373986197,13.340591222517478,224.0,1949.06667072821
mixed,2026-03-04,8774.30414826759,6216.3875096161855,6257.091286258893,6216.3875096161855,66.71228980866738,49.65183919386855,180.0,2557.9166386514053
mixed,2026-03-05,12665.4872702092,10191.108793637863,7716.730317066524,10191.108793637863,117.70376581238543,88.94939814625404,145.0,2474.378476571337
mixed,2026-03-06,5181.790636727714,2163.873912307632,4636.762589245252,2163.873912307632,47.4957278672392,15.592848484522865,185.45,3017.9167244200817
mixed,2026-03-07,4360.7314986308165,3250.6033073512144,3246.199632273672,3250.6033073512144,32.51167100111216,24.294293585200023,164.75,1110.128191279602
mixed,2026-03-08,11889.76783205294,11889.76783205294,11889.76783205294,11889.76783205294,79.30865566422908,79.30865566422908,167.45,0.0
mixed,2026-03-09,6332.592436313902,4870.186134115188,4580.774823711142,4870.186134115188,42.97990551505614,33.31044625667139,189.0,1462.406302198714
mixed,2026-03-10,4672.010616755042,1200.3577215748433,-3214.2774102594335,215.9330997371967,58.53111385962217,13.869228545564127,134.89,3471.652895180199
mixed,2026-03-11,2266.442040188443,251.14075060335713,-1096.36479224748,-249.62906366770747,40.325320550256016,6.3437182054891075,136.9,2015.301289585086
mixed,2026-03-12,4200.505168954872,2933.1094932975097,-2312.717185570322,-2933.1094932975097,44.92685261654441,31.11268459380451,153.0,1267.395675657362
mixed,2026-03-13,3129.740942680185,0.0,1535.9594085066112,0.0,31.83267349825991,0.0,139.99,3129.740942680185
mixed,2026-03-14,4671.393639005411,2452.769609303588,4446.352518399748,2452.769609303588,43.139737764397644,21.117050696828827,156.17,2218.6240297018235
mixed,2026-03-15,7262.540314590458,2655.070755832983,2042.3234733234005,2446.338055035304,124.9813074801921,57.279822783181984,130.0,4607.469558757475
mixed,2026-03-16,12621.53246781752,11767.216924859067,12415.080951930653,11767.216924859067,124.63187106822724,110.22046696334291,159.0,854.3155429584531
mixed,2026-03-17,5302.8721384377695,2865.5395119725404,-5299.284821301493,-2865.5395119725404,68.30775686962427,26.612958767968134,147.0,2437.332626465229
mixed,2026-03-18,2845.209033358415,301.4566269009383,619.8673528645878,-301.4566269009383,24.0095011213215,3.895344411736919,185.0,2543.752406457477
mixed,2026-03-19,2144.320376388923,1060.4171747820226,-1761.2235292615928,-1060.4171747820226,20.896285460448794,9.725613127463966,171.0,1083.9032016069002
mixed,2026-03-20,2240.0333729222293,1336.0811735750347,-1204.2346656061995,-1336.0811735750347,17.392126411261135,10.533527754647029,180.0,903.9521993471947
mixed,2026-03-21,4737.817027070116,2342.6818822785763,-2138.5449791379046,-2342.6818822785763,39.30321046897575,20.247716403600094,165.0,2395.1351447915395
mixed,2026-03-22,4252.62530493048,2782.8460845257523,-1884.1992271077015,-2782.8460845257523,36.35104228434599,26.074627150351418,165.0,1469.7792204047273
mixed,2026-03-23,5293.883001663421,2969.421569207766,-3456.5620673701756,-2969.421569207766,46.96080848284025,26.24432429103463,165.9,2324.461432455655
mixed,2026-03-24,2433.2680513485802,1820.4968435866924,-1781.2143126817703,-1764.373727234709,60.034785461615385,49.61034131458241,124.9,612.7712077618878
mixed,2026-03-25,1339.7132843660306,61.89474951608415,38.77334756032784,8.859003711649915,37.13308024056631,6.71094035115064,149.0,1277.8185348499464
mixed,2026-03-26,8025.399864557574,2850.812034685509,4429.379569531728,2850.812034685509,67.86441027356202,29.592268127092574,171.53686154969526,5174.587829872065
mixed,2026-03-27,5059.239699594302,1949.9693044213686,-4692.3356218926765,-1949.9693044213686,54.99881763636951,21.37144268767731,144.0,3109.270395172933
mixed,2026-03-28,5578.130812854834,3013.003997336175,3816.589585850859,1297.5051354590119,94.84320498896034,56.89587306693979,145.72,2565.1268155186594
mixed,2026-03-29,3412.4681094875955,25.86511002416684,-2617.8360196016624,22.73391161564458,55.61438362226048,2.621049129717452,135.9,3386.6029994634287
mixed,2026-03-30,3931.690034250963,1418.1494998206947,206.3254151280766,-1416.5095201434735,78.66516049412691,41.184696159546114,160.0,2513.540534430268
mixed,2026-03-31,3654.9309848648622,0.0,-2109.4038510530845,0.0,37.189536657785354,0.0,164.0,3654.9309848648622
mixed,2026-04-01,11634.750105749423,7775.750353960031,11047.894064018812,7775.750353960031,92.55912853044163,61.818484777078645,168.45,3858.9997517893917
mixed,2026-04-02,4947.06883835837,1111.3008246416666,-2593.501653146699,1111.3008246416666,53.682730286789955,10.436893503677393,141.1,3835.7680137167035
mixed,2026-04-03,7304.4381877741,1560.5784909909642,4821.924406878508,680.3237758634045,137.40376773463373,56.465780401273584,120.0,5743.859696783135
mixed,2026-04-04,11497.774226926394,6022.9916643799015,9160.606450496703,6016.602975502557,111.97165007944889,48.2076112654,164.0,5474.782562546493
mixed,2026-04-05,2435.399320651193,122.01519064329695,-1264.7522892616219,-27.812140632875447,56.768921280760395,16.012761964817862,128.12,2313.384130007896
mixed,2026-04-06,5608.971987154302,1212.00155365499,-2193.6824216479863,-1212.00155365499,55.73218918141441,12.667950806761244,152.0,4396.970433499312
mixed,2026-04-07,5380.136609822942,4599.530586744664,-633.6315669251729,-1399.2966735495502,89.79012494873731,75.57177016330058,144.45,780.6060230782778
mixed,2026-04-08,4202.458678964381,429.18163741452923,1529.710990461195,-429.18163741452923,43.303173470878534,5.107754624405174,149.9,3773.2770415498517
mixed,2026-04-09,4944.406558158363,2338.7705921770594,4367.382857486416,2338.7705921770594,45.21724596651745,19.135018694346854,143.85,2605.6359659813033
mixed,2026-04-10,4807.128144177221,212.97839064362375,-2779.033614150461,212.97839064362375,58.45910421071192,6.5142313779028775,142.9,4594.149753533597
mixed,2026-04-11,874.1173921881423,779.9847758358833,300.88819553420916,252.08866799099692,64.17396776748663,55.30162231949217,62.22,94.13261635225899
mixed,2026-04-12,2374.049535677472,257.6578199147391,1486.9624024308982,-257.6578199147391,53.13059732924422,15.993556719317365,143.99,2116.391715762733
mixed,2026-04-13,6032.351775602985,5500.523571018998,5823.763859396855,5500.523571018998,54.571895573349536,49.76237627312386,215.32,531.8282045839869
mixed,2026-04-14,3890.0941490984605,1909.6106505468777,688.55562142864,1909.6106505468777,40.90456175738837,18.684095810449445,157.5,1980.483498551583
mixed,2026-04-15,6052.1038528567215,642.1235701853287,-170.7605170646769,642.1235701853287,68.93777687420219,6.243147514513627,134.4,5409.980282671393
mixed,2026-04-16,4024.812946439931,1084.4784786464145,1218.3880903447573,1084.4784786464145,54.99332564057967,23.00841973925521,140.0,2940.3344677935165
mixed,2026-04-17,3564.8259720034907,0.0,-1674.2182116825406,0.0,41.46061204359199,0.0,134.0,3564.8259720034907
mixed,2026-04-18,3106.870807459437,220.41590509160335,548.345643788302,220.41590509160335,42.435283525518656,3.47876442706718,115.0,2886.4549023678337
mixed,2026-04-19,1735.7942306347481,0.0,971.3272076217851,0.0,17.612650954962223,0.0,140.0,1735.7942306347481
mixed,2026-04-20,2529.070550474164,719.9540935184402,895.2179304469674,719.9540935184402,24.77910334984009,6.6216176798460555,148.55094406170343,1809.1164569557238
mixed,2026-04-21,7449.468734390666,5821.257059859077,6754.5424803272645,5821.257059859077,76.98090886931256,51.963603468584225,154.5,1628.2116745315889
mixed,2026-04-22,3100.9627039786187,1357.3612041617828,821.1122016584956,1357.3612041617828,38.138225541696926,16.099244654372214,149.0,1743.601499816836
mixed,2026-04-23,4206.596533283968,0.0,1294.6105042340473,0.0,36.59619013126338,0.0,169.3,4206.596533283968
mixed,2026-04-24,2754.048505122498,187.89056843585502,925.2512010231306,187.89056843585502,26.061315059639945,1.6472120467091573,150.0,2566.157936686643
mixed,2026-04-25,2444.171522608182,565.7545544057525,360.4842667212074,565.7545544057525,23.17778856515028,6.139202696263977,154.0,1878.4169682024294
mixed,2026-04-26,4306.116732577046,2264.939036908153,2408.598742023902,2264.939036908153,37.545102989576534,17.259415363444877,169.0,2041.1776956688927
mixed,2026-04-27,2538.697748855942,408.74315965208103,276.5699208193782,408.74315965208103,34.68721807624185,3.57383486462547,147.44,2129.954589203861
mixed,2026-04-28,5999.420065538485,5613.588819812538,5663.384334377928,5613.588819812538,50.554731175038086,46.18380291964879,135.0,385.83124572594716
mixed,2026-04-29,3271.4970718475784,1106.091937361289,320.29278884880017,1106.091937361289,35.25173649595034,11.23058087403669,136.0,2165.405134486289
mixed,2026-04-30,3031.844870266345,1680.758000392479,-1454.8004868195314,-1541.0406501565287,55.301673270758755,16.861875616426527,150.0,1351.086869873866
mixed,2026-05-01,3867.1965605291866,0.0,3099.5664854568863,0.0,34.50785412289366,0.0,197.3311819375,3867.1965605291866
mixed,2026-05-02,3973.152019496593,3088.6979060013077,3114.081678101336,3088.6979060013077,43.99946435229103,24.019252947920084,169.0,884.4541134952851
mixed,2026-05-03,5547.740196628897,5465.304492816502,5461.457450070995,5465.304492816502,54.803038561695494,53.95466098721913,150.0,82.43570381239533
mixed,2026-05-04,4865.071641339571,4532.616148602656,4211.185263956074,4532.616148602656,43.97142075585886,41.59341793443811,169.0,332.4554927369154
mixed,2026-05-05,7499.0336804737535,7294.712914870213,7499.0336804737535,7294.712914870213,68.35384981278597,66.30892340133921,172.11,204.32076560354017
mixed,2026-05-06,1823.4639042374135,719.0520378572255,506.47315802988453,719.0520378572255,18.211734536023435,7.063001357280223,143.0,1104.411866380188
mixed,2026-05-07,4981.783224466389,3473.866658428204,2349.1279880506763,3473.866658428204,42.38235519986014,29.763145682648094,157.0,1507.9165660381846
mixed,2026-05-08,3767.263474084839,208.10914968375275,-1134.2617297049203,208.10914968375275,39.55582357862967,2.3611178336201775,145.0,3559.1543244010863
mixed,2026-05-09,3318.239559199238,79.5774174297878,2349.402313557801,79.5774174297878,35.9412211714444,0.9190966967701906,174.0,3238.6621417694505
mixed,2026-05-10,5683.603146305204,1998.4226256337226,-1581.615056868962,1997.4426880524236,81.5126437918907,42.99978760997789,127.94,3685.1805206714816
mixed,2026-05-11,7847.3606177709225,2913.478336977793,7158.274439443604,2913.478336977793,66.6615128526841,25.058195649786313,149.2225607235026,4933.88228079313
mixed,2026-05-12,3921.981193150059,224.3339594252751,-1913.5042934207645,224.3339594252751,43.394253247364404,2.3872788159320835,175.0,3697.6472337247837
mixed,2026-05-13,3447.3772637934894,0.0,2558.899674603307,0.0,28.050538776031196,0.0,168.78,3447.3772637934894
mixed,2026-05-14,4210.464641343566,1002.9874487119012,-3889.109315346212,-1002.9874487119012,49.402617083223916,8.522050472296872,135.0,3207.4771926316644
mixed,2026-05-15,5632.524146938351,3479.344461062783,-2400.383165768757,-3479.344461062783,49.63902015084536,28.726984847368854,139.45,2153.179685875568
mixed,2026-05-16,3183.430989234872,0.0,450.4973981528391,0.0,32.111233373713766,0.0,135.0,3183.430989234872
mixed,2026-05-17,7669.35017103012,5706.650080792954,7322.873534034108,5706.650080792954,83.21668752602744,60.13627034791403,157.85,1962.7000902371656
mixed,2026-05-18,7009.757762561043,4102.981557058142,1196.2053515552423,4102.981557058142,60.494507796897395,33.77502654124011,155.57,2906.7762055029007
mixed,2026-05-19,3665.8571530316303,32.41171441488572,636.1927791242747,-32.41171441488572,42.47595846152143,0.2576171144574886,144.5,3633.4454386167445
mixed,2026-05-20,10763.166328819114,8464.846763301237,9171.449180116393,8464.846763301237,93.6665789725378,73.20651597999765,155.9,2298.319565517877
mixed,2026-05-21,6657.8690718162015,1210.659624486493,3106.5979999131882,1210.659624486493,55.92393473766862,8.573538797695425,197.51,5447.209447329708
mixed,2026-05-22,4333.8655658362095,3521.4778508615714,3504.212020179339,3521.4778508615714,41.11917634243669,33.486329756585434,202.7,812.3877149746381
mixed,2026-05-23,3465.4424555165824,1310.7119241665814,77.67901110294986,1310.7119241665814,29.91920397797404,11.651540742683132,156.9,2154.730531350001
mixed,2026-05-24,1957.8663692009877,0.0,-1487.9450855354949,0.0,20.94321230289868,0.0,144.49,1957.8663692009877
mixed,2026-05-25,2612.8878361645216,0.0,1156.158235498159,0.0,26.884919901112696,0.0,178.99,2612.8878361645216
mixed,2026-05-26,4286.169107386058,858.7969678117088,-1670.3985872918793,858.7969678117088,33.15392151437698,7.352944987202159,167.6,3427.3721395743496
mixed,2026-05-27,2002.324408513298,0.0,-437.51193345820934,0.0,19.137073699377414,0.0,148.88,2002.324408513298
mixed,2026-05-28,4892.113527401896,3322.2502572863864,-3840.705611369047,-2338.9928896102433,75.06557200107065,58.888530432985874,134.9,1569.8632701155097
mixed,2026-05-29,4187.868245247206,3221.2626484311645,-3102.4704787226556,-3221.2626484311645,47.33573236378497,38.30278073016294,149.0,966.6055968160413
mixed,2026-05-30,3256.006550254972,900.800662111406,1183.1814838959262,-895.8667599029224,28.806836483182174,8.905666946903954,153.3169216913631,2355.205888143566
mixed,2026-05-31,5605.994739344514,3464.743050938958,5334.232461204131,3464.743050938958,52.402031441482066,28.52974979652313,154.9,2141.251688405556
mixed,2026-06-01,7255.223620292631,6021.947698964302,6027.69016881018,6021.947698964302,65.76291247553404,55.226165208263595,173.5,1233.2759213283289
mixed,2026-06-02,5608.586484244907,2996.9458390756504,1722.5128413324924,2996.9458390756504,44.880277091454076,22.9484408156118,163.75,2611.640645169257
mixed,2026-06-03,5732.394243400987,2842.0754856799254,2495.583165659264,2842.0754856799254,56.793860974119326,32.184666135797514,160.0,2890.3187577210615
mixed,2026-06-04,1698.6123052045061,0.0,286.2269252164407,0.0,30.99845994433187,0.0,134.5,1698.6123052045061
mixed,2026-06-05,4223.7262677580375,1584.452547957481,2212.7504188458593,1584.452547957481,46.04754456230822,18.92398702074608,160.0,2639.273719800556
mixed,2026-06-06,11501.612908431154,10216.851042108523,10968.197625426354,10216.851042108523,124.9827274664404,108.84306484546602,145.0,1284.7618663226312
mixed,2026-06-07,3737.7266066644943,2210.5270605104106,663.1926073712999,1702.4985730617177,61.84105668957206,35.53785747700721,144.9,1527.1995461540837
mixed,2026-06-08,4921.885980816913,3268.4541343807414,3622.0100495258384,3268.4541343807414,49.266270265688576,33.55607965363564,156.54,1653.4318464361713
mixed,2026-06-09,6069.4298258685385,4936.450474880606,5572.969942897564,4936.450474880606,60.841867057822355,48.0780025377555,156.0,1132.9793509879328
mixed,2026-06-10,3490.4315506090325,3060.832988413885,3029.6937314172333,3060.832988413885,35.49070938266315,31.687649753701002,172.9,429.5985621951477
mixed,2026-06-11,8456.968823415626,8456.968823415626,8456.968823415626,8456.968823415626,69.00594878596223,69.00594878596223,157.0,0.0
mixed,2026-06-12,3557.484062202155,2258.531170797596,2855.6125696620043,2210.0195965410458,41.54669209611727,24.479119285665,150.97,1298.952891404559
mixed,2026-06-13,1242.0482652398507,0.0,-830.9984651825479,0.0,37.54717358879277,0.0,130.0,1242.0482652398507
mixed,2026-06-14,1333.7588445843737,0.0,-491.14348227962523,0.0,26.315030652884072,0.0,150.0,1333.7588445843737
mixed,2026-06-15,6089.931990810842,3602.5650480543404,5371.273781268223,3602.5650480543404,57.32217097903542,30.494179612960068,149.65,2487.3669427565014
mixed,2026-06-16,3052.97201509455,978.9839396118284,663.4791263090557,978.9839396118284,27.822803616362098,8.652864989327297,157.17,2073.988075482722
mixed,2026-06-17,9255.32859877457,8281.293280384412,8264.577983272411,8281.293280384412,77.4290749248602,69.57904682226152,167.0,974.035318390157
mixed,2026-06-18,7172.084808763595,6270.160978301856,5457.830763051715,6270.160978301856,70.48561441658026,62.41242614134565,385.55,901.9238304617393
mixed,2026-06-19,6540.968971225103,1383.409285787905,2336.935607623012,1383.409285787905,68.67665239152794,12.128689909170237,155.0,5157.559685437198
mixed,2026-06-20,11892.807025673792,11892.807025673792,11892.807025673792,11892.807025673792,117.15050432569399,117.15050432569399,148.73,0.0
mixed,2026-06-21,3744.806089595188,3314.036704946005,3292.975077787871,3314.036704946005,34.822652708059735,32.35247553953061,176.0,430.76938464918294
mixed,2026-06-22,4370.518140078599,2747.784355990216,2723.6918666492334,2747.784355990216,37.24427509111305,18.377908561007274,184.44,1622.7337840883824
mixed,2026-06-23,6712.261854809575,3325.484164002779,98.5120320594575,3325.484164002779,35.77219472440338,27.008877129150058,800.0,3386.7776908067963
mixed,2026-06-25,3876.7840986254932,2813.363285988138,3399.6648436357086,2813.363285988138,40.12714373305509,30.09062236506361,180.0,1063.420812637355
mixed,2026-06-26,8731.695516246216,5874.907949315494,3226.871151435524,5874.907949315494,82.28804749116001,61.429623101710284,193.42,2856.7875669307223
mixed,2026-06-27,4380.6341021475955,322.4298565967164,-2388.773464996509,-322.4298565967164,54.86141726191885,5.265277911626642,140.0,4058.204245550879
mixed,2026-06-28,5343.442818303201,1177.700243542704,4223.561387373692,760.7528225928513,66.70292065544183,9.37602030060628,152.5,4165.7425747604975
mixed,2026-06-29,6959.873119770232,6584.325873980945,6572.726776652826,6584.325873980945,65.74156731949472,62.630695576886346,193.04,375.54724578928654
mixed,2026-06-30,7137.125083912912,7137.125083912912,7137.125083912912,7137.125083912912,70.33245179068223,70.33245179068223,175.0,0.0
