portfolio_type,settlement_date,evaluation_segment,power_mw,energy_mwh,duration_hours,recommended_soc_pct,safe_soc_lower_pct,safe_soc_upper_pct,energy_band_feasible,preparation_action,grid_import_to_recommendation_mwh,grid_export_to_recommendation_mwh,reserve_coverage_pct,downward_reserve_required_mwh,upward_headroom_required_mwh,directional_interval_coverage_pct,before_mwh,fixed_residual_mwh,smart_residual_mwh,fixed_absorbed_pct,smart_absorbed_pct
solar,2025-05-01,development_oof,25.0,150.0,6.0,50.0,31.07457119306949,68.34726843858243,True,hold current SOC,0.0,-0.0,100.0,29.98964055666227,34.23597464914678,89.58333333333334,20.453725129798503,0.0,0.0,100.0,100.0
solar,2025-05-02,development_oof,25.0,150.0,6.0,50.0,31.07457119306949,68.34726843858243,True,hold current SOC,0.0,-0.0,100.0,29.989640556662273,34.23597464914678,77.08333333333334,33.64984568457842,0.0,0.0,100.0,100.0
solar,2025-05-03,development_oof,25.0,150.0,6.0,50.0,31.797047543769416,68.34726843858243,True,hold current SOC,0.0,-0.0,100.0,31.01774242738053,34.23597464914678,83.33333333333334,26.542019905968136,2.7755575615628914e-17,2.7755575615628914e-17,100.0,100.0
solar,2025-05-04,development_oof,25.0,150.0,6.0,50.0,31.265362429516838,72.24180160278188,True,hold current SOC,0.0,-0.0,100.0,30.26114124581028,28.07817703818039,68.75,35.797146719004104,0.0,0.0,100.0,100.0
solar,2025-05-05,development_oof,25.0,150.0,6.0,50.0,31.213701357933182,71.36715022783514,True,hold current SOC,0.0,-0.0,100.0,30.187626252154068,29.461122289895208,62.5,41.62003843441215,0.0,0.0,100.0,100.0
solar,2025-05-06,development_oof,25.0,150.0,6.0,50.0,31.630966476534734,68.09418859570292,True,hold current SOC,0.0,-0.0,100.0,30.781404925468607,34.636129015835195,66.66666666666666,57.53154461409643,0.0,0.0,100.0,100.0
solar,2025-05-07,development_oof,25.0,150.0,6.0,50.0,31.395549783603364,67.32704326394945,True,hold current SOC,0.0,-0.0,100.0,30.446401098469188,35.84909228818842,60.416666666666664,60.40079332311316,0.0,0.0,100.0,100.0
solar,2025-05-08,development_oof,25.0,150.0,6.0,50.0,30.87953218877818,67.85169769323129,True,hold current SOC,0.0,-0.0,100.0,29.712095187902925,35.01954079767523,75.0,31.23893114932134,0.0,0.0,100.0,100.0
solar,2025-05-09,development_oof,25.0,150.0,6.0,50.0,31.170780719045265,64.17373903299006,True,hold current SOC,0.0,-0.0,100.0,30.126549112272134,40.83490405082708,89.58333333333334,29.61746485708883,0.0,0.0,100.0,100.0
solar,2025-05-10,development_oof,25.0,150.0,6.0,50.0,31.117540817937023,64.17373903299006,True,hold current SOC,0.0,-0.0,100.0,30.050787404815267,40.83490405082708,87.5,22.557768818653095,0.0,0.0,100.0,100.0
solar,2025-05-11,development_oof,25.0,150.0,6.0,50.0,31.077982969402424,64.12103204783088,True,hold current SOC,0.0,-0.0,100.0,29.99449559949788,40.918241111678896,75.0,40.6329095495006,0.0,0.0,100.0,100.0
solar,2025-05-12,development_oof,25.0,150.0,6.0,50.0,31.59097872365684,64.22916160939813,True,hold current SOC,0.0,-0.0,100.0,30.724501355545858,40.747273263204974,85.41666666666666,29.250811600455325,0.0,0.0,100.0,100.0
solar,2025-05-13,development_oof,25.0,150.0,6.0,50.0,31.570434289664288,64.40824618986173,True,hold current SOC,0.0,-0.0,100.0,30.69526611345091,40.46411567916466,87.5,34.94099565497083,0.0,0.0,100.0,100.0
solar,2025-05-14,development_oof,25.0,150.0,6.0,50.0,31.490913735441815,64.40320777382462,True,hold current SOC,0.0,-0.0,100.0,30.582106380987046,40.47208211440302,91.66666666666666,30.391878212108804,2.7755575615628914e-17,2.7755575615628914e-17,100.0,100.0
solar,2025-05-15,development_oof,25.0,150.0,6.0,50.0,31.2025572470505,65.12722023023565,True,hold current SOC,0.0,-0.0,100.0,30.171767904355033,39.3273179061069,47.91666666666667,81.3291789029118,24.408181019880963,24.408181019880963,69.98840840503422,69.98840840503422
solar,2025-05-16,development_oof,25.0,150.0,6.0,50.0,32.595476791875825,64.62657128807108,True,hold current SOC,0.0,-0.0,100.0,32.1539271659109,40.11891338880389,79.16666666666666,43.33034188980237,2.7755575615628914e-17,2.7755575615628914e-17,100.0,100.0
solar,2025-05-17,development_oof,25.0,150.0,6.0,50.0,32.04426978698076,64.22469668551213,True,hold current SOC,0.0,-0.0,100.0,31.3695458469423,40.7543329277345,85.41666666666666,29.157189035648916,0.0,0.0,100.0,100.0
solar,2025-05-18,development_oof,25.0,150.0,6.0,50.0,32.07584954367999,64.24223010620955,True,hold current SOC,0.0,-0.0,100.0,31.41448462854789,40.7266101554456,75.0,38.87390808453907,0.0,0.0,100.0,100.0
solar,2025-05-19,development_oof,25.0,150.0,6.0,50.0,32.00784424378547,64.0653490236279,True,hold current SOC,0.0,-0.0,100.0,31.31771139026462,41.00628370342275,60.416666666666664,68.28281052222123,11.337431646842251,11.337431646842251,83.3963605772309,83.3963605772309
solar,2025-05-20,development_oof,25.0,150.0,6.0,50.0,33.80917504059134,64.3059125079349,True,hold current SOC,0.0,-0.0,100.0,33.88105005205526,40.62591943728462,93.75,20.290418010523787,0.0,0.0,100.0,100.0
solar,2025-05-21,development_oof,25.0,150.0,6.0,50.0,33.58007618551999,65.6581638111031,True,hold current SOC,0.0,-0.0,100.0,33.555036665942225,38.48782239381346,93.75,25.220246840692344,0.0,0.0,100.0,100.0
solar,2025-05-22,development_oof,25.0,150.0,6.0,50.0,32.71715437555293,67.93904262609584,True,hold current SOC,0.0,-0.0,100.0,32.32707740298332,34.881436332711985,85.41666666666666,24.79611072337384,0.0,0.0,100.0,100.0
solar,2025-05-23,development_oof,25.0,150.0,6.0,50.0,33.36666912071887,65.27770868001323,True,hold current SOC,0.0,-0.0,100.0,33.25135308884801,39.08937477468438,68.75,61.05265770349054,0.0,0.0,100.0,100.0
solar,2025-05-24,development_oof,25.0,150.0,6.0,50.0,27.789275409451378,75.69810594146263,True,hold current SOC,0.0,-0.0,100.0,25.314582698050856,22.61328003970381,72.91666666666666,27.49198211905769,2.0816681711721685e-17,2.0816681711721685e-17,100.0,100.0
solar,2025-05-25,development_oof,25.0,150.0,6.0,50.0,32.97802704605862,64.41415736847517,True,hold current SOC,0.0,-0.0,100.0,32.6983057211232,40.454769285127355,81.25,24.4811398959083,0.0,0.0,100.0,100.0
solar,2025-05-26,development_oof,25.0,150.0,6.0,50.0,30.637185171914872,69.403027105961,True,hold current SOC,0.0,-0.0,100.0,29.367229337057044,32.56667362495659,77.08333333333334,26.59752104827537,1.1796119636642288e-16,1.1796119636642288e-16,100.0,100.0
solar,2025-05-27,development_oof,25.0,150.0,6.0,50.0,25.997831073736176,77.4253925025359,True,hold current SOC,0.0,-0.0,100.0,22.765312717030543,19.88220018730828,66.66666666666666,35.2621046228325,3.469446951953614e-18,3.469446951953614e-18,100.0,100.0
solar,2025-05-28,development_oof,25.0,150.0,6.0,50.0,32.2582620159232,64.87810816334745,True,hold current SOC,0.0,-0.0,100.0,31.674062127207744,39.72119866810637,83.33333333333334,38.04613000462116,1.734723475976807e-18,1.734723475976807e-18,100.0,100.0
solar,2025-05-29,development_oof,25.0,150.0,6.0,50.0,29.404461630738346,72.67094648568896,True,hold current SOC,0.0,-0.0,100.0,27.613032985115254,27.399639400084087,45.83333333333333,88.50189977800949,25.160782350832807,25.160782350832807,71.5703477394904,71.5703477394904
solar,2025-05-30,development_oof,25.0,150.0,6.0,50.0,31.42840789415502,65.97543515739045,True,hold current SOC,0.0,-0.0,100.0,30.493159009497973,37.98617234852543,56.25,75.55700001892745,9.681105905856212,9.681105905856212,87.18701655249541,87.18701655249541
solar,2025-05-31,development_oof,25.0,150.0,6.0,50.0,32.33134740209568,64.66058703104079,True,hold current SOC,0.0,-0.0,100.0,31.778064454997853,40.06512977676031,85.41666666666666,41.74133401701995,0.0,0.0,100.0,100.0
solar,2025-06-01,development_oof,25.0,150.0,6.0,50.0,33.00612424121713,64.66514389738164,True,hold current SOC,0.0,-0.0,100.0,32.73828873077662,40.05792473844528,97.91666666666666,24.125634058018377,1.3877787807814457e-17,1.3877787807814457e-17,100.0,100.0
solar,2025-06-02,development_oof,25.0,150.0,6.0,50.0,32.909382152312816,64.64852540243751,True,hold current SOC,0.0,-0.0,100.0,32.60062232483355,40.084200886099,91.66666666666666,24.16206834346735,0.0,0.0,100.0,100.0
solar,2025-06-03,development_oof,25.0,150.0,6.0,50.0,31.801758382741244,65.04698105657408,True,hold current SOC,0.0,-0.0,100.0,31.0244460687591,39.45418717927707,70.83333333333334,50.704210414600766,0.0,0.0,100.0,100.0
solar,2025-06-04,development_oof,25.0,150.0,6.0,50.0,33.08347049955884,65.21768795305894,True,hold current SOC,0.0,-0.0,100.0,32.84835438595984,39.1842758766817,77.08333333333334,42.04394560376909,0.0,0.0,100.0,100.0
solar,2025-06-05,development_oof,25.0,150.0,6.0,50.0,30.151001557795134,67.07944006437491,True,hold current SOC,0.0,-0.0,100.0,28.675377925305195,36.240587321488825,50.0,75.53712790189971,0.0,0.0,100.0,100.0
solar,2025-06-06,development_oof,25.0,150.0,6.0,50.0,33.51534637936728,64.73469020887933,True,hold current SOC,0.0,-0.0,100.0,33.462924536967535,39.94796236484717,64.58333333333334,54.815382104101836,0.0,0.0,100.0,100.0
solar,2025-06-07,development_oof,25.0,150.0,6.0,50.0,31.574325101766608,65.9895198697991,True,hold current SOC,0.0,-0.0,100.0,30.700802836136898,37.96390246282554,62.5,59.079275574266816,0.0,0.0,100.0,100.0
solar,2025-06-08,development_oof,25.0,150.0,6.0,50.0,35.580026159457596,65.43500224618535,True,hold current SOC,0.0,-0.0,100.0,36.40101537175897,38.84067180948725,81.25,38.699516361586106,0.0,0.0,100.0,100.0
solar,2025-06-09,development_oof,25.0,150.0,6.0,50.0,31.93099252314014,67.27635073571545,True,hold current SOC,0.0,-0.0,100.0,31.20834947456062,35.929244212974304,70.83333333333334,33.81196567094465,0.0,0.0,100.0,100.0
solar,2025-06-10,development_oof,25.0,150.0,6.0,50.0,34.10783067651526,65.59024032020537,True,hold current SOC,0.0,-0.0,100.0,34.306044472559776,38.59521886274672,47.91666666666667,87.33420370917696,23.369558207344568,23.369558207344568,73.24123056624501,73.24123056624501
solar,2025-06-11,development_oof,25.0,150.0,6.0,50.0,34.64052626333,64.32549866667354,True,hold current SOC,0.0,-0.0,100.0,35.06408358179431,40.59495100117077,89.58333333333334,32.83419126301051,2.7755575615628914e-17,2.7755575615628914e-17,100.0,100.0
solar,2025-06-12,development_oof,25.0,150.0,6.0,50.0,32.55158443443317,64.93167402024186,True,hold current SOC,0.0,-0.0,100.0,32.091467246284026,39.63650361180388,77.08333333333334,53.50302288221124,0.0,0.0,100.0,100.0
solar,2025-06-13,development_oof,25.0,150.0,6.0,50.0,35.18692226748388,64.70815768825545,True,hold current SOC,0.0,-0.0,100.0,35.8416187266878,39.98991396346558,75.0,50.73215710161571,0.0,0.0,100.0,100.0
solar,2025-06-14,development_oof,25.0,150.0,6.0,50.0,34.69011122230096,63.96789739882642,True,hold current SOC,0.0,-0.0,100.0,35.13464421540972,41.160368251451175,79.16666666666666,54.53551147043197,0.0,0.0,100.0,100.0
solar,2025-06-15,development_oof,25.0,150.0,6.0,50.0,34.044149399943436,64.60859971156871,True,hold current SOC,0.0,-0.0,100.0,34.21542442733643,40.147328946249615,70.83333333333334,67.42827903270899,0.0,0.0,100.0,100.0
solar,2025-06-16,development_oof,25.0,150.0,6.0,50.0,37.38233769220473,64.35143316648161,True,hold current SOC,0.0,-0.0,100.0,38.965749645260516,40.553944956485424,89.58333333333334,45.14700667199257,0.0,0.0,100.0,100.0
solar,2025-06-17,development_oof,25.0,150.0,6.0,50.0,35.92689736733556,64.53423403334533,True,hold current SOC,0.0,-0.0,100.0,36.89462175399163,40.26491140771415,91.66666666666666,31.14795928065258,0.0,0.0,100.0,100.0
solar,2025-06-18,development_oof,25.0,150.0,6.0,50.0,35.68202917792759,64.51089438119996,True,hold current SOC,0.0,-0.0,100.0,36.54616821171881,40.301814638001815,77.08333333333334,57.23276652591087,0.0,0.0,100.0,100.0
solar,2025-06-19,development_oof,25.0,150.0,6.0,50.0,34.3077518607663,64.47012851988603,True,hold current SOC,0.0,-0.0,100.0,34.59053730519793,40.36627112426713,83.33333333333334,33.61196762997044,0.0,0.0,100.0,100.0
solar,2025-06-20,development_oof,25.0,150.0,6.0,50.0,35.68661543111376,63.860123388213104,True,hold current SOC,0.0,-0.0,100.0,36.55269456441633,41.33077392450582,85.41666666666666,27.79602792289496,0.0,0.0,100.0,100.0
solar,2025-06-21,development_oof,25.0,150.0,6.0,50.0,34.96592004967789,64.41036472658459,True,hold current SOC,0.0,-0.0,100.0,35.5271270573908,40.460765978489164,60.416666666666664,128.7159403403362,71.67077341550163,71.67077341550163,44.318649868852425,44.318649868852425
solar,2025-06-22,development_oof,25.0,150.0,6.0,50.0,37.691007604875296,64.2172382789863,True,hold current SOC,0.0,-0.0,100.0,39.40499463140243,40.766125703903036,66.66666666666666,65.72390817674756,0.0,0.0,100.0,100.0
solar,2025-06-23,development_oof,25.0,150.0,6.0,50.0,39.062056731415666,64.43840919241661,True,hold current SOC,0.0,-0.0,100.0,41.35603174213581,40.41642378459318,93.75,21.827203440576966,6.938893903907228e-18,6.938893903907228e-18,100.0,100.0
solar,2025-06-24,development_oof,25.0,150.0,6.0,50.0,28.453509189143308,71.72166721868325,True,hold current SOC,0.0,-0.0,100.0,26.2598039372429,28.90058170974066,50.0,100.5127607208662,22.29090935009902,22.29090935009902,77.82280658671483,77.82280658671483
solar,2025-06-25,development_oof,25.0,150.0,6.0,50.0,34.54456562084936,64.52788627314094,True,hold current SOC,0.0,-0.0,100.0,34.92752919360694,40.27494809785736,91.66666666666666,43.015324903342815,0.0,0.0,100.0,100.0
solar,2025-06-26,development_oof,25.0,150.0,6.0,50.0,36.311437849782145,64.67780332667125,True,hold current SOC,0.0,-0.0,100.0,37.44183245367367,40.03790842322879,56.25,71.70047070683307,0.0,0.0,100.0,100.0
solar,2025-06-27,development_oof,25.0,150.0,6.0,50.0,32.43285389179208,63.291187722816154,True,hold current SOC,0.0,-0.0,100.0,31.92251072212592,42.2303401968847,64.58333333333334,92.16722021860507,7.8970252908335095,7.8970252908335095,91.43185042132865,91.43185042132865
solar,2025-06-28,development_oof,25.0,150.0,6.0,50.0,32.70491623110409,62.50765740854168,True,hold current SOC,0.0,-0.0,100.0,32.30966221812671,43.469210401332134,54.166666666666664,107.36051205772185,38.04376375670074,38.04376375670074,64.56447251644374,64.56447251644374
solar,2025-06-29,development_oof,25.0,150.0,6.0,50.0,35.19167032964373,60.6730364285525,True,hold current SOC,0.0,-0.0,100.0,35.848375337591534,46.37000087128014,89.58333333333334,37.14463168787511,0.0,0.0,100.0,100.0
solar,2025-06-30,development_oof,25.0,150.0,6.0,50.0,36.88149740300576,63.87420110327679,True,hold current SOC,0.0,-0.0,100.0,38.25304141922973,41.30851510257975,81.25,37.703143139924876,6.938893903907228e-18,6.938893903907228e-18,100.0,100.0
solar,2025-07-01,development_oof,25.0,150.0,6.0,50.0,38.144392398119386,62.66065653558059,True,hold current SOC,0.0,-0.0,100.0,40.05017250281357,43.227297540601946,75.0,61.1958549221731,1.2172497607796844,1.2172497607796844,98.010895080512,98.010895080512
solar,2025-07-02,development_oof,25.0,150.0,6.0,50.0,38.42875685600028,61.907290148342994,True,hold current SOC,0.0,-0.0,100.0,40.454830220439746,44.41847438874354,66.66666666666666,74.00889881477835,0.0,0.0,100.0,100.0
solar,2025-07-03,development_oof,25.0,150.0,6.0,50.0,39.40080957340604,64.165495525488,True,hold current SOC,0.0,-0.0,100.0,41.83808548718095,40.84793818063467,93.75,22.97469746325094,0.0,0.0,100.0,100.0
solar,2025-07-04,development_oof,25.0,150.0,6.0,50.0,38.598922084568756,64.73173345108039,True,hold current SOC,0.0,-0.0,100.0,40.696979585817544,39.95263740941422,81.25,28.61381251068886,0.0,0.0,100.0,100.0
solar,2025-07-05,development_oof,25.0,150.0,6.0,50.0,29.88037055922808,66.23170202400904,True,hold current SOC,0.0,-0.0,100.0,28.290263262892246,37.58097885485077,77.08333333333334,32.97892102682866,0.0,0.0,100.0,100.0
solar,2025-07-06,development_oof,25.0,150.0,6.0,50.0,32.73832810832053,61.97352532930405,True,hold current SOC,0.0,-0.0,100.0,32.357208152934334,44.313747372208375,81.25,38.22866173291145,5.898059818321144e-17,5.898059818321144e-17,100.0,100.0
solar,2025-07-07,development_oof,25.0,150.0,6.0,50.0,39.6224235696057,64.25100201764067,True,hold current SOC,0.0,-0.0,100.0,42.15344773239421,40.712740545667785,93.75,24.329122493031484,0.0,0.0,100.0,100.0
solar,2025-07-08,development_oof,25.0,150.0,6.0,50.0,38.02925422493946,64.59959737905832,True,hold current SOC,0.0,-0.0,100.0,39.88632801001779,40.1615628837431,68.75,47.06184518999425,6.938893903907228e-18,6.938893903907228e-18,100.0,100.0
solar,2025-07-09,development_oof,25.0,150.0,6.0,50.0,39.474994954922884,63.80446614327091,True,hold current SOC,0.0,-0.0,100.0,41.94365313578774,41.41877575565941,95.83333333333334,15.24773563581455,3.469446951953614e-18,3.469446951953614e-18,100.0,100.0
solar,2025-07-10,development_oof,25.0,150.0,6.0,50.0,37.1968949387678,63.98543973368669,True,hold current SOC,0.0,-0.0,100.0,38.70185998086534,41.132631384633264,89.58333333333334,35.635845714783514,0.0,0.0,100.0,100.0
solar,2025-07-11,development_oof,25.0,150.0,6.0,50.0,36.563068610373236,63.84601330673701,True,hold current SOC,0.0,-0.0,100.0,37.79990930344644,41.35308392222331,93.75,27.7894044089616,1.3877787807814457e-17,1.3877787807814457e-17,100.0,100.0
solar,2025-07-12,development_oof,25.0,150.0,6.0,50.0,36.32811250128901,64.05252832851227,True,hold current SOC,0.0,-0.0,100.0,37.46556089875173,41.02655500229878,95.83333333333334,29.094542744146146,8.673617379884035e-19,8.673617379884035e-19,100.0,100.0
solar,2025-07-13,development_oof,25.0,150.0,6.0,50.0,37.53632981593345,64.18850517634117,True,hold current SOC,0.0,-0.0,100.0,39.18488427897966,40.81155672820404,77.08333333333334,42.82268319795656,0.0,0.0,100.0,100.0
solar,2025-07-14,development_oof,25.0,150.0,6.0,50.0,37.565231528205,63.539420085820495,True,hold current SOC,0.0,-0.0,100.0,39.22601213655528,41.83785036885499,95.83333333333334,30.341890231970922,0.0,0.0,100.0,100.0
solar,2025-07-15,development_oof,25.0,150.0,6.0,50.0,30.64610996382493,65.86790606802411,True,hold current SOC,0.0,-0.0,100.0,29.37992953859251,38.156190767086144,66.66666666666666,53.15608140498322,8.673617379884035e-19,8.673617379884035e-19,100.0,100.0
solar,2025-07-16,development_oof,25.0,150.0,6.0,50.0,37.95591498939508,63.79476771723832,True,hold current SOC,0.0,-0.0,100.0,39.78196444823868,41.43411031365025,95.83333333333334,32.16192167733351,0.0,0.0,100.0,100.0
solar,2025-07-17,development_oof,25.0,150.0,6.0,50.0,35.86015018287133,63.0306916146715,True,hold current SOC,0.0,-0.0,100.0,36.79963884535195,42.642220708558035,60.416666666666664,74.73896728246389,12.446990618235146,12.446990618235146,83.3460494962504,83.3460494962504
solar,2025-07-18,development_oof,25.0,150.0,6.0,50.0,39.06645693594694,64.24031797347413,True,hold current SOC,0.0,-0.0,100.0,41.362293342956065,40.72963350276183,83.33333333333334,27.019438952118314,0.0,0.0,100.0,100.0
solar,2025-07-19,development_oof,25.0,150.0,6.0,50.0,33.67938261953627,64.58704323375093,True,hold current SOC,0.0,-0.0,100.0,33.696352198952525,40.181412730367136,37.5,87.7767927983233,29.968182530283237,29.968182530283237,65.85864945061459,65.85864945061459
solar,2025-07-20,development_oof,25.0,150.0,6.0,50.0,33.46891760314495,65.18972897425778,True,hold current SOC,0.0,-0.0,100.0,33.39685523014097,39.22848290371374,60.416666666666664,57.86720886954502,0.0,0.0,100.0,100.0
solar,2025-07-21,development_oof,25.0,150.0,6.0,50.0,39.38916076348554,64.19943294167274,True,hold current SOC,0.0,-0.0,100.0,41.82150894006033,40.79427841411224,79.16666666666666,30.20470735781589,0.0,0.0,100.0,100.0
solar,2025-07-22,development_oof,25.0,150.0,6.0,50.0,39.188895668369135,63.2338602574002,True,hold current SOC,0.0,-0.0,100.0,41.536526713681184,42.32098287848419,31.25,100.51749099745312,43.596493114422294,43.596493114422294,56.62795332254471,56.62795332254471
solar,2025-07-23,development_oof,25.0,150.0,6.0,50.0,43.24030756187691,63.79293794645121,True,hold current SOC,0.0,-0.0,100.0,47.30178690902223,41.437003435291885,83.33333333333334,50.38832998628938,0.0,0.0,100.0,100.0
solar,2025-07-24,development_oof,25.0,150.0,6.0,50.0,41.34110999050188,64.11542761585655,True,hold current SOC,0.0,-0.0,100.0,44.59918138552984,40.92710249669411,85.41666666666666,61.76936090082243,4.848363017791595,4.848363017791595,92.15086096555835,92.15086096555835
solar,2025-07-25,development_oof,25.0,150.0,6.0,50.0,42.135959670366745,65.39516421161359,True,hold current SOC,0.0,-0.0,100.0,45.73027230915274,38.90366127286289,93.75,30.919319241234845,0.0,0.0,100.0,100.0
solar,2025-07-26,development_oof,25.0,150.0,6.0,50.0,42.53826905794822,63.96032674821837,True,hold current SOC,0.0,-0.0,100.0,46.30276860412395,41.17233850109657,75.0,59.423139707078555,0.0,0.0,100.0,100.0
solar,2025-07-27,development_oof,25.0,150.0,6.0,50.0,43.23697191566075,64.61801415751114,True,hold current SOC,0.0,-0.0,100.0,47.29704020124203,40.132443400206284,62.5,77.49124621354632,20.570248330515447,20.570248330515447,73.4547457478887,73.4547457478887
solar,2025-07-28,development_oof,25.0,150.0,6.0,50.0,42.789947715409404,65.3075032168115,True,hold current SOC,0.0,-0.0,100.0,46.66091361233775,39.04226547562829,85.41666666666666,38.66542864702478,0.0,0.0,100.0,100.0
solar,2025-07-29,development_oof,25.0,150.0,6.0,50.0,42.13601989880058,65.58705295328355,True,hold current SOC,0.0,-0.0,100.0,45.730358015716604,38.60025853235253,72.91666666666666,50.50641971535987,0.0,0.0,100.0,100.0
solar,2025-07-30,development_oof,25.0,150.0,6.0,50.0,43.91783183000135,64.61534219921963,True,hold current SOC,0.0,-0.0,100.0,48.265920844812555,40.13666813721338,93.75,27.35352706591972,0.0,0.0,100.0,100.0
solar,2025-07-31,development_oof,25.0,150.0,6.0,50.0,44.14806057906949,65.02533052124946,True,hold current SOC,0.0,-0.0,100.0,48.593542098270554,39.48841968137093,81.25,27.117946783269577,0.0,0.0,100.0,100.0
solar,2025-08-01,development_oof,25.0,150.0,6.0,50.0,44.48711011003068,65.20430187005147,True,hold current SOC,0.0,-0.0,100.0,49.07601803912269,39.20544113230754,70.83333333333334,77.94412533231652,20.36637969186164,20.36637969186164,73.87053917786733,73.87053917786733
solar,2025-08-02,development_oof,25.0,150.0,6.0,50.0,46.60507957938978,65.73016549278996,True,hold current SOC,0.0,-0.0,100.0,52.08994143116551,38.37397773906697,77.08333333333334,52.77556036867959,1.3877787807814457e-17,1.3877787807814457e-17,100.0,100.0
solar,2025-08-03,development_oof,25.0,150.0,6.0,50.0,32.8026894248652,70.6897586140734,True,hold current SOC,0.0,-0.0,100.0,32.44879591200403,30.532172473587305,70.83333333333334,57.25304484375046,0.0,0.0,100.0,100.0
solar,2025-08-04,development_oof,25.0,150.0,6.0,50.0,30.847644366173665,71.44108348123105,True,hold current SOC,0.0,-0.0,100.0,29.666718020828768,29.344223552116475,58.333333333333336,37.96765336734508,0.0,0.0,100.0,100.0
solar,2025-08-05,development_oof,25.0,150.0,6.0,50.0,46.17881116781223,65.64375001662982,True,hold current SOC,0.0,-0.0,100.0,51.483350847340304,38.510612603944004,62.5,44.98778466728743,0.0,0.0,100.0,100.0
solar,2025-08-11,development_oof,25.0,150.0,6.0,50.0,45.83981299482248,65.39717498083364,True,hold current SOC,0.0,-0.0,100.0,51.00094799016279,38.900481967570734,75.0,50.86710073798229,0.0,0.0,100.0,100.0
solar,2025-08-12,development_oof,25.0,150.0,6.0,50.0,42.5911609056156,66.06506280997397,True,hold current SOC,0.0,-0.0,100.0,46.37803502285157,37.84445858677633,89.58333333333334,34.31139367492247,0.0,0.0,100.0,100.0
solar,2025-08-13,development_oof,25.0,150.0,6.0,50.0,41.40789490373418,65.59631267249932,True,hold current SOC,0.0,-0.0,100.0,44.6942179831477,38.58561763074478,70.83333333333334,71.50978089787661,14.390454399788625,14.390454399788625,79.87624319484394,79.87624319484394
solar,2025-08-14,development_oof,25.0,150.0,6.0,50.0,46.2761568681967,64.4279838740423,True,hold current SOC,0.0,-0.0,100.0,51.62187620747796,40.43290766029081,97.91666666666666,19.405970108924677,0.0,0.0,100.0,100.0
solar,2025-08-15,development_oof,25.0,150.0,6.0,50.0,43.100070176482916,65.92585730734791,True,hold current SOC,0.0,-0.0,100.0,47.10222561109389,38.06456181233975,83.33333333333334,41.63634505797633,0.0,0.0,100.0,100.0
solar,2025-08-16,development_oof,25.0,150.0,6.0,50.0,44.58482342875872,65.63879755378264,True,hold current SOC,0.0,-0.0,100.0,49.21506652933425,38.51844313525622,60.416666666666664,100.66640294434023,43.598125535540575,43.598125535540575,56.690490312198264,56.690490312198264
solar,2025-08-17,development_oof,25.0,150.0,6.0,50.0,45.39319174251244,65.76116995025869,True,hold current SOC,0.0,-0.0,100.0,50.36539480623138,38.32495538745749,79.16666666666666,54.58382314483812,1.0408340855860843e-17,1.0408340855860843e-17,100.0,100.0
solar,2025-08-18,development_oof,25.0,150.0,6.0,50.0,35.794817749245006,66.8957167990491,True,hold current SOC,0.0,-0.0,100.0,36.70666916244853,36.53107931028531,56.25,66.1558322186773,9.23248526352998,9.23248526352998,86.04433660057043,86.04433660057043
solar,2025-08-19,development_oof,25.0,150.0,6.0,50.0,37.2349457834707,66.52333912721521,True,hold current SOC,0.0,-0.0,100.0,38.75600728213488,37.119860106678225,85.41666666666666,32.18104817173903,0.0,0.0,100.0,100.0
solar,2025-08-20,development_oof,25.0,150.0,6.0,50.0,38.214617104515725,66.43824599539035,True,hold current SOC,0.0,-0.0,100.0,40.15010401191663,37.254404161579984,93.75,27.38152278913535,0.0,0.0,100.0,100.0
solar,2025-08-21,development_oof,25.0,150.0,6.0,50.0,43.43978605794901,64.91563543935023,True,hold current SOC,0.0,-0.0,100.0,47.58564978533799,39.66186283483111,93.75,26.370199598885254,0.0,0.0,100.0,100.0
solar,2025-08-22,development_oof,25.0,150.0,6.0,50.0,46.05581791423587,64.66204855852999,True,hold current SOC,0.0,-0.0,100.0,51.30832837917913,40.062818898895884,87.5,48.81038234422219,3.469446951953614e-18,3.469446951953614e-18,100.0,100.0
solar,2025-08-23,development_oof,25.0,150.0,6.0,50.0,41.97528400621839,65.26601067587502,True,hold current SOC,0.0,-0.0,100.0,45.50162683068166,39.1078709432618,87.5,28.151821712974964,5.204170427930421e-18,5.204170427930421e-18,100.0,100.0
solar,2025-08-24,development_oof,25.0,150.0,6.0,50.0,43.954824500428174,65.37463952024919,True,hold current SOC,0.0,-0.0,100.0,48.318562337688874,38.93611365935464,77.08333333333334,40.33948276180486,0.0,0.0,100.0,100.0
solar,2025-08-25,development_oof,25.0,150.0,6.0,50.0,41.82557285983045,65.05856850199842,True,hold current SOC,0.0,-0.0,100.0,45.28858413451631,39.43586581937517,87.5,45.123865873258495,0.0,0.0,100.0,100.0
solar,2025-08-26,development_oof,25.0,150.0,6.0,50.0,46.33999690498829,64.90916705969435,True,hold current SOC,0.0,-0.0,100.0,51.71272217245463,39.67209024107272,95.83333333333334,16.602301736418347,0.0,0.0,100.0,100.0
solar,2025-08-27,development_oof,25.0,150.0,6.0,50.0,36.635648841545,67.8284780570626,True,hold current SOC,0.0,-0.0,100.0,37.903192783068384,35.05625426604196,81.25,35.22061769489582,0.0,0.0,100.0,100.0
solar,2025-08-28,development_oof,25.0,150.0,6.0,50.0,42.986422433469116,64.96497764449406,True,hold current SOC,0.0,-0.0,100.0,46.940502037606414,39.5838459583162,95.83333333333334,26.27408365367537,0.0,0.0,100.0,100.0
solar,2025-08-29,development_oof,25.0,150.0,6.0,50.0,43.97978074078143,64.98584438536041,True,hold current SOC,0.0,-0.0,100.0,48.35407569029679,39.55085274407511,93.75,22.1186941023021,0.0,0.0,100.0,100.0
solar,2025-08-30,development_oof,25.0,150.0,6.0,50.0,40.29647733422991,66.10168190439514,True,hold current SOC,0.0,-0.0,100.0,43.112643055124806,37.78655871466451,83.33333333333334,25.357179956798547,0.0,0.0,100.0,100.0
solar,2025-08-31,development_oof,25.0,150.0,6.0,50.0,44.01964847746456,65.74622830824572,True,hold current SOC,0.0,-0.0,100.0,48.41080847418033,38.34858019782939,91.66666666666666,27.256764773440786,0.0,0.0,100.0,100.0
solar,2025-09-01,development_oof,25.0,150.0,6.0,50.0,42.0864996064974,65.5717184145822,True,hold current SOC,0.0,-0.0,100.0,45.659889404382696,38.624504566934654,85.41666666666666,37.93485219975578,0.0,0.0,100.0,100.0
solar,2025-09-02,development_oof,25.0,150.0,6.0,50.0,36.333658603299114,67.32054132757582,True,hold current SOC,0.0,-0.0,100.0,37.47345314027113,35.85937275225948,85.41666666666666,29.7075056934656,0.0,0.0,100.0,100.0
solar,2025-09-03,development_oof,25.0,150.0,6.0,50.0,31.849190111081036,71.33639115669912,True,hold current SOC,0.0,-0.0,100.0,31.091942601469547,29.509756651645677,70.83333333333334,32.54519772561675,0.0,0.0,100.0,100.0
solar,2025-09-04,development_oof,25.0,150.0,6.0,50.0,39.39205214440366,66.48019908534512,True,hold current SOC,0.0,-0.0,100.0,41.8256234472383,37.18807050201046,89.58333333333334,26.924582384673762,0.0,0.0,100.0,100.0
solar,2025-09-05,development_oof,25.0,150.0,6.0,50.0,44.82194170261071,65.64745580173366,True,hold current SOC,0.0,-0.0,100.0,49.552491748433184,38.50475324322038,79.16666666666666,37.346305358042414,0.0,0.0,100.0,100.0
solar,2025-09-06,development_oof,25.0,150.0,6.0,50.0,41.84175038311739,65.93827059297423,True,hold current SOC,0.0,-0.0,100.0,45.311605153735535,38.044934684427055,68.75,57.166629891421735,0.0,0.0,100.0,100.0
solar,2025-09-07,development_oof,25.0,150.0,6.0,50.0,28.439244841367078,72.85854048589255,True,hold current SOC,0.0,-0.0,100.0,26.23950541450356,27.10302724207135,72.91666666666666,43.420339272459074,1.3877787807814457e-17,1.3877787807814457e-17,100.0,100.0
solar,2025-09-08,development_oof,25.0,150.0,6.0,50.0,45.390848954584,64.66355855960613,True,hold current SOC,0.0,-0.0,100.0,50.3620609605635,40.06043137756096,72.91666666666666,53.538683029101016,0.0,0.0,100.0,100.0
solar,2025-09-09,development_oof,25.0,150.0,6.0,50.0,43.79632915528384,64.51626812822593,True,hold current SOC,0.0,-0.0,100.0,48.093019507553116,40.29331799791602,95.83333333333334,32.87315014728138,0.0,0.0,100.0,100.0
solar,2025-09-10,development_oof,25.0,150.0,6.0,50.0,30.841831623575164,70.77795444237356,True,hold current SOC,0.0,-0.0,100.0,29.658446343100167,30.392722624810474,87.5,23.43071630263661,0.0,0.0,100.0,100.0
solar,2025-09-11,development_oof,25.0,150.0,6.0,50.0,43.96302365929412,64.3397280500722,True,hold current SOC,0.0,-0.0,100.0,48.33022994530017,40.572452370551005,95.83333333333334,28.717148225346428,0.0,0.0,100.0,100.0
solar,2025-09-12,development_oof,25.0,150.0,6.0,50.0,44.65802454796261,64.89927877622672,True,hold current SOC,0.0,-0.0,100.0,49.31923354811526,39.687724990026275,87.5,26.747098578328867,0.0,0.0,100.0,100.0
solar,2025-09-13,development_oof,25.0,150.0,6.0,50.0,44.8045809213483,64.21164176593797,True,hold current SOC,0.0,-0.0,100.0,49.52778692359603,40.77497456799683,93.75,19.644790033880984,0.0,0.0,100.0,100.0
solar,2025-09-14,development_oof,25.0,150.0,6.0,50.0,26.68787340047621,73.61429790840221,True,hold current SOC,0.0,-0.0,100.0,23.747260162519822,25.90806983521699,62.5,35.30888411214238,1.5265566588595902e-16,1.5265566588595902e-16,100.0,100.0
solar,2025-09-15,development_oof,25.0,150.0,6.0,50.0,42.161497302080804,65.70356111985402,True,hold current SOC,0.0,-0.0,100.0,45.76661299617107,38.41604294616602,91.66666666666666,27.40968919533772,0.0,0.0,100.0,100.0
solar,2025-09-16,development_oof,25.0,150.0,6.0,50.0,43.321721175676146,65.18366896795996,True,hold current SOC,0.0,-0.0,100.0,47.41764051249014,39.23806461498178,85.41666666666666,29.538724334274363,0.0,0.0,100.0,100.0
solar,2025-09-17,development_oof,25.0,150.0,6.0,50.0,20.634087224472427,79.6175768058773,True,hold current SOC,0.0,-0.0,100.0,15.132571409804003,16.416052462594127,79.16666666666666,18.969820943014692,0.0,0.0,100.0,100.0
solar,2025-09-18,development_oof,25.0,150.0,6.0,50.0,32.61935810190352,69.95592172786428,True,hold current SOC,0.0,-0.0,100.0,32.18791086584916,31.692470469320583,81.25,31.933347007021382,6.938893903907228e-18,6.938893903907228e-18,100.0,100.0
solar,2025-09-19,development_oof,25.0,150.0,6.0,50.0,40.944727747386565,66.04995021127579,True,hold current SOC,0.0,-0.0,100.0,44.03511956499891,37.868353703401496,81.25,36.917785839164736,0.0,0.0,100.0,100.0
solar,2025-09-20,development_oof,25.0,150.0,6.0,50.0,22.3958908166744,76.75898545716385,True,hold current SOC,0.0,-0.0,100.0,17.639661873355124,20.935882243387695,72.91666666666666,26.315212115003455,0.0,0.0,100.0,100.0
solar,2025-09-21,development_oof,25.0,150.0,6.0,50.0,42.77195235334551,65.22844812476964,True,hold current SOC,0.0,-0.0,100.0,46.63530576318918,39.167262551371564,95.83333333333334,29.600330507602926,0.0,0.0,100.0,100.0
solar,2025-09-22,development_oof,25.0,150.0,6.0,50.0,41.98783656803991,65.37211340015334,True,hold current SOC,0.0,-0.0,100.0,45.51948943930339,38.94010780592765,89.58333333333334,40.5681706768879,0.0,0.0,100.0,100.0
solar,2025-09-23,development_oof,25.0,150.0,6.0,50.0,41.339564844632385,66.16508889264196,True,hold current SOC,0.0,-0.0,100.0,44.596982604410684,37.686303463448766,79.16666666666666,41.25726028527135,1.3877787807814457e-17,1.3877787807814457e-17,100.0,100.0
solar,2025-09-24,development_oof,25.0,150.0,6.0,50.0,41.704780523012694,65.84248254360628,True,hold current SOC,0.0,-0.0,100.0,45.11669362580906,38.19638888874078,81.25,35.387275797106604,0.0,0.0,100.0,100.0
solar,2025-09-25,development_oof,25.0,150.0,6.0,50.0,42.25700667959334,65.93014347094622,True,hold current SOC,0.0,-0.0,100.0,45.902525223051086,38.057784792642394,83.33333333333334,43.985929382911294,0.0,0.0,100.0,100.0
solar,2025-09-26,development_oof,25.0,150.0,6.0,50.0,37.30893774880954,67.17498824825539,True,hold current SOC,0.0,-0.0,100.0,38.86129969469522,36.08951237781134,72.91666666666666,43.28613975431662,0.0,0.0,100.0,100.0
solar,2025-09-27,development_oof,25.0,150.0,6.0,50.0,30.74143459240158,70.55399043818451,True,hold current SOC,0.0,-0.0,100.0,29.51557886312782,30.746840808374884,91.66666666666666,21.883880665054757,0.0,0.0,100.0,100.0
solar,2025-09-28,development_oof,25.0,150.0,6.0,50.0,40.831519162270595,66.01836449248434,True,hold current SOC,0.0,-0.0,100.0,43.87402092415573,37.91829510985879,79.16666666666666,18.64177717929833,0.0,0.0,100.0,100.0
solar,2025-09-29,development_oof,25.0,150.0,6.0,50.0,40.59684292431097,66.06735803039552,True,hold current SOC,0.0,-0.0,100.0,43.54007078305328,37.8408295246442,81.25,45.15359844632381,3.469446951953614e-18,3.469446951953614e-18,100.0,100.0
solar,2025-09-30,development_oof,25.0,150.0,6.0,50.0,36.52217678800426,67.27226060397656,True,hold current SOC,0.0,-0.0,100.0,37.74171922008399,35.935711279086846,56.25,87.541886166434,24.011928550865246,24.011928550865246,72.57092621329413,72.57092621329413
solar,2025-10-01,development_oof,25.0,150.0,6.0,50.0,27.497646242657957,71.6805670661201,True,hold current SOC,0.0,-0.0,100.0,24.899587118408895,28.96556675688062,79.16666666666666,26.925744583493525,0.0,0.0,100.0,100.0
solar,2025-10-02,development_oof,25.0,150.0,6.0,50.0,22.56133214473549,75.21395981317757,True,hold current SOC,0.0,-0.0,100.0,17.875089010463398,23.37878228257022,70.83333333333334,34.194446805093634,0.0,0.0,100.0,100.0
solar,2025-10-03,development_oof,25.0,150.0,6.0,50.0,15.93165720561971,83.62614980748634,True,hold current SOC,0.0,-0.0,100.0,8.4408961810986,10.077942036522936,79.16666666666666,7.849415445897013,0.0,0.0,100.0,100.0
solar,2025-10-04,development_oof,25.0,150.0,6.0,50.0,36.35303944991783,66.32512929595289,True,hold current SOC,0.0,-0.0,100.0,37.50103256850501,37.433257367391505,93.75,29.07597227925236,0.0,0.0,100.0,100.0
solar,2025-10-05,development_oof,25.0,150.0,6.0,50.0,38.59470365474496,65.7753822938034,True,hold current SOC,0.0,-0.0,100.0,40.69097665494079,38.30248369921243,83.33333333333334,19.01264592704543,0.0,0.0,100.0,100.0
solar,2025-10-06,development_oof,25.0,150.0,6.0,50.0,39.772805882994014,65.4250383202189,True,hold current SOC,0.0,-0.0,100.0,42.36744551594475,38.85642615973288,66.66666666666666,65.96266283526948,2.0761007259468722,2.0761007259468722,96.85261231625597,96.85261231625597
solar,2025-10-07,development_oof,25.0,150.0,6.0,50.0,28.072368198463945,70.69706017206143,True,hold current SOC,0.0,-0.0,100.0,25.717430799152993,30.5206276967323,81.25,18.809832519251593,0.0,0.0,100.0,100.0
solar,2025-10-08,development_oof,25.0,150.0,6.0,50.0,28.22492932885111,70.31278129174866,True,hold current SOC,0.0,-0.0,100.0,25.934529093648006,31.12822595597609,93.75,14.239396752815804,0.0,0.0,100.0,100.0
solar,2025-10-09,development_oof,25.0,150.0,6.0,50.0,33.088193635153054,67.67238634889324,True,hold current SOC,0.0,-0.0,100.0,32.85507552573882,35.30305692688272,79.16666666666666,34.88453616523866,0.0,0.0,100.0,100.0
solar,2025-10-10,development_oof,25.0,150.0,6.0,50.0,30.096801750732254,69.3729966269018,True,hold current SOC,0.0,-0.0,100.0,28.598250247728018,32.61415598148314,54.166666666666664,63.36782957167958,6.4426282785849365,6.4426282785849365,89.83296678751283,89.83296678751283
solar,2025-10-11,development_oof,25.0,150.0,6.0,50.0,38.34776935188964,65.71042645274775,True,hold current SOC,0.0,-0.0,100.0,40.339582981688906,38.405187901746295,70.83333333333334,67.70467443927205,10.443367255233822,10.443367255233822,84.57511635389217,84.57511635389217
solar,2025-10-12,development_oof,25.0,150.0,6.0,50.0,36.24172768318328,66.61517025655945,True,hold current SOC,0.0,-0.0,100.0,37.34263314753867,36.974662342261546,72.91666666666666,55.68219190072614,0.0,0.0,100.0,100.0
solar,2025-10-13,development_oof,25.0,150.0,6.0,50.0,24.207364576083954,73.61675452886458,True,hold current SOC,0.0,-0.0,100.0,20.217434223968045,25.90418557721318,68.75,42.76379368013447,1.3322676295501878e-15,1.3322676295501878e-15,100.0,100.0
solar,2025-10-14,development_oof,25.0,150.0,6.0,50.0,23.620317687393324,74.2448657012384,True,hold current SOC,0.0,-0.0,100.0,19.38205185625807,24.9110546129632,58.333333333333336,41.94599616016724,0.0,0.0,100.0,100.0
solar,2025-10-15,development_oof,25.0,150.0,6.0,50.0,26.795866747363533,73.35566221410002,True,hold current SOC,0.0,-0.0,100.0,23.900937389258686,26.317008774323966,64.58333333333334,41.59641678120695,0.0,0.0,100.0,100.0
solar,2025-10-16,development_oof,25.0,150.0,6.0,50.0,32.88496981424312,69.06432859208437,True,hold current SOC,0.0,-0.0,100.0,32.565882958743934,33.10220299693875,66.66666666666666,47.28989191231072,0.0,0.0,100.0,100.0
solar,2025-10-17,development_oof,25.0,150.0,6.0,50.0,33.37361862090183,70.13243846332075,True,hold current SOC,0.0,-0.0,100.0,33.26124240097807,31.413373004730683,54.166666666666664,75.38199755862922,18.460999675598373,18.460999675598373,75.51006835386643,75.51006835386643
solar,2025-10-18,development_oof,25.0,150.0,6.0,50.0,29.916477169765017,72.1630582760778,True,hold current SOC,0.0,-0.0,100.0,28.34164387044066,28.20268116964221,60.416666666666664,56.987141582973116,0.06614369994232341,0.06614369994232341,99.88393223786103,99.88393223786103
solar,2025-10-19,development_oof,25.0,150.0,6.0,50.0,18.142531895004254,82.59347218386173,True,hold current SOC,0.0,-0.0,100.0,11.5870260189512,11.71074872619487,72.91666666666666,17.058061555262334,1.3877787807814457e-17,1.3877787807814457e-17,100.0,100.0
solar,2025-10-20,development_oof,25.0,150.0,6.0,50.0,28.06744073898958,73.77047140282338,True,hold current SOC,0.0,-0.0,100.0,25.710418901395265,25.661137858957744,81.25,22.883844025355444,0.0,0.0,100.0,100.0
solar,2025-10-21,development_oof,25.0,150.0,6.0,50.0,29.375791147597084,73.07185924516084,True,hold current SOC,0.0,-0.0,100.0,27.57223417236053,26.765740668606895,89.58333333333334,9.419792719259537,0.0,0.0,100.0,100.0
solar,2025-10-22,development_oof,25.0,150.0,6.0,50.0,38.83078162887775,67.85204809656892,True,hold current SOC,0.0,-0.0,100.0,41.02692150158686,35.01898676135191,79.16666666666666,36.4800190753228,0.0,0.0,100.0,100.0
solar,2025-10-23,development_oof,25.0,150.0,6.0,50.0,21.884931292497328,78.24148137696636,True,hold current SOC,0.0,-0.0,100.0,16.912553723505184,18.591850379146557,54.166666666666664,38.598525074818,0.0,0.0,100.0,100.0
solar,2025-10-24,development_oof,25.0,150.0,6.0,50.0,37.02786176713063,68.7297417095743,True,hold current SOC,0.0,-0.0,100.0,38.461321560742306,33.63123130891222,77.08333333333334,38.9865401150369,0.0,0.0,100.0,100.0
solar,2025-10-25,development_oof,25.0,150.0,6.0,50.0,42.890124432041056,65.4861844797415,True,hold current SOC,0.0,-0.0,100.0,46.80346757922074,38.759745592601185,87.5,28.377746632803305,2.7755575615628914e-17,2.7755575615628914e-17,100.0,100.0
solar,2025-10-26,development_oof,25.0,150.0,6.0,50.0,28.02760097859293,73.54043285939647,True,hold current SOC,0.0,-0.0,100.0,25.653725928465313,26.02486073238603,78.0,33.03580809863254,0.0,0.0,100.0,100.0
solar,2025-10-27,development_oof,25.0,150.0,6.0,50.0,39.95623914950481,66.63965631225503,True,hold current SOC,0.0,-0.0,100.0,42.62847563031321,36.93594648880567,89.58333333333334,26.252216736638182,0.0,0.0,100.0,100.0
solar,2025-10-28,development_oof,25.0,150.0,6.0,50.0,37.219166757195325,68.10588386942867,True,hold current SOC,0.0,-0.0,100.0,38.73355333410445,34.61763716441895,87.5,15.776152811980024,0.0,0.0,100.0,100.0
solar,2025-10-29,development_oof,25.0,150.0,6.0,50.0,28.696089435188945,72.46140257818287,True,hold current SOC,0.0,-0.0,100.0,26.605001679033617,27.730957408849513,79.16666666666666,28.22770404168422,0.0,0.0,100.0,100.0
solar,2025-10-30,development_oof,25.0,150.0,6.0,50.0,28.48105450001838,73.25697391379737,True,hold current SOC,0.0,-0.0,100.0,26.299001601793094,26.473048678007512,83.33333333333334,21.681773829114057,1.3877787807814457e-17,1.3877787807814457e-17,100.0,100.0
solar,2025-10-31,development_oof,25.0,150.0,6.0,50.0,21.30818792698167,77.96644058034144,True,hold current SOC,0.0,-0.0,100.0,16.09183352631596,19.026728062547523,79.16666666666666,17.387231609183697,5.898059818321144e-17,5.898059818321144e-17,100.0,100.0
solar,2025-11-01,development_oof,25.0,150.0,6.0,50.0,34.159097336453875,69.34339381520556,True,hold current SOC,0.0,-0.0,100.0,34.378998208605665,32.66096213653571,68.75,48.02701194066795,0.0,0.0,100.0,100.0
solar,2025-11-02,development_oof,25.0,150.0,6.0,50.0,38.93346969787157,67.39234493829102,True,hold current SOC,0.0,-0.0,100.0,41.1730491855321,35.74584127521747,89.58333333333334,24.75617212294661,0.0,0.0,100.0,100.0
solar,2025-11-03,development_oof,25.0,150.0,6.0,50.0,22.265229179611357,76.74960443634043,True,hold current SOC,0.0,-0.0,100.0,17.45372710418865,20.950714939677404,89.58333333333334,6.635215515353278,0.0,0.0,100.0,100.0
solar,2025-11-04,development_oof,25.0,150.0,6.0,50.0,18.657514168370366,80.69157024402813,True,hold current SOC,0.0,-0.0,100.0,12.31985864125297,14.71791973427822,62.5,29.348103879279773,2.220446049250313e-16,2.220446049250313e-16,100.0,100.0
solar,2025-11-05,development_oof,25.0,150.0,6.0,50.0,19.835543475479874,78.90702898874542,True,hold current SOC,0.0,-0.0,100.0,13.996223733656194,17.539527206892902,81.25,12.32603665346372,0.0,0.0,100.0,100.0
solar,2025-11-06,development_oof,25.0,150.0,6.0,50.0,20.167909717043802,78.48473290382559,True,hold current SOC,0.0,-0.0,100.0,14.46918918696747,18.20723594455218,89.58333333333334,10.972100319406625,5.551115123125783e-17,5.551115123125783e-17,100.0,100.0
solar,2025-11-07,development_oof,25.0,150.0,6.0,50.0,20.77170486858787,77.9664035830378,True,hold current SOC,0.0,-0.0,100.0,15.328404750538077,19.0267865604209,81.25,13.524934014397488,0.0,0.0,100.0,100.0
solar,2025-11-08,development_oof,25.0,150.0,6.0,50.0,28.386610215874953,72.58853774903275,True,hold current SOC,0.0,-0.0,100.0,26.16460502934828,27.529939053549388,77.08333333333334,32.91819453915018,1.3877787807814457e-17,1.3877787807814457e-17,100.0,100.0
solar,2025-11-09,development_oof,25.0,150.0,6.0,50.0,22.92159470281652,75.53296173505929,True,hold current SOC,0.0,-0.0,100.0,18.387751618110034,22.874395957011558,95.83333333333334,12.70682192914389,0.0,0.0,100.0,100.0
solar,2025-11-10,development_oof,25.0,150.0,6.0,50.0,21.213510164787696,77.1923905123799,True,hold current SOC,0.0,-0.0,100.0,15.95710470878063,20.250608681430823,81.25,15.519101516589059,1.1449174941446927e-16,1.1449174941446927e-16,100.0,100.0
solar,2025-11-11,development_oof,25.0,150.0,6.0,50.0,17.663248148107904,80.61671676597038,True,hold current SOC,0.0,-0.0,100.0,10.90499329038975,14.83627347500218,89.58333333333334,7.764575071509513,0.0,0.0,100.0,100.0
solar,2025-11-12,development_oof,25.0,150.0,6.0,50.0,17.670766254852044,80.40874909286642,True,hold current SOC,0.0,-0.0,100.0,10.915691743841439,15.165099238349107,81.25,11.077164334306127,0.0,0.0,100.0,100.0
solar,2025-11-13,development_oof,25.0,150.0,6.0,50.0,23.796278202990816,74.71595759419093,True,hold current SOC,0.0,-0.0,100.0,19.63244805965361,24.166192928478093,58.333333333333336,62.683528301451545,0.0,0.0,100.0,100.0
solar,2025-11-14,development_oof,25.0,150.0,6.0,50.0,13.44256882883266,85.44977461998668,True,hold current SOC,0.0,-0.0,100.0,4.898861325454295,7.194538033973625,83.33333333333334,3.2554969950467494,0.0,0.0,100.0,100.0
solar,2025-11-15,development_oof,25.0,150.0,6.0,50.0,16.857651671809236,81.02939539628981,True,hold current SOC,0.0,-0.0,100.0,9.758609407340405,14.183771268258168,79.16666666666666,7.863847351557724,0.0,0.0,100.0,100.0
solar,2025-11-16,development_oof,25.0,150.0,6.0,50.0,19.534411681856845,77.93653842436679,True,hold current SOC,0.0,-0.0,100.0,13.567705678972947,19.07400752246229,91.66666666666666,12.480674364869945,1.3877787807814457e-17,1.3877787807814457e-17,100.0,100.0
solar,2025-11-17,development_oof,25.0,150.0,6.0,50.0,40.274809185695744,66.25147298126936,True,hold current SOC,0.0,-0.0,100.0,43.081808739203744,37.54971822661854,87.5,10.466984604608092,0.0,0.0,100.0,100.0
solar,2025-11-18,development_oof,25.0,150.0,6.0,50.0,28.41181096177571,72.16908923375303,True,hold current SOC,0.0,-0.0,100.0,26.200466319449976,28.193145388279326,91.66666666666666,11.198217943334956,0.0,0.0,100.0,100.0
solar,2025-11-19,development_oof,25.0,150.0,6.0,50.0,34.10740111649666,68.1610093433437,True,hold current SOC,0.0,-0.0,100.0,34.305433197937035,34.5304761370851,72.91666666666666,29.829144539088592,0.0,0.0,100.0,100.0
solar,2025-11-20,development_oof,25.0,150.0,6.0,50.0,35.3837433530209,68.02596172516932,True,hold current SOC,0.0,-0.0,100.0,36.121700041517514,34.74400517009097,85.41666666666666,10.58192778068397,0.0,0.0,100.0,100.0
solar,2025-11-21,development_oof,25.0,150.0,6.0,50.0,38.9108135565083,66.70697953102432,True,hold current SOC,0.0,-0.0,100.0,41.1408089311677,36.829499133443306,91.66666666666666,13.770445954544265,0.0,0.0,100.0,100.0
solar,2025-11-22,development_oof,25.0,150.0,6.0,50.0,14.738801068530972,84.07049138535483,True,hold current SOC,0.0,-0.0,100.0,6.743432139748889,9.375376313934197,93.75,7.040936247691687,0.0,0.0,100.0,100.0
solar,2025-11-23,development_oof,25.0,150.0,6.0,50.0,29.285823263532166,72.00216752529388,True,hold current SOC,0.0,-0.0,100.0,27.44420762890053,28.457071783108077,83.33333333333334,12.5048022178502,0.0,0.0,100.0,100.0
solar,2025-11-24,development_oof,25.0,150.0,6.0,50.0,18.480985299302283,78.95167957465226,True,hold current SOC,0.0,-0.0,100.0,12.06865365669002,17.468928431729566,87.5,9.417505154522038,0.0,0.0,100.0,100.0
solar,2025-11-25,development_oof,25.0,150.0,6.0,50.0,34.72911573499168,68.09012148911576,True,hold current SOC,0.0,-0.0,100.0,35.19014861001715,34.64255967598622,87.5,19.775250747106714,0.0,0.0,100.0,100.0
solar,2025-11-26,development_oof,25.0,150.0,6.0,50.0,20.585676063222298,77.41839574734625,True,hold current SOC,0.0,-0.0,100.0,15.063681119628162,19.893263028623203,64.58333333333334,68.30232448857748,4.415874569192582,4.415874569192582,93.53481070775113,93.53481070775113
solar,2025-11-27,development_oof,25.0,150.0,6.0,50.0,15.533707879282456,82.78980224240398,True,hold current SOC,0.0,-0.0,100.0,7.87460436204869,11.40032364712102,95.83333333333334,3.7094287703294917,0.0,0.0,100.0,100.0
solar,2025-11-28,development_oof,25.0,150.0,6.0,50.0,24.101299407938953,74.13730851531075,True,hold current SOC,0.0,-0.0,100.0,20.066500843681926,25.08111745608799,72.91666666666666,34.907817419921386,0.0,0.0,100.0,100.0
solar,2025-11-29,development_oof,25.0,150.0,6.0,50.0,17.243020302787787,80.34913511508377,True,hold current SOC,0.0,-0.0,100.0,10.306998583043327,15.259357213437037,93.75,9.420937086043306,1.3877787807814457e-17,1.3877787807814457e-17,100.0,100.0
solar,2025-11-30,development_oof,25.0,150.0,6.0,50.0,35.112448580730195,69.01534509433807,True,hold current SOC,0.0,-0.0,100.0,35.7356408125366,33.17965270725875,91.66666666666666,17.165507118461026,5.551115123125783e-17,5.551115123125783e-17,100.0,100.0
solar,2025-12-01,development_oof,25.0,150.0,6.0,50.0,12.781954604893935,86.64250255700762,True,hold current SOC,0.0,-0.0,100.0,3.958790804396391,5.308669579023646,89.58333333333334,3.7169355032715754,0.0,0.0,100.0,100.0
solar,2025-12-02,development_oof,25.0,150.0,6.0,50.0,31.313099188450167,70.6688983553345,True,hold current SOC,0.0,-0.0,100.0,30.329071844664952,30.565155438684954,81.25,19.301925836575972,0.0,0.0,100.0,100.0
solar,2025-12-03,development_oof,25.0,150.0,6.0,50.0,31.547262735242434,70.96232088252826,True,hold current SOC,0.0,-0.0,100.0,30.662292413446085,30.101213687317486,89.58333333333334,19.845387324526897,5.551115123125783e-17,5.551115123125783e-17,100.0,100.0
solar,2025-12-04,development_oof,25.0,150.0,6.0,50.0,15.63887929034715,82.2915309966001,True,hold current SOC,0.0,-0.0,100.0,8.024265903712914,12.188159661775963,93.75,5.768801249338377,0.0,0.0,100.0,100.0
solar,2025-12-05,development_oof,25.0,150.0,6.0,50.0,18.848847943417777,78.02479474837322,True,hold current SOC,0.0,-0.0,100.0,12.592131376363625,18.93446202157519,83.33333333333334,16.846789832231508,0.0,0.0,100.0,100.0
solar,2025-12-06,development_oof,25.0,150.0,6.0,50.0,17.19094808012897,80.03272775477197,True,hold current SOC,0.0,-0.0,100.0,10.232898511150136,15.759641176950453,83.33333333333334,12.013041412896454,0.0,0.0,100.0,100.0
solar,2025-12-07,development_oof,25.0,150.0,6.0,50.0,14.703072153934277,83.50731169690705,True,hold current SOC,0.0,-0.0,100.0,6.692589002945856,10.265841587653673,70.83333333333334,12.46859989607483,4.336808689942018e-19,4.336808689942018e-19,100.0,100.0
solar,2025-12-08,development_oof,25.0,150.0,6.0,50.0,18.946742666720723,78.09101359742239,True,hold current SOC,0.0,-0.0,100.0,12.731438009810796,18.829760828060092,85.41666666666666,6.0651221229541745,0.0,0.0,100.0,100.0
solar,2025-12-09,development_oof,25.0,150.0,6.0,50.0,13.550265053617622,85.8584952557102,True,hold current SOC,0.0,-0.0,100.0,5.052115740029175,6.548293966174495,91.66666666666666,3.1132214680906247,1.3877787807814457e-17,1.3877787807814457e-17,100.0,100.0
solar,2025-12-10,development_oof,25.0,150.0,6.0,50.0,28.102445091175827,71.86568084469829,True,hold current SOC,0.0,-0.0,100.0,25.760230967812532,28.67287617358706,89.58333333333334,15.262705325615421,0.0,0.0,100.0,100.0
solar,2025-12-11,development_oof,25.0,150.0,6.0,50.0,26.255247160733802,71.86145082675914,True,hold current SOC,0.0,-0.0,100.0,23.131622230606787,28.679564419202617,89.58333333333334,10.60977048581626,0.0,0.0,100.0,100.0
solar,2025-12-12,development_oof,25.0,150.0,6.0,50.0,22.352183378716678,74.66592156016054,True,hold current SOC,0.0,-0.0,100.0,17.577465098768513,24.245306844786967,83.33333333333334,16.72317578762295,6.938893903907228e-17,6.938893903907228e-17,100.0,100.0
solar,2025-12-13,development_oof,25.0,150.0,6.0,50.0,26.387194781297506,72.66373519622239,True,hold current SOC,0.0,-0.0,100.0,23.31938698637623,27.411041449874638,68.75,36.89119063835291,0.0,0.0,100.0,100.0
solar,2025-12-14,development_oof,25.0,150.0,6.0,50.0,20.742188354801108,75.72233293467984,True,hold current SOC,0.0,-0.0,100.0,15.286402015068804,22.574973799991895,89.58333333333334,17.045222933782092,0.0,0.0,100.0,100.0
solar,2025-12-15,development_oof,25.0,150.0,6.0,50.0,14.737339112906442,83.9208024344813,True,hold current SOC,0.0,-0.0,100.0,6.7413517404236645,9.612055326594888,79.16666666666666,13.103249289447458,3.608224830031759e-16,3.608224830031759e-16,100.0,100.0
solar,2025-12-16,development_oof,25.0,150.0,6.0,50.0,20.71030789749686,75.58614156368564,True,hold current SOC,0.0,-0.0,100.0,15.241035329000683,22.79031126499322,89.58333333333334,12.930182949063525,0.0,0.0,100.0,100.0
solar,2025-12-17,development_oof,25.0,150.0,6.0,50.0,14.960258039279815,83.34007906808813,True,hold current SOC,0.0,-0.0,100.0,7.058570933828329,10.530259590736344,97.91666666666666,3.678866593527502,0.0,0.0,100.0,100.0
solar,2025-12-18,development_oof,25.0,150.0,6.0,50.0,12.54288246375292,87.0050123675106,True,hold current SOC,0.0,-0.0,100.0,3.6185851834019043,4.735491241350895,72.91666666666666,4.0960005791240075,1.0408340855860843e-17,1.0408340855860843e-17,100.0,100.0
solar,2025-12-19,development_oof,25.0,150.0,6.0,50.0,28.798048355691506,71.34024472254775,True,hold current SOC,0.0,-0.0,100.0,26.75009176648568,29.50366362904814,83.33333333333334,30.27755335937564,0.0,0.0,100.0,100.0
solar,2025-12-20,development_oof,25.0,150.0,6.0,50.0,28.67608015756162,70.61758372461179,True,hold current SOC,0.0,-0.0,100.0,26.57652797779698,30.646290993872075,87.5,8.891421069826732,5.551115123125783e-17,5.551115123125783e-17,100.0,100.0
solar,2025-12-21,development_oof,25.0,150.0,6.0,50.0,16.405843036649127,80.911022401671,True,hold current SOC,0.0,-0.0,100.0,9.115674448203315,14.370935406483337,77.08333333333334,10.242936689623345,0.0,0.0,100.0,100.0
solar,2025-12-22,development_oof,25.0,150.0,6.0,50.0,19.649238945639212,76.9480041618175,True,hold current SOC,0.0,-0.0,100.0,13.731107739939702,20.6370174298476,89.58333333333334,6.6600442567742775,0.0,0.0,100.0,100.0
solar,2025-12-23,development_oof,25.0,150.0,6.0,50.0,15.434862144571177,83.00526744682885,True,hold current SOC,0.0,-0.0,100.0,7.733944415642509,11.059643245872829,66.66666666666666,17.291895422353697,5.551115123125783e-16,5.551115123125783e-16,100.0,100.0
solar,2025-12-24,development_oof,25.0,150.0,6.0,50.0,23.81280238998276,72.9963934839954,True,hold current SOC,0.0,-0.0,100.0,19.655962389973297,26.8850625139274,83.33333333333334,21.583652206234255,0.0,0.0,100.0,100.0
solar,2025-12-25,development_oof,25.0,150.0,6.0,50.0,28.23026502532431,70.40574126421669,True,hold current SOC,0.0,-0.0,100.0,25.942121922839398,30.981243333863336,72.91666666666666,37.29747367845893,0.0,0.0,100.0,100.0
solar,2025-12-26,development_oof,25.0,150.0,6.0,50.0,28.338458580806503,70.86775337773273,True,hold current SOC,0.0,-0.0,100.0,26.096084051403388,30.25073804121387,93.75,6.877895580240588,0.0,0.0,100.0,100.0
solar,2025-12-27,development_oof,25.0,150.0,6.0,50.0,26.184623987807576,71.5072954744292,True,hold current SOC,0.0,-0.0,100.0,23.031123693691125,29.239533198653632,89.58333333333334,10.283135833690558,2.7755575615628914e-17,2.7755575615628914e-17,100.0,100.0
solar,2025-12-28,development_oof,25.0,150.0,6.0,50.0,17.00679759788802,80.76929243917672,True,hold current SOC,0.0,-0.0,100.0,9.970847780905238,14.595030153569391,75.0,11.52866904998677,0.0,0.0,100.0,100.0
solar,2025-12-29,development_oof,25.0,150.0,6.0,50.0,17.257947200644185,80.48983129237095,True,hold current SOC,0.0,-0.0,100.0,10.328239931075428,15.036897024283862,70.83333333333334,13.806037285667685,0.0,0.0,100.0,100.0
solar,2025-12-30,development_oof,25.0,150.0,6.0,50.0,18.211873065122546,78.81728604418832,True,hold current SOC,0.0,-0.0,100.0,11.685700233888959,17.681423261258228,70.83333333333334,37.139117439098456,0.0,0.0,100.0,100.0
solar,2025-12-31,development_oof,25.0,150.0,6.0,50.0,33.105913955190815,69.72016976100892,True,hold current SOC,0.0,-0.0,100.0,32.88029198322272,32.06522705838434,83.33333333333334,10.04552326250695,0.0,0.0,100.0,100.0
solar,2026-01-01,development_oof,25.0,150.0,6.0,50.0,24.143717517277736,71.95685357260834,True,hold current SOC,0.0,-0.0,100.0,20.1268628714788,28.52871943324376,95.83333333333334,11.424466910651741,0.0,0.0,100.0,100.0
solar,2026-01-02,development_oof,25.0,150.0,6.0,50.0,34.91538788049904,70.21901760603929,True,hold current SOC,0.0,-0.0,100.0,35.455218520019436,31.27647936030301,97.91666666666666,16.89722962189986,0.0,0.0,100.0,100.0
solar,2026-01-03,development_oof,25.0,150.0,6.0,50.0,34.471573533018415,69.7966847893804,True,hold current SOC,0.0,-0.0,100.0,34.82365963168436,31.94424617594121,95.83333333333334,25.172269930591746,0.0,0.0,100.0,100.0
solar,2026-01-04,development_oof,25.0,150.0,6.0,50.0,36.28987895709267,69.65431448186268,True,hold current SOC,0.0,-0.0,100.0,37.4111536115452,32.169353397408486,95.83333333333334,7.985460222074374,0.0,0.0,100.0,100.0
solar,2026-01-05,development_oof,25.0,150.0,6.0,50.0,35.17109461206141,69.59344820713525,True,hold current SOC,0.0,-0.0,100.0,35.81909557816791,32.26559142782259,79.16666666666666,18.42609072643573,0.0,0.0,100.0,100.0
solar,2026-01-06,development_oof,25.0,150.0,6.0,50.0,23.149834822569414,72.18069957000564,True,hold current SOC,0.0,-0.0,100.0,18.71254300244197,28.17478783479997,95.83333333333334,13.572111027621354,0.0,0.0,100.0,100.0
solar,2026-01-07,development_oof,25.0,150.0,6.0,50.0,32.634487980311505,69.72530427536435,True,hold current SOC,0.0,-0.0,100.0,32.209441060269945,32.057108678363335,95.83333333333334,6.15473192736237,0.0,0.0,100.0,100.0
solar,2026-01-08,development_oof,25.0,150.0,6.0,50.0,15.634161468626207,83.1039008053226,True,hold current SOC,0.0,-0.0,100.0,8.017552325708154,10.90369021281676,93.75,4.8148851153300924,0.0,0.0,100.0,100.0
solar,2026-01-09,development_oof,25.0,150.0,6.0,50.0,18.324246062510284,77.79790435741693,True,hold current SOC,0.0,-0.0,100.0,11.845609812549387,19.29320722888918,91.66666666666666,10.512270877617443,0.0,0.0,100.0,100.0
solar,2026-01-10,development_oof,25.0,150.0,6.0,50.0,32.002282548723706,69.23346670976076,True,hold current SOC,0.0,-0.0,100.0,31.30979695944371,32.83477215143325,95.83333333333334,18.755927903010118,0.0,0.0,100.0,100.0
solar,2026-01-11,development_oof,25.0,150.0,6.0,50.0,14.6670910315245,84.51306537072851,True,hold current SOC,0.0,-0.0,100.0,6.641386968132955,8.67560540047475,95.83333333333334,4.38809626532315,0.0,0.0,100.0,100.0
solar,2026-01-12,development_oof,25.0,150.0,6.0,50.0,19.21574972616223,76.27636010649636,True,hold current SOC,0.0,-0.0,100.0,13.114241766335553,21.698979925711054,95.83333333333334,6.248179695676594,1.3877787807814457e-17,1.3877787807814457e-17,100.0,100.0
solar,2026-01-13,development_oof,25.0,150.0,6.0,50.0,14.657129016576366,84.42315059724821,True,hold current SOC,0.0,-0.0,100.0,6.627210772338621,8.817773140222686,70.83333333333334,11.681002994105523,1.1102230246251565e-16,1.1102230246251565e-16,100.0,100.0
solar,2026-01-14,development_oof,25.0,150.0,6.0,50.0,29.24870110305028,70.41944834436482,True,hold current SOC,0.0,-0.0,100.0,27.391381868445453,30.959570537194036,97.91666666666666,14.238539206395885,0.0,0.0,100.0,100.0
solar,2026-01-15,development_oof,25.0,150.0,6.0,50.0,18.511402369133943,77.50518517017991,True,hold current SOC,0.0,-0.0,100.0,12.111937905877419,19.75603690214032,77.08333333333334,14.725069512831785,2.168404344971009e-19,2.168404344971009e-19,100.0,100.0
solar,2026-01-16,development_oof,25.0,150.0,6.0,50.0,30.12970417879916,69.20224261522084,True,hold current SOC,0.0,-0.0,100.0,28.64507122368659,32.88414177974453,100.0,14.668042202034918,0.0,0.0,100.0,100.0
solar,2026-01-17,development_oof,25.0,150.0,6.0,50.0,21.640533473953724,73.78847587569389,True,hold current SOC,0.0,-0.0,100.0,16.56476953070673,25.632670287786986,87.5,19.26225726366765,0.0,0.0,100.0,100.0
solar,2026-01-18,development_oof,25.0,150.0,6.0,50.0,18.045421034470895,78.98238496972223,True,hold current SOC,0.0,-0.0,100.0,11.448834841780235,17.42037893929137,83.33333333333334,9.941058068317446,0.0,0.0,100.0,100.0
solar,2026-01-19,development_oof,25.0,150.0,6.0,50.0,18.794201605844624,78.2719436467535,True,hold current SOC,0.0,-0.0,100.0,12.514368274730703,18.54368530153362,87.5,10.531517439547024,0.0,0.0,100.0,100.0
solar,2026-01-20,development_oof,25.0,150.0,6.0,50.0,22.375336051121682,72.73402258276379,True,hold current SOC,0.0,-0.0,100.0,17.61041192919231,27.29990733374891,72.91666666666666,21.21180025626453,0.0,0.0,100.0,100.0
solar,2026-01-21,development_oof,25.0,150.0,6.0,50.0,16.06615731328313,82.22173955501648,True,hold current SOC,0.0,-0.0,100.0,8.632293189688031,12.298509620071368,83.33333333333334,5.930152984196237,0.0,0.0,100.0,100.0
solar,2026-01-22,development_oof,25.0,150.0,6.0,50.0,18.302149070952954,78.54529970683005,True,hold current SOC,0.0,-0.0,100.0,11.814165242307986,18.111471420507762,75.0,14.583032875245976,2.7755575615628914e-17,2.7755575615628914e-17,100.0,100.0
solar,2026-01-23,development_oof,25.0,150.0,6.0,50.0,18.1997220347559,79.49490237408088,True,hold current SOC,0.0,-0.0,100.0,11.668409014544546,16.610017770165943,89.58333333333334,11.756922726664808,0.0,0.0,100.0,100.0
solar,2026-01-24,development_oof,25.0,150.0,6.0,50.0,30.899007916247374,69.0275313953677,True,hold current SOC,0.0,-0.0,100.0,29.73980963395403,33.1603844735057,85.41666666666666,13.485707656121585,1.3877787807814457e-17,1.3877787807814457e-17,100.0,100.0
solar,2026-01-25,development_oof,25.0,150.0,6.0,50.0,18.2135015671379,78.63142442761215,True,hold current SOC,0.0,-0.0,100.0,11.688017632883172,17.97529628024904,93.75,7.761286914417559,0.0,0.0,100.0,100.0
solar,2026-01-26,development_oof,25.0,150.0,6.0,50.0,17.408853739336724,80.49560146717889,True,hold current SOC,0.0,-0.0,100.0,10.54298370031177,15.027773576838673,100.0,6.973533664690605,0.0,0.0,100.0,100.0
solar,2026-01-27,development_oof,25.0,150.0,6.0,50.0,19.567934651705645,76.68776144600473,True,hold current SOC,0.0,-0.0,100.0,13.61540970136786,21.048497293065733,87.5,10.310874186665739,0.0,0.0,100.0,100.0
solar,2026-01-28,development_oof,25.0,150.0,6.0,50.0,34.76201371892897,67.5896412592982,True,hold current SOC,0.0,-0.0,100.0,35.236963261868404,35.43388840104022,95.83333333333334,11.72675500437186,0.0,0.0,100.0,100.0
solar,2026-01-29,development_oof,25.0,150.0,6.0,50.0,19.918705515473786,76.3728229493238,True,hold current SOC,0.0,-0.0,100.0,14.114565391217237,21.54645877925629,89.58333333333334,10.092690539608776,0.0,0.0,100.0,100.0
solar,2026-01-30,development_oof,25.0,150.0,6.0,50.0,23.865855379256168,71.74266564107673,True,hold current SOC,0.0,-0.0,100.0,19.731458117226293,28.867380288723833,97.91666666666666,7.805220194231246,0.0,0.0,100.0,100.0
solar,2026-01-31,development_oof,25.0,150.0,6.0,50.0,33.733237526242775,67.79448191656486,True,hold current SOC,0.0,-0.0,100.0,33.77298907471832,35.110006883855945,93.75,16.55328089861715,0.0,0.0,100.0,100.0
solar,2026-02-01,development_oof,25.0,150.0,6.0,50.0,20.782572419943953,74.80510808757268,True,hold current SOC,0.0,-0.0,100.0,15.343869547231408,24.025233621671056,93.75,7.935225950739822,0.0,0.0,100.0,100.0
solar,2026-02-02,development_oof,25.0,150.0,6.0,50.0,20.09938071643486,76.5507835775705,True,hold current SOC,0.0,-0.0,100.0,14.371670709502776,21.265078319709243,85.41666666666666,16.041408510107317,0.0,0.0,100.0,100.0
solar,2026-02-03,development_oof,25.0,150.0,6.0,50.0,15.275972692220588,83.35922559227703,True,hold current SOC,0.0,-0.0,100.0,7.507840761120414,10.499986277880122,95.83333333333334,4.242123386288689,6.938893903907228e-18,6.938893903907228e-18,100.0,100.0
solar,2026-02-04,development_oof,25.0,150.0,6.0,50.0,27.916160031359983,68.37655007363033,True,hold current SOC,0.0,-0.0,100.0,25.49514268042708,34.18967631896421,95.83333333333334,23.30183548927107,0.0,0.0,100.0,100.0
solar,2026-02-05,development_oof,25.0,150.0,6.0,50.0,16.017124694690388,82.6872890998194,True,hold current SOC,0.0,-0.0,100.0,8.562518550210106,11.56241115745547,95.83333333333334,4.635617083051915,0.0,0.0,100.0,100.0
solar,2026-02-06,development_oof,25.0,150.0,6.0,50.0,18.92393932541579,78.55811122040924,True,hold current SOC,0.0,-0.0,100.0,12.698988286257196,18.091214638915552,97.91666666666666,5.383293797088763,0.0,0.0,100.0,100.0
solar,2026-02-07,development_oof,25.0,150.0,6.0,50.0,21.454739268925106,74.72222629905632,True,hold current SOC,0.0,-0.0,100.0,16.300379741928896,24.156281235801103,91.66666666666666,13.442435784212883,0.0,0.0,100.0,100.0
solar,2026-02-08,development_oof,25.0,150.0,6.0,50.0,23.019198028012053,72.59110455697301,True,hold current SOC,0.0,-0.0,100.0,18.526643584780828,27.525880573845686,100.0,6.7911519271759975,0.0,0.0,100.0,100.0
solar,2026-02-09,development_oof,25.0,150.0,6.0,50.0,22.755543072638687,73.16546984770027,True,hold current SOC,0.0,-0.0,100.0,18.151456005864382,26.617729310024213,97.91666666666666,7.855668177557079,0.0,0.0,100.0,100.0
solar,2026-02-10,development_oof,25.0,150.0,6.0,50.0,18.047444550501552,79.88754423470414,True,hold current SOC,0.0,-0.0,100.0,11.451714355572669,15.989196478018027,89.58333333333334,6.267436529961095,0.0,0.0,100.0,100.0
solar,2026-02-11,development_oof,25.0,150.0,6.0,50.0,20.77761528918122,75.89222667183674,True,hold current SOC,0.0,-0.0,100.0,15.336815426490123,22.306348215184993,79.16666666666666,26.169288911210025,2.0816681711721685e-17,2.0816681711721685e-17,100.0,100.0
solar,2026-02-12,development_oof,25.0,150.0,6.0,50.0,18.7584479011672,78.49254543561777,True,hold current SOC,0.0,-0.0,100.0,12.46348986102435,18.194883247174303,70.83333333333334,21.2710061074419,0.0,0.0,100.0,100.0
solar,2026-02-13,development_oof,25.0,150.0,6.0,50.0,19.19250921000289,77.50795257218657,True,hold current SOC,0.0,-0.0,100.0,13.081169932057895,19.751661255369147,75.0,27.289627872426024,1.249000902703301e-16,1.249000902703301e-16,100.0,100.0
solar,2026-02-14,development_oof,25.0,150.0,6.0,50.0,37.46346030567026,67.67120072329624,True,hold current SOC,0.0,-0.0,100.0,39.08118914799395,35.30493156555209,72.91666666666666,58.81536764239583,0.0,0.0,100.0,100.0
solar,2026-02-15,development_oof,25.0,150.0,6.0,50.0,18.425053565688213,77.7642868677693,True,hold current SOC,0.0,-0.0,100.0,11.989061404424001,19.346361147141003,70.83333333333334,18.72723401334629,2.918672248330978e-16,2.918672248330978e-16,100.0,100.0
solar,2026-02-16,development_oof,25.0,150.0,6.0,50.0,35.690154395267754,67.09785336234029,True,hold current SOC,0.0,-0.0,100.0,36.55773059869427,36.211473341085835,93.75,18.350496856658538,0.0,0.0,100.0,100.0
solar,2026-02-17,development_oof,25.0,150.0,6.0,50.0,35.654040909168025,66.77227958092665,True,hold current SOC,0.0,-0.0,100.0,36.50634020704848,36.72625068893627,81.25,30.296097577026448,0.0,0.0,100.0,100.0
solar,2026-02-18,development_oof,25.0,150.0,6.0,50.0,24.6851353935583,69.70537806517294,True,hold current SOC,0.0,-0.0,100.0,20.897314016218832,32.0886147830334,81.25,25.2397140825203,0.0,0.0,100.0,100.0
solar,2026-02-19,development_oof,25.0,150.0,6.0,50.0,21.385144802429988,73.76617991188184,True,hold current SOC,0.0,-0.0,100.0,16.201345079927922,25.667923301924368,75.0,19.842817830460792,0.0,0.0,100.0,100.0
solar,2026-02-20,development_oof,25.0,150.0,6.0,50.0,23.62462520949372,70.84024505477699,True,hold current SOC,0.0,-0.0,100.0,19.38818156766701,30.294232518789688,85.41666666666666,19.219089844419546,0.0,0.0,100.0,100.0
solar,2026-02-21,development_oof,25.0,150.0,6.0,50.0,23.299972554102588,71.65426405732329,True,hold current SOC,0.0,-0.0,100.0,18.92619273991103,29.007155465437318,64.58333333333334,37.80253895598442,1.3877787807814457e-17,1.3877787807814457e-17,100.0,100.0
solar,2026-02-22,development_oof,25.0,150.0,6.0,50.0,36.35919432485253,66.70804404117752,True,hold current SOC,0.0,-0.0,100.0,37.509791109083224,36.82781599510506,95.83333333333334,18.309856255333365,1.1102230246251565e-16,1.1102230246251565e-16,100.0,100.0
solar,2026-02-23,development_oof,25.0,150.0,6.0,50.0,30.31232069061513,67.46312791137437,True,hold current SOC,0.0,-0.0,100.0,28.904939075748683,35.63392356796655,83.33333333333334,31.579753864369483,0.0,0.0,100.0,100.0
solar,2026-02-24,development_oof,25.0,150.0,6.0,50.0,36.457169074373475,66.9549675939334,True,hold current SOC,0.0,-0.0,100.0,37.649211621835036,36.437395577780386,85.41666666666666,25.48778780915735,5.551115123125783e-17,5.551115123125783e-17,100.0,100.0
solar,2026-02-25,development_oof,25.0,150.0,6.0,50.0,37.10031162039805,66.83233136468374,True,hold current SOC,0.0,-0.0,100.0,38.56441950935383,36.63130048182212,87.5,15.534717348973047,0.0,0.0,100.0,100.0
solar,2026-02-26,development_oof,25.0,150.0,6.0,50.0,27.244123654299536,67.63353999602937,True,hold current SOC,0.0,-0.0,100.0,24.53881815052764,35.36447840380295,72.91666666666666,31.682233834479916,0.0,0.0,100.0,100.0
solar,2026-02-27,development_oof,25.0,150.0,6.0,50.0,29.724230677284243,67.24699761758824,True,hold current SOC,0.0,-0.0,100.0,28.068072315652707,35.975655567829314,91.66666666666666,19.937798270112513,0.0,0.0,100.0,100.0
solar,2026-02-28,development_oof,25.0,150.0,6.0,50.0,37.51077513860903,66.40679882577761,True,hold current SOC,0.0,-0.0,100.0,39.14851933563254,37.30412650255092,89.58333333333334,32.25860830902515,0.0,0.0,100.0,100.0
solar,2026-03-01,development_oof,25.0,150.0,6.0,50.0,32.00368174640107,67.71464431801598,True,hold current SOC,0.0,-0.0,100.0,31.311788052644488,35.236241211022254,85.41666666666666,36.76244714476408,0.0,0.0,100.0,100.0
solar,2026-03-02,development_oof,25.0,150.0,6.0,50.0,38.9952837344496,66.34617313795209,True,hold current SOC,0.0,-0.0,100.0,41.261012101662104,37.39998413167241,97.91666666666666,13.112438112954095,0.0,0.0,100.0,100.0
solar,2026-03-03,development_oof,25.0,150.0,6.0,50.0,39.274402052687535,66.49826759181478,True,hold current SOC,0.0,-0.0,100.0,41.65820443170051,37.15950168482967,95.83333333333334,16.46856242954788,0.0,0.0,100.0,100.0
solar,2026-03-04,development_oof,25.0,150.0,6.0,50.0,38.88780614700171,66.7384441213226,True,hold current SOC,0.0,-0.0,100.0,41.10806881347224,36.77974924795001,58.333333333333336,74.49969158780034,17.57869370476955,17.57869370476955,76.40434029978167,76.40434029978167
solar,2026-03-05,development_oof,25.0,150.0,6.0,50.0,41.297996927068986,66.88931185734981,True,hold current SOC,0.0,-0.0,100.0,44.53783042071997,36.541206412310466,64.58333333333334,56.72582840559329,0.0,0.0,100.0,100.0
solar,2026-03-06,development_oof,25.0,150.0,6.0,50.0,30.66958349864234,66.03337860634937,True,hold current SOC,0.0,-0.0,100.0,29.413332964233735,37.894555711427465,77.08333333333334,36.77522463215776,0.0,0.0,100.0,100.0
solar,2026-03-07,development_oof,25.0,150.0,6.0,50.0,34.01587348064501,66.932986788323,True,hold current SOC,0.0,-0.0,100.0,34.175187088773264,36.47215028304751,72.91666666666666,45.464236977996215,0.0,0.0,100.0,100.0
solar,2026-03-08,development_oof,25.0,150.0,6.0,50.0,35.75124124934745,67.27391365189925,True,hold current SOC,0.0,-0.0,100.0,36.644658715988065,35.93309758082829,56.25,70.89119449342745,13.970196610396656,13.970196610396656,80.29346703744443,80.29346703744443
solar,2026-03-09,development_oof,25.0,150.0,6.0,50.0,32.745236233560284,66.1610093307171,True,hold current SOC,0.0,-0.0,100.0,32.36703858748802,37.692753817217856,81.25,31.82913794932572,0.0,0.0,100.0,100.0
solar,2026-03-10,development_oof,25.0,150.0,6.0,50.0,42.79191098644095,68.35320437964438,True,hold current SOC,0.0,-0.0,100.0,46.663707395993534,34.22658910224063,91.66666666666666,22.82289733228661,0.0,0.0,100.0,100.0
solar,2026-03-11,development_oof,25.0,150.0,6.0,50.0,43.3045585582239,69.34967843413786,True,hold current SOC,0.0,-0.0,100.0,47.39321767969847,32.65102528150957,97.91666666666666,20.193890152476374,0.0,0.0,100.0,100.0
solar,2026-03-12,development_oof,25.0,150.0,6.0,50.0,30.808608061761692,67.32968098877117,True,hold current SOC,0.0,-0.0,100.0,29.611168385808885,35.844921679049705,97.91666666666666,24.322292928228478,0.0,0.0,100.0,100.0
solar,2026-03-13,development_oof,25.0,150.0,6.0,50.0,44.26215602676188,69.24465796261184,True,hold current SOC,0.0,-0.0,100.0,48.75590276668461,32.81707722699312,100.0,24.817720812000296,0.0,0.0,100.0,100.0
solar,2026-03-14,development_oof,25.0,150.0,6.0,50.0,43.2337533626876,69.73175684974592,True,hold current SOC,0.0,-0.0,100.0,47.292460120067744,32.04690626245462,97.91666666666666,9.36309772865629,0.0,0.0,100.0,100.0
solar,2026-03-15,development_oof,25.0,150.0,6.0,50.0,37.84049624638777,67.34394000726081,True,hold current SOC,0.0,-0.0,100.0,39.61772069757916,35.822376191236856,72.91666666666666,52.88447218011167,1.3877787807814457e-17,1.3877787807814457e-17,100.0,100.0
solar,2026-03-16,development_oof,25.0,150.0,6.0,50.0,41.424871143719294,67.88646357648848,True,hold current SOC,0.0,-0.0,100.0,44.71837559615406,34.964571109695115,93.75,41.90121513394186,0.0,0.0,100.0,100.0
solar,2026-03-17,development_oof,25.0,150.0,6.0,50.0,43.117305056452416,69.1691890019789,True,hold current SOC,0.0,-0.0,100.0,47.126751275250356,32.93640413111594,89.58333333333334,25.269659386791325,0.0,0.0,100.0,100.0
solar,2026-03-18,development_oof,25.0,150.0,6.0,50.0,43.06879855829849,69.02941580816709,True,hold current SOC,0.0,-0.0,100.0,47.05772531828204,33.15740495525669,95.83333333333334,21.672875244228166,0.0,0.0,100.0,100.0
solar,2026-03-19,development_oof,25.0,150.0,6.0,50.0,43.02164414063154,69.21939022852587,True,hold current SOC,0.0,-0.0,100.0,46.990623405577125,32.85702902250468,81.25,31.202310241894754,1.734723475976807e-18,1.734723475976807e-18,100.0,100.0
solar,2026-03-20,development_oof,25.0,150.0,6.0,50.0,42.90580165680066,68.53907284936665,True,hold current SOC,0.0,-0.0,100.0,46.82577666115457,33.93270524747444,95.83333333333334,19.834826756122702,8.673617379884035e-19,8.673617379884035e-19,100.0,100.0
solar,2026-03-21,development_oof,25.0,150.0,6.0,50.0,42.997637438604364,68.69785498856015,True,hold current SOC,0.0,-0.0,100.0,46.95646126969544,33.681648641671764,91.66666666666666,32.88741221492085,3.469446951953614e-18,3.469446951953614e-18,100.0,100.0
solar,2026-03-22,development_oof,25.0,150.0,6.0,50.0,42.91539797128651,68.51665577640375,True,hold current SOC,0.0,-0.0,100.0,46.83943245606792,33.9681497519929,91.66666666666666,28.622655891661665,5.204170427930421e-18,5.204170427930421e-18,100.0,100.0
solar,2026-03-23,development_oof,25.0,150.0,6.0,50.0,42.673523685443136,68.62658077499434,True,hold current SOC,0.0,-0.0,100.0,46.49523931325665,33.79434306832439,95.83333333333334,22.810901640707087,3.469446951953614e-18,3.469446951953614e-18,100.0,100.0
solar,2026-03-24,development_oof,25.0,150.0,6.0,50.0,36.33141727900614,67.15670143570604,True,hold current SOC,0.0,-0.0,100.0,37.47026367988775,36.1184263672116,93.75,33.26292579362201,0.0,0.0,100.0,100.0
solar,2026-03-25,development_oof,25.0,150.0,6.0,50.0,43.01998998547769,69.04238953116312,True,hold current SOC,0.0,-0.0,100.0,46.988269501526865,33.13689169805691,91.66666666666666,44.37254530870025,0.0,0.0,100.0,100.0
solar,2026-03-26,development_oof,25.0,150.0,6.0,50.0,42.84244461671299,69.32852591945635,True,hold current SOC,0.0,-0.0,100.0,46.735618012536925,32.68447034382641,81.25,42.77669951447182,2.7755575615628914e-17,2.7755575615628914e-17,100.0,100.0
solar,2026-03-27,development_oof,25.0,150.0,6.0,50.0,36.97885697539287,67.2135663807705,True,hold current SOC,0.0,-0.0,100.0,38.39158651957323,36.02851499449959,89.58333333333334,25.423192033950286,3.469446951953614e-18,3.469446951953614e-18,100.0,100.0
solar,2026-03-28,development_oof,25.0,150.0,6.0,50.0,42.91178157502289,68.89144009228721,True,hold current SOC,0.0,-0.0,100.0,46.834286233966274,33.37556371724305,95.83333333333334,17.349088805054343,0.0,0.0,100.0,100.0
solar,2026-03-29,development_oof,25.0,150.0,6.0,50.0,38.91399290978415,67.95904125949026,True,hold current SOC,0.0,-0.0,100.0,41.1453332301948,34.849815716903464,82.6086956521739,37.2189211302907,0.0,0.0,100.0,100.0
solar,2026-03-30,development_oof,25.0,150.0,6.0,50.0,44.09443440305055,70.4817896466171,True,hold current SOC,0.0,-0.0,100.0,48.51723071197934,30.861000283484948,91.66666666666666,28.684583813974562,0.0,0.0,100.0,100.0
solar,2026-03-31,development_oof,25.0,150.0,6.0,50.0,42.96194714469726,70.35127030717763,True,hold current SOC,0.0,-0.0,100.0,46.90567309109718,31.067369479149647,83.33333333333334,40.79312758871562,0.0,0.0,100.0,100.0
solar,2026-04-01,locked_test,25.0,150.0,6.0,50.0,42.83315299893932,69.7994190278502,True,hold current SOC,0.0,-0.0,100.0,46.722395808646304,31.939922965325877,68.75,94.3770770954498,37.456079212419,37.456079212419,60.312312729777396,60.312312729777396
solar,2026-04-02,locked_test,25.0,150.0,6.0,50.0,45.75383192683948,69.94119823891295,True,hold current SOC,0.0,-0.0,100.0,50.87859478544674,31.715750349415863,77.08333333333334,50.2018952279355,2.7755575615628914e-17,2.7755575615628914e-17,100.0,100.0
solar,2026-04-03,locked_test,25.0,150.0,6.0,50.0,44.49165660826057,69.44749085959923,True,hold current SOC,0.0,-0.0,100.0,49.08248781952565,32.49637025754788,68.75,78.50739017433006,11.916638154817322,11.916638154817322,84.82099821640261,84.82099821640261
solar,2026-04-04,locked_test,25.0,150.0,6.0,50.0,47.24055574817544,69.62848337330264,True,hold current SOC,0.0,-0.0,100.0,52.994239872619644,32.21019596617687,83.33333333333334,75.23969166305534,17.740453354279797,17.740453354279797,76.42141672546111,76.42141672546111
solar,2026-04-05,locked_test,25.0,150.0,6.0,50.0,48.019887978366214,70.18317711922744,True,hold current SOC,0.0,-0.0,100.0,54.1032490782413,31.33314814569033,97.91666666666666,21.282652197010723,0.0,0.0,100.0,100.0
solar,2026-04-06,locked_test,25.0,150.0,6.0,50.0,47.830212487897874,70.3766133067285,True,hold current SOC,0.0,-0.0,100.0,53.83333612345603,31.027298678488954,70.83333333333334,77.85225422536908,13.203758360988584,13.203758360988584,83.03997939126343,83.03997939126343
solar,2026-04-07,locked_test,25.0,150.0,6.0,50.0,47.387528410585034,68.37346917211154,True,hold current SOC,0.0,-0.0,100.0,53.203385637766644,34.194547651987214,100.0,31.362727683022193,0.0,0.0,100.0,100.0
solar,2026-04-08,locked_test,25.0,150.0,6.0,50.0,46.87886230582156,68.37346917211154,True,hold current SOC,0.0,-0.0,100.0,52.47954108095635,34.19454765198722,100.0,13.671724413594408,0.0,0.0,100.0,100.0
solar,2026-04-09,locked_test,25.0,150.0,6.0,50.0,44.45551856803453,69.69220800867437,True,hold current SOC,0.0,-0.0,100.0,49.031062486745554,32.10943847075767,91.66666666666666,39.688229998048385,0.0,0.0,100.0,100.0
solar,2026-04-10,locked_test,25.0,150.0,6.0,50.0,43.513284998493994,68.84684560776171,True,hold current SOC,0.0,-0.0,100.0,47.69024061131714,33.44607378833389,83.33333333333334,46.95327842178399,0.0,0.0,100.0,100.0
solar,2026-04-11,locked_test,25.0,150.0,6.0,50.0,42.261334173869784,68.01618868688445,True,hold current SOC,0.0,-0.0,100.0,45.9086833553648,34.759457700411104,91.66666666666666,25.763388661125866,0.0,0.0,100.0,100.0
solar,2026-04-12,locked_test,25.0,150.0,6.0,50.0,41.17976672006194,67.79493736479787,True,hold current SOC,0.0,-0.0,100.0,44.36958588665102,35.109286756969645,97.91666666666666,36.47152471066263,0.0,0.0,100.0,100.0
solar,2026-04-13,locked_test,25.0,150.0,6.0,50.0,41.050614398814936,67.74713887010826,True,hold current SOC,0.0,-0.0,100.0,44.185798911543785,35.18486281294296,91.66666666666666,41.61672782105231,0.0,0.0,100.0,100.0
solar,2026-04-14,locked_test,25.0,150.0,6.0,50.0,42.4500236782197,68.58316633380615,True,hold current SOC,0.0,-0.0,100.0,46.1771932273061,33.86298732707345,91.66666666666666,29.874799914567628,0.0,0.0,100.0,100.0
solar,2026-04-15,locked_test,25.0,150.0,6.0,50.0,39.570394334251674,69.42017089608764,True,hold current SOC,0.0,-0.0,100.0,42.07940883250816,32.539566912692536,83.33333333333334,50.60748179845685,6.938893903907228e-18,6.938893903907228e-18,100.0,100.0
solar,2026-04-16,locked_test,25.0,150.0,6.0,50.0,40.468049720230674,68.44162883058107,True,hold current SOC,0.0,-0.0,100.0,43.356794840633206,34.08677776933577,97.91666666666666,25.771152869455385,1.734723475976807e-18,1.734723475976807e-18,100.0,100.0
solar,2026-04-17,locked_test,25.0,150.0,6.0,50.0,35.51990567489564,69.27574965062489,True,hold current SOC,0.0,-0.0,100.0,36.31546242239703,32.76791695178282,83.33333333333334,44.44623175348541,0.0,0.0,100.0,100.0
solar,2026-04-18,locked_test,25.0,150.0,6.0,50.0,39.74508553980556,67.99197553017716,True,hold current SOC,0.0,-0.0,100.0,42.32799877604607,34.7977420626799,95.83333333333334,22.40008372977156,3.469446951953614e-18,3.469446951953614e-18,100.0,100.0
solar,2026-04-19,locked_test,25.0,150.0,6.0,50.0,39.60568006905531,68.36362399704218,True,hold current SOC,0.0,-0.0,100.0,42.12962131340963,34.21011424057836,93.75,23.563067916583393,1.214306433183765e-17,1.214306433183765e-17,100.0,100.0
solar,2026-04-20,locked_test,25.0,150.0,6.0,50.0,39.51203400160509,68.56846836323972,True,hold current SOC,0.0,-0.0,100.0,41.99636062323242,33.88622685905945,87.5,30.47331338954286,0.0,0.0,100.0,100.0
solar,2026-04-21,locked_test,25.0,150.0,6.0,50.0,39.569430849938456,68.21908584131803,True,hold current SOC,0.0,-0.0,100.0,42.07803777029433,34.438649131022565,75.0,75.41951068008812,4.4092044042851795,4.4092044042851795,94.15376158698776,94.15376158698776
solar,2026-04-22,locked_test,25.0,150.0,6.0,50.0,39.59639495455854,67.52417117796172,True,hold current SOC,0.0,-0.0,100.0,42.11640836384427,35.537405688850114,81.25,51.48896099873929,1.3877787807814457e-17,1.3877787807814457e-17,100.0,100.0
solar,2026-04-23,locked_test,25.0,150.0,6.0,50.0,39.32527176139121,66.28172571843457,True,hold current SOC,0.0,-0.0,100.0,41.730593296236314,37.5018844491703,91.66666666666666,28.331296369903917,1.3877787807814457e-17,1.3877787807814457e-17,100.0,100.0
solar,2026-04-24,locked_test,25.0,150.0,6.0,50.0,39.08065144406784,66.28172571843456,True,hold current SOC,0.0,-0.0,100.0,41.38249248212357,37.501884449170305,95.83333333333334,24.447461329730096,1.734723475976807e-18,1.734723475976807e-18,100.0,100.0
solar,2026-04-25,locked_test,25.0,150.0,6.0,50.0,39.08065144406783,66.66233461945572,True,hold current SOC,0.0,-0.0,100.0,41.38249248212356,36.90008893669008,81.25,49.40282845794128,2.7755575615628914e-17,2.7755575615628914e-17,100.0,100.0
solar,2026-04-26,locked_test,25.0,150.0,6.0,50.0,39.06512866733587,66.14384755372464,True,hold current SOC,0.0,-0.0,100.0,41.36040318358609,37.7198889692139,95.83333333333334,40.59519029205852,0.0,0.0,100.0,100.0
solar,2026-04-27,locked_test,25.0,150.0,6.0,50.0,39.096430918584325,66.17225629956987,True,hold current SOC,0.0,-0.0,100.0,41.40494706801227,37.674970798044015,79.16666666666666,47.71017344732877,1.734723475976807e-18,1.734723475976807e-18,100.0,100.0
solar,2026-04-28,locked_test,25.0,150.0,6.0,50.0,38.468643293560305,67.46137147278404,True,hold current SOC,0.0,-0.0,100.0,40.51158961613765,35.6367007412244,79.16666666666666,58.44122722443234,0.0,0.0,100.0,100.0
solar,2026-04-29,locked_test,25.0,150.0,6.0,50.0,39.10288965473359,64.05379863020005,True,hold current SOC,0.0,-0.0,100.0,41.41413801067927,41.02454647897429,97.91666666666666,24.57384600927908,1.3877787807814457e-17,1.3877787807814457e-17,100.0,100.0
solar,2026-04-30,locked_test,25.0,150.0,6.0,50.0,37.52601790027972,64.15052164719704,True,hold current SOC,0.0,-0.0,100.0,39.17021016575226,40.871613961037454,100.0,22.214402128444917,0.0,0.0,100.0,100.0
solar,2026-05-01,locked_test,25.0,150.0,6.0,50.0,37.732900834100626,65.22495491491102,True,hold current SOC,0.0,-0.0,100.0,39.46460974170364,39.17278580112064,95.83333333333334,24.37708337904378,0.0,0.0,100.0,100.0
solar,2026-05-02,locked_test,25.0,150.0,6.0,50.0,37.36930901623959,65.42985828437571,True,hold current SOC,0.0,-0.0,100.0,38.94720951433476,38.84880512724494,77.08333333333334,53.856338165478824,1.3877787807814457e-17,1.3877787807814457e-17,100.0,100.0
solar,2026-05-03,locked_test,25.0,150.0,6.0,50.0,38.04563225743773,69.8734531090637,True,hold current SOC,0.0,-0.0,100.0,39.90963435884685,31.822864804769612,93.75,34.49353552681691,0.0,0.0,100.0,100.0
solar,2026-05-04,locked_test,25.0,150.0,6.0,50.0,39.07249368564465,68.0879368666844,True,hold current SOC,0.0,-0.0,100.0,41.37088378837516,34.64601386734154,83.33333333333334,56.33508465452146,3.122502256758253e-17,3.122502256758253e-17,100.0,100.0
solar,2026-05-05,locked_test,25.0,150.0,6.0,50.0,40.771135519674424,66.28670226393673,True,hold current SOC,0.0,-0.0,100.0,43.78809349434606,37.494015839837125,89.58333333333334,45.19133536934049,0.0,0.0,100.0,100.0
solar,2026-05-06,locked_test,25.0,150.0,6.0,50.0,41.27544551091665,67.50261233839935,True,hold current SOC,0.0,-0.0,100.0,44.50573919294331,35.57149320721375,79.16666666666666,37.90371246842175,5.551115123125783e-17,5.551115123125783e-17,100.0,100.0
solar,2026-05-07,locked_test,25.0,150.0,6.0,50.0,41.46625133937222,66.30328147086807,True,hold current SOC,0.0,-0.0,100.0,44.77726064688306,37.467801811986,93.75,47.325047800141824,0.0,0.0,100.0,100.0
solar,2026-05-08,locked_test,25.0,150.0,6.0,50.0,40.37438868697301,68.57075923631496,True,hold current SOC,0.0,-0.0,100.0,43.22351285373866,33.882604670685396,79.16666666666666,64.46795093838793,0.0,0.0,100.0,100.0
solar,2026-05-09,locked_test,25.0,150.0,6.0,50.0,40.84429431655059,65.06876150887945,True,hold current SOC,0.0,-0.0,100.0,43.892200287398886,39.419749260400266,91.66666666666666,34.54282988891336,0.0,0.0,100.0,100.0
solar,2026-05-10,locked_test,25.0,150.0,6.0,50.0,40.86654951670398,65.55988235322707,True,hold current SOC,0.0,-0.0,100.0,43.92386999241933,38.64321902313851,100.0,34.941244012017734,0.0,0.0,100.0,100.0
solar,2026-05-11,locked_test,25.0,150.0,6.0,50.0,41.62783723875375,65.67643812021463,True,hold current SOC,0.0,-0.0,100.0,45.00720141279864,38.45892817408426,89.58333333333334,44.56551195166663,0.0,0.0,100.0,100.0
solar,2026-05-12,locked_test,25.0,150.0,6.0,50.0,42.596160972415774,65.19272028969826,True,hold current SOC,0.0,-0.0,100.0,46.38515024264526,39.22375321871776,100.0,19.999821308860994,3.469446951953614e-18,3.469446951953614e-18,100.0,100.0
solar,2026-05-13,locked_test,25.0,150.0,6.0,50.0,42.62371192569377,65.1084655488868,True,hold current SOC,0.0,-0.0,100.0,46.424355936475564,39.35697166103343,100.0,30.17788515229396,0.0,0.0,100.0,100.0
solar,2026-05-14,locked_test,25.0,150.0,6.0,50.0,40.96508727267145,66.53719940966654,True,hold current SOC,0.0,-0.0,100.0,44.064091677389904,37.09794507589847,89.58333333333334,40.99728347256115,0.0,0.0,100.0,100.0
solar,2026-05-15,locked_test,25.0,150.0,6.0,50.0,40.50571636427861,65.85573035513875,True,hold current SOC,0.0,-0.0,100.0,43.410395414786045,38.17544225951313,97.91666666666666,27.539795017266968,0.0,0.0,100.0,100.0
solar,2026-05-16,locked_test,25.0,150.0,6.0,50.0,39.86060705703478,67.26210361227538,True,hold current SOC,0.0,-0.0,100.0,42.49238877698729,35.95177089306243,91.66666666666666,28.263648540066356,0.0,0.0,100.0,100.0
solar,2026-05-17,locked_test,25.0,150.0,6.0,50.0,39.44441018560343,66.20435564207986,True,hold current SOC,0.0,-0.0,100.0,41.900130246045606,37.62421728118129,89.58333333333334,38.24569422256526,0.0,0.0,100.0,100.0
solar,2026-05-18,locked_test,25.0,150.0,6.0,50.0,39.128267127386486,67.14649691373964,True,hold current SOC,0.0,-0.0,100.0,41.45025078735806,36.13456113313512,95.83333333333334,42.96317636250689,0.0,0.0,100.0,100.0
solar,2026-05-19,locked_test,25.0,150.0,6.0,50.0,39.34665048666212,67.64494859583831,True,hold current SOC,0.0,-0.0,100.0,41.76101575563351,35.346439823648126,79.16666666666666,55.930690656688,3.469446951953614e-18,3.469446951953614e-18,100.0,100.0
solar,2026-05-20,locked_test,25.0,150.0,6.0,50.0,41.69040869434177,66.88723016124463,True,hold current SOC,0.0,-0.0,100.0,45.09624215507524,36.54449786285481,83.33333333333334,68.6425491237886,11.497680191429211,11.497680191429211,83.24992247782855,83.24992247782855
solar,2026-05-21,locked_test,25.0,150.0,6.0,50.0,42.490331939133426,66.90358650968359,True,hold current SOC,0.0,-0.0,100.0,46.234552888159556,36.51863620521958,85.41666666666666,46.72573418894258,1.734723475976807e-18,1.734723475976807e-18,100.0,100.0
solar,2026-05-22,locked_test,25.0,150.0,6.0,50.0,41.60455172976044,66.2685181187969,True,hold current SOC,0.0,-0.0,100.0,44.974065552595796,37.5227674978096,97.91666666666666,24.644755337785085,0.0,0.0,100.0,100.0
solar,2026-05-23,locked_test,25.0,150.0,6.0,50.0,39.865891313830346,66.55832192059334,True,hold current SOC,0.0,-0.0,100.0,42.499908406234155,37.06454745368323,95.83333333333334,28.94787443453792,0.0,0.0,100.0,100.0
solar,2026-05-24,locked_test,25.0,150.0,6.0,50.0,39.5033574341774,66.75624353860671,True,hold current SOC,0.0,-0.0,100.0,41.98401365132784,36.75160589812923,95.83333333333334,24.974185058473818,0.0,0.0,100.0,100.0
solar,2026-05-25,locked_test,25.0,150.0,6.0,50.0,38.50304193933473,66.83540937634342,True,hold current SOC,0.0,-0.0,100.0,40.560539747220275,36.62643371806757,97.91666666666666,12.386238357948628,3.469446951953614e-18,3.469446951953614e-18,100.0,100.0
solar,2026-05-26,locked_test,25.0,150.0,6.0,50.0,38.414546089657755,67.08844837097645,True,hold current SOC,0.0,-0.0,100.0,40.43460794541727,36.22634393812781,97.91666666666666,18.327493563812343,0.0,0.0,100.0,100.0
solar,2026-05-27,locked_test,25.0,150.0,6.0,50.0,37.58037962518397,67.15169419100464,True,hold current SOC,0.0,-0.0,100.0,39.247568256457086,36.12634351624072,97.91666666666666,12.50459558704291,0.0,0.0,100.0,100.0
solar,2026-05-28,locked_test,25.0,150.0,6.0,50.0,37.64813397355946,67.22464633502261,True,hold current SOC,0.0,-0.0,100.0,39.343984384468264,36.010996048596006,97.91666666666666,22.22748015616333,0.0,0.0,100.0,100.0
solar,2026-05-29,locked_test,25.0,150.0,6.0,50.0,42.41738196654473,66.28406543129726,True,hold current SOC,0.0,-0.0,100.0,46.13074325727736,37.49818503831183,91.66666666666666,21.528636335208354,3.469446951953614e-18,3.469446951953614e-18,100.0,100.0
solar,2026-05-30,locked_test,25.0,150.0,6.0,50.0,37.15729050756641,67.65521902016204,True,hold current SOC,0.0,-0.0,100.0,38.645501887251015,35.33020085694844,95.83333333333334,29.055436877499393,0.0,0.0,100.0,100.0
solar,2026-05-31,locked_test,25.0,150.0,6.0,50.0,40.9703244405582,66.68363092068908,True,hold current SOC,0.0,-0.0,100.0,44.07154429794479,36.86641652787286,95.83333333333334,24.640366789096245,0.0,0.0,100.0,100.0
solar,2026-06-01,locked_test,25.0,150.0,6.0,50.0,38.082721007086604,69.13932219153548,True,hold current SOC,0.0,-0.0,100.0,39.96241257485304,32.98362770483881,85.41666666666666,49.20382804343264,0.0,0.0,100.0,100.0
solar,2026-06-02,locked_test,25.0,150.0,6.0,50.0,40.25984446131753,67.00125314393712,True,hold current SOC,0.0,-0.0,100.0,43.060513563087426,36.36421169739771,83.33333333333334,46.59499786387951,0.0,0.0,100.0,100.0
solar,2026-06-03,locked_test,25.0,150.0,6.0,50.0,38.69782166953381,69.69366687594035,True,hold current SOC,0.0,-0.0,100.0,40.83771616247826,32.107131799075496,95.83333333333334,35.56387399225524,0.0,0.0,100.0,100.0
solar,2026-06-04,locked_test,25.0,150.0,6.0,50.0,41.06220242244709,67.32639439062584,True,hold current SOC,0.0,-0.0,100.0,44.20228895825964,35.850118246996175,95.83333333333334,30.134017098001266,0.0,0.0,100.0,100.0
solar,2026-06-05,locked_test,25.0,150.0,6.0,50.0,39.87008251615601,67.24490168097022,True,hold current SOC,0.0,-0.0,100.0,42.50587259170181,35.978969534601475,87.5,47.412653745427505,0.0,0.0,100.0,100.0
solar,2026-06-06,locked_test,25.0,150.0,6.0,50.0,39.026723019554154,69.62201415419221,True,hold current SOC,0.0,-0.0,100.0,41.3057509886841,32.22042469971268,75.0,70.30409914978904,8.103576934968398,8.103576934968398,88.47353563594774,88.47353563594774
solar,2026-06-07,locked_test,25.0,150.0,6.0,50.0,43.00875450324515,67.30034461672994,True,hold current SOC,0.0,-0.0,100.0,46.97228113001754,35.89130655601791,72.91666666666666,60.20407014461017,2.501905454023122,2.501905454023122,95.84429184270508,95.84429184270508
solar,2026-06-08,locked_test,25.0,150.0,6.0,50.0,42.68288327397635,67.59557812359276,True,hold current SOC,0.0,-0.0,100.0,46.508558241233786,35.42450139437517,95.83333333333334,33.35285361946415,0.0,0.0,100.0,100.0
solar,2026-06-09,locked_test,25.0,150.0,6.0,50.0,38.34023764076282,68.33042292867357,True,hold current SOC,0.0,-0.0,100.0,40.32886516886127,34.26260973897626,93.75,28.402152269200357,1.3877787807814457e-17,1.3877787807814457e-17,100.0,100.0
solar,2026-06-10,locked_test,25.0,150.0,6.0,50.0,42.49852466347103,67.54607365148658,True,hold current SOC,0.0,-0.0,100.0,46.246211339276485,35.50277483748505,93.75,22.9532257651263,0.0,0.0,100.0,100.0
solar,2026-06-11,locked_test,25.0,150.0,6.0,50.0,26.812198411453902,75.98974945192921,True,hold current SOC,0.0,-0.0,100.0,23.92417775468654,22.15215116076302,64.58333333333334,42.839603673083374,0.0,0.0,100.0,100.0
solar,2026-06-12,locked_test,25.0,150.0,6.0,50.0,41.29203053586552,68.55593383534818,True,hold current SOC,0.0,-0.0,100.0,44.52934009719344,33.90604568782554,81.25,50.38180945748051,0.0,0.0,100.0,100.0
solar,2026-06-13,locked_test,25.0,150.0,6.0,50.0,38.2145263215529,68.41809579624345,True,hold current SOC,0.0,-0.0,100.0,40.14997482549576,34.1239867637167,95.83333333333334,27.319885554925076,0.0,0.0,100.0,100.0
solar,2026-06-14,locked_test,25.0,150.0,6.0,50.0,41.667652700724545,67.49668919606157,True,hold current SOC,0.0,-0.0,100.0,45.06385980846243,35.58085851756013,87.5,24.676658752584558,0.0,0.0,100.0,100.0
solar,2026-06-15,locked_test,25.0,150.0,6.0,50.0,37.793645125162634,68.32874912600093,True,hold current SOC,0.0,-0.0,100.0,39.55105038327731,34.265256253375874,87.5,44.03039319423424,0.0,0.0,100.0,100.0
solar,2026-06-16,locked_test,25.0,150.0,6.0,50.0,41.96352556648118,68.20786319517435,True,hold current SOC,0.0,-0.0,100.0,45.484894277596915,34.45639369261663,81.25,39.39333191576342,6.938893903907228e-17,6.938893903907228e-17,100.0,100.0
solar,2026-06-17,locked_test,25.0,150.0,6.0,50.0,40.87873191205267,68.09870627301437,True,hold current SOC,0.0,-0.0,100.0,43.94120584491566,34.62898594081625,68.75,56.11392162497515,0.0,0.0,100.0,100.0
solar,2026-06-18,locked_test,25.0,150.0,6.0,50.0,41.21847222735063,67.97310922745018,True,hold current SOC,0.0,-0.0,100.0,44.42466478911205,34.82757230650165,85.41666666666666,43.920694335423576,0.0,0.0,100.0,100.0
solar,2026-06-19,locked_test,25.0,150.0,6.0,50.0,40.167281628902714,68.07846241975534,True,hold current SOC,0.0,-0.0,100.0,42.92879434338914,34.66099428327463,93.75,38.512070279797285,0.0,0.0,100.0,100.0
solar,2026-06-20,locked_test,25.0,150.0,6.0,50.0,39.35507124728706,68.42089378700429,True,hold current SOC,0.0,-0.0,100.0,41.772998708076145,34.119562751878505,79.16666666666666,80.29817569014904,23.377177807118244,23.377177807118244,70.88703746231417,70.88703746231417
solar,2026-06-21,locked_test,25.0,150.0,6.0,50.0,42.135456278451144,69.01359578032162,True,hold current SOC,0.0,-0.0,100.0,45.72955596989868,33.18241861557617,100.0,18.676515990951053,0.0,0.0,100.0,100.0
solar,2026-06-22,locked_test,25.0,150.0,6.0,50.0,40.344195322971736,69.9552682129902,True,hold current SOC,0.0,-0.0,100.0,43.180546943528704,31.69350376706404,85.41666666666666,44.241983157190816,0.0,0.0,100.0,100.0
solar,2026-06-23,locked_test,25.0,150.0,6.0,50.0,39.79458289172253,70.59185377598256,True,hold current SOC,0.0,-0.0,100.0,42.3984347426381,30.68697361474583,97.91666666666666,22.088322970441574,0.0,0.0,100.0,100.0
solar,2026-06-25,locked_test,25.0,150.0,6.0,50.0,38.970750168493375,71.03905079745614,True,hold current SOC,0.0,-0.0,100.0,41.22610022526566,29.979893039395957,95.83333333333334,21.853250601948986,0.0,0.0,100.0,100.0
solar,2026-06-26,locked_test,25.0,150.0,6.0,50.0,39.11615013878345,71.03745618507057,True,hold current SOC,0.0,-0.0,100.0,41.43300801029252,29.982414342957725,97.91666666666666,31.52466191475943,3.469446951953614e-18,3.469446951953614e-18,100.0,100.0
solar,2026-06-27,locked_test,25.0,150.0,6.0,50.0,41.19675081004979,70.1554527109488,True,hold current SOC,0.0,-0.0,100.0,44.39375467040711,31.376984284160816,87.5,42.13212702201295,0.0,0.0,100.0,100.0
solar,2026-06-28,locked_test,25.0,150.0,6.0,50.0,39.447985900543806,70.75884332248671,True,hold current SOC,0.0,-0.0,100.0,41.90521857760939,30.422939958549964,93.75,41.24234528405215,0.0,0.0,100.0,100.0
solar,2026-06-29,locked_test,25.0,150.0,6.0,50.0,41.16948033556297,70.5644882183409,True,hold current SOC,0.0,-0.0,100.0,44.35494810489377,30.73024236053996,68.75,66.91732093328122,9.618320759996525,9.618320759996525,85.62656031973201,85.62656031973201
solar,2026-06-30,locked_test,25.0,150.0,6.0,50.0,43.12182966825335,68.72933677672064,True,hold current SOC,0.0,-0.0,100.0,47.1331899107189,33.631871563970726,68.75,35.320615257380275,0.0,0.0,100.0,100.0
mixed,2025-05-01,development_oof,25.0,200.0,8.0,50.0,25.136703799133187,75.0922013960359,True,hold current SOC,0.0,-0.0,100.0,28.71987616355083,31.428398991736675,97.91666666666666,28.55373737586609,0.0,0.0,100.0,100.0
mixed,2025-05-02,development_oof,25.0,200.0,8.0,50.0,25.080519806437188,75.64175008601578,True,hold current SOC,0.0,-0.0,100.0,28.613274532573854,30.26984862807123,89.58333333333334,39.53114902627884,0.0,0.0,100.0,100.0
mixed,2025-05-03,development_oof,25.0,200.0,8.0,50.0,25.158102967816454,73.95403872581115,True,hold current SOC,0.0,-0.0,100.0,28.760478231394792,33.82785658219624,97.91666666666666,23.196949757262992,0.0,0.0,100.0,100.0
mixed,2025-05-04,development_oof,25.0,200.0,8.0,50.0,25.29350823165383,74.89738226575889,True,hold current SOC,0.0,-0.0,100.0,29.01739165593607,31.839113780702284,68.75,49.64041482684388,0.0,0.0,100.0,100.0
mixed,2025-05-05,development_oof,25.0,200.0,8.0,50.0,25.968996414416367,76.2604149341162,True,hold current SOC,0.0,-0.0,100.0,30.299040369970694,28.9655886092183,95.83333333333334,33.63315064411297,0.0,0.0,100.0,100.0
mixed,2025-05-06,development_oof,25.0,200.0,8.0,50.0,25.02754978586441,77.36340050190024,True,hold current SOC,0.0,-0.0,100.0,28.512770984944282,26.64029086222388,85.41666666666666,25.742937870983745,0.0,0.0,100.0,100.0
mixed,2025-05-07,development_oof,25.0,200.0,8.0,50.0,25.040029970993437,76.970237528689,True,hold current SOC,0.0,-0.0,100.0,28.536450471321256,27.469151186884755,81.25,38.49801920852537,0.0,0.0,100.0,100.0
mixed,2025-05-08,development_oof,25.0,200.0,8.0,50.0,25.101897994714996,76.9133013191929,True,hold current SOC,0.0,-0.0,100.0,28.65383679289733,27.58918325578086,85.41666666666666,39.6414683861748,0.0,0.0,100.0,100.0
mixed,2025-05-09,development_oof,25.0,200.0,8.0,50.0,26.382602775650774,75.28508994835526,True,hold current SOC,0.0,-0.0,100.0,31.083803263711765,31.02175421846886,97.91666666666666,20.876241036517825,0.0,0.0,100.0,100.0
mixed,2025-05-10,development_oof,25.0,200.0,8.0,50.0,26.423834946865313,75.1447715632704,True,hold current SOC,0.0,-0.0,100.0,31.16203580805894,31.31757134811205,66.66666666666666,42.787782841965175,0.0,0.0,100.0,100.0
mixed,2025-05-11,development_oof,25.0,200.0,8.0,50.0,26.27939903691734,74.79008261930275,True,hold current SOC,0.0,-0.0,100.0,30.887987937246198,32.065321297323784,41.66666666666667,90.16524221832387,14.084430840177266,14.084430840177266,84.37931236731603,84.37931236731603
mixed,2025-05-12,development_oof,25.0,200.0,8.0,50.0,26.78558509614749,75.3090794170563,True,hold current SOC,0.0,-0.0,100.0,31.848408457441494,30.971179977833785,93.75,29.541250584305544,0.0,0.0,100.0,100.0
mixed,2025-05-13,development_oof,25.0,200.0,8.0,50.0,26.792077220395797,75.03678585962392,True,hold current SOC,0.0,-0.0,100.0,31.86072639712797,31.545225200284595,97.91666666666666,34.72075941736708,0.0,0.0,100.0,100.0
mixed,2025-05-14,development_oof,25.0,200.0,8.0,50.0,26.801422127921185,74.28796986351685,True,hold current SOC,0.0,-0.0,100.0,31.87845711251031,33.12386793099533,100.0,25.868930507694483,0.0,0.0,100.0,100.0
mixed,2025-05-15,development_oof,25.0,200.0,8.0,50.0,26.64010315754228,75.13331190561618,True,hold current SOC,0.0,-0.0,100.0,31.57237588679596,31.341730427707454,50.0,73.3425336393486,0.0,0.0,100.0,100.0
mixed,2025-05-16,development_oof,25.0,200.0,8.0,50.0,27.69163160130029,75.69629037285709,True,hold current SOC,0.0,-0.0,100.0,33.567510830832504,30.15486760763294,66.66666666666666,55.91628341320993,0.0,0.0,100.0,100.0
mixed,2025-05-17,development_oof,25.0,200.0,8.0,50.0,27.209838648254017,75.89165792973664,True,hold current SOC,0.0,-0.0,100.0,32.65337297548563,29.74299663387169,89.58333333333334,33.30747380868325,0.0,0.0,100.0,100.0
mixed,2025-05-18,development_oof,25.0,200.0,8.0,50.0,27.012027205032208,75.10450182560234,True,hold current SOC,0.0,-0.0,100.0,32.278052150790046,31.402467409317726,81.25,48.29097124395237,0.0,0.0,100.0,100.0
mixed,2025-05-19,development_oof,25.0,200.0,8.0,50.0,26.948078732669327,76.04702168808168,True,hold current SOC,0.0,-0.0,100.0,32.15671845545702,29.41546107239547,77.08333333333334,47.55008794509457,0.0,0.0,100.0,100.0
mixed,2025-05-20,development_oof,25.0,200.0,8.0,50.0,26.990407358756844,76.78829895708623,True,hold current SOC,0.0,-0.0,100.0,32.23703137665432,27.85271137388633,93.75,26.015960858601517,0.0,0.0,100.0,100.0
mixed,2025-05-21,development_oof,25.0,200.0,8.0,50.0,26.223527127338688,77.37705090960799,True,hold current SOC,0.0,-0.0,100.0,30.781978442351285,26.61151327599294,77.08333333333334,37.73008428546085,0.0,0.0,100.0,100.0
mixed,2025-05-22,development_oof,25.0,200.0,8.0,50.0,25.538304250238667,77.46367096328166,True,hold current SOC,0.0,-0.0,100.0,29.48185944445747,26.42890216888974,97.91666666666666,22.436405527303922,0.0,0.0,100.0,100.0
mixed,2025-05-23,development_oof,25.0,200.0,8.0,50.0,26.218431455938674,76.73863799999944,True,hold current SOC,0.0,-0.0,100.0,30.772310085652197,27.95740586400509,85.41666666666666,26.323564170568027,0.0,0.0,100.0,100.0
mixed,2025-05-24,development_oof,25.0,200.0,8.0,50.0,27.515787961025538,74.37279094687975,True,hold current SOC,0.0,-0.0,100.0,33.23387098163839,32.94504938630881,66.66666666666666,67.93304050132508,0.0,0.0,100.0,100.0
mixed,2025-05-25,development_oof,25.0,200.0,8.0,50.0,27.713707075695353,73.07545395883116,True,hold current SOC,0.0,-0.0,100.0,33.60939609854278,35.68007590298626,43.75,90.46863872457862,5.865311994841328,5.865311994841328,93.51674560651057,93.51674560651057
mixed,2025-05-26,development_oof,25.0,200.0,8.0,50.0,27.355586349437136,71.9586005119758,True,hold current SOC,0.0,-0.0,100.0,32.929909795168996,38.034609706101435,91.66666666666666,50.71123461728036,0.0,0.0,100.0,100.0
mixed,2025-05-27,development_oof,25.0,200.0,8.0,50.0,26.791145234187002,74.97474077442129,True,hold current SOC,0.0,-0.0,100.0,31.858958077627385,31.676027724857583,45.83333333333333,93.21500544255076,14.326817216194351,14.326817216194351,84.63035307655042,84.63035307655042
mixed,2025-05-28,development_oof,25.0,200.0,8.0,50.0,28.657007068136007,74.55678957295584,True,hold current SOC,0.0,-0.0,100.0,35.399181994302026,32.55714622314741,62.5,63.121421410565304,0.0,0.0,100.0,100.0
mixed,2025-05-29,development_oof,25.0,200.0,8.0,50.0,29.08393081457461,72.56280112832059,True,hold current SOC,0.0,-0.0,100.0,36.20921284987694,36.76084296521671,18.75,148.65449718808236,64.32709291692555,64.32709291692555,56.727112779146616,56.727112779146616
mixed,2025-05-30,development_oof,25.0,200.0,8.0,50.0,28.90551967904546,71.46085804115549,True,hold current SOC,0.0,-0.0,100.0,35.87070152095147,39.083942970096146,72.91666666666666,69.99151089350477,0.0,0.0,100.0,100.0
mixed,2025-05-31,development_oof,25.0,200.0,8.0,50.0,30.21087388841271,70.31880325355581,True,hold current SOC,0.0,-0.0,100.0,38.34743699388476,41.49160586443935,95.83333333333334,34.031786336127766,0.0,0.0,100.0,100.0
mixed,2025-06-01,development_oof,25.0,200.0,8.0,50.0,29.522950274834578,69.60425925219357,True,hold current SOC,0.0,-0.0,100.0,37.042193708812505,42.99799688624944,81.25,55.437683332385035,0.0,0.0,100.0,100.0
mixed,2025-06-02,development_oof,25.0,200.0,8.0,50.0,30.235966145119804,71.70990185888051,True,hold current SOC,0.0,-0.0,100.0,38.39504620358159,38.55891250263291,85.41666666666666,54.56540389599505,0.0,0.0,100.0,100.0
mixed,2025-06-03,development_oof,25.0,200.0,8.0,50.0,30.126126391284917,69.6358506635336,True,hold current SOC,0.0,-0.0,100.0,38.18663992373132,42.931396343360284,75.0,60.88393155134736,0.0,0.0,100.0,100.0
mixed,2025-06-04,development_oof,25.0,200.0,8.0,50.0,30.378516148481182,70.77500409634695,True,hold current SOC,0.0,-0.0,100.0,38.66551581823356,40.52985004196711,91.66666666666666,45.05580818199638,0.0,0.0,100.0,100.0
mixed,2025-06-05,development_oof,25.0,200.0,8.0,50.0,27.880158392381578,73.94592529167403,True,hold current SOC,0.0,-0.0,100.0,33.925215266700256,33.84496120320893,39.58333333333333,127.58514654953682,47.835583717801974,47.835583717801974,62.50693359573083,62.50693359573083
mixed,2025-06-06,development_oof,25.0,200.0,8.0,50.0,31.303368816579813,71.5782793743895,True,hold current SOC,0.0,-0.0,100.0,40.42030037699882,38.8363970641541,52.083333333333336,94.62905108162062,15.220470175456871,15.220470175456871,83.91564746609504,83.91564746609504
mixed,2025-06-07,development_oof,25.0,200.0,8.0,50.0,27.24296685064642,75.26337129848338,True,hold current SOC,0.0,-0.0,100.0,32.71622932009386,31.0675411526681,22.916666666666664,105.22977530323809,29.335111459196952,29.335111459196952,72.1228032895987,72.1228032895987
mixed,2025-06-08,development_oof,25.0,200.0,8.0,50.0,33.141439261976274,73.63452444540738,True,hold current SOC,0.0,-0.0,100.0,43.9077938413746,34.501451829546646,75.0,65.74307209581409,0.0,0.0,100.0,100.0
mixed,2025-06-09,development_oof,25.0,200.0,8.0,50.0,28.79035034276576,75.82504736164351,True,hold current SOC,0.0,-0.0,100.0,35.65218306939924,29.883424041479703,33.33333333333333,109.0614252085458,0.0,0.0,100.0,100.0
mixed,2025-06-10,development_oof,25.0,200.0,8.0,50.0,32.901680796911265,73.73948626436805,True,hold current SOC,0.0,-0.0,100.0,43.4528841386278,34.280172886033306,87.5,45.56917894845208,0.0,0.0,100.0,100.0
mixed,2025-06-11,development_oof,25.0,200.0,8.0,50.0,31.466305611019802,74.85176346658658,True,hold current SOC,0.0,-0.0,100.0,40.72945120804503,31.935286653706513,95.83333333333334,32.01019135219116,0.0,0.0,100.0,100.0
mixed,2025-06-12,development_oof,25.0,200.0,8.0,50.0,32.129830237310834,74.38773380737095,True,hold current SOC,0.0,-0.0,100.0,41.98840066966005,32.91354707036858,60.416666666666664,115.15601756100953,4.665657920822531,4.665657920822531,95.94840285410993,95.94840285410993
mixed,2025-06-13,development_oof,25.0,200.0,8.0,50.0,32.744101963041786,72.51705978291793,True,hold current SOC,0.0,-0.0,100.0,43.15389932299129,36.85727418835863,50.0,84.80693290264301,0.0,0.0,100.0,100.0
mixed,2025-06-14,development_oof,25.0,200.0,8.0,50.0,32.53478072054148,72.32629504485524,True,hold current SOC,0.0,-0.0,100.0,42.75674018961684,37.259441568040984,72.91666666666666,57.54285175932669,0.0,0.0,100.0,100.0
mixed,2025-06-15,development_oof,25.0,200.0,8.0,50.0,32.00685548832476,72.66052993982873,True,hold current SOC,0.0,-0.0,100.0,41.75507248876997,36.55481254029203,83.33333333333334,46.396380499224115,0.0,0.0,100.0,100.0
mixed,2025-06-16,development_oof,25.0,200.0,8.0,50.0,30.225153685342807,73.66253737892833,True,hold current SOC,0.0,-0.0,100.0,38.37453100357904,34.44239538030056,100.0,31.342973277768202,0.0,0.0,100.0,100.0
mixed,2025-06-17,development_oof,25.0,200.0,8.0,50.0,32.566189259403316,71.95962269028281,True,hold current SOC,0.0,-0.0,100.0,42.816333702085636,38.032454765018116,58.333333333333336,71.18687548842601,0.0,0.0,100.0,100.0
mixed,2025-06-18,development_oof,25.0,200.0,8.0,50.0,30.316823288438282,73.84953782490436,True,hold current SOC,0.0,-0.0,100.0,38.54846184637023,34.0481638251329,68.75,55.49455123003499,0.0,0.0,100.0,100.0
mixed,2025-06-19,development_oof,25.0,200.0,8.0,50.0,30.177768316159632,74.05961145601027,True,hold current SOC,0.0,-0.0,100.0,38.284623586946964,33.605289724708456,85.41666666666666,40.31903099490631,0.0,0.0,100.0,100.0
mixed,2025-06-20,development_oof,25.0,200.0,8.0,50.0,28.56882171155842,74.57150256979186,True,hold current SOC,0.0,-0.0,100.0,35.23186204446646,32.52612850234162,70.83333333333334,55.485033948555,0.0,0.0,100.0,100.0
mixed,2025-06-21,development_oof,25.0,200.0,8.0,50.0,30.439522484803113,74.01000354687667,True,hold current SOC,0.0,-0.0,100.0,38.7812672029213,33.70987237992233,58.333333333333336,93.60834925822638,5.266054899138864,5.266054899138864,94.37437478508247,94.37437478508247
mixed,2025-06-22,development_oof,25.0,200.0,8.0,50.0,35.09802633577378,70.58874863362607,True,hold current SOC,0.0,-0.0,100.0,47.62015679756104,40.92251103453148,60.416666666666664,81.46262023755722,0.0,0.0,100.0,100.0
mixed,2025-06-23,development_oof,25.0,200.0,8.0,50.0,35.286396333028804,69.71277405984716,True,hold current SOC,0.0,-0.0,100.0,47.97756373806037,42.769227584889194,89.58333333333334,47.929417840877164,0.0,0.0,100.0,100.0
mixed,2025-06-24,development_oof,25.0,200.0,8.0,50.0,34.10221914075131,72.71466948539614,True,hold current SOC,0.0,-0.0,100.0,45.73074548956834,36.44067635663905,35.41666666666667,108.74835199518924,14.934984936612356,14.934984936612356,86.2664723992571,86.2664723992571
mixed,2025-06-25,development_oof,25.0,200.0,8.0,50.0,27.187753112076123,75.04401250614048,True,hold current SOC,0.0,-0.0,100.0,32.61146861688472,31.529990091726432,75.0,50.31295303943633,0.0,0.0,100.0,100.0
mixed,2025-06-26,development_oof,25.0,200.0,8.0,50.0,34.66660724435303,69.64282437950413,True,hold current SOC,0.0,-0.0,100.0,46.80159662457906,42.916694459212295,77.08333333333334,66.24709728542874,0.0,0.0,100.0,100.0
mixed,2025-06-27,development_oof,25.0,200.0,8.0,50.0,34.72698883803571,68.69392690116251,True,hold current SOC,0.0,-0.0,100.0,46.91616264345191,44.917145990912175,52.083333333333336,101.95443873752896,13.963230173452894,13.963230173452894,86.30444113433867,86.30444113433867
mixed,2025-06-28,development_oof,25.0,200.0,8.0,50.0,34.508361022284916,66.83214783747621,True,hold current SOC,0.0,-0.0,100.0,46.50134552886782,48.84212088508842,54.166666666666664,119.65112394573313,35.32371967457641,35.32371967457641,70.47773684884295,70.47773684884295
mixed,2025-06-29,development_oof,25.0,200.0,8.0,50.0,26.965352543795245,74.35612985363262,True,hold current SOC,0.0,-0.0,100.0,32.189493207674694,32.98017405495506,93.75,42.046471615180955,0.0,0.0,100.0,100.0
mixed,2025-06-30,development_oof,25.0,200.0,8.0,50.0,33.51934620600994,67.36700046165802,True,hold current SOC,0.0,-0.0,100.0,44.6248218534187,47.71455254846671,85.41666666666666,50.87240738243319,0.0,0.0,100.0,100.0
mixed,2025-07-01,development_oof,25.0,200.0,8.0,50.0,28.400816084906264,73.96039315822242,True,hold current SOC,0.0,-0.0,100.0,34.913093780499636,33.81446026242478,50.0,64.24024320716258,0.0,0.0,100.0,100.0
mixed,2025-07-02,development_oof,25.0,200.0,8.0,50.0,30.415449284147666,73.71308165805469,True,hold current SOC,0.0,-0.0,100.0,38.73559151613642,34.33583868381351,58.333333333333336,63.83426151173748,0.0,0.0,100.0,100.0
mixed,2025-07-03,development_oof,25.0,200.0,8.0,50.0,33.71067136674654,68.72397855238322,True,hold current SOC,0.0,-0.0,100.0,44.98783582239398,44.85379154737457,100.0,26.9794978844162,0.0,0.0,100.0,100.0
mixed,2025-07-04,development_oof,25.0,200.0,8.0,50.0,34.535854583896686,64.46968567588328,True,hold current SOC,0.0,-0.0,100.0,46.55351089427785,53.82262842948738,56.25,118.79644493440148,34.422323693804,34.422323693804,71.02411295825245,71.02411295825245
mixed,2025-07-05,development_oof,25.0,200.0,8.0,50.0,34.41977221373443,64.89973521805335,True,hold current SOC,0.0,-0.0,100.0,46.33326008273575,52.91600438950735,68.75,91.98551042470851,0.0,0.0,100.0,100.0
mixed,2025-07-06,development_oof,25.0,200.0,8.0,50.0,29.338900858021347,71.84328559711585,True,hold current SOC,0.0,-0.0,100.0,36.6929844933192,38.27771489219865,47.91666666666667,77.67189585880371,0.5364313523047191,0.5364313523047191,99.30936235510477,99.30936235510477
mixed,2025-07-07,development_oof,25.0,200.0,8.0,50.0,34.30544861135971,64.6245617482034,True,hold current SOC,0.0,-0.0,100.0,46.116346298444014,53.49612100042568,87.5,58.382849134390334,0.0,0.0,100.0,100.0
mixed,2025-07-08,development_oof,25.0,200.0,8.0,50.0,31.653091507806625,72.04845973943186,True,hold current SOC,0.0,-0.0,100.0,41.08385252923112,37.845169821071906,100.0,23.165043075734417,0.0,0.0,100.0,100.0
mixed,2025-07-09,development_oof,25.0,200.0,8.0,50.0,30.511614801667292,72.2408956906464,True,hold current SOC,0.0,-0.0,100.0,38.91805275677493,37.439479214712605,100.0,23.710023992442103,0.0,0.0,100.0,100.0
mixed,2025-07-10,development_oof,25.0,200.0,8.0,50.0,30.24780649607287,72.38808268029308,True,hold current SOC,0.0,-0.0,100.0,38.41751168996605,37.12918179522782,91.66666666666666,26.32419897917284,0.0,0.0,100.0,100.0
mixed,2025-07-11,development_oof,25.0,200.0,8.0,50.0,30.067854604660287,72.47726251710661,True,hold current SOC,0.0,-0.0,100.0,38.07607698229462,36.94117419143257,75.0,30.187060504392598,0.0,0.0,100.0,100.0
mixed,2025-07-12,development_oof,25.0,200.0,8.0,50.0,30.64328375600185,72.59788285862041,True,hold current SOC,0.0,-0.0,100.0,39.16787703247287,36.68688418387859,87.5,27.7117938190262,0.0,0.0,100.0,100.0
mixed,2025-07-13,development_oof,25.0,200.0,8.0,50.0,29.78687794949928,72.67238218384172,True,hold current SOC,0.0,-0.0,100.0,37.54296126250793,36.529825815981965,70.83333333333334,49.68325803564997,0.0,0.0,100.0,100.0
mixed,2025-07-14,development_oof,25.0,200.0,8.0,50.0,32.94875544313847,68.38162059775202,True,hold current SOC,0.0,-0.0,100.0,43.54220199990257,45.57554548851536,85.41666666666666,55.0551195417204,0.0,0.0,100.0,100.0
mixed,2025-07-15,development_oof,25.0,200.0,8.0,50.0,31.190263060099227,72.24824799006268,True,hold current SOC,0.0,-0.0,100.0,40.20569729282581,37.4239792065826,97.91666666666666,29.605532584607154,0.0,0.0,100.0,100.0
mixed,2025-07-16,development_oof,25.0,200.0,8.0,50.0,29.765234223036455,72.79126404488116,True,hold current SOC,0.0,-0.0,100.0,37.50189517890222,36.27920084707246,62.5,67.97181416445528,0.0,0.0,100.0,100.0
mixed,2025-07-17,development_oof,25.0,200.0,8.0,50.0,28.041670476717307,73.91116329493488,True,hold current SOC,0.0,-0.0,100.0,34.23166290038553,33.91824592701631,79.16666666666666,45.60726080807723,0.0,0.0,100.0,100.0
mixed,2025-07-18,development_oof,25.0,200.0,8.0,50.0,30.2109008002745,73.20139238869334,True,hold current SOC,0.0,-0.0,100.0,38.34748805555237,35.414574380779705,79.16666666666666,37.00147045724295,0.0,0.0,100.0,100.0
mixed,2025-07-19,development_oof,25.0,200.0,8.0,50.0,26.09169123273465,75.62467032291082,True,hold current SOC,0.0,-0.0,100.0,30.53183741976249,30.305855930276422,54.166666666666664,65.82236914390117,0.0,0.0,100.0,100.0
mixed,2025-07-20,development_oof,25.0,200.0,8.0,50.0,29.963130135140645,73.2555070055661,True,hold current SOC,0.0,-0.0,100.0,37.87737627203365,35.30049075142949,64.58333333333334,81.0936498510333,4.554826488014959,4.554826488014959,94.38325134411627,94.38325134411627
mixed,2025-07-21,development_oof,25.0,200.0,8.0,50.0,29.633299183936483,74.11571240564231,True,hold current SOC,0.0,-0.0,100.0,37.25156604285865,33.487018538218024,93.75,36.09749254896185,0.0,0.0,100.0,100.0
mixed,2025-07-22,development_oof,25.0,200.0,8.0,50.0,31.296870301747553,73.18239108871168,True,hold current SOC,0.0,-0.0,100.0,40.40797031203182,35.45463263841047,50.0,86.8315487994934,7.234452500840592,7.234452500840592,91.66840554975475,91.66840554975475
mixed,2025-07-23,development_oof,25.0,200.0,8.0,50.0,31.33222965167527,73.9959882731524,True,hold current SOC,0.0,-0.0,100.0,40.475059961444515,33.73941917125528,85.41666666666666,44.335961142351294,0.0,0.0,100.0,100.0
mixed,2025-07-24,development_oof,25.0,200.0,8.0,50.0,29.51949028001531,75.14707017987942,True,hold current SOC,0.0,-0.0,100.0,37.03562883021974,31.312725438810688,97.91666666666666,36.89974707525408,0.0,0.0,100.0,100.0
mixed,2025-07-25,development_oof,25.0,200.0,8.0,50.0,32.53910769363788,73.25977689700302,True,hold current SOC,0.0,-0.0,100.0,42.76495004383219,35.29148902989463,97.91666666666666,25.127882440027488,0.0,0.0,100.0,100.0
mixed,2025-07-26,development_oof,25.0,200.0,8.0,50.0,31.177483943262022,73.65073382383535,True,hold current SOC,0.0,-0.0,100.0,40.18145062341123,34.46727945935465,72.91666666666666,54.143906397984885,0.0,0.0,100.0,100.0
mixed,2025-07-27,development_oof,25.0,200.0,8.0,50.0,31.616190426189306,73.33884480651857,True,hold current SOC,0.0,-0.0,100.0,41.01383764961042,35.12479924062981,43.75,105.22371218489431,2.9134324335701676,2.9134324335701676,97.2312016245437,97.2312016245437
mixed,2025-07-28,development_oof,25.0,200.0,8.0,50.0,32.63120785487999,73.42218877215358,True,hold current SOC,0.0,-0.0,100.0,42.93969781326848,34.949094733538196,83.33333333333334,58.710741635515035,0.0,0.0,100.0,100.0
mixed,2025-07-29,development_oof,25.0,200.0,8.0,50.0,28.38632135425719,75.98694243716353,True,hold current SOC,0.0,-0.0,100.0,34.8855919627466,29.542119254407535,70.83333333333334,47.5534610605815,0.0,0.0,100.0,100.0
mixed,2025-07-30,development_oof,25.0,200.0,8.0,50.0,31.26115202235796,74.27677358128918,True,hold current SOC,0.0,-0.0,100.0,40.340199641847796,33.14747176643902,75.0,42.16622465218697,0.0,0.0,100.0,100.0
mixed,2025-07-31,development_oof,25.0,200.0,8.0,50.0,32.72477830126657,74.0812601461131,True,hold current SOC,0.0,-0.0,100.0,43.117235252624646,33.55965027865242,97.91666666666666,28.03582319717045,0.0,0.0,100.0,100.0
mixed,2025-08-01,development_oof,25.0,200.0,8.0,50.0,33.10015331642673,73.51689310308907,True,hold current SOC,0.0,-0.0,100.0,43.82945926740045,34.749440473512514,83.33333333333334,58.648485553944035,0.0,0.0,100.0,100.0
mixed,2025-08-02,development_oof,25.0,200.0,8.0,50.0,33.09350461282501,74.29200712943535,True,hold current SOC,0.0,-0.0,100.0,43.81684423927916,33.115356627113854,95.83333333333334,48.22945984831645,0.0,0.0,100.0,100.0
mixed,2025-08-03,development_oof,25.0,200.0,8.0,50.0,33.713267441822865,73.62662335343643,True,hold current SOC,0.0,-0.0,100.0,44.992761528524774,34.51810879396711,85.41666666666666,42.77961214903419,0.0,0.0,100.0,100.0
mixed,2025-08-04,development_oof,25.0,200.0,8.0,50.0,34.10071938945212,63.33229092898741,True,hold current SOC,0.0,-0.0,100.0,45.7278999115508,56.22046709542184,79.16666666666666,85.20512719640999,0.0,0.0,100.0,100.0
mixed,2025-08-05,development_oof,25.0,200.0,8.0,50.0,34.007916033785904,63.43296428040894,True,hold current SOC,0.0,-0.0,100.0,45.55181792450364,56.00822903530544,87.5,75.04100413302902,0.0,0.0,100.0,100.0
mixed,2025-08-11,development_oof,25.0,200.0,8.0,50.0,31.288319035723884,74.76863734656511,True,hold current SOC,0.0,-0.0,100.0,40.391745425524135,32.110531901920076,75.0,51.241197314424156,0.0,0.0,100.0,100.0
mixed,2025-08-12,development_oof,25.0,200.0,8.0,50.0,32.61616041731758,74.37975780901583,True,hold current SOC,0.0,-0.0,100.0,42.911147307880654,32.93036195131255,93.75,30.45121443777836,0.0,0.0,100.0,100.0
mixed,2025-08-13,development_oof,25.0,200.0,8.0,50.0,32.271693345037505,74.24273216892715,True,hold current SOC,0.0,-0.0,100.0,42.25756699147971,33.21923736499437,68.75,52.230028777759614,0.0,0.0,100.0,100.0
mixed,2025-08-14,development_oof,25.0,200.0,8.0,50.0,32.73542914298967,74.2724682600183,True,hold current SOC,0.0,-0.0,100.0,43.137443803930424,33.15654818062217,87.5,33.390602593670714,0.0,0.0,100.0,100.0
mixed,2025-08-15,development_oof,25.0,200.0,8.0,50.0,31.928746452340057,74.89098711145076,True,hold current SOC,0.0,-0.0,100.0,41.60687101303893,31.85259594977026,100.0,24.08735112353753,0.0,0.0,100.0,100.0
mixed,2025-08-16,development_oof,25.0,200.0,8.0,50.0,32.34013179614358,74.70422249296803,True,hold current SOC,0.0,-0.0,100.0,42.38741982249727,32.24633033692881,70.83333333333334,73.74772841668417,0.0,0.0,100.0,100.0
mixed,2025-08-17,development_oof,25.0,200.0,8.0,50.0,33.07226955409773,74.2337180627887,True,hold current SOC,0.0,-0.0,100.0,43.776553548183784,33.23824076930636,62.5,53.168861627744704,0.0,0.0,100.0,100.0
mixed,2025-08-18,development_oof,25.0,200.0,8.0,50.0,30.47889595036735,75.09470204578292,True,hold current SOC,0.0,-0.0,100.0,38.855973101255614,31.423127159182734,52.083333333333336,81.66319865125294,0.0,0.0,100.0,100.0
mixed,2025-08-19,development_oof,25.0,200.0,8.0,50.0,32.41983865946938,74.70126333963587,True,hold current SOC,0.0,-0.0,100.0,42.53865296245163,32.252568779912316,97.91666666666666,42.865011391314965,0.0,0.0,100.0,100.0
mixed,2025-08-20,development_oof,25.0,200.0,8.0,50.0,33.27506965048266,74.60743954751703,True,hold current SOC,0.0,-0.0,100.0,44.16133967675062,32.450366701118796,93.75,54.29084491255904,0.0,0.0,100.0,100.0
mixed,2025-08-21,development_oof,25.0,200.0,8.0,50.0,30.33105755549126,76.336456798878,True,hold current SOC,0.0,-0.0,100.0,38.575469469196534,28.805278282435772,100.0,27.43616916214648,0.0,0.0,100.0,100.0
mixed,2025-08-22,development_oof,25.0,200.0,8.0,50.0,31.252150880522258,75.54285933164952,True,hold current SOC,0.0,-0.0,100.0,40.32312117600197,30.47832864362431,64.58333333333334,45.83128085472809,0.0,0.0,100.0,100.0
mixed,2025-08-23,development_oof,25.0,200.0,8.0,50.0,27.797777978783493,77.20347821232366,True,hold current SOC,0.0,-0.0,100.0,33.76890942176626,26.97743665135123,56.25,51.84979571494068,0.0,0.0,100.0,100.0
mixed,2025-08-24,development_oof,25.0,200.0,8.0,50.0,30.682027225460757,75.8226167624269,True,hold current SOC,0.0,-0.0,100.0,39.24138759724126,29.88854819454871,85.41666666666666,32.98741700009916,0.0,0.0,100.0,100.0
mixed,2025-08-25,development_oof,25.0,200.0,8.0,50.0,34.319086972508984,68.20361962104306,True,hold current SOC,0.0,-0.0,100.0,46.14222326931422,45.95080449660529,89.58333333333334,55.716474359583266,0.0,0.0,100.0,100.0
mixed,2025-08-26,development_oof,25.0,200.0,8.0,50.0,34.134060415801954,72.01749111614467,True,hold current SOC,0.0,-0.0,100.0,45.791160061226705,37.91045741146343,95.83333333333334,41.53755986193792,0.0,0.0,100.0,100.0
mixed,2025-08-27,development_oof,25.0,200.0,8.0,50.0,33.37780881214241,73.49837349365289,True,hold current SOC,0.0,-0.0,100.0,44.35627353019525,34.78848323830922,89.58333333333334,36.87188588004744,0.0,0.0,100.0,100.0
mixed,2025-08-28,development_oof,25.0,200.0,8.0,50.0,34.062031677631936,72.65049679586298,True,hold current SOC,0.0,-0.0,100.0,45.654495139463606,36.57596426497482,97.91666666666666,48.413208918861,0.0,0.0,100.0,100.0
mixed,2025-08-29,development_oof,25.0,200.0,8.0,50.0,32.94383226678522,75.06861262337156,True,hold current SOC,0.0,-0.0,100.0,43.53286092954319,31.478128490954845,93.75,32.57771846010131,0.0,0.0,100.0,100.0
mixed,2025-08-30,development_oof,25.0,200.0,8.0,50.0,33.29359664669536,74.00501395193405,True,hold current SOC,0.0,-0.0,100.0,44.19649218049069,33.720391369669244,64.58333333333334,89.26639957261753,0.0,0.0,100.0,100.0
mixed,2025-08-31,development_oof,25.0,200.0,8.0,50.0,33.623432604255385,64.33969322770989,True,hold current SOC,0.0,-0.0,100.0,44.82231190855807,54.09667657272026,83.33333333333334,47.78565809312548,0.0,0.0,100.0,100.0
mixed,2025-09-01,development_oof,25.0,200.0,8.0,50.0,33.67149168813408,66.27563437274469,True,hold current SOC,0.0,-0.0,100.0,44.91349760894873,50.015354283157365,91.66666666666666,54.17268484341453,0.0,0.0,100.0,100.0
mixed,2025-09-02,development_oof,25.0,200.0,8.0,50.0,31.69616884553665,74.71303665747956,True,hold current SOC,0.0,-0.0,100.0,41.16558603088904,32.22774844657688,93.75,26.34865937016698,0.0,0.0,100.0,100.0
mixed,2025-09-03,development_oof,25.0,200.0,8.0,50.0,32.43349722036942,74.39722774106848,True,hold current SOC,0.0,-0.0,100.0,42.56456825965418,32.89353210074272,91.66666666666666,54.76974369633254,0.0,0.0,100.0,100.0
mixed,2025-09-04,development_oof,25.0,200.0,8.0,50.0,31.151717462879628,75.08803919954771,True,hold current SOC,0.0,-0.0,100.0,40.13256216423458,31.437173672384567,97.91666666666666,28.17321017102526,0.0,0.0,100.0,100.0
mixed,2025-09-05,development_oof,25.0,200.0,8.0,50.0,32.0208815982169,74.73174664144791,True,hold current SOC,0.0,-0.0,100.0,41.781685161152566,32.18830433702672,91.66666666666666,31.81019558553041,0.0,0.0,100.0,100.0
mixed,2025-09-06,development_oof,25.0,200.0,8.0,50.0,33.180048489026845,72.26216585723789,True,hold current SOC,0.0,-0.0,100.0,43.98104969908162,37.3946377662857,56.25,102.86413893787946,0.0,0.0,100.0,100.0
mixed,2025-09-07,development_oof,25.0,200.0,8.0,50.0,32.72926983786122,73.69644574867876,True,hold current SOC,0.0,-0.0,100.0,43.125757344124494,34.37091026019759,50.0,123.46828407270631,37.382509022909595,37.382509022909595,69.72298651134061,69.72298651134061
mixed,2025-09-08,development_oof,25.0,200.0,8.0,50.0,33.07575520302631,73.66291326743504,True,hold current SOC,0.0,-0.0,100.0,43.78316710202661,34.44160293774891,60.416666666666664,65.66404658626226,0.0,0.0,100.0,100.0
mixed,2025-09-09,development_oof,25.0,200.0,8.0,50.0,32.637576569845265,73.45374619915287,True,hold current SOC,0.0,-0.0,100.0,42.95178160030369,34.882565835930016,25.0,108.44385424378945,12.143765243534453,12.143765243534453,88.80179487513011,88.80179487513011
mixed,2025-09-10,development_oof,25.0,200.0,8.0,50.0,32.573962634050915,72.64507061239325,True,hold current SOC,0.0,-0.0,100.0,42.83108264348097,36.58740366415232,35.41666666666667,113.73741044770031,28.776555524373006,28.776555524373006,74.69912897515346,74.69912897515346
mixed,2025-09-11,development_oof,25.0,200.0,8.0,50.0,33.260199659205114,67.07502167206579,True,hold current SOC,0.0,-0.0,100.0,44.13312585201629,48.33009788418041,91.66666666666666,58.31851442612826,0.0,0.0,100.0,100.0
mixed,2025-09-12,development_oof,25.0,200.0,8.0,50.0,33.23647537319664,67.17678222160391,True,hold current SOC,0.0,-0.0,100.0,44.088112184227455,48.11556780918649,83.33333333333334,61.05591544874039,0.0,0.0,100.0,100.0
mixed,2025-09-13,development_oof,25.0,200.0,8.0,50.0,32.918304864500975,70.25057930143197,True,hold current SOC,0.0,-0.0,100.0,43.48442608916383,41.63543458423244,100.0,36.79587669891117,0.0,0.0,100.0,100.0
mixed,2025-09-14,development_oof,25.0,200.0,8.0,50.0,32.869153903057935,71.8046779574985,True,hold current SOC,0.0,-0.0,100.0,43.39116869675556,38.35910694304786,89.58333333333334,47.99570733933447,0.0,0.0,100.0,100.0
mixed,2025-09-15,development_oof,25.0,200.0,8.0,50.0,33.74576834104751,65.04077294603078,True,hold current SOC,0.0,-0.0,100.0,45.05442764905685,52.61867075189138,95.83333333333334,46.80220000925842,0.0,0.0,100.0,100.0
mixed,2025-09-16,development_oof,25.0,200.0,8.0,50.0,32.54966672165904,67.7429342604403,True,hold current SOC,0.0,-0.0,100.0,42.78498439088682,46.92201451273911,81.25,64.7590273808801,0.0,0.0,100.0,100.0
mixed,2025-09-17,development_oof,25.0,200.0,8.0,50.0,32.610469009352656,72.50676616465023,True,hold current SOC,0.0,-0.0,100.0,42.90034862052321,36.87897504108546,54.166666666666664,90.56991335153147,6.242509080374758,6.242509080374758,93.10752450855779,93.10752450855779
mixed,2025-09-18,development_oof,25.0,200.0,8.0,50.0,32.394208534312405,68.15537087458577,True,hold current SOC,0.0,-0.0,100.0,42.49002321912491,46.05252178530729,83.33333333333334,74.04896199466388,0.0,0.0,100.0,100.0
mixed,2025-09-19,development_oof,25.0,200.0,8.0,50.0,31.269768077425493,72.32744512597071,True,hold current SOC,0.0,-0.0,100.0,40.3565474569231,37.257016984161766,50.0,83.78584570586975,0.0,0.0,100.0,100.0
mixed,2025-09-20,development_oof,25.0,200.0,8.0,50.0,27.85391986524024,72.88228716672162,True,hold current SOC,0.0,-0.0,100.0,33.875431161771395,36.087307257235864,64.58333333333334,86.53049226128346,0.0,0.0,100.0,100.0
mixed,2025-09-21,development_oof,25.0,200.0,8.0,50.0,31.212644006016586,71.96337510547446,True,hold current SOC,0.0,-0.0,100.0,40.24816215199856,38.024543979196665,50.0,101.85398398720992,14.200943694335713,14.200943694335713,86.0575471489471,86.0575471489471
mixed,2025-09-22,development_oof,25.0,200.0,8.0,50.0,30.893244745424994,71.89279414187709,True,hold current SOC,0.0,-0.0,100.0,39.6421446641327,38.173341715474734,79.16666666666666,52.2877751618747,0.0,0.0,100.0,100.0
mixed,2025-09-23,development_oof,25.0,200.0,8.0,50.0,27.004904648581174,74.17090083216458,True,hold current SOC,0.0,-0.0,100.0,32.264538050101,33.37067111935723,70.83333333333334,47.06484932678713,0.0,0.0,100.0,100.0
mixed,2025-09-24,development_oof,25.0,200.0,8.0,50.0,28.71002210137287,73.00315376184064,True,hold current SOC,0.0,-0.0,100.0,35.49977094745683,35.83249810149887,87.5,39.62475983133116,0.0,0.0,100.0,100.0
mixed,2025-09-25,development_oof,25.0,200.0,8.0,50.0,30.97872102339834,71.72906196313747,True,hold current SOC,0.0,-0.0,100.0,39.80432449871837,38.51851945619408,97.91666666666666,31.426388229692577,0.0,0.0,100.0,100.0
mixed,2025-09-26,development_oof,25.0,200.0,8.0,50.0,29.53137932825141,72.22219090753215,True,hold current SOC,0.0,-0.0,100.0,37.05818671320235,37.47891235989957,39.58333333333333,79.39854285483682,0.0,0.0,100.0,100.0
mixed,2025-09-27,development_oof,25.0,200.0,8.0,50.0,31.52006920345078,71.36442675409499,True,hold current SOC,0.0,-0.0,100.0,40.83146045240996,39.28723797330463,70.83333333333334,63.96089116489313,0.0,0.0,100.0,100.0
mixed,2025-09-28,development_oof,25.0,200.0,8.0,50.0,26.506891537336948,73.01380656505155,True,hold current SOC,0.0,-0.0,100.0,31.319624608405856,35.81004002042417,64.58333333333334,48.881300501446,0.0,0.0,100.0,100.0
mixed,2025-09-29,development_oof,25.0,200.0,8.0,50.0,25.868661453779882,73.58950367594142,True,hold current SOC,0.0,-0.0,100.0,30.10866816723792,34.59636394523051,83.33333333333334,40.97848390537721,0.0,0.0,100.0,100.0
mixed,2025-09-30,development_oof,25.0,200.0,8.0,50.0,26.76943515950495,73.09821703354818,True,hold current SOC,0.0,-0.0,100.0,31.817766107126804,35.63208712788336,68.75,64.58791269138398,0.0,0.0,100.0,100.0
mixed,2025-10-01,development_oof,25.0,200.0,8.0,50.0,28.71614330510431,71.2141035150402,True,hold current SOC,0.0,-0.0,100.0,35.5113851149448,39.60414718708272,79.16666666666666,70.11754785327608,0.0,0.0,100.0,100.0
mixed,2025-10-02,development_oof,25.0,200.0,8.0,50.0,31.909848646068347,71.05138318092496,True,hold current SOC,0.0,-0.0,100.0,41.571014946679405,39.94719177203456,58.333333333333336,88.80022466121626,0.9157758415534367,0.9157758415534367,98.96872350824873,98.96872350824873
mixed,2025-10-03,development_oof,25.0,200.0,8.0,50.0,31.899745038846053,69.76595928448171,True,hold current SOC,0.0,-0.0,100.0,41.5518446998357,42.65710328641395,72.91666666666666,79.93717908590207,0.0,0.0,100.0,100.0
mixed,2025-10-04,development_oof,25.0,200.0,8.0,50.0,33.136374984035555,68.57368724639818,True,hold current SOC,0.0,-0.0,100.0,43.8981850495765,45.170633440330576,75.0,100.77841659225531,16.451012321098577,16.451012321098577,83.67605596775886,83.67605596775886
mixed,2025-10-05,development_oof,25.0,200.0,8.0,50.0,32.408468109909705,68.5673608556525,True,hold current SOC,0.0,-0.0,100.0,42.51707886153781,45.1839706430803,89.58333333333334,72.71988297229206,0.0,0.0,100.0,100.0
mixed,2025-10-06,development_oof,25.0,200.0,8.0,50.0,31.03202099687403,70.70731978136878,True,hold current SOC,0.0,-0.0,100.0,39.905454087964216,40.6725411067666,77.08333333333334,65.66279144045498,0.0,0.0,100.0,100.0
mixed,2025-10-07,development_oof,25.0,200.0,8.0,50.0,29.88536551126556,69.97869385160364,True,hold current SOC,0.0,-0.0,100.0,37.729828272334714,42.20861944031043,93.75,52.369169947374324,0.0,0.0,100.0,100.0
mixed,2025-10-08,development_oof,25.0,200.0,8.0,50.0,26.79275280009978,71.86889948339304,True,hold current SOC,0.0,-0.0,100.0,31.86200821949131,38.223716078622374,100.0,40.611339709261244,0.0,0.0,100.0,100.0
mixed,2025-10-09,development_oof,25.0,200.0,8.0,50.0,31.296484399617963,70.7370681681126,True,hold current SOC,0.0,-0.0,100.0,40.40723811422177,40.60982600088258,95.83333333333334,40.571571961516185,0.0,0.0,100.0,100.0
mixed,2025-10-10,development_oof,25.0,200.0,8.0,50.0,28.08389690522051,71.04098370433557,True,hold current SOC,0.0,-0.0,100.0,34.311781915300145,39.96911579369859,50.0,79.27451728528062,0.0,0.0,100.0,100.0
mixed,2025-10-11,development_oof,25.0,200.0,8.0,50.0,24.924149204261724,74.10541465227816,True,hold current SOC,0.0,-0.0,100.0,28.316582175393933,33.508728108493614,66.66666666666666,49.91206506837012,0.0,0.0,100.0,100.0
mixed,2025-10-12,development_oof,25.0,200.0,8.0,50.0,23.165411836894183,75.46045136411792,True,hold current SOC,0.0,-0.0,100.0,24.979612643236088,30.65205989345436,52.083333333333336,53.189555078727395,0.0,0.0,100.0,100.0
mixed,2025-10-13,development_oof,25.0,200.0,8.0,50.0,19.60842379378252,79.04492289819359,True,hold current SOC,0.0,-0.0,100.0,18.230702347505265,23.09533038964304,81.25,35.28723143861819,0.0,0.0,100.0,100.0
mixed,2025-10-14,development_oof,25.0,200.0,8.0,50.0,19.354961992186748,79.36466382715004,True,hold current SOC,0.0,-0.0,100.0,17.74979239176986,22.421257325189398,52.083333333333336,42.727661452414196,0.0,0.0,100.0,100.0
mixed,2025-10-15,development_oof,25.0,200.0,8.0,50.0,19.811055920171903,79.13714897389318,True,hold current SOC,0.0,-0.0,100.0,18.6151697754134,22.900900750396502,85.41666666666666,30.39081137095789,0.0,0.0,100.0,100.0
mixed,2025-10-16,development_oof,25.0,200.0,8.0,50.0,21.5187735194444,77.63263560731737,True,hold current SOC,0.0,-0.0,100.0,21.85533610384688,26.072693422761432,77.08333333333334,31.685231557477238,0.0,0.0,100.0,100.0
mixed,2025-10-17,development_oof,25.0,200.0,8.0,50.0,20.848606395785666,77.83319827789262,True,hold current SOC,0.0,-0.0,100.0,20.583783389611682,25.649870187678893,39.58333333333333,69.47039400137601,0.0,0.0,100.0,100.0
mixed,2025-10-18,development_oof,25.0,200.0,8.0,50.0,28.49655135346112,71.70026062916448,True,hold current SOC,0.0,-0.0,100.0,35.094738681124376,38.5792379995313,60.416666666666664,73.13278000574519,0.0,0.0,100.0,100.0
mixed,2025-10-19,development_oof,25.0,200.0,8.0,50.0,32.8052473073152,70.36044022151069,True,hold current SOC,0.0,-0.0,100.0,43.26991445672276,41.403827428705476,45.83333333333333,113.54483414112886,29.2174298699721,29.2174298699721,74.26793557718642,74.26793557718642
mixed,2025-10-20,development_oof,25.0,200.0,8.0,50.0,24.706629656858244,75.17381538412896,True,hold current SOC,0.0,-0.0,100.0,27.90386785215155,31.25634159753408,72.91666666666666,42.99131818863124,0.0,0.0,100.0,100.0
mixed,2025-10-21,development_oof,25.0,200.0,8.0,50.0,30.88592706415761,70.04167247382335,True,hold current SOC,0.0,-0.0,100.0,39.62826034013505,42.07584884690136,87.5,47.12185143625348,0.0,0.0,100.0,100.0
mixed,2025-10-22,development_oof,25.0,200.0,8.0,50.0,28.18970705163036,71.45654469245792,True,hold current SOC,0.0,-0.0,100.0,34.512542552626755,39.093036307580704,81.25,52.59962407207512,0.0,0.0,100.0,100.0
mixed,2025-10-23,development_oof,25.0,200.0,8.0,50.0,32.25556742339379,70.33505242736986,True,hold current SOC,0.0,-0.0,100.0,42.2269702064216,41.457349598207124,81.25,59.325079793978944,0.0,0.0,100.0,100.0
mixed,2025-10-24,development_oof,25.0,200.0,8.0,50.0,31.584600608613606,69.10411869991431,True,hold current SOC,0.0,-0.0,100.0,40.95390018496536,44.052385749860775,85.41666666666666,79.4502333947535,0.0,0.0,100.0,100.0
mixed,2025-10-25,development_oof,25.0,200.0,8.0,50.0,31.559345162950823,68.34185716334174,True,hold current SOC,0.0,-0.0,100.0,40.90598134599515,45.65937416873348,68.75,84.16668114724055,0.0,0.0,100.0,100.0
mixed,2025-10-26,development_oof,25.0,200.0,8.0,50.0,32.85726460165456,68.03791192464858,True,hold current SOC,0.0,-0.0,100.0,43.36861033342183,46.30014699422276,66.0,87.26247891426604,0.0,0.0,100.0,100.0
mixed,2025-10-27,development_oof,25.0,200.0,8.0,50.0,32.22587042926277,69.37130770984382,True,hold current SOC,0.0,-0.0,100.0,42.170624121752795,43.48910185843239,68.75,80.45270701882373,0.0,0.0,100.0,100.0
mixed,2025-10-28,development_oof,25.0,200.0,8.0,50.0,32.34216184453503,68.03661955951615,True,hold current SOC,0.0,-0.0,100.0,42.39127156850369,46.302871539147475,91.66666666666666,43.05952149222133,0.0,0.0,100.0,100.0
mixed,2025-10-29,development_oof,25.0,200.0,8.0,50.0,28.274967856103693,70.61464961944651,True,hold current SOC,0.0,-0.0,100.0,34.67431355499116,40.867906961973944,72.91666666666666,70.9939185448875,0.0,0.0,100.0,100.0
mixed,2025-10-30,development_oof,25.0,200.0,8.0,50.0,31.350434399843476,69.44137357860339,True,hold current SOC,0.0,-0.0,100.0,40.5096010425093,43.34139003741994,68.75,82.9647367218811,0.0,0.0,100.0,100.0
mixed,2025-10-31,development_oof,25.0,200.0,8.0,50.0,32.35430002754896,69.6180358904983,True,hold current SOC,0.0,-0.0,100.0,42.41430215149168,42.96895318255395,87.5,70.76297100689821,0.0,0.0,100.0,100.0
mixed,2025-11-01,development_oof,25.0,200.0,8.0,50.0,32.02710722119283,69.43472888623822,True,hold current SOC,0.0,-0.0,100.0,41.793497450227,43.35539827890332,87.5,79.35772179628873,0.0,0.0,100.0,100.0
mixed,2025-11-02,development_oof,25.0,200.0,8.0,50.0,31.5127499011181,68.71631568822791,True,hold current SOC,0.0,-0.0,100.0,40.81757305265717,44.869946283462056,79.16666666666666,73.1840779138631,0.0,0.0,100.0,100.0
mixed,2025-11-03,development_oof,25.0,200.0,8.0,50.0,31.78949607294733,69.00724163830392,True,hold current SOC,0.0,-0.0,100.0,41.34266199468478,44.256620528336285,87.5,99.6188684535665,15.291464182409708,15.291464182409708,84.65003224812051,84.65003224812051
mixed,2025-11-04,development_oof,25.0,200.0,8.0,50.0,32.5216073006095,68.91385867100112,True,hold current SOC,0.0,-0.0,100.0,42.731745382681495,44.45348910923087,72.91666666666666,102.13523089329087,0.0,0.0,100.0,100.0
mixed,2025-11-05,development_oof,25.0,200.0,8.0,50.0,30.762518285336412,69.7925355499544,True,hold current SOC,0.0,-0.0,100.0,39.39410864553409,42.60107559935062,83.33333333333334,59.040941122951395,0.0,0.0,100.0,100.0
mixed,2025-11-06,development_oof,25.0,200.0,8.0,50.0,22.314803919445467,77.7316459740648,True,hold current SOC,0.0,-0.0,100.0,23.365697594289834,25.863961242167793,72.91666666666666,48.99869763292748,0.0,0.0,100.0,100.0
mixed,2025-11-07,development_oof,25.0,200.0,8.0,50.0,23.719553830164106,76.38275441880289,True,hold current SOC,0.0,-0.0,100.0,26.031023150763275,28.7076743296308,87.5,37.551685252604436,0.0,0.0,100.0,100.0
mixed,2025-11-08,development_oof,25.0,200.0,8.0,50.0,21.112020440424857,77.37066057512381,True,hold current SOC,0.0,-0.0,100.0,21.08357639885395,26.624985283979832,83.33333333333334,41.80539762232188,0.0,0.0,100.0,100.0
mixed,2025-11-09,development_oof,25.0,200.0,8.0,50.0,31.846560307154977,68.6162786085593,True,hold current SOC,0.0,-0.0,100.0,41.45093376650246,45.08084296494508,70.83333333333334,81.32523353788986,0.0,0.0,100.0,100.0
mixed,2025-11-10,development_oof,25.0,200.0,8.0,50.0,26.942963160509812,72.56504181065233,True,hold current SOC,0.0,-0.0,100.0,32.14701233972161,36.756119192095895,87.5,42.73449704924452,0.0,0.0,100.0,100.0
mixed,2025-11-11,development_oof,25.0,200.0,8.0,50.0,32.32827934724427,69.18089010888298,True,hold current SOC,0.0,-0.0,100.0,42.36493138187373,43.89053740884661,85.41666666666666,57.94430842212482,0.0,0.0,100.0,100.0
mixed,2025-11-12,development_oof,25.0,200.0,8.0,50.0,30.13770268489386,70.24342464334403,True,hold current SOC,0.0,-0.0,100.0,38.208604396531584,41.65051792785755,83.33333333333334,67.98093482728906,0.0,0.0,100.0,100.0
mixed,2025-11-13,development_oof,25.0,200.0,8.0,50.0,32.528720701129785,69.30502344671956,True,hold current SOC,0.0,-0.0,100.0,42.74524211121337,43.62884135476476,66.66666666666666,86.84340062031777,0.0,0.0,100.0,100.0
mixed,2025-11-14,development_oof,25.0,200.0,8.0,50.0,32.983458498066405,68.60497493628725,True,hold current SOC,0.0,-0.0,100.0,43.60804641710549,45.104673198480924,97.91666666666666,51.23244383486309,0.0,0.0,100.0,100.0
mixed,2025-11-15,development_oof,25.0,200.0,8.0,50.0,33.971391625242106,67.933869574973,True,hold current SOC,0.0,-0.0,100.0,45.48251773179029,46.519487526283115,100.0,24.23701701186583,0.0,0.0,100.0,100.0
mixed,2025-11-16,development_oof,25.0,200.0,8.0,50.0,22.615748915414834,76.70396165493426,True,hold current SOC,0.0,-0.0,100.0,23.936700576905874,28.03051001822903,100.0,35.05875876583296,0.0,0.0,100.0,100.0
mixed,2025-11-17,development_oof,25.0,200.0,8.0,50.0,30.239794949287347,70.28706025421351,True,hold current SOC,0.0,-0.0,100.0,38.402310848712105,41.558525982897294,100.0,24.739912650461765,0.0,0.0,100.0,100.0
mixed,2025-11-18,development_oof,25.0,200.0,8.0,50.0,26.197189155044665,73.34998438027489,True,hold current SOC,0.0,-0.0,100.0,30.732005653511575,35.10131495714086,89.58333333333334,44.730284185259976,0.0,0.0,100.0,100.0
mixed,2025-11-19,development_oof,25.0,200.0,8.0,50.0,34.886560452843426,67.41652878952523,True,hold current SOC,0.0,-0.0,100.0,47.218928495073975,47.6101376652934,52.083333333333336,134.6847541849625,50.35734991380571,50.35734991380571,62.610950126805,62.610950126805
mixed,2025-11-20,development_oof,25.0,200.0,8.0,50.0,32.19432148674331,68.97431877379022,True,hold current SOC,0.0,-0.0,100.0,42.11076421207406,44.326028020976594,95.83333333333334,58.00991131095115,0.0,0.0,100.0,100.0
mixed,2025-11-21,development_oof,25.0,200.0,8.0,50.0,27.974483585819424,71.55169605897379,True,hold current SOC,0.0,-0.0,100.0,34.10418473789999,38.89243961380229,91.66666666666666,31.333659919712026,0.0,0.0,100.0,100.0
mixed,2025-11-22,development_oof,25.0,200.0,8.0,50.0,33.12900729579407,67.72893481538235,True,hold current SOC,0.0,-0.0,100.0,43.88420584401661,46.95152793431345,95.83333333333334,48.52523752507744,0.0,0.0,100.0,100.0
mixed,2025-11-23,development_oof,25.0,200.0,8.0,50.0,33.15001222124934,67.81648830512432,True,hold current SOC,0.0,-0.0,100.0,43.92405988792905,46.76694897119289,70.83333333333334,95.00168499010556,0.0,0.0,100.0,100.0
mixed,2025-11-24,development_oof,25.0,200.0,8.0,50.0,29.028933233392273,70.23251750352136,True,hold current SOC,0.0,-0.0,100.0,36.10486227647522,41.673512197589254,60.416666666666664,91.57550180589897,7.016536538158363,7.016536538158363,92.33797642405452,92.33797642405452
mixed,2025-11-25,development_oof,25.0,200.0,8.0,50.0,29.09556034654397,69.19573029678943,True,hold current SOC,0.0,-0.0,100.0,36.231278335363896,43.85925154572041,100.0,21.876923691618217,0.0,0.0,100.0,100.0
mixed,2025-11-26,development_oof,25.0,200.0,8.0,50.0,33.38538838398322,69.03072154802241,True,hold current SOC,0.0,-0.0,100.0,44.37065475661875,44.20712053235926,75.0,84.36232447082358,0.0,0.0,100.0,100.0
mixed,2025-11-27,development_oof,25.0,200.0,8.0,50.0,34.006896294232284,69.29875178365279,True,hold current SOC,0.0,-0.0,100.0,45.54988310473788,43.64206318143686,100.0,44.176442446196944,0.0,0.0,100.0,100.0
mixed,2025-11-28,development_oof,25.0,200.0,8.0,50.0,29.550741707836902,69.03185441039098,True,hold current SOC,0.0,-0.0,100.0,37.094924245448894,44.204732248785824,95.83333333333334,46.06699184571268,0.0,0.0,100.0,100.0
mixed,2025-11-29,development_oof,25.0,200.0,8.0,50.0,26.446912391892752,71.730300158174,True,hold current SOC,0.0,-0.0,100.0,31.205822181377357,38.51590911185876,50.0,88.86150413030157,0.0,0.0,100.0,100.0
mixed,2025-11-30,development_oof,25.0,200.0,8.0,50.0,29.981031600401842,68.88073440321895,True,hold current SOC,0.0,-0.0,100.0,37.91134191424152,44.523321197242225,93.75,72.27779716583562,0.0,0.0,100.0,100.0
mixed,2025-12-01,development_oof,25.0,200.0,8.0,50.0,33.205738530100824,68.77643039392338,True,hold current SOC,0.0,-0.0,100.0,44.029793124867865,44.74321335621647,72.91666666666666,75.42665385454356,0.0,0.0,100.0,100.0
mixed,2025-12-02,development_oof,25.0,200.0,8.0,50.0,33.11262146958285,67.64485131431962,True,hold current SOC,0.0,-0.0,100.0,43.85311592471393,47.128791518979725,64.58333333333334,73.61191301242762,0.0,0.0,100.0,100.0
mixed,2025-12-03,development_oof,25.0,200.0,8.0,50.0,31.866067723879834,68.52866265456669,True,hold current SOC,0.0,-0.0,100.0,41.487946487372426,45.26555361426854,60.416666666666664,88.79812331404796,12.903459470006869,12.903459470006869,85.4687700725703,85.4687700725703
mixed,2025-12-04,development_oof,25.0,200.0,8.0,50.0,31.775161981066713,69.05009348686795,True,hold current SOC,0.0,-0.0,100.0,41.315464967565056,44.166280899395666,93.75,45.5333017235417,0.0,0.0,100.0,100.0
mixed,2025-12-05,development_oof,25.0,200.0,8.0,50.0,31.0002813629506,69.24801784235612,True,hold current SOC,0.0,-0.0,100.0,39.84523236678543,43.749019720886686,62.5,94.21365695051297,0.0,0.0,100.0,100.0
mixed,2025-12-06,development_oof,25.0,200.0,8.0,50.0,32.5594324374258,68.5141922996426,True,hold current SOC,0.0,-0.0,100.0,42.80351353376969,45.2960598010093,100.0,33.870651865685254,0.0,0.0,100.0,100.0
mixed,2025-12-07,development_oof,25.0,200.0,8.0,50.0,29.580943378836476,69.15500194559097,True,hold current SOC,0.0,-0.0,100.0,37.15222788714992,43.94511444914068,75.0,72.75983225237971,0.0,0.0,100.0,100.0
mixed,2025-12-08,development_oof,25.0,200.0,8.0,50.0,32.34475158172787,68.95051020930134,True,hold current SOC,0.0,-0.0,100.0,42.39618524934606,44.37622088204583,93.75,51.94798608706255,0.0,0.0,100.0,100.0
mixed,2025-12-09,development_oof,25.0,200.0,8.0,50.0,31.70486103376713,68.80282531808935,True,hold current SOC,0.0,-0.0,100.0,41.18207829848456,44.68756797019521,95.83333333333334,60.25754562080424,0.0,0.0,100.0,100.0
mixed,2025-12-10,development_oof,25.0,200.0,8.0,50.0,30.883482828092873,68.6506093845031,True,hold current SOC,0.0,-0.0,100.0,39.623622728272835,45.008467334396215,97.91666666666666,56.29634705452466,0.0,0.0,100.0,100.0
mixed,2025-12-11,development_oof,25.0,200.0,8.0,50.0,32.498496431002664,69.50660760976177,True,hold current SOC,0.0,-0.0,100.0,42.68789559068264,43.20386462447667,75.0,84.27726388121734,0.0,0.0,100.0,100.0
mixed,2025-12-12,development_oof,25.0,200.0,8.0,50.0,27.222139949195867,69.92488318406228,True,hold current SOC,0.0,-0.0,100.0,32.676713052981285,42.32206228820694,68.75,83.5302254554166,7.635561611375503,7.635561611375503,90.8589237371915,90.8589237371915
mixed,2025-12-13,development_oof,25.0,200.0,8.0,50.0,29.069050213336137,69.2396174698689,True,hold current SOC,0.0,-0.0,100.0,36.18097889415716,43.766729261055644,100.0,27.205761868219575,0.0,0.0,100.0,100.0
mixed,2025-12-14,development_oof,25.0,200.0,8.0,50.0,25.189116391342836,68.69778325365783,True,hold current SOC,0.0,-0.0,100.0,28.81932206522448,44.90901608601506,95.83333333333334,34.71940793479121,0.0,0.0,100.0,100.0
mixed,2025-12-15,development_oof,25.0,200.0,8.0,50.0,31.633080850951675,69.14471512232923,True,hold current SOC,0.0,-0.0,100.0,41.0458849773485,43.96680097673713,35.41666666666667,143.61708816742743,67.72242432338629,67.72242432338629,52.84514873018722,52.84514873018722
mixed,2025-12-16,development_oof,25.0,200.0,8.0,50.0,22.277696062441755,77.3266261981109,True,hold current SOC,0.0,-0.0,100.0,23.2952903859581,26.717817901784727,33.33333333333333,69.86633293715636,0.0,0.0,100.0,100.0
mixed,2025-12-17,development_oof,25.0,200.0,8.0,50.0,28.75585785906389,69.1803453756956,True,hold current SOC,0.0,-0.0,100.0,35.58673818300676,43.8916858072394,91.66666666666666,47.1628691103051,0.0,0.0,100.0,100.0
mixed,2025-12-18,development_oof,25.0,200.0,8.0,50.0,32.46510824088283,67.33792471218219,True,hold current SOC,0.0,-0.0,100.0,42.62454595404499,47.775849610480115,83.33333333333334,53.33527351345848,0.0,0.0,100.0,100.0
mixed,2025-12-19,development_oof,25.0,200.0,8.0,50.0,30.2090781618693,68.85004791226902,True,hold current SOC,0.0,-0.0,100.0,38.34402984232556,44.58801400044217,85.41666666666666,55.11442314485022,0.0,0.0,100.0,100.0
mixed,2025-12-20,development_oof,25.0,200.0,8.0,50.0,32.21138818730317,69.01494582701669,True,hold current SOC,0.0,-0.0,100.0,42.143145999621986,44.24037867243224,75.0,71.57425654134957,0.0,0.0,100.0,100.0
mixed,2025-12-21,development_oof,25.0,200.0,8.0,50.0,25.589890271045068,74.4754702670494,True,hold current SOC,0.0,-0.0,100.0,29.57973703716131,32.72858237275296,62.5,63.72468171352979,0.0,0.0,100.0,100.0
mixed,2025-12-22,development_oof,25.0,200.0,8.0,50.0,32.17384452494876,69.48223191676439,True,hold current SOC,0.0,-0.0,100.0,42.071911908775434,43.25525309742119,100.0,26.706709321346615,0.0,0.0,100.0,100.0
mixed,2025-12-23,development_oof,25.0,200.0,8.0,50.0,24.74457302260497,73.84879628323523,True,hold current SOC,0.0,-0.0,100.0,27.975860326863042,34.0497271322358,83.33333333333334,45.94135335613785,0.0,0.0,100.0,100.0
mixed,2025-12-24,development_oof,25.0,200.0,8.0,50.0,30.152363504251593,69.5145620790061,True,hold current SOC,0.0,-0.0,100.0,38.23642134545242,43.18709513088345,70.83333333333334,74.06387173150358,0.0,0.0,100.0,100.0
mixed,2025-12-25,development_oof,25.0,200.0,8.0,50.0,32.317219254190576,68.63764502584408,True,hold current SOC,0.0,-0.0,100.0,42.34394633076388,45.0357986022401,89.58333333333334,52.116787792064095,0.0,0.0,100.0,100.0
mixed,2025-12-26,development_oof,25.0,200.0,8.0,50.0,26.876745763296544,72.09516649120592,True,hold current SOC,0.0,-0.0,100.0,32.0213736621684,37.74670334259584,97.91666666666666,50.58815047852298,0.0,0.0,100.0,100.0
mixed,2025-12-27,development_oof,25.0,200.0,8.0,50.0,31.66668465492431,69.72866405665535,True,hold current SOC,0.0,-0.0,100.0,41.1096437125081,42.7357285302714,93.75,59.741230712978705,0.0,0.0,100.0,100.0
mixed,2025-12-28,development_oof,25.0,200.0,8.0,50.0,19.670064735371938,79.32702778538541,True,hold current SOC,0.0,-0.0,100.0,18.347657811029237,22.500601067915703,87.5,38.73581927182694,0.0,0.0,100.0,100.0
mixed,2025-12-29,development_oof,25.0,200.0,8.0,50.0,21.422221967826264,78.79524664042388,True,hold current SOC,0.0,-0.0,100.0,21.6721424150049,23.62169415778944,97.91666666666666,27.503458145051322,0.0,0.0,100.0,100.0
mixed,2025-12-30,development_oof,25.0,200.0,8.0,50.0,21.04044973310451,78.86867276137136,True,hold current SOC,0.0,-0.0,100.0,20.947780529525005,23.466898303159425,89.58333333333334,27.994788615388742,0.0,0.0,100.0,100.0
mixed,2025-12-31,development_oof,25.0,200.0,8.0,50.0,32.0740448081246,68.70809247344363,True,hold current SOC,0.0,-0.0,100.0,41.88255525977293,44.88728234240011,93.75,60.117073796078834,0.0,0.0,100.0,100.0
mixed,2026-01-01,development_oof,25.0,200.0,8.0,50.0,30.228221084203554,69.7234615615026,True,hold current SOC,0.0,-0.0,100.0,38.38035098371434,42.74669635307052,87.5,57.09072813613169,0.0,0.0,100.0,100.0
mixed,2026-01-02,development_oof,25.0,200.0,8.0,50.0,32.28439013218582,70.16023612436038,True,hold current SOC,0.0,-0.0,100.0,42.28165745129273,41.82589472463387,95.83333333333334,70.74643399645166,0.0,0.0,100.0,100.0
mixed,2026-01-03,development_oof,25.0,200.0,8.0,50.0,31.9273319715983,69.96268515787759,True,hold current SOC,0.0,-0.0,100.0,41.6041872245287,42.24236873000265,81.25,70.03794078135792,0.0,0.0,100.0,100.0
mixed,2026-01-04,development_oof,25.0,200.0,8.0,50.0,31.842579241641946,69.09762833133284,True,hold current SOC,0.0,-0.0,100.0,41.44338022578114,44.06606864824174,81.25,71.389162546269,0.0,0.0,100.0,100.0
mixed,2026-01-05,development_oof,25.0,200.0,8.0,50.0,29.626538147936163,70.78207342784839,True,hold current SOC,0.0,-0.0,100.0,37.2387378789966,40.51494658258089,87.5,44.35606787143345,0.0,0.0,100.0,100.0
mixed,2026-01-06,development_oof,25.0,200.0,8.0,50.0,32.068442084539306,69.9571679367696,True,hold current SOC,0.0,-0.0,100.0,41.87192483919501,42.25400005337336,66.66666666666666,63.78185713213456,0.0,0.0,100.0,100.0
mixed,2026-01-07,development_oof,25.0,200.0,8.0,50.0,31.520191636950173,70.35348151020628,True,hold current SOC,0.0,-0.0,100.0,40.831692753641946,41.418497680239795,81.25,54.53258755252207,0.0,0.0,100.0,100.0
mixed,2026-01-08,development_oof,25.0,200.0,8.0,50.0,29.120120613375754,70.46559779378677,True,hold current SOC,0.0,-0.0,100.0,36.277878165241844,41.18213580096799,29.166666666666668,63.973955020669585,0.0,0.0,100.0,100.0
mixed,2026-01-09,development_oof,25.0,200.0,8.0,50.0,32.506911437201104,69.24674553297932,True,hold current SOC,0.0,-0.0,100.0,42.70386194234955,43.75170198456608,72.91666666666666,77.64985032116488,0.45742843693195034,0.45742843693195034,99.41090879758299,99.41090879758299
mixed,2026-01-10,development_oof,25.0,200.0,8.0,50.0,24.899551585803795,74.37650315765606,True,hold current SOC,0.0,-0.0,100.0,28.269911475788213,32.93722335883698,54.166666666666664,70.55158883801604,0.0,0.0,100.0,100.0
mixed,2026-01-11,development_oof,25.0,200.0,8.0,50.0,27.70904206358555,70.37576869142566,True,hold current SOC,0.0,-0.0,100.0,33.60054486039523,41.37151217672101,77.08333333333334,51.11237780881434,0.0,0.0,100.0,100.0
mixed,2026-01-12,development_oof,25.0,200.0,8.0,50.0,31.650900865400203,70.28167623655392,True,hold current SOC,0.0,-0.0,100.0,41.079696077505176,41.56987648874189,91.66666666666666,53.94123750070027,0.0,0.0,100.0,100.0
mixed,2026-01-13,development_oof,25.0,200.0,8.0,50.0,31.245664138012604,70.52320696913799,True,hold current SOC,0.0,-0.0,100.0,40.31081344744665,41.06068499547873,70.83333333333334,80.81252732315133,0.0,0.0,100.0,100.0
mixed,2026-01-14,development_oof,25.0,200.0,8.0,50.0,28.621871099182272,70.13326547028007,True,hold current SOC,0.0,-0.0,100.0,35.332516180487566,41.882753855886065,81.25,78.59884046449791,0.0,0.0,100.0,100.0
mixed,2026-01-15,development_oof,25.0,200.0,8.0,50.0,32.11433652541531,70.35919192793423,True,hold current SOC,0.0,-0.0,100.0,41.95900341825988,41.406459062632244,52.083333333333336,84.21255611072192,8.317892266680854,8.317892266680854,90.12274101293806,90.12274101293806
mixed,2026-01-16,development_oof,25.0,200.0,8.0,50.0,28.387652857226225,69.91159246844666,True,hold current SOC,0.0,-0.0,100.0,34.88811831200265,42.35008157692624,87.5,48.1903115004193,0.0,0.0,100.0,100.0
mixed,2026-01-17,development_oof,25.0,200.0,8.0,50.0,24.563183350030336,75.08818208847065,True,hold current SOC,0.0,-0.0,100.0,27.631697621242218,31.43687243608533,95.83333333333334,30.067565312396088,0.0,0.0,100.0,100.0
mixed,2026-01-18,development_oof,25.0,200.0,8.0,50.0,18.38260049392282,79.71339407690547,True,hold current SOC,0.0,-0.0,100.0,15.904866165629132,21.68606940637169,89.58333333333334,21.178974319695556,0.0,0.0,100.0,100.0
mixed,2026-01-19,development_oof,25.0,200.0,8.0,50.0,22.65287163374139,77.96965043767386,True,hold current SOC,0.0,-0.0,100.0,24.00713598261515,25.362203776640257,100.0,21.42610005497516,0.0,0.0,100.0,100.0
mixed,2026-01-20,development_oof,25.0,200.0,8.0,50.0,30.45984294588005,69.44069188995155,True,hold current SOC,0.0,-0.0,100.0,38.81982256698605,43.34282716328319,75.0,82.98026145601216,0.0,0.0,100.0,100.0
mixed,2026-01-21,development_oof,25.0,200.0,8.0,50.0,30.56582701115987,69.68847284864256,True,hold current SOC,0.0,-0.0,100.0,39.02091319216697,42.82045903642742,83.33333333333334,72.6398043206857,0.0,0.0,100.0,100.0
mixed,2026-01-22,development_oof,25.0,200.0,8.0,50.0,29.889150202628525,69.03109817057884,True,hold current SOC,0.0,-0.0,100.0,37.737009219303346,44.20632654229493,85.41666666666666,62.53571739118344,0.0,0.0,100.0,100.0
mixed,2026-01-23,development_oof,25.0,200.0,8.0,50.0,31.26875230270272,69.45870306174814,True,hold current SOC,0.0,-0.0,100.0,40.35462015989495,43.304856279146,100.0,51.20867457588976,0.0,0.0,100.0,100.0
mixed,2026-01-24,development_oof,25.0,200.0,8.0,50.0,27.590745420555017,68.57535554928577,True,hold current SOC,0.0,-0.0,100.0,33.37609276147821,45.16711634902936,100.0,46.825296585769166,0.0,0.0,100.0,100.0
mixed,2026-01-25,development_oof,25.0,200.0,8.0,50.0,30.031054879961577,69.77216719939378,True,hold current SOC,0.0,-0.0,100.0,38.006254413905566,42.64401585265216,100.0,40.721156194777144,0.0,0.0,100.0,100.0
mixed,2026-01-26,development_oof,25.0,200.0,8.0,50.0,31.220962164057575,69.6189052776598,True,hold current SOC,0.0,-0.0,100.0,40.26394474720661,42.96712035348804,100.0,30.264463060173934,0.0,0.0,100.0,100.0
mixed,2026-01-27,development_oof,25.0,200.0,8.0,50.0,27.206445814965473,69.89783781268869,True,hold current SOC,0.0,-0.0,100.0,32.64693552693781,42.37907893734405,100.0,51.85912075699297,0.0,0.0,100.0,100.0
mixed,2026-01-28,development_oof,25.0,200.0,8.0,50.0,22.790461469081293,75.28020378102879,True,hold current SOC,0.0,-0.0,100.0,24.268194340152117,31.03205516365577,79.16666666666666,46.138038080405636,0.0,0.0,100.0,100.0
mixed,2026-01-29,development_oof,25.0,200.0,8.0,50.0,31.853448257650324,69.29696984712815,True,hold current SOC,0.0,-0.0,100.0,41.46400273368793,43.64581983347934,97.91666666666666,52.28026747831025,0.0,0.0,100.0,100.0
mixed,2026-01-30,development_oof,25.0,200.0,8.0,50.0,30.776315877101112,69.4722443537706,True,hold current SOC,0.0,-0.0,100.0,39.42028773525507,43.276308728977696,100.0,37.09029559326925,0.0,0.0,100.0,100.0
mixed,2026-01-31,development_oof,25.0,200.0,8.0,50.0,31.36351203683854,69.33842283833629,True,hold current SOC,0.0,-0.0,100.0,40.53441411409966,43.55842925478291,95.83333333333334,40.3146284532782,0.0,0.0,100.0,100.0
mixed,2026-02-01,development_oof,25.0,200.0,8.0,50.0,20.960805080404704,78.53234030374041,True,hold current SOC,0.0,-0.0,100.0,20.796665425934314,24.175949381263337,60.416666666666664,43.05829281023327,0.0,0.0,100.0,100.0
mixed,2026-02-02,development_oof,25.0,200.0,8.0,50.0,29.863748395369534,70.19021642350712,True,hold current SOC,0.0,-0.0,100.0,37.68881267872954,41.76269070447593,91.66666666666666,34.543910789822135,0.0,0.0,100.0,100.0
mixed,2026-02-03,development_oof,25.0,200.0,8.0,50.0,28.91854337760789,68.90408298653179,True,hold current SOC,0.0,-0.0,100.0,35.89541225156152,44.47409806163772,83.33333333333334,56.15991491712636,0.0,0.0,100.0,100.0
mixed,2026-02-04,development_oof,25.0,200.0,8.0,50.0,30.188069716876996,69.52160960263397,True,hold current SOC,0.0,-0.0,100.0,38.30416912056114,43.17223764653151,97.91666666666666,38.865768830095384,0.0,0.0,100.0,100.0
mixed,2026-02-05,development_oof,25.0,200.0,8.0,50.0,26.778998269995192,69.72747611069994,True,hold current SOC,0.0,-0.0,100.0,31.83591083352581,42.73823294024226,100.0,44.904637317245644,0.0,0.0,100.0,100.0
mixed,2026-02-06,development_oof,25.0,200.0,8.0,50.0,31.151736829245507,70.06853373780717,True,hold current SOC,0.0,-0.0,100.0,40.132598909330284,42.01922033022143,100.0,34.4928199462592,0.0,0.0,100.0,100.0
mixed,2026-02-07,development_oof,25.0,200.0,8.0,50.0,31.548962193803824,70.37174489052856,True,hold current SOC,0.0,-0.0,100.0,40.88628104716729,41.379995093844926,62.5,83.34706899253979,7.4524051484986416,7.4524051484986416,91.05858761612157,91.05858761612157
mixed,2026-02-08,development_oof,25.0,200.0,8.0,50.0,25.109761446061427,71.55378868122537,True,hold current SOC,0.0,-0.0,100.0,28.668756642812113,38.88802797873741,81.25,49.654358347711266,0.0,0.0,100.0,100.0
mixed,2026-02-09,development_oof,25.0,200.0,8.0,50.0,29.51530358861572,70.42611288745796,True,hold current SOC,0.0,-0.0,100.0,37.027685141809975,41.265377292432966,27.083333333333332,117.66029590399168,41.76563205995059,41.76563205995059,64.5032066772716,64.5032066772716
mixed,2026-02-10,development_oof,25.0,200.0,8.0,50.0,25.525611915438915,73.78260139351013,True,hold current SOC,0.0,-0.0,100.0,29.457777432381896,34.18927821289914,50.0,84.01495269835986,0.0,0.0,100.0,100.0
mixed,2026-02-11,development_oof,25.0,200.0,8.0,50.0,30.094952134548013,70.38534374062655,True,hold current SOC,0.0,-0.0,100.0,38.127490930340436,41.351326200599026,81.25,60.53514868904777,0.0,0.0,100.0,100.0
mixed,2026-02-12,development_oof,25.0,200.0,8.0,50.0,30.428984867386784,70.36942555454344,True,hold current SOC,0.0,-0.0,100.0,38.76127347963306,41.384884683426364,91.66666666666666,45.27692136998203,0.0,0.0,100.0,100.0
mixed,2026-02-13,development_oof,25.0,200.0,8.0,50.0,28.926518669262236,70.72271372897872,True,hold current SOC,0.0,-0.0,100.0,35.91054430354064,40.6400878156808,100.0,39.71920985973312,0.0,0.0,100.0,100.0
mixed,2026-02-14,development_oof,25.0,200.0,8.0,50.0,28.03817807062221,72.93391674238639,True,hold current SOC,0.0,-0.0,100.0,34.225036525720654,35.97846255475009,87.5,52.21565962841739,0.0,0.0,100.0,100.0
mixed,2026-02-15,development_oof,25.0,200.0,8.0,50.0,31.794023605859643,70.08541937795083,True,hold current SOC,0.0,-0.0,100.0,41.35125238439535,41.98362227515213,68.75,77.20687505451382,0.0,0.0,100.0,100.0
mixed,2026-02-16,development_oof,25.0,200.0,8.0,50.0,32.160617854195024,70.62265174027928,True,hold current SOC,0.0,-0.0,100.0,42.046816065509674,40.85103701001162,79.16666666666666,59.97362358728767,0.0,0.0,100.0,100.0
mixed,2026-02-17,development_oof,25.0,200.0,8.0,50.0,28.664248960640915,70.16399469017033,True,hold current SOC,0.0,-0.0,100.0,35.4129225192334,41.817970972170485,62.5,69.19509189708067,0.0,0.0,100.0,100.0
mixed,2026-02-18,development_oof,25.0,200.0,8.0,50.0,29.06180279623275,69.5091044850162,True,hold current SOC,0.0,-0.0,100.0,36.167227887037185,43.19860074925183,81.25,48.9971329258114,0.0,0.0,100.0,100.0
mixed,2026-02-19,development_oof,25.0,200.0,8.0,50.0,29.17809926214484,70.60635198988709,True,hold current SOC,0.0,-0.0,100.0,36.387884916703385,40.885399901032685,64.58333333333334,70.5252690940633,0.0,0.0,100.0,100.0
mixed,2026-02-20,development_oof,25.0,200.0,8.0,50.0,27.822946685791525,70.61768761453976,True,hold current SOC,0.0,-0.0,100.0,33.81666368571035,40.86150230596385,87.5,50.35115042798894,0.0,0.0,100.0,100.0
mixed,2026-02-21,development_oof,25.0,200.0,8.0,50.0,31.613770694649826,69.84088192733054,True,hold current SOC,0.0,-0.0,100.0,41.009246531815876,42.4991524865995,54.166666666666664,97.69375533736468,0.0,0.0,100.0,100.0
mixed,2026-02-22,development_oof,25.0,200.0,8.0,50.0,28.37018105801876,70.2500912620008,True,hold current SOC,0.0,-0.0,100.0,34.85496790381262,41.63646346169277,95.83333333333334,45.48631521341605,0.0,0.0,100.0,100.0
mixed,2026-02-23,development_oof,25.0,200.0,8.0,50.0,27.58082155359935,71.50725146267051,True,hold current SOC,0.0,-0.0,100.0,33.35726354781238,38.98613704980569,60.416666666666664,87.99941650176312,8.574409530371842,8.574409530371842,90.25628819913818,90.25628819913818
mixed,2026-02-24,development_oof,25.0,200.0,8.0,50.0,30.810249720712395,70.25738588054429,True,hold current SOC,0.0,-0.0,100.0,39.48467267660044,41.62108505551976,85.41666666666666,59.3658840721249,0.0,0.0,100.0,100.0
mixed,2026-02-25,development_oof,25.0,200.0,8.0,50.0,32.61571832044979,70.54471471002694,True,hold current SOC,0.0,-0.0,100.0,42.910308488051456,41.01534269645619,100.0,49.00902233423142,0.0,0.0,100.0,100.0
mixed,2026-02-26,development_oof,25.0,200.0,8.0,50.0,32.73162397053619,70.38259738266726,True,hold current SOC,0.0,-0.0,100.0,43.13022399682477,41.357116031546695,68.75,82.63181156475355,0.0,0.0,100.0,100.0
mixed,2026-02-27,development_oof,25.0,200.0,8.0,50.0,28.76038934154888,70.70300698435379,True,hold current SOC,0.0,-0.0,100.0,35.59533606650459,40.68163328120217,56.25,91.76311562256697,11.464659356855172,11.464659356855172,87.50624444356191,87.50624444356191
mixed,2026-02-28,development_oof,25.0,200.0,8.0,50.0,29.219745468868062,71.91820482809013,True,hold current SOC,0.0,-0.0,100.0,36.466903038194346,38.11977128524738,58.333333333333336,78.30874515520082,0.0,0.0,100.0,100.0
mixed,2026-03-01,development_oof,25.0,200.0,8.0,50.0,32.70709532826089,70.49237955116179,True,hold current SOC,0.0,-0.0,100.0,43.08368417032392,41.12567489893661,85.41666666666666,57.508635281190394,0.0,0.0,100.0,100.0
mixed,2026-03-02,development_oof,25.0,200.0,8.0,50.0,27.861485279664706,70.74759151044073,True,hold current SOC,0.0,-0.0,100.0,33.889785526386035,40.58764084731288,77.08333333333334,67.16912892503998,0.0,0.0,100.0,100.0
mixed,2026-03-03,development_oof,25.0,200.0,8.0,50.0,30.56054273728155,71.5558307404159,True,hold current SOC,0.0,-0.0,100.0,39.01088698742561,38.88372293996476,87.5,31.333475373986197,0.0,0.0,100.0,100.0
mixed,2026-03-04,development_oof,25.0,200.0,8.0,50.0,30.883932755700524,70.49254666852312,True,hold current SOC,0.0,-0.0,100.0,39.624476405886256,41.12532258460437,79.16666666666666,66.71228980866738,0.0,0.0,100.0,100.0
mixed,2026-03-05,development_oof,25.0,200.0,8.0,50.0,32.88540869821013,70.88512152862145,True,hold current SOC,0.0,-0.0,100.0,43.422010002103804,40.297702111249265,45.83333333333333,117.70376581238543,13.054734302212918,13.054734302212918,88.9088218952811,88.9088218952811
mixed,2026-03-06,development_oof,25.0,200.0,8.0,50.0,25.58094547291747,74.66175405610566,True,hold current SOC,0.0,-0.0,100.0,29.562765475985135,32.33586166303022,83.33333333333334,47.4957278672392,0.0,0.0,100.0,100.0
mixed,2026-03-07,development_oof,25.0,200.0,8.0,50.0,26.070964341580996,73.77543811481965,True,hold current SOC,0.0,-0.0,100.0,30.492510908846533,34.20437973035013,93.75,32.51167100111216,0.0,0.0,100.0,100.0
mixed,2026-03-08,development_oof,25.0,200.0,8.0,50.0,26.808910810315183,74.12943347884887,True,hold current SOC,0.0,-0.0,100.0,31.892665888333486,33.458091976034936,43.75,79.30865566422908,3.413991820187969,3.413991820187969,95.69530993610348,95.69530993610348
mixed,2026-03-09,development_oof,25.0,200.0,8.0,50.0,26.25343187843288,73.33136907099194,True,hold current SOC,0.0,-0.0,100.0,30.838718718142125,35.140559474929276,83.33333333333334,42.97990551505614,0.0,0.0,100.0,100.0
mixed,2026-03-10,development_oof,25.0,200.0,8.0,50.0,28.167962061442196,71.91256618111233,True,hold current SOC,0.0,-0.0,100.0,34.471284334611184,38.13165859682836,87.5,58.53111385962217,0.0,0.0,100.0,100.0
mixed,2026-03-11,development_oof,25.0,200.0,8.0,50.0,29.566238514045814,71.34747515652388,True,hold current SOC,0.0,-0.0,100.0,37.12432736789593,39.32297507884015,91.66666666666666,40.325320550256016,0.0,0.0,100.0,100.0
mixed,2026-03-12,development_oof,25.0,200.0,8.0,50.0,24.3639432964821,73.2173240025356,True,hold current SOC,0.0,-0.0,100.0,27.25366619903441,35.380987589750475,89.58333333333334,44.92685261654441,0.0,0.0,100.0,100.0
mixed,2026-03-13,development_oof,25.0,200.0,8.0,50.0,27.044129126200055,72.88215853861675,True,hold current SOC,0.0,-0.0,100.0,32.33896126368458,36.08757842909086,85.41666666666666,31.83267349825991,0.0,0.0,100.0,100.0
mixed,2026-03-14,development_oof,25.0,200.0,8.0,50.0,29.88327930370001,71.84076320078127,True,hold current SOC,0.0,-0.0,100.0,37.7258699717873,38.28303257058464,91.66666666666666,43.139737764397644,0.0,0.0,100.0,100.0
mixed,2026-03-15,development_oof,25.0,200.0,8.0,50.0,28.888899261583024,71.85741037586119,True,hold current SOC,0.0,-0.0,100.0,35.839166496044996,38.2479372440112,52.083333333333336,124.9813074801921,10.336740204217271,10.336740204217271,91.72937104546173,91.72937104546173
mixed,2026-03-16,development_oof,25.0,200.0,8.0,50.0,29.845149574137498,70.27403470023837,True,hold current SOC,0.0,-0.0,100.0,37.65352389659702,41.58598626179523,39.58333333333333,124.63187106822724,47.01246438340087,47.01246438340087,62.27893878150571,62.27893878150571
mixed,2026-03-17,development_oof,25.0,200.0,8.0,50.0,30.90849628858548,70.3494925050716,True,hold current SOC,0.0,-0.0,100.0,39.6710824326644,41.426907241455595,87.5,68.30775686962427,0.0,0.0,100.0,100.0
mixed,2026-03-18,development_oof,25.0,200.0,8.0,50.0,31.207850100804546,72.0285267549806,True,hold current SOC,0.0,-0.0,100.0,40.239066356384356,37.887192242025705,95.83333333333334,24.0095011213215,0.0,0.0,100.0,100.0
mixed,2026-03-19,development_oof,25.0,200.0,8.0,50.0,29.39738624021865,71.55408984085925,True,hold current SOC,0.0,-0.0,100.0,36.803952703860574,38.8873930784825,100.0,20.896285460448794,0.0,0.0,100.0,100.0
mixed,2026-03-20,development_oof,25.0,200.0,8.0,50.0,31.18223859186147,73.09717036888098,True,hold current SOC,0.0,-0.0,100.0,40.19047193484002,35.634293690746546,100.0,17.392126411261135,0.0,0.0,100.0,100.0
mixed,2026-03-21,development_oof,25.0,200.0,8.0,50.0,29.41469053081408,72.61471855734625,True,hold current SOC,0.0,-0.0,100.0,36.836785286805565,36.651391414562575,72.91666666666666,39.30321046897575,0.0,0.0,100.0,100.0
mixed,2026-03-22,development_oof,25.0,200.0,8.0,50.0,30.993630027550942,73.63738790620737,True,hold current SOC,0.0,-0.0,100.0,39.83261234517866,34.495415124134276,93.75,36.35104228434599,0.0,0.0,100.0,100.0
mixed,2026-03-23,development_oof,25.0,200.0,8.0,50.0,31.936122931461092,72.89270252440295,True,hold current SOC,0.0,-0.0,100.0,41.62086689812003,36.0653497552903,97.91666666666666,46.96080848284025,0.0,0.0,100.0,100.0
mixed,2026-03-24,development_oof,25.0,200.0,8.0,50.0,29.01044742220846,70.75963563358016,True,hold current SOC,0.0,-0.0,100.0,36.06978791583323,40.56224960628614,93.75,60.034785461615385,0.0,0.0,100.0,100.0
mixed,2026-03-25,development_oof,25.0,200.0,8.0,50.0,29.915009644368194,72.6405182465227,True,hold current SOC,0.0,-0.0,100.0,37.78607406025401,36.59700089408125,89.58333333333334,37.13308024056631,0.0,0.0,100.0,100.0
mixed,2026-03-26,development_oof,25.0,200.0,8.0,50.0,29.495517898545113,72.85637706403483,True,hold current SOC,0.0,-0.0,100.0,36.9901444343892,36.14193054983528,79.16666666666666,67.86441027356202,0.0,0.0,100.0,100.0
mixed,2026-03-27,development_oof,25.0,200.0,8.0,50.0,30.637444864987856,72.04953294509772,True,hold current SOC,0.0,-0.0,100.0,39.15679851570464,37.84290730487063,83.33333333333334,54.99881763636951,0.0,0.0,100.0,100.0
mixed,2026-03-28,development_oof,25.0,200.0,8.0,50.0,30.231307134279714,72.32466980245317,True,hold current SOC,0.0,-0.0,100.0,38.386206352042734,37.262867879867926,62.5,94.84320498896034,0.0,0.0,100.0,100.0
mixed,2026-03-29,development_oof,25.0,200.0,8.0,50.0,29.84803257151689,72.70791622266707,True,hold current SOC,0.0,-0.0,100.0,37.658993999521314,36.45491348454665,89.13043478260869,55.61438362226048,0.0,0.0,100.0,100.0
mixed,2026-03-30,development_oof,25.0,200.0,8.0,50.0,28.92612461418061,71.68365272431643,True,hold current SOC,0.0,-0.0,100.0,35.909796636591736,38.614250537186734,68.75,78.66516049412691,0.0,0.0,100.0,100.0
mixed,2026-03-31,development_oof,25.0,200.0,8.0,50.0,31.019358749690344,73.08653813425904,True,hold current SOC,0.0,-0.0,100.0,39.88142916312632,35.656708409428276,87.5,37.189536657785354,0.0,0.0,100.0,100.0
mixed,2026-04-01,locked_test,25.0,200.0,8.0,50.0,30.39629162105695,72.09226466146256,True,hold current SOC,0.0,-0.0,100.0,38.69924240612873,37.75282093684316,68.75,92.55912853044163,11.267653588491333,11.267653588491333,87.82653448947984,87.82653448947984
mixed,2026-04-02,locked_test,25.0,200.0,8.0,50.0,31.148524062620353,73.25662135771267,True,hold current SOC,0.0,-0.0,100.0,40.12650311325466,35.298141490830375,85.41666666666666,53.682730286789955,0.0,0.0,100.0,100.0
mixed,2026-04-03,locked_test,25.0,200.0,8.0,50.0,31.977598927568334,70.7110397463891,True,hold current SOC,0.0,-0.0,100.0,41.699562067673924,40.664698731913035,52.083333333333336,137.40376773463373,0.0,0.0,100.0,100.0
mixed,2026-04-04,locked_test,25.0,200.0,8.0,50.0,29.17464471443261,73.7049944305368,True,hold current SOC,0.0,-0.0,100.0,36.38133037326956,34.352888056421875,43.75,111.97165007944889,10.260279343379441,10.260279343379441,90.8367168510071,90.8367168510071
mixed,2026-04-05,locked_test,25.0,200.0,8.0,50.0,31.243328198856585,72.47718740345894,True,hold current SOC,0.0,-0.0,100.0,40.30638131452149,36.941332544905904,89.58333333333334,56.768921280760395,0.0,0.0,100.0,100.0
mixed,2026-04-06,locked_test,25.0,200.0,8.0,50.0,29.03203567213765,73.56811028893516,True,hold current SOC,0.0,-0.0,100.0,36.110748740117145,34.64146516510067,75.0,55.73218918141441,0.0,0.0,100.0,100.0
mixed,2026-04-07,locked_test,25.0,200.0,8.0,50.0,29.295729689565988,73.6346461973605,True,hold current SOC,0.0,-0.0,100.0,36.611072960377356,34.501195153892354,72.91666666666666,89.79012494873731,0.0,0.0,100.0,100.0
mixed,2026-04-08,locked_test,25.0,200.0,8.0,50.0,30.67873277517956,72.30987044476703,True,hold current SOC,0.0,-0.0,100.0,39.2351368173252,37.294067665331745,81.25,43.303173470878534,0.0,0.0,100.0,100.0
mixed,2026-04-09,locked_test,25.0,200.0,8.0,50.0,29.710232512525554,72.75167114669631,True,hold current SOC,0.0,-0.0,100.0,37.39753677065041,36.36267000535996,91.66666666666666,45.21724596651745,0.0,0.0,100.0,100.0
mixed,2026-04-10,locked_test,25.0,200.0,8.0,50.0,31.815362498511128,72.47238609998004,True,hold current SOC,0.0,-0.0,100.0,41.39174008651007,36.95145458139324,87.5,58.45910421071192,0.0,0.0,100.0,100.0
mixed,2026-04-11,locked_test,25.0,200.0,8.0,50.0,31.54929665403322,72.56487138214742,True,hold current SOC,0.0,-0.0,100.0,40.886915640834275,36.75647848693175,85.41666666666666,64.17396776748663,0.0,0.0,100.0,100.0
mixed,2026-04-12,locked_test,25.0,200.0,8.0,50.0,30.898032492524933,73.49549272913555,True,hold current SOC,0.0,-0.0,100.0,39.651228775550706,34.79455642316081,95.83333333333334,53.13059732924422,0.0,0.0,100.0,100.0
mixed,2026-04-13,locked_test,25.0,200.0,8.0,50.0,30.21543726532095,72.07257114460614,True,hold current SOC,0.0,-0.0,100.0,38.35609539279588,37.79433851577997,87.5,54.571895573349536,0.0,0.0,100.0,100.0
mixed,2026-04-14,locked_test,25.0,200.0,8.0,50.0,29.768037108309255,72.42485923545617,True,hold current SOC,0.0,-0.0,100.0,37.50721327979153,37.051650009354375,95.83333333333334,40.90456175738837,0.0,0.0,100.0,100.0
mixed,2026-04-15,locked_test,25.0,200.0,8.0,50.0,32.054561674965925,72.51472074025284,True,hold current SOC,0.0,-0.0,100.0,41.84558861373028,36.86220532326931,83.33333333333334,68.93777687420219,0.0,0.0,100.0,100.0
mixed,2026-04-16,locked_test,25.0,200.0,8.0,50.0,29.74100267779303,72.5440279616847,True,hold current SOC,0.0,-0.0,100.0,37.45591905438543,36.80042027552557,79.16666666666666,54.99332564057967,0.0,0.0,100.0,100.0
mixed,2026-04-17,locked_test,25.0,200.0,8.0,50.0,31.378384332658065,72.80383562787715,True,hold current SOC,0.0,-0.0,100.0,40.56263231139497,36.252697623031665,89.58333333333334,41.46061204359199,0.0,0.0,100.0,100.0
mixed,2026-04-18,locked_test,25.0,200.0,8.0,50.0,29.08351964391015,73.80918985293259,True,hold current SOC,0.0,-0.0,100.0,36.20843270839289,34.13322481873253,91.66666666666666,42.435283525518656,0.0,0.0,100.0,100.0
mixed,2026-04-19,locked_test,25.0,200.0,8.0,50.0,29.61157307522473,72.2969691463984,True,hold current SOC,0.0,-0.0,100.0,37.210343649925704,37.32126599041061,97.91666666666666,17.612650954962223,0.0,0.0,100.0,100.0
mixed,2026-04-20,locked_test,25.0,200.0,8.0,50.0,30.300277620863397,73.20559014468739,True,hold current SOC,0.0,-0.0,100.0,38.51706864940345,35.40572473411114,100.0,24.77910334984009,0.0,0.0,100.0,100.0
mixed,2026-04-21,locked_test,25.0,200.0,8.0,50.0,31.063371335910986,73.45364501889607,True,hold current SOC,0.0,-0.0,100.0,39.96493717402939,34.8827791426405,79.16666666666666,76.98090886931256,0.0,0.0,100.0,100.0
mixed,2026-04-22,locked_test,25.0,200.0,8.0,50.0,31.34845978921113,73.80773249001813,True,hold current SOC,0.0,-0.0,100.0,40.505854482255174,34.13629720952396,95.83333333333334,38.138225541696926,0.0,0.0,100.0,100.0
mixed,2026-04-23,locked_test,25.0,200.0,8.0,50.0,27.480297292836738,74.07806503115918,True,hold current SOC,0.0,-0.0,100.0,33.166532173343654,33.56638617241269,100.0,36.59619013126338,0.0,0.0,100.0,100.0
mixed,2026-04-24,locked_test,25.0,200.0,8.0,50.0,29.775742103082827,73.51204707387792,True,hold current SOC,0.0,-0.0,100.0,37.52183247949803,34.75965680012247,91.66666666666666,26.061315059639945,0.0,0.0,100.0,100.0
mixed,2026-04-25,locked_test,25.0,200.0,8.0,50.0,31.261100277295974,73.61963490513843,True,hold current SOC,0.0,-0.0,100.0,40.340101462495674,34.53284173658844,91.66666666666666,23.17778856515028,0.0,0.0,100.0,100.0
mixed,2026-04-26,locked_test,25.0,200.0,8.0,50.0,30.67118496312073,73.47057802736866,True,hold current SOC,0.0,-0.0,100.0,39.220815850851125,34.84708122636562,89.58333333333334,37.545102989576534,0.0,0.0,100.0,100.0
mixed,2026-04-27,locked_test,25.0,200.0,8.0,50.0,30.79930144280768,73.6547841869306,True,hold current SOC,0.0,-0.0,100.0,39.463899779819194,34.45874054420021,95.83333333333334,34.68721807624185,0.0,0.0,100.0,100.0
mixed,2026-04-28,locked_test,25.0,200.0,8.0,50.0,30.52803915052834,73.59914666866403,True,hold current SOC,0.0,-0.0,100.0,38.94921576766659,34.57603473158791,91.66666666666666,50.554731175038086,0.0,0.0,100.0,100.0
mixed,2026-04-29,locked_test,25.0,200.0,8.0,50.0,31.48094966156754,74.1537973684067,True,hold current SOC,0.0,-0.0,100.0,40.757236340385916,33.406728386925906,100.0,35.25173649595034,0.0,0.0,100.0,100.0
mixed,2026-04-30,locked_test,25.0,200.0,8.0,50.0,30.70560682994246,74.06065209446473,True,hold current SOC,0.0,-0.0,100.0,39.28612675113411,33.60309586621722,79.16666666666666,55.301673270758755,0.0,0.0,100.0,100.0
mixed,2026-05-01,locked_test,25.0,200.0,8.0,50.0,29.690409724622143,73.33638259570553,True,hold current SOC,0.0,-0.0,100.0,37.35992567504088,35.12999003679561,100.0,34.50785412289366,0.0,0.0,100.0,100.0
mixed,2026-05-02,locked_test,25.0,200.0,8.0,50.0,29.709632892813858,73.73609118778963,True,hold current SOC,0.0,-0.0,100.0,37.39639907223908,34.287330335912344,77.08333333333334,43.99946435229103,0.0,0.0,100.0,100.0
mixed,2026-05-03,locked_test,25.0,200.0,8.0,50.0,31.57185041694353,74.40755665395436,True,hold current SOC,0.0,-0.0,100.0,40.92970839719668,32.87175684042747,68.75,54.803038561695494,0.0,0.0,100.0,100.0
mixed,2026-05-04,locked_test,25.0,200.0,8.0,50.0,30.77142764494831,75.40354181370023,True,hold current SOC,0.0,-0.0,100.0,39.41101296685436,30.77203576007843,79.16666666666666,43.97142075585886,0.0,0.0,100.0,100.0
mixed,2026-05-05,locked_test,25.0,200.0,8.0,50.0,30.127064664385575,74.2906288115463,True,hold current SOC,0.0,-0.0,100.0,38.18842017177053,33.118262376359965,79.16666666666666,68.35384981278597,0.0,0.0,100.0,100.0
mixed,2026-05-06,locked_test,25.0,200.0,8.0,50.0,30.501744535753684,74.81428704846834,True,hold current SOC,0.0,-0.0,100.0,38.899325243935806,32.01429388023879,91.66666666666666,18.211734536023435,0.0,0.0,100.0,100.0
mixed,2026-05-07,locked_test,25.0,200.0,8.0,50.0,29.512651426725803,74.14933234160614,True,hold current SOC,0.0,-0.0,100.0,37.02265301843259,33.41614148992824,85.41666666666666,42.38235519986014,0.0,0.0,100.0,100.0
mixed,2026-05-08,locked_test,25.0,200.0,8.0,50.0,31.628906084553872,74.84467042942529,True,hold current SOC,0.0,-0.0,100.0,41.03796391503878,31.950240089011764,91.66666666666666,39.55582357862967,0.0,0.0,100.0,100.0
mixed,2026-05-09,locked_test,25.0,200.0,8.0,50.0,31.057540062858685,74.83009169138256,True,hold current SOC,0.0,-0.0,100.0,39.9538731113272,31.980974767429085,100.0,35.9412211714444,0.0,0.0,100.0,100.0
mixed,2026-05-10,locked_test,25.0,200.0,8.0,50.0,29.698860918471226,74.09243478515054,True,hold current SOC,0.0,-0.0,100.0,37.37596068794731,33.53609207106001,66.66666666666666,81.5126437918907,0.0,0.0,100.0,100.0
mixed,2026-05-11,locked_test,25.0,200.0,8.0,50.0,30.00007423874731,73.96445875725755,True,hold current SOC,0.0,-0.0,100.0,37.94747278013984,33.805889227088784,64.58333333333334,66.6615128526841,0.0,0.0,100.0,100.0
mixed,2026-05-12,locked_test,25.0,200.0,8.0,50.0,27.97561303105867,75.23865162062916,True,hold current SOC,0.0,-0.0,100.0,34.106327709569065,31.119654809364754,85.41666666666666,43.394253247364404,0.0,0.0,100.0,100.0
mixed,2026-05-13,locked_test,25.0,200.0,8.0,50.0,29.38790027489661,74.4671603088813,True,hold current SOC,0.0,-0.0,100.0,36.78595435012676,32.74610130280091,93.75,28.050538776031196,0.0,0.0,100.0,100.0
mixed,2026-05-14,locked_test,25.0,200.0,8.0,50.0,30.899937437256664,74.54864450019812,True,hold current SOC,0.0,-0.0,100.0,39.6548431540521,32.57431754422886,79.16666666666666,49.402617083223916,0.0,0.0,100.0,100.0
mixed,2026-05-15,locked_test,25.0,200.0,8.0,50.0,28.411852742854602,75.63326418188481,True,hold current SOC,0.0,-0.0,100.0,34.93403436662341,30.28773848477769,77.08333333333334,49.63902015084536,0.0,0.0,100.0,100.0
mixed,2026-05-16,locked_test,25.0,200.0,8.0,50.0,30.740734249193927,74.9584247124296,True,hold current SOC,0.0,-0.0,100.0,39.35277634302909,31.710425003749744,93.75,32.111233373713766,0.0,0.0,100.0,100.0
mixed,2026-05-17,locked_test,25.0,200.0,8.0,50.0,28.766275651437738,75.14592921704376,True,hold current SOC,0.0,-0.0,100.0,35.60650455426202,31.315130799668225,47.91666666666667,83.21668752602744,3.8248780716210655,3.8248780716210655,95.40371266228932,95.40371266228932
mixed,2026-05-18,locked_test,25.0,200.0,8.0,50.0,31.492121149271544,74.70331868404773,True,hold current SOC,0.0,-0.0,100.0,40.778432747984255,32.248235733433944,66.66666666666666,60.494507796897395,0.0,0.0,100.0,100.0
mixed,2026-05-19,locked_test,25.0,200.0,8.0,50.0,31.0000503938016,74.922632093255,True,hold current SOC,0.0,-0.0,100.0,39.84479413363739,31.785882470426266,93.75,42.47595846152143,0.0,0.0,100.0,100.0
mixed,2026-05-20,locked_test,25.0,200.0,8.0,50.0,31.692581685777274,74.96959203656668,True,hold current SOC,0.0,-0.0,100.0,41.15877987378671,31.686882217321404,68.75,93.6665789725378,11.083290301171825,11.083290301171825,88.1672946500786,88.1672946500786
mixed,2026-05-21,locked_test,25.0,200.0,8.0,50.0,32.51348328957427,75.74822273965871,True,hold current SOC,0.0,-0.0,100.0,42.71633115551688,30.04538456538196,91.66666666666666,55.92393473766862,0.0,0.0,100.0,100.0
mixed,2026-05-22,locked_test,25.0,200.0,8.0,50.0,32.62390135113422,74.66415976586194,True,hold current SOC,0.0,-0.0,100.0,42.92583469712697,32.3307899815508,97.91666666666666,41.11917634243669,0.0,0.0,100.0,100.0
mixed,2026-05-23,locked_test,25.0,200.0,8.0,50.0,28.902594933492598,76.07832038330885,True,hold current SOC,0.0,-0.0,100.0,35.86515220643738,29.349477629255937,93.75,29.91920397797404,0.0,0.0,100.0,100.0
mixed,2026-05-24,locked_test,25.0,200.0,8.0,50.0,29.554804158303753,76.20476198880738,True,hold current SOC,0.0,-0.0,100.0,37.10263220326302,29.08291531966674,95.83333333333334,20.94321230289868,0.0,0.0,100.0,100.0
mixed,2026-05-25,locked_test,25.0,200.0,8.0,50.0,28.87700588719564,76.27144332804532,True,hold current SOC,0.0,-0.0,100.0,35.816600404767456,28.942338713385226,91.66666666666666,26.884919901112696,0.0,0.0,100.0,100.0
mixed,2026-05-26,locked_test,25.0,200.0,8.0,50.0,31.35135755756025,75.53636553630508,True,hold current SOC,0.0,-0.0,100.0,40.51135261112404,30.492018766255924,85.41666666666666,33.15392151437698,0.0,0.0,100.0,100.0
mixed,2026-05-27,locked_test,25.0,200.0,8.0,50.0,28.830724058916882,75.79225196727609,True,hold current SOC,0.0,-0.0,100.0,35.72878680978485,29.952562803456054,100.0,19.137073699377414,0.0,0.0,100.0,100.0
mixed,2026-05-28,locked_test,25.0,200.0,8.0,50.0,29.9047242368473,76.13502198152058,True,hold current SOC,0.0,-0.0,100.0,37.76655887159659,29.229940164375414,50.0,75.06557200107065,0.0,0.0,100.0,100.0
mixed,2026-05-29,locked_test,25.0,200.0,8.0,50.0,28.75384809525804,75.64640208100715,True,hold current SOC,0.0,-0.0,100.0,35.58292492429548,30.260041361513597,83.33333333333334,47.33573236378497,0.0,0.0,100.0,100.0
mixed,2026-05-30,locked_test,25.0,200.0,8.0,50.0,31.129553738379865,75.39018854461821,True,hold current SOC,0.0,-0.0,100.0,40.09050945372355,30.800186923083928,100.0,28.806836483182174,0.0,0.0,100.0,100.0
mixed,2026-05-31,locked_test,25.0,200.0,8.0,50.0,28.88104026423947,75.43944296019332,True,hold current SOC,0.0,-0.0,100.0,35.824255097006485,30.696349497725407,87.5,52.402031441482066,0.0,0.0,100.0,100.0
mixed,2026-06-01,locked_test,25.0,200.0,8.0,50.0,31.14614377215373,74.95974367327601,True,hold current SOC,0.0,-0.0,100.0,40.12198682963427,31.707644390136927,81.25,65.76291247553404,0.0,0.0,100.0,100.0
mixed,2026-06-02,locked_test,25.0,200.0,8.0,50.0,30.52108904393705,74.96799010707605,True,hold current SOC,0.0,-0.0,100.0,38.93602886758093,31.690259381215668,91.66666666666666,44.880277091454076,0.0,0.0,100.0,100.0
mixed,2026-06-03,locked_test,25.0,200.0,8.0,50.0,31.063991155334882,74.62944604204378,True,hold current SOC,0.0,-0.0,100.0,39.9661131986999,32.40397293710508,77.08333333333334,56.793860974119326,0.0,0.0,100.0,100.0
mixed,2026-06-04,locked_test,25.0,200.0,8.0,50.0,33.10875727873544,74.7949076749928,True,hold current SOC,0.0,-0.0,100.0,43.8457841380791,32.055149186778635,100.0,30.99845994433187,0.0,0.0,100.0,100.0
mixed,2026-06-05,locked_test,25.0,200.0,8.0,50.0,31.678529342645117,75.99969554252067,True,hold current SOC,0.0,-0.0,100.0,41.13211742733081,29.515233347628453,83.33333333333334,46.04754456230822,0.0,0.0,100.0,100.0
mixed,2026-06-06,locked_test,25.0,200.0,8.0,50.0,30.473198974951732,75.77648085616121,True,hold current SOC,0.0,-0.0,100.0,38.84516385040321,29.985811225025763,56.25,124.9827274664404,38.77626439623094,38.77626439623094,68.97470139892498,68.97470139892498
mixed,2026-06-07,locked_test,25.0,200.0,8.0,50.0,33.289678407169355,74.88063844979908,True,hold current SOC,0.0,-0.0,100.0,44.18905784369852,31.874412844139407,81.25,61.84105668957206,0.0,0.0,100.0,100.0
mixed,2026-06-08,locked_test,25.0,200.0,8.0,50.0,32.18887117355569,76.26250174329034,True,hold current SOC,0.0,-0.0,100.0,42.10042296989357,28.96118922919666,81.25,49.266270265688576,0.0,0.0,100.0,100.0
mixed,2026-06-09,locked_test,25.0,200.0,8.0,50.0,32.7536472515514,75.95228067070579,True,hold current SOC,0.0,-0.0,100.0,43.172010234559586,29.615192674228407,85.41666666666666,60.841867057822355,0.0,0.0,100.0,100.0
mixed,2026-06-10,locked_test,25.0,200.0,8.0,50.0,30.790332094383167,75.78211714649412,True,hold current SOC,0.0,-0.0,100.0,39.44688163772973,29.973928881688465,100.0,35.49070938266315,0.0,0.0,100.0,100.0
mixed,2026-06-11,locked_test,25.0,200.0,8.0,50.0,29.61978792539303,75.32893441615077,True,hold current SOC,0.0,-0.0,100.0,37.225930232227014,30.92932196444772,81.25,69.00594878596223,0.0,0.0,100.0,100.0
mixed,2026-06-12,locked_test,25.0,200.0,8.0,50.0,35.191358464323294,75.76657994487975,True,hold current SOC,0.0,-0.0,100.0,47.7972420606139,30.006684178732907,100.0,41.54669209611727,0.0,0.0,100.0,100.0
mixed,2026-06-13,locked_test,25.0,200.0,8.0,50.0,35.78976037611095,75.70540522025682,True,hold current SOC,0.0,-0.0,100.0,48.932629859082795,30.13565182209427,91.66666666666666,37.54717358879277,0.0,0.0,100.0,100.0
mixed,2026-06-14,locked_test,25.0,200.0,8.0,50.0,29.599603651331073,75.90407331445695,True,hold current SOC,0.0,-0.0,100.0,37.18763326485531,29.7168227047094,97.91666666666666,26.315030652884072,0.0,0.0,100.0,100.0
mixed,2026-06-15,locked_test,25.0,200.0,8.0,50.0,31.333405480178854,76.48102120506302,True,hold current SOC,0.0,-0.0,100.0,40.47729093916996,28.50050975434617,77.08333333333334,57.32217097903542,0.0,0.0,100.0,100.0
mixed,2026-06-16,locked_test,25.0,200.0,8.0,50.0,31.236962077884513,76.9729068690951,True,hold current SOC,0.0,-0.0,100.0,40.294302449242345,27.46352372319567,93.75,27.822803616362098,0.0,0.0,100.0,100.0
mixed,2026-06-17,locked_test,25.0,200.0,8.0,50.0,30.81422270832634,76.55058405187098,True,hold current SOC,0.0,-0.0,100.0,39.492210890585866,28.353858396720483,75.0,77.4290749248602,0.0,0.0,100.0,100.0
mixed,2026-06-18,locked_test,25.0,200.0,8.0,50.0,32.72931515403512,76.39867465764777,True,hold current SOC,0.0,-0.0,100.0,43.125843325519114,28.67411151920166,77.08333333333334,70.48561441658026,0.0,0.0,100.0,100.0
mixed,2026-06-19,locked_test,25.0,200.0,8.0,50.0,35.043268115454524,76.15484249867873,True,hold current SOC,0.0,-0.0,100.0,47.516260379465336,29.188154845293937,75.0,68.67665239152794,0.0,0.0,100.0,100.0
mixed,2026-06-20,locked_test,25.0,200.0,8.0,50.0,32.11069286734677,76.51833954440457,True,hold current SOC,0.0,-0.0,100.0,41.952090063153015,28.4218357871366,29.166666666666668,117.15050432569399,41.25584048165287,41.25584048165287,64.78389852513469,64.78389852513469
mixed,2026-06-21,locked_test,25.0,200.0,8.0,50.0,29.623160902586754,75.50045273991248,True,hold current SOC,0.0,-0.0,100.0,37.2323300064838,30.567729588753622,85.41666666666666,34.822652708059735,0.0,0.0,100.0,100.0
mixed,2026-06-22,locked_test,25.0,200.0,8.0,50.0,31.10996417081278,76.69603782155335,True,hold current SOC,0.0,-0.0,100.0,40.05334086258969,28.04721492575127,93.75,37.24427509111305,0.0,0.0,100.0,100.0
mixed,2026-06-23,locked_test,25.0,200.0,8.0,50.0,31.890330664897803,77.08566750678064,True,hold current SOC,0.0,-0.0,100.0,41.533982181183084,27.225803426196144,89.58333333333334,35.77219472440338,0.0,0.0,100.0,100.0
mixed,2026-06-25,locked_test,25.0,200.0,8.0,50.0,33.725063812165885,76.41628591305151,True,hold current SOC,0.0,-0.0,100.0,45.01514356756885,28.63698373284781,97.91666666666666,40.12714373305509,0.0,0.0,100.0,100.0
mixed,2026-06-26,locked_test,25.0,200.0,8.0,50.0,31.405427650578552,76.93986891423228,True,hold current SOC,0.0,-0.0,100.0,40.61394339946505,27.53317384759592,56.25,82.28804749116001,0.0,0.0,100.0,100.0
mixed,2026-06-27,locked_test,25.0,200.0,8.0,50.0,35.7063525314678,76.38101226378568,True,hold current SOC,0.0,-0.0,100.0,48.774374600804094,28.711347114891794,77.08333333333334,54.86141726191885,0.0,0.0,100.0,100.0
mixed,2026-06-28,locked_test,25.0,200.0,8.0,50.0,35.75187058357446,76.23875040418118,True,hold current SOC,0.0,-0.0,100.0,48.86073903239086,29.011261448572665,77.08333333333334,66.70292065544183,0.0,0.0,100.0,100.0
mixed,2026-06-29,locked_test,25.0,200.0,8.0,50.0,31.969907608001368,77.3397478532199,True,hold current SOC,0.0,-0.0,100.0,41.68496881484762,26.690155023907632,75.0,65.74156731949472,0.0,0.0,100.0,100.0
mixed,2026-06-30,locked_test,25.0,200.0,8.0,50.0,31.296143208502723,76.86136642534821,True,hold current SOC,0.0,-0.0,100.0,40.40659074959683,27.698671625506382,54.166666666666664,70.33245179068223,0.0,0.0,100.0,100.0
wind,2025-05-01,development_oof,15.0,360.0,24.0,50.0,39.46744568506479,61.34522290238664,True,hold current SOC,0.0,-0.0,100.0,100.63898480747395,108.7372337674647,79.16666666666666,53.5744675426385,0.0,0.0,100.0,100.0
wind,2025-05-02,development_oof,15.0,360.0,24.0,50.0,39.18597409242621,60.29512592214478,True,hold current SOC,0.0,-0.0,100.0,99.67768617175109,112.72207163341962,93.75,47.96427703351729,0.0,0.0,100.0,100.0
wind,2025-05-03,development_oof,15.0,360.0,24.0,50.0,,,False,hold current SOC,0.0,-0.0,84.78064757192202,114.11819056312568,179.03770734861948,95.83333333333334,52.73308399619207,0.0,0.0,100.0,100.0
wind,2025-05-04,development_oof,15.0,360.0,24.0,50.0,,,False,hold current SOC,0.0,-0.0,81.72557800086813,115.38959561677694,185.73050371876212,47.91666666666667,125.6640421800133,0.0,0.0,100.0,100.0
wind,2025-05-05,development_oof,15.0,360.0,24.0,46.52127716583539,45.0035371269478,46.52127716583539,True,discharge/export before target day,0.0,11.880742504748062,100.0,119.54617576209519,164.99015269335783,83.33333333333334,69.54417897175739,0.0,0.0,100.0,100.0
wind,2025-05-06,development_oof,15.0,360.0,24.0,50.0,37.648891703051845,64.7815139200222,True,hold current SOC,0.0,-0.0,100.0,94.42815036585374,95.69742618477724,95.83333333333334,48.14112903479777,0.0,0.0,100.0,100.0
wind,2025-05-07,development_oof,15.0,360.0,24.0,50.0,38.43701412102542,62.00337841828047,True,hold current SOC,0.0,-0.0,100.0,97.11979323495636,106.23970918567152,81.25,72.26891698315177,0.0,0.0,100.0,100.0
wind,2025-05-08,development_oof,15.0,360.0,24.0,50.0,37.95023645005246,63.11722531787393,True,hold current SOC,0.0,-0.0,100.0,95.45732098821884,102.01295738475287,66.66666666666666,67.96141584724407,0.0,0.0,100.0,100.0
wind,2025-05-09,development_oof,15.0,360.0,24.0,50.0,39.30602581242831,64.58381749760818,True,hold current SOC,0.0,-0.0,100.0,100.08769399375672,96.44763136089136,100.0,42.706524506278946,0.0,0.0,100.0,100.0
wind,2025-05-10,development_oof,15.0,360.0,24.0,50.0,44.63847594082882,51.39873305369038,True,hold current SOC,0.0,-0.0,100.0,118.29939694195988,146.48150894221322,75.0,83.38217308692347,0.0,0.0,100.0,100.0
wind,2025-05-11,development_oof,15.0,360.0,24.0,50.0,,,False,hold current SOC,0.0,-0.0,94.3324815500539,129.4583699248377,160.90886743771398,39.58333333333333,153.88515943330307,16.890854018970956,16.890854018970956,89.02372777129831,89.02372777129831
wind,2025-05-12,development_oof,15.0,360.0,24.0,50.0,45.60593606757919,57.181189766447226,True,hold current SOC,0.0,-0.0,100.0,121.60352469156034,124.53862852184318,97.91666666666666,45.50140274679016,0.0,0.0,100.0,100.0
wind,2025-05-13,development_oof,15.0,360.0,24.0,50.0,44.33484148712864,60.18287092787525,True,hold current SOC,0.0,-0.0,100.0,117.2624063761829,113.14804938616464,91.66666666666666,56.82320237958248,0.0,0.0,100.0,100.0
wind,2025-05-14,development_oof,15.0,360.0,24.0,50.0,49.91042944270707,54.5585242720816,True,hold current SOC,0.0,-0.0,100.0,136.30448818915082,134.49094432535543,93.75,38.99675110795447,0.0,0.0,100.0,100.0
wind,2025-05-15,development_oof,15.0,360.0,24.0,51.29303026396224,51.293030263962244,52.29496769968517,True,charge before target day,4.906704861179291,0.0,100.0,141.02642929433534,143.08053758305533,81.25,72.91032364295896,0.0,0.0,100.0,100.0
wind,2025-05-16,development_oof,15.0,360.0,24.0,50.0,42.91271433014927,61.088461160102916,True,hold current SOC,0.0,-0.0,100.0,112.40547256267348,109.71157607339637,50.0,76.82561060363528,0.0,0.0,100.0,100.0
wind,2025-05-17,development_oof,15.0,360.0,24.0,50.0,42.45226357525275,59.857231228026436,True,hold current SOC,0.0,-0.0,100.0,110.8329135759912,114.38376516387964,89.58333333333334,44.58971967976491,0.0,0.0,100.0,100.0
wind,2025-05-18,development_oof,15.0,360.0,24.0,50.0,42.87176845895447,58.70062109101983,True,hold current SOC,0.0,-0.0,100.0,112.26563177181762,118.77279204121601,81.25,78.15297110671082,0.0,0.0,100.0,100.0
wind,2025-05-19,development_oof,15.0,360.0,24.0,50.0,39.694914751371456,59.625513023686985,True,hold current SOC,0.0,-0.0,100.0,101.41585078197572,115.26307392512403,100.0,31.229792412030967,0.0,0.0,100.0,100.0
wind,2025-05-20,development_oof,15.0,360.0,24.0,50.0,36.37444850481104,64.66047895106006,True,hold current SOC,0.0,-0.0,100.0,90.07559565050728,96.15672159891501,83.33333333333334,57.75695202921219,0.0,0.0,100.0,100.0
wind,2025-05-21,development_oof,15.0,360.0,24.0,50.0,37.79638106283605,62.52611133148773,True,hold current SOC,0.0,-0.0,100.0,94.93186485801652,104.2560772492674,70.83333333333334,71.1999548838792,0.0,0.0,100.0,100.0
wind,2025-05-22,development_oof,15.0,360.0,24.0,50.0,38.410229591185924,59.31757505132792,True,hold current SOC,0.0,-0.0,100.0,97.02831710497884,116.43161636997435,100.0,39.43548622887099,0.0,0.0,100.0,100.0
wind,2025-05-23,development_oof,15.0,360.0,24.0,50.0,38.907985445582874,62.27877860649225,True,hold current SOC,0.0,-0.0,100.0,98.72828270104252,105.19463895032558,50.0,94.39676640182512,4.440892098500626e-16,4.440892098500626e-16,100.0,100.0
wind,2025-05-24,development_oof,15.0,360.0,24.0,50.0,,,False,hold current SOC,0.0,-0.0,76.72657114051684,178.04835129291266,177.45639670921057,68.75,133.04799321453538,0.0,0.0,100.0,100.0
wind,2025-05-25,development_oof,15.0,360.0,24.0,50.0,,,False,hold current SOC,0.0,-0.0,70.26605436782421,194.41876471981007,187.45646281853004,56.25,167.19235413153177,15.299414220223245,15.299414220223245,90.84921418823552,90.84921418823552
wind,2025-05-26,development_oof,15.0,360.0,24.0,50.0,,,False,hold current SOC,0.0,-0.0,73.18040865189882,185.21392496154422,207.4179831518934,100.0,86.88062910433797,0.0,0.0,100.0,100.0
wind,2025-05-27,development_oof,15.0,360.0,24.0,50.0,,,False,hold current SOC,0.0,-0.0,74.31983758491735,173.416943310374,204.2379701309879,47.91666666666667,171.50638440035706,29.002141746435775,29.002141746435775,83.08975969154919,83.08975969154919
wind,2025-05-28,development_oof,15.0,360.0,24.0,50.0,,,False,hold current SOC,0.0,-0.0,88.66965629914135,154.06667920127808,160.28925194397974,60.416666666666664,141.53283387941377,0.0,0.0,100.0,100.0
wind,2025-05-29,development_oof,15.0,360.0,24.0,50.0,,,False,hold current SOC,0.0,-0.0,69.80787108612587,195.69483038772245,184.7990472076104,39.58333333333333,208.942061971705,57.152734283622834,57.152734283622834,72.64661134082114,72.64661134082114
wind,2025-05-30,development_oof,15.0,360.0,24.0,50.0,,,False,hold current SOC,0.0,-0.0,78.08485909832454,174.9511960407766,178.5174894357247,56.25,206.01625778220873,35.11103175533318,35.11103175533318,82.9571548705389,82.9571548705389
wind,2025-05-31,development_oof,15.0,360.0,24.0,50.0,,,False,hold current SOC,0.0,-0.0,78.36289833413258,174.33045206773636,170.56579334013412,95.83333333333334,75.19449158981918,0.0,0.0,100.0,100.0
wind,2025-06-01,development_oof,15.0,360.0,24.0,50.0,,,False,hold current SOC,0.0,-0.0,63.233437640106246,216.04138572505485,200.77115492345422,93.75,93.67383019358613,0.0,0.0,100.0,100.0
wind,2025-06-02,development_oof,15.0,360.0,24.0,50.0,,,False,hold current SOC,0.0,-0.0,75.61251760458366,180.67166554839406,170.72282315062967,66.66666666666666,120.428320640755,2.5512842193827865,2.5512842193827865,97.88149149152929,97.88149149152929
wind,2025-06-03,development_oof,15.0,360.0,24.0,50.0,,,False,hold current SOC,0.0,-0.0,61.02836195324423,223.84738922525162,203.95477691717736,89.58333333333334,92.16108834638838,0.0,0.0,100.0,100.0
wind,2025-06-04,development_oof,15.0,360.0,24.0,50.0,,,False,hold current SOC,0.0,-0.0,66.51480937585438,205.38342694080558,196.20226873003128,95.83333333333334,65.04707455301227,0.0,0.0,100.0,100.0
wind,2025-06-05,development_oof,15.0,360.0,24.0,50.0,,,False,hold current SOC,0.0,-0.0,76.37886742962657,178.8588905761703,174.62920311104153,37.5,214.26141750752078,69.92483757213157,69.92483757213157,67.36470878165588,67.36470878165588
wind,2025-06-06,development_oof,15.0,360.0,24.0,50.0,,,False,hold current SOC,0.0,-0.0,79.51728967494172,171.79961172937715,158.04290979268285,58.333333333333336,153.0701237549944,8.771516363522693,8.771516363522693,94.26960915144848,94.26960915144848
wind,2025-06-07,development_oof,15.0,360.0,24.0,52.04471444685351,52.044714446853504,52.96094288656796,True,charge before target day,7.759145780050076,0.0,100.0,143.59362612131906,140.5533394362082,35.41666666666667,164.32889594267596,27.718501023401934,20.735269821356866,83.13230252999985,87.38184802958202
wind,2025-06-08,development_oof,15.0,360.0,24.0,50.0,,,False,hold current SOC,0.0,-0.0,63.44593321682306,215.3178115489535,168.9964423498042,85.41666666666666,117.30855755031992,0.0,0.0,100.0,100.0
wind,2025-06-09,development_oof,15.0,360.0,24.0,52.05155400409473,52.05155400409473,56.72205103713561,True,charge before target day,7.785100074933311,0.0,100.0,143.61698498671396,126.28093749778746,43.75,196.25329680463383,17.931465991213585,17.931465991213585,90.86310075643519,90.86310075643519
wind,2025-06-10,development_oof,15.0,360.0,24.0,50.0,,,False,hold current SOC,0.0,-0.0,67.60946997919334,202.05807701393832,161.2086944803122,54.166666666666664,172.04860564171278,4.456018669530195,4.456018669530195,97.41002337513287,97.41002337513287
wind,2025-06-11,development_oof,15.0,360.0,24.0,52.24445774653513,52.24445774653513,57.05497579744034,True,charge before target day,8.51711830927191,0.0,100.0,144.2758013976187,125.01757685935323,97.91666666666666,40.1432856413232,0.0,0.0,100.0,100.0
wind,2025-06-12,development_oof,15.0,360.0,24.0,50.0,,,False,hold current SOC,0.0,-0.0,58.00729869524287,235.50552773883481,178.52883252128854,45.83333333333333,233.5864289688263,30.46764495110167,30.46764495110167,86.95658601160953,86.95658601160953
wind,2025-06-13,development_oof,15.0,360.0,24.0,50.0,,,False,hold current SOC,0.0,-0.0,73.27298960121628,186.44031813464633,173.86387483192289,72.91666666666666,125.2257205606806,0.0,0.0,100.0,100.0
wind,2025-06-14,development_oof,15.0,360.0,24.0,50.0,,,False,hold current SOC,0.0,-0.0,74.89649054011421,182.39892675092176,170.97790451484067,91.66666666666666,73.9497627229482,0.0,0.0,100.0,100.0
wind,2025-06-15,development_oof,15.0,360.0,24.0,50.0,,,False,hold current SOC,0.0,-0.0,70.88959158343455,192.70867819641526,171.26307793834553,100.0,64.44524395156367,0.0,0.0,100.0,100.0
wind,2025-06-16,development_oof,15.0,360.0,24.0,50.0,,,False,hold current SOC,0.0,-0.0,86.20017769594844,158.48040986775703,148.88286541920704,100.0,55.167172041862884,0.0,0.0,100.0,100.0
wind,2025-06-17,development_oof,15.0,360.0,24.0,50.0,,,False,hold current SOC,0.0,-0.0,70.17797099369693,194.66278803008385,186.2445548339176,81.25,117.61560196718446,0.0,0.0,100.0,100.0
wind,2025-06-18,development_oof,15.0,360.0,24.0,50.0,45.894114239502315,60.26210406618085,True,hold current SOC,0.0,-0.0,100.0,122.58772803839867,112.84738076631406,64.58333333333334,108.1158466806312,0.0,0.0,100.0,100.0
wind,2025-06-19,development_oof,15.0,360.0,24.0,50.0,39.27534550876318,63.256688429727475,True,hold current SOC,0.0,-0.0,100.0,99.9829127837583,101.4837320851144,85.41666666666666,64.02192243225163,0.0,0.0,100.0,100.0
wind,2025-06-20,development_oof,15.0,360.0,24.0,50.0,48.024453917757185,57.52203760581261,True,hold current SOC,0.0,-0.0,100.0,129.8633916573636,123.24520191231304,70.83333333333334,95.91185814759386,0.0,0.0,100.0,100.0
wind,2025-06-21,development_oof,15.0,360.0,24.0,50.0,,,False,hold current SOC,0.0,-0.0,85.50137431926498,159.77567145197713,149.3390921056677,83.33333333333334,85.62018295077257,0.0,0.0,100.0,100.0
wind,2025-06-22,development_oof,15.0,360.0,24.0,50.0,,,False,hold current SOC,0.0,-0.0,60.14237368509039,227.1450003529548,188.30703610687988,60.416666666666664,178.10136335336585,26.00070772115769,26.00070772115769,85.4011742349381,85.4011742349381
wind,2025-06-23,development_oof,15.0,360.0,24.0,50.0,,,False,hold current SOC,0.0,-0.0,55.07599586814306,248.03980893297268,201.94164025234954,91.66666666666666,94.08391075461986,0.0,0.0,100.0,100.0
wind,2025-06-24,development_oof,15.0,360.0,24.0,50.0,,,False,hold current SOC,0.0,-0.0,59.18422898011105,230.82229383301097,199.81961326547872,64.58333333333334,137.484467730869,0.0,0.0,100.0,100.0
wind,2025-06-25,development_oof,15.0,360.0,24.0,50.0,43.362240219695344,56.60082411713471,True,hold current SOC,0.0,-0.0,100.0,113.94072029510667,126.74096131490333,66.66666666666666,88.32286110916462,0.0,0.0,100.0,100.0
wind,2025-06-26,development_oof,15.0,360.0,24.0,50.0,,,False,hold current SOC,0.0,-0.0,67.82233938440585,201.4238909468881,187.69492496830242,97.91666666666666,93.59689652243061,0.0,0.0,100.0,100.0
wind,2025-06-27,development_oof,15.0,360.0,24.0,50.0,,,False,hold current SOC,0.0,-0.0,62.73404189667205,217.76118800743325,198.05772078919694,72.91666666666666,138.65599947542523,0.0,0.0,100.0,100.0
wind,2025-06-28,development_oof,15.0,360.0,24.0,50.0,,,False,hold current SOC,0.0,-0.0,59.628835570045446,229.10122864767163,207.68398054929858,87.5,143.25662989562977,0.0,0.0,100.0,100.0
wind,2025-06-29,development_oof,15.0,360.0,24.0,50.0,43.11015461329513,58.37152464587627,True,hold current SOC,0.0,-0.0,100.0,113.07978243901175,120.02162524503797,89.58333333333334,60.2917580222167,0.0,0.0,100.0,100.0
wind,2025-06-30,development_oof,15.0,360.0,24.0,50.0,,,False,hold current SOC,0.0,-0.0,93.02995582081476,146.84559797319434,142.60120644969197,91.66666666666666,69.2016269425181,0.0,0.0,100.0,100.0
wind,2025-07-01,development_oof,15.0,360.0,24.0,50.0,39.69148332015089,59.54138252507549,True,hold current SOC,0.0,-0.0,100.0,101.40413155262122,115.58232672068156,72.91666666666666,70.35681574988593,0.0,0.0,100.0,100.0
wind,2025-07-02,development_oof,15.0,360.0,24.0,50.0,46.952931980032844,55.695765964419046,True,hold current SOC,0.0,-0.0,100.0,126.20386578043392,130.1754155278865,83.33333333333334,88.56135480954023,0.0,0.0,100.0,100.0
wind,2025-07-03,development_oof,15.0,360.0,24.0,50.0,,,False,hold current SOC,0.0,-0.0,80.29579221177386,170.13393996907678,165.18919932589165,100.0,38.09169602960735,0.0,0.0,100.0,100.0
wind,2025-07-04,development_oof,15.0,360.0,24.0,50.0,,,False,hold current SOC,0.0,-0.0,69.28495676488512,197.1717978880382,204.40641371789866,50.0,221.99290575622575,70.11014412926244,70.11014412926244,68.41784475479969,68.41784475479969
wind,2025-07-05,development_oof,15.0,360.0,24.0,50.0,,,False,hold current SOC,0.0,-0.0,64.16510990955383,212.90448206484479,219.76297766313098,68.75,170.21882862637636,2.312076977083919,2.312076977083919,98.64170315602463,98.64170315602463
wind,2025-07-06,development_oof,15.0,360.0,24.0,50.0,,,False,hold current SOC,0.0,-0.0,90.06401508909609,151.68143990042165,158.4810898920379,66.66666666666666,122.97740497784544,0.0,0.0,100.0,100.0
wind,2025-07-07,development_oof,15.0,360.0,24.0,50.0,,,False,hold current SOC,0.0,-0.0,67.29959908442652,202.98842307797096,209.1635987376882,93.75,96.03150756727956,0.0,0.0,100.0,100.0
wind,2025-07-08,development_oof,15.0,360.0,24.0,50.851352692421926,50.851352692421926,55.27767703408026,True,charge before target day,3.2306563202040652,0.0,100.0,139.51798560745763,131.76195146913534,70.83333333333334,79.53523959611498,0.0,0.0,100.0,100.0
wind,2025-07-09,development_oof,15.0,360.0,24.0,50.0,41.130973998323476,59.48097844906435,True,hold current SOC,0.0,-0.0,100.0,106.32036630331551,115.81154407286535,100.0,43.20021869669421,0.0,0.0,100.0,100.0
wind,2025-07-10,development_oof,15.0,360.0,24.0,50.0,37.79861022528081,64.85068448411803,True,hold current SOC,0.0,-0.0,100.0,94.93947802706447,95.43494234927948,70.83333333333334,66.41222947090188,0.0,0.0,100.0,100.0
wind,2025-07-11,development_oof,15.0,360.0,24.0,50.0,37.25701826600938,67.35701392727756,True,hold current SOC,0.0,-0.0,100.0,93.08980074103515,85.92409082072868,66.66666666666666,77.18336457607107,4.440892098500626e-16,4.440892098500626e-16,100.0,100.0
wind,2025-07-12,development_oof,15.0,360.0,24.0,50.0,41.34369110123918,62.678386096461416,True,hold current SOC,0.0,-0.0,100.0,107.04685048920042,103.67823514428704,100.0,46.542195275498116,0.0,0.0,100.0,100.0
wind,2025-07-13,development_oof,15.0,360.0,24.0,50.0,41.426705568104914,62.924317521992855,True,hold current SOC,0.0,-0.0,100.0,107.33036646676395,102.7449910008173,56.25,95.16421181958731,0.0,0.0,100.0,100.0
wind,2025-07-14,development_oof,15.0,360.0,24.0,50.0,,,False,hold current SOC,0.0,-0.0,73.30321642064466,186.36343886378208,172.83547543217082,66.66666666666666,113.3630234604888,0.0,0.0,100.0,100.0
wind,2025-07-15,development_oof,15.0,360.0,24.0,50.0,,,False,hold current SOC,0.0,-0.0,63.94434037032656,213.63954046301834,212.11712541176524,93.75,73.12917543691898,0.0,0.0,100.0,100.0
wind,2025-07-16,development_oof,15.0,360.0,24.0,50.0,47.36019199282201,55.99451286257332,True,hold current SOC,0.0,-0.0,100.0,127.59476455998282,129.04175075739306,60.416666666666664,105.90625384209503,0.0,0.0,100.0,100.0
wind,2025-07-17,development_oof,15.0,360.0,24.0,50.0,40.49137582785504,61.502898208798705,True,hold current SOC,0.0,-0.0,100.0,104.13597233688205,108.1388980486322,95.83333333333334,42.2431841023467,0.0,0.0,100.0,100.0
wind,2025-07-18,development_oof,15.0,360.0,24.0,50.0,42.82990669027855,59.723138044377144,True,hold current SOC,0.0,-0.0,100.0,112.12266295304671,114.89261301872165,83.33333333333334,61.69109325534534,0.0,0.0,100.0,100.0
wind,2025-07-19,development_oof,15.0,360.0,24.0,50.0,38.6342361418733,65.65733124201323,True,hold current SOC,0.0,-0.0,100.0,97.79335768882649,92.37393312271243,97.91666666666666,50.26135831223159,0.0,0.0,100.0,100.0
wind,2025-07-20,development_oof,15.0,360.0,24.0,50.0,,,False,hold current SOC,0.0,-0.0,92.6818426106984,147.3971503707511,142.1956672151315,64.58333333333334,121.05751145521674,0.0,0.0,100.0,100.0
wind,2025-07-21,development_oof,15.0,360.0,24.0,50.0,39.093864709634026,65.73409637795513,True,hold current SOC,0.0,-0.0,100.0,99.36310869277584,92.08262991334973,68.75,71.04331296548597,0.0,0.0,100.0,100.0
wind,2025-07-22,development_oof,15.0,360.0,24.0,50.0,49.64914778627208,58.17387243058394,True,hold current SOC,0.0,-0.0,100.0,135.41214343238215,120.77166266692004,91.66666666666666,73.48678446279811,0.0,0.0,100.0,100.0
wind,2025-07-23,development_oof,15.0,360.0,24.0,50.0,44.00605074884369,61.87696894747006,True,hold current SOC,0.0,-0.0,100.0,116.13950056111025,106.71939940036447,100.0,41.289958637066775,0.0,0.0,100.0,100.0
wind,2025-07-24,development_oof,15.0,360.0,24.0,50.0,40.10845898463065,62.58811050862397,True,hold current SOC,0.0,-0.0,100.0,102.82821180752889,104.02080691389935,100.0,43.57934098261039,0.0,0.0,100.0,100.0
wind,2025-07-25,development_oof,15.0,360.0,24.0,50.0,43.90305351354254,62.559055767373636,True,hold current SOC,0.0,-0.0,100.0,115.78773823635814,104.13106190491283,100.0,38.52270302576184,0.0,0.0,100.0,100.0
wind,2025-07-26,development_oof,15.0,360.0,24.0,50.0,46.574907699127735,61.4793565670511,True,hold current SOC,0.0,-0.0,100.0,124.91281462284584,108.2282322979708,91.66666666666666,55.61340308127586,0.0,0.0,100.0,100.0
wind,2025-07-27,development_oof,15.0,360.0,24.0,50.0,,,False,hold current SOC,0.0,-0.0,80.5631792194249,169.56927003488377,147.60814506223335,64.58333333333334,137.65512644328783,0.0,0.0,100.0,100.0
wind,2025-07-28,development_oof,15.0,360.0,24.0,50.5806987404355,50.5806987404355,56.29561013683248,True,charge before target day,2.2035967850005376,0.0,100.0,138.59363202577447,127.89916693668025,77.08333333333334,92.9779512868067,0.0,0.0,100.0,100.0
wind,2025-07-29,development_oof,15.0,360.0,24.0,50.0,38.09994447145453,66.53022057863042,True,hold current SOC,0.0,-0.0,100.0,95.96861278637681,89.06155098393188,89.58333333333334,45.46372726319407,0.0,0.0,100.0,100.0
wind,2025-07-30,development_oof,15.0,360.0,24.0,50.0,43.063584642702864,64.67732520158309,True,hold current SOC,0.0,-0.0,100.0,112.92073388716199,96.09279457289112,62.5,87.87403539129903,0.0,0.0,100.0,100.0
wind,2025-07-31,development_oof,15.0,360.0,24.0,52.436232392282044,52.43623239228204,60.41041129968646,True,charge before target day,9.244851922910481,0.0,100.0,144.9307616498934,112.28459438468667,91.66666666666666,53.25712230222317,0.0,0.0,100.0,100.0
wind,2025-08-01,development_oof,15.0,360.0,24.0,50.0,,,False,hold current SOC,0.0,-0.0,84.61473550246966,161.44988707704076,144.42705282393885,97.91666666666666,42.30764711373258,0.0,0.0,100.0,100.0
wind,2025-08-02,development_oof,15.0,360.0,24.0,50.0,44.83537796324542,62.72265750497225,True,hold current SOC,0.0,-0.0,100.0,118.97186851802829,103.51023696094543,56.25,94.53170236325288,0.0,0.0,100.0,100.0
wind,2025-08-03,development_oof,15.0,360.0,24.0,50.0,,,False,hold current SOC,0.0,-0.0,69.83539119473431,195.61771271294114,179.03904419571677,83.33333333333334,116.799131630182,0.0,0.0,100.0,100.0
wind,2025-08-04,development_oof,15.0,360.0,24.0,50.0,,,False,hold current SOC,0.0,-0.0,73.10796528437861,183.12444192259494,207.62351557404907,77.08333333333334,134.43657048057864,13.306401624143257,13.306401624143257,90.10209679064555,90.10209679064555
wind,2025-08-05,development_oof,15.0,360.0,24.0,50.0,,,False,hold current SOC,0.0,-0.0,64.4495018121349,203.88093647760508,235.516681153775,89.58333333333334,117.29411108454828,7.797074831239463,7.797074831239463,93.35254365360325,93.35254365360325
wind,2025-08-11,development_oof,15.0,360.0,24.0,50.0,41.20068642978473,63.607903047983555,True,hold current SOC,0.0,-0.0,100.0,106.55845237313314,100.15096631563149,77.08333333333334,66.08458689943775,0.0,0.0,100.0,100.0
wind,2025-08-12,development_oof,15.0,360.0,24.0,50.0,40.289430178986834,64.52831498707499,True,hold current SOC,0.0,-0.0,100.0,103.44627546577917,96.65824857986215,100.0,48.841403591436155,0.0,0.0,100.0,100.0
wind,2025-08-13,development_oof,15.0,360.0,24.0,50.0,41.89931975037933,64.70981071544105,True,hold current SOC,0.0,-0.0,100.0,108.94446671888791,95.96952071518855,93.75,68.42445925457838,0.0,0.0,100.0,100.0
wind,2025-08-14,development_oof,15.0,360.0,24.0,50.0,46.06523847789332,64.20349674785031,True,hold current SOC,0.0,-0.0,100.0,123.17216178307004,97.8908471336807,83.33333333333334,56.070961327357686,0.0,0.0,100.0,100.0
wind,2025-08-15,development_oof,15.0,360.0,24.0,50.0,39.954608682890004,65.01903016614907,True,hold current SOC,0.0,-0.0,100.0,102.30277304554792,94.79611540191237,100.0,22.679728072090416,0.0,0.0,100.0,100.0
wind,2025-08-16,development_oof,15.0,360.0,24.0,50.0,45.069790165723816,61.885084469311224,True,hold current SOC,0.0,-0.0,100.0,119.77244710689004,106.68860316026174,100.0,47.671370789783104,0.0,0.0,100.0,100.0
wind,2025-08-17,development_oof,15.0,360.0,24.0,50.0,43.89585017906776,65.97103815161718,True,hold current SOC,0.0,-0.0,100.0,115.76313697717475,91.18349910021513,72.91666666666666,79.14116884142729,0.0,0.0,100.0,100.0
wind,2025-08-18,development_oof,15.0,360.0,24.0,50.0,48.18161569571959,63.232743408590075,True,hold current SOC,0.0,-0.0,100.0,130.4001399712051,101.5745970516125,79.16666666666666,99.37707648694044,0.0,0.0,100.0,100.0
wind,2025-08-19,development_oof,15.0,360.0,24.0,50.0,,,False,hold current SOC,0.0,-0.0,84.19993443018453,162.2452509539022,152.00637425565287,97.91666666666666,66.57041534657392,0.0,0.0,100.0,100.0
wind,2025-08-20,development_oof,15.0,360.0,24.0,50.0,,,False,hold current SOC,0.0,-0.0,81.87008555066714,166.8624064582534,142.82694017768915,89.58333333333334,83.32690281977878,0.0,0.0,100.0,100.0
wind,2025-08-21,development_oof,15.0,360.0,24.0,50.0,37.977385146080515,65.20766243416443,True,hold current SOC,0.0,-0.0,100.0,95.55004084036723,94.08030627335415,100.0,34.14919954396689,0.0,0.0,100.0,100.0
wind,2025-08-22,development_oof,15.0,360.0,24.0,50.0,39.036860420825796,66.16391288943534,True,hold current SOC,0.0,-0.0,100.0,99.16842423262123,90.4515909306793,68.75,85.59052490967895,0.0,0.0,100.0,100.0
wind,2025-08-23,development_oof,15.0,360.0,24.0,50.0,35.78337133170645,68.54851043399607,True,hold current SOC,0.0,-0.0,100.0,88.0569134993676,81.40267947829116,68.75,83.33755137487378,0.0,0.0,100.0,100.0
wind,2025-08-24,development_oof,15.0,360.0,24.0,50.0,37.42264188569466,67.4354083921257,True,hold current SOC,0.0,-0.0,100.0,93.65544844336428,85.6266047428846,91.66666666666666,50.371913344475544,0.0,0.0,100.0,100.0
wind,2025-08-25,development_oof,15.0,360.0,24.0,50.0,,,False,hold current SOC,0.0,-0.0,76.34465423511851,178.9390446363869,159.1160598425,93.75,84.01556473858079,0.0,0.0,100.0,100.0
wind,2025-08-26,development_oof,15.0,360.0,24.0,50.0,,,False,hold current SOC,0.0,-0.0,69.00482153279287,197.97224582973985,183.8370081033899,93.75,73.9857847787397,0.0,0.0,100.0,100.0
wind,2025-08-27,development_oof,15.0,360.0,24.0,50.0,,,False,hold current SOC,0.0,-0.0,76.45664163662413,178.67694943827496,151.16333584311036,85.41666666666666,69.93394184935427,0.0,0.0,100.0,100.0
wind,2025-08-28,development_oof,15.0,360.0,24.0,50.0,,,False,hold current SOC,0.0,-0.0,67.89504799683431,201.20818667901023,190.98387423664775,93.75,108.50590226047876,0.036070444459017637,0.036070444459017637,99.96675715909682,99.96675715909682
wind,2025-08-29,development_oof,15.0,360.0,24.0,52.583151249782276,52.583151249782276,60.19954701691305,True,charge before target day,9.802369788027036,0.0,100.0,145.43252772849831,113.08476807757684,91.66666666666666,46.253086903755346,0.0,0.0,100.0,100.0
wind,2025-08-30,development_oof,15.0,360.0,24.0,50.0,,,False,hold current SOC,0.0,-0.0,76.67007572697382,178.17954870130922,174.28209055852358,64.58333333333334,185.00726598024804,16.091309513712222,16.091309513712222,91.30233646313644,91.30233646313644
wind,2025-08-31,development_oof,15.0,360.0,24.0,50.0,,,False,hold current SOC,0.0,-0.0,60.48497367062821,209.41981357848545,250.95377988366695,89.58333333333334,82.82237146980216,0.0,0.0,100.0,100.0
wind,2025-09-01,development_oof,15.0,360.0,24.0,50.0,,,False,hold current SOC,0.0,-0.0,60.095019032993925,212.5106941975141,252.58221085635307,100.0,81.62789133293072,0.0,0.0,100.0,100.0
wind,2025-09-02,development_oof,15.0,360.0,24.0,50.0,,,False,hold current SOC,0.0,-0.0,86.4619589930601,158.0005779538711,140.05594481253064,95.83333333333334,49.63568399947611,0.0,0.0,100.0,100.0
wind,2025-09-03,development_oof,15.0,360.0,24.0,50.0,,,False,hold current SOC,0.0,-0.0,71.60519163606897,190.7828075003162,172.92023247483996,95.83333333333334,92.76881258762177,0.0,0.0,100.0,100.0
wind,2025-09-04,development_oof,15.0,360.0,24.0,52.0445078204784,52.04450782047841,59.90616445553698,True,charge before target day,7.7583616880860875,0.0,100.0,143.59292043855146,114.19807662124384,100.0,55.62522303411141,0.0,0.0,100.0,100.0
wind,2025-09-05,development_oof,15.0,360.0,24.0,50.0,44.56749047076391,64.98451755060886,True,hold current SOC,0.0,-0.0,100.0,118.05696311448241,94.92708156965256,95.83333333333334,43.839137631663334,0.0,0.0,100.0,100.0
wind,2025-09-06,development_oof,15.0,360.0,24.0,50.0,,,False,hold current SOC,0.0,-0.0,71.49863590529432,191.06713462369464,177.55533829308845,70.83333333333334,172.25931292608982,29.658444928754815,29.658444928754815,82.78267547631508,82.78267547631508
wind,2025-09-07,development_oof,15.0,360.0,24.0,50.0,,,False,hold current SOC,0.0,-0.0,63.23791640156803,203.8538016358578,240.02898312493812,66.66666666666666,219.63128541730737,62.89185829994433,62.89185829994433,71.36479979141062,71.36479979141062
wind,2025-09-08,development_oof,15.0,360.0,24.0,53.77252884025226,53.77252884025226,56.83324062821058,True,charge before target day,14.315740408644766,0.0,100.0,149.49456128705427,125.8590026659079,64.58333333333334,93.61934581359262,0.0,0.0,100.0,100.0
wind,2025-09-09,development_oof,15.0,360.0,24.0,54.0020591191459,54.0020591191459,55.16168146843601,True,charge before target day,15.186746576577859,0.0,100.0,150.27846683819405,132.20212369223384,31.25,192.31385668069169,16.634381394473856,31.821127971051798,91.35039893558333,83.45354384739629
wind,2025-09-10,development_oof,15.0,360.0,24.0,50.0,,,False,hold current SOC,0.0,-0.0,61.88483362954991,220.74939352190927,224.51064129183231,54.166666666666664,224.07611201937695,72.28678433129475,72.28678433129475,67.74007560205982,67.74007560205982
wind,2025-09-11,development_oof,15.0,360.0,24.0,50.0,,,False,hold current SOC,0.0,-0.0,54.54575048130069,213.19113653734027,278.27892429515373,100.0,98.76924711729305,0.0,0.0,100.0,100.0
wind,2025-09-12,development_oof,15.0,360.0,24.0,50.0,,,False,hold current SOC,0.0,-0.0,61.8064380338116,213.93689609885826,245.58821462101554,95.83333333333334,100.44573108571751,0.0,0.0,100.0,100.0
wind,2025-09-13,development_oof,15.0,360.0,24.0,50.0,,,False,hold current SOC,0.0,-0.0,66.57344458425378,205.20253349123777,206.97319150498845,91.66666666666666,85.35806074752035,0.0,0.0,100.0,100.0
wind,2025-09-14,development_oof,15.0,360.0,24.0,50.0,,,False,hold current SOC,0.0,-0.0,86.53703732413027,152.95916731939369,175.4038876088918,89.58333333333334,83.13175380509661,0.0,0.0,100.0,100.0
wind,2025-09-15,development_oof,15.0,360.0,24.0,50.0,,,False,hold current SOC,0.0,-0.0,64.6583196907225,158.90926036678107,234.75606606254215,97.91666666666666,71.99790735263518,0.0,0.0,100.0,100.0
wind,2025-09-16,development_oof,15.0,360.0,24.0,50.0,,,False,hold current SOC,0.0,-0.0,61.056181422281774,193.3626361556696,248.60599558014346,100.0,114.80756048186421,0.0,0.0,100.0,100.0
wind,2025-09-17,development_oof,15.0,360.0,24.0,50.0,,,False,hold current SOC,0.0,-0.0,68.248555069015,187.66015229479962,222.40665393514666,72.91666666666666,162.41621996416785,10.626892276085584,10.626892276085584,93.45700061334387,93.45700061334387
wind,2025-09-18,development_oof,15.0,360.0,24.0,50.0,,,False,hold current SOC,0.0,-0.0,59.21479599006649,186.1855466533458,256.3368245219412,87.5,158.69217866159298,1.800319137875782,1.800319137875782,98.86552749287354,98.86552749287354
wind,2025-09-19,development_oof,15.0,360.0,24.0,50.0,,,False,hold current SOC,0.0,-0.0,68.48758452469589,199.4673864866905,191.15408446900315,77.08333333333334,137.18323324968557,0.051090413427623105,0.051090413427623105,99.96275753806252,99.96275753806252
wind,2025-09-20,development_oof,15.0,360.0,24.0,50.0,,,False,hold current SOC,0.0,-0.0,88.60782238538573,154.17419279881256,153.052327049264,60.416666666666664,168.10776250780336,21.63925625557543,21.63925625557543,87.12774714697011,87.12774714697011
wind,2025-09-21,development_oof,15.0,360.0,24.0,50.0,,,False,hold current SOC,0.0,-0.0,86.75925052300927,157.45916901742225,147.70596435475704,43.75,205.8001938694144,54.010866181332055,54.010866181332055,73.75567769600676,73.75567769600676
wind,2025-09-22,development_oof,15.0,360.0,24.0,50.0,45.355530387382615,62.141921834281895,True,hold current SOC,0.0,-0.0,100.0,120.74832422001828,105.71397388640986,66.66666666666666,77.03246934519294,0.0,0.0,100.0,100.0
wind,2025-09-23,development_oof,15.0,360.0,24.0,50.0,36.032233231172306,70.46842083094559,True,hold current SOC,0.0,-0.0,100.0,88.9068415585274,74.11713176893298,72.91666666666666,56.49757260998612,0.0,0.0,100.0,100.0
wind,2025-09-24,development_oof,15.0,360.0,24.0,50.0,39.764067328298815,64.46692425107295,True,hold current SOC,0.0,-0.0,100.0,101.65202480306905,96.89121004346283,77.08333333333334,46.11409771256998,0.0,0.0,100.0,100.0
wind,2025-09-25,development_oof,15.0,360.0,24.0,51.098365939336446,51.09836593933644,56.88107923174337,True,charge before target day,4.168005687184178,0.0,100.0,140.36160003773975,125.67746792921344,87.5,60.33213339980589,0.0,0.0,100.0,100.0
wind,2025-09-26,development_oof,15.0,360.0,24.0,50.0,49.20465466608933,58.137629475414535,True,hold current SOC,0.0,-0.0,100.0,133.8940839152055,120.90919501188488,52.083333333333336,124.55886741533376,0.0,0.0,100.0,100.0
wind,2025-09-27,development_oof,15.0,360.0,24.0,50.0,,,False,hold current SOC,0.0,-0.0,73.93276536667874,184.77652532234896,187.39954080436038,66.66666666666666,128.60809434955314,0.0,0.0,100.0,100.0
wind,2025-09-28,development_oof,15.0,360.0,24.0,50.0,41.541084738880826,62.6766575621441,True,hold current SOC,0.0,-0.0,100.0,107.7210010590199,103.68479447083479,50.0,98.53669848476909,0.0,0.0,100.0,100.0
wind,2025-09-29,development_oof,15.0,360.0,24.0,50.0,34.37029515117364,70.32025905464648,True,hold current SOC,0.0,-0.0,100.0,83.23089112252748,74.67936617927083,89.58333333333334,40.6513073649951,0.0,0.0,100.0,100.0
wind,2025-09-30,development_oof,15.0,360.0,24.0,50.0,41.931679437600074,61.87198750589515,True,hold current SOC,0.0,-0.0,100.0,109.05498346015517,106.73830264205382,87.5,56.07553241893427,0.0,0.0,100.0,100.0
wind,2025-10-01,development_oof,15.0,360.0,24.0,50.0,,,False,hold current SOC,0.0,-0.0,75.8974683526198,179.9933487696609,181.73911097557334,83.33333333333334,122.3302160064055,0.0,0.0,100.0,100.0
wind,2025-10-02,development_oof,15.0,360.0,24.0,50.0,,,False,hold current SOC,0.0,-0.0,74.0087375741996,174.68147182009855,205.09649625613656,68.75,149.3892578475229,0.0,0.0,100.0,100.0
wind,2025-10-03,development_oof,15.0,360.0,24.0,50.0,,,False,hold current SOC,0.0,-0.0,61.14253161716935,166.65300382580372,248.25489503522365,77.08333333333334,157.5773948061982,10.19448984284637,10.19448984284637,93.53048712641531,93.53048712641531
wind,2025-10-04,development_oof,15.0,360.0,24.0,50.0,,,False,hold current SOC,0.0,-0.0,66.70973348950866,126.11197035059286,227.53700209573447,47.91666666666667,224.333380044066,72.54405235598378,72.54405235598378,67.66239052711018,67.66239052711018
wind,2025-10-05,development_oof,15.0,360.0,24.0,50.0,,,False,hold current SOC,0.0,-0.0,57.75222178221847,150.02799912984898,262.8285510131095,91.66666666666666,136.5132667085924,1.4915325523974658,1.4915325523974658,98.90740835058811,98.90740835058811
wind,2025-10-06,development_oof,15.0,360.0,24.0,50.0,,,False,hold current SOC,0.0,-0.0,61.42265365552506,221.56669818746872,247.1227123128838,100.0,74.92045983243555,0.0,0.0,100.0,100.0
wind,2025-10-07,development_oof,15.0,360.0,24.0,50.0,,,False,hold current SOC,0.0,-0.0,76.73336353607773,178.03259054979893,189.88656137119432,87.5,102.36561550647966,0.0,0.0,100.0,100.0
wind,2025-10-08,development_oof,15.0,360.0,24.0,50.0,,,False,hold current SOC,0.0,-0.0,93.0874773460131,146.754857703881,140.99372506701079,100.0,68.31295518822066,0.0,0.0,100.0,100.0
wind,2025-10-09,development_oof,15.0,360.0,24.0,50.0,,,False,hold current SOC,0.0,-0.0,72.23391566975043,189.12223386012926,204.47195588644624,100.0,67.1532446967989,0.0,0.0,100.0,100.0
wind,2025-10-10,development_oof,15.0,360.0,24.0,50.0,48.52292815117381,59.353507409515565,True,hold current SOC,0.0,-0.0,100.0,131.56581070446677,116.29526265768567,60.416666666666664,103.52159463909047,0.0,0.0,100.0,100.0
wind,2025-10-11,development_oof,15.0,360.0,24.0,50.0,35.796768387248505,68.00686730285835,True,hold current SOC,0.0,-0.0,100.0,88.10266792557653,83.45807064634772,89.58333333333334,37.13176274915202,0.0,0.0,100.0,100.0
wind,2025-10-12,development_oof,15.0,360.0,24.0,50.0,34.37052417697035,68.55990696377984,True,hold current SOC,0.0,-0.0,100.0,83.23167330514084,81.35943268844477,77.08333333333334,53.85809633581974,0.0,0.0,100.0,100.0
wind,2025-10-13,development_oof,15.0,360.0,24.0,50.0,35.67729554340623,70.0425997315458,True,hold current SOC,0.0,-0.0,100.0,87.69463711609097,75.73300922876535,95.83333333333334,28.87385458739877,0.0,0.0,100.0,100.0
wind,2025-10-14,development_oof,15.0,360.0,24.0,50.0,34.66354222214462,69.60408462858626,True,hold current SOC,0.0,-0.0,100.0,84.2324060768841,77.3970570452478,95.83333333333334,43.50932674466114,0.0,0.0,100.0,100.0
wind,2025-10-15,development_oof,15.0,360.0,24.0,50.0,33.34924934727168,72.03300792650585,True,hold current SOC,0.0,-0.0,100.0,79.74375435998462,68.1799411853195,100.0,26.736243191092548,0.0,0.0,100.0,100.0
wind,2025-10-16,development_oof,15.0,360.0,24.0,50.0,32.166278906465074,73.06622897976669,True,hold current SOC,0.0,-0.0,100.0,75.70360288257416,64.25914295962859,100.0,18.98691352279736,0.0,0.0,100.0,100.0
wind,2025-10-17,development_oof,15.0,360.0,24.0,50.0,33.065451628910516,71.90582692475019,True,hold current SOC,0.0,-0.0,100.0,78.77451140042191,68.6625591540992,72.91666666666666,66.11359047760119,0.0,0.0,100.0,100.0
wind,2025-10-18,development_oof,15.0,360.0,24.0,50.0,,,False,hold current SOC,0.0,-0.0,85.72058795527651,159.3670764257339,151.03588945263635,89.58333333333334,96.6832580796578,0.0,0.0,100.0,100.0
wind,2025-10-19,development_oof,15.0,360.0,24.0,50.0,,,False,hold current SOC,0.0,-0.0,58.975411160456325,199.88637727758868,257.37731149530106,62.5,217.72263925945504,65.93331157137291,65.93331157137291,69.71683248208207,69.71683248208207
wind,2025-10-20,development_oof,15.0,360.0,24.0,50.0,44.51427757397476,61.09591127440928,True,hold current SOC,0.0,-0.0,100.0,117.87522724335335,109.68330487735228,81.25,68.12169053497334,0.0,0.0,100.0,100.0
wind,2025-10-21,development_oof,15.0,360.0,24.0,50.0,,,False,hold current SOC,0.0,-0.0,76.03853280568114,179.6594303948317,188.12784139262055,89.58333333333334,99.15930591625154,0.0,0.0,100.0,100.0
wind,2025-10-22,development_oof,15.0,360.0,24.0,50.0,46.87614097099552,58.012521908083016,True,hold current SOC,0.0,-0.0,100.0,125.94160452866296,121.38394485023343,81.25,81.31974838480079,0.0,0.0,100.0,100.0
wind,2025-10-23,development_oof,15.0,360.0,24.0,50.0,,,False,hold current SOC,0.0,-0.0,61.9569584730898,175.8065748769173,244.99157387464385,95.83333333333334,87.91193610613827,0.0,0.0,100.0,100.0
wind,2025-10-24,development_oof,15.0,360.0,24.0,50.0,,,False,hold current SOC,0.0,-0.0,53.7061491620976,196.27274327383884,282.62932654126223,97.91666666666666,130.994924748626,0.0,0.0,100.0,100.0
wind,2025-10-25,development_oof,15.0,360.0,24.0,50.0,,,False,hold current SOC,0.0,-0.0,55.98158310091803,152.97224128738955,271.1415420575933,87.5,188.58133042504707,36.79200273696485,36.79200273696485,80.49011391846761,80.49011391846761
wind,2025-10-26,development_oof,15.0,360.0,24.0,50.0,,,False,hold current SOC,0.0,-0.0,56.445790894217964,164.7935442696403,268.91168550112525,74.0,157.179217691083,0.0,0.0,100.0,100.0
wind,2025-10-27,development_oof,15.0,360.0,24.0,50.0,,,False,hold current SOC,0.0,-0.0,65.27200060635472,137.70837011416324,232.54891267007426,72.91666666666666,139.88005368841482,0.0,0.0,100.0,100.0
wind,2025-10-28,development_oof,15.0,360.0,24.0,50.0,,,False,hold current SOC,0.0,-0.0,59.97038234509464,139.01883401168396,253.10715348557056,87.5,87.27330745096607,0.0,0.0,100.0,100.0
wind,2025-10-29,development_oof,15.0,360.0,24.0,50.0,,,False,hold current SOC,0.0,-0.0,69.12815874028733,197.61902733807165,217.7035672009858,72.91666666666666,124.8365604488138,0.0,0.0,100.0,100.0
wind,2025-10-30,development_oof,15.0,360.0,24.0,50.0,,,False,hold current SOC,0.0,-0.0,83.33145554090349,132.76836775331256,182.1512977336343,66.66666666666666,152.45776444046453,4.354108007268909,4.354108007268909,97.1440562419048,97.1440562419048
wind,2025-10-31,development_oof,15.0,360.0,24.0,50.0,,,False,hold current SOC,0.0,-0.0,58.000317459820174,104.55420465224668,261.7043049690798,87.5,137.41740803176475,0.0,0.0,100.0,100.0
wind,2025-11-01,development_oof,15.0,360.0,24.0,50.0,,,False,hold current SOC,0.0,-0.0,58.66879958756246,153.12317306756105,258.72240229074146,100.0,138.47162086486165,0.0,0.0,100.0,100.0
wind,2025-11-02,development_oof,15.0,360.0,24.0,50.0,,,False,hold current SOC,0.0,-0.0,53.424626074234126,204.84593001967158,284.11865246781366,70.83333333333334,161.49812410347323,0.0,0.0,100.0,100.0
wind,2025-11-03,development_oof,15.0,360.0,24.0,50.0,,,False,hold current SOC,0.0,-0.0,58.93941287100015,93.87306533968174,257.53450924307873,81.25,202.44013036502838,50.65080267694608,50.65080267694608,74.97986067010751,74.97986067010751
wind,2025-11-04,development_oof,15.0,360.0,24.0,50.0,,,False,hold current SOC,0.0,-0.0,56.85619539792446,122.40368023203467,266.9706029848478,58.333333333333336,191.0329589672678,0.0,0.0,100.0,100.0
wind,2025-11-05,development_oof,15.0,360.0,24.0,50.0,,,False,hold current SOC,0.0,-0.0,63.613676058148314,201.58740123054346,238.61115579821836,87.5,112.71688005882176,0.44810997521267026,0.44810997521267026,99.60244643483848,99.60244643483848
wind,2025-11-06,development_oof,15.0,360.0,24.0,50.0,45.58223652849194,60.73771182532466,True,hold current SOC,0.0,-0.0,100.0,121.52258460670753,111.04257621622219,62.5,106.43445372461929,0.0,0.0,100.0,100.0
wind,2025-11-07,development_oof,15.0,360.0,24.0,50.0,46.335166146566905,58.949960563646535,True,hold current SOC,0.0,-0.0,100.0,124.09403491849848,117.82661526831328,83.33333333333334,67.54273995892446,0.0,0.0,100.0,100.0
wind,2025-11-08,development_oof,15.0,360.0,24.0,50.0,40.686377161632855,60.56029270433833,True,hold current SOC,0.0,-0.0,100.0,104.80195256731133,111.71583444356034,77.08333333333334,63.48658297960952,0.0,0.0,100.0,100.0
wind,2025-11-09,development_oof,15.0,360.0,24.0,50.0,,,False,hold current SOC,0.0,-0.0,64.12257393219582,198.23312444548657,236.71745904739657,70.83333333333334,156.94272890371192,12.431353633056574,12.431353633056574,92.07905092520501,92.07905092520501
wind,2025-11-10,development_oof,15.0,360.0,24.0,50.0,,,False,hold current SOC,0.0,-0.0,89.00699931731246,153.48275525192582,165.14652358210708,81.25,78.46253261719008,0.0,0.0,100.0,100.0
wind,2025-11-11,development_oof,15.0,360.0,24.0,50.0,,,False,hold current SOC,0.0,-0.0,62.326051499416316,134.5849763303138,243.54074104871495,75.0,117.58394194188858,0.5690482728884838,0.5690482728884838,99.51604933165983,99.51604933165983
wind,2025-11-12,development_oof,15.0,360.0,24.0,50.0,,,False,hold current SOC,0.0,-0.0,63.72284858388693,192.55491396422963,238.20235764925286,89.58333333333334,129.70509036784458,0.0,0.0,100.0,100.0
wind,2025-11-13,development_oof,15.0,360.0,24.0,50.0,,,False,hold current SOC,0.0,-0.0,63.20105583409805,204.51357646323933,240.16897452872817,79.16666666666666,161.07427737084333,0.2803140440169045,0.2803140440169045,99.82597218588072,99.82597218588072
wind,2025-11-14,development_oof,15.0,360.0,24.0,50.0,,,False,hold current SOC,0.0,-0.0,57.90033105929686,124.13247294617967,262.1562345345345,68.75,100.62849087279166,0.0,0.0,100.0,100.0
wind,2025-11-15,development_oof,15.0,360.0,24.0,50.0,,,False,hold current SOC,0.0,-0.0,66.92019477124404,172.67170929517164,226.82140750927238,100.0,53.03083857374229,0.0,0.0,100.0,100.0
wind,2025-11-16,development_oof,15.0,360.0,24.0,50.0,,,False,hold current SOC,0.0,-0.0,92.3273365912177,147.96310601281715,144.06351696202472,97.91666666666666,62.38746155654523,0.0,0.0,100.0,100.0
wind,2025-11-17,development_oof,15.0,360.0,24.0,50.0,,,False,hold current SOC,0.0,-0.0,89.92773877126852,151.91129765504604,165.10581351701614,100.0,46.19480770249332,0.0,0.0,100.0,100.0
wind,2025-11-18,development_oof,15.0,360.0,24.0,50.0,,,False,hold current SOC,0.0,-0.0,93.68157284359503,145.8241901503407,150.3637355054432,89.58333333333334,79.19464905492798,0.0,0.0,100.0,100.0
wind,2025-11-19,development_oof,15.0,360.0,24.0,50.0,,,False,hold current SOC,0.0,-0.0,55.51107671226547,226.75815680660045,273.4397109154677,52.083333333333336,299.19865290901356,147.4093252209314,147.4093252209314,50.7319555794395,50.7319555794395
wind,2025-11-20,development_oof,15.0,360.0,24.0,50.0,,,False,hold current SOC,0.0,-0.0,62.154727445302605,200.83320942740346,244.21203973850555,97.91666666666666,112.71869645961803,0.0,0.0,100.0,100.0
wind,2025-11-21,development_oof,15.0,360.0,24.0,50.0,,,False,hold current SOC,0.0,-0.0,89.1188505285167,153.29012224586614,167.377809483514,91.66666666666666,61.76744474190008,0.0,0.0,100.0,100.0
wind,2025-11-22,development_oof,15.0,360.0,24.0,50.0,,,False,hold current SOC,0.0,-0.0,68.5926432810253,177.15253211059354,221.29097294909397,85.41666666666666,102.65207269536054,0.0,0.0,100.0,100.0
wind,2025-11-23,development_oof,15.0,360.0,24.0,50.0,,,False,hold current SOC,0.0,-0.0,57.02965331853527,201.6745865784863,266.15860145646195,64.58333333333334,180.09556292801818,2.927470464725193,2.927470464725193,98.3744905109654,98.3744905109654
wind,2025-11-24,development_oof,15.0,360.0,24.0,50.0,,,False,hold current SOC,0.0,-0.0,66.99577189787203,187.89310295032146,226.56553300030487,60.416666666666664,176.10663786652304,23.87319005146042,23.87319005146042,86.44390107001266,86.44390107001266
wind,2025-11-25,development_oof,15.0,360.0,24.0,50.0,,,False,hold current SOC,0.0,-0.0,93.72835204495527,145.7514102603138,159.83436247240834,97.91666666666666,30.05351753211223,0.0,0.0,100.0,100.0
wind,2025-11-26,development_oof,15.0,360.0,24.0,50.0,,,False,hold current SOC,0.0,-0.0,68.6584876139211,173.29927137166106,221.07875218810622,56.25,193.43871188006312,27.238478477691267,27.238478477691267,85.9188069373726,85.9188069373726
wind,2025-11-27,development_oof,15.0,360.0,24.0,50.0,,,False,hold current SOC,0.0,-0.0,60.34094389111839,118.47860886315826,251.55278969778286,100.0,87.58141564990834,0.0,0.0,100.0,100.0
wind,2025-11-28,development_oof,15.0,360.0,24.0,50.0,,,False,hold current SOC,0.0,-0.0,59.7259804696761,106.54446578480577,254.14288136324234,100.0,60.7345547810165,0.0,0.0,100.0,100.0
wind,2025-11-29,development_oof,15.0,360.0,24.0,50.0,,,False,hold current SOC,0.0,-0.0,74.87158737177705,163.8882983831196,202.73288308202663,52.083333333333336,169.11623259989955,5.7500270215784965,5.7500270215784965,96.59995558487748,96.59995558487748
wind,2025-11-30,development_oof,15.0,360.0,24.0,50.0,,,False,hold current SOC,0.0,-0.0,67.55853927417627,172.7321692964876,224.67822620034434,87.5,128.3834768077424,0.0,0.0,100.0,100.0
wind,2025-12-01,development_oof,15.0,360.0,24.0,50.0,,,False,hold current SOC,0.0,-0.0,60.5152281790011,110.20312951508342,250.8283158729845,50.0,149.4121069844802,0.0,0.0,100.0,100.0
wind,2025-12-02,development_oof,15.0,360.0,24.0,50.0,,,False,hold current SOC,0.0,-0.0,52.94327851092769,202.5367159343401,286.701790968144,66.66666666666666,162.4264447699162,25.398352427075686,25.398352427075686,84.36316668566285,84.36316668566285
wind,2025-12-03,development_oof,15.0,360.0,24.0,50.0,,,False,hold current SOC,0.0,-0.0,58.30625487489747,188.97449875596146,260.3311223019949,37.5,195.32629302233374,58.715898103059764,58.715898103059764,69.93958304612572,69.93958304612572
wind,2025-12-04,development_oof,15.0,360.0,24.0,50.0,,,False,hold current SOC,0.0,-0.0,64.43350371082016,185.26237574384822,235.57515724943045,89.58333333333334,91.0325649359932,0.0,0.0,100.0,100.0
wind,2025-12-05,development_oof,15.0,360.0,24.0,50.0,,,False,hold current SOC,0.0,-0.0,69.04247683021194,139.63256593057147,219.84919234771934,60.416666666666664,174.54078693259788,0.45822775511896197,0.45822775511896197,99.73746666141943,99.73746666141943
wind,2025-12-06,development_oof,15.0,360.0,24.0,50.0,,,False,hold current SOC,0.0,-0.0,54.89690641709393,178.90091963448452,276.4988732421864,100.0,77.4513480945172,0.0,0.0,100.0,100.0
wind,2025-12-07,development_oof,15.0,360.0,24.0,50.0,,,False,hold current SOC,0.0,-0.0,81.28491701621392,128.651933731805,186.73738408049888,52.083333333333336,157.0124052717601,0.5468500369684364,0.5468500369684364,99.65171539406587,99.65171539406587
wind,2025-12-08,development_oof,15.0,360.0,24.0,50.0,,,False,hold current SOC,0.0,-0.0,57.87294555395774,181.27962489976986,262.28028698930086,79.16666666666666,100.80292941926288,0.0,0.0,100.0,100.0
wind,2025-12-09,development_oof,15.0,360.0,24.0,50.0,,,False,hold current SOC,0.0,-0.0,61.33290243583781,132.36915682604058,247.4843381933108,89.58333333333334,119.82649628308695,0.0,0.0,100.0,100.0
wind,2025-12-10,development_oof,15.0,360.0,24.0,50.0,,,False,hold current SOC,0.0,-0.0,61.16112550099964,112.56755992404776,248.17942188719422,97.91666666666666,99.47088097140099,0.0,0.0,100.0,100.0
wind,2025-12-11,development_oof,15.0,360.0,24.0,50.0,,,False,hold current SOC,0.0,-0.0,62.238077189208894,169.92726450142567,243.88498897006428,75.0,171.05876595648067,0.013422936949986308,0.013422936949986308,99.99215302596454,99.99215302596454
wind,2025-12-12,development_oof,15.0,360.0,24.0,50.0,,,False,hold current SOC,0.0,-0.0,65.32762131534452,165.5656940359853,232.3509177769941,58.333333333333336,151.52359803923687,14.913203119962938,14.913203119962938,90.15783461259865,90.15783461259865
wind,2025-12-13,development_oof,15.0,360.0,24.0,50.0,,,False,hold current SOC,0.0,-0.0,58.45973513941306,143.95620172362314,259.6476486355942,100.0,32.77657270034514,0.0,0.0,100.0,100.0
wind,2025-12-14,development_oof,15.0,360.0,24.0,50.0,,,False,hold current SOC,0.0,-0.0,62.401925869689414,98.19562277341298,243.24462037446682,87.5,64.26546708259153,0.0,0.0,100.0,100.0
wind,2025-12-15,development_oof,15.0,360.0,24.0,50.0,,,False,hold current SOC,0.0,-0.0,58.85454854831757,174.9592665631393,257.9058567809222,14.583333333333334,297.781841068684,161.17144614940997,161.17144614940997,45.8759991640204,45.8759991640204
wind,2025-12-16,development_oof,15.0,360.0,24.0,50.0,48.03269437130886,55.076201775621314,True,hold current SOC,0.0,-0.0,100.0,129.89153494771378,132.526496319817,35.41666666666667,133.3679720457128,0.0,0.0,100.0,100.0
wind,2025-12-17,development_oof,15.0,360.0,24.0,50.0,,,False,hold current SOC,0.0,-0.0,62.230669271414406,123.75216078720345,243.91402095655505,72.91666666666666,93.39360240965297,0.0,0.0,100.0,100.0
wind,2025-12-18,development_oof,15.0,360.0,24.0,50.0,,,False,hold current SOC,0.0,-0.0,58.27301467920793,166.8061884025932,260.4796208393888,77.08333333333334,105.15071637894654,0.0,0.0,100.0,100.0
wind,2025-12-19,development_oof,15.0,360.0,24.0,50.0,,,False,hold current SOC,0.0,-0.0,61.07436025261682,144.05610432795888,248.53199781421955,81.25,92.32035205557679,0.0,0.0,100.0,100.0
wind,2025-12-20,development_oof,15.0,360.0,24.0,50.0,,,False,hold current SOC,0.0,-0.0,56.653442289564246,197.94171920580243,267.9260457153939,70.83333333333334,144.40467147223706,0.0,0.0,100.0,100.0
wind,2025-12-21,development_oof,15.0,360.0,24.0,50.0,,,False,hold current SOC,0.0,-0.0,86.74924977806391,150.71878439904413,174.97480159933883,62.5,137.4068267226147,0.0,0.0,100.0,100.0
wind,2025-12-22,development_oof,15.0,360.0,24.0,50.0,,,False,hold current SOC,0.0,-0.0,79.65236744306299,170.840327736738,190.5647409621366,100.0,55.66789411254224,0.0,0.0,100.0,100.0
wind,2025-12-23,development_oof,15.0,360.0,24.0,50.0,,,False,hold current SOC,0.0,-0.0,86.61586712955814,153.7207761685252,175.24425110359863,83.33333333333334,96.60978810086311,0.0,0.0,100.0,100.0
wind,2025-12-24,development_oof,15.0,360.0,24.0,50.0,,,False,hold current SOC,0.0,-0.0,63.61418374199659,176.11008111839757,238.6092515211737,72.91666666666666,127.72568380096409,0.07727654971680664,0.07727654971680664,99.93949803405458,99.93949803405458
wind,2025-12-25,development_oof,15.0,360.0,24.0,50.0,,,False,hold current SOC,0.0,-0.0,54.21963601553502,224.4781984936061,279.95268659603596,100.0,72.52583146194527,0.0,0.0,100.0,100.0
wind,2025-12-26,development_oof,15.0,360.0,24.0,50.0,,,False,hold current SOC,0.0,-0.0,78.19219243900577,155.05505524149382,194.12338106069387,83.33333333333334,99.49485707059254,0.0,0.0,100.0,100.0
wind,2025-12-27,development_oof,15.0,360.0,24.0,50.0,,,False,hold current SOC,0.0,-0.0,65.37753544100798,166.8325254854346,232.1735236181334,93.75,123.76977946950998,0.0,0.0,100.0,100.0
wind,2025-12-28,development_oof,15.0,360.0,24.0,50.0,39.87118094227088,63.04813831350958,True,hold current SOC,0.0,-0.0,100.0,102.01784563071793,102.27512413336406,75.0,87.31586121139998,0.0,0.0,100.0,100.0
wind,2025-12-29,development_oof,15.0,360.0,24.0,50.0,42.13897220672107,59.754098177127666,True,hold current SOC,0.0,-0.0,100.0,109.76294213649342,114.7751275753383,83.33333333333334,55.65966007519937,0.0,0.0,100.0,100.0
wind,2025-12-30,development_oof,15.0,360.0,24.0,50.0,45.47364801491665,58.539105076752264,True,hold current SOC,0.0,-0.0,100.0,121.15172661362706,119.38570222162929,100.0,26.699353788468727,0.0,0.0,100.0,100.0
wind,2025-12-31,development_oof,15.0,360.0,24.0,50.0,,,False,hold current SOC,0.0,-0.0,78.19775060560396,160.72639243154498,194.10958309228448,85.41666666666666,116.65717779805075,0.0,0.0,100.0,100.0
wind,2026-01-01,development_oof,15.0,360.0,24.0,50.0,,,False,hold current SOC,0.0,-0.0,65.85528946246731,140.40969035010477,230.48919673277118,62.5,109.40656466509706,0.0,0.0,100.0,100.0
wind,2026-01-02,development_oof,15.0,360.0,24.0,50.0,,,False,hold current SOC,0.0,-0.0,60.95473095070657,177.94977145500036,249.01976486588478,70.83333333333334,128.82145844308204,0.0,0.0,100.0,100.0
wind,2026-01-03,development_oof,15.0,360.0,24.0,50.0,,,False,hold current SOC,0.0,-0.0,61.087599130150075,195.26869329932578,248.478136069299,79.16666666666666,116.69229025551508,5.499846954406642,5.499846954406642,95.28688061365158,95.28688061365158
wind,2026-01-04,development_oof,15.0,360.0,24.0,50.0,,,False,hold current SOC,0.0,-0.0,64.85736044554483,175.8198548039541,234.03562316651278,66.66666666666666,145.1468875791047,0.9103459757821835,0.9103459757821835,99.37281054319126,99.37281054319126
wind,2026-01-05,development_oof,15.0,360.0,24.0,50.0,,,False,hold current SOC,0.0,-0.0,83.21791020607095,147.6847498251062,182.39983113275633,87.5,86.22949460951811,0.0,0.0,100.0,100.0
wind,2026-01-06,development_oof,15.0,360.0,24.0,50.0,,,False,hold current SOC,0.0,-0.0,75.60289258590028,173.4151192586687,200.77185210290548,68.75,131.10876760137998,0.0,0.0,100.0,100.0
wind,2026-01-07,development_oof,15.0,360.0,24.0,50.0,,,False,hold current SOC,0.0,-0.0,71.75736547966939,172.452980950831,211.53135524615635,83.33333333333334,107.96947395709122,0.0,0.0,100.0,100.0
wind,2026-01-08,development_oof,15.0,360.0,24.0,47.895982973493304,47.76366228580037,47.895982973493304,True,discharge/export before target day,0.0,7.185764922698903,100.0,128.97272046153205,159.77351093552545,47.91666666666667,124.87183998732046,0.0,0.0,100.0,100.0
wind,2026-01-09,development_oof,15.0,360.0,24.0,50.0,,,False,hold current SOC,0.0,-0.0,64.47584844067671,191.7084856155501,235.4204424742721,58.333333333333336,145.54390488861506,6.337993888957387,6.337993888957387,95.64530449158427,95.64530449158427
wind,2026-01-10,development_oof,15.0,360.0,24.0,50.0,41.77688759636755,57.06637791985388,True,hold current SOC,0.0,-0.0,100.0,108.52632909612875,124.97430884696897,56.25,124.2369716534487,0.0,0.0,100.0,100.0
wind,2026-01-11,development_oof,15.0,360.0,24.0,50.0,,,False,hold current SOC,0.0,-0.0,65.95300856223652,141.40229888831712,230.14769302729576,72.91666666666666,100.7485491762805,0.0,0.0,100.0,100.0
wind,2026-01-12,development_oof,15.0,360.0,24.0,50.0,,,False,hold current SOC,0.0,-0.0,66.41669308049629,158.17669325565944,228.5409294680108,72.91666666666666,106.40180892957902,0.0,0.0,100.0,100.0
wind,2026-01-13,development_oof,15.0,360.0,24.0,50.0,,,False,hold current SOC,0.0,-0.0,62.4879045571854,184.61201006995623,242.909933952375,58.333333333333336,166.50914476912436,19.839043688574773,19.839043688574773,88.0853128420767,88.0853128420767
wind,2026-01-14,development_oof,15.0,360.0,24.0,50.0,,,False,hold current SOC,0.0,-0.0,78.85396926264275,163.62567884217242,192.49421317335356,83.33333333333334,145.4074701498942,1.7651413352073,1.7651413352073,98.78607245323249,98.78607245323249
wind,2026-01-15,development_oof,15.0,360.0,24.0,50.0,,,False,hold current SOC,0.0,-0.0,72.71886125699169,176.96836321912585,208.73446732293013,56.25,154.3825886768587,17.77219375758478,17.77219375758478,88.4882136580932,88.4882136580932
wind,2026-01-16,development_oof,15.0,360.0,24.0,50.0,,,False,hold current SOC,0.0,-0.0,83.86128993855093,143.21508849540766,181.00046851092478,87.5,102.58186535196586,0.0,0.0,100.0,100.0
wind,2026-01-17,development_oof,15.0,360.0,24.0,50.0,43.90246528965892,51.630576451345405,True,hold current SOC,0.0,-0.0,100.0,115.78572929893211,145.60172510573875,95.83333333333334,52.01905052188782,0.0,0.0,100.0,100.0
wind,2026-01-18,development_oof,15.0,360.0,24.0,50.0,33.43669083203094,59.49398852461373,True,hold current SOC,0.0,-0.0,100.0,80.04238975411685,115.7621743073451,93.75,34.75149369480613,0.0,0.0,100.0,100.0
wind,2026-01-19,development_oof,15.0,360.0,24.0,50.0,39.40192262590352,56.81032429030923,True,hold current SOC,0.0,-0.0,100.0,100.4152065327654,125.94596405398586,100.0,44.46733655047804,0.0,0.0,100.0,100.0
wind,2026-01-20,development_oof,15.0,360.0,24.0,50.0,,,False,hold current SOC,0.0,-0.0,64.41044602709282,206.08045368013154,235.6594885622053,75.0,148.31296547943137,3.1561760565601844,3.1561760565601844,97.8719486550905,97.8719486550905
wind,2026-01-21,development_oof,15.0,360.0,24.0,50.0,,,False,hold current SOC,0.0,-0.0,62.58490550373268,186.5418639831518,242.53344551112122,75.0,149.51188852872656,0.0,0.0,100.0,100.0
wind,2026-01-22,development_oof,15.0,360.0,24.0,50.0,,,False,hold current SOC,0.0,-0.0,66.17933186603192,203.0075438819906,229.36062273241475,83.33333333333334,115.65536552567306,0.0,0.0,100.0,100.0
wind,2026-01-23,development_oof,15.0,360.0,24.0,50.0,,,False,hold current SOC,0.0,-0.0,65.16794025393517,185.15036015986547,232.9202474354963,95.83333333333334,94.60885186994746,0.0,0.0,100.0,100.0
wind,2026-01-24,development_oof,15.0,360.0,24.0,50.0,,,False,hold current SOC,0.0,-0.0,70.87490060559303,175.5828817339921,214.1651365873011,95.83333333333334,89.86039117793715,0.0,0.0,100.0,100.0
wind,2026-01-25,development_oof,15.0,360.0,24.0,50.0,,,False,hold current SOC,0.0,-0.0,65.79485456642377,198.81851803692817,230.7009091947182,100.0,79.27386669741907,0.0,0.0,100.0,100.0
wind,2026-01-26,development_oof,15.0,360.0,24.0,50.0,,,False,hold current SOC,0.0,-0.0,81.59274971274144,159.032927185683,186.03286226101895,97.91666666666666,61.349878343945846,0.0,0.0,100.0,100.0
wind,2026-01-27,development_oof,15.0,360.0,24.0,50.0,,,False,hold current SOC,0.0,-0.0,68.30274605304719,149.440624685811,222.23019784621155,95.83333333333334,110.32922801935946,0.0,0.0,100.0,100.0
wind,2026-01-28,development_oof,15.0,360.0,24.0,50.0,40.75108899488325,56.50327220540525,True,hold current SOC,0.0,-0.0,100.0,105.02296029471852,127.11114479230584,85.41666666666666,82.92534367447101,0.0,0.0,100.0,100.0
wind,2026-01-29,development_oof,15.0,360.0,24.0,50.0,,,False,hold current SOC,0.0,-0.0,62.242802347511336,211.63505185785795,243.86647445694774,100.0,98.92974140554158,0.0,0.0,100.0,100.0
wind,2026-01-30,development_oof,15.0,360.0,24.0,50.0,,,False,hold current SOC,0.0,-0.0,63.93207662425407,213.68052178591012,235.73564801073215,100.0,67.5275095249515,0.0,0.0,100.0,100.0
wind,2026-01-31,development_oof,15.0,360.0,24.0,50.0,,,False,hold current SOC,0.0,-0.0,64.8399376454865,189.82813420216547,234.0985096530984,91.66666666666666,71.7872180563649,0.0,0.0,100.0,100.0
wind,2026-02-01,development_oof,15.0,360.0,24.0,50.0,37.93597432194464,57.208216746213516,True,hold current SOC,0.0,-0.0,100.0,95.40861211438889,124.4360683446391,64.58333333333334,82.89102912883818,0.0,0.0,100.0,100.0
wind,2026-02-02,development_oof,15.0,360.0,24.0,50.0,,,False,hold current SOC,0.0,-0.0,74.24151300941824,170.74007275013463,204.45344058226064,95.83333333333334,58.43649254942008,0.0,0.0,100.0,100.0
wind,2026-02-03,development_oof,15.0,360.0,24.0,50.0,,,False,hold current SOC,0.0,-0.0,68.50915929440175,175.88427552780203,221.5606340107077,83.33333333333334,109.53469193458224,0.0,0.0,100.0,100.0
wind,2026-02-04,development_oof,15.0,360.0,24.0,50.0,,,False,hold current SOC,0.0,-0.0,66.30324903262267,183.61193414821128,228.93196020212895,97.91666666666666,93.3845084198301,0.0,0.0,100.0,100.0
wind,2026-02-05,development_oof,15.0,360.0,24.0,50.0,,,False,hold current SOC,0.0,-0.0,70.3788074608595,166.5532145420564,215.67476512371763,100.0,90.44929798312218,0.0,0.0,100.0,100.0
wind,2026-02-06,development_oof,15.0,360.0,24.0,50.0,,,False,hold current SOC,0.0,-0.0,63.34886795611556,193.20250097131964,239.60858747031295,100.0,65.64044681050723,0.0,0.0,100.0,100.0
wind,2026-02-07,development_oof,15.0,360.0,24.0,50.0,,,False,hold current SOC,0.0,-0.0,64.83511683764945,194.04119086812355,234.11591602151452,58.333333333333336,158.3749209648355,21.764526045561485,21.764526045561485,86.2575931132468,86.2575931132468
wind,2026-02-08,development_oof,15.0,360.0,24.0,50.0,,,False,hold current SOC,0.0,-0.0,78.9467291471623,145.86956210762514,192.26803862277328,75.0,105.03252286423918,0.0,0.0,100.0,100.0
wind,2026-02-09,development_oof,15.0,360.0,24.0,50.0,,,False,hold current SOC,0.0,-0.0,67.49553785710822,178.39897208446683,224.88794445853384,10.416666666666668,241.15431242147412,104.54391750220023,104.54391750220023,56.64853908169594,56.64853908169594
wind,2026-02-10,development_oof,15.0,360.0,24.0,50.0,,,False,hold current SOC,0.0,-0.0,93.05518863588304,137.74082853028133,163.1175326311151,47.91666666666667,166.68544703772628,0.0,0.0,100.0,100.0
wind,2026-02-11,development_oof,15.0,360.0,24.0,50.0,,,False,hold current SOC,0.0,-0.0,71.80195355739991,173.83226051209272,211.39999703035767,83.33333333333334,100.58454596584826,0.0,0.0,100.0,100.0
wind,2026-02-12,development_oof,15.0,360.0,24.0,50.0,,,False,hold current SOC,0.0,-0.0,67.0630541728329,171.1591166182347,226.33822685273964,87.5,94.71317733968456,0.0,0.0,100.0,100.0
wind,2026-02-13,development_oof,15.0,360.0,24.0,50.0,,,False,hold current SOC,0.0,-0.0,73.97944746339432,167.83035218377776,205.17769852659268,97.91666666666666,96.4604462933063,0.0,0.0,100.0,100.0
wind,2026-02-14,development_oof,15.0,360.0,24.0,50.0,,,False,hold current SOC,0.0,-0.0,94.89800735068354,131.3027460678819,159.94996304523445,79.16666666666666,94.88941496407918,0.0,0.0,100.0,100.0
wind,2026-02-15,development_oof,15.0,360.0,24.0,50.0,,,False,hold current SOC,0.0,-0.0,64.82431498654398,204.25650682140653,234.1549273904246,68.75,157.29982437598142,0.3498391067942741,0.3498391067942741,99.77759726803123,99.77759726803123
wind,2026-02-16,development_oof,15.0,360.0,24.0,50.0,,,False,hold current SOC,0.0,-0.0,56.38599367716821,242.2771791544931,245.1871854699279,89.58333333333334,103.92750231660897,0.0,0.0,100.0,100.0
wind,2026-02-17,development_oof,15.0,360.0,24.0,50.0,,,False,hold current SOC,0.0,-0.0,79.98997128799923,157.30414109019824,189.76044777110067,58.333333333333336,140.06753882164801,0.0,0.0,100.0,100.0
wind,2026-02-18,development_oof,15.0,360.0,24.0,50.0,,,False,hold current SOC,0.0,-0.0,67.85219445998378,183.12699425340122,223.70584900920318,89.58333333333334,78.2286278674754,0.0,0.0,100.0,100.0
wind,2026-02-19,development_oof,15.0,360.0,24.0,50.0,,,False,hold current SOC,0.0,-0.0,82.81637323877973,149.93888348358672,183.2842006380027,64.58333333333334,131.17696239764084,0.0,0.0,100.0,100.0
wind,2026-02-20,development_oof,15.0,360.0,24.0,50.0,,,False,hold current SOC,0.0,-0.0,68.07630967980242,177.60791984776466,222.9693830379831,91.66666666666666,98.13299152186791,0.0,0.0,100.0,100.0
wind,2026-02-21,development_oof,15.0,360.0,24.0,50.0,,,False,hold current SOC,0.0,-0.0,64.77255013437735,210.9078531505423,231.9979535135955,43.75,214.62173322492885,27.479625847264987,27.479625847264987,87.19625201308683,87.19625201308683
wind,2026-02-22,development_oof,15.0,360.0,24.0,50.0,,,False,hold current SOC,0.0,-0.0,71.07806975583235,192.19767136130525,202.6940189507034,95.83333333333334,84.01558184681308,0.0,0.0,100.0,100.0
wind,2026-02-23,development_oof,15.0,360.0,24.0,50.0,,,False,hold current SOC,0.0,-0.0,70.46076131228247,173.61498421609144,215.42391092731896,50.0,175.749200974249,39.138806054975014,39.138806054975014,77.73030782614501,77.73030782614501
wind,2026-02-24,development_oof,15.0,360.0,24.0,50.0,,,False,hold current SOC,0.0,-0.0,62.12149449579829,219.90841660854423,241.69298428765603,85.41666666666666,107.02553556560633,0.0,0.0,100.0,100.0
wind,2026-02-25,development_oof,15.0,360.0,24.0,50.0,,,False,hold current SOC,0.0,-0.0,64.0383522013541,213.32590584113333,236.46767078127394,100.0,94.80560157916544,0.0,0.0,100.0,100.0
wind,2026-02-26,development_oof,15.0,360.0,24.0,50.0,,,False,hold current SOC,0.0,-0.0,67.02423590904397,203.82238315206266,219.41389637737242,60.416666666666664,185.41651567032324,2.980005881051447,2.980005881051447,98.3928045081216,98.3928045081216
wind,2026-02-27,development_oof,15.0,360.0,24.0,50.0,,,False,hold current SOC,0.0,-0.0,81.81280949984836,150.64115239787503,185.53247176820588,47.91666666666667,174.86139099057482,29.442676162972752,29.442676162972752,83.16227727791566,83.16227727791566
wind,2026-02-28,development_oof,15.0,360.0,24.0,50.0,,,False,hold current SOC,0.0,-0.0,87.96041237964197,135.78784024131804,172.5655025728519,58.333333333333336,127.30090357322588,1.0893481997234673,1.0893481997234673,99.14427300266816,99.14427300266816
wind,2026-03-01,development_oof,15.0,360.0,24.0,50.0,,,False,hold current SOC,0.0,-0.0,62.61519418824627,218.17451289629253,223.18552158031073,83.33333333333334,114.84994293698941,0.19102130702338016,0.19102130702338016,99.83367749069916,99.83367749069916
wind,2026-03-02,development_oof,15.0,360.0,24.0,50.0,,,False,hold current SOC,0.0,-0.0,66.08519999563383,201.9016962256119,229.68732439050007,79.16666666666666,136.58481328815657,0.0,0.0,100.0,100.0
wind,2026-03-03,development_oof,15.0,360.0,24.0,50.0,37.68879997465822,54.35043162694642,True,hold current SOC,0.0,-0.0,100.0,94.56444748447106,135.28060039290304,79.16666666666666,55.49504618487411,0.0,0.0,100.0,100.0
wind,2026-03-04,development_oof,15.0,360.0,24.0,50.0,,,False,hold current SOC,0.0,-0.0,87.95758187477587,149.534693377224,172.5710557893495,70.83333333333334,133.6272017194606,0.0,0.0,100.0,100.0
wind,2026-03-05,development_oof,15.0,360.0,24.0,50.0,,,False,hold current SOC,0.0,-0.0,78.80669223697262,166.89401653336296,192.60969262819708,56.25,186.28835774144227,3.3498958554783513,3.3498958554783513,98.20176853986344,98.20176853986344
wind,2026-03-06,development_oof,15.0,360.0,24.0,50.0,36.84028631990366,50.353250091965954,True,hold current SOC,0.0,-0.0,100.0,91.66655284771065,150.44883783895057,83.33333333333334,58.43156141620692,0.0,0.0,100.0,100.0
wind,2026-03-07,development_oof,15.0,360.0,24.0,50.0,33.42154082301136,51.42778844874675,True,hold current SOC,0.0,-0.0,100.0,79.990648536237,146.37125147018023,95.83333333333334,41.449492290506896,0.0,0.0,100.0,100.0
wind,2026-03-08,development_oof,15.0,360.0,24.0,50.0,36.21895590562286,53.13297536492401,True,hold current SOC,0.0,-0.0,100.0,89.54454801595423,139.90052208045375,45.83333333333333,87.72611683503068,0.0,0.0,100.0,100.0
wind,2026-03-09,development_oof,15.0,360.0,24.0,50.0,41.95410561399518,53.38570255228811,True,hold current SOC,0.0,-0.0,100.0,109.13157468050179,138.9414898339913,97.91666666666666,60.4632313308829,0.0,0.0,100.0,100.0
wind,2026-03-10,development_oof,15.0,360.0,24.0,50.0,,,False,hold current SOC,0.0,-0.0,71.61374656836284,190.76001670833546,205.19848838415402,85.41666666666666,120.62846670281078,0.0,0.0,100.0,100.0
wind,2026-03-11,development_oof,15.0,360.0,24.0,50.0,,,False,hold current SOC,0.0,-0.0,70.8801931571969,192.73423058583057,213.19667449564605,100.0,73.06511548076517,0.0,0.0,100.0,100.0
wind,2026-03-12,development_oof,15.0,360.0,24.0,50.0,,,False,hold current SOC,0.0,-0.0,72.33546910229042,158.08705232457055,209.8408008848815,85.41666666666666,113.19585081682743,0.0,0.0,100.0,100.0
wind,2026-03-13,development_oof,15.0,360.0,24.0,50.0,,,False,hold current SOC,0.0,-0.0,73.37520641202383,172.9979722492439,206.86732632238133,100.0,48.25857407765373,0.0,0.0,100.0,100.0
wind,2026-03-14,development_oof,15.0,360.0,24.0,50.0,,,False,hold current SOC,0.0,-0.0,92.405985205026,137.23643324685673,164.2635240036663,87.5,86.2776285752907,0.0,0.0,100.0,100.0
wind,2026-03-15,development_oof,15.0,360.0,24.0,50.0,,,False,hold current SOC,0.0,-0.0,71.63947658858747,190.69150337851113,203.82714791716404,47.91666666666667,207.09655155631376,9.46985656763323,9.46985656763323,95.42732290978869,95.42732290978869
wind,2026-03-16,development_oof,15.0,360.0,24.0,50.0,,,False,hold current SOC,0.0,-0.0,69.11638846307906,197.6526811615008,209.01669100590166,45.83333333333333,209.72137163760823,68.70273820979432,68.70273820979432,67.2409456063875,67.2409456063875
wind,2026-03-17,development_oof,15.0,360.0,24.0,50.0,,,False,hold current SOC,0.0,-0.0,64.55518268216956,211.61801306002098,206.81493255623332,87.5,123.66382318116507,0.0,0.0,100.0,100.0
wind,2026-03-18,development_oof,15.0,360.0,24.0,50.0,40.72086318395626,53.946505318409564,True,hold current SOC,0.0,-0.0,100.0,104.91973129553125,136.81339296311148,89.58333333333334,53.290971219179724,0.0,0.0,100.0,100.0
wind,2026-03-19,development_oof,15.0,360.0,24.0,50.0,32.966730897530404,62.69747048254176,True,hold current SOC,0.0,-0.0,100.0,78.437354447908,103.60581499097512,95.83333333333334,22.435517356644937,0.0,0.0,100.0,100.0
wind,2026-03-20,development_oof,15.0,360.0,24.0,50.0,32.282028016595554,61.65690537310935,True,hold current SOC,0.0,-0.0,100.0,76.09891617373614,107.55448195038568,100.0,28.104010954770924,0.0,0.0,100.0,100.0
wind,2026-03-21,development_oof,15.0,360.0,24.0,50.0,30.30063661431258,67.41728968513588,True,hold current SOC,0.0,-0.0,100.0,69.33194962484787,85.6953604016986,62.5,69.93153489100328,0.0,0.0,100.0,100.0
wind,2026-03-22,development_oof,15.0,360.0,24.0,50.0,42.276498439314004,58.53005149509266,True,hold current SOC,0.0,-0.0,100.0,110.2326299601504,119.42005814846135,93.75,53.19109405519361,0.0,0.0,100.0,100.0
wind,2026-03-23,development_oof,15.0,360.0,24.0,50.0,,,False,hold current SOC,0.0,-0.0,95.40974058661055,143.18285961092465,149.97540816945622,97.91666666666666,83.10131237049569,0.0,0.0,100.0,100.0
wind,2026-03-24,development_oof,15.0,360.0,24.0,50.0,,,False,hold current SOC,0.0,-0.0,63.85824637976434,213.92757030447305,203.63757940808011,81.25,133.1514665846217,0.0,0.0,100.0,100.0
wind,2026-03-25,development_oof,15.0,360.0,24.0,50.0,,,False,hold current SOC,0.0,-0.0,65.72298436571971,207.8578692639652,212.4322102747599,95.83333333333334,88.56266648325013,0.0,0.0,100.0,100.0
wind,2026-03-26,development_oof,15.0,360.0,24.0,50.0,,,False,hold current SOC,0.0,-0.0,79.85069419475735,171.08228838446743,173.6047815122674,58.333333333333336,149.47724387453727,0.0,0.0,100.0,100.0
wind,2026-03-27,development_oof,15.0,360.0,24.0,50.0,,,False,hold current SOC,0.0,-0.0,60.54885408935119,225.62011614237937,200.47342148647792,83.33333333333334,98.94869886878611,0.0,0.0,100.0,100.0
wind,2026-03-28,development_oof,15.0,360.0,24.0,50.0,,,False,hold current SOC,0.0,-0.0,65.78903388371862,207.64918840536757,211.06165258672507,60.416666666666664,175.271015287198,1.5214714234689382,1.5214714234689382,99.13193209899774,99.13193209899774
wind,2026-03-29,development_oof,15.0,360.0,24.0,50.0,,,False,hold current SOC,0.0,-0.0,74.80933829995367,182.61141994268726,197.22507214826436,86.95652173913044,126.18814284289307,0.0,0.0,100.0,100.0
wind,2026-03-30,development_oof,15.0,360.0,24.0,50.0,,,False,hold current SOC,0.0,-0.0,71.85293957885679,190.12499101633483,207.7578994336768,56.25,174.52196174690022,3.762776485406409,3.762776485406409,97.84395244716343,97.84395244716343
wind,2026-03-31,development_oof,15.0,360.0,24.0,50.0,,,False,hold current SOC,0.0,-0.0,94.56755254395418,144.45799985759243,148.44119048845457,100.0,39.15083318512184,0.0,0.0,100.0,100.0
wind,2026-04-01,locked_test,15.0,360.0,24.0,50.0,,,False,hold current SOC,0.0,-0.0,78.45083277212001,174.1350475094291,173.75003743257304,87.5,90.98325756694719,0.0,0.0,100.0,100.0
wind,2026-04-02,locked_test,15.0,360.0,24.0,50.0,45.42407749697331,54.79873749920386,True,hold current SOC,0.0,-0.0,100.0,120.98243041281225,133.57939921918864,66.66666666666666,90.15202176308259,0.0,0.0,100.0,100.0
wind,2026-04-03,locked_test,15.0,360.0,24.0,50.0,,,False,hold current SOC,0.0,-0.0,62.541182268107285,218.43270300462177,206.59075129528293,58.333333333333336,211.2757027808688,27.84302941963682,27.84302941963682,86.82147116153953,86.82147116153953
wind,2026-04-04,locked_test,15.0,360.0,24.0,50.0,,,False,hold current SOC,0.0,-0.0,73.9461404248578,184.74310374331708,180.3233663734191,60.416666666666664,158.74087380816283,0.0,0.0,100.0,100.0
wind,2026-04-05,locked_test,15.0,360.0,24.0,50.0,,,False,hold current SOC,0.0,-0.0,65.35555971811586,209.0264325001367,195.81650679058197,79.16666666666666,115.18402093862085,0.0,0.0,100.0,100.0
wind,2026-04-06,locked_test,15.0,360.0,24.0,50.0,,,False,hold current SOC,0.0,-0.0,88.46405554284917,154.42474808664437,154.74016490631774,56.25,133.03106950765203,0.0,0.0,100.0,100.0
wind,2026-04-07,locked_test,15.0,360.0,24.0,50.0,,,False,hold current SOC,0.0,-0.0,69.72456670092458,195.9286394783181,190.33695880701285,64.58333333333334,183.1802349338488,10.509626815692712,10.509626815692712,94.26268515296532,94.26268515296532
wind,2026-04-08,locked_test,15.0,360.0,24.0,50.0,36.191942290077606,60.79118489747905,True,hold current SOC,0.0,-0.0,100.0,89.45228949875836,110.83966017442896,70.83333333333334,77.33171922902886,0.0,0.0,100.0,100.0
wind,2026-04-09,locked_test,15.0,360.0,24.0,50.0,,,False,hold current SOC,0.0,-0.0,74.10178219672082,184.35507334575186,183.0422958476521,91.66666666666666,71.87369013916614,0.0,0.0,100.0,100.0
wind,2026-04-10,locked_test,15.0,360.0,24.0,50.0,,,False,hold current SOC,0.0,-0.0,73.88556252409074,184.89457243386553,172.86581246946938,77.08333333333334,115.08564811344456,0.0,0.0,100.0,100.0
wind,2026-04-11,locked_test,15.0,360.0,24.0,50.0,,,False,hold current SOC,0.0,-0.0,58.361657585079165,234.0755910164553,203.26726762883635,79.16666666666666,150.2961326369025,0.0,0.0,100.0,100.0
wind,2026-04-12,locked_test,15.0,360.0,24.0,50.0,,,False,hold current SOC,0.0,-0.0,61.501821178942485,222.12414575789472,193.88109421697345,97.91666666666666,74.4313792123385,0.0,0.0,100.0,100.0
wind,2026-04-13,locked_test,15.0,360.0,24.0,50.0,38.73947233029507,59.52403514663605,True,hold current SOC,0.0,-0.0,100.0,98.15276662032892,115.64815539344339,81.25,72.79987290770961,0.0,0.0,100.0,100.0
wind,2026-04-14,locked_test,15.0,360.0,24.0,50.0,,,False,hold current SOC,0.0,-0.0,84.39140378929635,161.87714481009823,166.58096374419944,97.91666666666666,57.16276441494523,0.0,0.0,100.0,100.0
wind,2026-04-15,locked_test,15.0,360.0,24.0,50.0,,,False,hold current SOC,0.0,-0.0,61.10976713066165,223.5491989802234,213.5868232230668,93.75,96.97215251621098,0.0,0.0,100.0,100.0
wind,2026-04-16,locked_test,15.0,360.0,24.0,50.0,,,False,hold current SOC,0.0,-0.0,62.59349291135566,218.2501543934293,208.80185062144145,75.0,127.263209113794,0.5165735524782242,0.5165735524782242,99.5940904240311,99.5940904240311
wind,2026-04-17,locked_test,15.0,360.0,24.0,50.0,,,False,hold current SOC,0.0,-0.0,56.784869050630974,240.57534551584217,216.82094621058692,100.0,58.49315312670565,0.0,0.0,100.0,100.0
wind,2026-04-18,locked_test,15.0,360.0,24.0,50.0,,,False,hold current SOC,0.0,-0.0,63.493904870015385,215.15513213267093,188.99267976021423,97.91666666666666,102.3099646933617,0.0,0.0,100.0,100.0
wind,2026-04-19,locked_test,15.0,360.0,24.0,50.0,36.398937637368334,60.590220952176765,True,hold current SOC,0.0,-0.0,100.0,90.15923240225432,111.60226472810339,79.16666666666666,46.74736413398191,0.0,0.0,100.0,100.0
wind,2026-04-20,locked_test,15.0,360.0,24.0,50.0,34.49280588269871,61.61970367132406,True,hold current SOC,0.0,-0.0,100.0,83.64929710791469,107.69565248295672,79.16666666666666,53.139213690827724,0.0,0.0,100.0,100.0
wind,2026-04-21,locked_test,15.0,360.0,24.0,50.0,,,False,hold current SOC,0.0,-0.0,63.15511275272293,216.3093199661559,200.34353886136574,83.33333333333334,169.87298520272333,33.262590283449335,33.262590283449335,80.4191406633878,80.4191406633878
wind,2026-04-22,locked_test,15.0,360.0,24.0,50.0,,,False,hold current SOC,0.0,-0.0,57.98328381226799,235.60306684522448,197.24036352844234,100.0,68.97681774111463,0.0,0.0,100.0,100.0
wind,2026-04-23,locked_test,15.0,360.0,24.0,50.0,48.522473242365805,56.076653010936674,True,hold current SOC,0.0,-0.0,100.0,131.56425707266894,128.73005080998627,100.0,49.95302032085433,0.0,0.0,100.0,100.0
wind,2026-04-24,locked_test,15.0,360.0,24.0,50.0,30.80357178168489,63.67483079529289,True,hold current SOC,0.0,-0.0,100.0,71.04960392068594,99.89699337143747,89.58333333333334,49.02657914084702,0.0,0.0,100.0,100.0
wind,2026-04-25,locked_test,15.0,360.0,24.0,50.0,32.6269538454616,65.02344572894992,True,hold current SOC,0.0,-0.0,100.0,77.27692751621736,94.77935951918973,52.083333333333336,77.24710711749273,0.0,0.0,100.0,100.0
wind,2026-04-26,locked_test,15.0,360.0,24.0,50.0,32.495043977756595,65.59852276084295,True,hold current SOC,0.0,-0.0,100.0,76.8264210381941,92.59709561819224,81.25,43.31391127790236,0.0,0.0,100.0,100.0
wind,2026-04-27,locked_test,15.0,360.0,24.0,50.0,35.874626270010765,65.27412276904128,True,hold current SOC,0.0,-0.0,100.0,88.36857282836979,93.82810703463208,97.91666666666666,37.863527917362205,0.0,0.0,100.0,100.0
wind,2026-04-28,locked_test,15.0,360.0,24.0,50.0,,,False,hold current SOC,0.0,-0.0,75.75448236605087,180.33308479247887,163.56299456970447,85.41666666666666,110.08923226566594,0.0,0.0,100.0,100.0
wind,2026-04-29,locked_test,15.0,360.0,24.0,50.0,,,False,hold current SOC,0.0,-0.0,58.15981565082345,234.88794348910528,186.98223702235515,100.0,60.84556868974714,0.0,0.0,100.0,100.0
wind,2026-04-30,locked_test,15.0,360.0,24.0,50.0,,,False,hold current SOC,0.0,-0.0,61.85375077802869,220.86032488073442,185.82389079868886,87.5,102.36374664054918,0.0,0.0,100.0,100.0
wind,2026-05-01,locked_test,15.0,360.0,24.0,50.0,38.91372309599333,62.10135629081158,True,hold current SOC,0.0,-0.0,100.0,98.74787826825457,105.86790930067636,89.58333333333334,55.57289700406545,0.0,0.0,100.0,100.0
wind,2026-05-02,locked_test,15.0,360.0,24.0,50.0,33.26271984040767,66.95469379416616,True,hold current SOC,0.0,-0.0,100.0,79.44823360736305,87.45078838373766,83.33333333333334,52.58774804251807,0.0,0.0,100.0,100.0
wind,2026-05-03,locked_test,15.0,360.0,24.0,50.0,38.43512984078316,65.16696297529656,True,hold current SOC,0.0,-0.0,100.0,97.11335792825551,94.2347498608247,66.66666666666666,80.68434045146014,0.0,0.0,100.0,100.0
wind,2026-05-04,locked_test,15.0,360.0,24.0,50.0,33.32182741342041,68.59514597126113,True,hold current SOC,0.0,-0.0,100.0,79.6501013296628,81.22571005709527,87.5,36.10644461527568,0.0,0.0,100.0,100.0
wind,2026-05-05,locked_test,15.0,360.0,24.0,50.0,43.0133285690493,60.72335712404395,True,hold current SOC,0.0,-0.0,100.0,112.7490963354394,111.09704847763626,77.08333333333334,92.93360672235136,0.0,0.0,100.0,100.0
wind,2026-05-06,locked_test,15.0,360.0,24.0,50.0,37.032852827715075,66.15346338660045,True,hold current SOC,0.0,-0.0,100.0,92.32421751471921,90.49124400592886,83.33333333333334,54.67283731317463,0.0,0.0,100.0,100.0
wind,2026-05-07,locked_test,15.0,360.0,24.0,50.0,49.1535655895913,56.95350302462554,True,hold current SOC,0.0,-0.0,100.0,133.7196014422941,125.40263895845831,87.5,66.41385416937561,0.0,0.0,100.0,100.0
wind,2026-05-08,locked_test,15.0,360.0,24.0,50.0,39.041472323802815,65.83028315208475,True,hold current SOC,0.0,-0.0,100.0,99.1841750797967,91.71762676890924,87.5,54.49256033543598,0.0,0.0,100.0,100.0
wind,2026-05-09,locked_test,15.0,360.0,24.0,50.0,45.42753130965475,61.33532998171109,True,hold current SOC,0.0,-0.0,100.0,120.99422608067201,108.77477476192003,87.5,70.27445099255148,0.0,0.0,100.0,100.0
wind,2026-05-10,locked_test,15.0,360.0,24.0,50.0,,,False,hold current SOC,0.0,-0.0,86.41074841052264,158.09421562958977,140.44256527520702,70.83333333333334,143.96528187005418,0.0,0.0,100.0,100.0
wind,2026-05-11,locked_test,15.0,360.0,24.0,54.52182294556277,54.52182294556277,54.721594934509994,True,charge before target day,17.159111620787918,0.0,100.0,152.0535953779831,133.87213466996405,95.83333333333334,90.30951493728405,0.0,0.0,100.0,100.0
wind,2026-05-12,locked_test,15.0,360.0,24.0,50.0,,,False,hold current SOC,0.0,-0.0,69.337564044744,197.02220117095308,161.64668825574643,87.5,82.64361100161916,0.0,0.0,100.0,100.0
wind,2026-05-13,locked_test,15.0,360.0,24.0,50.0,,,False,hold current SOC,0.0,-0.0,67.75768509087116,201.61608935733722,180.37920717810727,100.0,39.11239694381905,0.0,0.0,100.0,100.0
wind,2026-05-14,locked_test,15.0,360.0,24.0,50.196951842886506,50.196951842886506,54.2795074385174,True,charge before target day,0.7473796954667878,0.0,100.0,137.2830366451941,135.54973876486463,75.0,84.11080204141984,0.0,0.0,100.0,100.0
wind,2026-05-15,locked_test,15.0,360.0,24.0,51.97170633136032,51.97170633136032,55.284935210168015,True,charge before target day,7.482099460887963,0.0,100.0,143.34428443407316,131.7344086274203,72.91666666666666,83.93171082369932,0.0,0.0,100.0,100.0
wind,2026-05-16,locked_test,15.0,360.0,24.0,50.0,34.50997962664697,69.33267180122023,True,hold current SOC,0.0,-0.0,100.0,83.70794990649006,78.42699631004315,83.33333333333334,44.134696882240775,0.0,0.0,100.0,100.0
wind,2026-05-17,locked_test,15.0,360.0,24.0,50.0,,,False,hold current SOC,0.0,-0.0,88.0892620764525,155.08177920790172,148.65265937764963,52.083333333333336,142.15697389893097,0.0,0.0,100.0,100.0
wind,2026-05-18,locked_test,15.0,360.0,24.0,50.0,39.444578008291415,65.02590967497355,True,hold current SOC,0.0,-0.0,100.0,100.56088574860149,94.77000950143008,50.0,105.9196533110165,0.0,0.0,100.0,100.0
wind,2026-05-19,locked_test,15.0,360.0,24.0,50.0,,,False,hold current SOC,0.0,-0.0,55.56976389169513,245.83583832662333,186.3820071646143,97.91666666666666,78.32558761788098,0.0,0.0,100.0,100.0
wind,2026-05-20,locked_test,15.0,360.0,24.0,50.0,,,False,hold current SOC,0.0,-0.0,60.67405485003856,225.15454959606535,174.44468638403538,83.33333333333334,119.82538620210596,0.0,0.0,100.0,100.0
wind,2026-05-21,locked_test,15.0,360.0,24.0,50.0,,,False,hold current SOC,0.0,-0.0,71.8882656827326,190.03156304004074,170.6209135317341,83.33333333333334,104.1640912104112,0.0,0.0,100.0,100.0
wind,2026-05-22,locked_test,15.0,360.0,24.0,50.0,,,False,hold current SOC,0.0,-0.0,72.28807861777308,188.98053113516607,160.52776601436898,93.75,92.29264767282905,0.0,0.0,100.0,100.0
wind,2026-05-23,locked_test,15.0,360.0,24.0,50.0,47.83081644112843,55.549740602037105,True,hold current SOC,0.0,-0.0,100.0,129.20206935352792,130.72954281742057,83.33333333333334,76.92558638854844,0.0,0.0,100.0,100.0
wind,2026-05-24,locked_test,15.0,360.0,24.0,50.0,34.10602978092712,68.96946066520105,True,hold current SOC,0.0,-0.0,100.0,82.32835620770585,79.80528566367248,93.75,41.6954870982038,0.0,0.0,100.0,100.0
wind,2026-05-25,locked_test,15.0,360.0,24.0,50.0,36.51348409738961,65.59815241812534,True,hold current SOC,0.0,-0.0,100.0,90.55043833075712,92.59850096999526,87.5,48.03189518699649,0.0,0.0,100.0,100.0
wind,2026-05-26,locked_test,15.0,360.0,24.0,50.0,34.016334151024466,69.64696752466526,True,hold current SOC,0.0,-0.0,100.0,82.02202232211746,77.23432789611908,77.08333333333334,66.29589867384956,0.0,0.0,100.0,100.0
wind,2026-05-27,locked_test,15.0,360.0,24.0,50.0,,,False,hold current SOC,0.0,-0.0,89.8537261569265,152.03642716016978,137.02803214764853,100.0,37.86008116963757,0.0,0.0,100.0,100.0
wind,2026-05-28,locked_test,15.0,360.0,24.0,50.0,,,False,hold current SOC,0.0,-0.0,84.90836290563585,160.89156620661493,135.3713411770778,50.0,161.06413287407142,7.674789840524861,7.674789840524861,95.23494790331412,95.23494790331412
wind,2026-05-29,locked_test,15.0,360.0,24.0,50.0,,,False,hold current SOC,0.0,-0.0,67.3583237107506,202.81145282935614,146.96649601510816,85.41666666666666,81.47757814711494,0.0,0.0,100.0,100.0
wind,2026-05-30,locked_test,15.0,360.0,24.0,50.0,37.3228864218952,65.92979135971464,True,hold current SOC,0.0,-0.0,100.0,93.31475761073926,91.34001967051952,97.91666666666666,43.106672608403784,0.0,0.0,100.0,100.0
wind,2026-05-31,locked_test,15.0,360.0,24.0,50.0,,,False,hold current SOC,0.0,-0.0,86.04347114936863,158.76904208353338,138.8773218429581,91.66666666666666,97.43085607853804,0.0,0.0,100.0,100.0
wind,2026-06-01,locked_test,15.0,360.0,24.0,50.0,,,False,hold current SOC,0.0,-0.0,79.42560720814795,171.9979232406292,134.38028099561188,87.5,86.72268768943448,0.12008153005460542,0.12008153005460542,99.8615338923943,99.8615338923943
wind,2026-06-02,locked_test,15.0,360.0,24.0,50.0,47.262544266429764,58.803134770248434,True,hold current SOC,0.0,-0.0,100.0,127.26127219834746,118.3837799799925,93.75,56.7668027850151,0.0,0.0,100.0,100.0
wind,2026-06-03,locked_test,15.0,360.0,24.0,50.0,,,False,hold current SOC,0.0,-0.0,66.49061717098826,205.45815444600947,179.40318258095058,81.25,109.40333695689503,0.0,0.0,100.0,100.0
wind,2026-06-04,locked_test,15.0,360.0,24.0,50.0,,,False,hold current SOC,0.0,-0.0,60.743912174068114,224.895615099341,184.85602761021053,97.91666666666666,68.0956175619612,0.0,0.0,100.0,100.0
wind,2026-06-05,locked_test,15.0,360.0,24.0,50.0,,,False,hold current SOC,0.0,-0.0,73.51634863284366,185.8231501696792,142.96752939727926,93.75,57.35577240996136,0.0,0.0,100.0,100.0
wind,2026-06-06,locked_test,15.0,360.0,24.0,50.0,,,False,hold current SOC,0.0,-0.0,57.237266659982886,238.67386213741815,156.4194085892231,58.333333333333336,186.90931185341537,28.07507828954492,28.07507828954492,84.97930466323533,84.97930466323533
wind,2026-06-07,locked_test,15.0,360.0,24.0,50.0,,,False,hold current SOC,0.0,-0.0,60.104341178716716,227.28873196209076,172.34607319594124,83.33333333333334,93.23231647119391,0.0,0.0,100.0,100.0
wind,2026-06-08,locked_test,15.0,360.0,24.0,50.0,,,False,hold current SOC,0.0,-0.0,74.11382343522864,184.3251212625184,142.22873143823597,85.41666666666666,97.65500614722332,0.0,0.0,100.0,100.0
wind,2026-06-09,locked_test,15.0,360.0,24.0,50.0,,,False,hold current SOC,0.0,-0.0,64.5749017861264,211.5533917058532,141.33402685801448,91.66666666666666,110.83757327572008,0.0,0.0,100.0,100.0
wind,2026-06-10,locked_test,15.0,360.0,24.0,50.57588977175583,50.575889771755826,56.936438708761486,True,charge before target day,2.185348031931521,0.0,100.0,138.57720814801235,125.46739348426982,97.91666666666666,60.17134277440592,0.0,0.0,100.0,100.0
wind,2026-06-11,locked_test,15.0,360.0,24.0,50.0,,,False,hold current SOC,0.0,-0.0,68.36942863793334,199.8121055577735,161.87262505585525,75.0,147.00588447323224,10.395489553958253,10.395489553958253,92.9285214729951,92.9285214729951
wind,2026-06-12,locked_test,15.0,360.0,24.0,50.0,,,False,hold current SOC,0.0,-0.0,57.54482326159979,237.3982352821568,175.55766968219032,93.75,98.56452357760654,0.0,0.0,100.0,100.0
wind,2026-06-13,locked_test,15.0,360.0,24.0,50.0,,,False,hold current SOC,0.0,-0.0,59.079539317471905,231.23131374667548,177.8835928044112,87.5,64.54575529453521,0.0,0.0,100.0,100.0
wind,2026-06-14,locked_test,15.0,360.0,24.0,50.0,41.91174083632699,63.029401008480384,True,hold current SOC,0.0,-0.0,100.0,108.98688795530384,102.34622720669077,79.16666666666666,67.65300607895375,0.0,0.0,100.0,100.0
wind,2026-06-15,locked_test,15.0,360.0,24.0,50.0,40.08373587052889,61.247263940488146,True,hold current SOC,0.0,-0.0,100.0,102.74377594800202,109.10896189165457,70.83333333333334,78.1702391921113,0.0,0.0,100.0,100.0
wind,2026-06-16,locked_test,15.0,360.0,24.0,50.0,39.789512696835565,62.92667095093633,True,hold current SOC,0.0,-0.0,100.0,101.73892734918581,102.73606036589001,95.83333333333334,35.11806782459862,0.0,0.0,100.0,100.0
wind,2026-06-17,locked_test,15.0,360.0,24.0,50.0,,,False,hold current SOC,0.0,-0.0,70.46695410283894,193.864481101178,140.30530812071828,89.58333333333334,108.19535687756215,0.0,0.0,100.0,100.0
wind,2026-06-18,locked_test,15.0,360.0,24.0,50.0,,,False,hold current SOC,0.0,-0.0,81.14569879390872,168.35198531746303,132.21994016577474,83.33333333333334,126.35697210705392,0.0,0.0,100.0,100.0
wind,2026-06-19,locked_test,15.0,360.0,24.0,50.0,,,False,hold current SOC,0.0,-0.0,63.81788396130668,214.06287147048312,146.44865671018277,54.166666666666664,161.80440314324247,0.0,0.0,100.0,100.0
wind,2026-06-20,locked_test,15.0,360.0,24.0,50.0,45.49791135824811,64.18865887354465,True,hold current SOC,0.0,-0.0,100.0,121.23459223649138,97.9471529078101,31.25,154.00283296123894,17.392438041964933,17.392438041964933,88.70641681874616,88.70641681874616
wind,2026-06-21,locked_test,15.0,360.0,24.0,50.0,34.0284317265479,68.74442835371023,True,hold current SOC,0.0,-0.0,100.0,82.06333868636304,80.65922324540469,83.33333333333334,62.08365325912781,0.0,0.0,100.0,100.0
wind,2026-06-22,locked_test,15.0,360.0,24.0,50.0,41.450421258314236,68.17152789203593,True,hold current SOC,0.0,-0.0,100.0,107.41136171189592,82.83322764314804,97.91666666666666,36.2152547510949,0.0,0.0,100.0,100.0
wind,2026-06-23,locked_test,15.0,360.0,24.0,50.0,38.01062173467654,68.68656872542829,True,hold current SOC,0.0,-0.0,100.0,95.66355242771405,80.87878509733463,72.91666666666666,69.65586384533397,0.0,0.0,100.0,100.0
wind,2026-06-25,locked_test,15.0,360.0,24.0,53.20461935155616,53.20461935155617,61.242568602500754,True,charge before target day,12.160675421723175,0.0,99.99999999999997,147.55500279882486,109.12677944656392,95.83333333333334,69.87726804079745,0.0,0.0,100.0,100.0
wind,2026-06-26,locked_test,15.0,360.0,24.0,50.0,47.78824115633463,61.86471822474875,True,hold current SOC,0.0,-0.0,100.0,129.0566636917909,106.7658876245035,50.0,137.99973039505997,0.0,0.0,100.0,100.0
wind,2026-06-27,locked_test,15.0,360.0,24.0,50.0,,,False,hold current SOC,0.0,-0.0,69.47315477905902,196.6376730029422,147.97364457923902,77.08333333333334,99.91120613597073,0.0,0.0,100.0,100.0
wind,2026-06-28,locked_test,15.0,360.0,24.0,50.0,,,False,hold current SOC,0.0,-0.0,55.9463564218833,244.1810399396074,162.61954734876042,85.41666666666666,121.34852199975585,0.0,0.0,100.0,100.0
wind,2026-06-29,locked_test,15.0,360.0,24.0,57.439950411875486,57.43995041187549,62.05351067188801,True,charge before target day,28.232626776281244,0.0,99.99999999999997,162.01975901792713,106.04947065890707,93.75,66.98777783927383,0.0,0.0,100.0,100.0
wind,2026-06-30,locked_test,15.0,360.0,24.0,50.0,42.28269242627821,65.60232843019897,True,hold current SOC,0.0,-0.0,100.0,110.25378403528303,92.58265411836841,45.83333333333333,132.16540651012474,0.0,0.0,100.0,100.0
