settlement_date,evaluation_segment,wind_forecast_mean_cf,solar_forecast_mean_cf,mixed_forecast_mean_cf,mixed_mean_abs_ramp_cf,mixed_max_abs_ramp_cf,season,wind_outlook,solar_outlook,ramp_stress,absolute_forecast_error_mwh,firming_absorbed_pct,meets_90pct_firming,power_limited_periods,energy_limited_periods,perfect_foresight_margin_gbp,forecast_strategy_margin_gbp,naive_strategy_margin_gbp,reserve_aware_forecast_margin_gbp,reserve_corridor_feasible,mean_reserve_corridor_width_mwh,stage14_available,stage14_day_coverage_pct,stage14_mean_width_mw,stage14_energy_band_feasible,stage14_recommended_start_soc_pct,stage14_downward_reserve_mwh,stage14_upward_headroom_mwh
2025-04-01,development_oof,0.30890105788906413,0.19432552233744593,0.251613290113255,0.014685411801565358,0.05820299685001373,Spring,Medium,High,High-ramp,77.45950682132197,100.0,True,0,0,,,,,,,False,,,,,,
2025-04-02,development_oof,0.3595180020978053,0.19566818612414252,0.27759309411097394,0.016239739664949113,0.049411311745643616,Spring,Medium,High,High-ramp,71.66330529245052,100.0,True,0,0,,,,,,,False,,,,,,
2025-04-03,development_oof,0.32644400993982947,0.17776154426511914,0.2521027771024743,0.01609702812110451,0.0587404221296311,Spring,Medium,High,High-ramp,51.02960293937194,100.0,True,0,0,,,,,,,False,,,,,,
2025-04-04,development_oof,0.31401282610992587,0.19012421702094187,0.25206852156543386,0.014616139307842481,0.05692960321903234,Spring,Medium,High,High-ramp,55.73398865124621,100.0,True,0,0,,,,,,,False,,,,,,
2025-04-05,development_oof,0.38394466290871304,0.19273472277078932,0.2883396928397512,0.013982691583805716,0.049913644790649414,Spring,High,High,High-ramp,52.657265837420304,100.0,True,0,0,,,,,,,False,,,,,,
2025-04-06,development_oof,0.22277635708451268,0.20076080955429157,0.2117685833194021,0.014480900019407278,0.04805957525968557,Spring,Medium,High,High-ramp,55.81229380493672,100.0,True,0,0,,,,,,,False,,,,,,
2025-04-07,development_oof,0.11585337746267514,0.20417505876199962,0.16001421811233738,0.014225519097332528,0.05259203538298607,Spring,Low,High,High-ramp,36.383425651155754,100.0,True,0,0,,,,,,,False,,,,,,
2025-04-08,development_oof,0.10075727415581541,0.18779106121140401,0.1442741676836097,0.013057053056400043,0.04974140226840974,Spring,Low,High,Normal,45.34000608194005,100.0,True,0,0,,,,,,,False,,,,,,
2025-04-09,development_oof,0.10518987709656354,0.18820706258429706,0.1466984698404303,0.01354365217290858,0.05340271070599559,Spring,Low,High,Normal,28.508759352635316,100.0,True,0,0,,,,,,,False,,,,,,
2025-04-10,development_oof,0.11060187375793851,0.17646879574886043,0.14353533475339947,0.012536049641009114,0.05390600487589836,Spring,Low,High,Normal,49.68611028060534,100.0,True,0,0,,,,,,,False,,,,,,
2025-04-11,development_oof,0.14308605172360933,0.20268582147840178,0.17288593660100557,0.012736917730687011,0.0584365613758564,Spring,Low,High,Normal,37.230632591873956,100.0,True,0,0,,,,,,,False,,,,,,
2025-04-12,development_oof,0.159016304804633,0.14486196912412194,0.15193913696437747,0.013867060411939745,0.040896132588386536,Spring,Low,High,High-ramp,44.22795028687795,100.0,True,0,0,,,,,,,False,,,,,,
2025-04-13,development_oof,0.2127259247936308,0.15069748294733165,0.18171170387048122,0.01637990478351033,0.043283179402351435,Spring,Medium,High,High-ramp,83.86384237060685,100.0,True,0,0,,,,,,,False,,,,,,
2025-04-14,development_oof,0.3530624598885576,0.13857205981791287,0.24581725985323521,0.017054892730963434,0.06613670289516449,Spring,Medium,High,High-ramp,69.68485197290431,100.0,True,0,0,,,,,,,False,,,,,,
2025-04-15,development_oof,0.1292069031236072,0.07890941254330146,0.10405815783345433,0.007868724216071618,0.026797465980052948,Spring,Low,Medium,Normal,47.897392264794256,100.0,True,0,0,,,,,,,False,,,,,,
2025-04-16,development_oof,0.5091311304519573,0.1251308112802386,0.317130970866098,0.019485218530311012,0.052173882722854614,Spring,High,Medium,High-ramp,58.36893133771051,100.0,True,0,0,,,,,,,False,,,,,,
2025-04-17,development_oof,0.18681975857665137,0.18039231880053797,0.18360603868859468,0.01419029485001981,0.04303030669689173,Spring,Low,High,High-ramp,40.87391018489304,100.0,True,0,0,,,,,,,False,,,,,,
2025-04-18,development_oof,0.29688816828032333,0.09816944828776282,0.19752880828404307,0.010806338144220724,0.048350214958190973,Spring,Medium,Medium,Normal,52.343789175271574,100.0,True,0,0,,,,,,,False,,,,,,
2025-04-19,development_oof,0.3653253236164649,0.10429148093354945,0.23480840227500718,0.009538204925926644,0.03540028072893625,Spring,High,Medium,Normal,83.63409648437859,100.0,True,0,0,,,,,,,False,,,,,,
2025-04-20,development_oof,0.13639363367110488,0.17781882052313824,0.15710622709712158,0.012598714763403981,0.04030954837799075,Spring,Low,High,Normal,44.65500663483974,100.0,True,0,0,,,,,,,False,,,,,,
2025-04-21,development_oof,0.11594499119867878,0.09729930155996647,0.10662214637932262,0.008772993253387542,0.034218110144138336,Spring,Low,Medium,Normal,29.341577751202962,100.0,True,0,0,,,,,,,False,,,,,,
2025-04-22,development_oof,0.16228823581089571,0.1607172263252702,0.16150273106808297,0.010813053096228481,0.03647522628307337,Spring,Low,High,Normal,24.72289006558666,100.0,True,0,0,,,,,,,False,,,,,,
2025-04-23,development_oof,0.17880219159026936,0.1299751436001012,0.1543886675951853,0.01390738821563294,0.03815021365880972,Spring,Low,Medium,High-ramp,66.40847750070334,100.0,True,0,0,,,,,,,False,,,,,,
2025-04-24,development_oof,0.10056605764354265,0.1386238000544229,0.11959492884898278,0.010272828338656833,0.029947552829980878,Spring,Low,High,Normal,25.392718095563055,100.0,True,0,0,,,,,,,False,,,,,,
2025-04-25,development_oof,0.1604287622806926,0.13286717930517014,0.1466479707929314,0.010571685440178646,0.04570261389017109,Spring,Low,Medium,Normal,26.270546735753726,100.0,True,0,0,,,,,,,False,,,,,,
2025-04-26,development_oof,0.12455008567000425,0.11948339198655349,0.12201673882827886,0.010091374835307464,0.029486261308193207,Spring,Low,Medium,Normal,30.42040899272203,100.0,True,0,0,,,,,,,False,,,,,,
2025-04-27,development_oof,0.2407644956062237,0.19176238479910046,0.21626344020266208,0.01460951908181111,0.04999740421772003,Spring,Medium,High,High-ramp,49.663195459653245,100.0,True,0,0,,,,,,,False,,,,,,
2025-04-28,development_oof,0.1530593068649371,0.19422396738961348,0.1736416371272753,0.01393502665488692,0.04943609982728961,Spring,Low,High,High-ramp,23.278434967282454,100.0,True,0,0,,,,,,,False,,,,,,
2025-04-29,development_oof,0.09120940362724161,0.20662017556446696,0.14891478959585427,0.014228894980154415,0.04403256997466082,Spring,Low,High,High-ramp,23.40379617258413,100.0,True,0,0,,,,,,,False,,,,,,
2025-04-30,development_oof,0.0870021705050021,0.21746447988963757,0.15223332519731983,0.014166713978890279,0.050140947103500394,Spring,Low,High,High-ramp,35.2209957231368,100.0,True,0,0,,,,,,,False,,,,,,
2025-05-01,development_oof,0.13199581826726592,0.199067566802114,0.16553169253468994,0.015007632732401055,0.04286503046751022,Spring,Low,High,High-ramp,28.55373737586609,100.0,True,0,0,3132.9288452927794,2176.741502096816,1826.1752496539184,2296.346810223901,True,119.60153970841964,False,,,,,,
2025-05-02,development_oof,0.13837708206847307,0.1964710557569257,0.16742406891269937,0.012925231500730662,0.04394495487213129,Spring,Low,High,Normal,39.53114902627884,100.0,True,0,0,4447.261136132681,3054.9054246049027,2555.526556440631,2788.232624123648,True,119.79234004186982,False,,,,,,
2025-05-03,development_oof,0.26730775181204075,0.17894819469787152,0.22312797325495615,0.014867828773049041,0.050818294286727905,Spring,Medium,High,High-ramp,23.196949757262992,100.0,True,0,0,7014.254111978029,3188.5251726407187,1334.959395333378,3233.137038097612,True,115.03310881192353,False,,,,,,
2025-05-04,development_oof,0.29077129128078616,0.13499005477880624,0.21288067302979619,0.013183342305183032,0.04646854102611542,Spring,Medium,Medium,Normal,49.64041482684388,100.0,True,0,0,7477.370789349419,4752.628961742502,6307.510059125085,3133.9015975565026,True,115.84114562970858,False,,,,,,
2025-05-05,development_oof,0.22586032903442776,0.13444467478204083,0.18015250190823429,0.01236189228575313,0.03339312225580221,Spring,Medium,Medium,Normal,33.63315064411297,100.0,True,0,0,1275.8487543696383,-975.1258567130384,-2523.1423538821364,-954.0374554130332,True,119.0089699899933,False,,,,,,
2025-05-06,development_oof,0.09482923421698308,0.15372231025996064,0.12427577223847186,0.011421369990178702,0.03272160887718201,Spring,Low,High,Normal,25.742937870983745,100.0,True,0,0,4020.233748144348,3308.188654625522,1838.427767841721,3033.502759197653,True,123.23631226205308,False,,,,,,
2025-05-07,development_oof,0.12329122928592062,0.14927482442400708,0.13628302685496385,0.010480509619014816,0.041311107575893374,Spring,Low,High,Normal,38.49801920852537,100.0,True,0,0,4734.326590647077,3792.371234598845,4218.489057168979,3482.436356349977,True,121.91609491553169,False,,,,,,
2025-05-08,development_oof,0.12259294348768886,0.14539728807706823,0.13399511578237855,0.010569013246292043,0.03537016361951831,Spring,Low,High,Normal,39.6414683861748,100.0,True,0,0,3613.58796384092,2635.161782164704,2402.5293258425154,2246.6078197234174,True,122.8573516775353,False,,,,,,
2025-05-09,development_oof,0.11904135749985771,0.21912611391098832,0.169083735705423,0.0139636732070206,0.04054226726293558,Spring,Low,High,High-ramp,20.876241036517825,100.0,True,0,0,4256.294381138017,1445.345438759951,120.56310489156816,1667.38040622101,True,119.55151011951178,False,,,,,,
2025-05-10,development_oof,0.19854328098396457,0.21644560619953757,0.20749444359175107,0.015011448494533399,0.04856290668249125,Spring,Low,High,High-ramp,42.787782841965175,100.0,True,0,0,3660.88498426464,2152.3317150080047,2936.039534253036,2099.793514583621,True,116.75252301675162,False,,,,,,
2025-05-11,development_oof,0.22713541798293588,0.2139174814437865,0.2205264497133612,0.015638946260044882,0.03950644284486765,Spring,Medium,High,High-ramp,90.16524221832387,84.37931236731603,False,0,16,4659.392228506916,1014.2300096931,1411.3846698879138,604.4606916804051,True,115.9954407816179,False,,,,,,
2025-05-12,development_oof,0.1719050062820315,0.19394627999387615,0.18292564313795381,0.01441546768372367,0.04497382044792175,Spring,Low,High,High-ramp,29.541250584305544,100.0,True,0,0,2769.7756342307694,252.7142992183343,-3920.06626874321,222.8604567106048,True,118.2344995381864,False,,,,,,
2025-05-13,development_oof,0.16275114224602774,0.21807697997655848,0.1904140611112931,0.01379210195553545,0.04291430115699768,Spring,Low,High,High-ramp,34.72075941736708,100.0,True,0,0,5151.541546584669,4433.406410484033,2305.575975983389,4017.179947291384,True,117.87014949599846,False,,,,,,
2025-05-14,development_oof,0.20920643893380955,0.2222076658854348,0.21570705240962218,0.014197796992751444,0.04515808075666433,Spring,Medium,High,High-ramp,25.868930507694483,100.0,True,0,0,1414.0833333333392,500.3119084120517,-159.01587208289106,687.383434743336,True,115.07610094903949,False,,,,,,
2025-05-15,development_oof,0.22267011987666285,0.17673835965494314,0.19970423976580298,0.014203874391114374,0.035809591412544306,Spring,Medium,High,High-ramp,73.3425336393486,100.0,True,0,0,2551.9897737868027,-575.854764946735,556.0972222222279,-465.93118728474286,True,117.1004790453586,False,,,,,,
2025-05-16,development_oof,0.16135017651443676,0.21077862778992082,0.1860644021521788,0.013684449403778368,0.04394396021962166,Spring,Low,High,High-ramp,55.91628341320993,100.0,True,0,0,5627.253569765336,4816.2605119186,850.5494030986677,3986.5493413102754,True,117.48860439523304,False,,,,,,
2025-05-17,development_oof,0.154302650441726,0.19271385850152,0.173508254471623,0.014086576217475034,0.043551765382289914,Spring,Low,High,High-ramp,33.30747380868325,100.0,True,0,0,9285.8232893314,6938.846877263313,6500.78247374187,6558.960188458719,True,119.32103839956284,False,,,,,,
2025-05-18,development_oof,0.1666762653427819,0.19195172063882637,0.1793139929908041,0.014860361193617182,0.04961760342121124,Spring,Low,High,High-ramp,48.29097124395237,100.0,True,0,0,5953.27063891499,5349.812098815125,5258.967232522193,4670.718211099704,True,119.26445989901232,False,,,,,,
2025-05-19,development_oof,0.14075491686041153,0.19962603502729812,0.1701904759438548,0.0138883742077572,0.038988538086414254,Spring,Low,High,High-ramp,47.55008794509457,100.0,True,0,0,3252.693207898177,2502.656233666781,2493.680446382534,1987.0944480963567,True,120.15181678980824,False,,,,,,
2025-05-20,development_oof,0.08406147267669435,0.20343194677843712,0.14374670972756573,0.013543541776016355,0.05247292295098299,Spring,Low,High,Normal,26.015960858601517,100.0,True,0,0,2430.445205124142,2119.5982004766333,1229.7495654378183,1795.2121045530887,True,122.1075742556234,False,,,,,,
2025-05-21,development_oof,0.1169808710304399,0.1733824224308288,0.14518164673063436,0.011551648533592617,0.04177811183035374,Spring,Low,High,Normal,37.73008428546085,100.0,True,0,0,4549.202003187069,3759.881559968382,3098.212952284231,3173.0441334380057,True,122.39852026505616,False,,,,,,
2025-05-22,development_oof,0.135367383249104,0.1513715911893693,0.14336948721923662,0.012203316378872843,0.0378684476017952,Spring,Low,High,Normal,22.436405527303922,100.0,True,0,0,1160.0277777777806,628.5544875540982,-136.19012608287767,536.1913063446615,True,122.65995364829556,False,,,,,,
2025-05-23,development_oof,0.12907803322498992,0.18164134125496878,0.15535968723997937,0.011424295759449402,0.0393695533275604,Spring,Low,High,Normal,26.323564170568027,100.0,True,0,0,1359.05849652445,857.5376549388384,948.180555555558,645.1938108344384,True,121.02790937378768,False,,,,,,
2025-05-24,development_oof,0.40152810886502266,0.08627655014061018,0.24390232950281643,0.013860575961492339,0.04530493542551994,Spring,High,Medium,High-ramp,67.93304050132508,100.0,True,0,0,9851.333521341763,3669.685879910261,1721.229007997439,2375.5148981723173,True,112.33952938046188,False,,,,,,
2025-05-25,development_oof,0.5939345384637514,0.18278746967674422,0.3883610040702479,0.018892590488879552,0.04745228588581085,Spring,High,High,High-ramp,90.46863872457862,93.51674560651057,True,0,4,6847.557155629404,4418.520463899787,2705.253048150432,3352.607613931488,True,106.16569598886822,False,,,,,,
2025-05-26,development_oof,0.5230257920920849,0.12670734191245475,0.32486656700226985,0.015477277665922884,0.0633993074297905,Spring,High,Medium,High-ramp,50.71123461728036,100.0,True,0,0,9712.609695433575,7990.492456930131,5607.677944008582,5818.065617206828,True,106.72621951606838,False,,,,,,
2025-05-27,development_oof,0.47345135857661563,0.0850910426051996,0.27927120059090765,0.009624072255974178,0.04323802888393402,Spring,High,Medium,Normal,93.21500544255076,84.63035307655042,False,0,5,7211.554035146253,-5386.843941348423,-5907.471144647541,-3403.673349601935,True,109.90534345351826,False,,,,,,
2025-05-28,development_oof,0.266575025084118,0.17134574494684782,0.2189603850154829,0.01441870928738353,0.051222715526819174,Spring,Medium,High,High-ramp,63.121421410565304,100.0,True,0,0,1246.375,455.53023866324696,-1199.346585334761,545.3552184531763,True,114.34557140175929,False,,,,,,
2025-05-29,development_oof,0.46536789399882156,0.10492138976436155,0.28514464188159155,0.015545406378805637,0.0475038960576058,Spring,High,Medium,High-ramp,148.65449718808236,56.727112779146616,False,0,24,12416.058060359115,7448.771499744091,2323.25,5930.527519178074,True,107.37370738550096,False,,,,,,
2025-05-30,development_oof,0.3378168862933914,0.13457897058257606,0.2361979284379837,0.015971965697644922,0.04142887890338903,Spring,Medium,Medium,High-ramp,69.99151089350477,100.0,True,0,0,4930.699541936094,1736.3249090556308,650.6961938212212,1535.0860847323986,True,111.66727771309736,False,,,,,,
2025-05-31,development_oof,0.3258132442521552,0.17427679882560668,0.250045021538881,0.017855599677811067,0.04921220242977142,Spring,Medium,High,High-ramp,34.031786336127766,100.0,True,0,0,10774.704033666723,7439.577362034169,2374.98430647861,4891.137980429034,True,107.5116964989969,False,,,,,,
2025-06-01,development_oof,0.45073688464860123,0.17471465321978027,0.31272576893419074,0.017176764706770577,0.07160447165369985,Summer,High,High,High-ramp,55.437683332385035,100.0,True,0,0,10096.815649983617,6440.3781458474,6351.570903024176,5335.526357666704,True,104.10279400071109,False,,,,,,
2025-06-02,development_oof,0.33006088466693956,0.20637171183803574,0.26821629825248766,0.01304388995106365,0.04941526800394061,Summer,Medium,High,Normal,54.56540389599505,100.0,True,0,0,6234.345137114401,-189.96299346767228,-1905.9330696877687,552.9419160924749,True,105.75878907331575,False,,,,,,
2025-06-03,development_oof,0.5947865769267082,0.15691923908677075,0.3758529080067395,0.016707575745385835,0.04758628457784653,Summer,High,High,High-ramp,60.88393155134736,100.0,True,0,0,11316.649403401032,10621.333402923388,650.6535568325736,8342.169405449886,True,100.6694440687312,False,,,,,,
2025-06-04,development_oof,0.4067662190645933,0.17350223057201217,0.29013422481830276,0.015988079657896986,0.05034665763378143,Summer,High,High,High-ramp,45.05580818199638,100.0,True,0,0,10096.89753347596,7416.322176537044,7446.873293225725,6756.316778576251,True,105.52811034147584,False,,,,,,
2025-06-05,development_oof,0.3180241805190841,0.11864794233202736,0.21833606142555573,0.013446856062491486,0.048304654657840757,Summer,Medium,Medium,Normal,127.58514654953682,62.50693359573083,False,0,13,4168.079369032255,54.1814570386598,1734.060161122204,423.9428988605421,True,113.8139346093546,False,,,,,,
2025-06-06,development_oof,0.2622075529458622,0.19250038624719912,0.22735396959653065,0.01776085841841753,0.060561247169971494,Summer,Medium,High,High-ramp,94.62905108162062,83.91564746609504,False,0,7,7405.265221710403,3762.732743265229,2782.5875826289434,3718.287488771037,True,111.17477479717851,False,,,,,,
2025-06-07,development_oof,0.2020705095492303,0.133309366027485,0.16768993778835764,0.01109840036800354,0.04342682659626007,Summer,Medium,Medium,Normal,105.22977530323809,72.1228032895987,False,0,12,2035.4059961796352,1241.7455858093415,-326.8713311589572,1217.662778191987,True,116.6131693906961,False,,,,,,
2025-06-08,development_oof,0.3181267098213235,0.17529453968848918,0.24671062475490635,0.014594265131123052,0.04844927787780756,Summer,Medium,High,High-ramp,65.74307209581409,100.0,True,0,0,11643.69674773171,401.1945862436012,-5114.218235515957,-225.96524563990383,True,106.75487802445588,False,,,,,,
2025-06-09,development_oof,0.20539093638459838,0.12315878927306771,0.16427486282883305,0.009817912534283364,0.032969795167446136,Summer,Medium,Medium,Normal,109.0614252085458,100.0,True,0,0,4377.638254799225,564.765000123087,-5912.185721341819,889.8404335434319,True,116.20611754152029,False,,,,,,
2025-06-10,development_oof,0.3250846769660711,0.149888548350295,0.23748661265818305,0.014358478869198167,0.04688484594225889,Summer,Medium,High,High-ramp,45.56917894845208,100.0,True,0,0,6503.051244614468,3797.2398541850416,-1214.3734575536891,3082.4837246107336,True,108.63755551430545,False,,,,,,
2025-06-11,development_oof,0.1783627707821627,0.20302631922216577,0.19069454500216423,0.013991540554646539,0.04743041098117823,Summer,Low,High,High-ramp,32.01019135219116,100.0,True,0,0,1960.7384872981893,619.4269459452042,543.7580982180042,589.8397200714583,True,111.30837935844464,False,,,,,,
2025-06-12,development_oof,0.3410229335228602,0.1435737258783168,0.24229832970058848,0.011937702116483706,0.03554705530405039,Summer,Medium,High,Normal,115.15601756100953,95.94840285410993,True,0,1,4405.724999999999,1863.018056427687,3432.40003668172,1826.9612208490007,True,106.72251431219776,False,,,,,,
2025-06-13,development_oof,0.24861573241651055,0.18966266826820777,0.21913920034235915,0.015855967616062127,0.05590519309043873,Summer,Medium,High,High-ramp,84.80693290264301,100.0,True,0,0,10100.3741638068,8640.713528358017,3593.625,7502.433793770186,True,109.85382868313908,False,,,,,,
2025-06-14,development_oof,0.2559941476210951,0.17487316914927453,0.21543365838518483,0.01751720980397901,0.05461996421217913,Summer,Medium,High,High-ramp,57.54285175932669,100.0,True,0,0,14217.144532081737,10137.774090261944,8096.620063509079,7494.251108461787,True,107.32558092232284,False,,,,,,
2025-06-15,development_oof,0.27406821803500253,0.17291614337500502,0.22349218070500376,0.015798054624762397,0.06283357739448547,Summer,Medium,High,High-ramp,46.396380499224115,100.0,True,0,0,7106.733398220084,6510.7947780858885,5428.830285787637,4893.6429154225,True,107.30689695645697,False,,,,,,
2025-06-16,development_oof,0.2169742519035935,0.18020175555025728,0.1985880037269254,0.01134488922238574,0.039780370891094236,Summer,Medium,High,Normal,31.342973277768202,100.0,True,0,0,5962.067327622938,3271.349359442622,707.6953164472449,2977.8847729907734,True,109.5624296593066,False,,,,,,
2025-06-17,development_oof,0.27261087608834106,0.20370854010396514,0.23815970809615308,0.012986698714219825,0.03968589007854467,Summer,Medium,High,Normal,71.18687548842601,100.0,True,0,0,5834.831742015715,5051.783461362577,3385.0946542734937,4107.915484227088,True,105.53178100088948,False,,,,,,
2025-06-18,development_oof,0.1680919751524925,0.20451307841964683,0.18630252678606965,0.013981701668247602,0.047164864838123294,Summer,Low,High,High-ramp,55.49455123003499,100.0,True,0,0,3215.8085387614447,2947.8063225618653,2132.7112943356115,2671.2209616141668,True,113.82722595137834,False,,,,,,
2025-06-19,development_oof,0.10310659705040352,0.23535257722323874,0.16922958713682112,0.013735723802407547,0.04123414307832715,Summer,Low,High,High-ramp,40.31903099490631,100.0,True,0,0,2433.135139304267,1756.0434009377814,1381.252229238475,1873.7975598844089,True,114.90130512160812,False,,,,,,
2025-06-20,development_oof,0.17223008287449673,0.185557219049618,0.17889365096205737,0.013603098145419303,0.03815934807062149,Summer,Low,High,Normal,55.485033948555,100.0,True,0,0,3475.443841602174,1536.161128833156,619.2309313735216,1600.7141726394464,True,113.93225231091522,False,,,,,,
2025-06-21,development_oof,0.22180111721778906,0.2024244260119303,0.21211277161485967,0.014616170975690094,0.04287109524011623,Summer,Medium,High,High-ramp,93.60834925822638,94.37437478508247,True,0,4,1918.9228011166383,-1499.3016604212166,-3112.456166509003,-1706.970264064999,True,109.14225868391776,False,,,,,,
2025-06-22,development_oof,0.40764461488773424,0.16264387367777997,0.2851442442827571,0.016519889594746928,0.0582303404808045,Summer,High,High,High-ramp,81.46262023755722,100.0,True,0,0,19240.845312507256,8333.377496450496,8974.667630727856,5033.7368892858485,True,98.84325594584767,False,,,,,,
2025-06-23,development_oof,0.5574180309971174,0.17769285738252918,0.3675554441898233,0.018673809546119937,0.05379418283700943,Summer,High,High,High-ramp,47.929417840877164,100.0,True,0,0,9955.539862578424,8487.574263325974,6962.390800380408,6049.698816540537,True,94.08510180403466,False,,,,,,
2025-06-24,development_oof,0.4154509464278817,0.0977017366799373,0.25657634155390946,0.013763311855503465,0.0768036842346192,Summer,High,Medium,High-ramp,108.74835199518924,86.2664723992571,False,0,7,11128.40815718396,8533.515864233768,5894.292291545952,6522.815023195788,True,102.5939010344448,False,,,,,,
2025-06-25,development_oof,0.15047386226554707,0.1454525712082007,0.14796321673687388,0.010478529458244644,0.026976034045219394,Summer,Low,High,Normal,50.31295303943633,100.0,True,0,0,6505.833942623172,4443.839076027873,3998.7231406587066,4386.49490048857,True,116.8102877148458,False,,,,,,
2025-06-26,development_oof,0.3679869056989749,0.15292996958896762,0.2604584376439713,0.018592451543857646,0.07454891502857208,Summer,High,High,High-ramp,66.24709728542874,100.0,True,0,0,10756.698371980505,7586.594859479867,5433.764160522012,5360.304549989512,True,100.88942739732468,False,,,,,,
2025-06-27,development_oof,0.42775588389486074,0.15033073855071657,0.28904331122278865,0.012972884416740266,0.045884966850280734,Summer,High,High,Normal,101.95443873752896,86.30444113433867,False,0,7,10815.975958828432,6700.183053505734,4444.986231719885,5621.950093262447,True,95.4479378947848,False,,,,,,
2025-06-28,development_oof,0.46896108984947205,0.13741845177476836,0.30318977081212023,0.01428742881398648,0.051179744303226415,Summer,High,High,High-ramp,119.65112394573313,70.47773684884295,False,0,20,13871.558193923474,12315.458494230596,9996.36050113057,9118.561678849184,True,95.47706923515534,False,,,,,,
2025-06-29,development_oof,0.1417245604097843,0.16460394230246794,0.1531642513561261,0.010534562679822557,0.03735964745283124,Summer,Low,High,Normal,42.046471615180955,100.0,True,0,0,8837.127811152419,-7867.892719015529,-9400.915585888368,-6557.539029086637,True,115.85952436282336,False,,,,,,
2025-06-30,development_oof,0.20466284407302734,0.22203654938251324,0.2133496967277703,0.015866389835233956,0.05177870392799383,Summer,Medium,High,High-ramp,50.87240738243319,100.0,True,0,0,9599.16164265673,6205.140437114887,-2913.5862760061573,5239.837795652977,True,104.97371311920595,False,,,,,,
2025-07-01,development_oof,0.11975985439494248,0.17123733912846242,0.14549859676170246,0.011542989298883794,0.04152406752109525,Summer,Low,High,Normal,64.24024320716258,100.0,True,0,0,12830.63478189638,10275.78016217682,11973.488145381638,9491.044844621423,True,116.68984087854726,False,,,,,,
2025-07-02,development_oof,0.16000133985653517,0.1585633226034891,0.15928233123001215,0.01330940091672043,0.04789987951517111,Summer,Low,High,Normal,63.83426151173748,100.0,True,0,0,1615.9305555555577,-184.43686542387604,-992.0969091006124,-52.31356201566064,True,113.72575245265408,False,,,,,,
2025-07-03,development_oof,0.23863078157107032,0.20135572394655787,0.2199932527588141,0.01399347204665228,0.04329284280538559,Summer,Medium,High,High-ramp,26.9794978844162,100.0,True,0,0,3011.2695791456545,1536.4562906466024,934.4722222222256,984.4754234302472,True,102.7899566830246,False,,,,,,
2025-07-04,development_oof,0.4307952116553982,0.18519505035616626,0.30799513100578224,0.017500638488627377,0.04653628170490265,Summer,High,High,High-ramp,118.79644493440148,71.02411295825245,False,0,8,14158.12223174978,11944.5507627693,9972.579122786216,7994.734678797785,True,93.23152586889891,False,,,,,,
2025-07-05,development_oof,0.4929600693285465,0.10630653857507844,0.2996333039518125,0.013963030220414412,0.04682362452149391,Summer,High,Medium,High-ramp,91.98551042470851,100.0,True,0,0,9167.449543576882,5638.367653170686,5570.507493648956,2906.784106807592,True,93.18760609357662,False,,,,,,
2025-07-06,development_oof,0.22028059481332696,0.12570129625847432,0.17299094553590064,0.012305980441586449,0.03732258081436157,Summer,Medium,Medium,Normal,77.67189585880371,99.30936235510477,True,0,3,1407.4244574419536,-463.1786381405742,-2279.6226622388917,-133.9161614945382,True,111.07191518399326,False,,,,,,
2025-07-07,development_oof,0.3589250793059667,0.18614153254328392,0.27253330592462527,0.017885082232671344,0.06358679570257669,Summer,Medium,High,High-ramp,58.382849134390334,100.0,True,0,0,10089.720462480736,8532.16653898011,2014.5306462150477,6070.160885973372,True,95.08616650231328,False,,,,,,
2025-07-08,development_oof,0.19255210397144154,0.2158438766760279,0.20419799032373473,0.014370134850954253,0.042080789804458674,Summer,Low,High,High-ramp,23.165043075734417,100.0,True,0,0,3973.732963536946,3338.1143155011605,2473.0437583026783,2862.035637536212,True,108.47236245463756,False,,,,,,
2025-07-09,development_oof,0.12836127386738852,0.18462581974987793,0.15649354680863323,0.012054275277478155,0.04061055928468699,Summer,Low,High,Normal,23.710023992442103,100.0,True,0,0,1961.2290592983677,1019.6996614711644,872.0624430604967,926.9328048711782,True,113.06320227356332,False,,,,,,
2025-07-10,development_oof,0.09767404307300842,0.20990036589262218,0.1537872044828153,0.014503741246964333,0.03628895431756976,Summer,Low,High,High-ramp,26.32419897917284,100.0,True,0,0,2232.682755492466,1219.8378591494657,1527.7844063229816,1182.845671614999,True,115.02616053335112,False,,,,,,
2025-07-11,development_oof,0.08788537691968179,0.22187353464156936,0.1548794557806256,0.01413654323065809,0.04470593109726903,Summer,Low,High,High-ramp,30.187060504392598,100.0,True,0,0,2711.365578387267,2673.3482825384926,1346.8998442293564,2021.1211300092812,True,115.18301412679602,False,,,,,,
2025-07-12,development_oof,0.12143473094329234,0.22508117548932205,0.1732579532163072,0.014236918864601954,0.03877259045839304,Summer,Low,High,High-ramp,27.7117938190262,100.0,True,0,0,3665.304989415157,3389.0075065695764,3334.12819439352,2550.7891730745755,True,112.62889044029764,False,,,,,,
2025-07-13,development_oof,0.12404433917254205,0.20087564740447303,0.16245999328850755,0.013030729786805756,0.037152860313653946,Summer,Low,High,Normal,49.68325803564997,100.0,True,0,0,3728.2030571162527,2705.734925906081,2711.855744214381,1866.6559771743944,True,113.82198589791606,False,,,,,,
2025-07-14,development_oof,0.2863950996349255,0.17021041602492912,0.2283027578299273,0.019186677841086443,0.046366527676582336,Summer,Medium,High,High-ramp,55.0551195417204,100.0,True,0,0,2206.488226188369,587.0191988461229,-294.90228193828943,-190.62165418210705,True,102.41070712780338,False,,,,,,
2025-07-15,development_oof,0.36050878713528317,0.11328670833751174,0.2368977477363974,0.01376231493586981,0.052969396114349365,Summer,Medium,Medium,High-ramp,29.605532584607154,100.0,True,0,0,3721.7604892083714,3204.662348103529,2194.2771254191434,2406.908718148761,True,103.28648320147,False,,,,,,
2025-07-16,development_oof,0.16323018927748,0.16805574873918275,0.1656429690083314,0.010633398204845436,0.0348969250917435,Summer,Low,High,Normal,67.97181416445528,100.0,True,0,0,3145.609235081166,1351.9456456675885,-96.84218580362403,1104.961217795857,True,113.25339774480489,False,,,,,,
2025-07-17,development_oof,0.11543157075842218,0.1409475369029375,0.12818955383067984,0.009593106171147763,0.03436863422393799,Summer,Low,High,Normal,45.60726080807723,100.0,True,0,0,1123.4583333333364,702.5298425068703,280.15775673010535,593.1873770111067,True,117.68522036290524,False,,,,,,
2025-07-18,development_oof,0.13210978545248506,0.16967772811896487,0.15089375678572495,0.012803935158444801,0.03601674735546109,Summer,Low,High,Normal,37.00147045724295,100.0,True,0,0,885.0608318935888,31.651378932674447,-325.9166666666636,139.90452322856754,True,114.84681108179012,False,,,,,,
2025-07-19,development_oof,0.09826711875696974,0.11634270074485657,0.10730490975091315,0.009154020822734314,0.025850992649793625,Summer,Low,Medium,Normal,65.82236914390117,100.0,True,0,0,1195.9722222222254,241.73871158518293,-207.7320088245719,-1.93013985013414,True,121.51853163954172,False,,,,,,
2025-07-20,development_oof,0.20009777058536804,0.11773287333441351,0.15891532195989078,0.010982097410912196,0.039377942681312506,Summer,Medium,Medium,Normal,81.0936498510333,94.38325134411627,True,0,10,1430.724815071574,-1636.4740493835288,-214.9583333333294,-784.6136437351458,True,112.87194300885756,False,,,,,,
2025-07-21,development_oof,0.10089678511333959,0.1457914698312379,0.12334412747228873,0.01048179475643944,0.038204923272132874,Summer,Low,High,Normal,36.09749254896185,100.0,True,0,0,793.3698098398918,-489.3295787201987,-1211.206633493069,-470.5317982246756,True,117.79465771981133,False,,,,,,
2025-07-22,development_oof,0.17393649617830909,0.15137941978650812,0.1626579579824086,0.010881450595131056,0.03427175432443619,Summer,Low,High,Normal,86.8315487994934,91.66840554975475,True,0,11,1458.6833592471833,-1302.419639389558,669.5797116166877,-929.850916384714,True,111.69600149297317,False,,,,,,
2025-07-23,development_oof,0.13977452677985028,0.1438014439136168,0.14178798534673354,0.01131251209577992,0.04097320884466174,Summer,Low,High,Normal,44.335961142351294,100.0,True,0,0,2489.0879796574472,715.8030027729691,493.9780245102786,465.67908030114506,True,114.96942323962986,False,,,,,,
2025-07-24,development_oof,0.1156478275855382,0.13255126266130898,0.12409954512342358,0.009693287258945324,0.046362787485122736,Summer,Low,Medium,Normal,36.89974707525408,100.0,True,0,0,542.1315233471344,122.873135630205,-338.5979655856984,69.09044238937577,True,117.85041021860016,False,,,,,,
2025-07-25,development_oof,0.13381649957348898,0.17395026849574904,0.15388338403461901,0.012181601402517112,0.0413033589720726,Summer,Low,High,Normal,25.127882440027488,100.0,True,0,0,1748.1426213588834,1393.234289363976,730.8910819522573,1050.7340441256351,True,112.93548973604986,False,,,,,,
2025-07-26,development_oof,0.14987887954339382,0.14031098680527518,0.1450949331743345,0.010411470369642004,0.03660046309232712,Summer,Low,High,Normal,54.143906397984885,100.0,True,0,0,822.9250000000028,-1628.8128386497792,-2219.262874905515,-1200.214530091414,True,113.8612580199216,False,,,,,,
2025-07-27,development_oof,0.2367189430321256,0.13040950553145095,0.18356422428178829,0.011875982591928866,0.037916161119937924,Summer,Medium,Medium,Normal,105.22371218489431,97.2312016245437,True,0,5,673.659622518958,-1459.3898898535222,-232.97499999999505,-1306.1986916565836,True,110.18262532393716,False,,,,,,
2025-07-28,development_oof,0.17953848280012605,0.16537190311968664,0.17245519295990633,0.013316919098182703,0.03702170774340627,Summer,Low,High,Normal,58.710741635515035,100.0,True,0,0,956.7817001442302,-856.0775688006935,-77.30980067462832,-812.2871394716428,True,111.3781854691828,False,,,,,,
2025-07-29,development_oof,0.09706332542312636,0.12560567810409864,0.11133450176361252,0.009398937654168556,0.03334964253008371,Summer,Low,Medium,Normal,47.5534610605815,100.0,True,0,0,2405.7781042406414,1061.071929905337,954.0015597450432,1034.075772173242,True,120.83535805022746,False,,,,,,
2025-07-30,development_oof,0.13143267606695488,0.1338770972122347,0.1326548866395948,0.010392151581034641,0.03572025522589686,Summer,Low,Medium,Normal,42.16622465218697,100.0,True,0,0,1289.306687916992,392.79735236122895,865.008966185366,303.5025547716425,True,115.7692033838158,False,,,,,,
2025-07-31,development_oof,0.18963726454724864,0.1357640555865297,0.16270066006688919,0.010529902944578376,0.046896301209926605,Summer,Low,High,Normal,28.03582319717045,100.0,True,0,0,2545.008457145731,1809.989331378164,1703.9491296608278,1538.2004780232442,True,111.64459730833636,False,,,,,,
2025-08-01,development_oof,0.21800208681573466,0.14700453520345033,0.1825033110095925,0.012800274727245172,0.043622091412544195,Summer,Medium,High,Normal,58.648485553944035,100.0,True,0,0,3704.485538623945,2571.158497883036,162.34301141305764,2114.0147479327443,True,110.4600967323098,False,,,,,,
2025-08-02,development_oof,0.14680685475468633,0.1604665412257115,0.15363669799019888,0.010459381912369288,0.04322069883346555,Summer,Low,High,Normal,48.22945984831645,100.0,True,0,0,6242.404714008655,4652.037247243256,3623.714569734764,3590.8723540465703,True,112.66989964877172,False,,,,,,
2025-08-03,development_oof,0.30538700924565393,0.10017466323650598,0.20278083624107993,0.013276011838267245,0.03666392434388399,Summer,Medium,Medium,Normal,42.77961214903419,100.0,True,0,0,9926.600106574138,5987.454559210924,7877.287639076647,3698.726530519136,True,105.9311188151716,False,,,,,,
2025-08-04,development_oof,0.555050369972984,0.08869488312196454,0.3218726265474742,0.01529701378573615,0.05931606329977515,Summer,High,Medium,High-ramp,85.20512719640999,100.0,True,0,0,10935.870953473132,6089.507313630756,4362.850680014063,5266.898604600924,True,88.51905102648549,False,,,,,,
2025-08-05,development_oof,0.5742822860678037,0.1600003853968606,0.36714133573233215,0.016522178656790253,0.05825295299291616,Summer,High,High,High-ramp,75.04100413302902,100.0,True,0,0,7140.088485936932,3651.180320054552,2734.991925361684,3029.0554770068115,True,87.2918231765707,False,,,,,,
2025-08-11,development_oof,0.12022218403095997,0.14891354284598415,0.13456786343847205,0.011349796150151784,0.049520339816808756,Summer,Low,High,Normal,51.241197314424156,100.0,True,0,0,4825.553760614552,2016.1448334424017,-328.257909095542,1841.6876783832563,True,117.29003607891676,False,,,,,,
2025-08-12,development_oof,0.11613261234015222,0.1728363251903223,0.14448446876523727,0.01245969370938838,0.03248634934425354,Summer,Low,High,Normal,30.45121443777836,100.0,True,0,0,3295.7056952651114,753.8381063912548,975.1687473130766,700.8677281942616,True,114.73155412736467,False,,,,,,
2025-08-13,development_oof,0.12303536152467127,0.17014724497524483,0.14659130324995806,0.01322478493542197,0.03359215706586835,Summer,Low,High,Normal,52.230028777759614,100.0,True,0,0,1829.4375,771.0316742102258,1175.769763607785,913.3107670772844,True,115.07709901870923,False,,,,,,
2025-08-14,development_oof,0.15142624654496706,0.14240373450502372,0.14691499052499538,0.011043153637577538,0.044935695827007294,Summer,Low,High,Normal,33.390602593670714,100.0,True,0,0,2110.521153003287,1897.299751258532,863.6875,1554.990938382069,True,113.85947201991044,False,,,,,,
2025-08-15,development_oof,0.11585527829204993,0.16723940526738565,0.14154734177971778,0.011999187802151331,0.032314531505107935,Summer,Low,High,Normal,24.08735112353753,100.0,True,0,0,1701.8899355790236,1587.7154170008744,1319.6673602692267,1438.5755278074323,True,116.10288469661826,False,,,,,,
2025-08-16,development_oof,0.14840782806277272,0.15131217022644702,0.14985999914460987,0.010941307781346646,0.03403979912400243,Summer,Low,High,Normal,73.74772841668417,100.0,True,0,0,1453.535978355739,-627.0815804075793,-709.4210385800162,-404.6807096655943,True,114.93921869127232,False,,,,,,
2025-08-17,development_oof,0.13927539143090442,0.16663761266151292,0.15295650204620867,0.012678042446016969,0.03271201625466341,Summer,Low,High,Normal,53.168861627744704,100.0,True,0,0,2466.46217096108,2138.4296444992333,427.8383336574655,1731.2972459791458,True,114.66632668366424,False,,,,,,
2025-08-18,development_oof,0.1692822561599314,0.09953364828076394,0.13440795222034765,0.009034653610645668,0.02976995147764684,Summer,Low,Medium,Normal,81.66319865125294,100.0,True,0,0,1486.5368935281213,-19.48879735726962,-1236.195898605744,16.865703814712504,True,116.9878097344386,False,,,,,,
2025-08-19,development_oof,0.21377793435628212,0.09992495358665106,0.15685144397146658,0.009776343800240285,0.031853236258029965,Summer,Medium,Medium,Normal,42.865011391314965,100.0,True,0,0,1024.892170758435,785.789805094665,-433.45694401845947,481.4162650880795,True,111.205970708427,False,,,,,,
2025-08-20,development_oof,0.22924507316201923,0.10340059122624246,0.16632283219413083,0.009467430164401472,0.033436190336942645,Summer,Medium,Medium,Normal,54.29084491255904,100.0,True,0,0,2193.223985590645,558.3776273809926,667.8053560280796,375.5807943388618,True,111.76754446211255,False,,,,,,
2025-08-21,development_oof,0.10580511546383298,0.12644362374112458,0.11612436960247878,0.009096802239128008,0.03630187734961504,Summer,Low,Medium,Normal,27.43616916214648,100.0,True,0,0,1411.339004063336,872.3965975620049,332.21175081652405,772.9904232634852,True,119.90326538942,False,,,,,,
2025-08-22,development_oof,0.10792018535236514,0.13400166910908712,0.12096092723072611,0.009729898678794294,0.03196280635893345,Summer,Low,Medium,Normal,45.83128085472809,100.0,True,0,0,2960.91641064583,1700.8484334620534,2113.197416801834,1624.333335974688,True,118.38738886812882,False,,,,,,
2025-08-23,development_oof,0.08267596783116456,0.11170814755702922,0.09719205769409689,0.009008719120904134,0.03596872463822365,Summer,Low,Medium,Normal,51.84979571494068,100.0,True,0,0,1311.938207168222,509.16953013591,84.79020711135661,423.6223889857637,True,123.90132331190678,False,,,,,,
2025-08-24,development_oof,0.09649401670321818,0.13560912086283375,0.11605156878302596,0.011414670165171024,0.04893703758716583,Summer,Low,High,Normal,32.98741700009916,100.0,True,0,0,1347.0180279579326,792.1467694313856,224.66522982157943,474.1721553176719,True,119.68578627363908,False,,,,,,
2025-08-25,development_oof,0.2649216445473333,0.17792430222440692,0.2214229733858701,0.015747097590065092,0.04729686304926875,Summer,Medium,High,High-ramp,55.716474359583266,100.0,True,0,0,10069.903757390774,7400.026399371882,8097.745896049852,6456.8638724639,True,102.3752598787318,False,,,,,,
2025-08-26,development_oof,0.2934713435048858,0.13692567021829896,0.21519850686159236,0.0149672076613759,0.04470144212245941,Summer,Medium,High,High-ramp,41.53755986193792,100.0,True,0,0,5237.712459303013,2703.641306299731,3117.2541981156355,2240.9260574197438,True,106.2366831391438,False,,,,,,
2025-08-27,development_oof,0.27044519471625483,0.10616553619293728,0.18830536545459606,0.01668218663727809,0.0501946359872818,Summer,Medium,Medium,High-ramp,36.87188588004744,100.0,True,0,0,2415.019509737024,1640.5228174800975,1597.0578899920947,1581.8895101701482,True,110.62491855656585,False,,,,,,
2025-08-28,development_oof,0.31036513857543463,0.12298848860139815,0.2166768135884164,0.014451121645530904,0.04364132881164551,Summer,Medium,Medium,High-ramp,48.413208918861,100.0,True,0,0,1608.6246917859517,673.5927177174271,896.0191289308768,628.3497938763494,True,104.65275758465953,False,,,,,,
2025-08-29,development_oof,0.19305102247744796,0.11983902374599131,0.15644502311171962,0.010779549995864576,0.03568057715892789,Summer,Low,Medium,Normal,32.57771846010131,100.0,True,0,0,5099.125653737378,3418.9732645114154,1997.117842341468,3183.103940671626,True,114.45459336372116,False,,,,,,
2025-08-30,development_oof,0.33542586614688236,0.09840793902598456,0.21691690258643345,0.013130846600290631,0.047312214970588684,Summer,Medium,Medium,Normal,89.26639957261753,100.0,True,0,0,6819.539511701401,2010.8912410273117,2286.2372500867086,1937.5181167824887,True,103.40552910547773,False,,,,,,
2025-08-31,development_oof,0.5274880956858397,0.14376272621044942,0.3356254109481445,0.015346334000165981,0.0666394680738448,Summer,High,High,High-ramp,47.78565809312548,100.0,True,0,0,9447.078048394997,5990.580894994162,1969.976684734595,5341.460740173906,True,88.56917686632629,False,,,,,,
2025-09-01,development_oof,0.47584623470902443,0.11677983200979723,0.29631303335941084,0.013451092353534479,0.052517287433147486,Autumn,High,Medium,Normal,54.17268484341453,100.0,True,0,0,10393.131680007393,9184.47996021438,8866.072508900535,7778.505818158836,True,93.26973090881154,False,,,,,,
2025-09-02,development_oof,0.2182258859587212,0.10176026933246853,0.15999307764559487,0.009405596255116206,0.03257610648870471,Autumn,Medium,Medium,Normal,26.34865937016698,100.0,True,0,0,2154.843374698737,-271.88038506491114,-1086.3302816917246,-244.4936695317533,True,113.54383380161704,False,,,,,,
2025-09-03,development_oof,0.28571005507061875,0.07669355886063535,0.18120180696562704,0.010765263239212198,0.04570188373327255,Autumn,Medium,Medium,Normal,54.76974369633254,100.0,True,0,0,3213.3431462150475,1530.3077208801965,-166.82951218999017,1583.251949937211,True,107.33354587156144,False,,,,,,
2025-09-04,development_oof,0.194241604146858,0.10682622449500435,0.1505339143209312,0.011141543213852854,0.046980120241642,Autumn,Low,Medium,Normal,28.17321017102526,100.0,True,0,0,3294.587217233505,380.1510108603826,1653.0860110221763,609.6344306869587,True,116.46353363765768,False,,,,,,
2025-09-05,development_oof,0.1471976143463204,0.1370979459807131,0.14214778016351673,0.012755723311177766,0.03850008547306061,Autumn,Low,High,Normal,31.81019558553041,100.0,True,0,0,3305.46867755909,2366.08527939948,-96.51602093700672,2110.5350040202766,True,117.48430550639236,False,,,,,,
2025-09-06,development_oof,0.31636160208533204,0.11285657562893898,0.2146090888571355,0.014535982567546549,0.04252272844314581,Autumn,Medium,Medium,High-ramp,102.86413893787946,100.0,True,0,0,13160.344288996324,7757.351488413412,-2824.6614951585225,6705.380308104601,True,103.1321859446418,False,,,,,,
2025-09-07,development_oof,0.43193931380907696,0.07101608119273803,0.2514776975009075,0.011922448872307236,0.05386860296130175,Autumn,High,Medium,Normal,123.46828407270631,69.72298651134061,False,0,23,7119.993054559814,4774.326632233677,1300.9404573350266,4056.439813792111,True,102.29143202576476,False,,,,,,
2025-09-08,development_oof,0.20625570447494582,0.1357441334133303,0.17099991894413805,0.011241559385477265,0.043397396802902194,Autumn,Medium,High,Normal,65.66404658626226,100.0,True,0,0,15040.56500788624,10844.968668434683,7657.138029634762,10599.883195283548,True,111.98198450158228,False,,,,,,
2025-09-09,development_oof,0.20471205158780015,0.12494774013915348,0.16482989586347682,0.011368487032996205,0.04243034869432452,Autumn,Medium,Medium,Normal,108.44385424378945,88.80179487513011,False,0,4,3106.7083333333376,2394.592460257372,2530.586597054855,2684.3163145304197,True,111.15681506270998,False,,,,,,
2025-09-10,development_oof,0.3821307147542636,0.07671751991332103,0.22942411733379228,0.011356043910230568,0.04419448226690298,Autumn,High,Medium,Normal,113.73741044770031,74.69912897515346,False,0,9,10408.541666666668,7937.916425978573,9166.43055555556,7500.427596282915,True,100.5799842938996,False,,,,,,
2025-09-11,development_oof,0.46158393782873947,0.12268042950245213,0.2921321836655958,0.012127847882159893,0.039760295301675824,Autumn,High,Medium,Normal,58.31851442612826,100.0,True,0,0,12282.829235709793,11416.609885430822,11373.069444444443,9145.767393230775,True,90.44696332039295,False,,,,,,
2025-09-12,development_oof,0.40333619465430576,0.13018345224842653,0.2667598234513661,0.014185246118510504,0.05634448677301407,Autumn,High,Medium,High-ramp,61.05591544874039,100.0,True,0,0,11631.000080761078,10737.907746304914,10593.290977805063,8746.28790002027,True,96.49970806725943,False,,,,,,
2025-09-13,development_oof,0.33506628187994164,0.12387257463387867,0.2294694282569101,0.014039937616265277,0.06915222108364105,Autumn,Medium,Medium,High-ramp,36.79587669891117,100.0,True,0,0,9688.164658609683,7567.992701452082,7041.610024026357,5595.192679219709,True,102.716671837603,False,,,,,,
2025-09-14,development_oof,0.3817441128194332,0.05331306667297513,0.21752858974620418,0.009571988779195332,0.02704242244362831,Autumn,High,Medium,Normal,47.99570733933447,100.0,True,0,0,3713.901852203035,-811.6569434916885,-2735.3311197877715,547.5801686285615,True,102.1986833766063,False,,,,,,
2025-09-15,development_oof,0.6766436373194059,0.11551694647732798,0.39608029189836697,0.012195759932486306,0.05343194305896759,Autumn,High,Medium,Normal,46.80220000925842,100.0,True,0,0,9548.055307907944,7787.820890940712,-2551.974023691418,6123.4901974618015,True,87.85995638604305,False,,,,,,
2025-09-16,development_oof,0.44111928530037403,0.11523163159154133,0.2781754584459577,0.015130778107353157,0.0548387691378594,Autumn,High,Medium,High-ramp,64.7590273808801,100.0,True,0,0,9678.985516457971,7583.195504596777,7051.371951639976,5939.654660676672,True,98.021069703852,False,,,,,,
2025-09-17,development_oof,0.3888654538119833,0.03559163485874702,0.21222854433536512,0.01070387265644967,0.03425031126243988,Autumn,High,Low,Normal,90.56991335153147,93.10752450855779,True,0,2,9090.78264167661,6460.963936053597,3027.730885466607,6115.157507014809,True,100.7998639256048,False,,,,,,
2025-09-18,development_oof,0.4963803564508756,0.07685304536456287,0.28661670090771924,0.012861855721287917,0.0712525323033334,Autumn,High,Medium,Normal,74.04896199466388,100.0,True,0,0,7910.79601584697,5967.080146967695,3318.2825688829344,5097.599226142071,True,93.89822916858954,False,,,,,,
2025-09-19,development_oof,0.3020419124513864,0.10533122974258426,0.20368657109698532,0.011815821332675112,0.04008848965167999,Autumn,Medium,Medium,Normal,83.78584570586975,100.0,True,0,0,9783.3897193199,6287.054506652203,8188.230895541096,5399.574907324077,True,107.12851023557243,False,,,,,,
2025-09-20,development_oof,0.24827428348362443,0.047952040736011704,0.14811316210981806,0.009086421260083929,0.03747037053108215,Autumn,Medium,Low,Normal,86.53049226128346,100.0,True,0,0,6734.764375661772,-3417.78021976136,-2139.5177264736403,-1765.5722871656544,True,111.88369986823275,False,,,,,,
2025-09-21,development_oof,0.2337069784601529,0.14607068144035412,0.1898888299502535,0.014810801772606894,0.03953632712364202,Autumn,Medium,High,High-ramp,101.85398398720992,86.0575471489471,False,0,16,9612.790615492291,6631.560315632381,-9120.435407811716,5088.999424204952,True,110.58772981677204,False,,,,,,
2025-09-22,development_oof,0.15651909137765563,0.14736183126024113,0.15194046131894837,0.013507066993042825,0.04176663607358938,Autumn,Low,High,Normal,52.2877751618747,100.0,True,0,0,3389.597810180572,2606.890389322616,54.037037739401285,2392.549585756828,True,114.7858510312321,False,,,,,,
2025-09-23,development_oof,0.07317203423008319,0.11843791435543,0.09580497429275658,0.011749099032992196,0.042152825742959976,Autumn,Low,Medium,Normal,47.06484932678713,100.0,True,0,0,3802.023330981148,2480.01018728062,2372.6689996841524,2620.494369723546,True,123.20043453245046,False,,,,,,
2025-09-24,development_oof,0.11693363838518656,0.11403117520573382,0.11548240679546018,0.012586925189680192,0.048889245837926865,Autumn,Low,Medium,Normal,39.62475983133116,100.0,True,0,0,2635.398468785187,2184.9032106158747,1501.7092989345222,2229.2927999583667,True,120.05743969350134,False,,,,,,
2025-09-25,development_oof,0.19312407899027065,0.1371975045229495,0.16516079175661008,0.013845409856154824,0.050025440752506284,Autumn,Low,High,High-ramp,31.426388229692577,100.0,True,0,0,3457.2217100192843,1841.503389704148,1481.1151476992518,2093.5472425813955,True,110.94344350788992,False,,,,,,
2025-09-26,development_oof,0.18677569366991517,0.08977306735641831,0.13827438051316673,0.01243205206416557,0.05556124448776248,Autumn,Low,Medium,Normal,79.39854285483682,100.0,True,0,0,1781.1111111111125,874.7585386808157,925.617294044057,776.157579944111,True,117.21829488298005,False,,,,,,
2025-09-27,development_oof,0.2849304703995585,0.07034816221989594,0.1776393163097272,0.010734190121662358,0.03337351791560644,Autumn,Medium,Medium,Normal,63.96089116489313,100.0,True,0,0,1628.4108396594129,1143.2123268526714,531.2222222222238,895.6249415933445,True,106.65258973365049,False,,,,,,
2025-09-28,development_oof,0.12666541089614228,0.10200267186849031,0.1143340413823163,0.012115816262166847,0.03279322385787961,Autumn,Low,Medium,Normal,48.881300501446,100.0,True,0,0,2454.5777216096144,1081.9312129023815,1339.117640338718,1017.3837525940712,True,121.38763363597724,False,,,,,,
2025-09-29,development_oof,0.05878029468779758,0.10636564436572367,0.08257296952676063,0.01034209417434795,0.03702374547719965,Autumn,Low,Medium,Normal,40.97848390537721,100.0,True,0,0,4217.983028769053,2572.1310165180503,2235.437554242499,2659.408047369642,True,124.21130959180596,False,,,,,,
2025-09-30,development_oof,0.1392192758309344,0.08846532007009954,0.11384229795051698,0.010033126692481652,0.04449525102972984,Autumn,Low,Medium,Normal,64.58791269138398,100.0,True,0,0,3612.991949533957,2970.236201750452,3080.5160510502283,2661.6243620707337,True,119.96033241949095,False,,,,,,
2025-10-01,development_oof,0.26634477451443667,0.05678594336211041,0.16156535893827353,0.009238061157851979,0.030245691537857083,Autumn,Medium,Medium,Normal,70.11754785327608,100.0,True,0,0,3625.978903772289,2525.16524786882,2977.134686838617,2297.541377534064,True,107.9689011434196,False,,,,,,
2025-10-02,development_oof,0.38722792516152066,0.04464783129076481,0.21593787822614272,0.008635744801713,0.028109654784202603,Autumn,High,Low,Normal,88.80022466121626,98.96872350824873,True,0,1,5807.2229112424175,2862.634732138128,3559.0292237472777,3067.2683087412133,True,100.33881054812429,False,,,,,,
2025-10-03,development_oof,0.5902749467641115,0.016274332757205877,0.3032746397606587,0.009345096494522896,0.03432331420481205,Autumn,High,Low,Normal,79.93717908590207,100.0,True,0,0,11248.139307611713,5281.177287473411,9087.603536350382,5111.955066092853,True,93.5678906361651,False,,,,,,
2025-10-04,development_oof,0.7707358015080293,0.08896281150127074,0.42984930650465003,0.008324251807323435,0.0385289341211319,Autumn,High,Medium,Normal,100.77841659225531,83.67605596775886,False,0,10,2228.386191814386,389.16921875855166,-55.63086117338639,652.5357726952195,True,87.88066605574387,False,,,,,,
2025-10-05,development_oof,0.6295521687716246,0.09153229386314854,0.36054223131738655,0.0128828915337446,0.0493806935846805,Autumn,High,Medium,Normal,72.71988297229206,100.0,True,0,0,8666.292051951716,7985.499096139742,6459.949235952752,5404.783218294682,True,90.69529901955066,False,,,,,,
2025-10-06,development_oof,0.3704595249146223,0.09460754801504356,0.2325335364648329,0.011333943777496337,0.04123588651418686,Autumn,High,Medium,Normal,65.66279144045498,100.0,True,0,0,6487.742232643136,4586.823792611513,4870.508957060962,3408.892111017435,True,98.94775548158071,False,,,,,,
2025-10-07,development_oof,0.27178003887335456,0.06006860871366367,0.1659243237935091,0.0078020787086643395,0.0246827304363251,Autumn,Medium,Medium,Normal,52.369169947374324,100.0,True,0,0,4199.835672412708,3213.811752154951,3225.205050732772,2664.5882262520117,True,108.67716161429472,False,,,,,,
2025-10-08,development_oof,0.19746918293337024,0.05993719045587414,0.1287031866946222,0.007404297304844929,0.04467140883207321,Autumn,Low,Medium,Normal,40.611339709261244,100.0,True,0,0,3495.9992670590427,3023.3800247786085,2498.085486571838,2781.791086281617,True,114.27775504198436,False,,,,,,
2025-10-09,development_oof,0.3026982812831799,0.07525513014953349,0.1889767057163567,0.01045799950431577,0.03446795232594019,Autumn,Medium,Medium,Normal,40.571571961516185,100.0,True,0,0,3755.7916666666697,3000.75228909672,2937.4899558368097,3175.679312348375,True,105.85577826269518,False,,,,,,
2025-10-10,development_oof,0.17853453103452918,0.06668962965378944,0.12261208034415931,0.008837727310795648,0.03586925193667412,Autumn,Low,Medium,Normal,79.27451728528062,100.0,True,0,0,1040.6546888661426,552.0164912483153,414.81944444444696,498.93757617810616,True,118.11475607970608,False,,,,,,
2025-10-11,development_oof,0.08137524259897565,0.08972938722020744,0.08555231490959155,0.008821735319543224,0.03168331831693649,Autumn,Low,Medium,Normal,49.91206506837012,100.0,True,0,0,3253.159377812915,1063.598849591336,1052.2721974223944,650.9793637895013,True,124.52102837521208,False,,,,,,
2025-10-12,development_oof,0.06600508140400048,0.08193636449755101,0.07397072295077574,0.008202056089127534,0.0327914170920849,Autumn,Low,Medium,Normal,53.189555078727395,100.0,True,0,0,2282.296965714929,-942.3545678112272,1761.1772102183236,-1065.201061511454,True,126.44297439663583,False,,,,,,
2025-10-13,development_oof,0.07492719016348318,0.04561917695302022,0.060273183558251696,0.005264943917306179,0.0192667990922928,Autumn,Low,Low,Normal,35.28723143861819,100.0,True,0,0,16130.415646964091,10534.771344454555,12769.502883217743,8095.420398828156,True,131.8514065474104,False,,,,,,
2025-10-14,development_oof,0.07447927577110625,0.04201016361632049,0.05824471969371337,0.005185098288620792,0.016683280467987047,Autumn,Low,Low,Normal,42.727661452414196,100.0,True,0,0,6267.754830400575,5012.935623483596,5552.98289011304,4784.740462191107,True,132.08732404271822,False,,,,,,
2025-10-15,development_oof,0.06333875174944595,0.04718093171140933,0.05525984173042764,0.005071890669720843,0.01886693015694621,Autumn,Low,Low,Normal,30.39081137095789,100.0,True,0,0,4915.573471623297,3362.6483899874247,4440.0195524403125,3130.6827507775006,True,132.82406509259135,False,,,,,,
2025-10-16,development_oof,0.058248339220881414,0.06531324576837957,0.0617807924946305,0.0063975370344072245,0.028498280793428504,Autumn,Low,Medium,Normal,31.685231557477238,100.0,True,0,0,3086.2840468886425,2684.687361323838,1798.3262961196408,2581.0466842011547,True,131.4175951727325,False,,,,,,
2025-10-17,development_oof,0.0662260356281573,0.06160680187849718,0.06391641875332725,0.008345586081001484,0.028740731999278124,Autumn,Low,Medium,Normal,69.47039400137601,100.0,True,0,0,3080.197243107574,2637.482176517425,2744.878807658313,2550.528025461857,True,130.53367536767163,False,,,,,,
2025-10-18,development_oof,0.23101789659510052,0.05106821572618019,0.14104305616064036,0.007908937831681818,0.02660836279392237,Autumn,Medium,Low,Normal,73.13278000574519,100.0,True,0,0,1571.3194444444448,-293.7720261200945,-447.5773462781067,-190.89500947639291,True,110.629609997208,False,,,,,,
2025-10-19,development_oof,0.40825097418079775,0.018601388430624834,0.2134261813057113,0.009173098619423095,0.030391033738851547,Autumn,High,Low,Normal,113.54483414112886,74.26793557718642,False,0,9,3633.180478502048,2278.9010325170666,652.3611111111109,2196.5059154889595,True,97.16463358571605,False,,,,,,
2025-10-20,development_oof,0.15841900619367755,0.044930352766471025,0.10167467948007429,0.008463156571480113,0.04506562650203699,Autumn,Low,Low,Normal,42.99131818863124,100.0,True,0,0,3000.781974940656,1224.304843641046,-1073.787382899884,645.817341474154,True,123.01556035829977,False,,,,,,
2025-10-21,development_oof,0.2855908898636698,0.04770224096978378,0.16664656541672682,0.00886587219675524,0.0282493457198143,Autumn,Medium,Low,Normal,47.12185143625348,100.0,True,0,0,3030.025000000001,799.1508240869127,-705.3773934024982,1015.3444602488108,True,103.7039396058476,False,,,,,,
2025-10-22,development_oof,0.16999330262963966,0.07820735583531281,0.12410032923247623,0.009309755522262248,0.04139289259910579,Autumn,Low,Medium,Normal,52.59962407207512,100.0,True,0,0,13056.778276596482,10668.997634373878,9213.075,9199.945508148274,True,116.66437774807588,False,,,,,,
2025-10-23,development_oof,0.3945941533893347,0.027765388529663423,0.21117977095949902,0.007580876144743353,0.030697431415319443,Autumn,High,Low,Normal,59.325079793978944,100.0,True,0,0,4472.54166666667,1592.437192295242,2675.55611297738,2998.1779634988006,True,95.09739095842843,False,,,,,,
2025-10-24,development_oof,0.4548606028159459,0.0708253464303349,0.2628429746231404,0.010577438553696082,0.04540794715285296,Autumn,High,Medium,Normal,79.4502333947535,100.0,True,0,0,14348.228786162888,11267.670651343804,7881.430555555557,10021.01717982714,True,91.08394863688522,False,,,,,,
2025-10-25,development_oof,0.5195770089824995,0.08767441177227886,0.30362571037738917,0.011890422285641009,0.05120614916086197,Autumn,High,Medium,Normal,84.16668114724055,100.0,True,0,0,6666.458042556447,5604.123682324468,3379.012635797739,4017.529284012274,True,88.98417949305633,False,,,,,,
2025-10-26,development_oof,0.49609112322330473,0.03855899508998842,0.26732505915664656,0.008213074020350182,0.039292566478252466,Autumn,High,Low,Normal,87.26247891426604,100.0,True,0,0,8888.442230372113,3110.1519099138745,3356.260729372368,3072.3946565573483,True,88.03959369909502,False,,,,,,
2025-10-27,development_oof,0.46388116758316755,0.07885145256242743,0.2713663100727975,0.014962751314063404,0.062593374401331,Autumn,High,Medium,High-ramp,80.45270701882373,100.0,True,0,0,10857.762598888943,10149.978548917632,7080.185964991646,6645.332617198572,True,99.76926559933592,False,,,,,,
2025-10-28,development_oof,0.554073108981053,0.06955294177646462,0.3118130253787588,0.013769346144120698,0.04871901869773865,Autumn,High,Medium,High-ramp,43.05952149222133,100.0,True,0,0,9397.71299401193,8082.317327804356,8199.48251374548,5610.731226786454,True,92.9344179524692,False,,,,,,
2025-10-29,development_oof,0.3176621388023098,0.043919580331248625,0.1807908595667792,0.00853089541355227,0.039371997117996216,Autumn,Medium,Low,Normal,70.9939185448875,100.0,True,0,0,5610.522469521809,2981.5861481758266,2393.0448571053857,1281.8561155788416,True,100.9341718922642,False,,,,,,
2025-10-30,development_oof,0.3425122130041321,0.04119057115220431,0.19185139207816818,0.009183997305209834,0.028238187544047805,Autumn,Medium,Low,Normal,82.9647367218811,100.0,True,0,0,3794.843041543753,1704.5369041548877,891.8701534805324,2581.080187888022,True,103.84692684561246,False,,,,,,
2025-10-31,development_oof,0.624403410901626,0.02548422083835548,0.3249438158699907,0.008362790432291453,0.025826215744018555,Autumn,High,Low,Normal,70.76297100689821,100.0,True,0,0,7645.185063425235,5048.941622622282,2999.5760892523176,2864.928410584876,True,89.45223038236345,False,,,,,,
2025-11-01,development_oof,0.4939610753208399,0.0577185058893595,0.2758397906050997,0.012381567205541918,0.04956495016813278,Autumn,High,Medium,Normal,79.35772179628873,100.0,True,0,0,7201.499025677564,5835.559975382124,986.3097393570164,4163.339123467926,True,93.89801076145926,False,,,,,,
2025-11-02,development_oof,0.43188814384241897,0.07109781321632148,0.2514929785293702,0.010674089138566009,0.038550529628992136,Autumn,High,Medium,Normal,73.1840779138631,100.0,True,0,0,2604.870522848262,1139.7202907551273,747.3251310514463,1305.9132928107138,True,91.01215479064427,False,,,,,,
2025-11-03,development_oof,0.6871329409380754,0.02775864151154409,0.35744579122480974,0.006750660082313214,0.022642816747065864,Autumn,High,Low,Normal,99.6188684535665,84.65003224812051,False,0,7,6217.330066163629,4371.616995766063,2754.303175416355,4047.1645583006352,True,90.91371368064551,False,,,,,,
2025-11-04,development_oof,0.5645654574036598,0.019268380336271172,0.29191691886996546,0.005942887859153726,0.01765757426619524,Autumn,High,Low,Normal,102.13523089329087,100.0,True,0,0,7818.912152344084,6915.659473316818,5488.566056116368,3873.719852961151,True,88.35750371114169,False,,,,,,
2025-11-05,development_oof,0.34976439146945876,0.02185368369339354,0.1858090375814261,0.00864425117936207,0.0283633545041084,Autumn,Medium,Low,Normal,59.040941122951395,100.0,True,0,0,3304.2800602831608,1781.0956722291517,1717.9190330184729,331.34509915096567,True,99.91709326097312,False,,,,,,
2025-11-06,development_oof,0.1638605630335708,0.02225624940657171,0.09305840622007126,0.007008883854723542,0.0338689386844635,Autumn,Low,Low,Normal,48.99869763292748,100.0,True,0,0,2520.6357566649585,1165.9475630825575,314.37983983002016,1219.7215830544535,True,125.2815677206771,False,,,,,,
2025-11-07,development_oof,0.1592324025308092,0.02318731464701071,0.09120985858890995,0.006885468314825025,0.0187836363911629,Autumn,Low,Low,Normal,37.551685252604436,100.0,True,0,0,2228.872389103417,1625.2903340467317,1162.9124964510286,1467.3442201585517,True,123.08301229853808,False,,,,,,
2025-11-08,development_oof,0.12713564559817309,0.03933191046117672,0.08323377802967491,0.005647907267416481,0.021162580698728603,Autumn,Low,Low,Normal,41.80539762232188,100.0,True,0,0,1849.540896131546,1087.637092123001,1070.3800044200325,952.7398326795088,True,126.32036752520256,False,,,,,,
2025-11-09,development_oof,0.34914281746993464,0.02922907920056633,0.18918594833525046,0.008205316710378455,0.025427684187889155,Autumn,Medium,Low,Normal,81.32523353788986,100.0,True,0,0,1249.4844883243654,215.0000489694321,854.2518176512357,186.50705271784568,True,93.46439564042474,False,,,,,,
2025-11-10,development_oof,0.2476239077125986,0.023868671278440435,0.1357462894955195,0.006268559706673692,0.02738188207149503,Autumn,Medium,Low,Normal,42.73449704924452,100.0,True,0,0,2065.766515763264,1647.8087331999482,1484.1505022668855,1111.0925643421258,True,113.47091569270052,False,,,,,,
2025-11-11,development_oof,0.5242241006344557,0.016510495087345558,0.27036729786090063,0.011043813003804338,0.030184507369995117,Autumn,High,Low,Normal,57.94430842212482,100.0,True,0,0,2100.6175615006387,971.1694095472948,893.9367112362246,939.1444928632812,True,92.114615419681,False,,,,,,
2025-11-12,development_oof,0.3602727986872196,0.017010380712652744,0.18864158969993616,0.006842079245870992,0.02038158557115824,Autumn,Medium,Low,Normal,67.98093482728906,100.0,True,0,0,8060.526662001539,6670.309760524572,5826.0898699007785,4986.338040063718,True,100.14613945990686,False,,,,,,
2025-11-13,development_oof,0.36905695280681056,0.0309590871985771,0.2000080200026938,0.011515192376236882,0.030619855970144272,Autumn,High,Low,Normal,86.84340062031777,100.0,True,0,0,6076.405854622369,5374.343254858631,4751.1768628472855,3091.1913318379798,True,98.3751878718728,False,,,,,,
2025-11-14,development_oof,0.666664220392704,0.00704939768199131,0.33685680903734766,0.007793253402041958,0.025631368160247803,Autumn,High,Low,Normal,51.23244383486309,100.0,True,0,0,3229.876146433713,2000.480308984319,1309.8143457554768,1596.69691751613,True,90.05094090131581,False,,,,,,
2025-11-15,development_oof,0.394006977789104,0.01481554614474586,0.2044112619669249,0.006406326103236399,0.02443933114409444,Autumn,High,Low,Normal,24.23701701186583,100.0,True,0,0,2365.4096552458755,1717.2599182007284,846.2443988600571,1186.634102055056,True,99.1154264005536,False,,,,,,
2025-11-16,development_oof,0.21487302208940184,0.020505358658814022,0.11768919037410792,0.004887768267318879,0.021294943988323184,Autumn,Medium,Low,Normal,35.05875876583296,100.0,True,0,0,2295.892107290744,1345.908541478607,1609.0776940119888,1347.7792534024188,True,118.34727169067212,False,,,,,,
2025-11-17,development_oof,0.2331779312031964,0.07462966712409977,0.15390379916364808,0.010003072283097941,0.04352444782853124,Autumn,Medium,Medium,Normal,24.739912650461765,100.0,True,0,0,3916.4537248452734,3252.7194477085427,1447.3096037003863,2807.744503349223,True,110.40478475019684,False,,,,,,
2025-11-18,development_oof,0.21721803241719798,0.039180190484671557,0.12819911145093477,0.008542525425070833,0.033287182450294495,Autumn,Medium,Low,Normal,44.730284185259976,100.0,True,0,0,1751.9081919601642,1103.520312492442,883.4078124924437,807.174311534999,True,112.20966994385792,False,,,,,,
2025-11-19,development_oof,0.422759215037028,0.05456160254653731,0.23866040879178263,0.008442812175222986,0.03037397563457489,Autumn,High,Medium,Normal,134.6847541849625,62.610950126805,False,0,22,1070.1197735438395,722.2341424556846,268.69674039454486,361.8356726459596,True,87.56440204533949,False,,,,,,
2025-11-20,development_oof,0.3576359537740548,0.058727945625122374,0.20818194969958861,0.007644316505169033,0.03503765910863871,Autumn,Medium,Medium,Normal,58.00991131095115,100.0,True,0,0,5530.307745090107,4751.59116506766,4066.0905226249247,2926.872103385853,True,96.7758394705594,False,,,,,,
2025-11-21,development_oof,0.24320420669391749,0.06853622793763252,0.15587021731577502,0.010544470940544675,0.03318723291158676,Autumn,Medium,Medium,Normal,31.333659919712026,100.0,True,0,0,8496.851566779847,1435.477288549787,2504.312914264086,2284.870940725071,True,105.41661525016302,False,,,,,,
2025-11-22,development_oof,0.35179002831379574,0.00941037407930402,0.18060020119654988,0.00720236577315822,0.030010134665644672,Autumn,Medium,Low,Normal,48.52523752507744,100.0,True,0,0,683.4414735867451,103.24233034010297,-2132.870972190916,-231.10801340459105,True,103.85364601968156,False,,,,,,
2025-11-23,development_oof,0.44314130023121834,0.03914932562128349,0.24114531292625094,0.012936140414551529,0.03063970088260251,Autumn,High,Low,Normal,95.00168499010556,100.0,True,0,0,4000.954271032927,2533.353937736839,2417.099754036164,1959.9740458718843,True,85.65483561870303,False,,,,,,
2025-11-24,development_oof,0.33486092152694863,0.018949925544291066,0.1769054235356198,0.0077092751415174625,0.027125849621370463,Autumn,Medium,Low,Normal,91.57550180589897,92.33797642405452,True,0,6,2139.832714674528,842.3576384528286,-2180.229910516601,538.8371652215952,True,101.4653595511,False,,,,,,
2025-11-25,development_oof,0.2348422997941573,0.05632618501014497,0.14558424240215115,0.007498586481195463,0.03579685091972351,Autumn,Medium,Medium,Normal,21.876923691618217,100.0,True,0,0,7395.618864393032,6263.428076257348,-803.8484946587203,5621.971141098691,True,111.35730764610548,False,,,,,,
2025-11-26,development_oof,0.3596452063259979,0.022771758151520747,0.19120848223875933,0.00943508663128038,0.03650798834860325,Autumn,Medium,Low,Normal,84.36232447082358,100.0,True,0,0,3719.2698814187606,1971.050794137636,1477.721816475146,1998.688569787651,True,97.20670873510358,False,,,,,,
2025-11-27,development_oof,0.6611133192976316,0.011306117096106976,0.3362097181968693,0.008279214214553562,0.033581214025616646,Autumn,High,Low,Normal,44.176442446196944,100.0,True,0,0,3052.166666666669,1666.0477126878525,2058.853051520662,1537.2353925542602,True,93.81140206819072,False,,,,,,
2025-11-28,development_oof,0.6980770447601875,0.03011760328089012,0.3640973240205388,0.00941160381046302,0.024916551541537046,Autumn,High,Low,Normal,46.06699184571268,100.0,True,0,0,2372.172800730967,1977.2582686280095,1472.5416666666692,1248.6593075045523,True,94.51792855219054,False,,,,,,
2025-11-29,development_oof,0.29195175630350906,0.01500063078750218,0.15347619354550562,0.007869170140547032,0.03447754349781462,Autumn,Medium,Low,Normal,88.86150413030157,100.0,True,0,0,2451.8555768668884,336.7306352859189,-976.0180727911406,70.82218425855359,True,109.05336230602676,False,,,,,,
2025-11-30,development_oof,0.3417078402514259,0.05608717190345181,0.19889750607743883,0.011398420481062507,0.028228796829353142,Autumn,Medium,Medium,Normal,72.27779716583562,100.0,True,0,0,4364.159228167306,3164.0404454706254,2459.088568873587,3114.30706073327,True,96.78810359609244,False,,,,,,
2025-12-01,development_oof,0.6379079005370537,0.004965385026631921,0.32143664278184286,0.00775230035060303,0.023946374654769842,Winter,High,Low,Normal,75.42665385454356,100.0,True,0,0,2386.271554208319,1927.370474405606,582.1618038616991,912.6539250203654,True,91.30337669127648,False,,,,,,
2025-12-02,development_oof,0.41323446854949,0.0451843158101231,0.22920939217980651,0.006717668143664933,0.02914184331893921,Winter,High,Low,Normal,73.61191301242762,100.0,True,0,0,4559.374225003466,4370.907165384043,3127.434324928997,3096.4039390440885,True,89.26369946973516,False,,,,,,
2025-12-03,development_oof,0.3718037574241559,0.04587783702747095,0.2088407972258134,0.00868835056644457,0.03078536130487916,Winter,High,Low,Normal,88.79812331404796,85.4687700725703,False,0,7,2851.1692731018397,1571.5539721676917,1793.798094345967,1547.329473852216,True,92.70088955461988,False,,,,,,
2025-12-04,development_oof,0.35625071947773296,0.012068143340134894,0.1841594314089339,0.008263337091127221,0.026979320449754624,Winter,Medium,Low,Normal,45.5333017235417,100.0,True,0,0,598.6277700925866,-173.47077625272385,-1336.447726313985,41.85450541052512,True,102.34166023531044,False,,,,,,
2025-12-05,development_oof,0.4587884753321608,0.01939600895131356,0.2390922421417372,0.009993274807698077,0.033922707661986296,Winter,High,Low,Normal,94.21365695051297,100.0,True,0,0,2027.388888888888,-102.97341024520732,-1640.250771041734,-31.226512961085632,True,99.63413999996897,False,,,,,,
2025-12-06,development_oof,0.4689240890244643,0.015647733913747647,0.24228591146910597,0.007266298511467544,0.020893000997602967,Winter,High,Low,Normal,33.870651865685254,100.0,True,0,0,1218.7474339366263,607.593075488147,-727.63888888889,335.361799935906,True,90.4708044274474,False,,,,,,
2025-12-07,development_oof,0.38805025226126116,0.009769867761444067,0.19891006001135259,0.01011413855940191,0.02927409486255786,Winter,High,Low,Normal,72.75983225237971,100.0,True,0,0,4627.141533485303,1581.7202444423904,1538.7042890801624,2323.333925740373,True,107.62575639885353,False,,,,,,
2025-12-08,development_oof,0.5114144459366798,0.018809306421796138,0.265111876179238,0.00844354920339658,0.04011531097785337,Winter,High,Low,Normal,51.94798608706255,100.0,True,0,0,4658.412215610198,3875.610041687925,3409.7369998603613,1920.0326533949117,True,88.97089361908587,False,,,,,,
2025-12-09,development_oof,0.7028513867408037,0.006436949369041613,0.35464416805492266,0.007915556250964071,0.023737868439638987,Winter,High,Low,Normal,60.25754562080424,100.0,True,0,0,5924.059089632243,4107.800681375317,4116.456352652245,4145.96899843267,True,97.46307811332802,False,,,,,,
2025-12-10,development_oof,0.6977736701567968,0.03682768159296753,0.3673006758748822,0.00732760440329609,0.03167851269245148,Winter,High,Low,Normal,56.29634705452466,100.0,True,0,0,6261.412505777012,5591.347347229263,3748.6893849501066,2948.611909920693,True,95.4521489795952,False,,,,,,
2025-12-11,development_oof,0.5508043548713127,0.03359318949348257,0.2921987721823977,0.009547343548471575,0.02793009951710701,Winter,High,Low,Normal,84.27726388121734,100.0,True,0,0,2622.538847319774,2197.302087479632,866.8864231765014,1448.9555219475174,True,90.88351131404302,False,,,,,,
2025-12-12,development_oof,0.3248192860434453,0.026072468132952022,0.17544587708819862,0.009587699918332271,0.03313818573951727,Winter,Medium,Low,Normal,83.5302254554166,90.8589237371915,True,0,5,2111.531032475682,1414.5744003815064,1302.7622117588585,956.6680241667868,True,102.03937392589238,False,,,,,,
2025-12-13,development_oof,0.5580374685426553,0.033714769088343595,0.29587611881549947,0.00701357694966494,0.0347832590341568,Winter,High,Low,Normal,27.205761868219575,100.0,True,0,0,1902.0338052249583,1472.9736442841688,1449.3986619054238,1411.4550556341796,True,98.48340511896322,False,,,,,,
2025-12-14,development_oof,0.7492079039414724,0.022717203626238313,0.38596255378385536,0.007153918838715377,0.028196364641189575,Winter,High,Low,Normal,34.71940793479121,100.0,True,0,0,4958.146848957495,3405.9636913878685,3090.820795514771,2092.773742603756,True,101.1482405076418,False,,,,,,
2025-12-15,development_oof,0.412197676487267,0.009048896120778688,0.21062328630402286,0.007963013951060322,0.023419097065925543,Winter,High,Low,Normal,143.61708816742743,52.84514873018722,False,0,18,2799.0259193690817,2419.087095772765,1463.1189418926815,1725.8447041391964,True,96.58592704468708,False,,,,,,
2025-12-16,development_oof,0.20061300632854298,0.022519809014359727,0.11156640767145136,0.004926085058779489,0.017161253839731258,Winter,Medium,Low,Normal,69.86633293715636,100.0,True,0,0,1577.5833333333385,862.8273540036218,280.5094783883088,831.7589032364918,True,120.87994102489311,False,,,,,,
2025-12-17,development_oof,0.6246665629247824,0.009514170504379133,0.3170903667145808,0.009681570757000676,0.028534929690067684,Winter,High,Low,Normal,47.1628691103051,100.0,True,0,0,1280.393116326242,590.8254189270793,-175.16666666666356,520.2315534644833,True,100.35239333728072,False,,,,,,
2025-12-18,development_oof,0.5436097135146459,0.0041183829813272845,0.2738640482479866,0.008523617152112218,0.027424275875091553,Winter,High,Low,Normal,53.33527351345848,100.0,True,0,0,6732.411259945069,4796.797341673989,4602.390406313634,3193.4476919617755,True,87.37795860377771,False,,,,,,
2025-12-19,development_oof,0.5921117998659611,0.03737324049601887,0.31474252018098997,0.01100176883075695,0.03497421921201749,Winter,High,Low,Normal,55.11442314485022,100.0,True,0,0,6618.295728598893,6244.711089817269,4824.241739175461,3362.652763173631,True,99.45047857194804,False,,,,,,
2025-12-20,development_oof,0.3857167325913906,0.038054984049267625,0.2118858583203291,0.008729077827164628,0.02754978835582736,Winter,High,Low,Normal,71.57425654134957,100.0,True,0,0,1614.2673466430847,869.2145481009117,835.7389034879408,637.432932598259,True,90.71618797009936,False,,,,,,
2025-12-21,development_oof,0.24850363594790295,0.012803922415182923,0.13065377918154295,0.005273907047893538,0.02077123522758484,Winter,Medium,Low,Normal,63.72468171352979,100.0,True,0,0,100.75000000000058,-511.7842825105853,-1034.253244842475,-539.0918046029102,True,115.19031585332976,False,,,,,,
2025-12-22,development_oof,0.29104713257402176,0.019971003536644102,0.15550906805533296,0.005951137383325055,0.018807518972607795,Winter,Medium,Low,Normal,26.706709321346615,100.0,True,0,0,3704.46581461662,3278.1547924812194,100.3055555555567,1748.4326520653503,True,109.8342702748774,False,,,,,,
2025-12-23,development_oof,0.25689624498287833,0.009940246100427404,0.13341824554165285,0.005643860444365601,0.01539857126772401,Winter,Medium,Low,Normal,45.94135335613785,100.0,True,0,0,1142.0742085795348,339.73030898432,-306.7237298345258,324.2843998184407,True,111.57771142712988,False,,,,,,
2025-12-24,development_oof,0.3327382778127988,0.02855942227790817,0.18064885004535347,0.00758070037265194,0.027786154299974497,Winter,Medium,Low,Normal,74.06387173150358,100.0,True,0,0,2498.621202033189,2031.8989027776108,1020.951603461562,859.2840932399386,True,95.72834973188054,False,,,,,,
2025-12-25,development_oof,0.43395610091586906,0.03682021625911599,0.2353881585874925,0.005727648002599985,0.03367053531110281,Winter,High,Low,Normal,52.116787792064095,100.0,True,0,0,2646.2599299213525,1749.3451833061947,1904.0057211789572,1038.0531921889003,True,89.0524348235583,False,,,,,,
2025-12-26,development_oof,0.2682203066845735,0.036834821178530285,0.15252756393155187,0.006063815955945036,0.023327710106968907,Winter,Medium,Low,Normal,50.58815047852298,100.0,True,0,0,1551.1826616293563,1373.569517036544,585.9340324105324,867.988534452912,True,106.16612765298764,False,,,,,,
2025-12-27,development_oof,0.3189726335306962,0.032599246955138945,0.17578594024291758,0.00776473210775445,0.023609168827533722,Winter,Medium,Low,Normal,59.741230712978705,100.0,True,0,0,551.9817178057976,175.36427186527118,-175.43503728965152,325.96884587068325,True,97.35346696312544,False,,,,,,
2025-12-28,development_oof,0.1261379440935949,0.013170556724844545,0.06965425040921973,0.003606943742833361,0.011617273092269897,Winter,Low,Low,Normal,38.73581927182694,100.0,True,0,0,1359.0800017028653,1303.6029519584995,255.8021866561297,979.7189203290036,True,131.90190038925857,False,,,,,,
2025-12-29,development_oof,0.15022044923777378,0.013593575688569564,0.08190701246317167,0.0034562586220374726,0.015274862758815295,Winter,Low,Low,Normal,27.503458145051322,100.0,True,0,0,1125.501217140458,999.4521323531594,926.6805374680036,784.3508735671345,True,127.28019635022042,False,,,,,,
2025-12-30,development_oof,0.17018348552907503,0.016146999801511176,0.0931652426652931,0.004686176370266067,0.013195767998695346,Winter,Low,Low,Normal,27.994788615388742,100.0,True,0,0,1505.572930302882,1480.3126224538114,1092.9180606243765,1259.9991635705796,True,128.49564027248246,False,,,,,,
2025-12-31,development_oof,0.29757585624853766,0.04941177580506439,0.17349381602680103,0.0074005337628383,0.03256273828446865,Winter,Medium,Low,Normal,60.117073796078834,100.0,True,0,0,3147.393491657745,1914.9070047689888,1823.3655623691584,1801.5872982838428,True,97.50794537963291,False,,,,,,
2026-01-01,development_oof,0.6320577201743921,0.02894693348101399,0.33050232682770303,0.005891141135331671,0.020148148760199547,Winter,High,Low,Normal,57.09072813613169,100.0,True,0,0,5124.935498473882,3041.284183334096,1149.123865370218,2260.769361181717,True,96.96062500457847,False,,,,,,
2026-01-02,development_oof,0.5032954172541698,0.05313914139492223,0.278217279324546,0.009160097376404037,0.03374973684549337,Winter,High,Medium,Normal,70.74643399645166,100.0,True,0,0,3954.348237806068,3715.82527899312,-2707.629430433171,2216.5253133062665,True,91.20753961676304,False,,,,,,
2026-01-03,development_oof,0.46859889663755894,0.05178694859963189,0.2601929226185954,0.005540426289371678,0.025015495717525454,Winter,High,Low,Normal,70.03794078135792,100.0,True,0,0,1676.3602612514555,1291.8274178569784,701.2570631678614,862.4775792774072,True,91.09066795479151,False,,,,,,
2026-01-04,development_oof,0.3573414993782838,0.05673840452103223,0.207039951949658,0.007363938235660806,0.03991939127445221,Winter,Medium,Medium,Normal,71.389162546269,100.0,True,0,0,1923.7273825338427,1842.035511878284,1423.3330297016478,1632.004123769736,True,97.88454119722928,False,,,,,,
2026-01-05,development_oof,0.25745051540434355,0.05456760812296102,0.15600906176365228,0.007572687367466336,0.03028447553515437,Winter,Medium,Medium,Normal,44.35606787143345,100.0,True,0,0,10826.201239119666,9775.35744166,9389.80182669234,7658.154517168679,True,107.53658993915184,False,,,,,,
2026-01-06,development_oof,0.3502107486128807,0.027686455611501477,0.18894860211219108,0.00804729799059109,0.02781116589903837,Winter,Medium,Low,Normal,63.78185713213456,100.0,True,0,0,19005.33234136681,-996.1197116363044,879.9422783511466,663.580969629302,True,99.10124825671303,False,,,,,,
2026-01-07,development_oof,0.4377861839408676,0.04764057054641547,0.2427133772436415,0.011710201793448505,0.044770173728466034,Winter,High,Low,Normal,54.53258755252207,100.0,True,0,0,920.7957816870588,376.24773361351583,-1274.470229618933,296.49084129815594,True,105.33753388346388,False,,,,,,
2026-01-08,development_oof,0.23380758147686717,0.009328793893298338,0.12156818768508275,0.007076421458326841,0.029309123754501343,Winter,Medium,Low,Normal,63.973955020669585,100.0,True,0,0,22623.56141343668,7921.213457953637,4506.638912203852,6286.677012266848,True,115.40785288776318,False,,,,,,
2026-01-09,development_oof,0.40001968791087467,0.016673261307005274,0.20834647460893996,0.004992270282855313,0.018424168229103116,Winter,High,Low,Normal,77.64985032116488,99.41090879758299,True,0,2,392.77500000000055,-229.3904945609952,-1151.8552520448152,46.12213701861651,True,97.27185297874117,False,,,,,,
2026-01-10,development_oof,0.16599075092623627,0.046083408906421604,0.10603707991632894,0.006858591045556751,0.024368910118937465,Winter,Low,Low,Normal,70.55158883801604,100.0,True,0,0,902.3362571069604,-1165.78932768808,-302.1749999999993,-408.8117580583455,True,118.58896910341524,False,,,,,,
2026-01-11,development_oof,0.7788128529985746,0.007413139636507029,0.3931129963175408,0.007337138396299754,0.02543887495994568,Winter,High,Low,Normal,51.11237780881434,100.0,True,0,0,1178.232993365283,240.788266784572,-229.69082357976063,657.653214576381,True,108.14945308529764,False,,,,,,
2026-01-12,development_oof,0.6685881422211727,0.01887928205170886,0.34373371213644077,0.00638740590087158,0.024874240159988403,Winter,High,Low,Normal,53.94123750070027,100.0,True,0,0,1280.0403041176107,609.1358872097874,361.68732462196505,604.1339769726045,True,98.29040647672753,False,,,,,,
2026-01-13,development_oof,0.3414652819434802,0.0075947360830165315,0.17453000901324833,0.006390074665584211,0.021927382564172232,Winter,Medium,Low,Normal,80.81252732315133,100.0,True,0,0,1537.4819571581404,412.5750586004481,-31.838820453168186,436.5408082464853,True,98.15274077450093,False,,,,,,
2026-01-14,development_oof,0.28659397022177774,0.03700406831042828,0.161799019266103,0.008282095720915095,0.03875379636883736,Winter,Medium,Low,Normal,78.59884046449791,100.0,True,0,0,2936.244361104641,2294.964698883368,198.3993295538141,1971.066632904064,True,101.62645330510186,False,,,,,,
2026-01-15,development_oof,0.3301986306905746,0.016929019779202734,0.17356382523488867,0.0075126686694299396,0.02275735512375829,Winter,Medium,Low,Normal,84.21255611072192,90.12274101293806,True,0,4,2911.21881264596,2147.469340138662,1936.8125771543064,1692.547458204821,True,104.71946088798772,False,,,,,,
2026-01-16,development_oof,0.2479511735339959,0.04123488026046589,0.14459302689723091,0.008142884513290484,0.0364198833703995,Winter,Medium,Low,Normal,48.1903115004193,100.0,True,0,0,2252.54116040467,1435.964482687393,946.9518656679076,1217.7993104122677,True,105.67666106132543,False,,,,,,
2026-01-17,development_oof,0.19004083191975948,0.023957306152624345,0.1069990690361919,0.0064266212833293465,0.018371273567026947,Winter,Low,Low,Normal,30.067565312396088,100.0,True,0,0,1368.4812663332232,-257.52019973012165,492.76458279648654,0.8682597391407398,True,121.38902112309933,False,,,,,,
2026-01-18,development_oof,0.1241359758811692,0.01482352086774575,0.06947974837445747,0.0040884438906990265,0.025135217234492344,Winter,Low,Low,Normal,21.178974319695556,100.0,True,0,0,2071.152777777779,-153.48314678159613,1028.2891847950705,413.2275186869618,True,130.60027615995293,False,,,,,,
2026-01-19,development_oof,0.1623614473889271,0.016539556609738267,0.08945050199933269,0.004477437594990378,0.013789412449114052,Winter,Low,Low,Normal,21.42610005497516,100.0,True,0,0,3990.0339698351327,2899.72247609299,-225.8888888888885,2661.326388131725,True,123.6383575835724,False,,,,,,
2026-01-20,development_oof,0.5053248144686222,0.02607600296155962,0.2657004087150909,0.010056116390311823,0.028919100761413574,Winter,High,Low,Normal,82.98026145601216,100.0,True,0,0,1627.64524863908,1170.9505194621536,512.765035768747,924.9571911903688,True,94.02316409634652,False,,,,,,
2026-01-21,development_oof,0.5714176576584578,0.010211747031917148,0.29081470234518747,0.00937587699255952,0.03183810412883756,Winter,High,Low,Normal,72.6398043206857,100.0,True,0,0,2402.7561194652544,1283.546963383432,811.3721102917164,1266.3605020200655,True,94.91373672845867,False,,,,,,
2026-01-22,development_oof,0.5689192979286114,0.015762892497756757,0.29234109521318413,0.006236985098666994,0.030947004910558573,Winter,High,Low,Normal,62.53571739118344,100.0,True,0,0,3634.190606085677,2204.658480342412,2626.0379407248665,1360.3131002701502,True,92.97791792834634,False,,,,,,
2026-01-23,development_oof,0.6181480741749207,0.014264819987450487,0.3162064470811856,0.006456731306419289,0.023878984036855455,Winter,High,Low,Normal,51.20867457588976,100.0,True,0,0,2962.3504474573047,2082.232756851048,1956.4374715302488,1471.733718537046,True,93.4853795144429,False,,,,,,
2026-01-24,development_oof,0.605433085312446,0.04357169367020453,0.32450238949132526,0.007826310976899007,0.0360307395458222,Winter,High,Low,Normal,46.825296585769166,100.0,True,0,0,3217.940854948099,2614.7580586981726,1974.8367059228435,1730.402458562156,True,97.24484579157,False,,,,,,
2026-01-25,development_oof,0.4429605196540554,0.015305820897689613,0.22913317027587252,0.005676380821872337,0.01954561471939084,Winter,High,Low,Normal,40.721156194777144,100.0,True,0,0,2121.097686935266,1591.5145683385374,1730.6718642069347,1130.1792609036602,True,97.9862217788296,False,,,,,,
2026-01-26,development_oof,0.3477211867769559,0.01258700766428923,0.18015409722062256,0.008249117634932183,0.02290028362403973,Winter,Medium,Low,Normal,30.264463060173934,100.0,True,0,0,3210.0778598799543,2217.292983185196,1854.8675682733915,1809.487993918296,True,103.54283169122978,False,,,,,,
2026-01-27,development_oof,0.721611355120937,0.01790930981618049,0.36976033246855877,0.008351577184839696,0.031395554542541504,Winter,High,Low,Normal,51.85912075699297,100.0,True,0,0,2563.630617745296,1862.727076610977,1981.6749076164208,1227.3626923478269,True,103.7841448698872,False,,,,,,
2026-01-28,development_oof,0.1584100001491606,0.05808744915137251,0.10824872465026654,0.011599156570506844,0.035511741756636184,Winter,Low,Medium,Normal,46.138038080405636,100.0,True,0,0,2858.374986414181,1658.52592480341,1340.2462657051285,1462.8920108547654,True,122.30171110183132,False,,,,,,
2026-01-29,development_oof,0.40902270500858623,0.019179817510727507,0.21410126125965687,0.006443529382825847,0.015949022024869974,Winter,High,Low,Normal,52.28026747831025,100.0,True,0,0,3126.390761084984,2511.1425915507075,1801.9161183692577,1957.746612543723,True,91.38410679375416,False,,,,,,
2026-01-30,development_oof,0.5205307907114426,0.028699050684129642,0.27461492069778615,0.006435756060151708,0.021211892366409302,Winter,High,Low,Normal,37.09029559326925,100.0,True,0,0,621.0833333333343,128.26322614805514,-321.36389269991514,123.34557939270836,True,95.22342819708255,False,,,,,,
2026-01-31,development_oof,0.37153807779153186,0.05079801154609714,0.21116804466881448,0.00652739485500812,0.028502494096755954,Winter,High,Low,Normal,40.3146284532782,100.0,True,0,0,813.7249999999985,437.36100688595945,6.791666666667311,514.859479503188,True,96.11966426924224,False,,,,,,
2026-02-01,development_oof,0.14927175718670085,0.021543196178148094,0.08540747668242447,0.004456531791523347,0.020292034372687298,Winter,Low,Low,Normal,43.05829281023327,100.0,True,0,0,3738.077191359436,1103.6140440091451,1872.7249999999983,1285.5056469159326,True,128.24875894071283,False,,,,,,
2026-02-02,development_oof,0.3916645037631194,0.019252737081766676,0.205458620422443,0.008081267645858732,0.022500894963741316,Winter,High,Low,Normal,34.543910789822135,100.0,True,0,0,1344.56881666123,-929.822794444666,-1845.19148903776,-275.3159432848503,True,100.52936879845092,False,,,,,,
2026-02-03,development_oof,0.519386263564229,0.008365843943314128,0.2638760537537716,0.006373319191576826,0.021176393609493915,Winter,High,Low,Normal,56.15991491712636,100.0,True,0,0,3512.476991020303,2672.743695686953,-1736.553848657664,1835.639109641012,True,97.87208279392507,False,,,,,,
2026-02-04,development_oof,0.3641969145586093,0.03961677064565565,0.20190684260213246,0.006670752837029188,0.022204070817679195,Winter,Medium,Low,Normal,38.865768830095384,100.0,True,0,0,2115.670534183218,1206.0222788163749,918.7011395803312,1338.9041516471964,True,94.97320176360108,False,,,,,,
2026-02-05,development_oof,0.640512847652038,0.01006842448555287,0.32529063606879544,0.005744870987352133,0.017236424602742773,Winter,High,Low,Normal,44.904637317245644,100.0,True,0,0,3698.8677914436976,3003.8305062206177,2417.4169958870075,1992.5582668762163,True,100.288807281472,False,,,,,,
2026-02-06,development_oof,0.4375638198107481,0.01610772165363506,0.22683577073219155,0.004746512297963073,0.032787814736366216,Winter,High,Low,Normal,34.4928199462592,100.0,True,0,0,404.4125000000004,-710.6661690224562,-480.6463935327884,-370.3811145210731,True,95.87478736811832,False,,,,,,
2026-02-07,development_oof,0.34786127135157585,0.02371214058227145,0.18578670596692362,0.005338034875724886,0.024364033713936778,Winter,Medium,Low,Normal,83.34706899253979,91.05858761612157,True,0,7,727.4909037764251,200.29822128135064,-1937.7999999999995,329.53439939131823,True,96.28332918915751,False,,,,,,
2026-02-08,development_oof,0.2711642446617285,0.02787675948942096,0.14952050207557474,0.0052820195654324715,0.017155151814222364,Winter,Medium,Low,Normal,49.654358347711266,100.0,True,0,0,1620.5123409249495,1440.1376387567973,1052.4505621654455,1346.8642663790915,True,108.1978802305406,False,,,,,,
2026-02-09,development_oof,0.32778733720382053,0.026904202583182237,0.17734576989350137,0.007851711260021453,0.019587330520153073,Winter,Medium,Low,Normal,117.66029590399168,64.5032066772716,False,0,17,1297.7291721211543,688.4592942715285,782.4372688596226,715.7012918550391,True,98.58957586415728,False,,,,,,
2026-02-10,development_oof,0.2394061805680394,0.014361151329770387,0.1268836659489049,0.005095858830524481,0.014715125784277971,Winter,Medium,Low,Normal,84.01495269835986,100.0,True,0,0,1186.3527429209437,926.7556502907948,873.2337155585367,779.1555953136765,True,114.80186474204028,False,,,,,,
2026-02-11,development_oof,0.30330992924670375,0.021552351836362473,0.1624311405415331,0.007535967446832127,0.030283141881227438,Winter,Medium,Low,Normal,60.53514868904777,100.0,True,0,0,669.0514999674272,-142.4961787558684,-241.5520167124129,-77.01977689722764,True,101.56268879384038,False,,,,,,
2026-02-12,development_oof,0.31624164277066785,0.01679764391299914,0.16651964334183347,0.005354110562620915,0.014946921728551388,Winter,Medium,Low,Normal,45.27692136998203,100.0,True,0,0,1064.1708347322349,608.3058298655262,-589.04626842229,531.4483271001477,True,101.73422567800723,False,,,,,,
2026-02-13,development_oof,0.29701343768586713,0.017854532235105563,0.15743398496048636,0.006311867832361412,0.024070103652775232,Winter,Medium,Low,Normal,39.71920985973312,100.0,True,0,0,1702.6592444702897,1438.284663316736,1043.6585754431617,1314.2118885025632,True,102.3827543429431,False,,,,,,
2026-02-14,development_oof,0.22899895083780086,0.07914636115507767,0.15407265599643927,0.01160564485599025,0.03840304911136627,Winter,Medium,Medium,Normal,52.21565962841739,100.0,True,0,0,2537.0935370378857,2243.344491183168,2163.5592789817733,1789.7072119941006,True,106.05712600814114,False,,,,,,
2026-02-15,development_oof,0.5055286213755608,0.01605956382005991,0.26079409259781033,0.00864747753530537,0.02981859690771671,Winter,High,Low,Normal,77.20687505451382,100.0,True,0,0,844.039141380915,418.2303375145432,-46.53342579754212,434.8519686561811,True,94.32176679730183,False,,,,,,
2026-02-16,development_oof,0.42072754725813866,0.06368937499883029,0.2422084611284845,0.009818427208604893,0.03690148051828146,Winter,High,Medium,Normal,59.97362358728767,100.0,True,0,0,1166.3491759332494,952.723883576043,630.508013804488,697.5627726812493,True,95.51009721177132,False,,,,,,
2026-02-17,development_oof,0.32688445380578435,0.07444179379581327,0.20066312380079884,0.010023476565114231,0.03733495622873312,Winter,Medium,Medium,Normal,69.19509189708067,100.0,True,0,0,1429.1821715695492,1153.286193193128,1233.1643639841343,969.6446786759464,True,107.86033734791856,False,,,,,,
2026-02-18,development_oof,0.5532871515800556,0.03333682724334605,0.2933119894117008,0.010952363815448507,0.049181960523128454,Winter,High,Low,Normal,48.9971329258114,100.0,True,0,0,1163.3876469082898,682.7266418472132,123.97612287151571,564.8791830756503,True,100.32863637699045,False,,,,,,
2026-02-19,development_oof,0.29405674245208496,0.023887268105757625,0.15897200527892133,0.007178059214841905,0.016135871410369873,Winter,Medium,Low,Normal,70.5252690940633,100.0,True,0,0,4009.68402336676,3706.3258812481513,2509.45274655055,3092.787827702264,True,110.60401719676194,False,,,,,,
2026-02-20,development_oof,0.5537292671700319,0.031029010209181213,0.2923791386896065,0.011238831148754493,0.04340161755681038,Winter,High,Low,Normal,50.35115042798894,100.0,True,0,0,820.7951765132832,-719.0995363606569,-923.36831398852,-277.2849070445397,True,101.70653170930964,False,,,,,,
2026-02-21,development_oof,0.5183593866725763,0.02877555372732366,0.27356747019995,0.010267053379521949,0.03180332868942065,Winter,High,Low,Normal,97.69375533736468,100.0,True,0,0,5405.895032503581,3708.206727436818,-425.2431068161648,3041.3716192854463,True,97.66936170653145,False,,,,,,
2026-02-22,development_oof,0.5772273627420267,0.07111636890173635,0.3241718658218815,0.011897177357241167,0.04369444400072098,Winter,High,Medium,Normal,45.48631521341605,100.0,True,0,0,7411.423588582304,5097.101939394182,2777.0590972596374,4080.760769271722,True,101.55458333615329,False,,,,,,
2026-02-23,development_oof,0.5791246313601732,0.04638586312577783,0.31275524724297554,0.011331038485271469,0.05250125378370285,Winter,High,Low,Normal,87.99941650176312,90.25628819913818,True,0,4,7080.091320734844,6009.989366212168,-2759.8457485973013,3480.461334951537,True,104.67748075150418,False,,,,,,
2026-02-24,development_oof,0.4052734375,0.07305485880215197,0.23916414815107598,0.013613208618532255,0.03977449983358383,Winter,High,Medium,Normal,59.3658840721249,100.0,True,0,0,3166.175367260641,-2148.075821672112,-2311.107512104685,-924.5474271665192,True,97.4038376046949,False,,,,,,
2026-02-25,development_oof,0.3713960225383441,0.08852074485067378,0.2299583836945089,0.010873448214643608,0.041020095348358154,Winter,High,Medium,Normal,49.00902233423142,100.0,True,0,0,2877.141735609004,1384.9486006885984,-166.92380457669924,1297.68479270035,True,96.08870511658432,False,,,,,,
2026-02-26,development_oof,0.5868861693888903,0.03975437761313095,0.3133202735010106,0.010479908438279987,0.03354567661881436,Winter,High,Low,Normal,82.63181156475355,100.0,True,0,0,6019.775126123732,5337.678129242047,3560.8644974073886,4220.207641036371,True,100.588650173727,False,,,,,,
2026-02-27,development_oof,0.2657125674498578,0.04282941944760899,0.15427099344873338,0.00848383889909126,0.030949659645557404,Winter,Medium,Low,Normal,91.76311562256697,87.50624444356191,False,0,10,4978.362475767258,2829.642148048206,2078.0899462232715,1817.4326299608783,True,109.3156387027534,False,,,,,,
2026-02-28,development_oof,0.22915533091872928,0.08445094715136746,0.15680313903504836,0.012520122546921657,0.040594249963760404,Winter,Medium,Medium,Normal,78.30874515520082,100.0,True,0,0,2869.895186144309,1433.4014905783006,462.148208708757,1189.078491680458,True,106.98801985715797,False,,,,,,
2026-03-01,development_oof,0.5488138770063719,0.05230328263360203,0.3005585798199869,0.010678289323701998,0.03586532920598984,Spring,High,Medium,Normal,57.508635281190394,100.0,True,0,0,12278.25206466594,3117.162256753331,7962.358622000465,3251.9515826537136,True,100.06872382256888,False,,,,,,
2026-03-02,development_oof,0.5063255509982506,0.0980016913897543,0.3021636211940025,0.012864444449026765,0.04712725058197975,Spring,High,Medium,Normal,67.16912892503998,100.0,True,0,0,8831.140224142688,4508.978064151053,-3027.230466053071,2953.2557206216807,True,100.64253524858164,False,,,,,,
2026-03-03,development_oof,0.14704539269829786,0.10003268457940823,0.12353903863885303,0.010220186406684201,0.042061999440193204,Spring,Low,Medium,Normal,31.333475373986197,100.0,True,0,0,3020.4643630716964,2610.408602614803,1000.7269007464818,2356.9928104635856,True,112.50117605660404,False,,,,,,
2026-03-04,development_oof,0.24670103487248218,0.12799269074116634,0.18734686280682425,0.011437695074391746,0.04430524259805679,Spring,Medium,Medium,Normal,66.71228980866738,100.0,True,0,0,5122.089395738136,1636.1742456872366,621.2721850137387,1706.5605471724932,True,100.83677524402344,False,,,,,,
2026-03-05,development_oof,0.2810232117772102,0.12987857599394673,0.20545089388557847,0.01361296689189355,0.0654501393437385,Spring,Medium,Medium,Normal,117.70376581238543,88.9088218952811,False,0,8,3337.355559326265,1436.2373598846273,2148.482033480634,936.0002228448052,True,108.19469557257617,False,,,,,,
2026-03-06,development_oof,0.14743084289754427,0.04841016310774646,0.09792050300264536,0.0070823154848464335,0.02030716836452487,Spring,Low,Low,Normal,47.4957278672392,100.0,True,0,0,2912.9684006125854,2407.7319001380097,-1822.0924550877585,2000.55829436852,True,118.82063516241904,False,,,,,,
2026-03-07,development_oof,0.13154500629752872,0.05335020553623807,0.09244760591688339,0.006615468854458114,0.03755256906151777,Spring,Low,Medium,Normal,32.51167100111216,100.0,True,0,0,1885.8686357883944,1667.9546753206414,942.1101051179749,1446.0740774530957,True,119.4132981494732,False,,,,,,
2026-03-08,development_oof,0.14223537035286424,0.05658795747444853,0.09941166391365637,0.0068861627148256365,0.02427187934517866,Spring,Low,Medium,Normal,79.30865566422908,95.69530993610348,True,0,6,2497.316844902972,2358.7098111374657,1772.6680130740006,1761.0934680347054,True,118.11789688254144,False,,,,,,
2026-03-09,development_oof,0.17070069241647914,0.050007972317265094,0.11035433236687213,0.007177605066620653,0.024314023554325104,Spring,Low,Low,Normal,42.97990551505614,100.0,True,0,0,2593.6841819352007,1059.181869926681,965.5122727539448,1563.471202846437,True,115.0392286145848,False,,,,,,
2026-03-10,development_oof,0.4846610492095351,0.08239538817360878,0.28352821869157196,0.01278833567963981,0.0635296106338501,Spring,High,Medium,Normal,58.53111385962217,100.0,True,0,0,3620.760827432172,-720.1550218571879,-281.4945060872527,523.1755850331986,True,103.94443466370892,False,,,,,,
2026-03-11,development_oof,0.6615375174830357,0.1321680593284024,0.3968527884057191,0.01603056324832627,0.07753335684537882,Spring,High,Medium,High-ramp,40.325320550256016,100.0,True,0,0,9616.623977154277,4314.575209705433,3790.3830489462016,3053.132774886636,True,102.62532795414982,False,,,,,,
2026-03-12,development_oof,0.7806021124124527,0.043953201969012874,0.4122776571907328,0.007508762335305621,0.024677391164004803,Spring,High,Low,Normal,44.92685261654441,100.0,True,0,0,10192.964825533869,7676.343659126184,4089.9443635167663,6866.219790751057,True,110.33615430282585,False,,,,,,
2026-03-13,development_oof,0.5698906906569997,0.10626145266420883,0.3380760716606043,0.014464951632362501,0.04980410635471344,Spring,High,Medium,High-ramp,31.83267349825991,100.0,True,0,0,9551.43799749776,8752.257493648958,4877.512102177335,5092.582529965617,True,108.87905552923309,False,,,,,,
2026-03-14,development_oof,0.2150778419648607,0.14154065170206798,0.17830924683346436,0.012345147856497837,0.04971963167190546,Spring,Medium,High,Normal,43.139737764397644,100.0,True,0,0,2368.884599423065,1026.3736809658913,770.9847231346693,1183.611119912896,True,107.40457084090764,False,,,,,,
2026-03-15,development_oof,0.5478308374683062,0.062307382503301256,0.3050691099858038,0.013116679658802845,0.03799354285001755,Spring,High,Medium,Normal,124.9813074801921,91.72937104546173,True,0,9,17016.004269124744,692.945040292235,10085.963373237762,2213.114165613339,True,102.41217321466858,False,,,,,,
2026-03-16,development_oof,0.6352637416372696,0.07911436957177402,0.35718905560452185,0.012879691495982122,0.04751865565776825,Spring,High,Medium,Normal,124.63187106822724,62.27893878150571,False,0,21,7802.235028102104,3764.043623440208,-7821.295143274407,3272.185951125567,True,102.18190728558363,False,,,,,,
2026-03-17,development_oof,0.5679367911070585,0.12461499258188265,0.3462758918444706,0.015087474249109315,0.05006071925163269,Spring,High,Medium,High-ramp,68.30775686962427,100.0,True,0,0,9701.279145009988,5487.359815172897,1983.63610137663,5046.981048491531,True,100.53976315114768,False,,,,,,
2026-03-18,development_oof,0.1606198609806597,0.1586202707679452,0.15962006587430244,0.014113437831989964,0.049115065485239084,Spring,Low,High,High-ramp,24.0095011213215,100.0,True,0,0,5605.890911542247,4118.983781256939,3411.557094677304,3849.8572478005153,True,111.3685631754654,False,,,,,,
2026-03-19,development_oof,0.09690789241964613,0.15392333806769423,0.12541561524367018,0.01243991019442822,0.03924858197569844,Spring,Low,High,Normal,20.896285460448794,100.0,True,0,0,3602.4051962018457,2714.493482654289,2159.756828559141,2182.286733980186,True,115.87187553449904,False,,,,,,
2026-03-20,development_oof,0.10625497996807094,0.11629245622649853,0.11127371809728474,0.010253751838566433,0.033072542399168015,Spring,Low,Medium,Normal,17.392126411261135,100.0,True,0,0,3807.503127762524,2458.351751506704,1106.1928374742292,2421.6128677607003,True,116.19603544994337,False,,,,,,
2026-03-21,development_oof,0.07396131451241668,0.14969359568203797,0.11182745509722732,0.012511599980219522,0.04032246023416519,Spring,Low,High,Normal,39.30321046897575,100.0,True,0,0,3657.661209049973,2521.640102724946,3392.005752244928,2759.4825288904253,True,118.53772544555932,False,,,,,,
2026-03-22,development_oof,0.15268438309431073,0.10584587438861581,0.12926512874146326,0.009878078989155862,0.03761567547917369,Spring,Low,Medium,Normal,36.35104228434599,100.0,True,0,0,4026.8982677150343,1252.8252449681052,-1306.8055510941372,522.262358374604,True,113.39665471047095,False,,,,,,
2026-03-23,development_oof,0.24302195998219148,0.08939308516934115,0.16620752257576632,0.01087329177630636,0.029018998146057157,Spring,Medium,Medium,Normal,46.96080848284025,100.0,True,0,0,6934.090939301139,3293.33587143625,316.9996550867513,4470.56586170914,True,104.7328633941836,False,,,,,,
2026-03-24,development_oof,0.6451266842583815,0.0581325345974619,0.3516296094279217,0.008922127517735128,0.04545087367296213,Spring,High,Medium,Normal,60.034785461615385,100.0,True,0,0,8063.793273311692,3294.426263576814,1627.0551401572975,3175.048342502705,True,100.75815824551326,False,,,,,,
2026-03-25,development_oof,0.646056686838468,0.14742667990979422,0.39674168337413107,0.017904376769611947,0.07714076340198517,Spring,High,High,High-ramp,37.13308024056631,100.0,True,0,0,10337.69112617272,9021.053729586223,-539.6717684181546,4663.684488870803,True,103.27773739379576,False,,,,,,
2026-03-26,development_oof,0.26982349002112943,0.1428803975756333,0.20635194379838137,0.01575536928839938,0.0469658225774765,Spring,Medium,High,High-ramp,67.86441027356202,100.0,True,0,0,3372.7672342261267,1069.2844864994927,-518.1792284102594,1444.1121015817453,True,105.76163311129852,False,,,,,,
2026-03-27,development_oof,0.3589442850401004,0.05973549744142773,0.20933989124076405,0.009821970306878336,0.036581501364707975,Spring,Medium,Medium,Normal,54.99881763636951,100.0,True,0,0,4315.157320242246,1736.1238154655232,3580.5101130652183,2286.583309705837,True,99.10387049264624,False,,,,,,
2026-03-28,development_oof,0.5814878847450018,0.1581567272169195,0.36982230598096066,0.019309434101614904,0.07915356755256653,Spring,High,High,High-ramp,94.84320498896034,100.0,True,0,0,16231.883769329388,8670.671415673263,8228.186669462859,6842.010184759118,True,101.41695936533029,False,,,,,,
2026-03-29,development_oof,0.6026680061350698,0.07173763624355751,0.33720282118931366,0.0138250392878747,0.04376181215047836,Spring,High,Medium,High-ramp,55.61438362226048,100.0,True,0,0,9419.18096065225,3263.478880658904,6068.311344539999,3856.3126186955383,True,104.08007846515864,False,,,,,,
2026-03-30,development_oof,0.566363730157415,0.1264166019407942,0.34639016604910466,0.018846644880037882,0.09014223515987407,Spring,High,Medium,High-ramp,78.66516049412691,100.0,True,0,0,16202.345776978404,13619.609280680366,6654.414453794328,10434.718422438473,True,103.03190370434308,False,,,,,,
2026-03-31,development_oof,0.2264022709180911,0.08632365734208962,0.15636296413009035,0.010515479421710458,0.0399968549609184,Spring,Medium,Medium,Normal,37.189536657785354,100.0,True,0,0,5088.685575832438,3569.2718097023944,2087.587980002804,3109.791470040543,True,109.28676384213452,False,,,,,,
2026-04-01,locked_test,0.27886395994573826,0.09589958600584696,0.18738177297579262,0.01052721770626401,0.03822191059589386,Spring,Medium,Medium,Normal,92.55912853044163,87.82653448947984,False,0,6,3881.396640305612,3003.771234578689,3244.581157626504,2077.096478933744,True,102.66796984791354,True,45.83333333333333,8.64965738969525,True,50.0,40.47215277289266,48.5397378718487
2026-04-02,locked_test,0.18484394671395418,0.1414442201770119,0.16314408344548303,0.011512521045915493,0.040079645812511444,Spring,Low,High,Normal,53.682730286789955,100.0,True,0,0,1524.1200826904878,269.33250243336147,418.1064488898456,301.18834317895585,True,106.99039391948992,True,77.08333333333334,7.887181880684902,True,50.0,40.69339619847534,37.48122709642215
2026-04-03,locked_test,0.5489792277415594,0.09623814329430991,0.32260868551793465,0.015198992721707326,0.0721731036901474,Spring,High,Medium,High-ramp,137.40376773463373,100.0,True,0,0,7866.524890317687,-3049.931470906685,6608.994955024083,-102.13387821868288,True,99.32705715556529,True,45.83333333333333,8.324102849610568,True,50.0,27.51337370709139,50.754796659536424
2026-04-04,locked_test,0.49956369617333013,0.10888383998851241,0.3042237680809213,0.016060102467842324,0.05262112617492676,Spring,High,Medium,High-ramp,111.97165007944889,90.8367168510071,True,0,6,17474.32019453769,6365.021932176359,7293.226509417029,6272.329245781497,True,106.10284795992884,True,41.66666666666667,9.981612284595707,True,50.0,43.67029501431974,57.26430922186911
2026-04-05,locked_test,0.5999123587583503,0.16919942756665304,0.38455589316250166,0.020475359943169735,0.062265254557132665,Spring,High,High,High-ramp,56.768921280760395,100.0,True,0,0,16877.20619541956,4426.261099833959,626.6481965849764,2850.853971444554,True,100.91613920110352,True,91.66666666666666,8.136626062458598,True,50.0,25.28903269021796,51.203463756190374
2026-04-06,locked_test,0.23461782808105147,0.1568204334378909,0.1957191307594712,0.01577955759482089,0.054812803864479065,Spring,Medium,High,High-ramp,55.73218918141441,100.0,True,0,0,18154.167618782823,12593.68800817019,15100.641010232286,13059.980654681303,True,108.72797119490656,True,89.58333333333334,8.070269056337631,True,50.0,49.62883507545275,34.09907561013839
2026-04-07,locked_test,0.3052195490648349,0.19660625031989787,0.25091289969236635,0.01457286920170494,0.05213652551174164,Spring,Medium,High,High-ramp,89.79012494873731,100.0,True,0,0,20662.49283811928,17020.693574347162,18115.966525212876,13733.384532632546,True,103.11626164220723,True,81.25,8.804467479651349,True,50.0,39.15430350641102,49.861293929295556
2026-04-08,locked_test,0.12666247226297853,0.18226009159267653,0.15446128192782752,0.013856024863381819,0.037608567625284195,Spring,Low,High,High-ramp,43.303173470878534,100.0,True,0,0,5993.2113341604745,5245.399681849897,3437.848593532849,5166.756649256463,True,113.10410331143385,True,93.75,7.038177757706137,True,50.0,38.55044791611935,31.880971762602478
2026-04-09,locked_test,0.3632188159972429,0.10702135354010045,0.23512008476867166,0.012029931259348809,0.047325933352112715,Spring,Medium,Medium,Normal,45.21724596651745,100.0,True,0,0,3471.8638177964776,284.4311719836527,1324.5537831232027,1453.962206280356,True,102.19245347574308,True,75.0,10.053887964228066,True,50.0,41.60872248968774,59.92161155080132
2026-04-10,locked_test,0.3204305063312252,0.12111978747543613,0.22077514690333067,0.01451280926645874,0.039224568754434586,Spring,Medium,Medium,High-ramp,58.45910421071192,100.0,True,0,0,9591.660919671984,5291.58901318774,6695.9939271297,5855.357788398774,True,100.35655817170908,True,91.66666666666666,9.904061388283386,True,50.0,49.54023635906509,46.19005494375151
2026-04-11,locked_test,0.6302562020719051,0.14204323977113134,0.3861497209215183,0.01535577613958594,0.051436856389045715,Spring,High,High,High-ramp,64.17396776748663,100.0,True,0,0,4645.005213883569,3277.093190702903,2634.1596602139016,2757.5560660418914,True,97.97353471054151,True,100.0,8.306217913946835,True,50.0,29.39523694825908,47.52576499295778
2026-04-12,locked_test,0.5748941668619713,0.16138869992096258,0.36814143339146693,0.015087152701501813,0.06481627747416499,Spring,High,High,High-ramp,53.13059732924422,100.0,True,0,0,9689.062674157887,7605.346415995784,6966.582922635709,5575.293641624349,True,100.35994020275416,True,79.16666666666666,8.023989603698167,True,50.0,27.080121747635353,47.41289203889192
2026-04-13,locked_test,0.14968886474768317,0.17866099126357915,0.16417492800563116,0.014280414206912917,0.044622443616390284,Spring,Low,High,High-ramp,54.571895573349536,100.0,True,0,0,5410.903966793839,4363.677019815252,2001.281893083052,4162.714820659738,True,112.58717433578111,True,70.83333333333334,6.4014188975108395,True,50.0,36.31558683549619,29.275612170204752
2026-04-14,locked_test,0.25568711586917436,0.1206290132225452,0.1881580645458598,0.012822002257507847,0.04770039767026896,Spring,Medium,Medium,Normal,40.90456175738837,100.0,True,0,0,4819.222222222224,4298.535814658009,4229.848328669811,4076.7834084861634,True,104.73427756921964,True,97.91666666666666,8.255553271870113,True,50.0,45.11013963521901,41.45388225679062
2026-04-15,locked_test,0.5365011313309273,0.09699786150758878,0.31674949641925804,0.0153148298263659,0.06954238563776016,Spring,High,Medium,High-ramp,68.93777687420219,100.0,True,0,0,6902.166821340779,5534.2388718548855,5726.041666666668,4500.266660024648,True,98.77515666125552,True,85.41666666666666,8.517278290821839,True,50.0,33.669338092499615,48.37548911224251
2026-04-16,locked_test,0.43336802689979476,0.12264383855927004,0.2780059327295324,0.013675406232929765,0.06454605609178543,Spring,High,Medium,High-ramp,54.99332564057967,100.0,True,0,0,3128.8232738803854,1912.2221542931195,2001.34951857815,1637.4944652947647,True,104.31993424722484,True,85.41666666666666,9.398991739427819,True,50.0,40.727154681329296,51.86264173932831
2026-04-17,locked_test,0.4620359918723504,0.08251531430141765,0.272275653086884,0.010899516857686349,0.03823021799325943,Spring,High,Medium,Normal,41.46061204359199,100.0,True,0,0,8676.440427990477,5099.750169842926,6466.774738423888,3874.293334366423,True,99.18145711628108,True,93.75,10.403399811253374,True,50.0,48.94705499724674,57.49702354245531
2026-04-18,locked_test,0.3357862165818612,0.16167785446540012,0.24873203552363063,0.01477426078709717,0.060439094901084955,Spring,Medium,High,High-ramp,42.435283525518656,100.0,True,0,0,6438.524228653227,3007.7910297590497,5373.196317512671,1872.339760603188,True,106.67665411501478,True,97.91666666666666,9.439946222756399,True,50.0,41.65951678802291,54.17579197841399
2026-04-19,locked_test,0.1338148787617683,0.17112569427240484,0.15247028651708658,0.012671393343301437,0.04213643819093704,Spring,Low,High,Normal,17.612650954962223,100.0,True,0,0,3952.262365013917,1135.4823147676034,3435.626337282927,379.2653659580242,True,114.49542010465224,True,100.0,6.398624740788365,True,50.0,39.11005582070805,27.52319102675152
2026-04-20,locked_test,0.11205703966940439,0.15005744006415014,0.13105723986677728,0.011237451446504572,0.03249724954366684,Spring,Low,High,Normal,24.77910334984009,100.0,True,0,0,2489.013707610229,1630.6958904139376,-1027.3992074225212,1884.275709449854,True,114.34628221340206,True,100.0,5.892678147684639,True,50.0,40.18874397079709,25.930548356444984
2026-04-21,locked_test,0.40705514947573346,0.1595698496932224,0.2833124995844779,0.014416957555416353,0.0579523891210556,Spring,High,High,High-ramp,76.98090886931256,100.0,True,0,0,9234.476578825665,7080.642555824421,4705.551591519208,5750.052996045112,True,100.32738471645868,True,37.5,8.854858961308734,True,50.0,35.13089218433356,53.37419857121663
2026-04-22,locked_test,0.3775291107594967,0.19485695370258324,0.2861930322310399,0.015882449487435227,0.05094762146472931,Spring,High,High,High-ramp,38.138225541696926,100.0,True,0,0,18152.99357112071,16727.89966149132,12988.003096575609,11461.921244254394,True,100.37734037866396,True,95.83333333333334,9.45375302156672,True,50.0,36.97316927854943,53.7141370094282
2026-04-23,locked_test,0.1905838906144102,0.21837853063763643,0.2044812106260233,0.014264186165111896,0.04481132328510293,Spring,Low,High,High-ramp,36.59619013126338,100.0,True,0,0,4653.834910901208,2791.833736446557,2184.2234333411056,3425.327698721972,True,111.6438134070063,True,100.0,6.561381647781066,True,50.0,34.86551646360607,28.22850688508864
2026-04-24,locked_test,0.0931001803061614,0.22277755777565744,0.1579388690409094,0.014680875199341394,0.04449225030839443,Spring,Low,High,High-ramp,26.061315059639945,100.0,True,0,0,2130.456871547316,884.5989719443539,1009.889815963324,974.4368991831178,True,116.05235433306082,True,95.83333333333334,5.397812685933244,True,50.0,31.50632221644331,27.24911964551394
2026-04-25,locked_test,0.10007893061265345,0.1945269289808493,0.1473029297967514,0.014465214426309108,0.04930363968014717,Spring,Low,High,High-ramp,23.17778856515028,100.0,True,0,0,1992.5253304982923,-183.99538993161627,169.4179380496239,-22.250711073105435,True,115.3586787245531,True,89.58333333333334,5.399346721798459,True,50.0,33.732188179440314,25.60695871139504
2026-04-26,locked_test,0.09918467840179797,0.18397123031688045,0.1415779543593392,0.013521315160990829,0.036353327333927155,Spring,Low,High,Normal,37.545102989576534,100.0,True,0,0,2024.0402342829952,369.4366877546613,749.2467037733004,356.9125017150345,True,115.82427828963732,True,83.33333333333334,5.5336494985389875,True,50.0,33.53258137398902,26.100791389945115
2026-04-27,locked_test,0.10292495399092629,0.1800961432148445,0.1415105486028854,0.014173331325764593,0.04151037335395813,Spring,Low,High,High-ramp,34.68721807624185,100.0,True,0,0,4661.621163871943,3364.691300825085,2732.27924199609,2814.427837422484,True,115.0705934952479,True,85.41666666666666,5.3527866011388126,True,50.0,34.23727091446118,24.713091019432994
2026-04-28,locked_test,0.2796024223789572,0.12763556376921767,0.20361899307408746,0.011727622037748619,0.033790856599807795,Spring,Medium,Medium,Normal,50.554731175038086,100.0,True,0,0,1881.2435814451128,-2783.576493295458,-4605.358737336162,-1605.6576122307183,True,105.43805629851418,True,85.41666666666666,7.913681854814096,True,50.0,43.71079464360752,40.00252800345861
2026-04-29,locked_test,0.3772919687132041,0.22683213289939394,0.302062050806299,0.01749719997496868,0.059464916586875916,Spring,High,High,High-ramp,35.25173649595034,100.0,True,0,0,11020.154251342234,8890.466655717382,-6993.115956962698,6735.9694551847615,True,99.32770371760245,True,95.83333333333334,9.825990238163069,True,50.0,34.14171822399821,59.31596305403984
2026-04-30,locked_test,0.35186258268853027,0.22549278293096597,0.2886776828097481,0.0159368037279819,0.048288837075233515,Spring,Medium,High,High-ramp,55.301673270758755,100.0,True,0,0,17754.966862498724,15250.740657671487,15693.006050983871,10556.252645614404,True,101.17523161019732,True,100.0,9.263068385371136,True,50.0,31.738139114299095,57.53374783790834
2026-05-01,locked_test,0.14563531878714756,0.1818371925112008,0.16373625564917418,0.012050105775140691,0.03491818159818645,Spring,Low,High,Normal,34.50785412289366,100.0,True,0,0,5516.748567777591,2582.002683649945,1182.7956467238002,3792.484503397069,True,114.01944994118834,True,100.0,6.076840850952979,True,50.0,33.77711167134875,28.295434436972105
2026-05-02,locked_test,0.10166529457395272,0.15751932690485163,0.12959231073940217,0.012983895129612698,0.04215217009186745,Spring,Low,High,Normal,43.99946435229103,100.0,True,0,0,6117.661734067403,5199.552038064065,3959.205631837736,4390.775222277544,True,119.24843507742942,True,83.33333333333334,5.481328039268366,True,50.0,36.38090865855138,25.047686155723376
2026-05-03,locked_test,0.1380566007768114,0.10828179278716255,0.12316919678198697,0.00914575159511818,0.029305033385753604,Spring,Low,Medium,Normal,54.803038561695494,100.0,True,0,0,583.3500000000022,-653.6159522997057,-846.9904277687373,-741.0288813908463,True,116.28823947626874,True,70.83333333333334,5.527107225989013,True,50.0,35.187405778478784,22.57527436834752
2026-05-04,locked_test,0.09027494567756848,0.11830881459727982,0.10429188013742414,0.008999962916836541,0.03423364832997319,Spring,Low,Medium,Normal,43.97142075585886,100.0,True,0,0,3201.596868829612,1868.2600451361125,1806.7250000000024,1960.8444832391792,True,120.14044728300382,True,77.08333333333334,5.14497964142524,True,50.0,36.10500791382399,20.25930180978729
2026-05-05,locked_test,0.16756304570784167,0.15178587004023328,0.15967445787403747,0.013481943644213358,0.04512976855039591,Spring,Low,High,Normal,68.35384981278597,100.0,True,0,0,2844.548830571189,2168.493812605649,1544.031515235955,2155.3513876523,True,112.2988390154764,True,81.25,6.618635862244872,True,50.0,43.43945674997427,26.657733628448085
2026-05-06,locked_test,0.12809365723902977,0.1313209198597083,0.12970728854936905,0.011028370880988327,0.027928575873374883,Spring,Low,Medium,Normal,18.211734536023435,100.0,True,0,0,4045.773743581611,3562.963813740892,2473.678511205205,2885.44509892311,True,118.20808836108564,True,93.75,6.0341248877878,True,50.0,36.75155404192116,25.272354243631927
2026-05-07,locked_test,0.20067714651425675,0.14603526514557544,0.1733562058299161,0.012208642250657912,0.030168958008289337,Spring,Medium,High,Normal,42.38235519986014,100.0,True,0,0,6231.901611613059,5303.128161908492,5145.067621439513,4466.884357124039,True,110.77171835870774,True,87.5,7.206089054961786,True,50.0,44.63707743750008,26.073990945029372
2026-05-08,locked_test,0.1339439914251367,0.13066172442192203,0.13230285792352936,0.010945757571259186,0.03366971015930176,Spring,Low,Medium,Normal,39.55582357862967,100.0,True,0,0,3295.198150695555,2026.0653351835836,1831.237720271729,1510.0996748031148,True,116.34006836406304,True,89.58333333333334,6.3929332750157455,True,50.0,40.953737707240435,25.090735476133055
2026-05-09,locked_test,0.17151494137942788,0.16475208188148824,0.16813351163045806,0.01179099944905223,0.039799600839614924,Spring,Low,High,Normal,35.9412211714444,100.0,True,0,0,7857.256615972611,6922.703512664572,6890.521502521731,4922.4412946775965,True,109.7139898402086,True,97.91666666666666,6.869669523700317,True,50.0,45.3903935783423,26.098963831146403
2026-05-10,locked_test,0.24060030095279214,0.14331463060079838,0.19195746577679526,0.011135357036437197,0.035875767469406156,Spring,Medium,High,Normal,81.5126437918907,100.0,True,0,0,11956.697728418409,8206.417122597984,10874.34437241409,4181.054098993232,True,108.7003810560088,True,56.25,7.112226057140499,True,50.0,45.21291104692397,26.66732688043667
2026-05-11,locked_test,0.22495009765649832,0.1509065826609609,0.1879283401587296,0.012529713562192533,0.037974081933498355,Spring,Medium,High,Normal,66.6615128526841,100.0,True,0,0,1235.918218340846,-2912.6328271318016,-3766.175361866622,-2168.963993677088,True,110.51548237453484,True,93.75,8.285226435371694,True,50.0,64.36855323067994,26.69250996593326
2026-05-12,locked_test,0.3200831649204095,0.1560579851990648,0.23807057505973714,0.016859489740606172,0.05164830386638647,Spring,Medium,High,High-ramp,43.394253247364404,100.0,True,0,0,6792.229189051704,5536.5768560140605,-1387.9311346112288,4802.966169086743,True,109.14104231689358,True,93.75,9.087485966603813,True,50.0,59.670529285849916,40.62780247659359
2026-05-13,locked_test,0.3164616230254372,0.16304118127300168,0.23975140214921942,0.014785400281349823,0.04096604138612747,Spring,Medium,High,High-ramp,28.050538776031196,100.0,True,0,0,3132.658922183969,2518.175301847128,1210.2019691217322,2388.268566083402,True,108.79063398625158,True,100.0,9.236466317478696,True,50.0,56.782517745721684,40.739124387327095
2026-05-14,locked_test,0.20504043251276013,0.15646171817964688,0.1807510753462035,0.01190500209728877,0.0400668028742075,Spring,Medium,High,Normal,49.402617083223916,100.0,True,0,0,2867.719492582067,228.13901831703103,683.5673139564867,840.577106246951,True,109.49806110674604,True,85.41666666666666,8.385370051068351,True,50.0,47.17998525478324,37.92787467178579
2026-05-15,locked_test,0.21428689764191702,0.17303827944124348,0.19366258854158025,0.013994462089613078,0.04812739044427877,Spring,Medium,High,High-ramp,49.63902015084536,100.0,True,0,0,698.3750000000056,193.28817322382747,-978.2827853611118,91.68998646840988,True,113.88510297956356,True,85.41666666666666,6.979412880917454,True,50.0,52.148924543579355,25.520335238162186
2026-05-16,locked_test,0.1075885875616222,0.1308487499796058,0.119218668770614,0.009513938806776421,0.027980495244264603,Spring,Low,Medium,Normal,32.111233373713766,100.0,True,0,0,444.73920937049417,-2140.0240321277856,-1914.4999999999927,-1735.3236174149963,True,118.43254772913794,True,93.75,6.001640180052156,True,50.0,47.68408843845856,21.414532162635112
2026-05-17,locked_test,0.23353830352425572,0.17035864739834017,0.20194847546129793,0.014289138683428368,0.03871867060661319,Spring,Medium,High,High-ramp,83.21668752602744,95.40371266228932,True,0,2,5147.728529088508,1520.0735106365112,2084.9487097380074,353.69056459767893,True,110.52581932967628,True,62.5,7.466502017468976,True,50.0,56.52220452487999,26.639821222297904
2026-05-18,locked_test,0.1417801138013601,0.13895166841636333,0.1403658911088617,0.011280215694569051,0.028531678020954132,Spring,Low,High,Normal,60.494507796897395,100.0,True,0,0,1297.688638221749,-79.35173710921526,-1954.349861303668,184.00261832248495,True,112.87685793804567,True,62.5,6.3985736003401215,True,50.0,44.159202170886815,24.358869352126582
2026-05-19,locked_test,0.47513339668512344,0.12040870693817847,0.297771051811651,0.012146847613621505,0.03708124160766607,Spring,High,Medium,Normal,42.47595846152143,100.0,True,0,0,4395.202831410206,1616.3473850276714,110.48365282186744,1356.7048701012009,True,101.54883294480742,True,100.0,8.834084139172328,True,50.0,41.509361937149016,47.38715421078149
2026-05-20,locked_test,0.42697887153675157,0.14629198799457296,0.28663542976566225,0.015545562996218606,0.04955399036407471,Spring,High,High,High-ramp,93.6665789725378,88.1672946500786,False,0,8,1005.6578166286636,-1045.575002250864,-1.7176605964924647,-952.7076711430112,True,104.1454994215067,True,52.083333333333336,9.234118250357106,True,50.0,39.6805687087392,58.8450856375952
2026-05-21,locked_test,0.2836915443961819,0.13623734781587396,0.2099644461060279,0.01267918576278741,0.04013895988464361,Spring,Medium,High,Normal,55.92393473766862,100.0,True,0,0,5443.8845329331725,4648.768189850938,1713.6306872748792,3584.75042543186,True,104.84820382437675,True,79.16666666666666,8.50242223813202,True,50.0,55.90586235435043,38.41317921438454
2026-05-22,locked_test,0.28758558320502436,0.20886310504283756,0.24822434412393093,0.018016101016352575,0.059390246868133545,Spring,Medium,High,High-ramp,41.11917634243669,100.0,True,0,0,4562.662899967399,3149.852908788908,2395.896656384191,2396.583011007361,True,105.97138308337613,True,91.66666666666666,8.09306244479148,True,50.0,43.48536234725801,40.15691506878916
2026-05-23,locked_test,0.18320198419193423,0.2020989722914237,0.19265047824167894,0.015095869245366584,0.054657533764839145,Spring,Low,High,High-ramp,29.91920397797404,100.0,True,0,0,2930.589725770132,1972.009403666292,1787.3164897687843,1511.434920902139,True,114.51743156147784,True,100.0,6.432604624073811,True,50.0,42.10955951321495,24.447626671021418
2026-05-24,locked_test,0.10554637014865871,0.2273562817852337,0.1664513259669462,0.015149626803273955,0.04540096968412394,Spring,Low,High,High-ramp,20.94321230289868,100.0,True,0,0,3920.879484957881,2459.122152528711,1764.3818959413195,1986.4426938460103,True,118.02712224301514,True,97.91666666666666,5.33022888312793,True,50.0,32.310941244820185,26.7274907239294
2026-05-25,locked_test,0.12822434632107613,0.229266661557934,0.17874550393950506,0.014371322108672762,0.044759511947631836,Spring,Low,High,High-ramp,26.884919901112696,100.0,True,0,0,4382.862669699154,3362.118126138681,3233.0412004512714,2878.2937183796485,True,116.66670663036724,True,91.66666666666666,5.69257260421553,True,50.0,31.747566633362837,27.850873770587512
2026-05-26,locked_test,0.09828716842457648,0.21005323336976287,0.15417020089716968,0.01384782104651095,0.04300816729664808,Spring,Low,High,High-ramp,33.15392151437698,100.0,True,0,0,2852.389957437284,1713.4460347461736,406.87515077978935,1363.903653404618,True,116.24751360461532,True,87.5,5.470612830340287,True,50.0,33.58088841349537,25.01452229257523
2026-05-27,locked_test,0.2168109814325968,0.2181131722863938,0.21746207685949528,0.013946273254987318,0.04035455733537674,Spring,Medium,High,High-ramp,19.137073699377414,100.0,True,0,0,3961.389202698529,1982.4997592890795,-311.53730146558587,1908.4359275781223,True,109.97906807800518,True,100.0,7.319569488804866,True,50.0,48.85266733727284,26.075623580955444
2026-05-28,locked_test,0.2329475334845483,0.1990651254900513,0.21600632948729978,0.01327433937300763,0.03893035650253293,Spring,Medium,High,Normal,75.06557200107065,100.0,True,0,0,11322.484942330011,9593.460280677433,8959.644441971845,8151.347692009025,True,107.59369900026908,True,52.083333333333336,7.677865462712631,True,50.0,50.67238019798826,27.363601419608038
2026-05-29,locked_test,0.3065496335426966,0.1644814134083958,0.2355155234755462,0.016040542769436193,0.04070562124252319,Spring,Medium,High,High-ramp,47.33573236378497,100.0,True,0,0,4197.539552156499,3519.477125519934,2896.3142952030635,3098.82819198444,True,109.35994977482136,True,100.0,9.846255556990739,True,50.0,63.544492159018034,44.658578742908304
2026-05-30,locked_test,0.11709526367485519,0.21481084726534994,0.16595305547010258,0.014315838803668155,0.036719880998134585,Spring,Low,High,High-ramp,28.806836483182174,100.0,True,0,0,1085.2604398129624,626.5740984134372,62.64027009258507,600.8310713245608,True,115.36792103540364,True,100.0,5.888517272310316,True,50.0,41.3905661865425,23.765161060672778
2026-05-31,locked_test,0.22889810521155593,0.17017592029878867,0.1995370127551723,0.014055228171249228,0.04273933731019497,Spring,Medium,High,High-ramp,52.402031441482066,100.0,True,0,0,2442.385639826898,2005.5644787930669,2254.117885246338,1477.877665613018,True,112.4844463354059,True,97.91666666666666,8.008043817235102,True,50.0,73.20899875451626,21.571289650750803
2026-06-01,locked_test,0.2563518586878975,0.11804077308564348,0.18719631588677046,0.013173178729630308,0.03778460621833801,Summer,Medium,Medium,Normal,65.76291247553404,100.0,True,0,0,2828.338826008445,2457.143848090045,2309.2070375563817,2111.716069890404,True,109.35410568452066,True,100.0,9.026271936546646,True,50.0,74.49520772056137,36.757457315601926
2026-06-02,locked_test,0.18064225014920032,0.1583493142370571,0.1694957821931287,0.012554593701679545,0.03586753830313688,Summer,Low,High,Normal,44.880277091454076,100.0,True,0,0,2851.4146087304885,1078.5774191550918,119.88716147116249,1238.7946464256654,True,111.83375590136002,True,85.41666666666666,6.926042447501687,True,50.0,56.75130898641431,21.04210726001331
2026-06-03,locked_test,0.4258425133302808,0.12210607549225944,0.27397429441127014,0.015888603225448605,0.04450345039367676,Summer,High,Medium,High-ramp,56.793860974119326,100.0,True,0,0,8354.028998101696,5546.9841586982,6066.569508113714,5309.592898685641,True,103.27265236394352,True,75.0,9.036022622326763,True,50.0,43.9501021883716,56.15802199647235
2026-06-04,locked_test,0.5080337704469761,0.16045346449209316,0.3342436174695346,0.013332535169259545,0.05471074581146246,Summer,High,High,Normal,30.99845994433187,100.0,True,0,0,14037.564748215633,10036.099106685877,8872.293236937683,7112.299571805094,True,99.6915023665118,True,97.91666666666666,7.786385065580814,True,50.0,35.85903036184539,42.494804967897906
2026-06-05,locked_test,0.29014284551764524,0.17662739988918472,0.23338512270341497,0.012966138543561101,0.0331541746854781,Summer,Medium,High,Normal,46.04754456230822,100.0,True,0,0,4069.672947699729,650.3704697829319,516.4942505125637,1181.933067034383,True,108.2340196374006,True,95.83333333333334,9.301362464593161,True,50.0,55.21404231032556,37.01798177073873
2026-06-06,locked_test,0.387686410608391,0.11418359853390331,0.25093500457114715,0.014351878703261418,0.05685389041900635,Summer,High,Medium,High-ramp,124.9827274664404,68.97470139892498,False,0,14,10455.279179337373,5110.169221516034,-881.4051729648427,3253.3334459623384,True,104.35957656588702,True,27.083333333333332,7.982202785684575,True,50.0,38.934679100685365,51.282986738530155
2026-06-07,locked_test,0.440663855522871,0.15572664449185442,0.29819525000736274,0.017278373027996476,0.05004228278994566,Summer,High,High,High-ramp,61.84105668957206,100.0,True,0,0,15666.23163571844,10283.990882724467,11468.32741852218,7422.623962734161,True,101.136475015492,True,70.83333333333334,8.305688475470527,True,50.0,41.680082179329844,50.15271708149665
2026-06-08,locked_test,0.2741287322714924,0.14749300616570807,0.21081086921860026,0.012883367184106946,0.051721096038818415,Summer,Medium,High,Normal,49.266270265688576,100.0,True,0,0,1827.1820968273776,594.8654173865423,219.032884497296,798.8259828737802,True,107.38782851614114,True,89.58333333333334,8.965848632863276,True,50.0,62.3073493972842,35.86717610520934
2026-06-09,locked_test,0.3195018529271086,0.1976231377229851,0.2585624953250468,0.01650818526953419,0.044049121439456884,Summer,Medium,High,High-ramp,60.841867057822355,100.0,True,0,0,5315.421279472372,4846.226223812422,3057.340622388665,4267.42932964233,True,104.28057245296152,True,77.08333333333334,9.318941740086002,True,50.0,56.2940787891024,43.49607975845386
2026-06-10,locked_test,0.1985413286214073,0.1722279040125916,0.18538461631699946,0.012817312569192532,0.03536371141672137,Summer,Low,High,Normal,35.49070938266315,100.0,True,0,0,4393.534373351504,3773.934713846324,2573.811778230065,3151.0557333395154,True,111.21989195139258,True,100.0,7.083284673376563,True,50.0,49.186829227127795,25.185373825317008
2026-06-11,locked_test,0.36814560027172166,0.05502501879770228,0.21158530953471197,0.007561398087091209,0.02360311709344383,Summer,High,Medium,Normal,69.00594878596223,100.0,True,0,0,1453.4632221327818,562.6810175917508,751.6880303509737,518.5948224160454,True,106.79689781208022,True,77.08333333333334,10.764499128912334,True,50.0,39.528480456594586,68.54770675723915
2026-06-12,locked_test,0.571913892403245,0.13614572301169872,0.3540298077074719,0.016262161767069,0.04621217027306557,Summer,High,High,High-ramp,41.54669209611727,100.0,True,0,0,13812.990821104491,7107.227182278017,558.9693214813476,5704.823990670493,True,98.96580898020056,True,56.25,8.17207333336036,True,50.0,24.46268635759914,51.810527531804624
2026-06-13,locked_test,0.4846591955671708,0.20071550562892068,0.3426873505980457,0.01635419704876995,0.07342145591974258,Summer,High,High,High-ramp,37.54717358879277,100.0,True,0,0,14192.849572469944,9577.601431856903,5512.321822756093,6357.951026749188,True,99.27305220778952,True,97.91666666666666,8.530639667042111,True,50.0,26.142605830664433,57.15570395959727
2026-06-14,locked_test,0.1547614615410566,0.1760808585337751,0.16542116003741583,0.01118260653068622,0.036238845437765094,Summer,Low,High,Normal,26.315030652884072,100.0,True,0,0,9919.529471855843,-1078.1346385625625,-1987.4580365375416,-283.5176003593965,True,115.00991697816056,True,100.0,6.352065446355238,True,50.0,38.84680710002675,25.151403419167934
2026-06-15,locked_test,0.15080781203384197,0.18112945484244847,0.16596863343814522,0.012223607493979216,0.03631386905908596,Summer,Low,High,Normal,57.32217097903542,100.0,True,0,0,2404.269401516753,-3.456535513894892,-383.588079239762,-102.05003494790792,True,114.02300435336645,True,68.75,5.823053716504965,True,50.0,36.78702669599694,24.554222787882452
2026-06-16,locked_test,0.14569097183023885,0.13171708274618746,0.13870402728821316,0.010160900997107094,0.03316306695342061,Summer,Low,Medium,Normal,27.822803616362098,100.0,True,0,0,5099.8864180673645,3942.62541608897,1781.0689065695526,3234.1688012850886,True,115.57487259887586,True,93.75,6.873198439956364,True,50.0,55.382007752241115,25.98719579284917
2026-06-17,locked_test,0.2937938226386904,0.13661620619897497,0.2152050144188327,0.01348883944933732,0.04247260093688965,Summer,Medium,High,Normal,77.4290749248602,100.0,True,0,0,3759.041246582589,2757.668639864143,1519.8088320714028,2204.1086401684224,True,107.82965165042005,True,64.58333333333334,9.0407903047404,True,50.0,54.009441771580356,46.58506331138848
2026-06-18,locked_test,0.26173903668920195,0.15072576050624772,0.20623239859772483,0.01701249392499449,0.054416552186012324,Summer,Medium,High,High-ramp,70.48561441658026,100.0,True,0,0,2143.4920556243123,1400.3600563904383,345.14078961521454,1224.2933973537938,True,110.91975614085392,True,83.33333333333334,8.429743481262337,True,50.0,59.656729769589056,41.46206027117685
2026-06-19,locked_test,0.34734004084020853,0.17715182496385748,0.26224593290203296,0.018063775212037097,0.042145922780036926,Summer,Medium,High,High-ramp,68.67665239152794,100.0,True,0,0,4874.660281690665,3527.3003836039425,2415.8766514580784,2623.515218927345,True,104.43246946589711,True,72.91666666666666,8.730184300016132,True,50.0,36.01870075110902,52.1659767068616
2026-06-20,locked_test,0.17840217255676782,0.18747725047129882,0.18293971151403332,0.012799662749785062,0.0364341214299202,Summer,Low,High,Normal,117.15050432569399,64.78389852513469,False,0,19,2965.2914034470914,1132.5691419066206,-364.3469114549392,1219.07740853511,True,113.27426129102128,True,18.75,6.708876522388949,True,50.0,37.437005926378795,27.282614731167428
2026-06-21,locked_test,0.10043141245841976,0.19914057401031945,0.1497859932343696,0.012099110031461654,0.02917088940739629,Summer,Low,High,Normal,34.822652708059735,100.0,True,0,0,2749.2006977387778,1842.1282066207568,-751.1402265977986,1484.6542072658883,True,116.51042606669114,True,93.75,5.935160154852767,True,50.0,37.081525065148206,24.765596851839874
2026-06-22,locked_test,0.14651306827242172,0.2073733110168329,0.1769431896446273,0.01441382701409566,0.03679663687944415,Summer,Low,High,High-ramp,37.24427509111305,100.0,True,0,0,6754.993404869751,5501.37591795003,4377.189322616598,4871.264675167042,True,114.9154354437358,True,93.75,6.066907576475148,True,50.0,35.168806664792626,25.621623638896747
2026-06-23,locked_test,0.12935061147436497,0.21677559379956313,0.17306310263696403,0.01406080769083929,0.035740096122026443,Summer,Low,High,High-ramp,35.77219472440338,100.0,True,0,0,35362.95251824295,31992.7425766386,33092.94890875086,28196.93309020429,True,116.57759008581888,True,87.5,5.667668045904023,True,50.0,35.303259847703515,24.661279066263255
2026-06-25,locked_test,0.21133946487680075,0.23012800822228505,0.22073373654954287,0.017100492026656866,0.04467172920703888,Summer,Medium,High,High-ramp,40.12714373305509,100.0,True,0,0,2633.2208102777586,1187.7071596473525,57.10765475581525,1001.6890915974705,True,109.4641495547801,True,93.75,6.959293808077284,True,50.0,51.48508492914443,26.395423182046283
2026-06-26,locked_test,0.18573502932364738,0.2109960871639487,0.198365558243798,0.017885682755149897,0.05386120080947873,Summer,Low,High,High-ramp,82.28804749116001,100.0,True,0,0,6886.186381872114,4986.602729395599,5657.181890285257,4612.727426137788,True,113.87395636424236,True,47.91666666666667,6.393326613289141,True,50.0,38.502599565044676,25.270850047476795
2026-06-27,locked_test,0.3395324669157465,0.187258825261883,0.26339564608881477,0.018514265647856593,0.06234068423509609,Summer,Medium,High,High-ramp,54.86141726191885,100.0,True,0,0,8929.592322370028,7437.623094933213,7951.568553968435,5730.777659863996,True,104.17757265663602,True,100.0,9.43384884180873,True,50.0,36.95857749250351,65.58547830968556
2026-06-28,locked_test,0.4066964779049158,0.2004494967893606,0.30357298734713817,0.015846065895857468,0.058007486164569855,Summer,High,High,High-ramp,66.70292065544183,100.0,True,0,0,21583.217617093705,17729.00034674081,17508.97073622094,12528.379772109198,True,101.24586431845816,True,50.0,8.87314338160443,True,50.0,18.60040142572194,72.92964071145896
2026-06-29,locked_test,0.22705873458956674,0.19454492463895193,0.21080182961425933,0.013780354677389063,0.045192308723926544,Summer,Medium,High,High-ramp,65.74156731949472,100.0,True,0,0,5590.360027981159,4592.481901637695,3555.269496677973,4069.56893766046,True,112.5819708274707,True,77.08333333333334,7.0507737431991115,True,50.0,49.56079780857392,25.404471390366883
2026-06-30,locked_test,0.15134963206946847,0.1561055459217944,0.15372758899563144,0.014535321876489133,0.05050585418939596,Summer,Low,High,High-ramp,70.33245179068223,100.0,True,0,0,4216.765156012008,3785.423588582304,2819.308563316711,3254.375881153035,True,117.7535459916728,True,68.75,6.122950981809946,True,50.0,51.696804160118766,26.486659016095956
